solid OpenSCAD_Model
  facet normal -0.957245 0.289277 0
    outer loop
      vertex 64.6658 -17.3123 0
      vertex 64.6768 -17.2759 2.8
      vertex 64.6768 -17.2759 0
    endloop
  endfacet
  facet normal -0.957245 0.289277 0
    outer loop
      vertex 64.6768 -17.2759 2.8
      vertex 64.6658 -17.3123 0
      vertex 64.6658 -17.3123 2.8
    endloop
  endfacet
  facet normal -0.972373 0.233432 0
    outer loop
      vertex 64.6768 -17.2759 0
      vertex 65.4705 -13.9697 2.8
      vertex 65.4705 -13.9697 0
    endloop
  endfacet
  facet normal -0.972373 0.233432 0
    outer loop
      vertex 65.4705 -13.9697 2.8
      vertex 64.6768 -17.2759 0
      vertex 64.6768 -17.2759 2.8
    endloop
  endfacet
  facet normal -0.978081 0.208224 0
    outer loop
      vertex 65.4705 -13.9697 0
      vertex 65.4923 -13.8673 2.8
      vertex 65.4923 -13.8673 0
    endloop
  endfacet
  facet normal -0.978081 0.208224 0
    outer loop
      vertex 65.4923 -13.8673 2.8
      vertex 65.4705 -13.9697 0
      vertex 65.4705 -13.9697 2.8
    endloop
  endfacet
  facet normal -0.983256 0.182228 0
    outer loop
      vertex 65.4923 -13.8673 0
      vertex 66.1119 -10.5241 2.8
      vertex 66.1119 -10.5241 0
    endloop
  endfacet
  facet normal -0.983256 0.182228 0
    outer loop
      vertex 66.1119 -10.5241 2.8
      vertex 65.4923 -13.8673 0
      vertex 65.4923 -13.8673 2.8
    endloop
  endfacet
  facet normal -0.987654 0.156649 0
    outer loop
      vertex 66.1119 -10.5241 0
      vertex 66.1283 -10.4207 2.8
      vertex 66.1283 -10.4207 0
    endloop
  endfacet
  facet normal -0.987654 0.156649 0
    outer loop
      vertex 66.1283 -10.4207 2.8
      vertex 66.1119 -10.5241 0
      vertex 66.1119 -10.5241 2.8
    endloop
  endfacet
  facet normal -0.991445 0.130524 0
    outer loop
      vertex 66.1283 -10.4207 0
      vertex 66.5721 -7.04964 2.8
      vertex 66.5721 -7.04964 0
    endloop
  endfacet
  facet normal -0.991445 0.130524 0
    outer loop
      vertex 66.5721 -7.04964 2.8
      vertex 66.1283 -10.4207 0
      vertex 66.1283 -10.4207 2.8
    endloop
  endfacet
  facet normal -0.994467 0.105053 0
    outer loop
      vertex 66.5721 -7.04964 0
      vertex 66.5831 -6.94551 2.8
      vertex 66.5831 -6.94551 0
    endloop
  endfacet
  facet normal -0.994467 0.105053 0
    outer loop
      vertex 66.5831 -6.94551 2.8
      vertex 66.5721 -7.04964 0
      vertex 66.5721 -7.04964 2.8
    endloop
  endfacet
  facet normal -0.996919 0.0784387 0
    outer loop
      vertex 66.5831 -6.94551 0
      vertex 66.8498 -3.55588 2.8
      vertex 66.8498 -3.55588 0
    endloop
  endfacet
  facet normal -0.996919 0.0784387 0
    outer loop
      vertex 66.8498 -3.55588 2.8
      vertex 66.5831 -6.94551 0
      vertex 66.5831 -6.94551 2.8
    endloop
  endfacet
  facet normal -0.99862 0.0525237 0
    outer loop
      vertex 66.8498 -3.55588 0
      vertex 66.8553 -3.45131 2.8
      vertex 66.8553 -3.45131 0
    endloop
  endfacet
  facet normal -0.99862 0.0525237 0
    outer loop
      vertex 66.8553 -3.45131 2.8
      vertex 66.8498 -3.55588 0
      vertex 66.8498 -3.55588 2.8
    endloop
  endfacet
  facet normal -0.999657 0.0261755 0
    outer loop
      vertex 66.8553 -3.45131 0
      vertex 66.9443 -0.0523529 2.8
      vertex 66.9443 -0.0523529 0
    endloop
  endfacet
  facet normal -0.999657 0.0261755 0
    outer loop
      vertex 66.9443 -0.0523529 2.8
      vertex 66.8553 -3.45131 0
      vertex 66.8553 -3.45131 2.8
    endloop
  endfacet
  facet normal -1 0 0
    outer loop
      vertex 66.9443 -0.0523529 0
      vertex 66.9443 0.0523529 2.8
      vertex 66.9443 0.0523529 0
    endloop
  endfacet
  facet normal -1 -0 0
    outer loop
      vertex 66.9443 0.0523529 2.8
      vertex 66.9443 -0.0523529 0
      vertex 66.9443 -0.0523529 2.8
    endloop
  endfacet
  facet normal -0.999657 -0.0261755 0
    outer loop
      vertex 66.9443 0.0523529 0
      vertex 66.8553 3.45131 2.8
      vertex 66.8553 3.45131 0
    endloop
  endfacet
  facet normal -0.999657 -0.0261755 0
    outer loop
      vertex 66.8553 3.45131 2.8
      vertex 66.9443 0.0523529 0
      vertex 66.9443 0.0523529 2.8
    endloop
  endfacet
  facet normal -0.99862 -0.0525237 0
    outer loop
      vertex 66.8553 3.45131 0
      vertex 66.8498 3.55588 2.8
      vertex 66.8498 3.55588 0
    endloop
  endfacet
  facet normal -0.99862 -0.0525237 0
    outer loop
      vertex 66.8498 3.55588 2.8
      vertex 66.8553 3.45131 0
      vertex 66.8553 3.45131 2.8
    endloop
  endfacet
  facet normal -0.996919 -0.0784387 0
    outer loop
      vertex 66.8498 3.55588 0
      vertex 66.5831 6.94551 2.8
      vertex 66.5831 6.94551 0
    endloop
  endfacet
  facet normal -0.996919 -0.0784387 0
    outer loop
      vertex 66.5831 6.94551 2.8
      vertex 66.8498 3.55588 0
      vertex 66.8498 3.55588 2.8
    endloop
  endfacet
  facet normal -0.994467 -0.105053 0
    outer loop
      vertex 66.5831 6.94551 0
      vertex 66.5721 7.04964 2.8
      vertex 66.5721 7.04964 0
    endloop
  endfacet
  facet normal -0.994467 -0.105053 0
    outer loop
      vertex 66.5721 7.04964 2.8
      vertex 66.5831 6.94551 0
      vertex 66.5831 6.94551 2.8
    endloop
  endfacet
  facet normal -0.991445 -0.130524 0
    outer loop
      vertex 66.5721 7.04964 0
      vertex 66.1283 10.4207 2.8
      vertex 66.1283 10.4207 0
    endloop
  endfacet
  facet normal -0.991445 -0.130524 0
    outer loop
      vertex 66.1283 10.4207 2.8
      vertex 66.5721 7.04964 0
      vertex 66.5721 7.04964 2.8
    endloop
  endfacet
  facet normal -0.987654 -0.156649 0
    outer loop
      vertex 66.1283 10.4207 0
      vertex 66.1119 10.5241 2.8
      vertex 66.1119 10.5241 0
    endloop
  endfacet
  facet normal -0.987654 -0.156649 0
    outer loop
      vertex 66.1119 10.5241 2.8
      vertex 66.1283 10.4207 0
      vertex 66.1283 10.4207 2.8
    endloop
  endfacet
  facet normal -0.983256 -0.182228 0
    outer loop
      vertex 66.1119 10.5241 0
      vertex 65.4923 13.8673 2.8
      vertex 65.4923 13.8673 0
    endloop
  endfacet
  facet normal -0.983256 -0.182228 0
    outer loop
      vertex 65.4923 13.8673 2.8
      vertex 66.1119 10.5241 0
      vertex 66.1119 10.5241 2.8
    endloop
  endfacet
  facet normal -0.978081 -0.208224 0
    outer loop
      vertex 65.4923 13.8673 0
      vertex 65.4705 13.9697 2.8
      vertex 65.4705 13.9697 0
    endloop
  endfacet
  facet normal -0.978081 -0.208224 0
    outer loop
      vertex 65.4705 13.9697 2.8
      vertex 65.4923 13.8673 0
      vertex 65.4923 13.8673 2.8
    endloop
  endfacet
  facet normal -0.972379 -0.233406 0
    outer loop
      vertex 65.4705 13.9697 0
      vertex 65.0953 15.5328 2.8
      vertex 65.0953 15.5328 0
    endloop
  endfacet
  facet normal -0.972379 -0.233406 0
    outer loop
      vertex 65.0953 15.5328 2.8
      vertex 65.4705 13.9697 0
      vertex 65.4705 13.9697 2.8
    endloop
  endfacet
  facet normal -0.958829 -0.283985 0
    outer loop
      vertex 64.1405 19.0958 0
      vertex 63.684 20.6371 2.8
      vertex 63.684 20.6371 0
    endloop
  endfacet
  facet normal -0.958829 -0.283985 0
    outer loop
      vertex 63.684 20.6371 2.8
      vertex 64.1405 19.0958 0
      vertex 64.1405 19.0958 2.8
    endloop
  endfacet
  facet normal -0.95095 -0.309345 0
    outer loop
      vertex 63.684 20.6371 0
      vertex 63.6516 20.7367 2.8
      vertex 63.6516 20.7367 0
    endloop
  endfacet
  facet normal -0.95095 -0.309345 0
    outer loop
      vertex 63.6516 20.7367 2.8
      vertex 63.684 20.6371 0
      vertex 63.684 20.6371 2.8
    endloop
  endfacet
  facet normal -0.942649 -0.333785 0
    outer loop
      vertex 63.6516 20.7367 0
      vertex 62.5167 23.9418 2.8
      vertex 62.5167 23.9418 0
    endloop
  endfacet
  facet normal -0.942649 -0.333785 0
    outer loop
      vertex 62.5167 23.9418 2.8
      vertex 63.6516 20.7367 0
      vertex 63.6516 20.7367 2.8
    endloop
  endfacet
  facet normal -0.933395 -0.358851 0
    outer loop
      vertex 62.5167 23.9418 0
      vertex 62.4791 24.0396 2.8
      vertex 62.4791 24.0396 0
    endloop
  endfacet
  facet normal -0.933395 -0.358851 0
    outer loop
      vertex 62.4791 24.0396 2.8
      vertex 62.5167 23.9418 0
      vertex 62.5167 23.9418 2.8
    endloop
  endfacet
  facet normal -0.923887 -0.382666 0
    outer loop
      vertex 62.4791 24.0396 0
      vertex 61.178 27.1809 2.8
      vertex 61.178 27.1809 0
    endloop
  endfacet
  facet normal -0.923887 -0.382666 0
    outer loop
      vertex 61.178 27.1809 2.8
      vertex 62.4791 24.0396 0
      vertex 62.4791 24.0396 2.8
    endloop
  endfacet
  facet normal -0.913417 -0.407025 0
    outer loop
      vertex 61.178 27.1809 0
      vertex 61.1354 27.2765 2.8
      vertex 61.1354 27.2765 0
    endloop
  endfacet
  facet normal -0.913417 -0.407025 0
    outer loop
      vertex 61.1354 27.2765 2.8
      vertex 61.178 27.1809 0
      vertex 61.178 27.1809 2.8
    endloop
  endfacet
  facet normal -0.902584 -0.430513 0
    outer loop
      vertex 61.1354 27.2765 0
      vertex 59.6716 30.3454 2.8
      vertex 59.6716 30.3454 0
    endloop
  endfacet
  facet normal -0.902584 -0.430513 0
    outer loop
      vertex 59.6716 30.3454 2.8
      vertex 61.1354 27.2765 0
      vertex 61.1354 27.2765 2.8
    endloop
  endfacet
  facet normal -0.89077 -0.454455 0
    outer loop
      vertex 59.6716 30.3454 0
      vertex 59.624 30.4387 2.8
      vertex 59.624 30.4387 0
    endloop
  endfacet
  facet normal -0.89077 -0.454455 0
    outer loop
      vertex 59.624 30.4387 2.8
      vertex 59.6716 30.3454 0
      vertex 59.6716 30.3454 2.8
    endloop
  endfacet
  facet normal -0.878818 -0.477157 0
    outer loop
      vertex 59.624 30.4387 0
      vertex 58.0016 33.4268 2.8
      vertex 58.0016 33.4268 0
    endloop
  endfacet
  facet normal -0.878818 -0.477157 0
    outer loop
      vertex 58.0016 33.4268 2.8
      vertex 59.624 30.4387 0
      vertex 59.624 30.4387 2.8
    endloop
  endfacet
  facet normal -0.866297 -0.49953 0
    outer loop
      vertex 58.0016 33.4268 0
      vertex 57.9493 33.5175 2.8
      vertex 57.9493 33.5175 0
    endloop
  endfacet
  facet normal -0.866297 -0.49953 0
    outer loop
      vertex 57.9493 33.5175 2.8
      vertex 58.0016 33.4268 0
      vertex 58.0016 33.4268 2.8
    endloop
  endfacet
  facet normal -0.852636 -0.522505 0
    outer loop
      vertex 57.9493 33.5175 0
      vertex 56.1727 36.4166 2.8
      vertex 56.1727 36.4166 0
    endloop
  endfacet
  facet normal -0.852636 -0.522505 0
    outer loop
      vertex 56.1727 36.4166 2.8
      vertex 57.9493 33.5175 0
      vertex 57.9493 33.5175 2.8
    endloop
  endfacet
  facet normal -0.838749 -0.544518 0
    outer loop
      vertex 56.1727 36.4166 0
      vertex 56.1157 36.5044 2.8
      vertex 56.1157 36.5044 0
    endloop
  endfacet
  facet normal -0.838749 -0.544518 0
    outer loop
      vertex 56.1157 36.5044 2.8
      vertex 56.1727 36.4166 0
      vertex 56.1727 36.4166 2.8
    endloop
  endfacet
  facet normal -0.82413 -0.5664 0
    outer loop
      vertex 56.1157 36.5044 0
      vertex 54.1899 39.3065 2.8
      vertex 54.1899 39.3065 0
    endloop
  endfacet
  facet normal -0.82413 -0.5664 0
    outer loop
      vertex 54.1899 39.3065 2.8
      vertex 56.1157 36.5044 0
      vertex 56.1157 36.5044 2.8
    endloop
  endfacet
  facet normal -0.808736 -0.588172 0
    outer loop
      vertex 54.1899 39.3065 0
      vertex 54.1283 39.3912 2.8
      vertex 54.1283 39.3912 0
    endloop
  endfacet
  facet normal -0.808736 -0.588172 0
    outer loop
      vertex 54.1283 39.3912 2.8
      vertex 54.1899 39.3065 0
      vertex 54.1899 39.3065 2.8
    endloop
  endfacet
  facet normal -0.793363 -0.608749 0
    outer loop
      vertex 54.1283 39.3912 0
      vertex 52.0585 42.0887 2.8
      vertex 52.0585 42.0887 0
    endloop
  endfacet
  facet normal -0.793363 -0.608749 0
    outer loop
      vertex 52.0585 42.0887 2.8
      vertex 54.1283 39.3912 0
      vertex 54.1283 39.3912 2.8
    endloop
  endfacet
  facet normal -0.777223 -0.629226 0
    outer loop
      vertex 52.0585 42.0887 0
      vertex 51.9926 42.1701 2.8
      vertex 51.9926 42.1701 0
    endloop
  endfacet
  facet normal -0.777223 -0.629226 0
    outer loop
      vertex 51.9926 42.1701 2.8
      vertex 52.0585 42.0887 0
      vertex 52.0585 42.0887 2.8
    endloop
  endfacet
  facet normal -0.760395 -0.649461 0
    outer loop
      vertex 51.9926 42.1701 0
      vertex 49.7843 44.7556 2.8
      vertex 49.7843 44.7556 0
    endloop
  endfacet
  facet normal -0.760395 -0.649461 0
    outer loop
      vertex 49.7843 44.7556 2.8
      vertex 51.9926 42.1701 0
      vertex 51.9926 42.1701 2.8
    endloop
  endfacet
  facet normal -0.743389 -0.668859 0
    outer loop
      vertex 49.7843 44.7556 0
      vertex 49.7143 44.8334 2.8
      vertex 49.7143 44.8334 0
    endloop
  endfacet
  facet normal -0.743389 -0.668859 0
    outer loop
      vertex 49.7143 44.8334 2.8
      vertex 49.7843 44.7556 0
      vertex 49.7843 44.7556 2.8
    endloop
  endfacet
  facet normal -0.725364 -0.688365 0
    outer loop
      vertex 49.7143 44.8334 0
      vertex 47.3738 47.2997 2.8
      vertex 47.3738 47.2997 0
    endloop
  endfacet
  facet normal -0.725364 -0.688365 0
    outer loop
      vertex 47.3738 47.2997 2.8
      vertex 49.7143 44.8334 0
      vertex 49.7143 44.8334 2.8
    endloop
  endfacet
  facet normal -0.695022 -0.718988 0
    outer loop
      vertex 47.3258 47.3461 0
      vertex 47.3738 47.2997 2.8
      vertex 47.3258 47.3461 2.8
    endloop
  endfacet
  facet normal -0.695022 -0.718988 -0
    outer loop
      vertex 47.3738 47.2997 2.8
      vertex 47.3258 47.3461 0
      vertex 47.3738 47.2997 0
    endloop
  endfacet
  facet normal -0.727814 -0.685774 0
    outer loop
      vertex 47.3258 47.3461 0
      vertex 47.2997 47.3738 2.8
      vertex 47.2997 47.3738 0
    endloop
  endfacet
  facet normal -0.727814 -0.685774 0
    outer loop
      vertex 47.2997 47.3738 2.8
      vertex 47.3258 47.3461 0
      vertex 47.3258 47.3461 2.8
    endloop
  endfacet
  facet normal -0.688365 -0.725364 0
    outer loop
      vertex 44.8334 49.7143 0
      vertex 47.2997 47.3738 2.8
      vertex 44.8334 49.7143 2.8
    endloop
  endfacet
  facet normal -0.688365 -0.725364 -0
    outer loop
      vertex 47.2997 47.3738 2.8
      vertex 44.8334 49.7143 0
      vertex 47.2997 47.3738 0
    endloop
  endfacet
  facet normal -0.668859 -0.743389 0
    outer loop
      vertex 44.7556 49.7843 0
      vertex 44.8334 49.7143 2.8
      vertex 44.7556 49.7843 2.8
    endloop
  endfacet
  facet normal -0.668859 -0.743389 -0
    outer loop
      vertex 44.8334 49.7143 2.8
      vertex 44.7556 49.7843 0
      vertex 44.8334 49.7143 0
    endloop
  endfacet
  facet normal -0.649461 -0.760395 0
    outer loop
      vertex 42.1701 51.9926 0
      vertex 44.7556 49.7843 2.8
      vertex 42.1701 51.9926 2.8
    endloop
  endfacet
  facet normal -0.649461 -0.760395 -0
    outer loop
      vertex 44.7556 49.7843 2.8
      vertex 42.1701 51.9926 0
      vertex 44.7556 49.7843 0
    endloop
  endfacet
  facet normal -0.629226 -0.777223 0
    outer loop
      vertex 42.0887 52.0585 0
      vertex 42.1701 51.9926 2.8
      vertex 42.0887 52.0585 2.8
    endloop
  endfacet
  facet normal -0.629226 -0.777223 -0
    outer loop
      vertex 42.1701 51.9926 2.8
      vertex 42.0887 52.0585 0
      vertex 42.1701 51.9926 0
    endloop
  endfacet
  facet normal -0.608749 -0.793363 0
    outer loop
      vertex 39.3912 54.1283 0
      vertex 42.0887 52.0585 2.8
      vertex 39.3912 54.1283 2.8
    endloop
  endfacet
  facet normal -0.608749 -0.793363 -0
    outer loop
      vertex 42.0887 52.0585 2.8
      vertex 39.3912 54.1283 0
      vertex 42.0887 52.0585 0
    endloop
  endfacet
  facet normal -0.588172 -0.808736 0
    outer loop
      vertex 39.3065 54.1899 0
      vertex 39.3912 54.1283 2.8
      vertex 39.3065 54.1899 2.8
    endloop
  endfacet
  facet normal -0.588172 -0.808736 -0
    outer loop
      vertex 39.3912 54.1283 2.8
      vertex 39.3065 54.1899 0
      vertex 39.3912 54.1283 0
    endloop
  endfacet
  facet normal -0.5664 -0.82413 0
    outer loop
      vertex 36.5044 56.1157 0
      vertex 39.3065 54.1899 2.8
      vertex 36.5044 56.1157 2.8
    endloop
  endfacet
  facet normal -0.5664 -0.82413 -0
    outer loop
      vertex 39.3065 54.1899 2.8
      vertex 36.5044 56.1157 0
      vertex 39.3065 54.1899 0
    endloop
  endfacet
  facet normal -0.544518 -0.838749 0
    outer loop
      vertex 36.4166 56.1727 0
      vertex 36.5044 56.1157 2.8
      vertex 36.4166 56.1727 2.8
    endloop
  endfacet
  facet normal -0.544518 -0.838749 -0
    outer loop
      vertex 36.5044 56.1157 2.8
      vertex 36.4166 56.1727 0
      vertex 36.5044 56.1157 0
    endloop
  endfacet
  facet normal -0.522505 -0.852636 0
    outer loop
      vertex 33.5175 57.9493 0
      vertex 36.4166 56.1727 2.8
      vertex 33.5175 57.9493 2.8
    endloop
  endfacet
  facet normal -0.522505 -0.852636 -0
    outer loop
      vertex 36.4166 56.1727 2.8
      vertex 33.5175 57.9493 0
      vertex 36.4166 56.1727 0
    endloop
  endfacet
  facet normal -0.49953 -0.866297 0
    outer loop
      vertex 33.4268 58.0016 0
      vertex 33.5175 57.9493 2.8
      vertex 33.4268 58.0016 2.8
    endloop
  endfacet
  facet normal -0.49953 -0.866297 -0
    outer loop
      vertex 33.5175 57.9493 2.8
      vertex 33.4268 58.0016 0
      vertex 33.5175 57.9493 0
    endloop
  endfacet
  facet normal -0.477157 -0.878818 0
    outer loop
      vertex 30.4387 59.624 0
      vertex 33.4268 58.0016 2.8
      vertex 30.4387 59.624 2.8
    endloop
  endfacet
  facet normal -0.477157 -0.878818 -0
    outer loop
      vertex 33.4268 58.0016 2.8
      vertex 30.4387 59.624 0
      vertex 33.4268 58.0016 0
    endloop
  endfacet
  facet normal -0.454455 -0.89077 0
    outer loop
      vertex 30.3454 59.6716 0
      vertex 30.4387 59.624 2.8
      vertex 30.3454 59.6716 2.8
    endloop
  endfacet
  facet normal -0.454455 -0.89077 -0
    outer loop
      vertex 30.4387 59.624 2.8
      vertex 30.3454 59.6716 0
      vertex 30.4387 59.624 0
    endloop
  endfacet
  facet normal -0.430513 -0.902584 0
    outer loop
      vertex 27.2765 61.1354 0
      vertex 30.3454 59.6716 2.8
      vertex 27.2765 61.1354 2.8
    endloop
  endfacet
  facet normal -0.430513 -0.902584 -0
    outer loop
      vertex 30.3454 59.6716 2.8
      vertex 27.2765 61.1354 0
      vertex 30.3454 59.6716 0
    endloop
  endfacet
  facet normal -0.407025 -0.913417 0
    outer loop
      vertex 27.1809 61.178 0
      vertex 27.2765 61.1354 2.8
      vertex 27.1809 61.178 2.8
    endloop
  endfacet
  facet normal -0.407025 -0.913417 -0
    outer loop
      vertex 27.2765 61.1354 2.8
      vertex 27.1809 61.178 0
      vertex 27.2765 61.1354 0
    endloop
  endfacet
  facet normal -0.382666 -0.923887 0
    outer loop
      vertex 24.0396 62.4791 0
      vertex 27.1809 61.178 2.8
      vertex 24.0396 62.4791 2.8
    endloop
  endfacet
  facet normal -0.382666 -0.923887 -0
    outer loop
      vertex 27.1809 61.178 2.8
      vertex 24.0396 62.4791 0
      vertex 27.1809 61.178 0
    endloop
  endfacet
  facet normal -0.358851 -0.933395 0
    outer loop
      vertex 23.9418 62.5167 0
      vertex 24.0396 62.4791 2.8
      vertex 23.9418 62.5167 2.8
    endloop
  endfacet
  facet normal -0.358851 -0.933395 -0
    outer loop
      vertex 24.0396 62.4791 2.8
      vertex 23.9418 62.5167 0
      vertex 24.0396 62.4791 0
    endloop
  endfacet
  facet normal -0.333785 -0.942649 0
    outer loop
      vertex 20.7367 63.6516 0
      vertex 23.9418 62.5167 2.8
      vertex 20.7367 63.6516 2.8
    endloop
  endfacet
  facet normal -0.333785 -0.942649 -0
    outer loop
      vertex 23.9418 62.5167 2.8
      vertex 20.7367 63.6516 0
      vertex 23.9418 62.5167 0
    endloop
  endfacet
  facet normal -0.309345 -0.95095 0
    outer loop
      vertex 20.6371 63.684 0
      vertex 20.7367 63.6516 2.8
      vertex 20.6371 63.684 2.8
    endloop
  endfacet
  facet normal -0.309345 -0.95095 -0
    outer loop
      vertex 20.7367 63.6516 2.8
      vertex 20.6371 63.684 0
      vertex 20.7367 63.6516 0
    endloop
  endfacet
  facet normal -0.284019 -0.958819 0
    outer loop
      vertex 17.377 64.6497 0
      vertex 20.6371 63.684 2.8
      vertex 17.377 64.6497 2.8
    endloop
  endfacet
  facet normal -0.284019 -0.958819 -0
    outer loop
      vertex 20.6371 63.684 2.8
      vertex 17.377 64.6497 0
      vertex 20.6371 63.684 0
    endloop
  endfacet
  facet normal -0.241477 -0.970407 0
    outer loop
      vertex 17.3123 64.6658 0
      vertex 17.377 64.6497 2.8
      vertex 17.3123 64.6658 2.8
    endloop
  endfacet
  facet normal -0.241477 -0.970407 -0
    outer loop
      vertex 17.377 64.6497 2.8
      vertex 17.3123 64.6658 0
      vertex 17.377 64.6497 0
    endloop
  endfacet
  facet normal -0.289277 -0.957245 0
    outer loop
      vertex 17.2759 64.6768 0
      vertex 17.3123 64.6658 2.8
      vertex 17.2759 64.6768 2.8
    endloop
  endfacet
  facet normal -0.289277 -0.957245 -0
    outer loop
      vertex 17.3123 64.6658 2.8
      vertex 17.2759 64.6768 0
      vertex 17.3123 64.6658 0
    endloop
  endfacet
  facet normal -0.233432 -0.972373 0
    outer loop
      vertex 13.9697 65.4705 0
      vertex 17.2759 64.6768 2.8
      vertex 13.9697 65.4705 2.8
    endloop
  endfacet
  facet normal -0.233432 -0.972373 -0
    outer loop
      vertex 17.2759 64.6768 2.8
      vertex 13.9697 65.4705 0
      vertex 17.2759 64.6768 0
    endloop
  endfacet
  facet normal -0.208224 -0.978081 0
    outer loop
      vertex 13.8673 65.4923 0
      vertex 13.9697 65.4705 2.8
      vertex 13.8673 65.4923 2.8
    endloop
  endfacet
  facet normal -0.208224 -0.978081 -0
    outer loop
      vertex 13.9697 65.4705 2.8
      vertex 13.8673 65.4923 0
      vertex 13.9697 65.4705 0
    endloop
  endfacet
  facet normal -0.182228 -0.983256 0
    outer loop
      vertex 10.5241 66.1119 0
      vertex 13.8673 65.4923 2.8
      vertex 10.5241 66.1119 2.8
    endloop
  endfacet
  facet normal -0.182228 -0.983256 -0
    outer loop
      vertex 13.8673 65.4923 2.8
      vertex 10.5241 66.1119 0
      vertex 13.8673 65.4923 0
    endloop
  endfacet
  facet normal -0.156649 -0.987654 0
    outer loop
      vertex 10.4207 66.1283 0
      vertex 10.5241 66.1119 2.8
      vertex 10.4207 66.1283 2.8
    endloop
  endfacet
  facet normal -0.156649 -0.987654 -0
    outer loop
      vertex 10.5241 66.1119 2.8
      vertex 10.4207 66.1283 0
      vertex 10.5241 66.1119 0
    endloop
  endfacet
  facet normal -0.130524 -0.991445 0
    outer loop
      vertex 7.04964 66.5721 0
      vertex 10.4207 66.1283 2.8
      vertex 7.04964 66.5721 2.8
    endloop
  endfacet
  facet normal -0.130524 -0.991445 -0
    outer loop
      vertex 10.4207 66.1283 2.8
      vertex 7.04964 66.5721 0
      vertex 10.4207 66.1283 0
    endloop
  endfacet
  facet normal -0.105053 -0.994467 0
    outer loop
      vertex 6.94551 66.5831 0
      vertex 7.04964 66.5721 2.8
      vertex 6.94551 66.5831 2.8
    endloop
  endfacet
  facet normal -0.105053 -0.994467 -0
    outer loop
      vertex 7.04964 66.5721 2.8
      vertex 6.94551 66.5831 0
      vertex 7.04964 66.5721 0
    endloop
  endfacet
  facet normal -0.0784387 -0.996919 0
    outer loop
      vertex 3.55588 66.8498 0
      vertex 6.94551 66.5831 2.8
      vertex 3.55588 66.8498 2.8
    endloop
  endfacet
  facet normal -0.0784387 -0.996919 -0
    outer loop
      vertex 6.94551 66.5831 2.8
      vertex 3.55588 66.8498 0
      vertex 6.94551 66.5831 0
    endloop
  endfacet
  facet normal -0.0525237 -0.99862 0
    outer loop
      vertex 3.45131 66.8553 0
      vertex 3.55588 66.8498 2.8
      vertex 3.45131 66.8553 2.8
    endloop
  endfacet
  facet normal -0.0525237 -0.99862 -0
    outer loop
      vertex 3.55588 66.8498 2.8
      vertex 3.45131 66.8553 0
      vertex 3.55588 66.8498 0
    endloop
  endfacet
  facet normal -0.0261755 -0.999657 0
    outer loop
      vertex 0.0523529 66.9443 0
      vertex 3.45131 66.8553 2.8
      vertex 0.0523529 66.9443 2.8
    endloop
  endfacet
  facet normal -0.0261755 -0.999657 -0
    outer loop
      vertex 3.45131 66.8553 2.8
      vertex 0.0523529 66.9443 0
      vertex 3.45131 66.8553 0
    endloop
  endfacet
  facet normal 0 -1 0
    outer loop
      vertex -0.0523529 66.9443 0
      vertex 0.0523529 66.9443 2.8
      vertex -0.0523529 66.9443 2.8
    endloop
  endfacet
  facet normal 0 -1 -0
    outer loop
      vertex 0.0523529 66.9443 2.8
      vertex -0.0523529 66.9443 0
      vertex 0.0523529 66.9443 0
    endloop
  endfacet
  facet normal 0.0261755 -0.999657 0
    outer loop
      vertex -3.45131 66.8553 0
      vertex -0.0523529 66.9443 2.8
      vertex -3.45131 66.8553 2.8
    endloop
  endfacet
  facet normal 0.0261755 -0.999657 0
    outer loop
      vertex -0.0523529 66.9443 2.8
      vertex -3.45131 66.8553 0
      vertex -0.0523529 66.9443 0
    endloop
  endfacet
  facet normal 0.0525237 -0.99862 0
    outer loop
      vertex -3.55588 66.8498 0
      vertex -3.45131 66.8553 2.8
      vertex -3.55588 66.8498 2.8
    endloop
  endfacet
  facet normal 0.0525237 -0.99862 0
    outer loop
      vertex -3.45131 66.8553 2.8
      vertex -3.55588 66.8498 0
      vertex -3.45131 66.8553 0
    endloop
  endfacet
  facet normal 0.0784387 -0.996919 0
    outer loop
      vertex -6.94551 66.5831 0
      vertex -3.55588 66.8498 2.8
      vertex -6.94551 66.5831 2.8
    endloop
  endfacet
  facet normal 0.0784387 -0.996919 0
    outer loop
      vertex -3.55588 66.8498 2.8
      vertex -6.94551 66.5831 0
      vertex -3.55588 66.8498 0
    endloop
  endfacet
  facet normal 0.105053 -0.994467 0
    outer loop
      vertex -7.04964 66.5721 0
      vertex -6.94551 66.5831 2.8
      vertex -7.04964 66.5721 2.8
    endloop
  endfacet
  facet normal 0.105053 -0.994467 0
    outer loop
      vertex -6.94551 66.5831 2.8
      vertex -7.04964 66.5721 0
      vertex -6.94551 66.5831 0
    endloop
  endfacet
  facet normal 0.130524 -0.991445 0
    outer loop
      vertex -10.4207 66.1283 0
      vertex -7.04964 66.5721 2.8
      vertex -10.4207 66.1283 2.8
    endloop
  endfacet
  facet normal 0.130524 -0.991445 0
    outer loop
      vertex -7.04964 66.5721 2.8
      vertex -10.4207 66.1283 0
      vertex -7.04964 66.5721 0
    endloop
  endfacet
  facet normal 0.156649 -0.987654 0
    outer loop
      vertex -10.5241 66.1119 0
      vertex -10.4207 66.1283 2.8
      vertex -10.5241 66.1119 2.8
    endloop
  endfacet
  facet normal 0.156649 -0.987654 0
    outer loop
      vertex -10.4207 66.1283 2.8
      vertex -10.5241 66.1119 0
      vertex -10.4207 66.1283 0
    endloop
  endfacet
  facet normal 0.182228 -0.983256 0
    outer loop
      vertex -13.8673 65.4923 0
      vertex -10.5241 66.1119 2.8
      vertex -13.8673 65.4923 2.8
    endloop
  endfacet
  facet normal 0.182228 -0.983256 0
    outer loop
      vertex -10.5241 66.1119 2.8
      vertex -13.8673 65.4923 0
      vertex -10.5241 66.1119 0
    endloop
  endfacet
  facet normal 0.208224 -0.978081 0
    outer loop
      vertex -13.9697 65.4705 0
      vertex -13.8673 65.4923 2.8
      vertex -13.9697 65.4705 2.8
    endloop
  endfacet
  facet normal 0.208224 -0.978081 0
    outer loop
      vertex -13.8673 65.4923 2.8
      vertex -13.9697 65.4705 0
      vertex -13.8673 65.4923 0
    endloop
  endfacet
  facet normal 0.233406 -0.972379 0
    outer loop
      vertex -15.5328 65.0953 0
      vertex -13.9697 65.4705 2.8
      vertex -15.5328 65.0953 2.8
    endloop
  endfacet
  facet normal 0.233406 -0.972379 0
    outer loop
      vertex -13.9697 65.4705 2.8
      vertex -15.5328 65.0953 0
      vertex -13.9697 65.4705 0
    endloop
  endfacet
  facet normal 0.283985 -0.958829 0
    outer loop
      vertex -20.6371 63.684 0
      vertex -19.0958 64.1405 2.8
      vertex -20.6371 63.684 2.8
    endloop
  endfacet
  facet normal 0.283985 -0.958829 0
    outer loop
      vertex -19.0958 64.1405 2.8
      vertex -20.6371 63.684 0
      vertex -19.0958 64.1405 0
    endloop
  endfacet
  facet normal 0.309345 -0.95095 0
    outer loop
      vertex -20.7367 63.6516 0
      vertex -20.6371 63.684 2.8
      vertex -20.7367 63.6516 2.8
    endloop
  endfacet
  facet normal 0.309345 -0.95095 0
    outer loop
      vertex -20.6371 63.684 2.8
      vertex -20.7367 63.6516 0
      vertex -20.6371 63.684 0
    endloop
  endfacet
  facet normal 0.333785 -0.942649 0
    outer loop
      vertex -23.9418 62.5167 0
      vertex -20.7367 63.6516 2.8
      vertex -23.9418 62.5167 2.8
    endloop
  endfacet
  facet normal 0.333785 -0.942649 0
    outer loop
      vertex -20.7367 63.6516 2.8
      vertex -23.9418 62.5167 0
      vertex -20.7367 63.6516 0
    endloop
  endfacet
  facet normal 0.358851 -0.933395 0
    outer loop
      vertex -24.0396 62.4791 0
      vertex -23.9418 62.5167 2.8
      vertex -24.0396 62.4791 2.8
    endloop
  endfacet
  facet normal 0.358851 -0.933395 0
    outer loop
      vertex -23.9418 62.5167 2.8
      vertex -24.0396 62.4791 0
      vertex -23.9418 62.5167 0
    endloop
  endfacet
  facet normal 0.382666 -0.923887 0
    outer loop
      vertex -27.1809 61.178 0
      vertex -24.0396 62.4791 2.8
      vertex -27.1809 61.178 2.8
    endloop
  endfacet
  facet normal 0.382666 -0.923887 0
    outer loop
      vertex -24.0396 62.4791 2.8
      vertex -27.1809 61.178 0
      vertex -24.0396 62.4791 0
    endloop
  endfacet
  facet normal 0.407025 -0.913417 0
    outer loop
      vertex -27.2765 61.1354 0
      vertex -27.1809 61.178 2.8
      vertex -27.2765 61.1354 2.8
    endloop
  endfacet
  facet normal 0.407025 -0.913417 0
    outer loop
      vertex -27.1809 61.178 2.8
      vertex -27.2765 61.1354 0
      vertex -27.1809 61.178 0
    endloop
  endfacet
  facet normal 0.430513 -0.902584 0
    outer loop
      vertex -30.3454 59.6716 0
      vertex -27.2765 61.1354 2.8
      vertex -30.3454 59.6716 2.8
    endloop
  endfacet
  facet normal 0.430513 -0.902584 0
    outer loop
      vertex -27.2765 61.1354 2.8
      vertex -30.3454 59.6716 0
      vertex -27.2765 61.1354 0
    endloop
  endfacet
  facet normal 0.454455 -0.89077 0
    outer loop
      vertex -30.4387 59.624 0
      vertex -30.3454 59.6716 2.8
      vertex -30.4387 59.624 2.8
    endloop
  endfacet
  facet normal 0.454455 -0.89077 0
    outer loop
      vertex -30.3454 59.6716 2.8
      vertex -30.4387 59.624 0
      vertex -30.3454 59.6716 0
    endloop
  endfacet
  facet normal 0.477157 -0.878818 0
    outer loop
      vertex -33.4268 58.0016 0
      vertex -30.4387 59.624 2.8
      vertex -33.4268 58.0016 2.8
    endloop
  endfacet
  facet normal 0.477157 -0.878818 0
    outer loop
      vertex -30.4387 59.624 2.8
      vertex -33.4268 58.0016 0
      vertex -30.4387 59.624 0
    endloop
  endfacet
  facet normal 0.49953 -0.866297 0
    outer loop
      vertex -33.5175 57.9493 0
      vertex -33.4268 58.0016 2.8
      vertex -33.5175 57.9493 2.8
    endloop
  endfacet
  facet normal 0.49953 -0.866297 0
    outer loop
      vertex -33.4268 58.0016 2.8
      vertex -33.5175 57.9493 0
      vertex -33.4268 58.0016 0
    endloop
  endfacet
  facet normal 0.522505 -0.852636 0
    outer loop
      vertex -36.4166 56.1727 0
      vertex -33.5175 57.9493 2.8
      vertex -36.4166 56.1727 2.8
    endloop
  endfacet
  facet normal 0.522505 -0.852636 0
    outer loop
      vertex -33.5175 57.9493 2.8
      vertex -36.4166 56.1727 0
      vertex -33.5175 57.9493 0
    endloop
  endfacet
  facet normal 0.544518 -0.838749 0
    outer loop
      vertex -36.5044 56.1157 0
      vertex -36.4166 56.1727 2.8
      vertex -36.5044 56.1157 2.8
    endloop
  endfacet
  facet normal 0.544518 -0.838749 0
    outer loop
      vertex -36.4166 56.1727 2.8
      vertex -36.5044 56.1157 0
      vertex -36.4166 56.1727 0
    endloop
  endfacet
  facet normal 0.5664 -0.82413 0
    outer loop
      vertex -39.3065 54.1899 0
      vertex -36.5044 56.1157 2.8
      vertex -39.3065 54.1899 2.8
    endloop
  endfacet
  facet normal 0.5664 -0.82413 0
    outer loop
      vertex -36.5044 56.1157 2.8
      vertex -39.3065 54.1899 0
      vertex -36.5044 56.1157 0
    endloop
  endfacet
  facet normal 0.588172 -0.808736 0
    outer loop
      vertex -39.3912 54.1283 0
      vertex -39.3065 54.1899 2.8
      vertex -39.3912 54.1283 2.8
    endloop
  endfacet
  facet normal 0.588172 -0.808736 0
    outer loop
      vertex -39.3065 54.1899 2.8
      vertex -39.3912 54.1283 0
      vertex -39.3065 54.1899 0
    endloop
  endfacet
  facet normal 0.608749 -0.793363 0
    outer loop
      vertex -42.0887 52.0585 0
      vertex -39.3912 54.1283 2.8
      vertex -42.0887 52.0585 2.8
    endloop
  endfacet
  facet normal 0.608749 -0.793363 0
    outer loop
      vertex -39.3912 54.1283 2.8
      vertex -42.0887 52.0585 0
      vertex -39.3912 54.1283 0
    endloop
  endfacet
  facet normal 0.629226 -0.777223 0
    outer loop
      vertex -42.1701 51.9926 0
      vertex -42.0887 52.0585 2.8
      vertex -42.1701 51.9926 2.8
    endloop
  endfacet
  facet normal 0.629226 -0.777223 0
    outer loop
      vertex -42.0887 52.0585 2.8
      vertex -42.1701 51.9926 0
      vertex -42.0887 52.0585 0
    endloop
  endfacet
  facet normal 0.649461 -0.760395 0
    outer loop
      vertex -44.7556 49.7843 0
      vertex -42.1701 51.9926 2.8
      vertex -44.7556 49.7843 2.8
    endloop
  endfacet
  facet normal 0.649461 -0.760395 0
    outer loop
      vertex -42.1701 51.9926 2.8
      vertex -44.7556 49.7843 0
      vertex -42.1701 51.9926 0
    endloop
  endfacet
  facet normal 0.668859 -0.743389 0
    outer loop
      vertex -44.8334 49.7143 0
      vertex -44.7556 49.7843 2.8
      vertex -44.8334 49.7143 2.8
    endloop
  endfacet
  facet normal 0.668859 -0.743389 0
    outer loop
      vertex -44.7556 49.7843 2.8
      vertex -44.8334 49.7143 0
      vertex -44.7556 49.7843 0
    endloop
  endfacet
  facet normal 0.688365 -0.725364 0
    outer loop
      vertex -47.2997 47.3738 0
      vertex -44.8334 49.7143 2.8
      vertex -47.2997 47.3738 2.8
    endloop
  endfacet
  facet normal 0.688365 -0.725364 0
    outer loop
      vertex -44.8334 49.7143 2.8
      vertex -47.2997 47.3738 0
      vertex -44.8334 49.7143 0
    endloop
  endfacet
  facet normal 0.718988 -0.695022 0
    outer loop
      vertex -47.3461 47.3258 2.8
      vertex -47.2997 47.3738 0
      vertex -47.2997 47.3738 2.8
    endloop
  endfacet
  facet normal 0.718988 -0.695022 0
    outer loop
      vertex -47.2997 47.3738 0
      vertex -47.3461 47.3258 2.8
      vertex -47.3461 47.3258 0
    endloop
  endfacet
  facet normal 0.685774 -0.727814 0
    outer loop
      vertex -47.3738 47.2997 0
      vertex -47.3461 47.3258 2.8
      vertex -47.3738 47.2997 2.8
    endloop
  endfacet
  facet normal 0.685774 -0.727814 0
    outer loop
      vertex -47.3461 47.3258 2.8
      vertex -47.3738 47.2997 0
      vertex -47.3461 47.3258 0
    endloop
  endfacet
  facet normal 0.725364 -0.688365 0
    outer loop
      vertex -49.7143 44.8334 2.8
      vertex -47.3738 47.2997 0
      vertex -47.3738 47.2997 2.8
    endloop
  endfacet
  facet normal 0.725364 -0.688365 0
    outer loop
      vertex -47.3738 47.2997 0
      vertex -49.7143 44.8334 2.8
      vertex -49.7143 44.8334 0
    endloop
  endfacet
  facet normal 0.743389 -0.668859 0
    outer loop
      vertex -49.7843 44.7556 2.8
      vertex -49.7143 44.8334 0
      vertex -49.7143 44.8334 2.8
    endloop
  endfacet
  facet normal 0.743389 -0.668859 0
    outer loop
      vertex -49.7143 44.8334 0
      vertex -49.7843 44.7556 2.8
      vertex -49.7843 44.7556 0
    endloop
  endfacet
  facet normal 0.760395 -0.649461 0
    outer loop
      vertex -51.9926 42.1701 2.8
      vertex -49.7843 44.7556 0
      vertex -49.7843 44.7556 2.8
    endloop
  endfacet
  facet normal 0.760395 -0.649461 0
    outer loop
      vertex -49.7843 44.7556 0
      vertex -51.9926 42.1701 2.8
      vertex -51.9926 42.1701 0
    endloop
  endfacet
  facet normal 0.777223 -0.629226 0
    outer loop
      vertex -52.0585 42.0887 2.8
      vertex -51.9926 42.1701 0
      vertex -51.9926 42.1701 2.8
    endloop
  endfacet
  facet normal 0.777223 -0.629226 0
    outer loop
      vertex -51.9926 42.1701 0
      vertex -52.0585 42.0887 2.8
      vertex -52.0585 42.0887 0
    endloop
  endfacet
  facet normal 0.793363 -0.608749 0
    outer loop
      vertex -54.1283 39.3912 2.8
      vertex -52.0585 42.0887 0
      vertex -52.0585 42.0887 2.8
    endloop
  endfacet
  facet normal 0.793363 -0.608749 0
    outer loop
      vertex -52.0585 42.0887 0
      vertex -54.1283 39.3912 2.8
      vertex -54.1283 39.3912 0
    endloop
  endfacet
  facet normal 0.808736 -0.588172 0
    outer loop
      vertex -54.1899 39.3065 2.8
      vertex -54.1283 39.3912 0
      vertex -54.1283 39.3912 2.8
    endloop
  endfacet
  facet normal 0.808736 -0.588172 0
    outer loop
      vertex -54.1283 39.3912 0
      vertex -54.1899 39.3065 2.8
      vertex -54.1899 39.3065 0
    endloop
  endfacet
  facet normal 0.82413 -0.5664 0
    outer loop
      vertex -56.1157 36.5044 2.8
      vertex -54.1899 39.3065 0
      vertex -54.1899 39.3065 2.8
    endloop
  endfacet
  facet normal 0.82413 -0.5664 0
    outer loop
      vertex -54.1899 39.3065 0
      vertex -56.1157 36.5044 2.8
      vertex -56.1157 36.5044 0
    endloop
  endfacet
  facet normal 0.838749 -0.544518 0
    outer loop
      vertex -56.1727 36.4166 2.8
      vertex -56.1157 36.5044 0
      vertex -56.1157 36.5044 2.8
    endloop
  endfacet
  facet normal 0.838749 -0.544518 0
    outer loop
      vertex -56.1157 36.5044 0
      vertex -56.1727 36.4166 2.8
      vertex -56.1727 36.4166 0
    endloop
  endfacet
  facet normal 0.852636 -0.522505 0
    outer loop
      vertex -57.9493 33.5175 2.8
      vertex -56.1727 36.4166 0
      vertex -56.1727 36.4166 2.8
    endloop
  endfacet
  facet normal 0.852636 -0.522505 0
    outer loop
      vertex -56.1727 36.4166 0
      vertex -57.9493 33.5175 2.8
      vertex -57.9493 33.5175 0
    endloop
  endfacet
  facet normal 0.866297 -0.49953 0
    outer loop
      vertex -58.0016 33.4268 2.8
      vertex -57.9493 33.5175 0
      vertex -57.9493 33.5175 2.8
    endloop
  endfacet
  facet normal 0.866297 -0.49953 0
    outer loop
      vertex -57.9493 33.5175 0
      vertex -58.0016 33.4268 2.8
      vertex -58.0016 33.4268 0
    endloop
  endfacet
  facet normal 0.878818 -0.477157 0
    outer loop
      vertex -59.624 30.4387 2.8
      vertex -58.0016 33.4268 0
      vertex -58.0016 33.4268 2.8
    endloop
  endfacet
  facet normal 0.878818 -0.477157 0
    outer loop
      vertex -58.0016 33.4268 0
      vertex -59.624 30.4387 2.8
      vertex -59.624 30.4387 0
    endloop
  endfacet
  facet normal 0.89077 -0.454455 0
    outer loop
      vertex -59.6716 30.3454 2.8
      vertex -59.624 30.4387 0
      vertex -59.624 30.4387 2.8
    endloop
  endfacet
  facet normal 0.89077 -0.454455 0
    outer loop
      vertex -59.624 30.4387 0
      vertex -59.6716 30.3454 2.8
      vertex -59.6716 30.3454 0
    endloop
  endfacet
  facet normal 0.902584 -0.430513 0
    outer loop
      vertex -61.1354 27.2765 2.8
      vertex -59.6716 30.3454 0
      vertex -59.6716 30.3454 2.8
    endloop
  endfacet
  facet normal 0.902584 -0.430513 0
    outer loop
      vertex -59.6716 30.3454 0
      vertex -61.1354 27.2765 2.8
      vertex -61.1354 27.2765 0
    endloop
  endfacet
  facet normal 0.913417 -0.407025 0
    outer loop
      vertex -61.178 27.1809 2.8
      vertex -61.1354 27.2765 0
      vertex -61.1354 27.2765 2.8
    endloop
  endfacet
  facet normal 0.913417 -0.407025 0
    outer loop
      vertex -61.1354 27.2765 0
      vertex -61.178 27.1809 2.8
      vertex -61.178 27.1809 0
    endloop
  endfacet
  facet normal 0.923887 -0.382666 0
    outer loop
      vertex -62.4791 24.0396 2.8
      vertex -61.178 27.1809 0
      vertex -61.178 27.1809 2.8
    endloop
  endfacet
  facet normal 0.923887 -0.382666 0
    outer loop
      vertex -61.178 27.1809 0
      vertex -62.4791 24.0396 2.8
      vertex -62.4791 24.0396 0
    endloop
  endfacet
  facet normal 0.933395 -0.358851 0
    outer loop
      vertex -62.5167 23.9418 2.8
      vertex -62.4791 24.0396 0
      vertex -62.4791 24.0396 2.8
    endloop
  endfacet
  facet normal 0.933395 -0.358851 0
    outer loop
      vertex -62.4791 24.0396 0
      vertex -62.5167 23.9418 2.8
      vertex -62.5167 23.9418 0
    endloop
  endfacet
  facet normal 0.942649 -0.333785 0
    outer loop
      vertex -63.6516 20.7367 2.8
      vertex -62.5167 23.9418 0
      vertex -62.5167 23.9418 2.8
    endloop
  endfacet
  facet normal 0.942649 -0.333785 0
    outer loop
      vertex -62.5167 23.9418 0
      vertex -63.6516 20.7367 2.8
      vertex -63.6516 20.7367 0
    endloop
  endfacet
  facet normal 0.95095 -0.309345 0
    outer loop
      vertex -63.684 20.6371 2.8
      vertex -63.6516 20.7367 0
      vertex -63.6516 20.7367 2.8
    endloop
  endfacet
  facet normal 0.95095 -0.309345 0
    outer loop
      vertex -63.6516 20.7367 0
      vertex -63.684 20.6371 2.8
      vertex -63.684 20.6371 0
    endloop
  endfacet
  facet normal 0.958819 -0.284019 0
    outer loop
      vertex -64.6497 17.377 2.8
      vertex -63.684 20.6371 0
      vertex -63.684 20.6371 2.8
    endloop
  endfacet
  facet normal 0.958819 -0.284019 0
    outer loop
      vertex -63.684 20.6371 0
      vertex -64.6497 17.377 2.8
      vertex -64.6497 17.377 0
    endloop
  endfacet
  facet normal 0.970407 -0.241477 0
    outer loop
      vertex -64.6658 17.3123 2.8
      vertex -64.6497 17.377 0
      vertex -64.6497 17.377 2.8
    endloop
  endfacet
  facet normal 0.970407 -0.241477 0
    outer loop
      vertex -64.6497 17.377 0
      vertex -64.6658 17.3123 2.8
      vertex -64.6658 17.3123 0
    endloop
  endfacet
  facet normal 0.957245 -0.289277 0
    outer loop
      vertex -64.6768 17.2759 2.8
      vertex -64.6658 17.3123 0
      vertex -64.6658 17.3123 2.8
    endloop
  endfacet
  facet normal 0.957245 -0.289277 0
    outer loop
      vertex -64.6658 17.3123 0
      vertex -64.6768 17.2759 2.8
      vertex -64.6768 17.2759 0
    endloop
  endfacet
  facet normal 0.972373 -0.233432 0
    outer loop
      vertex -65.4705 13.9697 2.8
      vertex -64.6768 17.2759 0
      vertex -64.6768 17.2759 2.8
    endloop
  endfacet
  facet normal 0.972373 -0.233432 0
    outer loop
      vertex -64.6768 17.2759 0
      vertex -65.4705 13.9697 2.8
      vertex -65.4705 13.9697 0
    endloop
  endfacet
  facet normal 0.978081 -0.208224 0
    outer loop
      vertex -65.4923 13.8673 2.8
      vertex -65.4705 13.9697 0
      vertex -65.4705 13.9697 2.8
    endloop
  endfacet
  facet normal 0.978081 -0.208224 0
    outer loop
      vertex -65.4705 13.9697 0
      vertex -65.4923 13.8673 2.8
      vertex -65.4923 13.8673 0
    endloop
  endfacet
  facet normal 0.983256 -0.182228 0
    outer loop
      vertex -66.1119 10.5241 2.8
      vertex -65.4923 13.8673 0
      vertex -65.4923 13.8673 2.8
    endloop
  endfacet
  facet normal 0.983256 -0.182228 0
    outer loop
      vertex -65.4923 13.8673 0
      vertex -66.1119 10.5241 2.8
      vertex -66.1119 10.5241 0
    endloop
  endfacet
  facet normal 0.987654 -0.156649 0
    outer loop
      vertex -66.1283 10.4207 2.8
      vertex -66.1119 10.5241 0
      vertex -66.1119 10.5241 2.8
    endloop
  endfacet
  facet normal 0.987654 -0.156649 0
    outer loop
      vertex -66.1119 10.5241 0
      vertex -66.1283 10.4207 2.8
      vertex -66.1283 10.4207 0
    endloop
  endfacet
  facet normal 0.991445 -0.130524 0
    outer loop
      vertex -66.5721 7.04964 2.8
      vertex -66.1283 10.4207 0
      vertex -66.1283 10.4207 2.8
    endloop
  endfacet
  facet normal 0.991445 -0.130524 0
    outer loop
      vertex -66.1283 10.4207 0
      vertex -66.5721 7.04964 2.8
      vertex -66.5721 7.04964 0
    endloop
  endfacet
  facet normal 0.994467 -0.105053 0
    outer loop
      vertex -66.5831 6.94551 2.8
      vertex -66.5721 7.04964 0
      vertex -66.5721 7.04964 2.8
    endloop
  endfacet
  facet normal 0.994467 -0.105053 0
    outer loop
      vertex -66.5721 7.04964 0
      vertex -66.5831 6.94551 2.8
      vertex -66.5831 6.94551 0
    endloop
  endfacet
  facet normal 0.996919 -0.0784387 0
    outer loop
      vertex -66.8498 3.55588 2.8
      vertex -66.5831 6.94551 0
      vertex -66.5831 6.94551 2.8
    endloop
  endfacet
  facet normal 0.996919 -0.0784387 0
    outer loop
      vertex -66.5831 6.94551 0
      vertex -66.8498 3.55588 2.8
      vertex -66.8498 3.55588 0
    endloop
  endfacet
  facet normal 0.99862 -0.0525237 0
    outer loop
      vertex -66.8553 3.45131 2.8
      vertex -66.8498 3.55588 0
      vertex -66.8498 3.55588 2.8
    endloop
  endfacet
  facet normal 0.99862 -0.0525237 0
    outer loop
      vertex -66.8498 3.55588 0
      vertex -66.8553 3.45131 2.8
      vertex -66.8553 3.45131 0
    endloop
  endfacet
  facet normal 0.999657 -0.0261755 0
    outer loop
      vertex -66.9443 0.0523529 2.8
      vertex -66.8553 3.45131 0
      vertex -66.8553 3.45131 2.8
    endloop
  endfacet
  facet normal 0.999657 -0.0261755 0
    outer loop
      vertex -66.8553 3.45131 0
      vertex -66.9443 0.0523529 2.8
      vertex -66.9443 0.0523529 0
    endloop
  endfacet
  facet normal 1 -0 0
    outer loop
      vertex -66.9443 -0.0523529 2.8
      vertex -66.9443 0.0523529 0
      vertex -66.9443 0.0523529 2.8
    endloop
  endfacet
  facet normal 1 0 0
    outer loop
      vertex -66.9443 0.0523529 0
      vertex -66.9443 -0.0523529 2.8
      vertex -66.9443 -0.0523529 0
    endloop
  endfacet
  facet normal 0.999657 0.0261755 0
    outer loop
      vertex -66.8553 -3.45131 2.8
      vertex -66.9443 -0.0523529 0
      vertex -66.9443 -0.0523529 2.8
    endloop
  endfacet
  facet normal 0.999657 0.0261755 0
    outer loop
      vertex -66.9443 -0.0523529 0
      vertex -66.8553 -3.45131 2.8
      vertex -66.8553 -3.45131 0
    endloop
  endfacet
  facet normal 0.99862 0.0525237 0
    outer loop
      vertex -66.8498 -3.55588 2.8
      vertex -66.8553 -3.45131 0
      vertex -66.8553 -3.45131 2.8
    endloop
  endfacet
  facet normal 0.99862 0.0525237 0
    outer loop
      vertex -66.8553 -3.45131 0
      vertex -66.8498 -3.55588 2.8
      vertex -66.8498 -3.55588 0
    endloop
  endfacet
  facet normal 0.996919 0.0784387 0
    outer loop
      vertex -66.5831 -6.94551 2.8
      vertex -66.8498 -3.55588 0
      vertex -66.8498 -3.55588 2.8
    endloop
  endfacet
  facet normal 0.996919 0.0784387 0
    outer loop
      vertex -66.8498 -3.55588 0
      vertex -66.5831 -6.94551 2.8
      vertex -66.5831 -6.94551 0
    endloop
  endfacet
  facet normal 0.994467 0.105053 0
    outer loop
      vertex -66.5721 -7.04964 2.8
      vertex -66.5831 -6.94551 0
      vertex -66.5831 -6.94551 2.8
    endloop
  endfacet
  facet normal 0.994467 0.105053 0
    outer loop
      vertex -66.5831 -6.94551 0
      vertex -66.5721 -7.04964 2.8
      vertex -66.5721 -7.04964 0
    endloop
  endfacet
  facet normal 0.991445 0.130524 0
    outer loop
      vertex -66.1283 -10.4207 2.8
      vertex -66.5721 -7.04964 0
      vertex -66.5721 -7.04964 2.8
    endloop
  endfacet
  facet normal 0.991445 0.130524 0
    outer loop
      vertex -66.5721 -7.04964 0
      vertex -66.1283 -10.4207 2.8
      vertex -66.1283 -10.4207 0
    endloop
  endfacet
  facet normal 0.987654 0.156649 0
    outer loop
      vertex -66.1119 -10.5241 2.8
      vertex -66.1283 -10.4207 0
      vertex -66.1283 -10.4207 2.8
    endloop
  endfacet
  facet normal 0.987654 0.156649 0
    outer loop
      vertex -66.1283 -10.4207 0
      vertex -66.1119 -10.5241 2.8
      vertex -66.1119 -10.5241 0
    endloop
  endfacet
  facet normal 0.983256 0.182228 0
    outer loop
      vertex -65.4923 -13.8673 2.8
      vertex -66.1119 -10.5241 0
      vertex -66.1119 -10.5241 2.8
    endloop
  endfacet
  facet normal 0.983256 0.182228 0
    outer loop
      vertex -66.1119 -10.5241 0
      vertex -65.4923 -13.8673 2.8
      vertex -65.4923 -13.8673 0
    endloop
  endfacet
  facet normal 0.978081 0.208224 0
    outer loop
      vertex -65.4705 -13.9697 2.8
      vertex -65.4923 -13.8673 0
      vertex -65.4923 -13.8673 2.8
    endloop
  endfacet
  facet normal 0.978081 0.208224 0
    outer loop
      vertex -65.4923 -13.8673 0
      vertex -65.4705 -13.9697 2.8
      vertex -65.4705 -13.9697 0
    endloop
  endfacet
  facet normal 0.972379 0.233406 0
    outer loop
      vertex -65.0953 -15.5328 2.8
      vertex -65.4705 -13.9697 0
      vertex -65.4705 -13.9697 2.8
    endloop
  endfacet
  facet normal 0.972379 0.233406 0
    outer loop
      vertex -65.4705 -13.9697 0
      vertex -65.0953 -15.5328 2.8
      vertex -65.0953 -15.5328 0
    endloop
  endfacet
  facet normal 0.958829 0.283985 0
    outer loop
      vertex -63.684 -20.6371 2.8
      vertex -64.1405 -19.0958 0
      vertex -64.1405 -19.0958 2.8
    endloop
  endfacet
  facet normal 0.958829 0.283985 0
    outer loop
      vertex -64.1405 -19.0958 0
      vertex -63.684 -20.6371 2.8
      vertex -63.684 -20.6371 0
    endloop
  endfacet
  facet normal 0.95095 0.309345 0
    outer loop
      vertex -63.6516 -20.7367 2.8
      vertex -63.684 -20.6371 0
      vertex -63.684 -20.6371 2.8
    endloop
  endfacet
  facet normal 0.95095 0.309345 0
    outer loop
      vertex -63.684 -20.6371 0
      vertex -63.6516 -20.7367 2.8
      vertex -63.6516 -20.7367 0
    endloop
  endfacet
  facet normal 0.942649 0.333785 0
    outer loop
      vertex -62.5167 -23.9418 2.8
      vertex -63.6516 -20.7367 0
      vertex -63.6516 -20.7367 2.8
    endloop
  endfacet
  facet normal 0.942649 0.333785 0
    outer loop
      vertex -63.6516 -20.7367 0
      vertex -62.5167 -23.9418 2.8
      vertex -62.5167 -23.9418 0
    endloop
  endfacet
  facet normal 0.933395 0.358851 0
    outer loop
      vertex -62.4791 -24.0396 2.8
      vertex -62.5167 -23.9418 0
      vertex -62.5167 -23.9418 2.8
    endloop
  endfacet
  facet normal 0.933395 0.358851 0
    outer loop
      vertex -62.5167 -23.9418 0
      vertex -62.4791 -24.0396 2.8
      vertex -62.4791 -24.0396 0
    endloop
  endfacet
  facet normal 0.923887 0.382666 0
    outer loop
      vertex -61.178 -27.1809 2.8
      vertex -62.4791 -24.0396 0
      vertex -62.4791 -24.0396 2.8
    endloop
  endfacet
  facet normal 0.923887 0.382666 0
    outer loop
      vertex -62.4791 -24.0396 0
      vertex -61.178 -27.1809 2.8
      vertex -61.178 -27.1809 0
    endloop
  endfacet
  facet normal 0.913417 0.407025 0
    outer loop
      vertex -61.1354 -27.2765 2.8
      vertex -61.178 -27.1809 0
      vertex -61.178 -27.1809 2.8
    endloop
  endfacet
  facet normal 0.913417 0.407025 0
    outer loop
      vertex -61.178 -27.1809 0
      vertex -61.1354 -27.2765 2.8
      vertex -61.1354 -27.2765 0
    endloop
  endfacet
  facet normal 0.902584 0.430513 0
    outer loop
      vertex -59.6716 -30.3454 2.8
      vertex -61.1354 -27.2765 0
      vertex -61.1354 -27.2765 2.8
    endloop
  endfacet
  facet normal 0.902584 0.430513 0
    outer loop
      vertex -61.1354 -27.2765 0
      vertex -59.6716 -30.3454 2.8
      vertex -59.6716 -30.3454 0
    endloop
  endfacet
  facet normal 0.89077 0.454455 0
    outer loop
      vertex -59.624 -30.4387 2.8
      vertex -59.6716 -30.3454 0
      vertex -59.6716 -30.3454 2.8
    endloop
  endfacet
  facet normal 0.89077 0.454455 0
    outer loop
      vertex -59.6716 -30.3454 0
      vertex -59.624 -30.4387 2.8
      vertex -59.624 -30.4387 0
    endloop
  endfacet
  facet normal 0.878818 0.477157 0
    outer loop
      vertex -58.0016 -33.4268 2.8
      vertex -59.624 -30.4387 0
      vertex -59.624 -30.4387 2.8
    endloop
  endfacet
  facet normal 0.878818 0.477157 0
    outer loop
      vertex -59.624 -30.4387 0
      vertex -58.0016 -33.4268 2.8
      vertex -58.0016 -33.4268 0
    endloop
  endfacet
  facet normal 0.866297 0.49953 0
    outer loop
      vertex -57.9493 -33.5175 2.8
      vertex -58.0016 -33.4268 0
      vertex -58.0016 -33.4268 2.8
    endloop
  endfacet
  facet normal 0.866297 0.49953 0
    outer loop
      vertex -58.0016 -33.4268 0
      vertex -57.9493 -33.5175 2.8
      vertex -57.9493 -33.5175 0
    endloop
  endfacet
  facet normal 0.852636 0.522505 0
    outer loop
      vertex -56.1727 -36.4166 2.8
      vertex -57.9493 -33.5175 0
      vertex -57.9493 -33.5175 2.8
    endloop
  endfacet
  facet normal 0.852636 0.522505 0
    outer loop
      vertex -57.9493 -33.5175 0
      vertex -56.1727 -36.4166 2.8
      vertex -56.1727 -36.4166 0
    endloop
  endfacet
  facet normal 0.838749 0.544518 0
    outer loop
      vertex -56.1157 -36.5044 2.8
      vertex -56.1727 -36.4166 0
      vertex -56.1727 -36.4166 2.8
    endloop
  endfacet
  facet normal 0.838749 0.544518 0
    outer loop
      vertex -56.1727 -36.4166 0
      vertex -56.1157 -36.5044 2.8
      vertex -56.1157 -36.5044 0
    endloop
  endfacet
  facet normal 0.82413 0.5664 0
    outer loop
      vertex -54.1899 -39.3065 2.8
      vertex -56.1157 -36.5044 0
      vertex -56.1157 -36.5044 2.8
    endloop
  endfacet
  facet normal 0.82413 0.5664 0
    outer loop
      vertex -56.1157 -36.5044 0
      vertex -54.1899 -39.3065 2.8
      vertex -54.1899 -39.3065 0
    endloop
  endfacet
  facet normal 0.808736 0.588172 0
    outer loop
      vertex -54.1283 -39.3912 2.8
      vertex -54.1899 -39.3065 0
      vertex -54.1899 -39.3065 2.8
    endloop
  endfacet
  facet normal 0.808736 0.588172 0
    outer loop
      vertex -54.1899 -39.3065 0
      vertex -54.1283 -39.3912 2.8
      vertex -54.1283 -39.3912 0
    endloop
  endfacet
  facet normal 0.793363 0.608749 0
    outer loop
      vertex -52.0585 -42.0887 2.8
      vertex -54.1283 -39.3912 0
      vertex -54.1283 -39.3912 2.8
    endloop
  endfacet
  facet normal 0.793363 0.608749 0
    outer loop
      vertex -54.1283 -39.3912 0
      vertex -52.0585 -42.0887 2.8
      vertex -52.0585 -42.0887 0
    endloop
  endfacet
  facet normal 0.777223 0.629226 0
    outer loop
      vertex -51.9926 -42.1701 2.8
      vertex -52.0585 -42.0887 0
      vertex -52.0585 -42.0887 2.8
    endloop
  endfacet
  facet normal 0.777223 0.629226 0
    outer loop
      vertex -52.0585 -42.0887 0
      vertex -51.9926 -42.1701 2.8
      vertex -51.9926 -42.1701 0
    endloop
  endfacet
  facet normal 0.760395 0.649461 0
    outer loop
      vertex -49.7843 -44.7556 2.8
      vertex -51.9926 -42.1701 0
      vertex -51.9926 -42.1701 2.8
    endloop
  endfacet
  facet normal 0.760395 0.649461 0
    outer loop
      vertex -51.9926 -42.1701 0
      vertex -49.7843 -44.7556 2.8
      vertex -49.7843 -44.7556 0
    endloop
  endfacet
  facet normal 0.743389 0.668859 0
    outer loop
      vertex -49.7143 -44.8334 2.8
      vertex -49.7843 -44.7556 0
      vertex -49.7843 -44.7556 2.8
    endloop
  endfacet
  facet normal 0.743389 0.668859 0
    outer loop
      vertex -49.7843 -44.7556 0
      vertex -49.7143 -44.8334 2.8
      vertex -49.7143 -44.8334 0
    endloop
  endfacet
  facet normal 0.725364 0.688365 0
    outer loop
      vertex -47.3738 -47.2997 2.8
      vertex -49.7143 -44.8334 0
      vertex -49.7143 -44.8334 2.8
    endloop
  endfacet
  facet normal 0.725364 0.688365 0
    outer loop
      vertex -49.7143 -44.8334 0
      vertex -47.3738 -47.2997 2.8
      vertex -47.3738 -47.2997 0
    endloop
  endfacet
  facet normal 0.695022 0.718988 -0
    outer loop
      vertex -47.3258 -47.3461 0
      vertex -47.3738 -47.2997 2.8
      vertex -47.3258 -47.3461 2.8
    endloop
  endfacet
  facet normal 0.695022 0.718988 0
    outer loop
      vertex -47.3738 -47.2997 2.8
      vertex -47.3258 -47.3461 0
      vertex -47.3738 -47.2997 0
    endloop
  endfacet
  facet normal 0.727814 0.685774 0
    outer loop
      vertex -47.2997 -47.3738 2.8
      vertex -47.3258 -47.3461 0
      vertex -47.3258 -47.3461 2.8
    endloop
  endfacet
  facet normal 0.727814 0.685774 0
    outer loop
      vertex -47.3258 -47.3461 0
      vertex -47.2997 -47.3738 2.8
      vertex -47.2997 -47.3738 0
    endloop
  endfacet
  facet normal 0.688365 0.725364 -0
    outer loop
      vertex -44.8334 -49.7143 0
      vertex -47.2997 -47.3738 2.8
      vertex -44.8334 -49.7143 2.8
    endloop
  endfacet
  facet normal 0.688365 0.725364 0
    outer loop
      vertex -47.2997 -47.3738 2.8
      vertex -44.8334 -49.7143 0
      vertex -47.2997 -47.3738 0
    endloop
  endfacet
  facet normal 0.668859 0.743389 -0
    outer loop
      vertex -44.7556 -49.7843 0
      vertex -44.8334 -49.7143 2.8
      vertex -44.7556 -49.7843 2.8
    endloop
  endfacet
  facet normal 0.668859 0.743389 0
    outer loop
      vertex -44.8334 -49.7143 2.8
      vertex -44.7556 -49.7843 0
      vertex -44.8334 -49.7143 0
    endloop
  endfacet
  facet normal 0.649461 0.760395 -0
    outer loop
      vertex -42.1701 -51.9926 0
      vertex -44.7556 -49.7843 2.8
      vertex -42.1701 -51.9926 2.8
    endloop
  endfacet
  facet normal 0.649461 0.760395 0
    outer loop
      vertex -44.7556 -49.7843 2.8
      vertex -42.1701 -51.9926 0
      vertex -44.7556 -49.7843 0
    endloop
  endfacet
  facet normal 0.629226 0.777223 -0
    outer loop
      vertex -42.0887 -52.0585 0
      vertex -42.1701 -51.9926 2.8
      vertex -42.0887 -52.0585 2.8
    endloop
  endfacet
  facet normal 0.629226 0.777223 0
    outer loop
      vertex -42.1701 -51.9926 2.8
      vertex -42.0887 -52.0585 0
      vertex -42.1701 -51.9926 0
    endloop
  endfacet
  facet normal 0.608749 0.793363 -0
    outer loop
      vertex -39.3912 -54.1283 0
      vertex -42.0887 -52.0585 2.8
      vertex -39.3912 -54.1283 2.8
    endloop
  endfacet
  facet normal 0.608749 0.793363 0
    outer loop
      vertex -42.0887 -52.0585 2.8
      vertex -39.3912 -54.1283 0
      vertex -42.0887 -52.0585 0
    endloop
  endfacet
  facet normal 0.588172 0.808736 -0
    outer loop
      vertex -39.3065 -54.1899 0
      vertex -39.3912 -54.1283 2.8
      vertex -39.3065 -54.1899 2.8
    endloop
  endfacet
  facet normal 0.588172 0.808736 0
    outer loop
      vertex -39.3912 -54.1283 2.8
      vertex -39.3065 -54.1899 0
      vertex -39.3912 -54.1283 0
    endloop
  endfacet
  facet normal 0.5664 0.82413 -0
    outer loop
      vertex -36.5044 -56.1157 0
      vertex -39.3065 -54.1899 2.8
      vertex -36.5044 -56.1157 2.8
    endloop
  endfacet
  facet normal 0.5664 0.82413 0
    outer loop
      vertex -39.3065 -54.1899 2.8
      vertex -36.5044 -56.1157 0
      vertex -39.3065 -54.1899 0
    endloop
  endfacet
  facet normal 0.544518 0.838749 -0
    outer loop
      vertex -36.4166 -56.1727 0
      vertex -36.5044 -56.1157 2.8
      vertex -36.4166 -56.1727 2.8
    endloop
  endfacet
  facet normal 0.544518 0.838749 0
    outer loop
      vertex -36.5044 -56.1157 2.8
      vertex -36.4166 -56.1727 0
      vertex -36.5044 -56.1157 0
    endloop
  endfacet
  facet normal 0.522505 0.852636 -0
    outer loop
      vertex -33.5175 -57.9493 0
      vertex -36.4166 -56.1727 2.8
      vertex -33.5175 -57.9493 2.8
    endloop
  endfacet
  facet normal 0.522505 0.852636 0
    outer loop
      vertex -36.4166 -56.1727 2.8
      vertex -33.5175 -57.9493 0
      vertex -36.4166 -56.1727 0
    endloop
  endfacet
  facet normal 0.49953 0.866297 -0
    outer loop
      vertex -33.4268 -58.0016 0
      vertex -33.5175 -57.9493 2.8
      vertex -33.4268 -58.0016 2.8
    endloop
  endfacet
  facet normal 0.49953 0.866297 0
    outer loop
      vertex -33.5175 -57.9493 2.8
      vertex -33.4268 -58.0016 0
      vertex -33.5175 -57.9493 0
    endloop
  endfacet
  facet normal 0.477157 0.878818 -0
    outer loop
      vertex -30.4387 -59.624 0
      vertex -33.4268 -58.0016 2.8
      vertex -30.4387 -59.624 2.8
    endloop
  endfacet
  facet normal 0.477157 0.878818 0
    outer loop
      vertex -33.4268 -58.0016 2.8
      vertex -30.4387 -59.624 0
      vertex -33.4268 -58.0016 0
    endloop
  endfacet
  facet normal 0.454455 0.89077 -0
    outer loop
      vertex -30.3454 -59.6716 0
      vertex -30.4387 -59.624 2.8
      vertex -30.3454 -59.6716 2.8
    endloop
  endfacet
  facet normal 0.454455 0.89077 0
    outer loop
      vertex -30.4387 -59.624 2.8
      vertex -30.3454 -59.6716 0
      vertex -30.4387 -59.624 0
    endloop
  endfacet
  facet normal 0.430513 0.902584 -0
    outer loop
      vertex -27.2765 -61.1354 0
      vertex -30.3454 -59.6716 2.8
      vertex -27.2765 -61.1354 2.8
    endloop
  endfacet
  facet normal 0.430513 0.902584 0
    outer loop
      vertex -30.3454 -59.6716 2.8
      vertex -27.2765 -61.1354 0
      vertex -30.3454 -59.6716 0
    endloop
  endfacet
  facet normal 0.407025 0.913417 -0
    outer loop
      vertex -27.1809 -61.178 0
      vertex -27.2765 -61.1354 2.8
      vertex -27.1809 -61.178 2.8
    endloop
  endfacet
  facet normal 0.407025 0.913417 0
    outer loop
      vertex -27.2765 -61.1354 2.8
      vertex -27.1809 -61.178 0
      vertex -27.2765 -61.1354 0
    endloop
  endfacet
  facet normal 0.382666 0.923887 -0
    outer loop
      vertex -24.0396 -62.4791 0
      vertex -27.1809 -61.178 2.8
      vertex -24.0396 -62.4791 2.8
    endloop
  endfacet
  facet normal 0.382666 0.923887 0
    outer loop
      vertex -27.1809 -61.178 2.8
      vertex -24.0396 -62.4791 0
      vertex -27.1809 -61.178 0
    endloop
  endfacet
  facet normal 0.358851 0.933395 -0
    outer loop
      vertex -23.9418 -62.5167 0
      vertex -24.0396 -62.4791 2.8
      vertex -23.9418 -62.5167 2.8
    endloop
  endfacet
  facet normal 0.358851 0.933395 0
    outer loop
      vertex -24.0396 -62.4791 2.8
      vertex -23.9418 -62.5167 0
      vertex -24.0396 -62.4791 0
    endloop
  endfacet
  facet normal 0.333785 0.942649 -0
    outer loop
      vertex -20.7367 -63.6516 0
      vertex -23.9418 -62.5167 2.8
      vertex -20.7367 -63.6516 2.8
    endloop
  endfacet
  facet normal 0.333785 0.942649 0
    outer loop
      vertex -23.9418 -62.5167 2.8
      vertex -20.7367 -63.6516 0
      vertex -23.9418 -62.5167 0
    endloop
  endfacet
  facet normal 0.309345 0.95095 -0
    outer loop
      vertex -20.6371 -63.684 0
      vertex -20.7367 -63.6516 2.8
      vertex -20.6371 -63.684 2.8
    endloop
  endfacet
  facet normal 0.309345 0.95095 0
    outer loop
      vertex -20.7367 -63.6516 2.8
      vertex -20.6371 -63.684 0
      vertex -20.7367 -63.6516 0
    endloop
  endfacet
  facet normal 0.284019 0.958819 -0
    outer loop
      vertex -17.377 -64.6497 0
      vertex -20.6371 -63.684 2.8
      vertex -17.377 -64.6497 2.8
    endloop
  endfacet
  facet normal 0.284019 0.958819 0
    outer loop
      vertex -20.6371 -63.684 2.8
      vertex -17.377 -64.6497 0
      vertex -20.6371 -63.684 0
    endloop
  endfacet
  facet normal 0.241477 0.970407 -0
    outer loop
      vertex -17.3123 -64.6658 0
      vertex -17.377 -64.6497 2.8
      vertex -17.3123 -64.6658 2.8
    endloop
  endfacet
  facet normal 0.241477 0.970407 0
    outer loop
      vertex -17.377 -64.6497 2.8
      vertex -17.3123 -64.6658 0
      vertex -17.377 -64.6497 0
    endloop
  endfacet
  facet normal 0.289277 0.957245 -0
    outer loop
      vertex -17.2759 -64.6768 0
      vertex -17.3123 -64.6658 2.8
      vertex -17.2759 -64.6768 2.8
    endloop
  endfacet
  facet normal 0.289277 0.957245 0
    outer loop
      vertex -17.3123 -64.6658 2.8
      vertex -17.2759 -64.6768 0
      vertex -17.3123 -64.6658 0
    endloop
  endfacet
  facet normal 0.233432 0.972373 -0
    outer loop
      vertex -13.9697 -65.4705 0
      vertex -17.2759 -64.6768 2.8
      vertex -13.9697 -65.4705 2.8
    endloop
  endfacet
  facet normal 0.233432 0.972373 0
    outer loop
      vertex -17.2759 -64.6768 2.8
      vertex -13.9697 -65.4705 0
      vertex -17.2759 -64.6768 0
    endloop
  endfacet
  facet normal 0.208224 0.978081 -0
    outer loop
      vertex -13.8673 -65.4923 0
      vertex -13.9697 -65.4705 2.8
      vertex -13.8673 -65.4923 2.8
    endloop
  endfacet
  facet normal 0.208224 0.978081 0
    outer loop
      vertex -13.9697 -65.4705 2.8
      vertex -13.8673 -65.4923 0
      vertex -13.9697 -65.4705 0
    endloop
  endfacet
  facet normal 0.182228 0.983256 -0
    outer loop
      vertex -10.5241 -66.1119 0
      vertex -13.8673 -65.4923 2.8
      vertex -10.5241 -66.1119 2.8
    endloop
  endfacet
  facet normal 0.182228 0.983256 0
    outer loop
      vertex -13.8673 -65.4923 2.8
      vertex -10.5241 -66.1119 0
      vertex -13.8673 -65.4923 0
    endloop
  endfacet
  facet normal 0.156649 0.987654 -0
    outer loop
      vertex -10.4207 -66.1283 0
      vertex -10.5241 -66.1119 2.8
      vertex -10.4207 -66.1283 2.8
    endloop
  endfacet
  facet normal 0.156649 0.987654 0
    outer loop
      vertex -10.5241 -66.1119 2.8
      vertex -10.4207 -66.1283 0
      vertex -10.5241 -66.1119 0
    endloop
  endfacet
  facet normal 0.130524 0.991445 -0
    outer loop
      vertex -7.04964 -66.5721 0
      vertex -10.4207 -66.1283 2.8
      vertex -7.04964 -66.5721 2.8
    endloop
  endfacet
  facet normal 0.130524 0.991445 0
    outer loop
      vertex -10.4207 -66.1283 2.8
      vertex -7.04964 -66.5721 0
      vertex -10.4207 -66.1283 0
    endloop
  endfacet
  facet normal 0.105053 0.994467 -0
    outer loop
      vertex -6.94551 -66.5831 0
      vertex -7.04964 -66.5721 2.8
      vertex -6.94551 -66.5831 2.8
    endloop
  endfacet
  facet normal 0.105053 0.994467 0
    outer loop
      vertex -7.04964 -66.5721 2.8
      vertex -6.94551 -66.5831 0
      vertex -7.04964 -66.5721 0
    endloop
  endfacet
  facet normal 0.0784387 0.996919 -0
    outer loop
      vertex -3.55588 -66.8498 0
      vertex -6.94551 -66.5831 2.8
      vertex -3.55588 -66.8498 2.8
    endloop
  endfacet
  facet normal 0.0784387 0.996919 0
    outer loop
      vertex -6.94551 -66.5831 2.8
      vertex -3.55588 -66.8498 0
      vertex -6.94551 -66.5831 0
    endloop
  endfacet
  facet normal 0.0525237 0.99862 -0
    outer loop
      vertex -3.45131 -66.8553 0
      vertex -3.55588 -66.8498 2.8
      vertex -3.45131 -66.8553 2.8
    endloop
  endfacet
  facet normal 0.0525237 0.99862 0
    outer loop
      vertex -3.55588 -66.8498 2.8
      vertex -3.45131 -66.8553 0
      vertex -3.55588 -66.8498 0
    endloop
  endfacet
  facet normal 0.0261755 0.999657 -0
    outer loop
      vertex -0.0523529 -66.9443 0
      vertex -3.45131 -66.8553 2.8
      vertex -0.0523529 -66.9443 2.8
    endloop
  endfacet
  facet normal 0.0261755 0.999657 0
    outer loop
      vertex -3.45131 -66.8553 2.8
      vertex -0.0523529 -66.9443 0
      vertex -3.45131 -66.8553 0
    endloop
  endfacet
  facet normal 0 1 -0
    outer loop
      vertex 0.0523529 -66.9443 0
      vertex -0.0523529 -66.9443 2.8
      vertex 0.0523529 -66.9443 2.8
    endloop
  endfacet
  facet normal 0 1 0
    outer loop
      vertex -0.0523529 -66.9443 2.8
      vertex 0.0523529 -66.9443 0
      vertex -0.0523529 -66.9443 0
    endloop
  endfacet
  facet normal -0.0261755 0.999657 0
    outer loop
      vertex 3.45131 -66.8553 0
      vertex 0.0523529 -66.9443 2.8
      vertex 3.45131 -66.8553 2.8
    endloop
  endfacet
  facet normal -0.0261755 0.999657 0
    outer loop
      vertex 0.0523529 -66.9443 2.8
      vertex 3.45131 -66.8553 0
      vertex 0.0523529 -66.9443 0
    endloop
  endfacet
  facet normal -0.0525237 0.99862 0
    outer loop
      vertex 3.55588 -66.8498 0
      vertex 3.45131 -66.8553 2.8
      vertex 3.55588 -66.8498 2.8
    endloop
  endfacet
  facet normal -0.0525237 0.99862 0
    outer loop
      vertex 3.45131 -66.8553 2.8
      vertex 3.55588 -66.8498 0
      vertex 3.45131 -66.8553 0
    endloop
  endfacet
  facet normal -0.0784387 0.996919 0
    outer loop
      vertex 6.94551 -66.5831 0
      vertex 3.55588 -66.8498 2.8
      vertex 6.94551 -66.5831 2.8
    endloop
  endfacet
  facet normal -0.0784387 0.996919 0
    outer loop
      vertex 3.55588 -66.8498 2.8
      vertex 6.94551 -66.5831 0
      vertex 3.55588 -66.8498 0
    endloop
  endfacet
  facet normal -0.105053 0.994467 0
    outer loop
      vertex 7.04964 -66.5721 0
      vertex 6.94551 -66.5831 2.8
      vertex 7.04964 -66.5721 2.8
    endloop
  endfacet
  facet normal -0.105053 0.994467 0
    outer loop
      vertex 6.94551 -66.5831 2.8
      vertex 7.04964 -66.5721 0
      vertex 6.94551 -66.5831 0
    endloop
  endfacet
  facet normal -0.130524 0.991445 0
    outer loop
      vertex 10.4207 -66.1283 0
      vertex 7.04964 -66.5721 2.8
      vertex 10.4207 -66.1283 2.8
    endloop
  endfacet
  facet normal -0.130524 0.991445 0
    outer loop
      vertex 7.04964 -66.5721 2.8
      vertex 10.4207 -66.1283 0
      vertex 7.04964 -66.5721 0
    endloop
  endfacet
  facet normal -0.156649 0.987654 0
    outer loop
      vertex 10.5241 -66.1119 0
      vertex 10.4207 -66.1283 2.8
      vertex 10.5241 -66.1119 2.8
    endloop
  endfacet
  facet normal -0.156649 0.987654 0
    outer loop
      vertex 10.4207 -66.1283 2.8
      vertex 10.5241 -66.1119 0
      vertex 10.4207 -66.1283 0
    endloop
  endfacet
  facet normal -0.182228 0.983256 0
    outer loop
      vertex 13.8673 -65.4923 0
      vertex 10.5241 -66.1119 2.8
      vertex 13.8673 -65.4923 2.8
    endloop
  endfacet
  facet normal -0.182228 0.983256 0
    outer loop
      vertex 10.5241 -66.1119 2.8
      vertex 13.8673 -65.4923 0
      vertex 10.5241 -66.1119 0
    endloop
  endfacet
  facet normal -0.208224 0.978081 0
    outer loop
      vertex 13.9697 -65.4705 0
      vertex 13.8673 -65.4923 2.8
      vertex 13.9697 -65.4705 2.8
    endloop
  endfacet
  facet normal -0.208224 0.978081 0
    outer loop
      vertex 13.8673 -65.4923 2.8
      vertex 13.9697 -65.4705 0
      vertex 13.8673 -65.4923 0
    endloop
  endfacet
  facet normal -0.233406 0.972379 0
    outer loop
      vertex 15.5328 -65.0953 0
      vertex 13.9697 -65.4705 2.8
      vertex 15.5328 -65.0953 2.8
    endloop
  endfacet
  facet normal -0.233406 0.972379 0
    outer loop
      vertex 13.9697 -65.4705 2.8
      vertex 15.5328 -65.0953 0
      vertex 13.9697 -65.4705 0
    endloop
  endfacet
  facet normal -0.283985 0.958829 0
    outer loop
      vertex 20.6371 -63.684 0
      vertex 19.0958 -64.1405 2.8
      vertex 20.6371 -63.684 2.8
    endloop
  endfacet
  facet normal -0.283985 0.958829 0
    outer loop
      vertex 19.0958 -64.1405 2.8
      vertex 20.6371 -63.684 0
      vertex 19.0958 -64.1405 0
    endloop
  endfacet
  facet normal -0.309345 0.95095 0
    outer loop
      vertex 20.7367 -63.6516 0
      vertex 20.6371 -63.684 2.8
      vertex 20.7367 -63.6516 2.8
    endloop
  endfacet
  facet normal -0.309345 0.95095 0
    outer loop
      vertex 20.6371 -63.684 2.8
      vertex 20.7367 -63.6516 0
      vertex 20.6371 -63.684 0
    endloop
  endfacet
  facet normal -0.333785 0.942649 0
    outer loop
      vertex 23.9418 -62.5167 0
      vertex 20.7367 -63.6516 2.8
      vertex 23.9418 -62.5167 2.8
    endloop
  endfacet
  facet normal -0.333785 0.942649 0
    outer loop
      vertex 20.7367 -63.6516 2.8
      vertex 23.9418 -62.5167 0
      vertex 20.7367 -63.6516 0
    endloop
  endfacet
  facet normal -0.358851 0.933395 0
    outer loop
      vertex 24.0396 -62.4791 0
      vertex 23.9418 -62.5167 2.8
      vertex 24.0396 -62.4791 2.8
    endloop
  endfacet
  facet normal -0.358851 0.933395 0
    outer loop
      vertex 23.9418 -62.5167 2.8
      vertex 24.0396 -62.4791 0
      vertex 23.9418 -62.5167 0
    endloop
  endfacet
  facet normal -0.382666 0.923887 0
    outer loop
      vertex 27.1809 -61.178 0
      vertex 24.0396 -62.4791 2.8
      vertex 27.1809 -61.178 2.8
    endloop
  endfacet
  facet normal -0.382666 0.923887 0
    outer loop
      vertex 24.0396 -62.4791 2.8
      vertex 27.1809 -61.178 0
      vertex 24.0396 -62.4791 0
    endloop
  endfacet
  facet normal -0.407025 0.913417 0
    outer loop
      vertex 27.2765 -61.1354 0
      vertex 27.1809 -61.178 2.8
      vertex 27.2765 -61.1354 2.8
    endloop
  endfacet
  facet normal -0.407025 0.913417 0
    outer loop
      vertex 27.1809 -61.178 2.8
      vertex 27.2765 -61.1354 0
      vertex 27.1809 -61.178 0
    endloop
  endfacet
  facet normal -0.430513 0.902584 0
    outer loop
      vertex 30.3454 -59.6716 0
      vertex 27.2765 -61.1354 2.8
      vertex 30.3454 -59.6716 2.8
    endloop
  endfacet
  facet normal -0.430513 0.902584 0
    outer loop
      vertex 27.2765 -61.1354 2.8
      vertex 30.3454 -59.6716 0
      vertex 27.2765 -61.1354 0
    endloop
  endfacet
  facet normal -0.454455 0.89077 0
    outer loop
      vertex 30.4387 -59.624 0
      vertex 30.3454 -59.6716 2.8
      vertex 30.4387 -59.624 2.8
    endloop
  endfacet
  facet normal -0.454455 0.89077 0
    outer loop
      vertex 30.3454 -59.6716 2.8
      vertex 30.4387 -59.624 0
      vertex 30.3454 -59.6716 0
    endloop
  endfacet
  facet normal -0.477157 0.878818 0
    outer loop
      vertex 33.4268 -58.0016 0
      vertex 30.4387 -59.624 2.8
      vertex 33.4268 -58.0016 2.8
    endloop
  endfacet
  facet normal -0.477157 0.878818 0
    outer loop
      vertex 30.4387 -59.624 2.8
      vertex 33.4268 -58.0016 0
      vertex 30.4387 -59.624 0
    endloop
  endfacet
  facet normal -0.49953 0.866297 0
    outer loop
      vertex 33.5175 -57.9493 0
      vertex 33.4268 -58.0016 2.8
      vertex 33.5175 -57.9493 2.8
    endloop
  endfacet
  facet normal -0.49953 0.866297 0
    outer loop
      vertex 33.4268 -58.0016 2.8
      vertex 33.5175 -57.9493 0
      vertex 33.4268 -58.0016 0
    endloop
  endfacet
  facet normal -0.522505 0.852636 0
    outer loop
      vertex 36.4166 -56.1727 0
      vertex 33.5175 -57.9493 2.8
      vertex 36.4166 -56.1727 2.8
    endloop
  endfacet
  facet normal -0.522505 0.852636 0
    outer loop
      vertex 33.5175 -57.9493 2.8
      vertex 36.4166 -56.1727 0
      vertex 33.5175 -57.9493 0
    endloop
  endfacet
  facet normal -0.544518 0.838749 0
    outer loop
      vertex 36.5044 -56.1157 0
      vertex 36.4166 -56.1727 2.8
      vertex 36.5044 -56.1157 2.8
    endloop
  endfacet
  facet normal -0.544518 0.838749 0
    outer loop
      vertex 36.4166 -56.1727 2.8
      vertex 36.5044 -56.1157 0
      vertex 36.4166 -56.1727 0
    endloop
  endfacet
  facet normal -0.5664 0.82413 0
    outer loop
      vertex 39.3065 -54.1899 0
      vertex 36.5044 -56.1157 2.8
      vertex 39.3065 -54.1899 2.8
    endloop
  endfacet
  facet normal -0.5664 0.82413 0
    outer loop
      vertex 36.5044 -56.1157 2.8
      vertex 39.3065 -54.1899 0
      vertex 36.5044 -56.1157 0
    endloop
  endfacet
  facet normal -0.588172 0.808736 0
    outer loop
      vertex 39.3912 -54.1283 0
      vertex 39.3065 -54.1899 2.8
      vertex 39.3912 -54.1283 2.8
    endloop
  endfacet
  facet normal -0.588172 0.808736 0
    outer loop
      vertex 39.3065 -54.1899 2.8
      vertex 39.3912 -54.1283 0
      vertex 39.3065 -54.1899 0
    endloop
  endfacet
  facet normal -0.608749 0.793363 0
    outer loop
      vertex 42.0887 -52.0585 0
      vertex 39.3912 -54.1283 2.8
      vertex 42.0887 -52.0585 2.8
    endloop
  endfacet
  facet normal -0.608749 0.793363 0
    outer loop
      vertex 39.3912 -54.1283 2.8
      vertex 42.0887 -52.0585 0
      vertex 39.3912 -54.1283 0
    endloop
  endfacet
  facet normal -0.629226 0.777223 0
    outer loop
      vertex 42.1701 -51.9926 0
      vertex 42.0887 -52.0585 2.8
      vertex 42.1701 -51.9926 2.8
    endloop
  endfacet
  facet normal -0.629226 0.777223 0
    outer loop
      vertex 42.0887 -52.0585 2.8
      vertex 42.1701 -51.9926 0
      vertex 42.0887 -52.0585 0
    endloop
  endfacet
  facet normal -0.649461 0.760395 0
    outer loop
      vertex 44.7556 -49.7843 0
      vertex 42.1701 -51.9926 2.8
      vertex 44.7556 -49.7843 2.8
    endloop
  endfacet
  facet normal -0.649461 0.760395 0
    outer loop
      vertex 42.1701 -51.9926 2.8
      vertex 44.7556 -49.7843 0
      vertex 42.1701 -51.9926 0
    endloop
  endfacet
  facet normal -0.668859 0.743389 0
    outer loop
      vertex 44.8334 -49.7143 0
      vertex 44.7556 -49.7843 2.8
      vertex 44.8334 -49.7143 2.8
    endloop
  endfacet
  facet normal -0.668859 0.743389 0
    outer loop
      vertex 44.7556 -49.7843 2.8
      vertex 44.8334 -49.7143 0
      vertex 44.7556 -49.7843 0
    endloop
  endfacet
  facet normal -0.688365 0.725364 0
    outer loop
      vertex 47.2997 -47.3738 0
      vertex 44.8334 -49.7143 2.8
      vertex 47.2997 -47.3738 2.8
    endloop
  endfacet
  facet normal -0.688365 0.725364 0
    outer loop
      vertex 44.8334 -49.7143 2.8
      vertex 47.2997 -47.3738 0
      vertex 44.8334 -49.7143 0
    endloop
  endfacet
  facet normal -0.718988 0.695022 0
    outer loop
      vertex 47.2997 -47.3738 0
      vertex 47.3461 -47.3258 2.8
      vertex 47.3461 -47.3258 0
    endloop
  endfacet
  facet normal -0.718988 0.695022 0
    outer loop
      vertex 47.3461 -47.3258 2.8
      vertex 47.2997 -47.3738 0
      vertex 47.2997 -47.3738 2.8
    endloop
  endfacet
  facet normal -0.685774 0.727814 0
    outer loop
      vertex 47.3738 -47.2997 0
      vertex 47.3461 -47.3258 2.8
      vertex 47.3738 -47.2997 2.8
    endloop
  endfacet
  facet normal -0.685774 0.727814 0
    outer loop
      vertex 47.3461 -47.3258 2.8
      vertex 47.3738 -47.2997 0
      vertex 47.3461 -47.3258 0
    endloop
  endfacet
  facet normal -0.725364 0.688365 0
    outer loop
      vertex 47.3738 -47.2997 0
      vertex 49.7143 -44.8334 2.8
      vertex 49.7143 -44.8334 0
    endloop
  endfacet
  facet normal -0.725364 0.688365 0
    outer loop
      vertex 49.7143 -44.8334 2.8
      vertex 47.3738 -47.2997 0
      vertex 47.3738 -47.2997 2.8
    endloop
  endfacet
  facet normal -0.743389 0.668859 0
    outer loop
      vertex 49.7143 -44.8334 0
      vertex 49.7843 -44.7556 2.8
      vertex 49.7843 -44.7556 0
    endloop
  endfacet
  facet normal -0.743389 0.668859 0
    outer loop
      vertex 49.7843 -44.7556 2.8
      vertex 49.7143 -44.8334 0
      vertex 49.7143 -44.8334 2.8
    endloop
  endfacet
  facet normal -0.760395 0.649461 0
    outer loop
      vertex 49.7843 -44.7556 0
      vertex 51.9926 -42.1701 2.8
      vertex 51.9926 -42.1701 0
    endloop
  endfacet
  facet normal -0.760395 0.649461 0
    outer loop
      vertex 51.9926 -42.1701 2.8
      vertex 49.7843 -44.7556 0
      vertex 49.7843 -44.7556 2.8
    endloop
  endfacet
  facet normal -0.777223 0.629226 0
    outer loop
      vertex 51.9926 -42.1701 0
      vertex 52.0585 -42.0887 2.8
      vertex 52.0585 -42.0887 0
    endloop
  endfacet
  facet normal -0.777223 0.629226 0
    outer loop
      vertex 52.0585 -42.0887 2.8
      vertex 51.9926 -42.1701 0
      vertex 51.9926 -42.1701 2.8
    endloop
  endfacet
  facet normal -0.793363 0.608749 0
    outer loop
      vertex 52.0585 -42.0887 0
      vertex 54.1283 -39.3912 2.8
      vertex 54.1283 -39.3912 0
    endloop
  endfacet
  facet normal -0.793363 0.608749 0
    outer loop
      vertex 54.1283 -39.3912 2.8
      vertex 52.0585 -42.0887 0
      vertex 52.0585 -42.0887 2.8
    endloop
  endfacet
  facet normal -0.808736 0.588172 0
    outer loop
      vertex 54.1283 -39.3912 0
      vertex 54.1899 -39.3065 2.8
      vertex 54.1899 -39.3065 0
    endloop
  endfacet
  facet normal -0.808736 0.588172 0
    outer loop
      vertex 54.1899 -39.3065 2.8
      vertex 54.1283 -39.3912 0
      vertex 54.1283 -39.3912 2.8
    endloop
  endfacet
  facet normal -0.82413 0.5664 0
    outer loop
      vertex 54.1899 -39.3065 0
      vertex 56.1157 -36.5044 2.8
      vertex 56.1157 -36.5044 0
    endloop
  endfacet
  facet normal -0.82413 0.5664 0
    outer loop
      vertex 56.1157 -36.5044 2.8
      vertex 54.1899 -39.3065 0
      vertex 54.1899 -39.3065 2.8
    endloop
  endfacet
  facet normal -0.838749 0.544518 0
    outer loop
      vertex 56.1157 -36.5044 0
      vertex 56.1727 -36.4166 2.8
      vertex 56.1727 -36.4166 0
    endloop
  endfacet
  facet normal -0.838749 0.544518 0
    outer loop
      vertex 56.1727 -36.4166 2.8
      vertex 56.1157 -36.5044 0
      vertex 56.1157 -36.5044 2.8
    endloop
  endfacet
  facet normal -0.852636 0.522505 0
    outer loop
      vertex 56.1727 -36.4166 0
      vertex 57.9493 -33.5175 2.8
      vertex 57.9493 -33.5175 0
    endloop
  endfacet
  facet normal -0.852636 0.522505 0
    outer loop
      vertex 57.9493 -33.5175 2.8
      vertex 56.1727 -36.4166 0
      vertex 56.1727 -36.4166 2.8
    endloop
  endfacet
  facet normal -0.866297 0.49953 0
    outer loop
      vertex 57.9493 -33.5175 0
      vertex 58.0016 -33.4268 2.8
      vertex 58.0016 -33.4268 0
    endloop
  endfacet
  facet normal -0.866297 0.49953 0
    outer loop
      vertex 58.0016 -33.4268 2.8
      vertex 57.9493 -33.5175 0
      vertex 57.9493 -33.5175 2.8
    endloop
  endfacet
  facet normal -0.878818 0.477157 0
    outer loop
      vertex 58.0016 -33.4268 0
      vertex 59.624 -30.4387 2.8
      vertex 59.624 -30.4387 0
    endloop
  endfacet
  facet normal -0.878818 0.477157 0
    outer loop
      vertex 59.624 -30.4387 2.8
      vertex 58.0016 -33.4268 0
      vertex 58.0016 -33.4268 2.8
    endloop
  endfacet
  facet normal -0.89077 0.454455 0
    outer loop
      vertex 59.624 -30.4387 0
      vertex 59.6716 -30.3454 2.8
      vertex 59.6716 -30.3454 0
    endloop
  endfacet
  facet normal -0.89077 0.454455 0
    outer loop
      vertex 59.6716 -30.3454 2.8
      vertex 59.624 -30.4387 0
      vertex 59.624 -30.4387 2.8
    endloop
  endfacet
  facet normal -0.902584 0.430513 0
    outer loop
      vertex 59.6716 -30.3454 0
      vertex 61.1354 -27.2765 2.8
      vertex 61.1354 -27.2765 0
    endloop
  endfacet
  facet normal -0.902584 0.430513 0
    outer loop
      vertex 61.1354 -27.2765 2.8
      vertex 59.6716 -30.3454 0
      vertex 59.6716 -30.3454 2.8
    endloop
  endfacet
  facet normal -0.913417 0.407025 0
    outer loop
      vertex 61.1354 -27.2765 0
      vertex 61.178 -27.1809 2.8
      vertex 61.178 -27.1809 0
    endloop
  endfacet
  facet normal -0.913417 0.407025 0
    outer loop
      vertex 61.178 -27.1809 2.8
      vertex 61.1354 -27.2765 0
      vertex 61.1354 -27.2765 2.8
    endloop
  endfacet
  facet normal -0.923887 0.382666 0
    outer loop
      vertex 61.178 -27.1809 0
      vertex 62.4791 -24.0396 2.8
      vertex 62.4791 -24.0396 0
    endloop
  endfacet
  facet normal -0.923887 0.382666 0
    outer loop
      vertex 62.4791 -24.0396 2.8
      vertex 61.178 -27.1809 0
      vertex 61.178 -27.1809 2.8
    endloop
  endfacet
  facet normal -0.933395 0.358851 0
    outer loop
      vertex 62.4791 -24.0396 0
      vertex 62.5167 -23.9418 2.8
      vertex 62.5167 -23.9418 0
    endloop
  endfacet
  facet normal -0.933395 0.358851 0
    outer loop
      vertex 62.5167 -23.9418 2.8
      vertex 62.4791 -24.0396 0
      vertex 62.4791 -24.0396 2.8
    endloop
  endfacet
  facet normal -0.942649 0.333785 0
    outer loop
      vertex 62.5167 -23.9418 0
      vertex 63.6516 -20.7367 2.8
      vertex 63.6516 -20.7367 0
    endloop
  endfacet
  facet normal -0.942649 0.333785 0
    outer loop
      vertex 63.6516 -20.7367 2.8
      vertex 62.5167 -23.9418 0
      vertex 62.5167 -23.9418 2.8
    endloop
  endfacet
  facet normal -0.95095 0.309345 0
    outer loop
      vertex 63.6516 -20.7367 0
      vertex 63.684 -20.6371 2.8
      vertex 63.684 -20.6371 0
    endloop
  endfacet
  facet normal -0.95095 0.309345 0
    outer loop
      vertex 63.684 -20.6371 2.8
      vertex 63.6516 -20.7367 0
      vertex 63.6516 -20.7367 2.8
    endloop
  endfacet
  facet normal -0.958819 0.284019 0
    outer loop
      vertex 63.684 -20.6371 0
      vertex 64.6497 -17.377 2.8
      vertex 64.6497 -17.377 0
    endloop
  endfacet
  facet normal -0.958819 0.284019 0
    outer loop
      vertex 64.6497 -17.377 2.8
      vertex 63.684 -20.6371 0
      vertex 63.684 -20.6371 2.8
    endloop
  endfacet
  facet normal -0.970407 0.241477 0
    outer loop
      vertex 64.6497 -17.377 0
      vertex 64.6658 -17.3123 2.8
      vertex 64.6658 -17.3123 0
    endloop
  endfacet
  facet normal -0.970407 0.241477 0
    outer loop
      vertex 64.6658 -17.3123 2.8
      vertex 64.6497 -17.377 0
      vertex 64.6497 -17.377 2.8
    endloop
  endfacet
  facet normal -0.216479 -0.976287 0
    outer loop
      vertex 66.0563 19.717 0
      vertex 66.2394 19.6764 2.8
      vertex 66.0563 19.717 2.8
    endloop
  endfacet
  facet normal -0.216479 -0.976287 -0
    outer loop
      vertex 66.2394 19.6764 2.8
      vertex 66.0563 19.717 0
      vertex 66.2394 19.6764 0
    endloop
  endfacet
  facet normal -0.991427 -0.130661 0
    outer loop
      vertex 67.8248 17.7871 0
      vertex 67.8003 17.973 2.8
      vertex 67.8003 17.973 0
    endloop
  endfacet
  facet normal -0.991427 -0.130661 0
    outer loop
      vertex 67.8003 17.973 2.8
      vertex 67.8248 17.7871 0
      vertex 67.8248 17.7871 2.8
    endloop
  endfacet
  facet normal -0.999044 -0.0437148 0
    outer loop
      vertex 67.833 17.5997 0
      vertex 67.8248 17.7871 2.8
      vertex 67.8248 17.7871 0
    endloop
  endfacet
  facet normal -0.999044 -0.0437148 0
    outer loop
      vertex 67.8248 17.7871 2.8
      vertex 67.833 17.5997 0
      vertex 67.833 17.5997 2.8
    endloop
  endfacet
  facet normal -0.976312 -0.216366 0
    outer loop
      vertex 67.8003 17.973 0
      vertex 67.7597 18.1562 2.8
      vertex 67.7597 18.1562 0
    endloop
  endfacet
  facet normal -0.976312 -0.216366 0
    outer loop
      vertex 67.7597 18.1562 2.8
      vertex 67.8003 17.973 0
      vertex 67.8003 17.973 2.8
    endloop
  endfacet
  facet normal -0.300672 -0.953728 0
    outer loop
      vertex 66.2394 19.6764 0
      vertex 66.4183 19.62 2.8
      vertex 66.2394 19.6764 2.8
    endloop
  endfacet
  facet normal -0.300672 -0.953728 -0
    outer loop
      vertex 66.4183 19.62 2.8
      vertex 66.2394 19.6764 0
      vertex 66.4183 19.62 0
    endloop
  endfacet
  facet normal 0.130592 -0.991436 0
    outer loop
      vertex 65.3096 19.717 0
      vertex 65.4956 19.7415 2.8
      vertex 65.3096 19.717 2.8
    endloop
  endfacet
  facet normal 0.130592 -0.991436 0
    outer loop
      vertex 65.4956 19.7415 2.8
      vertex 65.3096 19.717 0
      vertex 65.4956 19.7415 0
    endloop
  endfacet
  facet normal -0.5376 0.8432 0
    outer loop
      vertex 66.9161 15.8385 0
      vertex 66.758 15.7377 2.8
      vertex 66.9161 15.8385 2.8
    endloop
  endfacet
  facet normal -0.5376 0.8432 0
    outer loop
      vertex 66.758 15.7377 2.8
      vertex 66.9161 15.8385 0
      vertex 66.758 15.7377 0
    endloop
  endfacet
  facet normal -0.216479 0.976287 0
    outer loop
      vertex 66.2394 15.523 0
      vertex 66.0563 15.4824 2.8
      vertex 66.2394 15.523 2.8
    endloop
  endfacet
  facet normal -0.216479 0.976287 0
    outer loop
      vertex 66.0563 15.4824 2.8
      vertex 66.2394 15.523 0
      vertex 66.0563 15.4824 0
    endloop
  endfacet
  facet normal -0.976312 0.216366 0
    outer loop
      vertex 67.7597 17.0432 0
      vertex 67.8003 17.2264 2.8
      vertex 67.8003 17.2264 0
    endloop
  endfacet
  facet normal -0.976312 0.216366 0
    outer loop
      vertex 67.8003 17.2264 2.8
      vertex 67.7597 17.0432 0
      vertex 67.7597 17.0432 2.8
    endloop
  endfacet
  facet normal 0.300672 -0.953728 0
    outer loop
      vertex 64.9476 19.62 0
      vertex 65.1265 19.6764 2.8
      vertex 64.9476 19.62 2.8
    endloop
  endfacet
  facet normal 0.300672 -0.953728 0
    outer loop
      vertex 65.1265 19.6764 2.8
      vertex 64.9476 19.62 0
      vertex 65.1265 19.6764 0
    endloop
  endfacet
  facet normal -0.793297 0.608834 0
    outer loop
      vertex 67.3299 16.2177 0
      vertex 67.4441 16.3665 2.8
      vertex 67.4441 16.3665 0
    endloop
  endfacet
  facet normal -0.793297 0.608834 0
    outer loop
      vertex 67.4441 16.3665 2.8
      vertex 67.3299 16.2177 0
      vertex 67.3299 16.2177 2.8
    endloop
  endfacet
  facet normal 0.216479 -0.976287 0
    outer loop
      vertex 65.1265 19.6764 0
      vertex 65.3096 19.717 2.8
      vertex 65.1265 19.6764 2.8
    endloop
  endfacet
  facet normal 0.216479 -0.976287 0
    outer loop
      vertex 65.3096 19.717 2.8
      vertex 65.1265 19.6764 0
      vertex 65.3096 19.717 0
    endloop
  endfacet
  facet normal -0.537221 -0.843442 0
    outer loop
      vertex 66.758 19.4616 0
      vertex 66.9161 19.3609 2.8
      vertex 66.758 19.4616 2.8
    endloop
  endfacet
  facet normal -0.537221 -0.843442 -0
    outer loop
      vertex 66.9161 19.3609 2.8
      vertex 66.758 19.4616 0
      vertex 66.9161 19.3609 0
    endloop
  endfacet
  facet normal -0.737353 -0.675507 0
    outer loop
      vertex 67.3299 18.9817 0
      vertex 67.2032 19.12 2.8
      vertex 67.2032 19.12 0
    endloop
  endfacet
  facet normal -0.737353 -0.675507 0
    outer loop
      vertex 67.2032 19.12 2.8
      vertex 67.3299 18.9817 0
      vertex 67.3299 18.9817 2.8
    endloop
  endfacet
  facet normal -0.130592 0.991436 0
    outer loop
      vertex 66.0563 15.4824 0
      vertex 65.8703 15.4579 2.8
      vertex 66.0563 15.4824 2.8
    endloop
  endfacet
  facet normal -0.130592 0.991436 0
    outer loop
      vertex 65.8703 15.4579 2.8
      vertex 66.0563 15.4824 0
      vertex 65.8703 15.4579 0
    endloop
  endfacet
  facet normal 0.736901 -0.676 0
    outer loop
      vertex 64.1405 19.0958 2.8
      vertex 64.1627 19.12 0
      vertex 64.1627 19.12 2.8
    endloop
  endfacet
  facet normal 0.736901 -0.676 0
    outer loop
      vertex 64.1627 19.12 0
      vertex 64.1405 19.0958 2.8
      vertex 64.1405 19.0958 0
    endloop
  endfacet
  facet normal -0.462074 -0.886841 0
    outer loop
      vertex 66.5916 19.5483 0
      vertex 66.758 19.4616 2.8
      vertex 66.5916 19.5483 2.8
    endloop
  endfacet
  facet normal -0.462074 -0.886841 -0
    outer loop
      vertex 66.758 19.4616 2.8
      vertex 66.5916 19.5483 0
      vertex 66.758 19.4616 0
    endloop
  endfacet
  facet normal 0.608834 -0.793297 0
    outer loop
      vertex 64.301 19.2467 0
      vertex 64.4498 19.3609 2.8
      vertex 64.301 19.2467 2.8
    endloop
  endfacet
  facet normal 0.608834 -0.793297 0
    outer loop
      vertex 64.4498 19.3609 2.8
      vertex 64.301 19.2467 0
      vertex 64.4498 19.3609 0
    endloop
  endfacet
  facet normal -0.608834 -0.793297 0
    outer loop
      vertex 66.9161 19.3609 0
      vertex 67.0649 19.2467 2.8
      vertex 66.9161 19.3609 2.8
    endloop
  endfacet
  facet normal -0.608834 -0.793297 -0
    outer loop
      vertex 67.0649 19.2467 2.8
      vertex 66.9161 19.3609 0
      vertex 67.0649 19.2467 0
    endloop
  endfacet
  facet normal -0.793297 -0.608834 0
    outer loop
      vertex 67.4441 18.8329 0
      vertex 67.3299 18.9817 2.8
      vertex 67.3299 18.9817 0
    endloop
  endfacet
  facet normal -0.793297 -0.608834 0
    outer loop
      vertex 67.3299 18.9817 2.8
      vertex 67.4441 18.8329 0
      vertex 67.4441 18.8329 2.8
    endloop
  endfacet
  facet normal -0.999044 0.0437148 0
    outer loop
      vertex 67.8248 17.4123 0
      vertex 67.833 17.5997 2.8
      vertex 67.833 17.5997 0
    endloop
  endfacet
  facet normal -0.999044 0.0437148 0
    outer loop
      vertex 67.833 17.5997 2.8
      vertex 67.8248 17.4123 0
      vertex 67.8248 17.4123 2.8
    endloop
  endfacet
  facet normal -0.461655 0.88706 0
    outer loop
      vertex 66.758 15.7377 0
      vertex 66.5916 15.6511 2.8
      vertex 66.758 15.7377 2.8
    endloop
  endfacet
  facet normal -0.461655 0.88706 0
    outer loop
      vertex 66.5916 15.6511 2.8
      vertex 66.758 15.7377 0
      vertex 66.5916 15.6511 0
    endloop
  endfacet
  facet normal -0.300672 0.953728 0
    outer loop
      vertex 66.4183 15.5794 0
      vertex 66.2394 15.523 2.8
      vertex 66.4183 15.5794 2.8
    endloop
  endfacet
  facet normal -0.300672 0.953728 0
    outer loop
      vertex 66.2394 15.523 2.8
      vertex 66.4183 15.5794 0
      vertex 66.2394 15.523 0
    endloop
  endfacet
  facet normal -0.843354 -0.537358 0
    outer loop
      vertex 67.5449 18.6747 0
      vertex 67.4441 18.8329 2.8
      vertex 67.4441 18.8329 0
    endloop
  endfacet
  facet normal -0.843354 -0.537358 0
    outer loop
      vertex 67.4441 18.8329 2.8
      vertex 67.5449 18.6747 0
      vertex 67.5449 18.6747 2.8
    endloop
  endfacet
  facet normal 0.299668 0.954044 -0
    outer loop
      vertex 65.1265 15.523 0
      vertex 65.0953 15.5328 2.8
      vertex 65.1265 15.523 2.8
    endloop
  endfacet
  facet normal 0.299668 0.954044 0
    outer loop
      vertex 65.0953 15.5328 2.8
      vertex 65.1265 15.523 0
      vertex 65.0953 15.5328 0
    endloop
  endfacet
  facet normal -0.953679 -0.300825 0
    outer loop
      vertex 67.7597 18.1562 0
      vertex 67.7033 18.335 2.8
      vertex 67.7033 18.335 0
    endloop
  endfacet
  facet normal -0.953679 -0.300825 0
    outer loop
      vertex 67.7033 18.335 2.8
      vertex 67.7597 18.1562 0
      vertex 67.7597 18.1562 2.8
    endloop
  endfacet
  facet normal -0.88706 0.461655 0
    outer loop
      vertex 67.5449 16.5247 0
      vertex 67.6315 16.6911 2.8
      vertex 67.6315 16.6911 0
    endloop
  endfacet
  facet normal -0.88706 0.461655 0
    outer loop
      vertex 67.6315 16.6911 2.8
      vertex 67.5449 16.5247 0
      vertex 67.5449 16.5247 2.8
    endloop
  endfacet
  facet normal -0.953679 0.300825 0
    outer loop
      vertex 67.7033 16.8644 0
      vertex 67.7597 17.0432 2.8
      vertex 67.7597 17.0432 0
    endloop
  endfacet
  facet normal -0.953679 0.300825 0
    outer loop
      vertex 67.7597 17.0432 2.8
      vertex 67.7033 16.8644 0
      vertex 67.7033 16.8644 2.8
    endloop
  endfacet
  facet normal 0.130592 0.991436 -0
    outer loop
      vertex 65.4956 15.4579 0
      vertex 65.3096 15.4824 2.8
      vertex 65.4956 15.4579 2.8
    endloop
  endfacet
  facet normal 0.130592 0.991436 0
    outer loop
      vertex 65.3096 15.4824 2.8
      vertex 65.4956 15.4579 0
      vertex 65.3096 15.4824 0
    endloop
  endfacet
  facet normal -0.675507 -0.737353 0
    outer loop
      vertex 67.0649 19.2467 0
      vertex 67.2032 19.12 2.8
      vertex 67.0649 19.2467 2.8
    endloop
  endfacet
  facet normal -0.675507 -0.737353 -0
    outer loop
      vertex 67.2032 19.12 2.8
      vertex 67.0649 19.2467 0
      vertex 67.2032 19.12 0
    endloop
  endfacet
  facet normal -0.130592 -0.991436 0
    outer loop
      vertex 65.8703 19.7415 0
      vertex 66.0563 19.717 2.8
      vertex 65.8703 19.7415 2.8
    endloop
  endfacet
  facet normal -0.130592 -0.991436 -0
    outer loop
      vertex 66.0563 19.717 2.8
      vertex 65.8703 19.7415 0
      vertex 66.0563 19.717 0
    endloop
  endfacet
  facet normal -0.843354 0.537358 0
    outer loop
      vertex 67.4441 16.3665 0
      vertex 67.5449 16.5247 2.8
      vertex 67.5449 16.5247 0
    endloop
  endfacet
  facet normal -0.843354 0.537358 0
    outer loop
      vertex 67.5449 16.5247 2.8
      vertex 67.4441 16.3665 0
      vertex 67.4441 16.3665 2.8
    endloop
  endfacet
  facet normal -0.608834 0.793297 0
    outer loop
      vertex 67.0649 15.9527 0
      vertex 66.9161 15.8385 2.8
      vertex 67.0649 15.9527 2.8
    endloop
  endfacet
  facet normal -0.608834 0.793297 0
    outer loop
      vertex 66.9161 15.8385 2.8
      vertex 67.0649 15.9527 0
      vertex 66.9161 15.8385 0
    endloop
  endfacet
  facet normal -0.923848 0.38276 0
    outer loop
      vertex 67.6315 16.6911 0
      vertex 67.7033 16.8644 2.8
      vertex 67.7033 16.8644 0
    endloop
  endfacet
  facet normal -0.923848 0.38276 0
    outer loop
      vertex 67.7033 16.8644 2.8
      vertex 67.6315 16.6911 0
      vertex 67.6315 16.6911 2.8
    endloop
  endfacet
  facet normal -0.923848 -0.38276 0
    outer loop
      vertex 67.7033 18.335 0
      vertex 67.6315 18.5083 2.8
      vertex 67.6315 18.5083 0
    endloop
  endfacet
  facet normal -0.923848 -0.38276 0
    outer loop
      vertex 67.6315 18.5083 2.8
      vertex 67.7033 18.335 0
      vertex 67.7033 18.335 2.8
    endloop
  endfacet
  facet normal 0.0437148 0.999044 -0
    outer loop
      vertex 65.683 15.4497 0
      vertex 65.4956 15.4579 2.8
      vertex 65.683 15.4497 2.8
    endloop
  endfacet
  facet normal 0.0437148 0.999044 0
    outer loop
      vertex 65.4956 15.4579 2.8
      vertex 65.683 15.4497 0
      vertex 65.4956 15.4579 0
    endloop
  endfacet
  facet normal -0.382305 0.924036 0
    outer loop
      vertex 66.5916 15.6511 0
      vertex 66.4183 15.5794 2.8
      vertex 66.5916 15.6511 2.8
    endloop
  endfacet
  facet normal -0.382305 0.924036 0
    outer loop
      vertex 66.4183 15.5794 2.8
      vertex 66.5916 15.6511 0
      vertex 66.4183 15.5794 0
    endloop
  endfacet
  facet normal -0.88706 -0.461655 0
    outer loop
      vertex 67.6315 18.5083 0
      vertex 67.5449 18.6747 2.8
      vertex 67.5449 18.6747 0
    endloop
  endfacet
  facet normal -0.88706 -0.461655 0
    outer loop
      vertex 67.5449 18.6747 2.8
      vertex 67.6315 18.5083 0
      vertex 67.6315 18.5083 2.8
    endloop
  endfacet
  facet normal 0.536979 -0.843596 0
    outer loop
      vertex 64.4498 19.3609 0
      vertex 64.608 19.4616 2.8
      vertex 64.4498 19.3609 2.8
    endloop
  endfacet
  facet normal 0.536979 -0.843596 0
    outer loop
      vertex 64.608 19.4616 2.8
      vertex 64.4498 19.3609 0
      vertex 64.608 19.4616 0
    endloop
  endfacet
  facet normal 0.675507 -0.737353 0
    outer loop
      vertex 64.1627 19.12 0
      vertex 64.301 19.2467 2.8
      vertex 64.1627 19.12 2.8
    endloop
  endfacet
  facet normal 0.675507 -0.737353 0
    outer loop
      vertex 64.301 19.2467 2.8
      vertex 64.1627 19.12 0
      vertex 64.301 19.2467 0
    endloop
  endfacet
  facet normal 0.382305 -0.924036 0
    outer loop
      vertex 64.7743 19.5483 0
      vertex 64.9476 19.62 2.8
      vertex 64.7743 19.5483 2.8
    endloop
  endfacet
  facet normal 0.382305 -0.924036 0
    outer loop
      vertex 64.9476 19.62 2.8
      vertex 64.7743 19.5483 0
      vertex 64.9476 19.62 0
    endloop
  endfacet
  facet normal -0.382305 -0.924036 0
    outer loop
      vertex 66.4183 19.62 0
      vertex 66.5916 19.5483 2.8
      vertex 66.4183 19.62 2.8
    endloop
  endfacet
  facet normal -0.382305 -0.924036 -0
    outer loop
      vertex 66.5916 19.5483 2.8
      vertex 66.4183 19.62 0
      vertex 66.5916 19.5483 0
    endloop
  endfacet
  facet normal -0.0437381 0.999043 0
    outer loop
      vertex 65.8703 15.4579 0
      vertex 65.683 15.4497 2.8
      vertex 65.8703 15.4579 2.8
    endloop
  endfacet
  facet normal -0.0437381 0.999043 0
    outer loop
      vertex 65.683 15.4497 2.8
      vertex 65.8703 15.4579 0
      vertex 65.683 15.4497 0
    endloop
  endfacet
  facet normal 0.462293 -0.886727 0
    outer loop
      vertex 64.608 19.4616 0
      vertex 64.7743 19.5483 2.8
      vertex 64.608 19.4616 2.8
    endloop
  endfacet
  facet normal 0.462293 -0.886727 0
    outer loop
      vertex 64.7743 19.5483 2.8
      vertex 64.608 19.4616 0
      vertex 64.7743 19.5483 0
    endloop
  endfacet
  facet normal 0.0437148 -0.999044 0
    outer loop
      vertex 65.4956 19.7415 0
      vertex 65.683 19.7497 2.8
      vertex 65.4956 19.7415 2.8
    endloop
  endfacet
  facet normal 0.0437148 -0.999044 0
    outer loop
      vertex 65.683 19.7497 2.8
      vertex 65.4956 19.7415 0
      vertex 65.683 19.7497 0
    endloop
  endfacet
  facet normal -0.991427 0.130661 0
    outer loop
      vertex 67.8003 17.2264 0
      vertex 67.8248 17.4123 2.8
      vertex 67.8248 17.4123 0
    endloop
  endfacet
  facet normal -0.991427 0.130661 0
    outer loop
      vertex 67.8248 17.4123 2.8
      vertex 67.8003 17.2264 0
      vertex 67.8003 17.2264 2.8
    endloop
  endfacet
  facet normal -0.737353 0.675507 0
    outer loop
      vertex 67.2032 16.0794 0
      vertex 67.3299 16.2177 2.8
      vertex 67.3299 16.2177 0
    endloop
  endfacet
  facet normal -0.737353 0.675507 0
    outer loop
      vertex 67.3299 16.2177 2.8
      vertex 67.2032 16.0794 0
      vertex 67.2032 16.0794 2.8
    endloop
  endfacet
  facet normal 0.216479 0.976287 -0
    outer loop
      vertex 65.3096 15.4824 0
      vertex 65.1265 15.523 2.8
      vertex 65.3096 15.4824 2.8
    endloop
  endfacet
  facet normal 0.216479 0.976287 0
    outer loop
      vertex 65.1265 15.523 2.8
      vertex 65.3096 15.4824 0
      vertex 65.1265 15.523 0
    endloop
  endfacet
  facet normal -0.675507 0.737353 0
    outer loop
      vertex 67.2032 16.0794 0
      vertex 67.0649 15.9527 2.8
      vertex 67.2032 16.0794 2.8
    endloop
  endfacet
  facet normal -0.675507 0.737353 0
    outer loop
      vertex 67.0649 15.9527 2.8
      vertex 67.2032 16.0794 0
      vertex 67.0649 15.9527 0
    endloop
  endfacet
  facet normal -0.0437381 -0.999043 0
    outer loop
      vertex 65.683 19.7497 0
      vertex 65.8703 19.7415 2.8
      vertex 65.683 19.7497 2.8
    endloop
  endfacet
  facet normal -0.0437381 -0.999043 -0
    outer loop
      vertex 65.8703 19.7415 2.8
      vertex 65.683 19.7497 0
      vertex 65.8703 19.7415 0
    endloop
  endfacet
  facet normal -0.991436 -0.130592 0
    outer loop
      vertex -15.4579 65.8703 0
      vertex -15.4824 66.0563 2.8
      vertex -15.4824 66.0563 0
    endloop
  endfacet
  facet normal -0.991436 -0.130592 0
    outer loop
      vertex -15.4824 66.0563 2.8
      vertex -15.4579 65.8703 0
      vertex -15.4579 65.8703 2.8
    endloop
  endfacet
  facet normal -0.999043 -0.0437381 0
    outer loop
      vertex -15.4497 65.683 0
      vertex -15.4579 65.8703 2.8
      vertex -15.4579 65.8703 0
    endloop
  endfacet
  facet normal -0.999043 -0.0437381 0
    outer loop
      vertex -15.4579 65.8703 2.8
      vertex -15.4497 65.683 0
      vertex -15.4497 65.683 2.8
    endloop
  endfacet
  facet normal -0.976287 -0.216479 0
    outer loop
      vertex -15.4824 66.0563 0
      vertex -15.523 66.2394 2.8
      vertex -15.523 66.2394 0
    endloop
  endfacet
  facet normal -0.976287 -0.216479 0
    outer loop
      vertex -15.523 66.2394 2.8
      vertex -15.4824 66.0563 0
      vertex -15.4824 66.0563 2.8
    endloop
  endfacet
  facet normal -0.793297 -0.608834 0
    outer loop
      vertex -15.8385 66.9161 0
      vertex -15.9527 67.0649 2.8
      vertex -15.9527 67.0649 0
    endloop
  endfacet
  facet normal -0.793297 -0.608834 0
    outer loop
      vertex -15.9527 67.0649 2.8
      vertex -15.8385 66.9161 0
      vertex -15.8385 66.9161 2.8
    endloop
  endfacet
  facet normal -0.953728 -0.300672 0
    outer loop
      vertex -15.523 66.2394 0
      vertex -15.5794 66.4183 2.8
      vertex -15.5794 66.4183 0
    endloop
  endfacet
  facet normal -0.953728 -0.300672 0
    outer loop
      vertex -15.5794 66.4183 2.8
      vertex -15.523 66.2394 0
      vertex -15.523 66.2394 2.8
    endloop
  endfacet
  facet normal -0.737353 -0.675507 0
    outer loop
      vertex -15.9527 67.0649 0
      vertex -16.0794 67.2032 2.8
      vertex -16.0794 67.2032 0
    endloop
  endfacet
  facet normal -0.737353 -0.675507 0
    outer loop
      vertex -16.0794 67.2032 2.8
      vertex -15.9527 67.0649 0
      vertex -15.9527 67.0649 2.8
    endloop
  endfacet
  facet normal 0.991436 -0.130592 0
    outer loop
      vertex -19.7415 65.8703 2.8
      vertex -19.717 66.0563 0
      vertex -19.717 66.0563 2.8
    endloop
  endfacet
  facet normal 0.991436 -0.130592 0
    outer loop
      vertex -19.717 66.0563 0
      vertex -19.7415 65.8703 2.8
      vertex -19.7415 65.8703 0
    endloop
  endfacet
  facet normal -0.461655 -0.88706 0
    outer loop
      vertex -16.6911 67.6315 0
      vertex -16.5247 67.5449 2.8
      vertex -16.6911 67.6315 2.8
    endloop
  endfacet
  facet normal -0.461655 -0.88706 -0
    outer loop
      vertex -16.5247 67.5449 2.8
      vertex -16.6911 67.6315 0
      vertex -16.5247 67.5449 0
    endloop
  endfacet
  facet normal -0.999044 0.0437148 0
    outer loop
      vertex -15.4579 65.4956 0
      vertex -15.4497 65.683 2.8
      vertex -15.4497 65.683 0
    endloop
  endfacet
  facet normal -0.999044 0.0437148 0
    outer loop
      vertex -15.4497 65.683 2.8
      vertex -15.4579 65.4956 0
      vertex -15.4579 65.4956 2.8
    endloop
  endfacet
  facet normal 0.924036 -0.382305 0
    outer loop
      vertex -19.62 66.4183 2.8
      vertex -19.5483 66.5916 0
      vertex -19.5483 66.5916 2.8
    endloop
  endfacet
  facet normal 0.924036 -0.382305 0
    outer loop
      vertex -19.5483 66.5916 0
      vertex -19.62 66.4183 2.8
      vertex -19.62 66.4183 0
    endloop
  endfacet
  facet normal 0.976287 -0.216479 0
    outer loop
      vertex -19.717 66.0563 2.8
      vertex -19.6764 66.2394 0
      vertex -19.6764 66.2394 2.8
    endloop
  endfacet
  facet normal 0.976287 -0.216479 0
    outer loop
      vertex -19.6764 66.2394 0
      vertex -19.717 66.0563 2.8
      vertex -19.717 66.0563 0
    endloop
  endfacet
  facet normal 0.953728 0.300672 0
    outer loop
      vertex -19.62 64.9476 2.8
      vertex -19.6764 65.1265 0
      vertex -19.6764 65.1265 2.8
    endloop
  endfacet
  facet normal 0.953728 0.300672 0
    outer loop
      vertex -19.6764 65.1265 0
      vertex -19.62 64.9476 2.8
      vertex -19.62 64.9476 0
    endloop
  endfacet
  facet normal 0.461655 -0.88706 0
    outer loop
      vertex -18.6747 67.5449 0
      vertex -18.5083 67.6315 2.8
      vertex -18.6747 67.5449 2.8
    endloop
  endfacet
  facet normal 0.461655 -0.88706 0
    outer loop
      vertex -18.5083 67.6315 2.8
      vertex -18.6747 67.5449 0
      vertex -18.5083 67.6315 0
    endloop
  endfacet
  facet normal -0.976287 0.216479 0
    outer loop
      vertex -15.523 65.1265 0
      vertex -15.4824 65.3096 2.8
      vertex -15.4824 65.3096 0
    endloop
  endfacet
  facet normal -0.976287 0.216479 0
    outer loop
      vertex -15.4824 65.3096 2.8
      vertex -15.523 65.1265 0
      vertex -15.523 65.1265 2.8
    endloop
  endfacet
  facet normal 0.999043 -0.0437381 0
    outer loop
      vertex -19.7497 65.683 2.8
      vertex -19.7415 65.8703 0
      vertex -19.7415 65.8703 2.8
    endloop
  endfacet
  facet normal 0.999043 -0.0437381 0
    outer loop
      vertex -19.7415 65.8703 0
      vertex -19.7497 65.683 2.8
      vertex -19.7497 65.683 0
    endloop
  endfacet
  facet normal 0.886841 -0.462074 0
    outer loop
      vertex -19.5483 66.5916 2.8
      vertex -19.4616 66.758 0
      vertex -19.4616 66.758 2.8
    endloop
  endfacet
  facet normal 0.886841 -0.462074 0
    outer loop
      vertex -19.4616 66.758 0
      vertex -19.5483 66.5916 2.8
      vertex -19.5483 66.5916 0
    endloop
  endfacet
  facet normal -0.8432 -0.5376 0
    outer loop
      vertex -15.7377 66.758 0
      vertex -15.8385 66.9161 2.8
      vertex -15.8385 66.9161 0
    endloop
  endfacet
  facet normal -0.8432 -0.5376 0
    outer loop
      vertex -15.8385 66.9161 2.8
      vertex -15.7377 66.758 0
      vertex -15.7377 66.758 2.8
    endloop
  endfacet
  facet normal -0.924036 -0.382305 0
    outer loop
      vertex -15.5794 66.4183 0
      vertex -15.6511 66.5916 2.8
      vertex -15.6511 66.5916 0
    endloop
  endfacet
  facet normal -0.924036 -0.382305 0
    outer loop
      vertex -15.6511 66.5916 2.8
      vertex -15.5794 66.4183 0
      vertex -15.5794 66.4183 2.8
    endloop
  endfacet
  facet normal 0.38276 -0.923848 0
    outer loop
      vertex -18.5083 67.6315 0
      vertex -18.335 67.7033 2.8
      vertex -18.5083 67.6315 2.8
    endloop
  endfacet
  facet normal 0.38276 -0.923848 0
    outer loop
      vertex -18.335 67.7033 2.8
      vertex -18.5083 67.6315 0
      vertex -18.335 67.7033 0
    endloop
  endfacet
  facet normal 0.676 0.736901 -0
    outer loop
      vertex -19.0958 64.1405 0
      vertex -19.12 64.1627 2.8
      vertex -19.0958 64.1405 2.8
    endloop
  endfacet
  facet normal 0.676 0.736901 0
    outer loop
      vertex -19.12 64.1627 2.8
      vertex -19.0958 64.1405 0
      vertex -19.12 64.1627 0
    endloop
  endfacet
  facet normal 0.737353 0.675507 0
    outer loop
      vertex -19.12 64.1627 2.8
      vertex -19.2467 64.301 0
      vertex -19.2467 64.301 2.8
    endloop
  endfacet
  facet normal 0.737353 0.675507 0
    outer loop
      vertex -19.2467 64.301 0
      vertex -19.12 64.1627 2.8
      vertex -19.12 64.1627 0
    endloop
  endfacet
  facet normal 0.608834 -0.793297 0
    outer loop
      vertex -18.9817 67.3299 0
      vertex -18.8329 67.4441 2.8
      vertex -18.9817 67.3299 2.8
    endloop
  endfacet
  facet normal 0.608834 -0.793297 0
    outer loop
      vertex -18.8329 67.4441 2.8
      vertex -18.9817 67.3299 0
      vertex -18.8329 67.4441 0
    endloop
  endfacet
  facet normal -0.608834 -0.793297 0
    outer loop
      vertex -16.3665 67.4441 0
      vertex -16.2177 67.3299 2.8
      vertex -16.3665 67.4441 2.8
    endloop
  endfacet
  facet normal -0.608834 -0.793297 -0
    outer loop
      vertex -16.2177 67.3299 2.8
      vertex -16.3665 67.4441 0
      vertex -16.2177 67.3299 0
    endloop
  endfacet
  facet normal 0.675507 -0.737353 0
    outer loop
      vertex -19.12 67.2032 0
      vertex -18.9817 67.3299 2.8
      vertex -19.12 67.2032 2.8
    endloop
  endfacet
  facet normal 0.675507 -0.737353 0
    outer loop
      vertex -18.9817 67.3299 2.8
      vertex -19.12 67.2032 0
      vertex -18.9817 67.3299 0
    endloop
  endfacet
  facet normal 0.999044 0.0437148 0
    outer loop
      vertex -19.7415 65.4956 2.8
      vertex -19.7497 65.683 0
      vertex -19.7497 65.683 2.8
    endloop
  endfacet
  facet normal 0.999044 0.0437148 0
    outer loop
      vertex -19.7497 65.683 0
      vertex -19.7415 65.4956 2.8
      vertex -19.7415 65.4956 0
    endloop
  endfacet
  facet normal 0.843596 0.536979 0
    outer loop
      vertex -19.3609 64.4498 2.8
      vertex -19.4616 64.608 0
      vertex -19.4616 64.608 2.8
    endloop
  endfacet
  facet normal 0.843596 0.536979 0
    outer loop
      vertex -19.4616 64.608 0
      vertex -19.3609 64.4498 2.8
      vertex -19.3609 64.4498 0
    endloop
  endfacet
  facet normal 0.793297 -0.608834 0
    outer loop
      vertex -19.3609 66.9161 2.8
      vertex -19.2467 67.0649 0
      vertex -19.2467 67.0649 2.8
    endloop
  endfacet
  facet normal 0.793297 -0.608834 0
    outer loop
      vertex -19.2467 67.0649 0
      vertex -19.3609 66.9161 2.8
      vertex -19.3609 66.9161 0
    endloop
  endfacet
  facet normal -0.537358 -0.843354 0
    outer loop
      vertex -16.5247 67.5449 0
      vertex -16.3665 67.4441 2.8
      vertex -16.5247 67.5449 2.8
    endloop
  endfacet
  facet normal -0.537358 -0.843354 -0
    outer loop
      vertex -16.3665 67.4441 2.8
      vertex -16.5247 67.5449 0
      vertex -16.3665 67.4441 0
    endloop
  endfacet
  facet normal 0.886727 0.462293 0
    outer loop
      vertex -19.4616 64.608 2.8
      vertex -19.5483 64.7743 0
      vertex -19.5483 64.7743 2.8
    endloop
  endfacet
  facet normal 0.886727 0.462293 0
    outer loop
      vertex -19.5483 64.7743 0
      vertex -19.4616 64.608 2.8
      vertex -19.4616 64.608 0
    endloop
  endfacet
  facet normal -0.38276 -0.923848 0
    outer loop
      vertex -16.8644 67.7033 0
      vertex -16.6911 67.6315 2.8
      vertex -16.8644 67.7033 2.8
    endloop
  endfacet
  facet normal -0.38276 -0.923848 -0
    outer loop
      vertex -16.6911 67.6315 2.8
      vertex -16.8644 67.7033 0
      vertex -16.6911 67.6315 0
    endloop
  endfacet
  facet normal 0.537358 -0.843354 0
    outer loop
      vertex -18.8329 67.4441 0
      vertex -18.6747 67.5449 2.8
      vertex -18.8329 67.4441 2.8
    endloop
  endfacet
  facet normal 0.537358 -0.843354 0
    outer loop
      vertex -18.6747 67.5449 2.8
      vertex -18.8329 67.4441 0
      vertex -18.6747 67.5449 0
    endloop
  endfacet
  facet normal -0.991436 0.130592 0
    outer loop
      vertex -15.4824 65.3096 0
      vertex -15.4579 65.4956 2.8
      vertex -15.4579 65.4956 0
    endloop
  endfacet
  facet normal -0.991436 0.130592 0
    outer loop
      vertex -15.4579 65.4956 2.8
      vertex -15.4824 65.3096 0
      vertex -15.4824 65.3096 2.8
    endloop
  endfacet
  facet normal -0.0437148 -0.999044 0
    outer loop
      vertex -17.5997 67.833 0
      vertex -17.4123 67.8248 2.8
      vertex -17.5997 67.833 2.8
    endloop
  endfacet
  facet normal -0.0437148 -0.999044 -0
    outer loop
      vertex -17.4123 67.8248 2.8
      vertex -17.5997 67.833 0
      vertex -17.4123 67.8248 0
    endloop
  endfacet
  facet normal -0.88706 -0.461655 0
    outer loop
      vertex -15.6511 66.5916 0
      vertex -15.7377 66.758 2.8
      vertex -15.7377 66.758 0
    endloop
  endfacet
  facet normal -0.88706 -0.461655 0
    outer loop
      vertex -15.7377 66.758 2.8
      vertex -15.6511 66.5916 0
      vertex -15.6511 66.5916 2.8
    endloop
  endfacet
  facet normal 0.216366 -0.976312 0
    outer loop
      vertex -18.1562 67.7597 0
      vertex -17.973 67.8003 2.8
      vertex -18.1562 67.7597 2.8
    endloop
  endfacet
  facet normal 0.216366 -0.976312 0
    outer loop
      vertex -17.973 67.8003 2.8
      vertex -18.1562 67.7597 0
      vertex -17.973 67.8003 0
    endloop
  endfacet
  facet normal 0.924036 0.382305 0
    outer loop
      vertex -19.5483 64.7743 2.8
      vertex -19.62 64.9476 0
      vertex -19.62 64.9476 2.8
    endloop
  endfacet
  facet normal 0.924036 0.382305 0
    outer loop
      vertex -19.62 64.9476 0
      vertex -19.5483 64.7743 2.8
      vertex -19.5483 64.7743 0
    endloop
  endfacet
  facet normal 0.130661 -0.991427 0
    outer loop
      vertex -17.973 67.8003 0
      vertex -17.7871 67.8248 2.8
      vertex -17.973 67.8003 2.8
    endloop
  endfacet
  facet normal 0.130661 -0.991427 0
    outer loop
      vertex -17.7871 67.8248 2.8
      vertex -17.973 67.8003 0
      vertex -17.7871 67.8248 0
    endloop
  endfacet
  facet normal 0.991436 0.130592 0
    outer loop
      vertex -19.717 65.3096 2.8
      vertex -19.7415 65.4956 0
      vertex -19.7415 65.4956 2.8
    endloop
  endfacet
  facet normal 0.991436 0.130592 0
    outer loop
      vertex -19.7415 65.4956 0
      vertex -19.717 65.3096 2.8
      vertex -19.717 65.3096 0
    endloop
  endfacet
  facet normal 0.300825 -0.953679 0
    outer loop
      vertex -18.335 67.7033 0
      vertex -18.1562 67.7597 2.8
      vertex -18.335 67.7033 2.8
    endloop
  endfacet
  facet normal 0.300825 -0.953679 0
    outer loop
      vertex -18.1562 67.7597 2.8
      vertex -18.335 67.7033 0
      vertex -18.1562 67.7597 0
    endloop
  endfacet
  facet normal 0.976287 0.216479 0
    outer loop
      vertex -19.6764 65.1265 2.8
      vertex -19.717 65.3096 0
      vertex -19.717 65.3096 2.8
    endloop
  endfacet
  facet normal 0.976287 0.216479 0
    outer loop
      vertex -19.717 65.3096 0
      vertex -19.6764 65.1265 2.8
      vertex -19.6764 65.1265 0
    endloop
  endfacet
  facet normal 0.953728 -0.300672 0
    outer loop
      vertex -19.6764 66.2394 2.8
      vertex -19.62 66.4183 0
      vertex -19.62 66.4183 2.8
    endloop
  endfacet
  facet normal 0.953728 -0.300672 0
    outer loop
      vertex -19.62 66.4183 0
      vertex -19.6764 66.2394 2.8
      vertex -19.6764 66.2394 0
    endloop
  endfacet
  facet normal 0.0437148 -0.999044 0
    outer loop
      vertex -17.7871 67.8248 0
      vertex -17.5997 67.833 2.8
      vertex -17.7871 67.8248 2.8
    endloop
  endfacet
  facet normal 0.0437148 -0.999044 0
    outer loop
      vertex -17.5997 67.833 2.8
      vertex -17.7871 67.8248 0
      vertex -17.5997 67.833 0
    endloop
  endfacet
  facet normal -0.675507 -0.737353 0
    outer loop
      vertex -16.2177 67.3299 0
      vertex -16.0794 67.2032 2.8
      vertex -16.2177 67.3299 2.8
    endloop
  endfacet
  facet normal -0.675507 -0.737353 -0
    outer loop
      vertex -16.0794 67.2032 2.8
      vertex -16.2177 67.3299 0
      vertex -16.0794 67.2032 0
    endloop
  endfacet
  facet normal 0.793297 0.608834 0
    outer loop
      vertex -19.2467 64.301 2.8
      vertex -19.3609 64.4498 0
      vertex -19.3609 64.4498 2.8
    endloop
  endfacet
  facet normal 0.793297 0.608834 0
    outer loop
      vertex -19.3609 64.4498 0
      vertex -19.2467 64.301 2.8
      vertex -19.2467 64.301 0
    endloop
  endfacet
  facet normal 0.843442 -0.537221 0
    outer loop
      vertex -19.4616 66.758 2.8
      vertex -19.3609 66.9161 0
      vertex -19.3609 66.9161 2.8
    endloop
  endfacet
  facet normal 0.843442 -0.537221 0
    outer loop
      vertex -19.3609 66.9161 0
      vertex -19.4616 66.758 2.8
      vertex -19.4616 66.758 0
    endloop
  endfacet
  facet normal -0.954044 0.299668 0
    outer loop
      vertex -15.5328 65.0953 0
      vertex -15.523 65.1265 2.8
      vertex -15.523 65.1265 0
    endloop
  endfacet
  facet normal -0.954044 0.299668 0
    outer loop
      vertex -15.523 65.1265 2.8
      vertex -15.5328 65.0953 0
      vertex -15.5328 65.0953 2.8
    endloop
  endfacet
  facet normal 0.737353 -0.675507 0
    outer loop
      vertex -19.2467 67.0649 2.8
      vertex -19.12 67.2032 0
      vertex -19.12 67.2032 2.8
    endloop
  endfacet
  facet normal 0.737353 -0.675507 0
    outer loop
      vertex -19.12 67.2032 0
      vertex -19.2467 67.0649 2.8
      vertex -19.2467 67.0649 0
    endloop
  endfacet
  facet normal -0.130661 -0.991427 0
    outer loop
      vertex -17.4123 67.8248 0
      vertex -17.2264 67.8003 2.8
      vertex -17.4123 67.8248 2.8
    endloop
  endfacet
  facet normal -0.130661 -0.991427 -0
    outer loop
      vertex -17.2264 67.8003 2.8
      vertex -17.4123 67.8248 0
      vertex -17.2264 67.8003 0
    endloop
  endfacet
  facet normal -0.300825 -0.953679 0
    outer loop
      vertex -17.0432 67.7597 0
      vertex -16.8644 67.7033 2.8
      vertex -17.0432 67.7597 2.8
    endloop
  endfacet
  facet normal -0.300825 -0.953679 -0
    outer loop
      vertex -16.8644 67.7033 2.8
      vertex -17.0432 67.7597 0
      vertex -16.8644 67.7033 0
    endloop
  endfacet
  facet normal -0.216366 -0.976312 0
    outer loop
      vertex -17.2264 67.8003 0
      vertex -17.0432 67.7597 2.8
      vertex -17.2264 67.8003 2.8
    endloop
  endfacet
  facet normal -0.216366 -0.976312 -0
    outer loop
      vertex -17.0432 67.7597 2.8
      vertex -17.2264 67.8003 0
      vertex -17.0432 67.7597 0
    endloop
  endfacet
  facet normal -0.0437148 0.999044 0
    outer loop
      vertex -65.4956 -19.7415 0
      vertex -65.683 -19.7497 2.8
      vertex -65.4956 -19.7415 2.8
    endloop
  endfacet
  facet normal -0.0437148 0.999044 0
    outer loop
      vertex -65.683 -19.7497 2.8
      vertex -65.4956 -19.7415 0
      vertex -65.683 -19.7497 0
    endloop
  endfacet
  facet normal 0.991427 0.130661 0
    outer loop
      vertex -67.8003 -17.973 2.8
      vertex -67.8248 -17.7871 0
      vertex -67.8248 -17.7871 2.8
    endloop
  endfacet
  facet normal 0.991427 0.130661 0
    outer loop
      vertex -67.8248 -17.7871 0
      vertex -67.8003 -17.973 2.8
      vertex -67.8003 -17.973 0
    endloop
  endfacet
  facet normal 0.300672 -0.953728 0
    outer loop
      vertex -66.4183 -15.5794 0
      vertex -66.2394 -15.523 2.8
      vertex -66.4183 -15.5794 2.8
    endloop
  endfacet
  facet normal 0.300672 -0.953728 0
    outer loop
      vertex -66.2394 -15.523 2.8
      vertex -66.4183 -15.5794 0
      vertex -66.2394 -15.523 0
    endloop
  endfacet
  facet normal 0.675507 -0.737353 0
    outer loop
      vertex -67.2032 -16.0794 0
      vertex -67.0649 -15.9527 2.8
      vertex -67.2032 -16.0794 2.8
    endloop
  endfacet
  facet normal 0.675507 -0.737353 0
    outer loop
      vertex -67.0649 -15.9527 2.8
      vertex -67.2032 -16.0794 0
      vertex -67.0649 -15.9527 0
    endloop
  endfacet
  facet normal 0.999044 0.0437148 0
    outer loop
      vertex -67.8248 -17.7871 2.8
      vertex -67.833 -17.5997 0
      vertex -67.833 -17.5997 2.8
    endloop
  endfacet
  facet normal 0.999044 0.0437148 0
    outer loop
      vertex -67.833 -17.5997 0
      vertex -67.8248 -17.7871 2.8
      vertex -67.8248 -17.7871 0
    endloop
  endfacet
  facet normal -0.462293 0.886727 0
    outer loop
      vertex -64.608 -19.4616 0
      vertex -64.7743 -19.5483 2.8
      vertex -64.608 -19.4616 2.8
    endloop
  endfacet
  facet normal -0.462293 0.886727 0
    outer loop
      vertex -64.7743 -19.5483 2.8
      vertex -64.608 -19.4616 0
      vertex -64.7743 -19.5483 0
    endloop
  endfacet
  facet normal 0.382305 -0.924036 0
    outer loop
      vertex -66.5916 -15.6511 0
      vertex -66.4183 -15.5794 2.8
      vertex -66.5916 -15.6511 2.8
    endloop
  endfacet
  facet normal 0.382305 -0.924036 0
    outer loop
      vertex -66.4183 -15.5794 2.8
      vertex -66.5916 -15.6511 0
      vertex -66.4183 -15.5794 0
    endloop
  endfacet
  facet normal 0.608834 -0.793297 0
    outer loop
      vertex -67.0649 -15.9527 0
      vertex -66.9161 -15.8385 2.8
      vertex -67.0649 -15.9527 2.8
    endloop
  endfacet
  facet normal 0.608834 -0.793297 0
    outer loop
      vertex -66.9161 -15.8385 2.8
      vertex -67.0649 -15.9527 0
      vertex -66.9161 -15.8385 0
    endloop
  endfacet
  facet normal -0.216479 0.976287 0
    outer loop
      vertex -65.1265 -19.6764 0
      vertex -65.3096 -19.717 2.8
      vertex -65.1265 -19.6764 2.8
    endloop
  endfacet
  facet normal -0.216479 0.976287 0
    outer loop
      vertex -65.3096 -19.717 2.8
      vertex -65.1265 -19.6764 0
      vertex -65.3096 -19.717 0
    endloop
  endfacet
  facet normal 0.0437381 0.999043 -0
    outer loop
      vertex -65.683 -19.7497 0
      vertex -65.8703 -19.7415 2.8
      vertex -65.683 -19.7497 2.8
    endloop
  endfacet
  facet normal 0.0437381 0.999043 0
    outer loop
      vertex -65.8703 -19.7415 2.8
      vertex -65.683 -19.7497 0
      vertex -65.8703 -19.7415 0
    endloop
  endfacet
  facet normal 0.675507 0.737353 -0
    outer loop
      vertex -67.0649 -19.2467 0
      vertex -67.2032 -19.12 2.8
      vertex -67.0649 -19.2467 2.8
    endloop
  endfacet
  facet normal 0.675507 0.737353 0
    outer loop
      vertex -67.2032 -19.12 2.8
      vertex -67.0649 -19.2467 0
      vertex -67.2032 -19.12 0
    endloop
  endfacet
  facet normal 0.999044 -0.0437148 0
    outer loop
      vertex -67.833 -17.5997 2.8
      vertex -67.8248 -17.4123 0
      vertex -67.8248 -17.4123 2.8
    endloop
  endfacet
  facet normal 0.999044 -0.0437148 0
    outer loop
      vertex -67.8248 -17.4123 0
      vertex -67.833 -17.5997 2.8
      vertex -67.833 -17.5997 0
    endloop
  endfacet
  facet normal 0.130592 -0.991436 0
    outer loop
      vertex -66.0563 -15.4824 0
      vertex -65.8703 -15.4579 2.8
      vertex -66.0563 -15.4824 2.8
    endloop
  endfacet
  facet normal 0.130592 -0.991436 0
    outer loop
      vertex -65.8703 -15.4579 2.8
      vertex -66.0563 -15.4824 0
      vertex -65.8703 -15.4579 0
    endloop
  endfacet
  facet normal 0.0437381 -0.999043 0
    outer loop
      vertex -65.8703 -15.4579 0
      vertex -65.683 -15.4497 2.8
      vertex -65.8703 -15.4579 2.8
    endloop
  endfacet
  facet normal 0.0437381 -0.999043 0
    outer loop
      vertex -65.683 -15.4497 2.8
      vertex -65.8703 -15.4579 0
      vertex -65.683 -15.4497 0
    endloop
  endfacet
  facet normal 0.737353 0.675507 0
    outer loop
      vertex -67.2032 -19.12 2.8
      vertex -67.3299 -18.9817 0
      vertex -67.3299 -18.9817 2.8
    endloop
  endfacet
  facet normal 0.737353 0.675507 0
    outer loop
      vertex -67.3299 -18.9817 0
      vertex -67.2032 -19.12 2.8
      vertex -67.2032 -19.12 0
    endloop
  endfacet
  facet normal -0.130592 0.991436 0
    outer loop
      vertex -65.3096 -19.717 0
      vertex -65.4956 -19.7415 2.8
      vertex -65.3096 -19.717 2.8
    endloop
  endfacet
  facet normal -0.130592 0.991436 0
    outer loop
      vertex -65.4956 -19.7415 2.8
      vertex -65.3096 -19.717 0
      vertex -65.4956 -19.7415 0
    endloop
  endfacet
  facet normal -0.736901 0.676 0
    outer loop
      vertex -64.1627 -19.12 0
      vertex -64.1405 -19.0958 2.8
      vertex -64.1405 -19.0958 0
    endloop
  endfacet
  facet normal -0.736901 0.676 0
    outer loop
      vertex -64.1405 -19.0958 2.8
      vertex -64.1627 -19.12 0
      vertex -64.1627 -19.12 2.8
    endloop
  endfacet
  facet normal -0.299668 -0.954044 0
    outer loop
      vertex -65.1265 -15.523 0
      vertex -65.0953 -15.5328 2.8
      vertex -65.1265 -15.523 2.8
    endloop
  endfacet
  facet normal -0.299668 -0.954044 -0
    outer loop
      vertex -65.0953 -15.5328 2.8
      vertex -65.1265 -15.523 0
      vertex -65.0953 -15.5328 0
    endloop
  endfacet
  facet normal -0.382305 0.924036 0
    outer loop
      vertex -64.7743 -19.5483 0
      vertex -64.9476 -19.62 2.8
      vertex -64.7743 -19.5483 2.8
    endloop
  endfacet
  facet normal -0.382305 0.924036 0
    outer loop
      vertex -64.9476 -19.62 2.8
      vertex -64.7743 -19.5483 0
      vertex -64.9476 -19.62 0
    endloop
  endfacet
  facet normal 0.216479 -0.976287 0
    outer loop
      vertex -66.2394 -15.523 0
      vertex -66.0563 -15.4824 2.8
      vertex -66.2394 -15.523 2.8
    endloop
  endfacet
  facet normal 0.216479 -0.976287 0
    outer loop
      vertex -66.0563 -15.4824 2.8
      vertex -66.2394 -15.523 0
      vertex -66.0563 -15.4824 0
    endloop
  endfacet
  facet normal 0.130592 0.991436 -0
    outer loop
      vertex -65.8703 -19.7415 0
      vertex -66.0563 -19.717 2.8
      vertex -65.8703 -19.7415 2.8
    endloop
  endfacet
  facet normal 0.130592 0.991436 0
    outer loop
      vertex -66.0563 -19.717 2.8
      vertex -65.8703 -19.7415 0
      vertex -66.0563 -19.717 0
    endloop
  endfacet
  facet normal 0.991427 -0.130661 0
    outer loop
      vertex -67.8248 -17.4123 2.8
      vertex -67.8003 -17.2264 0
      vertex -67.8003 -17.2264 2.8
    endloop
  endfacet
  facet normal 0.991427 -0.130661 0
    outer loop
      vertex -67.8003 -17.2264 0
      vertex -67.8248 -17.4123 2.8
      vertex -67.8248 -17.4123 0
    endloop
  endfacet
  facet normal 0.88706 0.461655 0
    outer loop
      vertex -67.5449 -18.6747 2.8
      vertex -67.6315 -18.5083 0
      vertex -67.6315 -18.5083 2.8
    endloop
  endfacet
  facet normal 0.88706 0.461655 0
    outer loop
      vertex -67.6315 -18.5083 0
      vertex -67.5449 -18.6747 2.8
      vertex -67.5449 -18.6747 0
    endloop
  endfacet
  facet normal 0.608834 0.793297 -0
    outer loop
      vertex -66.9161 -19.3609 0
      vertex -67.0649 -19.2467 2.8
      vertex -66.9161 -19.3609 2.8
    endloop
  endfacet
  facet normal 0.608834 0.793297 0
    outer loop
      vertex -67.0649 -19.2467 2.8
      vertex -66.9161 -19.3609 0
      vertex -67.0649 -19.2467 0
    endloop
  endfacet
  facet normal -0.536979 0.843596 0
    outer loop
      vertex -64.4498 -19.3609 0
      vertex -64.608 -19.4616 2.8
      vertex -64.4498 -19.3609 2.8
    endloop
  endfacet
  facet normal -0.536979 0.843596 0
    outer loop
      vertex -64.608 -19.4616 2.8
      vertex -64.4498 -19.3609 0
      vertex -64.608 -19.4616 0
    endloop
  endfacet
  facet normal 0.382305 0.924036 -0
    outer loop
      vertex -66.4183 -19.62 0
      vertex -66.5916 -19.5483 2.8
      vertex -66.4183 -19.62 2.8
    endloop
  endfacet
  facet normal 0.382305 0.924036 0
    outer loop
      vertex -66.5916 -19.5483 2.8
      vertex -66.4183 -19.62 0
      vertex -66.5916 -19.5483 0
    endloop
  endfacet
  facet normal 0.737353 -0.675507 0
    outer loop
      vertex -67.3299 -16.2177 2.8
      vertex -67.2032 -16.0794 0
      vertex -67.2032 -16.0794 2.8
    endloop
  endfacet
  facet normal 0.737353 -0.675507 0
    outer loop
      vertex -67.2032 -16.0794 0
      vertex -67.3299 -16.2177 2.8
      vertex -67.3299 -16.2177 0
    endloop
  endfacet
  facet normal -0.130592 -0.991436 0
    outer loop
      vertex -65.4956 -15.4579 0
      vertex -65.3096 -15.4824 2.8
      vertex -65.4956 -15.4579 2.8
    endloop
  endfacet
  facet normal -0.130592 -0.991436 -0
    outer loop
      vertex -65.3096 -15.4824 2.8
      vertex -65.4956 -15.4579 0
      vertex -65.3096 -15.4824 0
    endloop
  endfacet
  facet normal -0.608834 0.793297 0
    outer loop
      vertex -64.301 -19.2467 0
      vertex -64.4498 -19.3609 2.8
      vertex -64.301 -19.2467 2.8
    endloop
  endfacet
  facet normal -0.608834 0.793297 0
    outer loop
      vertex -64.4498 -19.3609 2.8
      vertex -64.301 -19.2467 0
      vertex -64.4498 -19.3609 0
    endloop
  endfacet
  facet normal 0.843354 0.537358 0
    outer loop
      vertex -67.4441 -18.8329 2.8
      vertex -67.5449 -18.6747 0
      vertex -67.5449 -18.6747 2.8
    endloop
  endfacet
  facet normal 0.843354 0.537358 0
    outer loop
      vertex -67.5449 -18.6747 0
      vertex -67.4441 -18.8329 2.8
      vertex -67.4441 -18.8329 0
    endloop
  endfacet
  facet normal 0.461655 -0.88706 0
    outer loop
      vertex -66.758 -15.7377 0
      vertex -66.5916 -15.6511 2.8
      vertex -66.758 -15.7377 2.8
    endloop
  endfacet
  facet normal 0.461655 -0.88706 0
    outer loop
      vertex -66.5916 -15.6511 2.8
      vertex -66.758 -15.7377 0
      vertex -66.5916 -15.6511 0
    endloop
  endfacet
  facet normal 0.953679 0.300825 0
    outer loop
      vertex -67.7033 -18.335 2.8
      vertex -67.7597 -18.1562 0
      vertex -67.7597 -18.1562 2.8
    endloop
  endfacet
  facet normal 0.953679 0.300825 0
    outer loop
      vertex -67.7597 -18.1562 0
      vertex -67.7033 -18.335 2.8
      vertex -67.7033 -18.335 0
    endloop
  endfacet
  facet normal 0.976312 0.216366 0
    outer loop
      vertex -67.7597 -18.1562 2.8
      vertex -67.8003 -17.973 0
      vertex -67.8003 -17.973 2.8
    endloop
  endfacet
  facet normal 0.976312 0.216366 0
    outer loop
      vertex -67.8003 -17.973 0
      vertex -67.7597 -18.1562 2.8
      vertex -67.7597 -18.1562 0
    endloop
  endfacet
  facet normal 0.976312 -0.216366 0
    outer loop
      vertex -67.8003 -17.2264 2.8
      vertex -67.7597 -17.0432 0
      vertex -67.7597 -17.0432 2.8
    endloop
  endfacet
  facet normal 0.976312 -0.216366 0
    outer loop
      vertex -67.7597 -17.0432 0
      vertex -67.8003 -17.2264 2.8
      vertex -67.8003 -17.2264 0
    endloop
  endfacet
  facet normal 0.923848 0.38276 0
    outer loop
      vertex -67.6315 -18.5083 2.8
      vertex -67.7033 -18.335 0
      vertex -67.7033 -18.335 2.8
    endloop
  endfacet
  facet normal 0.923848 0.38276 0
    outer loop
      vertex -67.7033 -18.335 0
      vertex -67.6315 -18.5083 2.8
      vertex -67.6315 -18.5083 0
    endloop
  endfacet
  facet normal 0.300672 0.953728 -0
    outer loop
      vertex -66.2394 -19.6764 0
      vertex -66.4183 -19.62 2.8
      vertex -66.2394 -19.6764 2.8
    endloop
  endfacet
  facet normal 0.300672 0.953728 0
    outer loop
      vertex -66.4183 -19.62 2.8
      vertex -66.2394 -19.6764 0
      vertex -66.4183 -19.62 0
    endloop
  endfacet
  facet normal 0.216479 0.976287 -0
    outer loop
      vertex -66.0563 -19.717 0
      vertex -66.2394 -19.6764 2.8
      vertex -66.0563 -19.717 2.8
    endloop
  endfacet
  facet normal 0.216479 0.976287 0
    outer loop
      vertex -66.2394 -19.6764 2.8
      vertex -66.0563 -19.717 0
      vertex -66.2394 -19.6764 0
    endloop
  endfacet
  facet normal 0.843354 -0.537358 0
    outer loop
      vertex -67.5449 -16.5247 2.8
      vertex -67.4441 -16.3665 0
      vertex -67.4441 -16.3665 2.8
    endloop
  endfacet
  facet normal 0.843354 -0.537358 0
    outer loop
      vertex -67.4441 -16.3665 0
      vertex -67.5449 -16.5247 2.8
      vertex -67.5449 -16.5247 0
    endloop
  endfacet
  facet normal 0.462074 0.886841 -0
    outer loop
      vertex -66.5916 -19.5483 0
      vertex -66.758 -19.4616 2.8
      vertex -66.5916 -19.5483 2.8
    endloop
  endfacet
  facet normal 0.462074 0.886841 0
    outer loop
      vertex -66.758 -19.4616 2.8
      vertex -66.5916 -19.5483 0
      vertex -66.758 -19.4616 0
    endloop
  endfacet
  facet normal -0.675507 0.737353 0
    outer loop
      vertex -64.1627 -19.12 0
      vertex -64.301 -19.2467 2.8
      vertex -64.1627 -19.12 2.8
    endloop
  endfacet
  facet normal -0.675507 0.737353 0
    outer loop
      vertex -64.301 -19.2467 2.8
      vertex -64.1627 -19.12 0
      vertex -64.301 -19.2467 0
    endloop
  endfacet
  facet normal -0.0437148 -0.999044 0
    outer loop
      vertex -65.683 -15.4497 0
      vertex -65.4956 -15.4579 2.8
      vertex -65.683 -15.4497 2.8
    endloop
  endfacet
  facet normal -0.0437148 -0.999044 -0
    outer loop
      vertex -65.4956 -15.4579 2.8
      vertex -65.683 -15.4497 0
      vertex -65.4956 -15.4579 0
    endloop
  endfacet
  facet normal 0.953679 -0.300825 0
    outer loop
      vertex -67.7597 -17.0432 2.8
      vertex -67.7033 -16.8644 0
      vertex -67.7033 -16.8644 2.8
    endloop
  endfacet
  facet normal 0.953679 -0.300825 0
    outer loop
      vertex -67.7033 -16.8644 0
      vertex -67.7597 -17.0432 2.8
      vertex -67.7597 -17.0432 0
    endloop
  endfacet
  facet normal 0.793297 -0.608834 0
    outer loop
      vertex -67.4441 -16.3665 2.8
      vertex -67.3299 -16.2177 0
      vertex -67.3299 -16.2177 2.8
    endloop
  endfacet
  facet normal 0.793297 -0.608834 0
    outer loop
      vertex -67.3299 -16.2177 0
      vertex -67.4441 -16.3665 2.8
      vertex -67.4441 -16.3665 0
    endloop
  endfacet
  facet normal 0.923848 -0.38276 0
    outer loop
      vertex -67.7033 -16.8644 2.8
      vertex -67.6315 -16.6911 0
      vertex -67.6315 -16.6911 2.8
    endloop
  endfacet
  facet normal 0.923848 -0.38276 0
    outer loop
      vertex -67.6315 -16.6911 0
      vertex -67.7033 -16.8644 2.8
      vertex -67.7033 -16.8644 0
    endloop
  endfacet
  facet normal -0.216479 -0.976287 0
    outer loop
      vertex -65.3096 -15.4824 0
      vertex -65.1265 -15.523 2.8
      vertex -65.3096 -15.4824 2.8
    endloop
  endfacet
  facet normal -0.216479 -0.976287 -0
    outer loop
      vertex -65.1265 -15.523 2.8
      vertex -65.3096 -15.4824 0
      vertex -65.1265 -15.523 0
    endloop
  endfacet
  facet normal 0.5376 -0.8432 0
    outer loop
      vertex -66.9161 -15.8385 0
      vertex -66.758 -15.7377 2.8
      vertex -66.9161 -15.8385 2.8
    endloop
  endfacet
  facet normal 0.5376 -0.8432 0
    outer loop
      vertex -66.758 -15.7377 2.8
      vertex -66.9161 -15.8385 0
      vertex -66.758 -15.7377 0
    endloop
  endfacet
  facet normal 0.793297 0.608834 0
    outer loop
      vertex -67.3299 -18.9817 2.8
      vertex -67.4441 -18.8329 0
      vertex -67.4441 -18.8329 2.8
    endloop
  endfacet
  facet normal 0.793297 0.608834 0
    outer loop
      vertex -67.4441 -18.8329 0
      vertex -67.3299 -18.9817 2.8
      vertex -67.3299 -18.9817 0
    endloop
  endfacet
  facet normal 0.537221 0.843442 -0
    outer loop
      vertex -66.758 -19.4616 0
      vertex -66.9161 -19.3609 2.8
      vertex -66.758 -19.4616 2.8
    endloop
  endfacet
  facet normal 0.537221 0.843442 0
    outer loop
      vertex -66.9161 -19.3609 2.8
      vertex -66.758 -19.4616 0
      vertex -66.9161 -19.3609 0
    endloop
  endfacet
  facet normal -0.300672 0.953728 0
    outer loop
      vertex -64.9476 -19.62 0
      vertex -65.1265 -19.6764 2.8
      vertex -64.9476 -19.62 2.8
    endloop
  endfacet
  facet normal -0.300672 0.953728 0
    outer loop
      vertex -65.1265 -19.6764 2.8
      vertex -64.9476 -19.62 0
      vertex -65.1265 -19.6764 0
    endloop
  endfacet
  facet normal 0.88706 -0.461655 0
    outer loop
      vertex -67.6315 -16.6911 2.8
      vertex -67.5449 -16.5247 0
      vertex -67.5449 -16.5247 2.8
    endloop
  endfacet
  facet normal 0.88706 -0.461655 0
    outer loop
      vertex -67.5449 -16.5247 0
      vertex -67.6315 -16.6911 2.8
      vertex -67.6315 -16.6911 0
    endloop
  endfacet
  facet normal -0.793297 -0.608834 0
    outer loop
      vertex 19.3609 -64.4498 0
      vertex 19.2467 -64.301 2.8
      vertex 19.2467 -64.301 0
    endloop
  endfacet
  facet normal -0.793297 -0.608834 0
    outer loop
      vertex 19.2467 -64.301 2.8
      vertex 19.3609 -64.4498 0
      vertex 19.3609 -64.4498 2.8
    endloop
  endfacet
  facet normal -0.991436 -0.130592 0
    outer loop
      vertex 19.7415 -65.4956 0
      vertex 19.717 -65.3096 2.8
      vertex 19.717 -65.3096 0
    endloop
  endfacet
  facet normal -0.991436 -0.130592 0
    outer loop
      vertex 19.717 -65.3096 2.8
      vertex 19.7415 -65.4956 0
      vertex 19.7415 -65.4956 2.8
    endloop
  endfacet
  facet normal -0.999044 -0.0437148 0
    outer loop
      vertex 19.7497 -65.683 0
      vertex 19.7415 -65.4956 2.8
      vertex 19.7415 -65.4956 0
    endloop
  endfacet
  facet normal -0.999044 -0.0437148 0
    outer loop
      vertex 19.7415 -65.4956 2.8
      vertex 19.7497 -65.683 0
      vertex 19.7497 -65.683 2.8
    endloop
  endfacet
  facet normal -0.976287 -0.216479 0
    outer loop
      vertex 19.717 -65.3096 0
      vertex 19.6764 -65.1265 2.8
      vertex 19.6764 -65.1265 0
    endloop
  endfacet
  facet normal -0.976287 -0.216479 0
    outer loop
      vertex 19.6764 -65.1265 2.8
      vertex 19.717 -65.3096 0
      vertex 19.717 -65.3096 2.8
    endloop
  endfacet
  facet normal 0.216366 0.976312 -0
    outer loop
      vertex 17.2264 -67.8003 0
      vertex 17.0432 -67.7597 2.8
      vertex 17.2264 -67.8003 2.8
    endloop
  endfacet
  facet normal 0.216366 0.976312 0
    outer loop
      vertex 17.0432 -67.7597 2.8
      vertex 17.2264 -67.8003 0
      vertex 17.0432 -67.7597 0
    endloop
  endfacet
  facet normal 0.0437148 0.999044 -0
    outer loop
      vertex 17.5997 -67.833 0
      vertex 17.4123 -67.8248 2.8
      vertex 17.5997 -67.833 2.8
    endloop
  endfacet
  facet normal 0.0437148 0.999044 0
    outer loop
      vertex 17.4123 -67.8248 2.8
      vertex 17.5997 -67.833 0
      vertex 17.4123 -67.8248 0
    endloop
  endfacet
  facet normal -0.999043 0.0437381 0
    outer loop
      vertex 19.7415 -65.8703 0
      vertex 19.7497 -65.683 2.8
      vertex 19.7497 -65.683 0
    endloop
  endfacet
  facet normal -0.999043 0.0437381 0
    outer loop
      vertex 19.7497 -65.683 2.8
      vertex 19.7415 -65.8703 0
      vertex 19.7415 -65.8703 2.8
    endloop
  endfacet
  facet normal 0.8432 0.5376 0
    outer loop
      vertex 15.8385 -66.9161 2.8
      vertex 15.7377 -66.758 0
      vertex 15.7377 -66.758 2.8
    endloop
  endfacet
  facet normal 0.8432 0.5376 0
    outer loop
      vertex 15.7377 -66.758 0
      vertex 15.8385 -66.9161 2.8
      vertex 15.8385 -66.9161 0
    endloop
  endfacet
  facet normal -0.675507 0.737353 0
    outer loop
      vertex 19.12 -67.2032 0
      vertex 18.9817 -67.3299 2.8
      vertex 19.12 -67.2032 2.8
    endloop
  endfacet
  facet normal -0.675507 0.737353 0
    outer loop
      vertex 18.9817 -67.3299 2.8
      vertex 19.12 -67.2032 0
      vertex 18.9817 -67.3299 0
    endloop
  endfacet
  facet normal -0.793297 0.608834 0
    outer loop
      vertex 19.2467 -67.0649 0
      vertex 19.3609 -66.9161 2.8
      vertex 19.3609 -66.9161 0
    endloop
  endfacet
  facet normal -0.793297 0.608834 0
    outer loop
      vertex 19.3609 -66.9161 2.8
      vertex 19.2467 -67.0649 0
      vertex 19.2467 -67.0649 2.8
    endloop
  endfacet
  facet normal -0.886727 -0.462293 0
    outer loop
      vertex 19.5483 -64.7743 0
      vertex 19.4616 -64.608 2.8
      vertex 19.4616 -64.608 0
    endloop
  endfacet
  facet normal -0.886727 -0.462293 0
    outer loop
      vertex 19.4616 -64.608 2.8
      vertex 19.5483 -64.7743 0
      vertex 19.5483 -64.7743 2.8
    endloop
  endfacet
  facet normal 0.38276 0.923848 -0
    outer loop
      vertex 16.8644 -67.7033 0
      vertex 16.6911 -67.6315 2.8
      vertex 16.8644 -67.7033 2.8
    endloop
  endfacet
  facet normal 0.38276 0.923848 0
    outer loop
      vertex 16.6911 -67.6315 2.8
      vertex 16.8644 -67.7033 0
      vertex 16.6911 -67.6315 0
    endloop
  endfacet
  facet normal -0.216366 0.976312 0
    outer loop
      vertex 18.1562 -67.7597 0
      vertex 17.973 -67.8003 2.8
      vertex 18.1562 -67.7597 2.8
    endloop
  endfacet
  facet normal -0.216366 0.976312 0
    outer loop
      vertex 17.973 -67.8003 2.8
      vertex 18.1562 -67.7597 0
      vertex 17.973 -67.8003 0
    endloop
  endfacet
  facet normal -0.737353 0.675507 0
    outer loop
      vertex 19.12 -67.2032 0
      vertex 19.2467 -67.0649 2.8
      vertex 19.2467 -67.0649 0
    endloop
  endfacet
  facet normal -0.737353 0.675507 0
    outer loop
      vertex 19.2467 -67.0649 2.8
      vertex 19.12 -67.2032 0
      vertex 19.12 -67.2032 2.8
    endloop
  endfacet
  facet normal -0.976287 0.216479 0
    outer loop
      vertex 19.6764 -66.2394 0
      vertex 19.717 -66.0563 2.8
      vertex 19.717 -66.0563 0
    endloop
  endfacet
  facet normal -0.976287 0.216479 0
    outer loop
      vertex 19.717 -66.0563 2.8
      vertex 19.6764 -66.2394 0
      vertex 19.6764 -66.2394 2.8
    endloop
  endfacet
  facet normal 0.954044 -0.299668 0
    outer loop
      vertex 15.523 -65.1265 2.8
      vertex 15.5328 -65.0953 0
      vertex 15.5328 -65.0953 2.8
    endloop
  endfacet
  facet normal 0.954044 -0.299668 0
    outer loop
      vertex 15.5328 -65.0953 0
      vertex 15.523 -65.1265 2.8
      vertex 15.523 -65.1265 0
    endloop
  endfacet
  facet normal -0.991436 0.130592 0
    outer loop
      vertex 19.717 -66.0563 0
      vertex 19.7415 -65.8703 2.8
      vertex 19.7415 -65.8703 0
    endloop
  endfacet
  facet normal -0.991436 0.130592 0
    outer loop
      vertex 19.7415 -65.8703 2.8
      vertex 19.717 -66.0563 0
      vertex 19.717 -66.0563 2.8
    endloop
  endfacet
  facet normal 0.991436 -0.130592 0
    outer loop
      vertex 15.4579 -65.4956 2.8
      vertex 15.4824 -65.3096 0
      vertex 15.4824 -65.3096 2.8
    endloop
  endfacet
  facet normal 0.991436 -0.130592 0
    outer loop
      vertex 15.4824 -65.3096 0
      vertex 15.4579 -65.4956 2.8
      vertex 15.4579 -65.4956 0
    endloop
  endfacet
  facet normal -0.953728 -0.300672 0
    outer loop
      vertex 19.6764 -65.1265 0
      vertex 19.62 -64.9476 2.8
      vertex 19.62 -64.9476 0
    endloop
  endfacet
  facet normal -0.953728 -0.300672 0
    outer loop
      vertex 19.62 -64.9476 2.8
      vertex 19.6764 -65.1265 0
      vertex 19.6764 -65.1265 2.8
    endloop
  endfacet
  facet normal -0.737353 -0.675507 0
    outer loop
      vertex 19.2467 -64.301 0
      vertex 19.12 -64.1627 2.8
      vertex 19.12 -64.1627 0
    endloop
  endfacet
  facet normal -0.737353 -0.675507 0
    outer loop
      vertex 19.12 -64.1627 2.8
      vertex 19.2467 -64.301 0
      vertex 19.2467 -64.301 2.8
    endloop
  endfacet
  facet normal 0.953728 0.300672 0
    outer loop
      vertex 15.5794 -66.4183 2.8
      vertex 15.523 -66.2394 0
      vertex 15.523 -66.2394 2.8
    endloop
  endfacet
  facet normal 0.953728 0.300672 0
    outer loop
      vertex 15.523 -66.2394 0
      vertex 15.5794 -66.4183 2.8
      vertex 15.5794 -66.4183 0
    endloop
  endfacet
  facet normal -0.537358 0.843354 0
    outer loop
      vertex 18.8329 -67.4441 0
      vertex 18.6747 -67.5449 2.8
      vertex 18.8329 -67.4441 2.8
    endloop
  endfacet
  facet normal -0.537358 0.843354 0
    outer loop
      vertex 18.6747 -67.5449 2.8
      vertex 18.8329 -67.4441 0
      vertex 18.6747 -67.5449 0
    endloop
  endfacet
  facet normal -0.886841 0.462074 0
    outer loop
      vertex 19.4616 -66.758 0
      vertex 19.5483 -66.5916 2.8
      vertex 19.5483 -66.5916 0
    endloop
  endfacet
  facet normal -0.886841 0.462074 0
    outer loop
      vertex 19.5483 -66.5916 2.8
      vertex 19.4616 -66.758 0
      vertex 19.4616 -66.758 2.8
    endloop
  endfacet
  facet normal -0.843442 0.537221 0
    outer loop
      vertex 19.3609 -66.9161 0
      vertex 19.4616 -66.758 2.8
      vertex 19.4616 -66.758 0
    endloop
  endfacet
  facet normal -0.843442 0.537221 0
    outer loop
      vertex 19.4616 -66.758 2.8
      vertex 19.3609 -66.9161 0
      vertex 19.3609 -66.9161 2.8
    endloop
  endfacet
  facet normal 0.999043 0.0437381 0
    outer loop
      vertex 15.4579 -65.8703 2.8
      vertex 15.4497 -65.683 0
      vertex 15.4497 -65.683 2.8
    endloop
  endfacet
  facet normal 0.999043 0.0437381 0
    outer loop
      vertex 15.4497 -65.683 0
      vertex 15.4579 -65.8703 2.8
      vertex 15.4579 -65.8703 0
    endloop
  endfacet
  facet normal -0.608834 0.793297 0
    outer loop
      vertex 18.9817 -67.3299 0
      vertex 18.8329 -67.4441 2.8
      vertex 18.9817 -67.3299 2.8
    endloop
  endfacet
  facet normal -0.608834 0.793297 0
    outer loop
      vertex 18.8329 -67.4441 2.8
      vertex 18.9817 -67.3299 0
      vertex 18.8329 -67.4441 0
    endloop
  endfacet
  facet normal -0.300825 0.953679 0
    outer loop
      vertex 18.335 -67.7033 0
      vertex 18.1562 -67.7597 2.8
      vertex 18.335 -67.7033 2.8
    endloop
  endfacet
  facet normal -0.300825 0.953679 0
    outer loop
      vertex 18.1562 -67.7597 2.8
      vertex 18.335 -67.7033 0
      vertex 18.1562 -67.7597 0
    endloop
  endfacet
  facet normal 0.999044 -0.0437148 0
    outer loop
      vertex 15.4497 -65.683 2.8
      vertex 15.4579 -65.4956 0
      vertex 15.4579 -65.4956 2.8
    endloop
  endfacet
  facet normal 0.999044 -0.0437148 0
    outer loop
      vertex 15.4579 -65.4956 0
      vertex 15.4497 -65.683 2.8
      vertex 15.4497 -65.683 0
    endloop
  endfacet
  facet normal -0.130661 0.991427 0
    outer loop
      vertex 17.973 -67.8003 0
      vertex 17.7871 -67.8248 2.8
      vertex 17.973 -67.8003 2.8
    endloop
  endfacet
  facet normal -0.130661 0.991427 0
    outer loop
      vertex 17.7871 -67.8248 2.8
      vertex 17.973 -67.8003 0
      vertex 17.7871 -67.8248 0
    endloop
  endfacet
  facet normal -0.843596 -0.536979 0
    outer loop
      vertex 19.4616 -64.608 0
      vertex 19.3609 -64.4498 2.8
      vertex 19.3609 -64.4498 0
    endloop
  endfacet
  facet normal -0.843596 -0.536979 0
    outer loop
      vertex 19.3609 -64.4498 2.8
      vertex 19.4616 -64.608 0
      vertex 19.4616 -64.608 2.8
    endloop
  endfacet
  facet normal 0.675507 0.737353 -0
    outer loop
      vertex 16.2177 -67.3299 0
      vertex 16.0794 -67.2032 2.8
      vertex 16.2177 -67.3299 2.8
    endloop
  endfacet
  facet normal 0.675507 0.737353 0
    outer loop
      vertex 16.0794 -67.2032 2.8
      vertex 16.2177 -67.3299 0
      vertex 16.0794 -67.2032 0
    endloop
  endfacet
  facet normal 0.976287 0.216479 0
    outer loop
      vertex 15.523 -66.2394 2.8
      vertex 15.4824 -66.0563 0
      vertex 15.4824 -66.0563 2.8
    endloop
  endfacet
  facet normal 0.976287 0.216479 0
    outer loop
      vertex 15.4824 -66.0563 0
      vertex 15.523 -66.2394 2.8
      vertex 15.523 -66.2394 0
    endloop
  endfacet
  facet normal -0.676 -0.736901 0
    outer loop
      vertex 19.0958 -64.1405 0
      vertex 19.12 -64.1627 2.8
      vertex 19.0958 -64.1405 2.8
    endloop
  endfacet
  facet normal -0.676 -0.736901 -0
    outer loop
      vertex 19.12 -64.1627 2.8
      vertex 19.0958 -64.1405 0
      vertex 19.12 -64.1627 0
    endloop
  endfacet
  facet normal -0.924036 -0.382305 0
    outer loop
      vertex 19.62 -64.9476 0
      vertex 19.5483 -64.7743 2.8
      vertex 19.5483 -64.7743 0
    endloop
  endfacet
  facet normal -0.924036 -0.382305 0
    outer loop
      vertex 19.5483 -64.7743 2.8
      vertex 19.62 -64.9476 0
      vertex 19.62 -64.9476 2.8
    endloop
  endfacet
  facet normal 0.461655 0.88706 -0
    outer loop
      vertex 16.6911 -67.6315 0
      vertex 16.5247 -67.5449 2.8
      vertex 16.6911 -67.6315 2.8
    endloop
  endfacet
  facet normal 0.461655 0.88706 0
    outer loop
      vertex 16.5247 -67.5449 2.8
      vertex 16.6911 -67.6315 0
      vertex 16.5247 -67.5449 0
    endloop
  endfacet
  facet normal 0.793297 0.608834 0
    outer loop
      vertex 15.9527 -67.0649 2.8
      vertex 15.8385 -66.9161 0
      vertex 15.8385 -66.9161 2.8
    endloop
  endfacet
  facet normal 0.793297 0.608834 0
    outer loop
      vertex 15.8385 -66.9161 0
      vertex 15.9527 -67.0649 2.8
      vertex 15.9527 -67.0649 0
    endloop
  endfacet
  facet normal -0.38276 0.923848 0
    outer loop
      vertex 18.5083 -67.6315 0
      vertex 18.335 -67.7033 2.8
      vertex 18.5083 -67.6315 2.8
    endloop
  endfacet
  facet normal -0.38276 0.923848 0
    outer loop
      vertex 18.335 -67.7033 2.8
      vertex 18.5083 -67.6315 0
      vertex 18.335 -67.7033 0
    endloop
  endfacet
  facet normal 0.991436 0.130592 0
    outer loop
      vertex 15.4824 -66.0563 2.8
      vertex 15.4579 -65.8703 0
      vertex 15.4579 -65.8703 2.8
    endloop
  endfacet
  facet normal 0.991436 0.130592 0
    outer loop
      vertex 15.4579 -65.8703 0
      vertex 15.4824 -66.0563 2.8
      vertex 15.4824 -66.0563 0
    endloop
  endfacet
  facet normal 0.737353 0.675507 0
    outer loop
      vertex 16.0794 -67.2032 2.8
      vertex 15.9527 -67.0649 0
      vertex 15.9527 -67.0649 2.8
    endloop
  endfacet
  facet normal 0.737353 0.675507 0
    outer loop
      vertex 15.9527 -67.0649 0
      vertex 16.0794 -67.2032 2.8
      vertex 16.0794 -67.2032 0
    endloop
  endfacet
  facet normal -0.924036 0.382305 0
    outer loop
      vertex 19.5483 -66.5916 0
      vertex 19.62 -66.4183 2.8
      vertex 19.62 -66.4183 0
    endloop
  endfacet
  facet normal -0.924036 0.382305 0
    outer loop
      vertex 19.62 -66.4183 2.8
      vertex 19.5483 -66.5916 0
      vertex 19.5483 -66.5916 2.8
    endloop
  endfacet
  facet normal 0.976287 -0.216479 0
    outer loop
      vertex 15.4824 -65.3096 2.8
      vertex 15.523 -65.1265 0
      vertex 15.523 -65.1265 2.8
    endloop
  endfacet
  facet normal 0.976287 -0.216479 0
    outer loop
      vertex 15.523 -65.1265 0
      vertex 15.4824 -65.3096 2.8
      vertex 15.4824 -65.3096 0
    endloop
  endfacet
  facet normal -0.0437148 0.999044 0
    outer loop
      vertex 17.7871 -67.8248 0
      vertex 17.5997 -67.833 2.8
      vertex 17.7871 -67.8248 2.8
    endloop
  endfacet
  facet normal -0.0437148 0.999044 0
    outer loop
      vertex 17.5997 -67.833 2.8
      vertex 17.7871 -67.8248 0
      vertex 17.5997 -67.833 0
    endloop
  endfacet
  facet normal -0.461655 0.88706 0
    outer loop
      vertex 18.6747 -67.5449 0
      vertex 18.5083 -67.6315 2.8
      vertex 18.6747 -67.5449 2.8
    endloop
  endfacet
  facet normal -0.461655 0.88706 0
    outer loop
      vertex 18.5083 -67.6315 2.8
      vertex 18.6747 -67.5449 0
      vertex 18.5083 -67.6315 0
    endloop
  endfacet
  facet normal 0.300825 0.953679 -0
    outer loop
      vertex 17.0432 -67.7597 0
      vertex 16.8644 -67.7033 2.8
      vertex 17.0432 -67.7597 2.8
    endloop
  endfacet
  facet normal 0.300825 0.953679 0
    outer loop
      vertex 16.8644 -67.7033 2.8
      vertex 17.0432 -67.7597 0
      vertex 16.8644 -67.7033 0
    endloop
  endfacet
  facet normal 0.608834 0.793297 -0
    outer loop
      vertex 16.3665 -67.4441 0
      vertex 16.2177 -67.3299 2.8
      vertex 16.3665 -67.4441 2.8
    endloop
  endfacet
  facet normal 0.608834 0.793297 0
    outer loop
      vertex 16.2177 -67.3299 2.8
      vertex 16.3665 -67.4441 0
      vertex 16.2177 -67.3299 0
    endloop
  endfacet
  facet normal 0.924036 0.382305 0
    outer loop
      vertex 15.6511 -66.5916 2.8
      vertex 15.5794 -66.4183 0
      vertex 15.5794 -66.4183 2.8
    endloop
  endfacet
  facet normal 0.924036 0.382305 0
    outer loop
      vertex 15.5794 -66.4183 0
      vertex 15.6511 -66.5916 2.8
      vertex 15.6511 -66.5916 0
    endloop
  endfacet
  facet normal 0.537358 0.843354 -0
    outer loop
      vertex 16.5247 -67.5449 0
      vertex 16.3665 -67.4441 2.8
      vertex 16.5247 -67.5449 2.8
    endloop
  endfacet
  facet normal 0.537358 0.843354 0
    outer loop
      vertex 16.3665 -67.4441 2.8
      vertex 16.5247 -67.5449 0
      vertex 16.3665 -67.4441 0
    endloop
  endfacet
  facet normal 0.88706 0.461655 0
    outer loop
      vertex 15.7377 -66.758 2.8
      vertex 15.6511 -66.5916 0
      vertex 15.6511 -66.5916 2.8
    endloop
  endfacet
  facet normal 0.88706 0.461655 0
    outer loop
      vertex 15.6511 -66.5916 0
      vertex 15.7377 -66.758 2.8
      vertex 15.7377 -66.758 0
    endloop
  endfacet
  facet normal -0.953728 0.300672 0
    outer loop
      vertex 19.62 -66.4183 0
      vertex 19.6764 -66.2394 2.8
      vertex 19.6764 -66.2394 0
    endloop
  endfacet
  facet normal -0.953728 0.300672 0
    outer loop
      vertex 19.6764 -66.2394 2.8
      vertex 19.62 -66.4183 0
      vertex 19.62 -66.4183 2.8
    endloop
  endfacet
  facet normal 0.130661 0.991427 -0
    outer loop
      vertex 17.4123 -67.8248 0
      vertex 17.2264 -67.8003 2.8
      vertex 17.4123 -67.8248 2.8
    endloop
  endfacet
  facet normal 0.130661 0.991427 0
    outer loop
      vertex 17.2264 -67.8003 2.8
      vertex 17.4123 -67.8248 0
      vertex 17.2264 -67.8003 0
    endloop
  endfacet
  facet normal -0.991468 -0.130351 0
    outer loop
      vertex 73.7433 0.152522 0
      vertex 73.7234 0.303884 2.8
      vertex 73.7234 0.303884 0
    endloop
  endfacet
  facet normal -0.991468 -0.130351 0
    outer loop
      vertex 73.7234 0.303884 2.8
      vertex 73.7433 0.152522 0
      vertex 73.7433 0.152522 2.8
    endloop
  endfacet
  facet normal -0.999037 -0.0438858 0
    outer loop
      vertex 73.75 0 0
      vertex 73.7433 0.152522 2.8
      vertex 73.7433 0.152522 0
    endloop
  endfacet
  facet normal -0.999037 -0.0438858 0
    outer loop
      vertex 73.7433 0.152522 2.8
      vertex 73.75 0 0
      vertex 73.75 0 2.8
    endloop
  endfacet
  facet normal -0.976356 -0.216169 0
    outer loop
      vertex 73.7234 0.303884 0
      vertex 73.6904 0.452933 2.8
      vertex 73.6904 0.452933 0
    endloop
  endfacet
  facet normal -0.976356 -0.216169 0
    outer loop
      vertex 73.6904 0.452933 2.8
      vertex 73.7234 0.303884 0
      vertex 73.7234 0.303884 2.8
    endloop
  endfacet
  facet normal -0.843478 -0.537164 0
    outer loop
      vertex 73.5155 0.875 0
      vertex 73.4335 1.00376 2.8
      vertex 73.4335 1.00376 0
    endloop
  endfacet
  facet normal -0.843478 -0.537164 0
    outer loop
      vertex 73.4335 1.00376 2.8
      vertex 73.5155 0.875 0
      vertex 73.5155 0.875 2.8
    endloop
  endfacet
  facet normal 0.461827 -0.88697 0
    outer loop
      vertex 71.125 1.51554 0
      vertex 71.2604 1.58604 2.8
      vertex 71.125 1.51554 2.8
    endloop
  endfacet
  facet normal 0.461827 -0.88697 0
    outer loop
      vertex 71.2604 1.58604 2.8
      vertex 71.125 1.51554 0
      vertex 71.2604 1.58604 0
    endloop
  endfacet
  facet normal 0.999037 -0.0438858 0
    outer loop
      vertex 70.25 0 2.8
      vertex 70.2567 0.152522 0
      vertex 70.2567 0.152522 2.8
    endloop
  endfacet
  facet normal 0.999037 -0.0438858 0
    outer loop
      vertex 70.2567 0.152522 0
      vertex 70.25 0 2.8
      vertex 70.25 0 0
    endloop
  endfacet
  facet normal -0.923702 -0.383113 0
    outer loop
      vertex 73.6445 0.598535 0
      vertex 73.586 0.739581 2.8
      vertex 73.586 0.739581 0
    endloop
  endfacet
  facet normal -0.923702 -0.383113 0
    outer loop
      vertex 73.586 0.739581 2.8
      vertex 73.6445 0.598535 0
      vertex 73.6445 0.598535 2.8
    endloop
  endfacet
  facet normal 0.953732 -0.300657 0
    outer loop
      vertex 70.3096 0.452933 2.8
      vertex 70.3555 0.598535 0
      vertex 70.3555 0.598535 2.8
    endloop
  endfacet
  facet normal 0.953732 -0.300657 0
    outer loop
      vertex 70.3555 0.598535 0
      vertex 70.3096 0.452933 2.8
      vertex 70.3096 0.452933 0
    endloop
  endfacet
  facet normal 0.130512 0.991447 -0
    outer loop
      vertex 71.8475 -1.74334 0
      vertex 71.6961 -1.72341 2.8
      vertex 71.8475 -1.74334 2.8
    endloop
  endfacet
  facet normal 0.130512 0.991447 0
    outer loop
      vertex 71.6961 -1.72341 2.8
      vertex 71.8475 -1.74334 0
      vertex 71.6961 -1.72341 0
    endloop
  endfacet
  facet normal 0.0436305 -0.999048 0
    outer loop
      vertex 71.8475 1.74334 0
      vertex 72 1.75 2.8
      vertex 71.8475 1.74334 2.8
    endloop
  endfacet
  facet normal 0.0436305 -0.999048 0
    outer loop
      vertex 72 1.75 2.8
      vertex 71.8475 1.74334 0
      vertex 72 1.75 0
    endloop
  endfacet
  facet normal 0.537138 0.843494 -0
    outer loop
      vertex 71.125 -1.51554 0
      vertex 70.9962 -1.43352 2.8
      vertex 71.125 -1.51554 2.8
    endloop
  endfacet
  facet normal 0.537138 0.843494 0
    outer loop
      vertex 70.9962 -1.43352 2.8
      vertex 71.125 -1.51554 0
      vertex 70.9962 -1.43352 0
    endloop
  endfacet
  facet normal 0.953732 0.300657 0
    outer loop
      vertex 70.3555 -0.598535 2.8
      vertex 70.3096 -0.452933 0
      vertex 70.3096 -0.452933 2.8
    endloop
  endfacet
  facet normal 0.953732 0.300657 0
    outer loop
      vertex 70.3096 -0.452933 0
      vertex 70.3555 -0.598535 2.8
      vertex 70.3555 -0.598535 0
    endloop
  endfacet
  facet normal 0.60883 0.7933 -0
    outer loop
      vertex 70.9962 -1.43352 0
      vertex 70.8751 -1.34058 2.8
      vertex 70.9962 -1.43352 2.8
    endloop
  endfacet
  facet normal 0.60883 0.7933 0
    outer loop
      vertex 70.8751 -1.34058 2.8
      vertex 70.9962 -1.43352 0
      vertex 70.8751 -1.34058 0
    endloop
  endfacet
  facet normal 0.537138 -0.843494 0
    outer loop
      vertex 70.9962 1.43352 0
      vertex 71.125 1.51554 2.8
      vertex 70.9962 1.43352 2.8
    endloop
  endfacet
  facet normal 0.537138 -0.843494 0
    outer loop
      vertex 71.125 1.51554 2.8
      vertex 70.9962 1.43352 0
      vertex 71.125 1.51554 0
    endloop
  endfacet
  facet normal -0.382541 -0.923939 0
    outer loop
      vertex 72.5985 1.64446 0
      vertex 72.7396 1.58604 2.8
      vertex 72.5985 1.64446 2.8
    endloop
  endfacet
  facet normal -0.382541 -0.923939 -0
    outer loop
      vertex 72.7396 1.58604 2.8
      vertex 72.5985 1.64446 0
      vertex 72.7396 1.58604 0
    endloop
  endfacet
  facet normal 0.976356 0.216169 0
    outer loop
      vertex 70.3096 -0.452933 2.8
      vertex 70.2766 -0.303884 0
      vertex 70.2766 -0.303884 2.8
    endloop
  endfacet
  facet normal 0.976356 0.216169 0
    outer loop
      vertex 70.2766 -0.303884 0
      vertex 70.3096 -0.452933 2.8
      vertex 70.3096 -0.452933 0
    endloop
  endfacet
  facet normal -0.793476 -0.608602 0
    outer loop
      vertex 73.4335 1.00376 0
      vertex 73.3406 1.12488 2.8
      vertex 73.3406 1.12488 0
    endloop
  endfacet
  facet normal -0.793476 -0.608602 0
    outer loop
      vertex 73.3406 1.12488 2.8
      vertex 73.4335 1.00376 0
      vertex 73.4335 1.00376 2.8
    endloop
  endfacet
  facet normal -0.675778 0.737105 0
    outer loop
      vertex 73.2374 -1.23744 0
      vertex 73.1249 -1.34058 2.8
      vertex 73.2374 -1.23744 2.8
    endloop
  endfacet
  facet normal -0.675778 0.737105 0
    outer loop
      vertex 73.1249 -1.34058 2.8
      vertex 73.2374 -1.23744 0
      vertex 73.1249 -1.34058 0
    endloop
  endfacet
  facet normal -0.976356 0.216169 0
    outer loop
      vertex 73.6904 -0.452933 0
      vertex 73.7234 -0.303884 2.8
      vertex 73.7234 -0.303884 0
    endloop
  endfacet
  facet normal -0.976356 0.216169 0
    outer loop
      vertex 73.7234 -0.303884 2.8
      vertex 73.6904 -0.452933 0
      vertex 73.6904 -0.452933 2.8
    endloop
  endfacet
  facet normal -0.793476 0.608602 0
    outer loop
      vertex 73.3406 -1.12488 0
      vertex 73.4335 -1.00376 2.8
      vertex 73.4335 -1.00376 0
    endloop
  endfacet
  facet normal -0.793476 0.608602 0
    outer loop
      vertex 73.4335 -1.00376 2.8
      vertex 73.3406 -1.12488 0
      vertex 73.3406 -1.12488 2.8
    endloop
  endfacet
  facet normal 0.675778 -0.737105 0
    outer loop
      vertex 70.7626 1.23744 0
      vertex 70.8751 1.34058 2.8
      vertex 70.7626 1.23744 2.8
    endloop
  endfacet
  facet normal 0.675778 -0.737105 0
    outer loop
      vertex 70.8751 1.34058 2.8
      vertex 70.7626 1.23744 0
      vertex 70.8751 1.34058 0
    endloop
  endfacet
  facet normal 0.300721 0.953712 -0
    outer loop
      vertex 71.5471 -1.69037 0
      vertex 71.4015 -1.64446 2.8
      vertex 71.5471 -1.69037 2.8
    endloop
  endfacet
  facet normal 0.300721 0.953712 0
    outer loop
      vertex 71.4015 -1.64446 2.8
      vertex 71.5471 -1.69037 0
      vertex 71.4015 -1.64446 0
    endloop
  endfacet
  facet normal 0.300721 -0.953712 0
    outer loop
      vertex 71.4015 1.64446 0
      vertex 71.5471 1.69037 2.8
      vertex 71.4015 1.64446 2.8
    endloop
  endfacet
  facet normal 0.300721 -0.953712 0
    outer loop
      vertex 71.5471 1.69037 2.8
      vertex 71.4015 1.64446 0
      vertex 71.5471 1.69037 0
    endloop
  endfacet
  facet normal 0.461827 0.88697 -0
    outer loop
      vertex 71.2604 -1.58604 0
      vertex 71.125 -1.51554 2.8
      vertex 71.2604 -1.58604 2.8
    endloop
  endfacet
  facet normal 0.461827 0.88697 0
    outer loop
      vertex 71.125 -1.51554 2.8
      vertex 71.2604 -1.58604 0
      vertex 71.125 -1.51554 0
    endloop
  endfacet
  facet normal -0.991468 0.130351 0
    outer loop
      vertex 73.7234 -0.303884 0
      vertex 73.7433 -0.152522 2.8
      vertex 73.7433 -0.152522 0
    endloop
  endfacet
  facet normal -0.991468 0.130351 0
    outer loop
      vertex 73.7433 -0.152522 2.8
      vertex 73.7234 -0.303884 0
      vertex 73.7234 -0.303884 2.8
    endloop
  endfacet
  facet normal -0.300721 -0.953712 0
    outer loop
      vertex 72.4529 1.69037 0
      vertex 72.5985 1.64446 2.8
      vertex 72.4529 1.69037 2.8
    endloop
  endfacet
  facet normal -0.300721 -0.953712 -0
    outer loop
      vertex 72.5985 1.64446 2.8
      vertex 72.4529 1.69037 0
      vertex 72.5985 1.64446 0
    endloop
  endfacet
  facet normal 0.382541 -0.923939 0
    outer loop
      vertex 71.2604 1.58604 0
      vertex 71.4015 1.64446 2.8
      vertex 71.2604 1.58604 2.8
    endloop
  endfacet
  facet normal 0.382541 -0.923939 0
    outer loop
      vertex 71.4015 1.64446 2.8
      vertex 71.2604 1.58604 0
      vertex 71.4015 1.64446 0
    endloop
  endfacet
  facet normal -0.923702 0.383113 0
    outer loop
      vertex 73.586 -0.739581 0
      vertex 73.6445 -0.598535 2.8
      vertex 73.6445 -0.598535 0
    endloop
  endfacet
  facet normal -0.923702 0.383113 0
    outer loop
      vertex 73.6445 -0.598535 2.8
      vertex 73.586 -0.739581 0
      vertex 73.586 -0.739581 2.8
    endloop
  endfacet
  facet normal -0.843478 0.537164 0
    outer loop
      vertex 73.4335 -1.00376 0
      vertex 73.5155 -0.875 2.8
      vertex 73.5155 -0.875 0
    endloop
  endfacet
  facet normal -0.843478 0.537164 0
    outer loop
      vertex 73.5155 -0.875 2.8
      vertex 73.4335 -1.00376 0
      vertex 73.4335 -1.00376 2.8
    endloop
  endfacet
  facet normal -0.537138 -0.843494 0
    outer loop
      vertex 72.875 1.51554 0
      vertex 73.0038 1.43352 2.8
      vertex 72.875 1.51554 2.8
    endloop
  endfacet
  facet normal -0.537138 -0.843494 -0
    outer loop
      vertex 73.0038 1.43352 2.8
      vertex 72.875 1.51554 0
      vertex 73.0038 1.43352 0
    endloop
  endfacet
  facet normal 0.991468 -0.130351 0
    outer loop
      vertex 70.2567 0.152522 2.8
      vertex 70.2766 0.303884 0
      vertex 70.2766 0.303884 2.8
    endloop
  endfacet
  facet normal 0.991468 -0.130351 0
    outer loop
      vertex 70.2766 0.303884 0
      vertex 70.2567 0.152522 2.8
      vertex 70.2567 0.152522 0
    endloop
  endfacet
  facet normal -0.537138 0.843494 0
    outer loop
      vertex 73.0038 -1.43352 0
      vertex 72.875 -1.51554 2.8
      vertex 73.0038 -1.43352 2.8
    endloop
  endfacet
  facet normal -0.537138 0.843494 0
    outer loop
      vertex 72.875 -1.51554 2.8
      vertex 73.0038 -1.43352 0
      vertex 72.875 -1.51554 0
    endloop
  endfacet
  facet normal 0.976356 -0.216169 0
    outer loop
      vertex 70.2766 0.303884 2.8
      vertex 70.3096 0.452933 0
      vertex 70.3096 0.452933 2.8
    endloop
  endfacet
  facet normal 0.976356 -0.216169 0
    outer loop
      vertex 70.3096 0.452933 0
      vertex 70.2766 0.303884 2.8
      vertex 70.2766 0.303884 0
    endloop
  endfacet
  facet normal 0.737089 0.675796 0
    outer loop
      vertex 70.7626 -1.23744 2.8
      vertex 70.6594 -1.12488 0
      vertex 70.6594 -1.12488 2.8
    endloop
  endfacet
  facet normal 0.737089 0.675796 0
    outer loop
      vertex 70.6594 -1.12488 0
      vertex 70.7626 -1.23744 2.8
      vertex 70.7626 -1.23744 0
    endloop
  endfacet
  facet normal -0.216486 -0.976286 0
    outer loop
      vertex 72.3039 1.72341 0
      vertex 72.4529 1.69037 2.8
      vertex 72.3039 1.72341 2.8
    endloop
  endfacet
  facet normal -0.216486 -0.976286 -0
    outer loop
      vertex 72.4529 1.69037 2.8
      vertex 72.3039 1.72341 0
      vertex 72.4529 1.69037 0
    endloop
  endfacet
  facet normal 0.886997 0.461776 0
    outer loop
      vertex 70.4845 -0.875 2.8
      vertex 70.414 -0.739581 0
      vertex 70.414 -0.739581 2.8
    endloop
  endfacet
  facet normal 0.886997 0.461776 0
    outer loop
      vertex 70.414 -0.739581 0
      vertex 70.4845 -0.875 2.8
      vertex 70.4845 -0.875 0
    endloop
  endfacet
  facet normal -0.60883 -0.7933 0
    outer loop
      vertex 73.0038 1.43352 0
      vertex 73.1249 1.34058 2.8
      vertex 73.0038 1.43352 2.8
    endloop
  endfacet
  facet normal -0.60883 -0.7933 -0
    outer loop
      vertex 73.1249 1.34058 2.8
      vertex 73.0038 1.43352 0
      vertex 73.1249 1.34058 0
    endloop
  endfacet
  facet normal 0.60883 -0.7933 0
    outer loop
      vertex 70.8751 1.34058 0
      vertex 70.9962 1.43352 2.8
      vertex 70.8751 1.34058 2.8
    endloop
  endfacet
  facet normal 0.60883 -0.7933 0
    outer loop
      vertex 70.9962 1.43352 2.8
      vertex 70.8751 1.34058 0
      vertex 70.9962 1.43352 0
    endloop
  endfacet
  facet normal -0.953732 -0.300657 0
    outer loop
      vertex 73.6904 0.452933 0
      vertex 73.6445 0.598535 2.8
      vertex 73.6445 0.598535 0
    endloop
  endfacet
  facet normal -0.953732 -0.300657 0
    outer loop
      vertex 73.6445 0.598535 2.8
      vertex 73.6904 0.452933 0
      vertex 73.6904 0.452933 2.8
    endloop
  endfacet
  facet normal -0.130512 0.991447 0
    outer loop
      vertex 72.3039 -1.72341 0
      vertex 72.1525 -1.74334 2.8
      vertex 72.3039 -1.72341 2.8
    endloop
  endfacet
  facet normal -0.130512 0.991447 0
    outer loop
      vertex 72.1525 -1.74334 2.8
      vertex 72.3039 -1.72341 0
      vertex 72.1525 -1.74334 0
    endloop
  endfacet
  facet normal -0.675778 -0.737105 0
    outer loop
      vertex 73.1249 1.34058 0
      vertex 73.2374 1.23744 2.8
      vertex 73.1249 1.34058 2.8
    endloop
  endfacet
  facet normal -0.675778 -0.737105 -0
    outer loop
      vertex 73.2374 1.23744 2.8
      vertex 73.1249 1.34058 0
      vertex 73.2374 1.23744 0
    endloop
  endfacet
  facet normal -0.216486 0.976286 0
    outer loop
      vertex 72.4529 -1.69037 0
      vertex 72.3039 -1.72341 2.8
      vertex 72.4529 -1.69037 2.8
    endloop
  endfacet
  facet normal -0.216486 0.976286 0
    outer loop
      vertex 72.3039 -1.72341 2.8
      vertex 72.4529 -1.69037 0
      vertex 72.3039 -1.72341 0
    endloop
  endfacet
  facet normal 0.0436305 0.999048 -0
    outer loop
      vertex 72 -1.75 0
      vertex 71.8475 -1.74334 2.8
      vertex 72 -1.75 2.8
    endloop
  endfacet
  facet normal 0.0436305 0.999048 0
    outer loop
      vertex 71.8475 -1.74334 2.8
      vertex 72 -1.75 0
      vertex 71.8475 -1.74334 0
    endloop
  endfacet
  facet normal -0.461827 -0.88697 0
    outer loop
      vertex 72.7396 1.58604 0
      vertex 72.875 1.51554 2.8
      vertex 72.7396 1.58604 2.8
    endloop
  endfacet
  facet normal -0.461827 -0.88697 -0
    outer loop
      vertex 72.875 1.51554 2.8
      vertex 72.7396 1.58604 0
      vertex 72.875 1.51554 0
    endloop
  endfacet
  facet normal -0.382541 0.923939 0
    outer loop
      vertex 72.7396 -1.58604 0
      vertex 72.5985 -1.64446 2.8
      vertex 72.7396 -1.58604 2.8
    endloop
  endfacet
  facet normal -0.382541 0.923939 0
    outer loop
      vertex 72.5985 -1.64446 2.8
      vertex 72.7396 -1.58604 0
      vertex 72.5985 -1.64446 0
    endloop
  endfacet
  facet normal 0.843478 0.537164 0
    outer loop
      vertex 70.5665 -1.00376 2.8
      vertex 70.4845 -0.875 0
      vertex 70.4845 -0.875 2.8
    endloop
  endfacet
  facet normal 0.843478 0.537164 0
    outer loop
      vertex 70.4845 -0.875 0
      vertex 70.5665 -1.00376 2.8
      vertex 70.5665 -1.00376 0
    endloop
  endfacet
  facet normal 0.923702 0.383113 0
    outer loop
      vertex 70.414 -0.739581 2.8
      vertex 70.3555 -0.598535 0
      vertex 70.3555 -0.598535 2.8
    endloop
  endfacet
  facet normal 0.923702 0.383113 0
    outer loop
      vertex 70.3555 -0.598535 0
      vertex 70.414 -0.739581 2.8
      vertex 70.414 -0.739581 0
    endloop
  endfacet
  facet normal -0.886997 0.461776 0
    outer loop
      vertex 73.5155 -0.875 0
      vertex 73.586 -0.739581 2.8
      vertex 73.586 -0.739581 0
    endloop
  endfacet
  facet normal -0.886997 0.461776 0
    outer loop
      vertex 73.586 -0.739581 2.8
      vertex 73.5155 -0.875 0
      vertex 73.5155 -0.875 2.8
    endloop
  endfacet
  facet normal -0.953732 0.300657 0
    outer loop
      vertex 73.6445 -0.598535 0
      vertex 73.6904 -0.452933 2.8
      vertex 73.6904 -0.452933 0
    endloop
  endfacet
  facet normal -0.953732 0.300657 0
    outer loop
      vertex 73.6904 -0.452933 2.8
      vertex 73.6445 -0.598535 0
      vertex 73.6445 -0.598535 2.8
    endloop
  endfacet
  facet normal -0.0436305 0.999048 0
    outer loop
      vertex 72.1525 -1.74334 0
      vertex 72 -1.75 2.8
      vertex 72.1525 -1.74334 2.8
    endloop
  endfacet
  facet normal -0.0436305 0.999048 0
    outer loop
      vertex 72 -1.75 2.8
      vertex 72.1525 -1.74334 0
      vertex 72 -1.75 0
    endloop
  endfacet
  facet normal 0.382541 0.923939 -0
    outer loop
      vertex 71.4015 -1.64446 0
      vertex 71.2604 -1.58604 2.8
      vertex 71.4015 -1.64446 2.8
    endloop
  endfacet
  facet normal 0.382541 0.923939 0
    outer loop
      vertex 71.2604 -1.58604 2.8
      vertex 71.4015 -1.64446 0
      vertex 71.2604 -1.58604 0
    endloop
  endfacet
  facet normal -0.999037 0.0438858 0
    outer loop
      vertex 73.7433 -0.152522 0
      vertex 73.75 0 2.8
      vertex 73.75 0 0
    endloop
  endfacet
  facet normal -0.999037 0.0438858 0
    outer loop
      vertex 73.75 0 2.8
      vertex 73.7433 -0.152522 0
      vertex 73.7433 -0.152522 2.8
    endloop
  endfacet
  facet normal -0.886997 -0.461776 0
    outer loop
      vertex 73.586 0.739581 0
      vertex 73.5155 0.875 2.8
      vertex 73.5155 0.875 0
    endloop
  endfacet
  facet normal -0.886997 -0.461776 0
    outer loop
      vertex 73.5155 0.875 2.8
      vertex 73.586 0.739581 0
      vertex 73.586 0.739581 2.8
    endloop
  endfacet
  facet normal -0.461827 0.88697 0
    outer loop
      vertex 72.875 -1.51554 0
      vertex 72.7396 -1.58604 2.8
      vertex 72.875 -1.51554 2.8
    endloop
  endfacet
  facet normal -0.461827 0.88697 0
    outer loop
      vertex 72.7396 -1.58604 2.8
      vertex 72.875 -1.51554 0
      vertex 72.7396 -1.58604 0
    endloop
  endfacet
  facet normal 0.923702 -0.383113 0
    outer loop
      vertex 70.3555 0.598535 2.8
      vertex 70.414 0.739581 0
      vertex 70.414 0.739581 2.8
    endloop
  endfacet
  facet normal 0.923702 -0.383113 0
    outer loop
      vertex 70.414 0.739581 0
      vertex 70.3555 0.598535 2.8
      vertex 70.3555 0.598535 0
    endloop
  endfacet
  facet normal 0.216486 0.976286 -0
    outer loop
      vertex 71.6961 -1.72341 0
      vertex 71.5471 -1.69037 2.8
      vertex 71.6961 -1.72341 2.8
    endloop
  endfacet
  facet normal 0.216486 0.976286 0
    outer loop
      vertex 71.5471 -1.69037 2.8
      vertex 71.6961 -1.72341 0
      vertex 71.5471 -1.69037 0
    endloop
  endfacet
  facet normal 0.130512 -0.991447 0
    outer loop
      vertex 71.6961 1.72341 0
      vertex 71.8475 1.74334 2.8
      vertex 71.6961 1.72341 2.8
    endloop
  endfacet
  facet normal 0.130512 -0.991447 0
    outer loop
      vertex 71.8475 1.74334 2.8
      vertex 71.6961 1.72341 0
      vertex 71.8475 1.74334 0
    endloop
  endfacet
  facet normal 0.216486 -0.976286 0
    outer loop
      vertex 71.5471 1.69037 0
      vertex 71.6961 1.72341 2.8
      vertex 71.5471 1.69037 2.8
    endloop
  endfacet
  facet normal 0.216486 -0.976286 0
    outer loop
      vertex 71.6961 1.72341 2.8
      vertex 71.5471 1.69037 0
      vertex 71.6961 1.72341 0
    endloop
  endfacet
  facet normal -0.130512 -0.991447 0
    outer loop
      vertex 72.1525 1.74334 0
      vertex 72.3039 1.72341 2.8
      vertex 72.1525 1.74334 2.8
    endloop
  endfacet
  facet normal -0.130512 -0.991447 -0
    outer loop
      vertex 72.3039 1.72341 2.8
      vertex 72.1525 1.74334 0
      vertex 72.3039 1.72341 0
    endloop
  endfacet
  facet normal 0.793476 0.608602 0
    outer loop
      vertex 70.6594 -1.12488 2.8
      vertex 70.5665 -1.00376 0
      vertex 70.5665 -1.00376 2.8
    endloop
  endfacet
  facet normal 0.793476 0.608602 0
    outer loop
      vertex 70.5665 -1.00376 0
      vertex 70.6594 -1.12488 2.8
      vertex 70.6594 -1.12488 0
    endloop
  endfacet
  facet normal 0.991468 0.130351 0
    outer loop
      vertex 70.2766 -0.303884 2.8
      vertex 70.2567 -0.152522 0
      vertex 70.2567 -0.152522 2.8
    endloop
  endfacet
  facet normal 0.991468 0.130351 0
    outer loop
      vertex 70.2567 -0.152522 0
      vertex 70.2766 -0.303884 2.8
      vertex 70.2766 -0.303884 0
    endloop
  endfacet
  facet normal -0.737089 0.675796 0
    outer loop
      vertex 73.2374 -1.23744 0
      vertex 73.3406 -1.12488 2.8
      vertex 73.3406 -1.12488 0
    endloop
  endfacet
  facet normal -0.737089 0.675796 0
    outer loop
      vertex 73.3406 -1.12488 2.8
      vertex 73.2374 -1.23744 0
      vertex 73.2374 -1.23744 2.8
    endloop
  endfacet
  facet normal 0.737089 -0.675796 0
    outer loop
      vertex 70.6594 1.12488 2.8
      vertex 70.7626 1.23744 0
      vertex 70.7626 1.23744 2.8
    endloop
  endfacet
  facet normal 0.737089 -0.675796 0
    outer loop
      vertex 70.7626 1.23744 0
      vertex 70.6594 1.12488 2.8
      vertex 70.6594 1.12488 0
    endloop
  endfacet
  facet normal -0.0436305 -0.999048 0
    outer loop
      vertex 72 1.75 0
      vertex 72.1525 1.74334 2.8
      vertex 72 1.75 2.8
    endloop
  endfacet
  facet normal -0.0436305 -0.999048 -0
    outer loop
      vertex 72.1525 1.74334 2.8
      vertex 72 1.75 0
      vertex 72.1525 1.74334 0
    endloop
  endfacet
  facet normal 0.793476 -0.608602 0
    outer loop
      vertex 70.5665 1.00376 2.8
      vertex 70.6594 1.12488 0
      vertex 70.6594 1.12488 2.8
    endloop
  endfacet
  facet normal 0.793476 -0.608602 0
    outer loop
      vertex 70.6594 1.12488 0
      vertex 70.5665 1.00376 2.8
      vertex 70.5665 1.00376 0
    endloop
  endfacet
  facet normal -0.300721 0.953712 0
    outer loop
      vertex 72.5985 -1.64446 0
      vertex 72.4529 -1.69037 2.8
      vertex 72.5985 -1.64446 2.8
    endloop
  endfacet
  facet normal -0.300721 0.953712 0
    outer loop
      vertex 72.4529 -1.69037 2.8
      vertex 72.5985 -1.64446 0
      vertex 72.4529 -1.69037 0
    endloop
  endfacet
  facet normal -0.60883 0.7933 0
    outer loop
      vertex 73.1249 -1.34058 0
      vertex 73.0038 -1.43352 2.8
      vertex 73.1249 -1.34058 2.8
    endloop
  endfacet
  facet normal -0.60883 0.7933 0
    outer loop
      vertex 73.0038 -1.43352 2.8
      vertex 73.1249 -1.34058 0
      vertex 73.0038 -1.43352 0
    endloop
  endfacet
  facet normal 0.886997 -0.461776 0
    outer loop
      vertex 70.414 0.739581 2.8
      vertex 70.4845 0.875 0
      vertex 70.4845 0.875 2.8
    endloop
  endfacet
  facet normal 0.886997 -0.461776 0
    outer loop
      vertex 70.4845 0.875 0
      vertex 70.414 0.739581 2.8
      vertex 70.414 0.739581 0
    endloop
  endfacet
  facet normal 0.675778 0.737105 -0
    outer loop
      vertex 70.8751 -1.34058 0
      vertex 70.7626 -1.23744 2.8
      vertex 70.8751 -1.34058 2.8
    endloop
  endfacet
  facet normal 0.675778 0.737105 0
    outer loop
      vertex 70.7626 -1.23744 2.8
      vertex 70.8751 -1.34058 0
      vertex 70.7626 -1.23744 0
    endloop
  endfacet
  facet normal -0.737089 -0.675796 0
    outer loop
      vertex 73.3406 1.12488 0
      vertex 73.2374 1.23744 2.8
      vertex 73.2374 1.23744 0
    endloop
  endfacet
  facet normal -0.737089 -0.675796 0
    outer loop
      vertex 73.2374 1.23744 2.8
      vertex 73.3406 1.12488 0
      vertex 73.3406 1.12488 2.8
    endloop
  endfacet
  facet normal 0.843478 -0.537164 0
    outer loop
      vertex 70.4845 0.875 2.8
      vertex 70.5665 1.00376 0
      vertex 70.5665 1.00376 2.8
    endloop
  endfacet
  facet normal 0.843478 -0.537164 0
    outer loop
      vertex 70.5665 1.00376 0
      vertex 70.4845 0.875 2.8
      vertex 70.4845 0.875 0
    endloop
  endfacet
  facet normal 0.999037 0.0438858 0
    outer loop
      vertex 70.2567 -0.152522 2.8
      vertex 70.25 0 0
      vertex 70.25 0 2.8
    endloop
  endfacet
  facet normal 0.999037 0.0438858 0
    outer loop
      vertex 70.25 0 0
      vertex 70.2567 -0.152522 2.8
      vertex 70.2567 -0.152522 0
    endloop
  endfacet
  facet normal -0.991461 -0.130404 0
    outer loop
      vertex 37.7433 62.5064 0
      vertex 37.7234 62.6577 2.8
      vertex 37.7234 62.6577 0
    endloop
  endfacet
  facet normal -0.991461 -0.130404 0
    outer loop
      vertex 37.7234 62.6577 2.8
      vertex 37.7433 62.5064 0
      vertex 37.7433 62.5064 2.8
    endloop
  endfacet
  facet normal -0.999038 -0.0438634 0
    outer loop
      vertex 37.75 62.3538 0
      vertex 37.7433 62.5064 2.8
      vertex 37.7433 62.5064 0
    endloop
  endfacet
  facet normal -0.999038 -0.0438634 0
    outer loop
      vertex 37.7433 62.5064 2.8
      vertex 37.75 62.3538 0
      vertex 37.75 62.3538 2.8
    endloop
  endfacet
  facet normal -0.976372 -0.216098 0
    outer loop
      vertex 37.7234 62.6577 0
      vertex 37.6904 62.8068 2.8
      vertex 37.6904 62.8068 0
    endloop
  endfacet
  facet normal -0.976372 -0.216098 0
    outer loop
      vertex 37.6904 62.8068 2.8
      vertex 37.7234 62.6577 0
      vertex 37.7234 62.6577 2.8
    endloop
  endfacet
  facet normal 0.382429 -0.923985 0
    outer loop
      vertex 35.2604 63.9399 0
      vertex 35.4015 63.9983 2.8
      vertex 35.2604 63.9399 2.8
    endloop
  endfacet
  facet normal 0.382429 -0.923985 0
    outer loop
      vertex 35.4015 63.9983 2.8
      vertex 35.2604 63.9399 0
      vertex 35.4015 63.9983 0
    endloop
  endfacet
  facet normal -0.843554 -0.537045 0
    outer loop
      vertex 37.5155 63.2288 0
      vertex 37.4335 63.3576 2.8
      vertex 37.4335 63.3576 0
    endloop
  endfacet
  facet normal -0.843554 -0.537045 0
    outer loop
      vertex 37.4335 63.3576 2.8
      vertex 37.5155 63.2288 0
      vertex 37.5155 63.2288 2.8
    endloop
  endfacet
  facet normal -0.537045 0.843554 0
    outer loop
      vertex 37.0038 60.9203 0
      vertex 36.875 60.8383 2.8
      vertex 37.0038 60.9203 2.8
    endloop
  endfacet
  facet normal -0.537045 0.843554 0
    outer loop
      vertex 36.875 60.8383 2.8
      vertex 37.0038 60.9203 0
      vertex 36.875 60.8383 0
    endloop
  endfacet
  facet normal 0.216861 0.976202 -0
    outer loop
      vertex 35.6961 60.6304 0
      vertex 35.5471 60.6635 2.8
      vertex 35.6961 60.6304 2.8
    endloop
  endfacet
  facet normal 0.216861 0.976202 0
    outer loop
      vertex 35.5471 60.6635 2.8
      vertex 35.6961 60.6304 0
      vertex 35.5471 60.6635 0
    endloop
  endfacet
  facet normal -0.923657 -0.38322 0
    outer loop
      vertex 37.6445 62.9524 0
      vertex 37.586 63.0934 2.8
      vertex 37.586 63.0934 0
    endloop
  endfacet
  facet normal -0.923657 -0.38322 0
    outer loop
      vertex 37.586 63.0934 2.8
      vertex 37.6445 62.9524 0
      vertex 37.6445 62.9524 2.8
    endloop
  endfacet
  facet normal -0.923753 0.382988 0
    outer loop
      vertex 37.586 61.6142 0
      vertex 37.6445 61.7553 2.8
      vertex 37.6445 61.7553 0
    endloop
  endfacet
  facet normal -0.923753 0.382988 0
    outer loop
      vertex 37.6445 61.7553 2.8
      vertex 37.586 61.6142 0
      vertex 37.586 61.6142 2.8
    endloop
  endfacet
  facet normal -0.88697 0.461827 0
    outer loop
      vertex 37.5155 61.4788 0
      vertex 37.586 61.6142 2.8
      vertex 37.586 61.6142 0
    endloop
  endfacet
  facet normal -0.88697 0.461827 0
    outer loop
      vertex 37.586 61.6142 2.8
      vertex 37.5155 61.4788 0
      vertex 37.5155 61.4788 2.8
    endloop
  endfacet
  facet normal -0.609078 0.793111 0
    outer loop
      vertex 37.1249 61.0133 0
      vertex 37.0038 60.9203 2.8
      vertex 37.1249 61.0133 2.8
    endloop
  endfacet
  facet normal -0.609078 0.793111 0
    outer loop
      vertex 37.0038 60.9203 2.8
      vertex 37.1249 61.0133 0
      vertex 37.0038 60.9203 0
    endloop
  endfacet
  facet normal 0.953731 0.300661 0
    outer loop
      vertex 34.3555 61.7553 2.8
      vertex 34.3096 61.9009 0
      vertex 34.3096 61.9009 2.8
    endloop
  endfacet
  facet normal 0.953731 0.300661 0
    outer loop
      vertex 34.3096 61.9009 0
      vertex 34.3555 61.7553 2.8
      vertex 34.3555 61.7553 0
    endloop
  endfacet
  facet normal 0.609078 0.793111 -0
    outer loop
      vertex 34.9962 60.9203 0
      vertex 34.8751 61.0133 2.8
      vertex 34.9962 60.9203 2.8
    endloop
  endfacet
  facet normal 0.609078 0.793111 0
    outer loop
      vertex 34.8751 61.0133 2.8
      vertex 34.9962 60.9203 0
      vertex 34.8751 61.0133 0
    endloop
  endfacet
  facet normal 0.976341 0.216237 0
    outer loop
      vertex 34.3096 61.9009 2.8
      vertex 34.2766 62.0499 0
      vertex 34.2766 62.0499 2.8
    endloop
  endfacet
  facet normal 0.976341 0.216237 0
    outer loop
      vertex 34.2766 62.0499 0
      vertex 34.3096 61.9009 2.8
      vertex 34.3096 61.9009 0
    endloop
  endfacet
  facet normal -0.675636 0.737236 0
    outer loop
      vertex 37.2374 61.1164 0
      vertex 37.1249 61.0133 2.8
      vertex 37.2374 61.1164 2.8
    endloop
  endfacet
  facet normal -0.675636 0.737236 0
    outer loop
      vertex 37.1249 61.0133 2.8
      vertex 37.2374 61.1164 0
      vertex 37.1249 61.0133 0
    endloop
  endfacet
  facet normal -0.976341 0.216237 0
    outer loop
      vertex 37.6904 61.9009 0
      vertex 37.7234 62.0499 2.8
      vertex 37.7234 62.0499 0
    endloop
  endfacet
  facet normal -0.976341 0.216237 0
    outer loop
      vertex 37.7234 62.0499 2.8
      vertex 37.6904 61.9009 0
      vertex 37.6904 61.9009 2.8
    endloop
  endfacet
  facet normal 0.300661 0.953731 -0
    outer loop
      vertex 35.5471 60.6635 0
      vertex 35.4015 60.7094 2.8
      vertex 35.5471 60.6635 2.8
    endloop
  endfacet
  facet normal 0.300661 0.953731 0
    outer loop
      vertex 35.4015 60.7094 2.8
      vertex 35.5471 60.6635 0
      vertex 35.4015 60.7094 0
    endloop
  endfacet
  facet normal 0.300661 -0.953731 0
    outer loop
      vertex 35.4015 63.9983 0
      vertex 35.5471 64.0442 2.8
      vertex 35.4015 63.9983 2.8
    endloop
  endfacet
  facet normal 0.300661 -0.953731 0
    outer loop
      vertex 35.5471 64.0442 2.8
      vertex 35.4015 63.9983 0
      vertex 35.5471 64.0442 0
    endloop
  endfacet
  facet normal 0.537511 -0.843257 0
    outer loop
      vertex 34.9962 63.7873 0
      vertex 35.125 63.8694 2.8
      vertex 34.9962 63.7873 2.8
    endloop
  endfacet
  facet normal 0.537511 -0.843257 0
    outer loop
      vertex 35.125 63.8694 2.8
      vertex 34.9962 63.7873 0
      vertex 35.125 63.8694 0
    endloop
  endfacet
  facet normal 0.737208 -0.675665 0
    outer loop
      vertex 34.6594 63.4787 2.8
      vertex 34.7626 63.5913 0
      vertex 34.7626 63.5913 2.8
    endloop
  endfacet
  facet normal 0.737208 -0.675665 0
    outer loop
      vertex 34.7626 63.5913 0
      vertex 34.6594 63.4787 2.8
      vertex 34.6594 63.4787 0
    endloop
  endfacet
  facet normal 0.976372 -0.216098 0
    outer loop
      vertex 34.2766 62.6577 2.8
      vertex 34.3096 62.8068 0
      vertex 34.3096 62.8068 2.8
    endloop
  endfacet
  facet normal 0.976372 -0.216098 0
    outer loop
      vertex 34.3096 62.8068 0
      vertex 34.2766 62.6577 2.8
      vertex 34.2766 62.6577 0
    endloop
  endfacet
  facet normal 0.461827 0.88697 -0
    outer loop
      vertex 35.2604 60.7678 0
      vertex 35.125 60.8383 2.8
      vertex 35.2604 60.7678 2.8
    endloop
  endfacet
  facet normal 0.461827 0.88697 0
    outer loop
      vertex 35.125 60.8383 2.8
      vertex 35.2604 60.7678 0
      vertex 35.125 60.8383 0
    endloop
  endfacet
  facet normal 0.991461 -0.130404 0
    outer loop
      vertex 34.2567 62.5064 2.8
      vertex 34.2766 62.6577 0
      vertex 34.2766 62.6577 2.8
    endloop
  endfacet
  facet normal 0.991461 -0.130404 0
    outer loop
      vertex 34.2766 62.6577 0
      vertex 34.2567 62.5064 2.8
      vertex 34.2567 62.5064 0
    endloop
  endfacet
  facet normal -0.737208 0.675665 0
    outer loop
      vertex 37.2374 61.1164 0
      vertex 37.3406 61.229 2.8
      vertex 37.3406 61.229 0
    endloop
  endfacet
  facet normal -0.737208 0.675665 0
    outer loop
      vertex 37.3406 61.229 2.8
      vertex 37.2374 61.1164 0
      vertex 37.2374 61.1164 2.8
    endloop
  endfacet
  facet normal -0.537511 -0.843257 0
    outer loop
      vertex 36.875 63.8694 0
      vertex 37.0038 63.7873 2.8
      vertex 36.875 63.8694 2.8
    endloop
  endfacet
  facet normal -0.537511 -0.843257 -0
    outer loop
      vertex 37.0038 63.7873 2.8
      vertex 36.875 63.8694 0
      vertex 37.0038 63.7873 0
    endloop
  endfacet
  facet normal 0.537045 0.843554 -0
    outer loop
      vertex 35.125 60.8383 0
      vertex 34.9962 60.9203 2.8
      vertex 35.125 60.8383 2.8
    endloop
  endfacet
  facet normal 0.537045 0.843554 0
    outer loop
      vertex 34.9962 60.9203 2.8
      vertex 35.125 60.8383 0
      vertex 34.9962 60.9203 0
    endloop
  endfacet
  facet normal -0.793427 -0.608665 0
    outer loop
      vertex 37.4335 63.3576 0
      vertex 37.3406 63.4787 2.8
      vertex 37.3406 63.4787 0
    endloop
  endfacet
  facet normal -0.793427 -0.608665 0
    outer loop
      vertex 37.3406 63.4787 2.8
      vertex 37.4335 63.3576 0
      vertex 37.4335 63.3576 2.8
    endloop
  endfacet
  facet normal -0.130963 -0.991387 0
    outer loop
      vertex 36.1525 64.0972 0
      vertex 36.3039 64.0772 2.8
      vertex 36.1525 64.0972 2.8
    endloop
  endfacet
  facet normal -0.130963 -0.991387 -0
    outer loop
      vertex 36.3039 64.0772 2.8
      vertex 36.1525 64.0972 0
      vertex 36.3039 64.0772 0
    endloop
  endfacet
  facet normal -0.793427 0.608665 0
    outer loop
      vertex 37.3406 61.229 0
      vertex 37.4335 61.3501 2.8
      vertex 37.4335 61.3501 0
    endloop
  endfacet
  facet normal -0.793427 0.608665 0
    outer loop
      vertex 37.4335 61.3501 2.8
      vertex 37.3406 61.229 0
      vertex 37.3406 61.229 2.8
    endloop
  endfacet
  facet normal 0.382429 0.923985 -0
    outer loop
      vertex 35.4015 60.7094 0
      vertex 35.2604 60.7678 2.8
      vertex 35.4015 60.7094 2.8
    endloop
  endfacet
  facet normal 0.382429 0.923985 0
    outer loop
      vertex 35.2604 60.7678 2.8
      vertex 35.4015 60.7094 0
      vertex 35.2604 60.7678 0
    endloop
  endfacet
  facet normal -0.608665 -0.793427 0
    outer loop
      vertex 37.0038 63.7873 0
      vertex 37.1249 63.6944 2.8
      vertex 37.0038 63.7873 2.8
    endloop
  endfacet
  facet normal -0.608665 -0.793427 -0
    outer loop
      vertex 37.1249 63.6944 2.8
      vertex 37.0038 63.7873 0
      vertex 37.1249 63.6944 0
    endloop
  endfacet
  facet normal 0.675636 -0.737236 0
    outer loop
      vertex 34.7626 63.5913 0
      vertex 34.8751 63.6944 2.8
      vertex 34.7626 63.5913 2.8
    endloop
  endfacet
  facet normal 0.675636 -0.737236 0
    outer loop
      vertex 34.8751 63.6944 2.8
      vertex 34.7626 63.5913 0
      vertex 34.8751 63.6944 0
    endloop
  endfacet
  facet normal -0.0432382 -0.999065 0
    outer loop
      vertex 36 64.1038 0
      vertex 36.1525 64.0972 2.8
      vertex 36 64.1038 2.8
    endloop
  endfacet
  facet normal -0.0432382 -0.999065 -0
    outer loop
      vertex 36.1525 64.0972 2.8
      vertex 36 64.1038 0
      vertex 36.1525 64.0972 0
    endloop
  endfacet
  facet normal -0.461827 -0.88697 0
    outer loop
      vertex 36.7396 63.9399 0
      vertex 36.875 63.8694 2.8
      vertex 36.7396 63.9399 2.8
    endloop
  endfacet
  facet normal -0.461827 -0.88697 -0
    outer loop
      vertex 36.875 63.8694 2.8
      vertex 36.7396 63.9399 0
      vertex 36.875 63.8694 0
    endloop
  endfacet
  facet normal -0.953731 -0.300661 0
    outer loop
      vertex 37.6904 62.8068 0
      vertex 37.6445 62.9524 2.8
      vertex 37.6445 62.9524 0
    endloop
  endfacet
  facet normal -0.953731 -0.300661 0
    outer loop
      vertex 37.6445 62.9524 2.8
      vertex 37.6904 62.8068 0
      vertex 37.6904 62.8068 2.8
    endloop
  endfacet
  facet normal -0.130319 0.991472 0
    outer loop
      vertex 36.3039 60.6304 0
      vertex 36.1525 60.6105 2.8
      vertex 36.3039 60.6304 2.8
    endloop
  endfacet
  facet normal -0.130319 0.991472 0
    outer loop
      vertex 36.1525 60.6105 2.8
      vertex 36.3039 60.6304 0
      vertex 36.1525 60.6105 0
    endloop
  endfacet
  facet normal -0.216861 0.976202 0
    outer loop
      vertex 36.4529 60.6635 0
      vertex 36.3039 60.6304 2.8
      vertex 36.4529 60.6635 2.8
    endloop
  endfacet
  facet normal -0.216861 0.976202 0
    outer loop
      vertex 36.3039 60.6304 2.8
      vertex 36.4529 60.6635 0
      vertex 36.3039 60.6304 0
    endloop
  endfacet
  facet normal 0.999036 0.0438921 0
    outer loop
      vertex 34.2567 62.2013 2.8
      vertex 34.25 62.3538 0
      vertex 34.25 62.3538 2.8
    endloop
  endfacet
  facet normal 0.999036 0.0438921 0
    outer loop
      vertex 34.25 62.3538 0
      vertex 34.2567 62.2013 2.8
      vertex 34.2567 62.2013 0
    endloop
  endfacet
  facet normal -0.382429 0.923985 0
    outer loop
      vertex 36.7396 60.7678 0
      vertex 36.5985 60.7094 2.8
      vertex 36.7396 60.7678 2.8
    endloop
  endfacet
  facet normal -0.382429 0.923985 0
    outer loop
      vertex 36.5985 60.7094 2.8
      vertex 36.7396 60.7678 0
      vertex 36.5985 60.7094 0
    endloop
  endfacet
  facet normal 0.923753 0.382988 0
    outer loop
      vertex 34.414 61.6142 2.8
      vertex 34.3555 61.7553 0
      vertex 34.3555 61.7553 2.8
    endloop
  endfacet
  facet normal 0.923753 0.382988 0
    outer loop
      vertex 34.3555 61.7553 0
      vertex 34.414 61.6142 2.8
      vertex 34.414 61.6142 0
    endloop
  endfacet
  facet normal -0.991472 0.130319 0
    outer loop
      vertex 37.7234 62.0499 0
      vertex 37.7433 62.2013 2.8
      vertex 37.7433 62.2013 0
    endloop
  endfacet
  facet normal -0.991472 0.130319 0
    outer loop
      vertex 37.7433 62.2013 2.8
      vertex 37.7234 62.0499 0
      vertex 37.7234 62.0499 2.8
    endloop
  endfacet
  facet normal -0.999036 0.0438921 0
    outer loop
      vertex 37.7433 62.2013 0
      vertex 37.75 62.3538 2.8
      vertex 37.75 62.3538 0
    endloop
  endfacet
  facet normal -0.999036 0.0438921 0
    outer loop
      vertex 37.75 62.3538 2.8
      vertex 37.7433 62.2013 0
      vertex 37.7433 62.2013 2.8
    endloop
  endfacet
  facet normal -0.300661 -0.953731 0
    outer loop
      vertex 36.4529 64.0442 0
      vertex 36.5985 63.9983 2.8
      vertex 36.4529 64.0442 2.8
    endloop
  endfacet
  facet normal -0.300661 -0.953731 -0
    outer loop
      vertex 36.5985 63.9983 2.8
      vertex 36.4529 64.0442 0
      vertex 36.5985 63.9983 0
    endloop
  endfacet
  facet normal -0.0438921 0.999036 0
    outer loop
      vertex 36.1525 60.6105 0
      vertex 36 60.6038 2.8
      vertex 36.1525 60.6105 2.8
    endloop
  endfacet
  facet normal -0.0438921 0.999036 0
    outer loop
      vertex 36 60.6038 2.8
      vertex 36.1525 60.6105 0
      vertex 36 60.6038 0
    endloop
  endfacet
  facet normal 0.953731 -0.300661 0
    outer loop
      vertex 34.3096 62.8068 2.8
      vertex 34.3555 62.9524 0
      vertex 34.3555 62.9524 2.8
    endloop
  endfacet
  facet normal 0.953731 -0.300661 0
    outer loop
      vertex 34.3555 62.9524 0
      vertex 34.3096 62.8068 2.8
      vertex 34.3096 62.8068 0
    endloop
  endfacet
  facet normal -0.675636 -0.737236 0
    outer loop
      vertex 37.1249 63.6944 0
      vertex 37.2374 63.5913 2.8
      vertex 37.1249 63.6944 2.8
    endloop
  endfacet
  facet normal -0.675636 -0.737236 -0
    outer loop
      vertex 37.2374 63.5913 2.8
      vertex 37.1249 63.6944 0
      vertex 37.2374 63.5913 0
    endloop
  endfacet
  facet normal -0.88697 -0.461827 0
    outer loop
      vertex 37.586 63.0934 0
      vertex 37.5155 63.2288 2.8
      vertex 37.5155 63.2288 0
    endloop
  endfacet
  facet normal -0.88697 -0.461827 0
    outer loop
      vertex 37.5155 63.2288 2.8
      vertex 37.586 63.0934 0
      vertex 37.586 63.0934 2.8
    endloop
  endfacet
  facet normal 0.88697 -0.461827 0
    outer loop
      vertex 34.414 63.0934 2.8
      vertex 34.4845 63.2288 0
      vertex 34.4845 63.2288 2.8
    endloop
  endfacet
  facet normal 0.88697 -0.461827 0
    outer loop
      vertex 34.4845 63.2288 0
      vertex 34.414 63.0934 2.8
      vertex 34.414 63.0934 0
    endloop
  endfacet
  facet normal -0.461827 0.88697 0
    outer loop
      vertex 36.875 60.8383 0
      vertex 36.7396 60.7678 2.8
      vertex 36.875 60.8383 2.8
    endloop
  endfacet
  facet normal -0.461827 0.88697 0
    outer loop
      vertex 36.7396 60.7678 2.8
      vertex 36.875 60.8383 0
      vertex 36.7396 60.7678 0
    endloop
  endfacet
  facet normal 0.130963 -0.991387 0
    outer loop
      vertex 35.6961 64.0772 0
      vertex 35.8475 64.0972 2.8
      vertex 35.6961 64.0772 2.8
    endloop
  endfacet
  facet normal 0.130963 -0.991387 0
    outer loop
      vertex 35.8475 64.0972 2.8
      vertex 35.6961 64.0772 0
      vertex 35.8475 64.0972 0
    endloop
  endfacet
  facet normal -0.953731 0.300661 0
    outer loop
      vertex 37.6445 61.7553 0
      vertex 37.6904 61.9009 2.8
      vertex 37.6904 61.9009 0
    endloop
  endfacet
  facet normal -0.953731 0.300661 0
    outer loop
      vertex 37.6904 61.9009 2.8
      vertex 37.6445 61.7553 0
      vertex 37.6445 61.7553 2.8
    endloop
  endfacet
  facet normal 0.923657 -0.38322 0
    outer loop
      vertex 34.3555 62.9524 2.8
      vertex 34.414 63.0934 0
      vertex 34.414 63.0934 2.8
    endloop
  endfacet
  facet normal 0.923657 -0.38322 0
    outer loop
      vertex 34.414 63.0934 0
      vertex 34.3555 62.9524 2.8
      vertex 34.3555 62.9524 0
    endloop
  endfacet
  facet normal 0.216237 -0.976341 0
    outer loop
      vertex 35.5471 64.0442 0
      vertex 35.6961 64.0772 2.8
      vertex 35.5471 64.0442 2.8
    endloop
  endfacet
  facet normal 0.216237 -0.976341 0
    outer loop
      vertex 35.6961 64.0772 2.8
      vertex 35.5471 64.0442 0
      vertex 35.6961 64.0772 0
    endloop
  endfacet
  facet normal -0.843365 0.537342 0
    outer loop
      vertex 37.4335 61.3501 0
      vertex 37.5155 61.4788 2.8
      vertex 37.5155 61.4788 0
    endloop
  endfacet
  facet normal -0.843365 0.537342 0
    outer loop
      vertex 37.5155 61.4788 2.8
      vertex 37.4335 61.3501 0
      vertex 37.4335 61.3501 2.8
    endloop
  endfacet
  facet normal 0.793427 0.608665 0
    outer loop
      vertex 34.6594 61.229 2.8
      vertex 34.5665 61.3501 0
      vertex 34.5665 61.3501 2.8
    endloop
  endfacet
  facet normal 0.793427 0.608665 0
    outer loop
      vertex 34.5665 61.3501 0
      vertex 34.6594 61.229 2.8
      vertex 34.6594 61.229 0
    endloop
  endfacet
  facet normal 0.991472 0.130319 0
    outer loop
      vertex 34.2766 62.0499 2.8
      vertex 34.2567 62.2013 0
      vertex 34.2567 62.2013 2.8
    endloop
  endfacet
  facet normal 0.991472 0.130319 0
    outer loop
      vertex 34.2567 62.2013 0
      vertex 34.2766 62.0499 2.8
      vertex 34.2766 62.0499 0
    endloop
  endfacet
  facet normal 0.461827 -0.88697 0
    outer loop
      vertex 35.125 63.8694 0
      vertex 35.2604 63.9399 2.8
      vertex 35.125 63.8694 2.8
    endloop
  endfacet
  facet normal 0.461827 -0.88697 0
    outer loop
      vertex 35.2604 63.9399 2.8
      vertex 35.125 63.8694 0
      vertex 35.2604 63.9399 0
    endloop
  endfacet
  facet normal -0.300661 0.953731 0
    outer loop
      vertex 36.5985 60.7094 0
      vertex 36.4529 60.6635 2.8
      vertex 36.5985 60.7094 2.8
    endloop
  endfacet
  facet normal -0.300661 0.953731 0
    outer loop
      vertex 36.4529 60.6635 2.8
      vertex 36.5985 60.7094 0
      vertex 36.4529 60.6635 0
    endloop
  endfacet
  facet normal 0.0432382 -0.999065 0
    outer loop
      vertex 35.8475 64.0972 0
      vertex 36 64.1038 2.8
      vertex 35.8475 64.0972 2.8
    endloop
  endfacet
  facet normal 0.0432382 -0.999065 0
    outer loop
      vertex 36 64.1038 2.8
      vertex 35.8475 64.0972 0
      vertex 36 64.1038 0
    endloop
  endfacet
  facet normal -0.216237 -0.976341 0
    outer loop
      vertex 36.3039 64.0772 0
      vertex 36.4529 64.0442 2.8
      vertex 36.3039 64.0772 2.8
    endloop
  endfacet
  facet normal -0.216237 -0.976341 -0
    outer loop
      vertex 36.4529 64.0442 2.8
      vertex 36.3039 64.0772 0
      vertex 36.4529 64.0442 0
    endloop
  endfacet
  facet normal 0.0438921 0.999036 -0
    outer loop
      vertex 36 60.6038 0
      vertex 35.8475 60.6105 2.8
      vertex 36 60.6038 2.8
    endloop
  endfacet
  facet normal 0.0438921 0.999036 0
    outer loop
      vertex 35.8475 60.6105 2.8
      vertex 36 60.6038 0
      vertex 35.8475 60.6105 0
    endloop
  endfacet
  facet normal 0.737208 0.675665 0
    outer loop
      vertex 34.7626 61.1164 2.8
      vertex 34.6594 61.229 0
      vertex 34.6594 61.229 2.8
    endloop
  endfacet
  facet normal 0.737208 0.675665 0
    outer loop
      vertex 34.6594 61.229 0
      vertex 34.7626 61.1164 2.8
      vertex 34.7626 61.1164 0
    endloop
  endfacet
  facet normal 0.675636 0.737236 -0
    outer loop
      vertex 34.8751 61.0133 0
      vertex 34.7626 61.1164 2.8
      vertex 34.8751 61.0133 2.8
    endloop
  endfacet
  facet normal 0.675636 0.737236 0
    outer loop
      vertex 34.7626 61.1164 2.8
      vertex 34.8751 61.0133 0
      vertex 34.7626 61.1164 0
    endloop
  endfacet
  facet normal 0.608665 -0.793427 0
    outer loop
      vertex 34.8751 63.6944 0
      vertex 34.9962 63.7873 2.8
      vertex 34.8751 63.6944 2.8
    endloop
  endfacet
  facet normal 0.608665 -0.793427 0
    outer loop
      vertex 34.9962 63.7873 2.8
      vertex 34.8751 63.6944 0
      vertex 34.9962 63.7873 0
    endloop
  endfacet
  facet normal 0.793427 -0.608665 0
    outer loop
      vertex 34.5665 63.3576 2.8
      vertex 34.6594 63.4787 0
      vertex 34.6594 63.4787 2.8
    endloop
  endfacet
  facet normal 0.793427 -0.608665 0
    outer loop
      vertex 34.6594 63.4787 0
      vertex 34.5665 63.3576 2.8
      vertex 34.5665 63.3576 0
    endloop
  endfacet
  facet normal 0.843365 0.537342 0
    outer loop
      vertex 34.5665 61.3501 2.8
      vertex 34.4845 61.4788 0
      vertex 34.4845 61.4788 2.8
    endloop
  endfacet
  facet normal 0.843365 0.537342 0
    outer loop
      vertex 34.4845 61.4788 0
      vertex 34.5665 61.3501 2.8
      vertex 34.5665 61.3501 0
    endloop
  endfacet
  facet normal 0.88697 0.461827 0
    outer loop
      vertex 34.4845 61.4788 2.8
      vertex 34.414 61.6142 0
      vertex 34.414 61.6142 2.8
    endloop
  endfacet
  facet normal 0.88697 0.461827 0
    outer loop
      vertex 34.414 61.6142 0
      vertex 34.4845 61.4788 2.8
      vertex 34.4845 61.4788 0
    endloop
  endfacet
  facet normal -0.737208 -0.675665 0
    outer loop
      vertex 37.3406 63.4787 0
      vertex 37.2374 63.5913 2.8
      vertex 37.2374 63.5913 0
    endloop
  endfacet
  facet normal -0.737208 -0.675665 0
    outer loop
      vertex 37.2374 63.5913 2.8
      vertex 37.3406 63.4787 0
      vertex 37.3406 63.4787 2.8
    endloop
  endfacet
  facet normal 0.130319 0.991472 -0
    outer loop
      vertex 35.8475 60.6105 0
      vertex 35.6961 60.6304 2.8
      vertex 35.8475 60.6105 2.8
    endloop
  endfacet
  facet normal 0.130319 0.991472 0
    outer loop
      vertex 35.6961 60.6304 2.8
      vertex 35.8475 60.6105 0
      vertex 35.6961 60.6304 0
    endloop
  endfacet
  facet normal 0.843554 -0.537045 0
    outer loop
      vertex 34.4845 63.2288 2.8
      vertex 34.5665 63.3576 0
      vertex 34.5665 63.3576 2.8
    endloop
  endfacet
  facet normal 0.843554 -0.537045 0
    outer loop
      vertex 34.5665 63.3576 0
      vertex 34.4845 63.2288 2.8
      vertex 34.4845 63.2288 0
    endloop
  endfacet
  facet normal 0.999038 -0.0438634 0
    outer loop
      vertex 34.25 62.3538 2.8
      vertex 34.2567 62.5064 0
      vertex 34.2567 62.5064 2.8
    endloop
  endfacet
  facet normal 0.999038 -0.0438634 0
    outer loop
      vertex 34.2567 62.5064 0
      vertex 34.25 62.3538 2.8
      vertex 34.25 62.3538 0
    endloop
  endfacet
  facet normal -0.382429 -0.923985 0
    outer loop
      vertex 36.5985 63.9983 0
      vertex 36.7396 63.9399 2.8
      vertex 36.5985 63.9983 2.8
    endloop
  endfacet
  facet normal -0.382429 -0.923985 -0
    outer loop
      vertex 36.7396 63.9399 2.8
      vertex 36.5985 63.9983 0
      vertex 36.7396 63.9399 0
    endloop
  endfacet
  facet normal -0.991461 -0.130404 0
    outer loop
      vertex -34.2567 62.5064 0
      vertex -34.2766 62.6577 2.8
      vertex -34.2766 62.6577 0
    endloop
  endfacet
  facet normal -0.991461 -0.130404 0
    outer loop
      vertex -34.2766 62.6577 2.8
      vertex -34.2567 62.5064 0
      vertex -34.2567 62.5064 2.8
    endloop
  endfacet
  facet normal -0.999038 -0.0438634 0
    outer loop
      vertex -34.25 62.3538 0
      vertex -34.2567 62.5064 2.8
      vertex -34.2567 62.5064 0
    endloop
  endfacet
  facet normal -0.999038 -0.0438634 0
    outer loop
      vertex -34.2567 62.5064 2.8
      vertex -34.25 62.3538 0
      vertex -34.25 62.3538 2.8
    endloop
  endfacet
  facet normal -0.976372 -0.216098 0
    outer loop
      vertex -34.2766 62.6577 0
      vertex -34.3096 62.8068 2.8
      vertex -34.3096 62.8068 0
    endloop
  endfacet
  facet normal -0.976372 -0.216098 0
    outer loop
      vertex -34.3096 62.8068 2.8
      vertex -34.2766 62.6577 0
      vertex -34.2766 62.6577 2.8
    endloop
  endfacet
  facet normal 0.923753 0.382988 0
    outer loop
      vertex -37.586 61.6142 2.8
      vertex -37.6445 61.7553 0
      vertex -37.6445 61.7553 2.8
    endloop
  endfacet
  facet normal 0.923753 0.382988 0
    outer loop
      vertex -37.6445 61.7553 0
      vertex -37.586 61.6142 2.8
      vertex -37.586 61.6142 0
    endloop
  endfacet
  facet normal 0.216861 0.976202 -0
    outer loop
      vertex -36.3039 60.6304 0
      vertex -36.4529 60.6635 2.8
      vertex -36.3039 60.6304 2.8
    endloop
  endfacet
  facet normal 0.216861 0.976202 0
    outer loop
      vertex -36.4529 60.6635 2.8
      vertex -36.3039 60.6304 0
      vertex -36.4529 60.6635 0
    endloop
  endfacet
  facet normal -0.216237 -0.976341 0
    outer loop
      vertex -35.6961 64.0772 0
      vertex -35.5471 64.0442 2.8
      vertex -35.6961 64.0772 2.8
    endloop
  endfacet
  facet normal -0.216237 -0.976341 -0
    outer loop
      vertex -35.5471 64.0442 2.8
      vertex -35.6961 64.0772 0
      vertex -35.5471 64.0442 0
    endloop
  endfacet
  facet normal 0.382429 -0.923985 0
    outer loop
      vertex -36.7396 63.9399 0
      vertex -36.5985 63.9983 2.8
      vertex -36.7396 63.9399 2.8
    endloop
  endfacet
  facet normal 0.382429 -0.923985 0
    outer loop
      vertex -36.5985 63.9983 2.8
      vertex -36.7396 63.9399 0
      vertex -36.5985 63.9983 0
    endloop
  endfacet
  facet normal 0.461827 0.88697 -0
    outer loop
      vertex -36.7396 60.7678 0
      vertex -36.875 60.8383 2.8
      vertex -36.7396 60.7678 2.8
    endloop
  endfacet
  facet normal 0.461827 0.88697 0
    outer loop
      vertex -36.875 60.8383 2.8
      vertex -36.7396 60.7678 0
      vertex -36.875 60.8383 0
    endloop
  endfacet
  facet normal -0.130319 0.991472 0
    outer loop
      vertex -35.6961 60.6304 0
      vertex -35.8475 60.6105 2.8
      vertex -35.6961 60.6304 2.8
    endloop
  endfacet
  facet normal -0.130319 0.991472 0
    outer loop
      vertex -35.8475 60.6105 2.8
      vertex -35.6961 60.6304 0
      vertex -35.8475 60.6105 0
    endloop
  endfacet
  facet normal -0.793427 -0.608665 0
    outer loop
      vertex -34.5665 63.3576 0
      vertex -34.6594 63.4787 2.8
      vertex -34.6594 63.4787 0
    endloop
  endfacet
  facet normal -0.793427 -0.608665 0
    outer loop
      vertex -34.6594 63.4787 2.8
      vertex -34.5665 63.3576 0
      vertex -34.5665 63.3576 2.8
    endloop
  endfacet
  facet normal 0.0438921 0.999036 -0
    outer loop
      vertex -36 60.6038 0
      vertex -36.1525 60.6105 2.8
      vertex -36 60.6038 2.8
    endloop
  endfacet
  facet normal 0.0438921 0.999036 0
    outer loop
      vertex -36.1525 60.6105 2.8
      vertex -36 60.6038 0
      vertex -36.1525 60.6105 0
    endloop
  endfacet
  facet normal -0.999036 0.0438921 0
    outer loop
      vertex -34.2567 62.2013 0
      vertex -34.25 62.3538 2.8
      vertex -34.25 62.3538 0
    endloop
  endfacet
  facet normal -0.999036 0.0438921 0
    outer loop
      vertex -34.25 62.3538 2.8
      vertex -34.2567 62.2013 0
      vertex -34.2567 62.2013 2.8
    endloop
  endfacet
  facet normal -0.382429 -0.923985 0
    outer loop
      vertex -35.4015 63.9983 0
      vertex -35.2604 63.9399 2.8
      vertex -35.4015 63.9983 2.8
    endloop
  endfacet
  facet normal -0.382429 -0.923985 -0
    outer loop
      vertex -35.2604 63.9399 2.8
      vertex -35.4015 63.9983 0
      vertex -35.2604 63.9399 0
    endloop
  endfacet
  facet normal -0.793427 0.608665 0
    outer loop
      vertex -34.6594 61.229 0
      vertex -34.5665 61.3501 2.8
      vertex -34.5665 61.3501 0
    endloop
  endfacet
  facet normal -0.793427 0.608665 0
    outer loop
      vertex -34.5665 61.3501 2.8
      vertex -34.6594 61.229 0
      vertex -34.6594 61.229 2.8
    endloop
  endfacet
  facet normal 0.130963 -0.991387 0
    outer loop
      vertex -36.3039 64.0772 0
      vertex -36.1525 64.0972 2.8
      vertex -36.3039 64.0772 2.8
    endloop
  endfacet
  facet normal 0.130963 -0.991387 0
    outer loop
      vertex -36.1525 64.0972 2.8
      vertex -36.3039 64.0772 0
      vertex -36.1525 64.0972 0
    endloop
  endfacet
  facet normal -0.923657 -0.38322 0
    outer loop
      vertex -34.3555 62.9524 0
      vertex -34.414 63.0934 2.8
      vertex -34.414 63.0934 0
    endloop
  endfacet
  facet normal -0.923657 -0.38322 0
    outer loop
      vertex -34.414 63.0934 2.8
      vertex -34.3555 62.9524 0
      vertex -34.3555 62.9524 2.8
    endloop
  endfacet
  facet normal -0.0432382 -0.999065 0
    outer loop
      vertex -36 64.1038 0
      vertex -35.8475 64.0972 2.8
      vertex -36 64.1038 2.8
    endloop
  endfacet
  facet normal -0.0432382 -0.999065 -0
    outer loop
      vertex -35.8475 64.0972 2.8
      vertex -36 64.1038 0
      vertex -35.8475 64.0972 0
    endloop
  endfacet
  facet normal -0.953731 -0.300661 0
    outer loop
      vertex -34.3096 62.8068 0
      vertex -34.3555 62.9524 2.8
      vertex -34.3555 62.9524 0
    endloop
  endfacet
  facet normal -0.953731 -0.300661 0
    outer loop
      vertex -34.3555 62.9524 2.8
      vertex -34.3096 62.8068 0
      vertex -34.3096 62.8068 2.8
    endloop
  endfacet
  facet normal -0.130963 -0.991387 0
    outer loop
      vertex -35.8475 64.0972 0
      vertex -35.6961 64.0772 2.8
      vertex -35.8475 64.0972 2.8
    endloop
  endfacet
  facet normal -0.130963 -0.991387 -0
    outer loop
      vertex -35.6961 64.0772 2.8
      vertex -35.8475 64.0972 0
      vertex -35.6961 64.0772 0
    endloop
  endfacet
  facet normal 0.923657 -0.38322 0
    outer loop
      vertex -37.6445 62.9524 2.8
      vertex -37.586 63.0934 0
      vertex -37.586 63.0934 2.8
    endloop
  endfacet
  facet normal 0.923657 -0.38322 0
    outer loop
      vertex -37.586 63.0934 0
      vertex -37.6445 62.9524 2.8
      vertex -37.6445 62.9524 0
    endloop
  endfacet
  facet normal 0.843365 0.537342 0
    outer loop
      vertex -37.4335 61.3501 2.8
      vertex -37.5155 61.4788 0
      vertex -37.5155 61.4788 2.8
    endloop
  endfacet
  facet normal 0.843365 0.537342 0
    outer loop
      vertex -37.5155 61.4788 0
      vertex -37.4335 61.3501 2.8
      vertex -37.4335 61.3501 0
    endloop
  endfacet
  facet normal 0.216237 -0.976341 0
    outer loop
      vertex -36.4529 64.0442 0
      vertex -36.3039 64.0772 2.8
      vertex -36.4529 64.0442 2.8
    endloop
  endfacet
  facet normal 0.216237 -0.976341 0
    outer loop
      vertex -36.3039 64.0772 2.8
      vertex -36.4529 64.0442 0
      vertex -36.3039 64.0772 0
    endloop
  endfacet
  facet normal -0.675636 0.737236 0
    outer loop
      vertex -34.7626 61.1164 0
      vertex -34.8751 61.0133 2.8
      vertex -34.7626 61.1164 2.8
    endloop
  endfacet
  facet normal -0.675636 0.737236 0
    outer loop
      vertex -34.8751 61.0133 2.8
      vertex -34.7626 61.1164 0
      vertex -34.8751 61.0133 0
    endloop
  endfacet
  facet normal -0.923753 0.382988 0
    outer loop
      vertex -34.414 61.6142 0
      vertex -34.3555 61.7553 2.8
      vertex -34.3555 61.7553 0
    endloop
  endfacet
  facet normal -0.923753 0.382988 0
    outer loop
      vertex -34.3555 61.7553 2.8
      vertex -34.414 61.6142 0
      vertex -34.414 61.6142 2.8
    endloop
  endfacet
  facet normal -0.537511 -0.843257 0
    outer loop
      vertex -35.125 63.8694 0
      vertex -34.9962 63.7873 2.8
      vertex -35.125 63.8694 2.8
    endloop
  endfacet
  facet normal -0.537511 -0.843257 -0
    outer loop
      vertex -34.9962 63.7873 2.8
      vertex -35.125 63.8694 0
      vertex -34.9962 63.7873 0
    endloop
  endfacet
  facet normal 0.609078 0.793111 -0
    outer loop
      vertex -37.0038 60.9203 0
      vertex -37.1249 61.0133 2.8
      vertex -37.0038 60.9203 2.8
    endloop
  endfacet
  facet normal 0.609078 0.793111 0
    outer loop
      vertex -37.1249 61.0133 2.8
      vertex -37.0038 60.9203 0
      vertex -37.1249 61.0133 0
    endloop
  endfacet
  facet normal -0.537045 0.843554 0
    outer loop
      vertex -34.9962 60.9203 0
      vertex -35.125 60.8383 2.8
      vertex -34.9962 60.9203 2.8
    endloop
  endfacet
  facet normal -0.537045 0.843554 0
    outer loop
      vertex -35.125 60.8383 2.8
      vertex -34.9962 60.9203 0
      vertex -35.125 60.8383 0
    endloop
  endfacet
  facet normal 0.976372 -0.216098 0
    outer loop
      vertex -37.7234 62.6577 2.8
      vertex -37.6904 62.8068 0
      vertex -37.6904 62.8068 2.8
    endloop
  endfacet
  facet normal 0.976372 -0.216098 0
    outer loop
      vertex -37.6904 62.8068 0
      vertex -37.7234 62.6577 2.8
      vertex -37.7234 62.6577 0
    endloop
  endfacet
  facet normal -0.461827 0.88697 0
    outer loop
      vertex -35.125 60.8383 0
      vertex -35.2604 60.7678 2.8
      vertex -35.125 60.8383 2.8
    endloop
  endfacet
  facet normal -0.461827 0.88697 0
    outer loop
      vertex -35.2604 60.7678 2.8
      vertex -35.125 60.8383 0
      vertex -35.2604 60.7678 0
    endloop
  endfacet
  facet normal -0.675636 -0.737236 0
    outer loop
      vertex -34.8751 63.6944 0
      vertex -34.7626 63.5913 2.8
      vertex -34.8751 63.6944 2.8
    endloop
  endfacet
  facet normal -0.675636 -0.737236 -0
    outer loop
      vertex -34.7626 63.5913 2.8
      vertex -34.8751 63.6944 0
      vertex -34.7626 63.5913 0
    endloop
  endfacet
  facet normal -0.843554 -0.537045 0
    outer loop
      vertex -34.4845 63.2288 0
      vertex -34.5665 63.3576 2.8
      vertex -34.5665 63.3576 0
    endloop
  endfacet
  facet normal -0.843554 -0.537045 0
    outer loop
      vertex -34.5665 63.3576 2.8
      vertex -34.4845 63.2288 0
      vertex -34.4845 63.2288 2.8
    endloop
  endfacet
  facet normal 0.793427 0.608665 0
    outer loop
      vertex -37.3406 61.229 2.8
      vertex -37.4335 61.3501 0
      vertex -37.4335 61.3501 2.8
    endloop
  endfacet
  facet normal 0.793427 0.608665 0
    outer loop
      vertex -37.4335 61.3501 0
      vertex -37.3406 61.229 2.8
      vertex -37.3406 61.229 0
    endloop
  endfacet
  facet normal 0.88697 0.461827 0
    outer loop
      vertex -37.5155 61.4788 2.8
      vertex -37.586 61.6142 0
      vertex -37.586 61.6142 2.8
    endloop
  endfacet
  facet normal 0.88697 0.461827 0
    outer loop
      vertex -37.586 61.6142 0
      vertex -37.5155 61.4788 2.8
      vertex -37.5155 61.4788 0
    endloop
  endfacet
  facet normal -0.953731 0.300661 0
    outer loop
      vertex -34.3555 61.7553 0
      vertex -34.3096 61.9009 2.8
      vertex -34.3096 61.9009 0
    endloop
  endfacet
  facet normal -0.953731 0.300661 0
    outer loop
      vertex -34.3096 61.9009 2.8
      vertex -34.3555 61.7553 0
      vertex -34.3555 61.7553 2.8
    endloop
  endfacet
  facet normal -0.976341 0.216237 0
    outer loop
      vertex -34.3096 61.9009 0
      vertex -34.2766 62.0499 2.8
      vertex -34.2766 62.0499 0
    endloop
  endfacet
  facet normal -0.976341 0.216237 0
    outer loop
      vertex -34.2766 62.0499 2.8
      vertex -34.3096 61.9009 0
      vertex -34.3096 61.9009 2.8
    endloop
  endfacet
  facet normal 0.953731 0.300661 0
    outer loop
      vertex -37.6445 61.7553 2.8
      vertex -37.6904 61.9009 0
      vertex -37.6904 61.9009 2.8
    endloop
  endfacet
  facet normal 0.953731 0.300661 0
    outer loop
      vertex -37.6904 61.9009 0
      vertex -37.6445 61.7553 2.8
      vertex -37.6445 61.7553 0
    endloop
  endfacet
  facet normal -0.608665 -0.793427 0
    outer loop
      vertex -34.9962 63.7873 0
      vertex -34.8751 63.6944 2.8
      vertex -34.9962 63.7873 2.8
    endloop
  endfacet
  facet normal -0.608665 -0.793427 -0
    outer loop
      vertex -34.8751 63.6944 2.8
      vertex -34.9962 63.7873 0
      vertex -34.8751 63.6944 0
    endloop
  endfacet
  facet normal -0.0438921 0.999036 0
    outer loop
      vertex -35.8475 60.6105 0
      vertex -36 60.6038 2.8
      vertex -35.8475 60.6105 2.8
    endloop
  endfacet
  facet normal -0.0438921 0.999036 0
    outer loop
      vertex -36 60.6038 2.8
      vertex -35.8475 60.6105 0
      vertex -36 60.6038 0
    endloop
  endfacet
  facet normal -0.843365 0.537342 0
    outer loop
      vertex -34.5665 61.3501 0
      vertex -34.4845 61.4788 2.8
      vertex -34.4845 61.4788 0
    endloop
  endfacet
  facet normal -0.843365 0.537342 0
    outer loop
      vertex -34.4845 61.4788 2.8
      vertex -34.5665 61.3501 0
      vertex -34.5665 61.3501 2.8
    endloop
  endfacet
  facet normal -0.609078 0.793111 0
    outer loop
      vertex -34.8751 61.0133 0
      vertex -34.9962 60.9203 2.8
      vertex -34.8751 61.0133 2.8
    endloop
  endfacet
  facet normal -0.609078 0.793111 0
    outer loop
      vertex -34.9962 60.9203 2.8
      vertex -34.8751 61.0133 0
      vertex -34.9962 60.9203 0
    endloop
  endfacet
  facet normal -0.461827 -0.88697 0
    outer loop
      vertex -35.2604 63.9399 0
      vertex -35.125 63.8694 2.8
      vertex -35.2604 63.9399 2.8
    endloop
  endfacet
  facet normal -0.461827 -0.88697 -0
    outer loop
      vertex -35.125 63.8694 2.8
      vertex -35.2604 63.9399 0
      vertex -35.125 63.8694 0
    endloop
  endfacet
  facet normal -0.991472 0.130319 0
    outer loop
      vertex -34.2766 62.0499 0
      vertex -34.2567 62.2013 2.8
      vertex -34.2567 62.2013 0
    endloop
  endfacet
  facet normal -0.991472 0.130319 0
    outer loop
      vertex -34.2567 62.2013 2.8
      vertex -34.2766 62.0499 0
      vertex -34.2766 62.0499 2.8
    endloop
  endfacet
  facet normal 0.991461 -0.130404 0
    outer loop
      vertex -37.7433 62.5064 2.8
      vertex -37.7234 62.6577 0
      vertex -37.7234 62.6577 2.8
    endloop
  endfacet
  facet normal 0.991461 -0.130404 0
    outer loop
      vertex -37.7234 62.6577 0
      vertex -37.7433 62.5064 2.8
      vertex -37.7433 62.5064 0
    endloop
  endfacet
  facet normal -0.88697 -0.461827 0
    outer loop
      vertex -34.414 63.0934 0
      vertex -34.4845 63.2288 2.8
      vertex -34.4845 63.2288 0
    endloop
  endfacet
  facet normal -0.88697 -0.461827 0
    outer loop
      vertex -34.4845 63.2288 2.8
      vertex -34.414 63.0934 0
      vertex -34.414 63.0934 2.8
    endloop
  endfacet
  facet normal 0.537511 -0.843257 0
    outer loop
      vertex -37.0038 63.7873 0
      vertex -36.875 63.8694 2.8
      vertex -37.0038 63.7873 2.8
    endloop
  endfacet
  facet normal 0.537511 -0.843257 0
    outer loop
      vertex -36.875 63.8694 2.8
      vertex -37.0038 63.7873 0
      vertex -36.875 63.8694 0
    endloop
  endfacet
  facet normal 0.88697 -0.461827 0
    outer loop
      vertex -37.586 63.0934 2.8
      vertex -37.5155 63.2288 0
      vertex -37.5155 63.2288 2.8
    endloop
  endfacet
  facet normal 0.88697 -0.461827 0
    outer loop
      vertex -37.5155 63.2288 0
      vertex -37.586 63.0934 2.8
      vertex -37.586 63.0934 0
    endloop
  endfacet
  facet normal 0.461827 -0.88697 0
    outer loop
      vertex -36.875 63.8694 0
      vertex -36.7396 63.9399 2.8
      vertex -36.875 63.8694 2.8
    endloop
  endfacet
  facet normal 0.461827 -0.88697 0
    outer loop
      vertex -36.7396 63.9399 2.8
      vertex -36.875 63.8694 0
      vertex -36.7396 63.9399 0
    endloop
  endfacet
  facet normal -0.382429 0.923985 0
    outer loop
      vertex -35.2604 60.7678 0
      vertex -35.4015 60.7094 2.8
      vertex -35.2604 60.7678 2.8
    endloop
  endfacet
  facet normal -0.382429 0.923985 0
    outer loop
      vertex -35.4015 60.7094 2.8
      vertex -35.2604 60.7678 0
      vertex -35.4015 60.7094 0
    endloop
  endfacet
  facet normal 0.675636 -0.737236 0
    outer loop
      vertex -37.2374 63.5913 0
      vertex -37.1249 63.6944 2.8
      vertex -37.2374 63.5913 2.8
    endloop
  endfacet
  facet normal 0.675636 -0.737236 0
    outer loop
      vertex -37.1249 63.6944 2.8
      vertex -37.2374 63.5913 0
      vertex -37.1249 63.6944 0
    endloop
  endfacet
  facet normal 0.300661 -0.953731 0
    outer loop
      vertex -36.5985 63.9983 0
      vertex -36.4529 64.0442 2.8
      vertex -36.5985 63.9983 2.8
    endloop
  endfacet
  facet normal 0.300661 -0.953731 0
    outer loop
      vertex -36.4529 64.0442 2.8
      vertex -36.5985 63.9983 0
      vertex -36.4529 64.0442 0
    endloop
  endfacet
  facet normal 0.999036 0.0438921 0
    outer loop
      vertex -37.7433 62.2013 2.8
      vertex -37.75 62.3538 0
      vertex -37.75 62.3538 2.8
    endloop
  endfacet
  facet normal 0.999036 0.0438921 0
    outer loop
      vertex -37.75 62.3538 0
      vertex -37.7433 62.2013 2.8
      vertex -37.7433 62.2013 0
    endloop
  endfacet
  facet normal 0.976341 0.216237 0
    outer loop
      vertex -37.6904 61.9009 2.8
      vertex -37.7234 62.0499 0
      vertex -37.7234 62.0499 2.8
    endloop
  endfacet
  facet normal 0.976341 0.216237 0
    outer loop
      vertex -37.7234 62.0499 0
      vertex -37.6904 61.9009 2.8
      vertex -37.6904 61.9009 0
    endloop
  endfacet
  facet normal 0.953731 -0.300661 0
    outer loop
      vertex -37.6904 62.8068 2.8
      vertex -37.6445 62.9524 0
      vertex -37.6445 62.9524 2.8
    endloop
  endfacet
  facet normal 0.953731 -0.300661 0
    outer loop
      vertex -37.6445 62.9524 0
      vertex -37.6904 62.8068 2.8
      vertex -37.6904 62.8068 0
    endloop
  endfacet
  facet normal 0.0432382 -0.999065 0
    outer loop
      vertex -36.1525 64.0972 0
      vertex -36 64.1038 2.8
      vertex -36.1525 64.0972 2.8
    endloop
  endfacet
  facet normal 0.0432382 -0.999065 0
    outer loop
      vertex -36 64.1038 2.8
      vertex -36.1525 64.0972 0
      vertex -36 64.1038 0
    endloop
  endfacet
  facet normal -0.300661 0.953731 0
    outer loop
      vertex -35.4015 60.7094 0
      vertex -35.5471 60.6635 2.8
      vertex -35.4015 60.7094 2.8
    endloop
  endfacet
  facet normal -0.300661 0.953731 0
    outer loop
      vertex -35.5471 60.6635 2.8
      vertex -35.4015 60.7094 0
      vertex -35.5471 60.6635 0
    endloop
  endfacet
  facet normal 0.793427 -0.608665 0
    outer loop
      vertex -37.4335 63.3576 2.8
      vertex -37.3406 63.4787 0
      vertex -37.3406 63.4787 2.8
    endloop
  endfacet
  facet normal 0.793427 -0.608665 0
    outer loop
      vertex -37.3406 63.4787 0
      vertex -37.4335 63.3576 2.8
      vertex -37.4335 63.3576 0
    endloop
  endfacet
  facet normal -0.216861 0.976202 0
    outer loop
      vertex -35.5471 60.6635 0
      vertex -35.6961 60.6304 2.8
      vertex -35.5471 60.6635 2.8
    endloop
  endfacet
  facet normal -0.216861 0.976202 0
    outer loop
      vertex -35.6961 60.6304 2.8
      vertex -35.5471 60.6635 0
      vertex -35.6961 60.6304 0
    endloop
  endfacet
  facet normal 0.300661 0.953731 -0
    outer loop
      vertex -36.4529 60.6635 0
      vertex -36.5985 60.7094 2.8
      vertex -36.4529 60.6635 2.8
    endloop
  endfacet
  facet normal 0.300661 0.953731 0
    outer loop
      vertex -36.5985 60.7094 2.8
      vertex -36.4529 60.6635 0
      vertex -36.5985 60.7094 0
    endloop
  endfacet
  facet normal 0.537045 0.843554 -0
    outer loop
      vertex -36.875 60.8383 0
      vertex -37.0038 60.9203 2.8
      vertex -36.875 60.8383 2.8
    endloop
  endfacet
  facet normal 0.537045 0.843554 0
    outer loop
      vertex -37.0038 60.9203 2.8
      vertex -36.875 60.8383 0
      vertex -37.0038 60.9203 0
    endloop
  endfacet
  facet normal 0.737208 0.675665 0
    outer loop
      vertex -37.2374 61.1164 2.8
      vertex -37.3406 61.229 0
      vertex -37.3406 61.229 2.8
    endloop
  endfacet
  facet normal 0.737208 0.675665 0
    outer loop
      vertex -37.3406 61.229 0
      vertex -37.2374 61.1164 2.8
      vertex -37.2374 61.1164 0
    endloop
  endfacet
  facet normal 0.991472 0.130319 0
    outer loop
      vertex -37.7234 62.0499 2.8
      vertex -37.7433 62.2013 0
      vertex -37.7433 62.2013 2.8
    endloop
  endfacet
  facet normal 0.991472 0.130319 0
    outer loop
      vertex -37.7433 62.2013 0
      vertex -37.7234 62.0499 2.8
      vertex -37.7234 62.0499 0
    endloop
  endfacet
  facet normal -0.88697 0.461827 0
    outer loop
      vertex -34.4845 61.4788 0
      vertex -34.414 61.6142 2.8
      vertex -34.414 61.6142 0
    endloop
  endfacet
  facet normal -0.88697 0.461827 0
    outer loop
      vertex -34.414 61.6142 2.8
      vertex -34.4845 61.4788 0
      vertex -34.4845 61.4788 2.8
    endloop
  endfacet
  facet normal 0.382429 0.923985 -0
    outer loop
      vertex -36.5985 60.7094 0
      vertex -36.7396 60.7678 2.8
      vertex -36.5985 60.7094 2.8
    endloop
  endfacet
  facet normal 0.382429 0.923985 0
    outer loop
      vertex -36.7396 60.7678 2.8
      vertex -36.5985 60.7094 0
      vertex -36.7396 60.7678 0
    endloop
  endfacet
  facet normal -0.737208 -0.675665 0
    outer loop
      vertex -34.6594 63.4787 0
      vertex -34.7626 63.5913 2.8
      vertex -34.7626 63.5913 0
    endloop
  endfacet
  facet normal -0.737208 -0.675665 0
    outer loop
      vertex -34.7626 63.5913 2.8
      vertex -34.6594 63.4787 0
      vertex -34.6594 63.4787 2.8
    endloop
  endfacet
  facet normal 0.675636 0.737236 -0
    outer loop
      vertex -37.1249 61.0133 0
      vertex -37.2374 61.1164 2.8
      vertex -37.1249 61.0133 2.8
    endloop
  endfacet
  facet normal 0.675636 0.737236 0
    outer loop
      vertex -37.2374 61.1164 2.8
      vertex -37.1249 61.0133 0
      vertex -37.2374 61.1164 0
    endloop
  endfacet
  facet normal 0.737208 -0.675665 0
    outer loop
      vertex -37.3406 63.4787 2.8
      vertex -37.2374 63.5913 0
      vertex -37.2374 63.5913 2.8
    endloop
  endfacet
  facet normal 0.737208 -0.675665 0
    outer loop
      vertex -37.2374 63.5913 0
      vertex -37.3406 63.4787 2.8
      vertex -37.3406 63.4787 0
    endloop
  endfacet
  facet normal 0.608665 -0.793427 0
    outer loop
      vertex -37.1249 63.6944 0
      vertex -37.0038 63.7873 2.8
      vertex -37.1249 63.6944 2.8
    endloop
  endfacet
  facet normal 0.608665 -0.793427 0
    outer loop
      vertex -37.0038 63.7873 2.8
      vertex -37.1249 63.6944 0
      vertex -37.0038 63.7873 0
    endloop
  endfacet
  facet normal 0.999038 -0.0438634 0
    outer loop
      vertex -37.75 62.3538 2.8
      vertex -37.7433 62.5064 0
      vertex -37.7433 62.5064 2.8
    endloop
  endfacet
  facet normal 0.999038 -0.0438634 0
    outer loop
      vertex -37.7433 62.5064 0
      vertex -37.75 62.3538 2.8
      vertex -37.75 62.3538 0
    endloop
  endfacet
  facet normal 0.843554 -0.537045 0
    outer loop
      vertex -37.5155 63.2288 2.8
      vertex -37.4335 63.3576 0
      vertex -37.4335 63.3576 2.8
    endloop
  endfacet
  facet normal 0.843554 -0.537045 0
    outer loop
      vertex -37.4335 63.3576 0
      vertex -37.5155 63.2288 2.8
      vertex -37.5155 63.2288 0
    endloop
  endfacet
  facet normal 0.130319 0.991472 -0
    outer loop
      vertex -36.1525 60.6105 0
      vertex -36.3039 60.6304 2.8
      vertex -36.1525 60.6105 2.8
    endloop
  endfacet
  facet normal 0.130319 0.991472 0
    outer loop
      vertex -36.3039 60.6304 2.8
      vertex -36.1525 60.6105 0
      vertex -36.3039 60.6304 0
    endloop
  endfacet
  facet normal -0.300661 -0.953731 0
    outer loop
      vertex -35.5471 64.0442 0
      vertex -35.4015 63.9983 2.8
      vertex -35.5471 64.0442 2.8
    endloop
  endfacet
  facet normal -0.300661 -0.953731 -0
    outer loop
      vertex -35.4015 63.9983 2.8
      vertex -35.5471 64.0442 0
      vertex -35.4015 63.9983 0
    endloop
  endfacet
  facet normal -0.737208 0.675665 0
    outer loop
      vertex -34.7626 61.1164 0
      vertex -34.6594 61.229 2.8
      vertex -34.6594 61.229 0
    endloop
  endfacet
  facet normal -0.737208 0.675665 0
    outer loop
      vertex -34.6594 61.229 2.8
      vertex -34.7626 61.1164 0
      vertex -34.7626 61.1164 2.8
    endloop
  endfacet
  facet normal -0.991468 -0.130351 0
    outer loop
      vertex -70.2567 0.152522 0
      vertex -70.2766 0.303884 2.8
      vertex -70.2766 0.303884 0
    endloop
  endfacet
  facet normal -0.991468 -0.130351 0
    outer loop
      vertex -70.2766 0.303884 2.8
      vertex -70.2567 0.152522 0
      vertex -70.2567 0.152522 2.8
    endloop
  endfacet
  facet normal -0.999037 -0.0438858 0
    outer loop
      vertex -70.25 0 0
      vertex -70.2567 0.152522 2.8
      vertex -70.2567 0.152522 0
    endloop
  endfacet
  facet normal -0.999037 -0.0438858 0
    outer loop
      vertex -70.2567 0.152522 2.8
      vertex -70.25 0 0
      vertex -70.25 0 2.8
    endloop
  endfacet
  facet normal -0.976356 -0.216169 0
    outer loop
      vertex -70.2766 0.303884 0
      vertex -70.3096 0.452933 2.8
      vertex -70.3096 0.452933 0
    endloop
  endfacet
  facet normal -0.976356 -0.216169 0
    outer loop
      vertex -70.3096 0.452933 2.8
      vertex -70.2766 0.303884 0
      vertex -70.2766 0.303884 2.8
    endloop
  endfacet
  facet normal -0.216486 -0.976286 0
    outer loop
      vertex -71.6961 1.72341 0
      vertex -71.5471 1.69037 2.8
      vertex -71.6961 1.72341 2.8
    endloop
  endfacet
  facet normal -0.216486 -0.976286 -0
    outer loop
      vertex -71.5471 1.69037 2.8
      vertex -71.6961 1.72341 0
      vertex -71.5471 1.69037 0
    endloop
  endfacet
  facet normal -0.675778 0.737105 0
    outer loop
      vertex -70.7626 -1.23744 0
      vertex -70.8751 -1.34058 2.8
      vertex -70.7626 -1.23744 2.8
    endloop
  endfacet
  facet normal -0.675778 0.737105 0
    outer loop
      vertex -70.8751 -1.34058 2.8
      vertex -70.7626 -1.23744 0
      vertex -70.8751 -1.34058 0
    endloop
  endfacet
  facet normal 0.216486 0.976286 -0
    outer loop
      vertex -72.3039 -1.72341 0
      vertex -72.4529 -1.69037 2.8
      vertex -72.3039 -1.72341 2.8
    endloop
  endfacet
  facet normal 0.216486 0.976286 0
    outer loop
      vertex -72.4529 -1.69037 2.8
      vertex -72.3039 -1.72341 0
      vertex -72.4529 -1.69037 0
    endloop
  endfacet
  facet normal -0.793476 -0.608602 0
    outer loop
      vertex -70.5665 1.00376 0
      vertex -70.6594 1.12488 2.8
      vertex -70.6594 1.12488 0
    endloop
  endfacet
  facet normal -0.793476 -0.608602 0
    outer loop
      vertex -70.6594 1.12488 2.8
      vertex -70.5665 1.00376 0
      vertex -70.5665 1.00376 2.8
    endloop
  endfacet
  facet normal 0.843478 0.537164 0
    outer loop
      vertex -73.4335 -1.00376 2.8
      vertex -73.5155 -0.875 0
      vertex -73.5155 -0.875 2.8
    endloop
  endfacet
  facet normal 0.843478 0.537164 0
    outer loop
      vertex -73.5155 -0.875 0
      vertex -73.4335 -1.00376 2.8
      vertex -73.4335 -1.00376 0
    endloop
  endfacet
  facet normal 0.300721 -0.953712 0
    outer loop
      vertex -72.5985 1.64446 0
      vertex -72.4529 1.69037 2.8
      vertex -72.5985 1.64446 2.8
    endloop
  endfacet
  facet normal 0.300721 -0.953712 0
    outer loop
      vertex -72.4529 1.69037 2.8
      vertex -72.5985 1.64446 0
      vertex -72.4529 1.69037 0
    endloop
  endfacet
  facet normal -0.130512 -0.991447 0
    outer loop
      vertex -71.8475 1.74334 0
      vertex -71.6961 1.72341 2.8
      vertex -71.8475 1.74334 2.8
    endloop
  endfacet
  facet normal -0.130512 -0.991447 -0
    outer loop
      vertex -71.6961 1.72341 2.8
      vertex -71.8475 1.74334 0
      vertex -71.6961 1.72341 0
    endloop
  endfacet
  facet normal -0.675778 -0.737105 0
    outer loop
      vertex -70.8751 1.34058 0
      vertex -70.7626 1.23744 2.8
      vertex -70.8751 1.34058 2.8
    endloop
  endfacet
  facet normal -0.675778 -0.737105 -0
    outer loop
      vertex -70.7626 1.23744 2.8
      vertex -70.8751 1.34058 0
      vertex -70.7626 1.23744 0
    endloop
  endfacet
  facet normal -0.737089 -0.675796 0
    outer loop
      vertex -70.6594 1.12488 0
      vertex -70.7626 1.23744 2.8
      vertex -70.7626 1.23744 0
    endloop
  endfacet
  facet normal -0.737089 -0.675796 0
    outer loop
      vertex -70.7626 1.23744 2.8
      vertex -70.6594 1.12488 0
      vertex -70.6594 1.12488 2.8
    endloop
  endfacet
  facet normal -0.130512 0.991447 0
    outer loop
      vertex -71.6961 -1.72341 0
      vertex -71.8475 -1.74334 2.8
      vertex -71.6961 -1.72341 2.8
    endloop
  endfacet
  facet normal -0.130512 0.991447 0
    outer loop
      vertex -71.8475 -1.74334 2.8
      vertex -71.6961 -1.72341 0
      vertex -71.8475 -1.74334 0
    endloop
  endfacet
  facet normal -0.999037 0.0438858 0
    outer loop
      vertex -70.2567 -0.152522 0
      vertex -70.25 0 2.8
      vertex -70.25 0 0
    endloop
  endfacet
  facet normal -0.999037 0.0438858 0
    outer loop
      vertex -70.25 0 2.8
      vertex -70.2567 -0.152522 0
      vertex -70.2567 -0.152522 2.8
    endloop
  endfacet
  facet normal -0.382541 -0.923939 0
    outer loop
      vertex -71.4015 1.64446 0
      vertex -71.2604 1.58604 2.8
      vertex -71.4015 1.64446 2.8
    endloop
  endfacet
  facet normal -0.382541 -0.923939 -0
    outer loop
      vertex -71.2604 1.58604 2.8
      vertex -71.4015 1.64446 0
      vertex -71.2604 1.58604 0
    endloop
  endfacet
  facet normal -0.793476 0.608602 0
    outer loop
      vertex -70.6594 -1.12488 0
      vertex -70.5665 -1.00376 2.8
      vertex -70.5665 -1.00376 0
    endloop
  endfacet
  facet normal -0.793476 0.608602 0
    outer loop
      vertex -70.5665 -1.00376 2.8
      vertex -70.6594 -1.12488 0
      vertex -70.6594 -1.12488 2.8
    endloop
  endfacet
  facet normal 0.130512 -0.991447 0
    outer loop
      vertex -72.3039 1.72341 0
      vertex -72.1525 1.74334 2.8
      vertex -72.3039 1.72341 2.8
    endloop
  endfacet
  facet normal 0.130512 -0.991447 0
    outer loop
      vertex -72.1525 1.74334 2.8
      vertex -72.3039 1.72341 0
      vertex -72.1525 1.74334 0
    endloop
  endfacet
  facet normal -0.537138 0.843494 0
    outer loop
      vertex -70.9962 -1.43352 0
      vertex -71.125 -1.51554 2.8
      vertex -70.9962 -1.43352 2.8
    endloop
  endfacet
  facet normal -0.537138 0.843494 0
    outer loop
      vertex -71.125 -1.51554 2.8
      vertex -70.9962 -1.43352 0
      vertex -71.125 -1.51554 0
    endloop
  endfacet
  facet normal -0.923702 -0.383113 0
    outer loop
      vertex -70.3555 0.598535 0
      vertex -70.414 0.739581 2.8
      vertex -70.414 0.739581 0
    endloop
  endfacet
  facet normal -0.923702 -0.383113 0
    outer loop
      vertex -70.414 0.739581 2.8
      vertex -70.3555 0.598535 0
      vertex -70.3555 0.598535 2.8
    endloop
  endfacet
  facet normal 0.976356 0.216169 0
    outer loop
      vertex -73.6904 -0.452933 2.8
      vertex -73.7234 -0.303884 0
      vertex -73.7234 -0.303884 2.8
    endloop
  endfacet
  facet normal 0.976356 0.216169 0
    outer loop
      vertex -73.7234 -0.303884 0
      vertex -73.6904 -0.452933 2.8
      vertex -73.6904 -0.452933 0
    endloop
  endfacet
  facet normal -0.953732 -0.300657 0
    outer loop
      vertex -70.3096 0.452933 0
      vertex -70.3555 0.598535 2.8
      vertex -70.3555 0.598535 0
    endloop
  endfacet
  facet normal -0.953732 -0.300657 0
    outer loop
      vertex -70.3555 0.598535 2.8
      vertex -70.3096 0.452933 0
      vertex -70.3096 0.452933 2.8
    endloop
  endfacet
  facet normal -0.382541 0.923939 0
    outer loop
      vertex -71.2604 -1.58604 0
      vertex -71.4015 -1.64446 2.8
      vertex -71.2604 -1.58604 2.8
    endloop
  endfacet
  facet normal -0.382541 0.923939 0
    outer loop
      vertex -71.4015 -1.64446 2.8
      vertex -71.2604 -1.58604 0
      vertex -71.4015 -1.64446 0
    endloop
  endfacet
  facet normal 0.976356 -0.216169 0
    outer loop
      vertex -73.7234 0.303884 2.8
      vertex -73.6904 0.452933 0
      vertex -73.6904 0.452933 2.8
    endloop
  endfacet
  facet normal 0.976356 -0.216169 0
    outer loop
      vertex -73.6904 0.452933 0
      vertex -73.7234 0.303884 2.8
      vertex -73.7234 0.303884 0
    endloop
  endfacet
  facet normal 0.216486 -0.976286 0
    outer loop
      vertex -72.4529 1.69037 0
      vertex -72.3039 1.72341 2.8
      vertex -72.4529 1.69037 2.8
    endloop
  endfacet
  facet normal 0.216486 -0.976286 0
    outer loop
      vertex -72.3039 1.72341 2.8
      vertex -72.4529 1.69037 0
      vertex -72.3039 1.72341 0
    endloop
  endfacet
  facet normal -0.300721 -0.953712 0
    outer loop
      vertex -71.5471 1.69037 0
      vertex -71.4015 1.64446 2.8
      vertex -71.5471 1.69037 2.8
    endloop
  endfacet
  facet normal -0.300721 -0.953712 -0
    outer loop
      vertex -71.4015 1.64446 2.8
      vertex -71.5471 1.69037 0
      vertex -71.4015 1.64446 0
    endloop
  endfacet
  facet normal -0.923702 0.383113 0
    outer loop
      vertex -70.414 -0.739581 0
      vertex -70.3555 -0.598535 2.8
      vertex -70.3555 -0.598535 0
    endloop
  endfacet
  facet normal -0.923702 0.383113 0
    outer loop
      vertex -70.3555 -0.598535 2.8
      vertex -70.414 -0.739581 0
      vertex -70.414 -0.739581 2.8
    endloop
  endfacet
  facet normal -0.60883 0.7933 0
    outer loop
      vertex -70.8751 -1.34058 0
      vertex -70.9962 -1.43352 2.8
      vertex -70.8751 -1.34058 2.8
    endloop
  endfacet
  facet normal -0.60883 0.7933 0
    outer loop
      vertex -70.9962 -1.43352 2.8
      vertex -70.8751 -1.34058 0
      vertex -70.9962 -1.43352 0
    endloop
  endfacet
  facet normal -0.537138 -0.843494 0
    outer loop
      vertex -71.125 1.51554 0
      vertex -70.9962 1.43352 2.8
      vertex -71.125 1.51554 2.8
    endloop
  endfacet
  facet normal -0.537138 -0.843494 -0
    outer loop
      vertex -70.9962 1.43352 2.8
      vertex -71.125 1.51554 0
      vertex -70.9962 1.43352 0
    endloop
  endfacet
  facet normal 0.0436305 0.999048 -0
    outer loop
      vertex -72 -1.75 0
      vertex -72.1525 -1.74334 2.8
      vertex -72 -1.75 2.8
    endloop
  endfacet
  facet normal 0.0436305 0.999048 0
    outer loop
      vertex -72.1525 -1.74334 2.8
      vertex -72 -1.75 0
      vertex -72.1525 -1.74334 0
    endloop
  endfacet
  facet normal 0.793476 -0.608602 0
    outer loop
      vertex -73.4335 1.00376 2.8
      vertex -73.3406 1.12488 0
      vertex -73.3406 1.12488 2.8
    endloop
  endfacet
  facet normal 0.793476 -0.608602 0
    outer loop
      vertex -73.3406 1.12488 0
      vertex -73.4335 1.00376 2.8
      vertex -73.4335 1.00376 0
    endloop
  endfacet
  facet normal 0.953732 0.300657 0
    outer loop
      vertex -73.6445 -0.598535 2.8
      vertex -73.6904 -0.452933 0
      vertex -73.6904 -0.452933 2.8
    endloop
  endfacet
  facet normal 0.953732 0.300657 0
    outer loop
      vertex -73.6904 -0.452933 0
      vertex -73.6445 -0.598535 2.8
      vertex -73.6445 -0.598535 0
    endloop
  endfacet
  facet normal 0.953732 -0.300657 0
    outer loop
      vertex -73.6904 0.452933 2.8
      vertex -73.6445 0.598535 0
      vertex -73.6445 0.598535 2.8
    endloop
  endfacet
  facet normal 0.953732 -0.300657 0
    outer loop
      vertex -73.6445 0.598535 0
      vertex -73.6904 0.452933 2.8
      vertex -73.6904 0.452933 0
    endloop
  endfacet
  facet normal -0.300721 0.953712 0
    outer loop
      vertex -71.4015 -1.64446 0
      vertex -71.5471 -1.69037 2.8
      vertex -71.4015 -1.64446 2.8
    endloop
  endfacet
  facet normal -0.300721 0.953712 0
    outer loop
      vertex -71.5471 -1.69037 2.8
      vertex -71.4015 -1.64446 0
      vertex -71.5471 -1.69037 0
    endloop
  endfacet
  facet normal -0.843478 -0.537164 0
    outer loop
      vertex -70.4845 0.875 0
      vertex -70.5665 1.00376 2.8
      vertex -70.5665 1.00376 0
    endloop
  endfacet
  facet normal -0.843478 -0.537164 0
    outer loop
      vertex -70.5665 1.00376 2.8
      vertex -70.4845 0.875 0
      vertex -70.4845 0.875 2.8
    endloop
  endfacet
  facet normal 0.793476 0.608602 0
    outer loop
      vertex -73.3406 -1.12488 2.8
      vertex -73.4335 -1.00376 0
      vertex -73.4335 -1.00376 2.8
    endloop
  endfacet
  facet normal 0.793476 0.608602 0
    outer loop
      vertex -73.4335 -1.00376 0
      vertex -73.3406 -1.12488 2.8
      vertex -73.3406 -1.12488 0
    endloop
  endfacet
  facet normal -0.953732 0.300657 0
    outer loop
      vertex -70.3555 -0.598535 0
      vertex -70.3096 -0.452933 2.8
      vertex -70.3096 -0.452933 0
    endloop
  endfacet
  facet normal -0.953732 0.300657 0
    outer loop
      vertex -70.3096 -0.452933 2.8
      vertex -70.3555 -0.598535 0
      vertex -70.3555 -0.598535 2.8
    endloop
  endfacet
  facet normal -0.976356 0.216169 0
    outer loop
      vertex -70.3096 -0.452933 0
      vertex -70.2766 -0.303884 2.8
      vertex -70.2766 -0.303884 0
    endloop
  endfacet
  facet normal -0.976356 0.216169 0
    outer loop
      vertex -70.2766 -0.303884 2.8
      vertex -70.3096 -0.452933 0
      vertex -70.3096 -0.452933 2.8
    endloop
  endfacet
  facet normal -0.0436305 -0.999048 0
    outer loop
      vertex -72 1.75 0
      vertex -71.8475 1.74334 2.8
      vertex -72 1.75 2.8
    endloop
  endfacet
  facet normal -0.0436305 -0.999048 -0
    outer loop
      vertex -71.8475 1.74334 2.8
      vertex -72 1.75 0
      vertex -71.8475 1.74334 0
    endloop
  endfacet
  facet normal -0.60883 -0.7933 0
    outer loop
      vertex -70.9962 1.43352 0
      vertex -70.8751 1.34058 2.8
      vertex -70.9962 1.43352 2.8
    endloop
  endfacet
  facet normal -0.60883 -0.7933 -0
    outer loop
      vertex -70.8751 1.34058 2.8
      vertex -70.9962 1.43352 0
      vertex -70.8751 1.34058 0
    endloop
  endfacet
  facet normal 0.60883 -0.7933 0
    outer loop
      vertex -73.1249 1.34058 0
      vertex -73.0038 1.43352 2.8
      vertex -73.1249 1.34058 2.8
    endloop
  endfacet
  facet normal 0.60883 -0.7933 0
    outer loop
      vertex -73.0038 1.43352 2.8
      vertex -73.1249 1.34058 0
      vertex -73.0038 1.43352 0
    endloop
  endfacet
  facet normal -0.0436305 0.999048 0
    outer loop
      vertex -71.8475 -1.74334 0
      vertex -72 -1.75 2.8
      vertex -71.8475 -1.74334 2.8
    endloop
  endfacet
  facet normal -0.0436305 0.999048 0
    outer loop
      vertex -72 -1.75 2.8
      vertex -71.8475 -1.74334 0
      vertex -72 -1.75 0
    endloop
  endfacet
  facet normal 0.382541 -0.923939 0
    outer loop
      vertex -72.7396 1.58604 0
      vertex -72.5985 1.64446 2.8
      vertex -72.7396 1.58604 2.8
    endloop
  endfacet
  facet normal 0.382541 -0.923939 0
    outer loop
      vertex -72.5985 1.64446 2.8
      vertex -72.7396 1.58604 0
      vertex -72.5985 1.64446 0
    endloop
  endfacet
  facet normal -0.843478 0.537164 0
    outer loop
      vertex -70.5665 -1.00376 0
      vertex -70.4845 -0.875 2.8
      vertex -70.4845 -0.875 0
    endloop
  endfacet
  facet normal -0.843478 0.537164 0
    outer loop
      vertex -70.4845 -0.875 2.8
      vertex -70.5665 -1.00376 0
      vertex -70.5665 -1.00376 2.8
    endloop
  endfacet
  facet normal 0.886997 0.461776 0
    outer loop
      vertex -73.5155 -0.875 2.8
      vertex -73.586 -0.739581 0
      vertex -73.586 -0.739581 2.8
    endloop
  endfacet
  facet normal 0.886997 0.461776 0
    outer loop
      vertex -73.586 -0.739581 0
      vertex -73.5155 -0.875 2.8
      vertex -73.5155 -0.875 0
    endloop
  endfacet
  facet normal -0.461827 -0.88697 0
    outer loop
      vertex -71.2604 1.58604 0
      vertex -71.125 1.51554 2.8
      vertex -71.2604 1.58604 2.8
    endloop
  endfacet
  facet normal -0.461827 -0.88697 -0
    outer loop
      vertex -71.125 1.51554 2.8
      vertex -71.2604 1.58604 0
      vertex -71.125 1.51554 0
    endloop
  endfacet
  facet normal -0.991468 0.130351 0
    outer loop
      vertex -70.2766 -0.303884 0
      vertex -70.2567 -0.152522 2.8
      vertex -70.2567 -0.152522 0
    endloop
  endfacet
  facet normal -0.991468 0.130351 0
    outer loop
      vertex -70.2567 -0.152522 2.8
      vertex -70.2766 -0.303884 0
      vertex -70.2766 -0.303884 2.8
    endloop
  endfacet
  facet normal 0.461827 -0.88697 0
    outer loop
      vertex -72.875 1.51554 0
      vertex -72.7396 1.58604 2.8
      vertex -72.875 1.51554 2.8
    endloop
  endfacet
  facet normal 0.461827 -0.88697 0
    outer loop
      vertex -72.7396 1.58604 2.8
      vertex -72.875 1.51554 0
      vertex -72.7396 1.58604 0
    endloop
  endfacet
  facet normal 0.923702 0.383113 0
    outer loop
      vertex -73.586 -0.739581 2.8
      vertex -73.6445 -0.598535 0
      vertex -73.6445 -0.598535 2.8
    endloop
  endfacet
  facet normal 0.923702 0.383113 0
    outer loop
      vertex -73.6445 -0.598535 0
      vertex -73.586 -0.739581 2.8
      vertex -73.586 -0.739581 0
    endloop
  endfacet
  facet normal -0.886997 -0.461776 0
    outer loop
      vertex -70.414 0.739581 0
      vertex -70.4845 0.875 2.8
      vertex -70.4845 0.875 0
    endloop
  endfacet
  facet normal -0.886997 -0.461776 0
    outer loop
      vertex -70.4845 0.875 2.8
      vertex -70.414 0.739581 0
      vertex -70.414 0.739581 2.8
    endloop
  endfacet
  facet normal 0.923702 -0.383113 0
    outer loop
      vertex -73.6445 0.598535 2.8
      vertex -73.586 0.739581 0
      vertex -73.586 0.739581 2.8
    endloop
  endfacet
  facet normal 0.923702 -0.383113 0
    outer loop
      vertex -73.586 0.739581 0
      vertex -73.6445 0.598535 2.8
      vertex -73.6445 0.598535 0
    endloop
  endfacet
  facet normal 0.130512 0.991447 -0
    outer loop
      vertex -72.1525 -1.74334 0
      vertex -72.3039 -1.72341 2.8
      vertex -72.1525 -1.74334 2.8
    endloop
  endfacet
  facet normal 0.130512 0.991447 0
    outer loop
      vertex -72.3039 -1.72341 2.8
      vertex -72.1525 -1.74334 0
      vertex -72.3039 -1.72341 0
    endloop
  endfacet
  facet normal -0.461827 0.88697 0
    outer loop
      vertex -71.125 -1.51554 0
      vertex -71.2604 -1.58604 2.8
      vertex -71.125 -1.51554 2.8
    endloop
  endfacet
  facet normal -0.461827 0.88697 0
    outer loop
      vertex -71.2604 -1.58604 2.8
      vertex -71.125 -1.51554 0
      vertex -71.2604 -1.58604 0
    endloop
  endfacet
  facet normal 0.675778 -0.737105 0
    outer loop
      vertex -73.2374 1.23744 0
      vertex -73.1249 1.34058 2.8
      vertex -73.2374 1.23744 2.8
    endloop
  endfacet
  facet normal 0.675778 -0.737105 0
    outer loop
      vertex -73.1249 1.34058 2.8
      vertex -73.2374 1.23744 0
      vertex -73.1249 1.34058 0
    endloop
  endfacet
  facet normal 0.461827 0.88697 -0
    outer loop
      vertex -72.7396 -1.58604 0
      vertex -72.875 -1.51554 2.8
      vertex -72.7396 -1.58604 2.8
    endloop
  endfacet
  facet normal 0.461827 0.88697 0
    outer loop
      vertex -72.875 -1.51554 2.8
      vertex -72.7396 -1.58604 0
      vertex -72.875 -1.51554 0
    endloop
  endfacet
  facet normal 0.999037 0.0438858 0
    outer loop
      vertex -73.7433 -0.152522 2.8
      vertex -73.75 0 0
      vertex -73.75 0 2.8
    endloop
  endfacet
  facet normal 0.999037 0.0438858 0
    outer loop
      vertex -73.75 0 0
      vertex -73.7433 -0.152522 2.8
      vertex -73.7433 -0.152522 0
    endloop
  endfacet
  facet normal 0.0436305 -0.999048 0
    outer loop
      vertex -72.1525 1.74334 0
      vertex -72 1.75 2.8
      vertex -72.1525 1.74334 2.8
    endloop
  endfacet
  facet normal 0.0436305 -0.999048 0
    outer loop
      vertex -72 1.75 2.8
      vertex -72.1525 1.74334 0
      vertex -72 1.75 0
    endloop
  endfacet
  facet normal 0.60883 0.7933 -0
    outer loop
      vertex -73.0038 -1.43352 0
      vertex -73.1249 -1.34058 2.8
      vertex -73.0038 -1.43352 2.8
    endloop
  endfacet
  facet normal 0.60883 0.7933 0
    outer loop
      vertex -73.1249 -1.34058 2.8
      vertex -73.0038 -1.43352 0
      vertex -73.1249 -1.34058 0
    endloop
  endfacet
  facet normal -0.216486 0.976286 0
    outer loop
      vertex -71.5471 -1.69037 0
      vertex -71.6961 -1.72341 2.8
      vertex -71.5471 -1.69037 2.8
    endloop
  endfacet
  facet normal -0.216486 0.976286 0
    outer loop
      vertex -71.6961 -1.72341 2.8
      vertex -71.5471 -1.69037 0
      vertex -71.6961 -1.72341 0
    endloop
  endfacet
  facet normal 0.737089 0.675796 0
    outer loop
      vertex -73.2374 -1.23744 2.8
      vertex -73.3406 -1.12488 0
      vertex -73.3406 -1.12488 2.8
    endloop
  endfacet
  facet normal 0.737089 0.675796 0
    outer loop
      vertex -73.3406 -1.12488 0
      vertex -73.2374 -1.23744 2.8
      vertex -73.2374 -1.23744 0
    endloop
  endfacet
  facet normal 0.991468 0.130351 0
    outer loop
      vertex -73.7234 -0.303884 2.8
      vertex -73.7433 -0.152522 0
      vertex -73.7433 -0.152522 2.8
    endloop
  endfacet
  facet normal 0.991468 0.130351 0
    outer loop
      vertex -73.7433 -0.152522 0
      vertex -73.7234 -0.303884 2.8
      vertex -73.7234 -0.303884 0
    endloop
  endfacet
  facet normal 0.537138 -0.843494 0
    outer loop
      vertex -73.0038 1.43352 0
      vertex -72.875 1.51554 2.8
      vertex -73.0038 1.43352 2.8
    endloop
  endfacet
  facet normal 0.537138 -0.843494 0
    outer loop
      vertex -72.875 1.51554 2.8
      vertex -73.0038 1.43352 0
      vertex -72.875 1.51554 0
    endloop
  endfacet
  facet normal -0.886997 0.461776 0
    outer loop
      vertex -70.4845 -0.875 0
      vertex -70.414 -0.739581 2.8
      vertex -70.414 -0.739581 0
    endloop
  endfacet
  facet normal -0.886997 0.461776 0
    outer loop
      vertex -70.414 -0.739581 2.8
      vertex -70.4845 -0.875 0
      vertex -70.4845 -0.875 2.8
    endloop
  endfacet
  facet normal 0.737089 -0.675796 0
    outer loop
      vertex -73.3406 1.12488 2.8
      vertex -73.2374 1.23744 0
      vertex -73.2374 1.23744 2.8
    endloop
  endfacet
  facet normal 0.737089 -0.675796 0
    outer loop
      vertex -73.2374 1.23744 0
      vertex -73.3406 1.12488 2.8
      vertex -73.3406 1.12488 0
    endloop
  endfacet
  facet normal 0.675778 0.737105 -0
    outer loop
      vertex -73.1249 -1.34058 0
      vertex -73.2374 -1.23744 2.8
      vertex -73.1249 -1.34058 2.8
    endloop
  endfacet
  facet normal 0.675778 0.737105 0
    outer loop
      vertex -73.2374 -1.23744 2.8
      vertex -73.1249 -1.34058 0
      vertex -73.2374 -1.23744 0
    endloop
  endfacet
  facet normal 0.991468 -0.130351 0
    outer loop
      vertex -73.7433 0.152522 2.8
      vertex -73.7234 0.303884 0
      vertex -73.7234 0.303884 2.8
    endloop
  endfacet
  facet normal 0.991468 -0.130351 0
    outer loop
      vertex -73.7234 0.303884 0
      vertex -73.7433 0.152522 2.8
      vertex -73.7433 0.152522 0
    endloop
  endfacet
  facet normal 0.999037 -0.0438858 0
    outer loop
      vertex -73.75 0 2.8
      vertex -73.7433 0.152522 0
      vertex -73.7433 0.152522 2.8
    endloop
  endfacet
  facet normal 0.999037 -0.0438858 0
    outer loop
      vertex -73.7433 0.152522 0
      vertex -73.75 0 2.8
      vertex -73.75 0 0
    endloop
  endfacet
  facet normal 0.382541 0.923939 -0
    outer loop
      vertex -72.5985 -1.64446 0
      vertex -72.7396 -1.58604 2.8
      vertex -72.5985 -1.64446 2.8
    endloop
  endfacet
  facet normal 0.382541 0.923939 0
    outer loop
      vertex -72.7396 -1.58604 2.8
      vertex -72.5985 -1.64446 0
      vertex -72.7396 -1.58604 0
    endloop
  endfacet
  facet normal 0.537138 0.843494 -0
    outer loop
      vertex -72.875 -1.51554 0
      vertex -73.0038 -1.43352 2.8
      vertex -72.875 -1.51554 2.8
    endloop
  endfacet
  facet normal 0.537138 0.843494 0
    outer loop
      vertex -73.0038 -1.43352 2.8
      vertex -72.875 -1.51554 0
      vertex -73.0038 -1.43352 0
    endloop
  endfacet
  facet normal 0.300721 0.953712 -0
    outer loop
      vertex -72.4529 -1.69037 0
      vertex -72.5985 -1.64446 2.8
      vertex -72.4529 -1.69037 2.8
    endloop
  endfacet
  facet normal 0.300721 0.953712 0
    outer loop
      vertex -72.5985 -1.64446 2.8
      vertex -72.4529 -1.69037 0
      vertex -72.5985 -1.64446 0
    endloop
  endfacet
  facet normal -0.737089 0.675796 0
    outer loop
      vertex -70.7626 -1.23744 0
      vertex -70.6594 -1.12488 2.8
      vertex -70.6594 -1.12488 0
    endloop
  endfacet
  facet normal -0.737089 0.675796 0
    outer loop
      vertex -70.6594 -1.12488 2.8
      vertex -70.7626 -1.23744 0
      vertex -70.7626 -1.23744 2.8
    endloop
  endfacet
  facet normal 0.886997 -0.461776 0
    outer loop
      vertex -73.586 0.739581 2.8
      vertex -73.5155 0.875 0
      vertex -73.5155 0.875 2.8
    endloop
  endfacet
  facet normal 0.886997 -0.461776 0
    outer loop
      vertex -73.5155 0.875 0
      vertex -73.586 0.739581 2.8
      vertex -73.586 0.739581 0
    endloop
  endfacet
  facet normal 0.843478 -0.537164 0
    outer loop
      vertex -73.5155 0.875 2.8
      vertex -73.4335 1.00376 0
      vertex -73.4335 1.00376 2.8
    endloop
  endfacet
  facet normal 0.843478 -0.537164 0
    outer loop
      vertex -73.4335 1.00376 0
      vertex -73.5155 0.875 2.8
      vertex -73.5155 0.875 0
    endloop
  endfacet
  facet normal -0.991472 -0.130319 0
    outer loop
      vertex -34.2567 -62.2013 0
      vertex -34.2766 -62.0499 2.8
      vertex -34.2766 -62.0499 0
    endloop
  endfacet
  facet normal -0.991472 -0.130319 0
    outer loop
      vertex -34.2766 -62.0499 2.8
      vertex -34.2567 -62.2013 0
      vertex -34.2567 -62.2013 2.8
    endloop
  endfacet
  facet normal -0.999036 -0.0438921 0
    outer loop
      vertex -34.25 -62.3538 0
      vertex -34.2567 -62.2013 2.8
      vertex -34.2567 -62.2013 0
    endloop
  endfacet
  facet normal -0.999036 -0.0438921 0
    outer loop
      vertex -34.2567 -62.2013 2.8
      vertex -34.25 -62.3538 0
      vertex -34.25 -62.3538 2.8
    endloop
  endfacet
  facet normal -0.976341 -0.216237 0
    outer loop
      vertex -34.2766 -62.0499 0
      vertex -34.3096 -61.9009 2.8
      vertex -34.3096 -61.9009 0
    endloop
  endfacet
  facet normal -0.976341 -0.216237 0
    outer loop
      vertex -34.3096 -61.9009 2.8
      vertex -34.2766 -62.0499 0
      vertex -34.2766 -62.0499 2.8
    endloop
  endfacet
  facet normal 0.923657 0.38322 0
    outer loop
      vertex -37.586 -63.0934 2.8
      vertex -37.6445 -62.9524 0
      vertex -37.6445 -62.9524 2.8
    endloop
  endfacet
  facet normal 0.923657 0.38322 0
    outer loop
      vertex -37.6445 -62.9524 0
      vertex -37.586 -63.0934 2.8
      vertex -37.586 -63.0934 0
    endloop
  endfacet
  facet normal 0.216237 0.976341 -0
    outer loop
      vertex -36.3039 -64.0772 0
      vertex -36.4529 -64.0442 2.8
      vertex -36.3039 -64.0772 2.8
    endloop
  endfacet
  facet normal 0.216237 0.976341 0
    outer loop
      vertex -36.4529 -64.0442 2.8
      vertex -36.3039 -64.0772 0
      vertex -36.4529 -64.0442 0
    endloop
  endfacet
  facet normal 0.461827 -0.88697 0
    outer loop
      vertex -36.875 -60.8383 0
      vertex -36.7396 -60.7678 2.8
      vertex -36.875 -60.8383 2.8
    endloop
  endfacet
  facet normal 0.461827 -0.88697 0
    outer loop
      vertex -36.7396 -60.7678 2.8
      vertex -36.875 -60.8383 0
      vertex -36.7396 -60.7678 0
    endloop
  endfacet
  facet normal -0.675636 -0.737236 0
    outer loop
      vertex -34.8751 -61.0133 0
      vertex -34.7626 -61.1164 2.8
      vertex -34.8751 -61.0133 2.8
    endloop
  endfacet
  facet normal -0.675636 -0.737236 -0
    outer loop
      vertex -34.7626 -61.1164 2.8
      vertex -34.8751 -61.0133 0
      vertex -34.7626 -61.1164 0
    endloop
  endfacet
  facet normal -0.675636 0.737236 0
    outer loop
      vertex -34.7626 -63.5913 0
      vertex -34.8751 -63.6944 2.8
      vertex -34.7626 -63.5913 2.8
    endloop
  endfacet
  facet normal -0.675636 0.737236 0
    outer loop
      vertex -34.8751 -63.6944 2.8
      vertex -34.7626 -63.5913 0
      vertex -34.8751 -63.6944 0
    endloop
  endfacet
  facet normal 0.0432382 0.999065 -0
    outer loop
      vertex -36 -64.1038 0
      vertex -36.1525 -64.0972 2.8
      vertex -36 -64.1038 2.8
    endloop
  endfacet
  facet normal 0.0432382 0.999065 0
    outer loop
      vertex -36.1525 -64.0972 2.8
      vertex -36 -64.1038 0
      vertex -36.1525 -64.0972 0
    endloop
  endfacet
  facet normal -0.999038 0.0438634 0
    outer loop
      vertex -34.2567 -62.5064 0
      vertex -34.25 -62.3538 2.8
      vertex -34.25 -62.3538 0
    endloop
  endfacet
  facet normal -0.999038 0.0438634 0
    outer loop
      vertex -34.25 -62.3538 2.8
      vertex -34.2567 -62.5064 0
      vertex -34.2567 -62.5064 2.8
    endloop
  endfacet
  facet normal -0.382429 -0.923985 0
    outer loop
      vertex -35.4015 -60.7094 0
      vertex -35.2604 -60.7678 2.8
      vertex -35.4015 -60.7094 2.8
    endloop
  endfacet
  facet normal -0.382429 -0.923985 -0
    outer loop
      vertex -35.2604 -60.7678 2.8
      vertex -35.4015 -60.7094 0
      vertex -35.2604 -60.7678 0
    endloop
  endfacet
  facet normal -0.793427 0.608665 0
    outer loop
      vertex -34.6594 -63.4787 0
      vertex -34.5665 -63.3576 2.8
      vertex -34.5665 -63.3576 0
    endloop
  endfacet
  facet normal -0.793427 0.608665 0
    outer loop
      vertex -34.5665 -63.3576 2.8
      vertex -34.6594 -63.4787 0
      vertex -34.6594 -63.4787 2.8
    endloop
  endfacet
  facet normal 0.130319 -0.991472 0
    outer loop
      vertex -36.3039 -60.6304 0
      vertex -36.1525 -60.6105 2.8
      vertex -36.3039 -60.6304 2.8
    endloop
  endfacet
  facet normal 0.130319 -0.991472 0
    outer loop
      vertex -36.1525 -60.6105 2.8
      vertex -36.3039 -60.6304 0
      vertex -36.1525 -60.6105 0
    endloop
  endfacet
  facet normal -0.923753 -0.382988 0
    outer loop
      vertex -34.3555 -61.7553 0
      vertex -34.414 -61.6142 2.8
      vertex -34.414 -61.6142 0
    endloop
  endfacet
  facet normal -0.923753 -0.382988 0
    outer loop
      vertex -34.414 -61.6142 2.8
      vertex -34.3555 -61.7553 0
      vertex -34.3555 -61.7553 2.8
    endloop
  endfacet
  facet normal -0.130319 -0.991472 0
    outer loop
      vertex -35.8475 -60.6105 0
      vertex -35.6961 -60.6304 2.8
      vertex -35.8475 -60.6105 2.8
    endloop
  endfacet
  facet normal -0.130319 -0.991472 -0
    outer loop
      vertex -35.6961 -60.6304 2.8
      vertex -35.8475 -60.6105 0
      vertex -35.6961 -60.6304 0
    endloop
  endfacet
  facet normal -0.953731 -0.300661 0
    outer loop
      vertex -34.3096 -61.9009 0
      vertex -34.3555 -61.7553 2.8
      vertex -34.3555 -61.7553 0
    endloop
  endfacet
  facet normal -0.953731 -0.300661 0
    outer loop
      vertex -34.3555 -61.7553 2.8
      vertex -34.3096 -61.9009 0
      vertex -34.3096 -61.9009 2.8
    endloop
  endfacet
  facet normal 0.953731 -0.300661 0
    outer loop
      vertex -37.6904 -61.9009 2.8
      vertex -37.6445 -61.7553 0
      vertex -37.6445 -61.7553 2.8
    endloop
  endfacet
  facet normal 0.953731 -0.300661 0
    outer loop
      vertex -37.6445 -61.7553 0
      vertex -37.6904 -61.9009 2.8
      vertex -37.6904 -61.9009 0
    endloop
  endfacet
  facet normal 0.216861 -0.976202 0
    outer loop
      vertex -36.4529 -60.6635 0
      vertex -36.3039 -60.6304 2.8
      vertex -36.4529 -60.6635 2.8
    endloop
  endfacet
  facet normal 0.216861 -0.976202 0
    outer loop
      vertex -36.3039 -60.6304 2.8
      vertex -36.4529 -60.6635 0
      vertex -36.3039 -60.6304 0
    endloop
  endfacet
  facet normal -0.0438921 -0.999036 0
    outer loop
      vertex -36 -60.6038 0
      vertex -35.8475 -60.6105 2.8
      vertex -36 -60.6038 2.8
    endloop
  endfacet
  facet normal -0.0438921 -0.999036 -0
    outer loop
      vertex -35.8475 -60.6105 2.8
      vertex -36 -60.6038 0
      vertex -35.8475 -60.6105 0
    endloop
  endfacet
  facet normal -0.923657 0.38322 0
    outer loop
      vertex -34.414 -63.0934 0
      vertex -34.3555 -62.9524 2.8
      vertex -34.3555 -62.9524 0
    endloop
  endfacet
  facet normal -0.923657 0.38322 0
    outer loop
      vertex -34.3555 -62.9524 2.8
      vertex -34.414 -63.0934 0
      vertex -34.414 -63.0934 2.8
    endloop
  endfacet
  facet normal -0.537045 -0.843554 0
    outer loop
      vertex -35.125 -60.8383 0
      vertex -34.9962 -60.9203 2.8
      vertex -35.125 -60.8383 2.8
    endloop
  endfacet
  facet normal -0.537045 -0.843554 -0
    outer loop
      vertex -34.9962 -60.9203 2.8
      vertex -35.125 -60.8383 0
      vertex -34.9962 -60.9203 0
    endloop
  endfacet
  facet normal -0.300661 -0.953731 0
    outer loop
      vertex -35.5471 -60.6635 0
      vertex -35.4015 -60.7094 2.8
      vertex -35.5471 -60.6635 2.8
    endloop
  endfacet
  facet normal -0.300661 -0.953731 -0
    outer loop
      vertex -35.4015 -60.7094 2.8
      vertex -35.5471 -60.6635 0
      vertex -35.4015 -60.7094 0
    endloop
  endfacet
  facet normal 0.737208 -0.675665 0
    outer loop
      vertex -37.3406 -61.229 2.8
      vertex -37.2374 -61.1164 0
      vertex -37.2374 -61.1164 2.8
    endloop
  endfacet
  facet normal 0.737208 -0.675665 0
    outer loop
      vertex -37.2374 -61.1164 0
      vertex -37.3406 -61.229 2.8
      vertex -37.3406 -61.229 0
    endloop
  endfacet
  facet normal -0.843365 -0.537342 0
    outer loop
      vertex -34.4845 -61.4788 0
      vertex -34.5665 -61.3501 2.8
      vertex -34.5665 -61.3501 0
    endloop
  endfacet
  facet normal -0.843365 -0.537342 0
    outer loop
      vertex -34.5665 -61.3501 2.8
      vertex -34.4845 -61.4788 0
      vertex -34.4845 -61.4788 2.8
    endloop
  endfacet
  facet normal 0.793427 0.608665 0
    outer loop
      vertex -37.3406 -63.4787 2.8
      vertex -37.4335 -63.3576 0
      vertex -37.4335 -63.3576 2.8
    endloop
  endfacet
  facet normal 0.793427 0.608665 0
    outer loop
      vertex -37.4335 -63.3576 0
      vertex -37.3406 -63.4787 2.8
      vertex -37.3406 -63.4787 0
    endloop
  endfacet
  facet normal -0.953731 0.300661 0
    outer loop
      vertex -34.3555 -62.9524 0
      vertex -34.3096 -62.8068 2.8
      vertex -34.3096 -62.8068 0
    endloop
  endfacet
  facet normal -0.953731 0.300661 0
    outer loop
      vertex -34.3096 -62.8068 2.8
      vertex -34.3555 -62.9524 0
      vertex -34.3555 -62.9524 2.8
    endloop
  endfacet
  facet normal -0.976372 0.216098 0
    outer loop
      vertex -34.3096 -62.8068 0
      vertex -34.2766 -62.6577 2.8
      vertex -34.2766 -62.6577 0
    endloop
  endfacet
  facet normal -0.976372 0.216098 0
    outer loop
      vertex -34.2766 -62.6577 2.8
      vertex -34.3096 -62.8068 0
      vertex -34.3096 -62.8068 2.8
    endloop
  endfacet
  facet normal -0.461827 0.88697 0
    outer loop
      vertex -35.125 -63.8694 0
      vertex -35.2604 -63.9399 2.8
      vertex -35.125 -63.8694 2.8
    endloop
  endfacet
  facet normal -0.461827 0.88697 0
    outer loop
      vertex -35.2604 -63.9399 2.8
      vertex -35.125 -63.8694 0
      vertex -35.2604 -63.9399 0
    endloop
  endfacet
  facet normal -0.609078 -0.793111 0
    outer loop
      vertex -34.9962 -60.9203 0
      vertex -34.8751 -61.0133 2.8
      vertex -34.9962 -60.9203 2.8
    endloop
  endfacet
  facet normal -0.609078 -0.793111 -0
    outer loop
      vertex -34.8751 -61.0133 2.8
      vertex -34.9962 -60.9203 0
      vertex -34.8751 -61.0133 0
    endloop
  endfacet
  facet normal 0.675636 0.737236 -0
    outer loop
      vertex -37.1249 -63.6944 0
      vertex -37.2374 -63.5913 2.8
      vertex -37.1249 -63.6944 2.8
    endloop
  endfacet
  facet normal 0.675636 0.737236 0
    outer loop
      vertex -37.2374 -63.5913 2.8
      vertex -37.1249 -63.6944 0
      vertex -37.2374 -63.5913 0
    endloop
  endfacet
  facet normal 0.609078 -0.793111 0
    outer loop
      vertex -37.1249 -61.0133 0
      vertex -37.0038 -60.9203 2.8
      vertex -37.1249 -61.0133 2.8
    endloop
  endfacet
  facet normal 0.609078 -0.793111 0
    outer loop
      vertex -37.0038 -60.9203 2.8
      vertex -37.1249 -61.0133 0
      vertex -37.0038 -60.9203 0
    endloop
  endfacet
  facet normal -0.0432382 0.999065 0
    outer loop
      vertex -35.8475 -64.0972 0
      vertex -36 -64.1038 2.8
      vertex -35.8475 -64.0972 2.8
    endloop
  endfacet
  facet normal -0.0432382 0.999065 0
    outer loop
      vertex -36 -64.1038 2.8
      vertex -35.8475 -64.0972 0
      vertex -36 -64.1038 0
    endloop
  endfacet
  facet normal -0.843554 0.537045 0
    outer loop
      vertex -34.5665 -63.3576 0
      vertex -34.4845 -63.2288 2.8
      vertex -34.4845 -63.2288 0
    endloop
  endfacet
  facet normal -0.843554 0.537045 0
    outer loop
      vertex -34.4845 -63.2288 2.8
      vertex -34.5665 -63.3576 0
      vertex -34.5665 -63.3576 2.8
    endloop
  endfacet
  facet normal 0.999036 -0.0438921 0
    outer loop
      vertex -37.75 -62.3538 2.8
      vertex -37.7433 -62.2013 0
      vertex -37.7433 -62.2013 2.8
    endloop
  endfacet
  facet normal 0.999036 -0.0438921 0
    outer loop
      vertex -37.7433 -62.2013 0
      vertex -37.75 -62.3538 2.8
      vertex -37.75 -62.3538 0
    endloop
  endfacet
  facet normal -0.537511 0.843257 0
    outer loop
      vertex -34.9962 -63.7873 0
      vertex -35.125 -63.8694 2.8
      vertex -34.9962 -63.7873 2.8
    endloop
  endfacet
  facet normal -0.537511 0.843257 0
    outer loop
      vertex -35.125 -63.8694 2.8
      vertex -34.9962 -63.7873 0
      vertex -35.125 -63.8694 0
    endloop
  endfacet
  facet normal -0.461827 -0.88697 0
    outer loop
      vertex -35.2604 -60.7678 0
      vertex -35.125 -60.8383 2.8
      vertex -35.2604 -60.7678 2.8
    endloop
  endfacet
  facet normal -0.461827 -0.88697 -0
    outer loop
      vertex -35.125 -60.8383 2.8
      vertex -35.2604 -60.7678 0
      vertex -35.125 -60.8383 0
    endloop
  endfacet
  facet normal -0.991461 0.130404 0
    outer loop
      vertex -34.2766 -62.6577 0
      vertex -34.2567 -62.5064 2.8
      vertex -34.2567 -62.5064 0
    endloop
  endfacet
  facet normal -0.991461 0.130404 0
    outer loop
      vertex -34.2567 -62.5064 2.8
      vertex -34.2766 -62.6577 0
      vertex -34.2766 -62.6577 2.8
    endloop
  endfacet
  facet normal 0.461827 0.88697 -0
    outer loop
      vertex -36.7396 -63.9399 0
      vertex -36.875 -63.8694 2.8
      vertex -36.7396 -63.9399 2.8
    endloop
  endfacet
  facet normal 0.461827 0.88697 0
    outer loop
      vertex -36.875 -63.8694 2.8
      vertex -36.7396 -63.9399 0
      vertex -36.875 -63.8694 0
    endloop
  endfacet
  facet normal -0.88697 -0.461827 0
    outer loop
      vertex -34.414 -61.6142 0
      vertex -34.4845 -61.4788 2.8
      vertex -34.4845 -61.4788 0
    endloop
  endfacet
  facet normal -0.88697 -0.461827 0
    outer loop
      vertex -34.4845 -61.4788 2.8
      vertex -34.414 -61.6142 0
      vertex -34.414 -61.6142 2.8
    endloop
  endfacet
  facet normal 0.88697 0.461827 0
    outer loop
      vertex -37.5155 -63.2288 2.8
      vertex -37.586 -63.0934 0
      vertex -37.586 -63.0934 2.8
    endloop
  endfacet
  facet normal 0.88697 0.461827 0
    outer loop
      vertex -37.586 -63.0934 0
      vertex -37.5155 -63.2288 2.8
      vertex -37.5155 -63.2288 0
    endloop
  endfacet
  facet normal 0.537045 -0.843554 0
    outer loop
      vertex -37.0038 -60.9203 0
      vertex -36.875 -60.8383 2.8
      vertex -37.0038 -60.9203 2.8
    endloop
  endfacet
  facet normal 0.537045 -0.843554 0
    outer loop
      vertex -36.875 -60.8383 2.8
      vertex -37.0038 -60.9203 0
      vertex -36.875 -60.8383 0
    endloop
  endfacet
  facet normal 0.953731 0.300661 0
    outer loop
      vertex -37.6445 -62.9524 2.8
      vertex -37.6904 -62.8068 0
      vertex -37.6904 -62.8068 2.8
    endloop
  endfacet
  facet normal 0.953731 0.300661 0
    outer loop
      vertex -37.6904 -62.8068 0
      vertex -37.6445 -62.9524 2.8
      vertex -37.6445 -62.9524 0
    endloop
  endfacet
  facet normal 0.675636 -0.737236 0
    outer loop
      vertex -37.2374 -61.1164 0
      vertex -37.1249 -61.0133 2.8
      vertex -37.2374 -61.1164 2.8
    endloop
  endfacet
  facet normal 0.675636 -0.737236 0
    outer loop
      vertex -37.1249 -61.0133 2.8
      vertex -37.2374 -61.1164 0
      vertex -37.1249 -61.0133 0
    endloop
  endfacet
  facet normal 0.793427 -0.608665 0
    outer loop
      vertex -37.4335 -61.3501 2.8
      vertex -37.3406 -61.229 0
      vertex -37.3406 -61.229 2.8
    endloop
  endfacet
  facet normal 0.793427 -0.608665 0
    outer loop
      vertex -37.3406 -61.229 0
      vertex -37.4335 -61.3501 2.8
      vertex -37.4335 -61.3501 0
    endloop
  endfacet
  facet normal 0.976341 -0.216237 0
    outer loop
      vertex -37.7234 -62.0499 2.8
      vertex -37.6904 -61.9009 0
      vertex -37.6904 -61.9009 2.8
    endloop
  endfacet
  facet normal 0.976341 -0.216237 0
    outer loop
      vertex -37.6904 -61.9009 0
      vertex -37.7234 -62.0499 2.8
      vertex -37.7234 -62.0499 0
    endloop
  endfacet
  facet normal 0.999038 0.0438634 0
    outer loop
      vertex -37.7433 -62.5064 2.8
      vertex -37.75 -62.3538 0
      vertex -37.75 -62.3538 2.8
    endloop
  endfacet
  facet normal 0.999038 0.0438634 0
    outer loop
      vertex -37.75 -62.3538 0
      vertex -37.7433 -62.5064 2.8
      vertex -37.7433 -62.5064 0
    endloop
  endfacet
  facet normal 0.843365 -0.537342 0
    outer loop
      vertex -37.5155 -61.4788 2.8
      vertex -37.4335 -61.3501 0
      vertex -37.4335 -61.3501 2.8
    endloop
  endfacet
  facet normal 0.843365 -0.537342 0
    outer loop
      vertex -37.4335 -61.3501 0
      vertex -37.5155 -61.4788 2.8
      vertex -37.5155 -61.4788 0
    endloop
  endfacet
  facet normal 0.0438921 -0.999036 0
    outer loop
      vertex -36.1525 -60.6105 0
      vertex -36 -60.6038 2.8
      vertex -36.1525 -60.6105 2.8
    endloop
  endfacet
  facet normal 0.0438921 -0.999036 0
    outer loop
      vertex -36 -60.6038 2.8
      vertex -36.1525 -60.6105 0
      vertex -36 -60.6038 0
    endloop
  endfacet
  facet normal -0.793427 -0.608665 0
    outer loop
      vertex -34.5665 -61.3501 0
      vertex -34.6594 -61.229 2.8
      vertex -34.6594 -61.229 0
    endloop
  endfacet
  facet normal -0.793427 -0.608665 0
    outer loop
      vertex -34.6594 -61.229 2.8
      vertex -34.5665 -61.3501 0
      vertex -34.5665 -61.3501 2.8
    endloop
  endfacet
  facet normal -0.382429 0.923985 0
    outer loop
      vertex -35.2604 -63.9399 0
      vertex -35.4015 -63.9983 2.8
      vertex -35.2604 -63.9399 2.8
    endloop
  endfacet
  facet normal -0.382429 0.923985 0
    outer loop
      vertex -35.4015 -63.9983 2.8
      vertex -35.2604 -63.9399 0
      vertex -35.4015 -63.9983 0
    endloop
  endfacet
  facet normal -0.300661 0.953731 0
    outer loop
      vertex -35.4015 -63.9983 0
      vertex -35.5471 -64.0442 2.8
      vertex -35.4015 -63.9983 2.8
    endloop
  endfacet
  facet normal -0.300661 0.953731 0
    outer loop
      vertex -35.5471 -64.0442 2.8
      vertex -35.4015 -63.9983 0
      vertex -35.5471 -64.0442 0
    endloop
  endfacet
  facet normal 0.130963 0.991387 -0
    outer loop
      vertex -36.1525 -64.0972 0
      vertex -36.3039 -64.0772 2.8
      vertex -36.1525 -64.0972 2.8
    endloop
  endfacet
  facet normal 0.130963 0.991387 0
    outer loop
      vertex -36.3039 -64.0772 2.8
      vertex -36.1525 -64.0972 0
      vertex -36.3039 -64.0772 0
    endloop
  endfacet
  facet normal -0.216237 0.976341 0
    outer loop
      vertex -35.5471 -64.0442 0
      vertex -35.6961 -64.0772 2.8
      vertex -35.5471 -64.0442 2.8
    endloop
  endfacet
  facet normal -0.216237 0.976341 0
    outer loop
      vertex -35.6961 -64.0772 2.8
      vertex -35.5471 -64.0442 0
      vertex -35.6961 -64.0772 0
    endloop
  endfacet
  facet normal 0.923753 -0.382988 0
    outer loop
      vertex -37.6445 -61.7553 2.8
      vertex -37.586 -61.6142 0
      vertex -37.586 -61.6142 2.8
    endloop
  endfacet
  facet normal 0.923753 -0.382988 0
    outer loop
      vertex -37.586 -61.6142 0
      vertex -37.6445 -61.7553 2.8
      vertex -37.6445 -61.7553 0
    endloop
  endfacet
  facet normal 0.737208 0.675665 0
    outer loop
      vertex -37.2374 -63.5913 2.8
      vertex -37.3406 -63.4787 0
      vertex -37.3406 -63.4787 2.8
    endloop
  endfacet
  facet normal 0.737208 0.675665 0
    outer loop
      vertex -37.3406 -63.4787 0
      vertex -37.2374 -63.5913 2.8
      vertex -37.2374 -63.5913 0
    endloop
  endfacet
  facet normal -0.737208 0.675665 0
    outer loop
      vertex -34.7626 -63.5913 0
      vertex -34.6594 -63.4787 2.8
      vertex -34.6594 -63.4787 0
    endloop
  endfacet
  facet normal -0.737208 0.675665 0
    outer loop
      vertex -34.6594 -63.4787 2.8
      vertex -34.7626 -63.5913 0
      vertex -34.7626 -63.5913 2.8
    endloop
  endfacet
  facet normal 0.991461 0.130404 0
    outer loop
      vertex -37.7234 -62.6577 2.8
      vertex -37.7433 -62.5064 0
      vertex -37.7433 -62.5064 2.8
    endloop
  endfacet
  facet normal 0.991461 0.130404 0
    outer loop
      vertex -37.7433 -62.5064 0
      vertex -37.7234 -62.6577 2.8
      vertex -37.7234 -62.6577 0
    endloop
  endfacet
  facet normal -0.737208 -0.675665 0
    outer loop
      vertex -34.6594 -61.229 0
      vertex -34.7626 -61.1164 2.8
      vertex -34.7626 -61.1164 0
    endloop
  endfacet
  facet normal -0.737208 -0.675665 0
    outer loop
      vertex -34.7626 -61.1164 2.8
      vertex -34.6594 -61.229 0
      vertex -34.6594 -61.229 2.8
    endloop
  endfacet
  facet normal -0.130963 0.991387 0
    outer loop
      vertex -35.6961 -64.0772 0
      vertex -35.8475 -64.0972 2.8
      vertex -35.6961 -64.0772 2.8
    endloop
  endfacet
  facet normal -0.130963 0.991387 0
    outer loop
      vertex -35.8475 -64.0972 2.8
      vertex -35.6961 -64.0772 0
      vertex -35.8475 -64.0972 0
    endloop
  endfacet
  facet normal -0.88697 0.461827 0
    outer loop
      vertex -34.4845 -63.2288 0
      vertex -34.414 -63.0934 2.8
      vertex -34.414 -63.0934 0
    endloop
  endfacet
  facet normal -0.88697 0.461827 0
    outer loop
      vertex -34.414 -63.0934 2.8
      vertex -34.4845 -63.2288 0
      vertex -34.4845 -63.2288 2.8
    endloop
  endfacet
  facet normal -0.216861 -0.976202 0
    outer loop
      vertex -35.6961 -60.6304 0
      vertex -35.5471 -60.6635 2.8
      vertex -35.6961 -60.6304 2.8
    endloop
  endfacet
  facet normal -0.216861 -0.976202 -0
    outer loop
      vertex -35.5471 -60.6635 2.8
      vertex -35.6961 -60.6304 0
      vertex -35.5471 -60.6635 0
    endloop
  endfacet
  facet normal 0.382429 -0.923985 0
    outer loop
      vertex -36.7396 -60.7678 0
      vertex -36.5985 -60.7094 2.8
      vertex -36.7396 -60.7678 2.8
    endloop
  endfacet
  facet normal 0.382429 -0.923985 0
    outer loop
      vertex -36.5985 -60.7094 2.8
      vertex -36.7396 -60.7678 0
      vertex -36.5985 -60.7094 0
    endloop
  endfacet
  facet normal 0.300661 -0.953731 0
    outer loop
      vertex -36.5985 -60.7094 0
      vertex -36.4529 -60.6635 2.8
      vertex -36.5985 -60.7094 2.8
    endloop
  endfacet
  facet normal 0.300661 -0.953731 0
    outer loop
      vertex -36.4529 -60.6635 2.8
      vertex -36.5985 -60.7094 0
      vertex -36.4529 -60.6635 0
    endloop
  endfacet
  facet normal 0.843554 0.537045 0
    outer loop
      vertex -37.4335 -63.3576 2.8
      vertex -37.5155 -63.2288 0
      vertex -37.5155 -63.2288 2.8
    endloop
  endfacet
  facet normal 0.843554 0.537045 0
    outer loop
      vertex -37.5155 -63.2288 0
      vertex -37.4335 -63.3576 2.8
      vertex -37.4335 -63.3576 0
    endloop
  endfacet
  facet normal 0.991472 -0.130319 0
    outer loop
      vertex -37.7433 -62.2013 2.8
      vertex -37.7234 -62.0499 0
      vertex -37.7234 -62.0499 2.8
    endloop
  endfacet
  facet normal 0.991472 -0.130319 0
    outer loop
      vertex -37.7234 -62.0499 0
      vertex -37.7433 -62.2013 2.8
      vertex -37.7433 -62.2013 0
    endloop
  endfacet
  facet normal 0.300661 0.953731 -0
    outer loop
      vertex -36.4529 -64.0442 0
      vertex -36.5985 -63.9983 2.8
      vertex -36.4529 -64.0442 2.8
    endloop
  endfacet
  facet normal 0.300661 0.953731 0
    outer loop
      vertex -36.5985 -63.9983 2.8
      vertex -36.4529 -64.0442 0
      vertex -36.5985 -63.9983 0
    endloop
  endfacet
  facet normal 0.976372 0.216098 0
    outer loop
      vertex -37.6904 -62.8068 2.8
      vertex -37.7234 -62.6577 0
      vertex -37.7234 -62.6577 2.8
    endloop
  endfacet
  facet normal 0.976372 0.216098 0
    outer loop
      vertex -37.7234 -62.6577 0
      vertex -37.6904 -62.8068 2.8
      vertex -37.6904 -62.8068 0
    endloop
  endfacet
  facet normal -0.608665 0.793427 0
    outer loop
      vertex -34.8751 -63.6944 0
      vertex -34.9962 -63.7873 2.8
      vertex -34.8751 -63.6944 2.8
    endloop
  endfacet
  facet normal -0.608665 0.793427 0
    outer loop
      vertex -34.9962 -63.7873 2.8
      vertex -34.8751 -63.6944 0
      vertex -34.9962 -63.7873 0
    endloop
  endfacet
  facet normal 0.88697 -0.461827 0
    outer loop
      vertex -37.586 -61.6142 2.8
      vertex -37.5155 -61.4788 0
      vertex -37.5155 -61.4788 2.8
    endloop
  endfacet
  facet normal 0.88697 -0.461827 0
    outer loop
      vertex -37.5155 -61.4788 0
      vertex -37.586 -61.6142 2.8
      vertex -37.586 -61.6142 0
    endloop
  endfacet
  facet normal 0.382429 0.923985 -0
    outer loop
      vertex -36.5985 -63.9983 0
      vertex -36.7396 -63.9399 2.8
      vertex -36.5985 -63.9983 2.8
    endloop
  endfacet
  facet normal 0.382429 0.923985 0
    outer loop
      vertex -36.7396 -63.9399 2.8
      vertex -36.5985 -63.9983 0
      vertex -36.7396 -63.9399 0
    endloop
  endfacet
  facet normal 0.537511 0.843257 -0
    outer loop
      vertex -36.875 -63.8694 0
      vertex -37.0038 -63.7873 2.8
      vertex -36.875 -63.8694 2.8
    endloop
  endfacet
  facet normal 0.537511 0.843257 0
    outer loop
      vertex -37.0038 -63.7873 2.8
      vertex -36.875 -63.8694 0
      vertex -37.0038 -63.7873 0
    endloop
  endfacet
  facet normal 0.608665 0.793427 -0
    outer loop
      vertex -37.0038 -63.7873 0
      vertex -37.1249 -63.6944 2.8
      vertex -37.0038 -63.7873 2.8
    endloop
  endfacet
  facet normal 0.608665 0.793427 0
    outer loop
      vertex -37.1249 -63.6944 2.8
      vertex -37.0038 -63.7873 0
      vertex -37.1249 -63.6944 0
    endloop
  endfacet
  facet normal -0.461827 -0.88697 0
    outer loop
      vertex 36.7396 -60.7678 0
      vertex 36.875 -60.8383 2.8
      vertex 36.7396 -60.7678 2.8
    endloop
  endfacet
  facet normal -0.461827 -0.88697 -0
    outer loop
      vertex 36.875 -60.8383 2.8
      vertex 36.7396 -60.7678 0
      vertex 36.875 -60.8383 0
    endloop
  endfacet
  facet normal -0.609078 -0.793111 0
    outer loop
      vertex 37.0038 -60.9203 0
      vertex 37.1249 -61.0133 2.8
      vertex 37.0038 -60.9203 2.8
    endloop
  endfacet
  facet normal -0.609078 -0.793111 -0
    outer loop
      vertex 37.1249 -61.0133 2.8
      vertex 37.0038 -60.9203 0
      vertex 37.1249 -61.0133 0
    endloop
  endfacet
  facet normal -0.991472 -0.130319 0
    outer loop
      vertex 37.7433 -62.2013 0
      vertex 37.7234 -62.0499 2.8
      vertex 37.7234 -62.0499 0
    endloop
  endfacet
  facet normal -0.991472 -0.130319 0
    outer loop
      vertex 37.7234 -62.0499 2.8
      vertex 37.7433 -62.2013 0
      vertex 37.7433 -62.2013 2.8
    endloop
  endfacet
  facet normal -0.999036 -0.0438921 0
    outer loop
      vertex 37.75 -62.3538 0
      vertex 37.7433 -62.2013 2.8
      vertex 37.7433 -62.2013 0
    endloop
  endfacet
  facet normal -0.999036 -0.0438921 0
    outer loop
      vertex 37.7433 -62.2013 2.8
      vertex 37.75 -62.3538 0
      vertex 37.75 -62.3538 2.8
    endloop
  endfacet
  facet normal -0.976341 -0.216237 0
    outer loop
      vertex 37.7234 -62.0499 0
      vertex 37.6904 -61.9009 2.8
      vertex 37.6904 -61.9009 0
    endloop
  endfacet
  facet normal -0.976341 -0.216237 0
    outer loop
      vertex 37.6904 -61.9009 2.8
      vertex 37.7234 -62.0499 0
      vertex 37.7234 -62.0499 2.8
    endloop
  endfacet
  facet normal 0.999038 0.0438634 0
    outer loop
      vertex 34.2567 -62.5064 2.8
      vertex 34.25 -62.3538 0
      vertex 34.25 -62.3538 2.8
    endloop
  endfacet
  facet normal 0.999038 0.0438634 0
    outer loop
      vertex 34.25 -62.3538 0
      vertex 34.2567 -62.5064 2.8
      vertex 34.2567 -62.5064 0
    endloop
  endfacet
  facet normal -0.793427 0.608665 0
    outer loop
      vertex 37.3406 -63.4787 0
      vertex 37.4335 -63.3576 2.8
      vertex 37.4335 -63.3576 0
    endloop
  endfacet
  facet normal -0.793427 0.608665 0
    outer loop
      vertex 37.4335 -63.3576 2.8
      vertex 37.3406 -63.4787 0
      vertex 37.3406 -63.4787 2.8
    endloop
  endfacet
  facet normal 0.300661 -0.953731 0
    outer loop
      vertex 35.4015 -60.7094 0
      vertex 35.5471 -60.6635 2.8
      vertex 35.4015 -60.7094 2.8
    endloop
  endfacet
  facet normal 0.300661 -0.953731 0
    outer loop
      vertex 35.5471 -60.6635 2.8
      vertex 35.4015 -60.7094 0
      vertex 35.5471 -60.6635 0
    endloop
  endfacet
  facet normal 0.991461 0.130404 0
    outer loop
      vertex 34.2766 -62.6577 2.8
      vertex 34.2567 -62.5064 0
      vertex 34.2567 -62.5064 2.8
    endloop
  endfacet
  facet normal 0.991461 0.130404 0
    outer loop
      vertex 34.2567 -62.5064 0
      vertex 34.2766 -62.6577 2.8
      vertex 34.2766 -62.6577 0
    endloop
  endfacet
  facet normal 0.843365 -0.537342 0
    outer loop
      vertex 34.4845 -61.4788 2.8
      vertex 34.5665 -61.3501 0
      vertex 34.5665 -61.3501 2.8
    endloop
  endfacet
  facet normal 0.843365 -0.537342 0
    outer loop
      vertex 34.5665 -61.3501 0
      vertex 34.4845 -61.4788 2.8
      vertex 34.4845 -61.4788 0
    endloop
  endfacet
  facet normal 0.675636 0.737236 -0
    outer loop
      vertex 34.8751 -63.6944 0
      vertex 34.7626 -63.5913 2.8
      vertex 34.8751 -63.6944 2.8
    endloop
  endfacet
  facet normal 0.675636 0.737236 0
    outer loop
      vertex 34.7626 -63.5913 2.8
      vertex 34.8751 -63.6944 0
      vertex 34.7626 -63.5913 0
    endloop
  endfacet
  facet normal -0.88697 0.461827 0
    outer loop
      vertex 37.5155 -63.2288 0
      vertex 37.586 -63.0934 2.8
      vertex 37.586 -63.0934 0
    endloop
  endfacet
  facet normal -0.88697 0.461827 0
    outer loop
      vertex 37.586 -63.0934 2.8
      vertex 37.5155 -63.2288 0
      vertex 37.5155 -63.2288 2.8
    endloop
  endfacet
  facet normal 0.843554 0.537045 0
    outer loop
      vertex 34.5665 -63.3576 2.8
      vertex 34.4845 -63.2288 0
      vertex 34.4845 -63.2288 2.8
    endloop
  endfacet
  facet normal 0.843554 0.537045 0
    outer loop
      vertex 34.4845 -63.2288 0
      vertex 34.5665 -63.3576 2.8
      vertex 34.5665 -63.3576 0
    endloop
  endfacet
  facet normal 0.923657 0.38322 0
    outer loop
      vertex 34.414 -63.0934 2.8
      vertex 34.3555 -62.9524 0
      vertex 34.3555 -62.9524 2.8
    endloop
  endfacet
  facet normal 0.923657 0.38322 0
    outer loop
      vertex 34.3555 -62.9524 0
      vertex 34.414 -63.0934 2.8
      vertex 34.414 -63.0934 0
    endloop
  endfacet
  facet normal 0.0438921 -0.999036 0
    outer loop
      vertex 35.8475 -60.6105 0
      vertex 36 -60.6038 2.8
      vertex 35.8475 -60.6105 2.8
    endloop
  endfacet
  facet normal 0.0438921 -0.999036 0
    outer loop
      vertex 36 -60.6038 2.8
      vertex 35.8475 -60.6105 0
      vertex 36 -60.6038 0
    endloop
  endfacet
  facet normal 0.737208 0.675665 0
    outer loop
      vertex 34.7626 -63.5913 2.8
      vertex 34.6594 -63.4787 0
      vertex 34.6594 -63.4787 2.8
    endloop
  endfacet
  facet normal 0.737208 0.675665 0
    outer loop
      vertex 34.6594 -63.4787 0
      vertex 34.7626 -63.5913 2.8
      vertex 34.7626 -63.5913 0
    endloop
  endfacet
  facet normal -0.999038 0.0438634 0
    outer loop
      vertex 37.7433 -62.5064 0
      vertex 37.75 -62.3538 2.8
      vertex 37.75 -62.3538 0
    endloop
  endfacet
  facet normal -0.999038 0.0438634 0
    outer loop
      vertex 37.75 -62.3538 2.8
      vertex 37.7433 -62.5064 0
      vertex 37.7433 -62.5064 2.8
    endloop
  endfacet
  facet normal 0.953731 -0.300661 0
    outer loop
      vertex 34.3096 -61.9009 2.8
      vertex 34.3555 -61.7553 0
      vertex 34.3555 -61.7553 2.8
    endloop
  endfacet
  facet normal 0.953731 -0.300661 0
    outer loop
      vertex 34.3555 -61.7553 0
      vertex 34.3096 -61.9009 2.8
      vertex 34.3096 -61.9009 0
    endloop
  endfacet
  facet normal -0.843554 0.537045 0
    outer loop
      vertex 37.4335 -63.3576 0
      vertex 37.5155 -63.2288 2.8
      vertex 37.5155 -63.2288 0
    endloop
  endfacet
  facet normal -0.843554 0.537045 0
    outer loop
      vertex 37.5155 -63.2288 2.8
      vertex 37.4335 -63.3576 0
      vertex 37.4335 -63.3576 2.8
    endloop
  endfacet
  facet normal 0.382429 0.923985 -0
    outer loop
      vertex 35.4015 -63.9983 0
      vertex 35.2604 -63.9399 2.8
      vertex 35.4015 -63.9983 2.8
    endloop
  endfacet
  facet normal 0.382429 0.923985 0
    outer loop
      vertex 35.2604 -63.9399 2.8
      vertex 35.4015 -63.9983 0
      vertex 35.2604 -63.9399 0
    endloop
  endfacet
  facet normal -0.675636 0.737236 0
    outer loop
      vertex 37.2374 -63.5913 0
      vertex 37.1249 -63.6944 2.8
      vertex 37.2374 -63.5913 2.8
    endloop
  endfacet
  facet normal -0.675636 0.737236 0
    outer loop
      vertex 37.1249 -63.6944 2.8
      vertex 37.2374 -63.5913 0
      vertex 37.1249 -63.6944 0
    endloop
  endfacet
  facet normal 0.976372 0.216098 0
    outer loop
      vertex 34.3096 -62.8068 2.8
      vertex 34.2766 -62.6577 0
      vertex 34.2766 -62.6577 2.8
    endloop
  endfacet
  facet normal 0.976372 0.216098 0
    outer loop
      vertex 34.2766 -62.6577 0
      vertex 34.3096 -62.8068 2.8
      vertex 34.3096 -62.8068 0
    endloop
  endfacet
  facet normal -0.976372 0.216098 0
    outer loop
      vertex 37.6904 -62.8068 0
      vertex 37.7234 -62.6577 2.8
      vertex 37.7234 -62.6577 0
    endloop
  endfacet
  facet normal -0.976372 0.216098 0
    outer loop
      vertex 37.7234 -62.6577 2.8
      vertex 37.6904 -62.8068 0
      vertex 37.6904 -62.8068 2.8
    endloop
  endfacet
  facet normal -0.461827 0.88697 0
    outer loop
      vertex 36.875 -63.8694 0
      vertex 36.7396 -63.9399 2.8
      vertex 36.875 -63.8694 2.8
    endloop
  endfacet
  facet normal -0.461827 0.88697 0
    outer loop
      vertex 36.7396 -63.9399 2.8
      vertex 36.875 -63.8694 0
      vertex 36.7396 -63.9399 0
    endloop
  endfacet
  facet normal 0.976341 -0.216237 0
    outer loop
      vertex 34.2766 -62.0499 2.8
      vertex 34.3096 -61.9009 0
      vertex 34.3096 -61.9009 2.8
    endloop
  endfacet
  facet normal 0.976341 -0.216237 0
    outer loop
      vertex 34.3096 -61.9009 0
      vertex 34.2766 -62.0499 2.8
      vertex 34.2766 -62.0499 0
    endloop
  endfacet
  facet normal -0.608665 0.793427 0
    outer loop
      vertex 37.1249 -63.6944 0
      vertex 37.0038 -63.7873 2.8
      vertex 37.1249 -63.6944 2.8
    endloop
  endfacet
  facet normal -0.608665 0.793427 0
    outer loop
      vertex 37.0038 -63.7873 2.8
      vertex 37.1249 -63.6944 0
      vertex 37.0038 -63.7873 0
    endloop
  endfacet
  facet normal 0.737208 -0.675665 0
    outer loop
      vertex 34.6594 -61.229 2.8
      vertex 34.7626 -61.1164 0
      vertex 34.7626 -61.1164 2.8
    endloop
  endfacet
  facet normal 0.737208 -0.675665 0
    outer loop
      vertex 34.7626 -61.1164 0
      vertex 34.6594 -61.229 2.8
      vertex 34.6594 -61.229 0
    endloop
  endfacet
  facet normal -0.300661 0.953731 0
    outer loop
      vertex 36.5985 -63.9983 0
      vertex 36.4529 -64.0442 2.8
      vertex 36.5985 -63.9983 2.8
    endloop
  endfacet
  facet normal -0.300661 0.953731 0
    outer loop
      vertex 36.4529 -64.0442 2.8
      vertex 36.5985 -63.9983 0
      vertex 36.4529 -64.0442 0
    endloop
  endfacet
  facet normal -0.216861 -0.976202 0
    outer loop
      vertex 36.3039 -60.6304 0
      vertex 36.4529 -60.6635 2.8
      vertex 36.3039 -60.6304 2.8
    endloop
  endfacet
  facet normal -0.216861 -0.976202 -0
    outer loop
      vertex 36.4529 -60.6635 2.8
      vertex 36.3039 -60.6304 0
      vertex 36.4529 -60.6635 0
    endloop
  endfacet
  facet normal -0.130963 0.991387 0
    outer loop
      vertex 36.3039 -64.0772 0
      vertex 36.1525 -64.0972 2.8
      vertex 36.3039 -64.0772 2.8
    endloop
  endfacet
  facet normal -0.130963 0.991387 0
    outer loop
      vertex 36.1525 -64.0972 2.8
      vertex 36.3039 -64.0772 0
      vertex 36.1525 -64.0972 0
    endloop
  endfacet
  facet normal -0.216237 0.976341 0
    outer loop
      vertex 36.4529 -64.0442 0
      vertex 36.3039 -64.0772 2.8
      vertex 36.4529 -64.0442 2.8
    endloop
  endfacet
  facet normal -0.216237 0.976341 0
    outer loop
      vertex 36.3039 -64.0772 2.8
      vertex 36.4529 -64.0442 0
      vertex 36.3039 -64.0772 0
    endloop
  endfacet
  facet normal -0.0432382 0.999065 0
    outer loop
      vertex 36.1525 -64.0972 0
      vertex 36 -64.1038 2.8
      vertex 36.1525 -64.0972 2.8
    endloop
  endfacet
  facet normal -0.0432382 0.999065 0
    outer loop
      vertex 36 -64.1038 2.8
      vertex 36.1525 -64.0972 0
      vertex 36 -64.1038 0
    endloop
  endfacet
  facet normal 0.88697 -0.461827 0
    outer loop
      vertex 34.414 -61.6142 2.8
      vertex 34.4845 -61.4788 0
      vertex 34.4845 -61.4788 2.8
    endloop
  endfacet
  facet normal 0.88697 -0.461827 0
    outer loop
      vertex 34.4845 -61.4788 0
      vertex 34.414 -61.6142 2.8
      vertex 34.414 -61.6142 0
    endloop
  endfacet
  facet normal -0.537045 -0.843554 0
    outer loop
      vertex 36.875 -60.8383 0
      vertex 37.0038 -60.9203 2.8
      vertex 36.875 -60.8383 2.8
    endloop
  endfacet
  facet normal -0.537045 -0.843554 -0
    outer loop
      vertex 37.0038 -60.9203 2.8
      vertex 36.875 -60.8383 0
      vertex 37.0038 -60.9203 0
    endloop
  endfacet
  facet normal -0.130319 -0.991472 0
    outer loop
      vertex 36.1525 -60.6105 0
      vertex 36.3039 -60.6304 2.8
      vertex 36.1525 -60.6105 2.8
    endloop
  endfacet
  facet normal -0.130319 -0.991472 -0
    outer loop
      vertex 36.3039 -60.6304 2.8
      vertex 36.1525 -60.6105 0
      vertex 36.3039 -60.6304 0
    endloop
  endfacet
  facet normal 0.991472 -0.130319 0
    outer loop
      vertex 34.2567 -62.2013 2.8
      vertex 34.2766 -62.0499 0
      vertex 34.2766 -62.0499 2.8
    endloop
  endfacet
  facet normal 0.991472 -0.130319 0
    outer loop
      vertex 34.2766 -62.0499 0
      vertex 34.2567 -62.2013 2.8
      vertex 34.2567 -62.2013 0
    endloop
  endfacet
  facet normal 0.793427 0.608665 0
    outer loop
      vertex 34.6594 -63.4787 2.8
      vertex 34.5665 -63.3576 0
      vertex 34.5665 -63.3576 2.8
    endloop
  endfacet
  facet normal 0.793427 0.608665 0
    outer loop
      vertex 34.5665 -63.3576 0
      vertex 34.6594 -63.4787 2.8
      vertex 34.6594 -63.4787 0
    endloop
  endfacet
  facet normal -0.537511 0.843257 0
    outer loop
      vertex 37.0038 -63.7873 0
      vertex 36.875 -63.8694 2.8
      vertex 37.0038 -63.7873 2.8
    endloop
  endfacet
  facet normal -0.537511 0.843257 0
    outer loop
      vertex 36.875 -63.8694 2.8
      vertex 37.0038 -63.7873 0
      vertex 36.875 -63.8694 0
    endloop
  endfacet
  facet normal -0.737208 0.675665 0
    outer loop
      vertex 37.2374 -63.5913 0
      vertex 37.3406 -63.4787 2.8
      vertex 37.3406 -63.4787 0
    endloop
  endfacet
  facet normal -0.737208 0.675665 0
    outer loop
      vertex 37.3406 -63.4787 2.8
      vertex 37.2374 -63.5913 0
      vertex 37.2374 -63.5913 2.8
    endloop
  endfacet
  facet normal -0.300661 -0.953731 0
    outer loop
      vertex 36.4529 -60.6635 0
      vertex 36.5985 -60.7094 2.8
      vertex 36.4529 -60.6635 2.8
    endloop
  endfacet
  facet normal -0.300661 -0.953731 -0
    outer loop
      vertex 36.5985 -60.7094 2.8
      vertex 36.4529 -60.6635 0
      vertex 36.5985 -60.7094 0
    endloop
  endfacet
  facet normal -0.923753 -0.382988 0
    outer loop
      vertex 37.6445 -61.7553 0
      vertex 37.586 -61.6142 2.8
      vertex 37.586 -61.6142 0
    endloop
  endfacet
  facet normal -0.923753 -0.382988 0
    outer loop
      vertex 37.586 -61.6142 2.8
      vertex 37.6445 -61.7553 0
      vertex 37.6445 -61.7553 2.8
    endloop
  endfacet
  facet normal 0.923753 -0.382988 0
    outer loop
      vertex 34.3555 -61.7553 2.8
      vertex 34.414 -61.6142 0
      vertex 34.414 -61.6142 2.8
    endloop
  endfacet
  facet normal 0.923753 -0.382988 0
    outer loop
      vertex 34.414 -61.6142 0
      vertex 34.3555 -61.7553 2.8
      vertex 34.3555 -61.7553 0
    endloop
  endfacet
  facet normal 0.300661 0.953731 -0
    outer loop
      vertex 35.5471 -64.0442 0
      vertex 35.4015 -63.9983 2.8
      vertex 35.5471 -64.0442 2.8
    endloop
  endfacet
  facet normal 0.300661 0.953731 0
    outer loop
      vertex 35.4015 -63.9983 2.8
      vertex 35.5471 -64.0442 0
      vertex 35.4015 -63.9983 0
    endloop
  endfacet
  facet normal -0.843365 -0.537342 0
    outer loop
      vertex 37.5155 -61.4788 0
      vertex 37.4335 -61.3501 2.8
      vertex 37.4335 -61.3501 0
    endloop
  endfacet
  facet normal -0.843365 -0.537342 0
    outer loop
      vertex 37.4335 -61.3501 2.8
      vertex 37.5155 -61.4788 0
      vertex 37.5155 -61.4788 2.8
    endloop
  endfacet
  facet normal -0.382429 -0.923985 0
    outer loop
      vertex 36.5985 -60.7094 0
      vertex 36.7396 -60.7678 2.8
      vertex 36.5985 -60.7094 2.8
    endloop
  endfacet
  facet normal -0.382429 -0.923985 -0
    outer loop
      vertex 36.7396 -60.7678 2.8
      vertex 36.5985 -60.7094 0
      vertex 36.7396 -60.7678 0
    endloop
  endfacet
  facet normal 0.130963 0.991387 -0
    outer loop
      vertex 35.8475 -64.0972 0
      vertex 35.6961 -64.0772 2.8
      vertex 35.8475 -64.0972 2.8
    endloop
  endfacet
  facet normal 0.130963 0.991387 0
    outer loop
      vertex 35.6961 -64.0772 2.8
      vertex 35.8475 -64.0972 0
      vertex 35.6961 -64.0772 0
    endloop
  endfacet
  facet normal 0.382429 -0.923985 0
    outer loop
      vertex 35.2604 -60.7678 0
      vertex 35.4015 -60.7094 2.8
      vertex 35.2604 -60.7678 2.8
    endloop
  endfacet
  facet normal 0.382429 -0.923985 0
    outer loop
      vertex 35.4015 -60.7094 2.8
      vertex 35.2604 -60.7678 0
      vertex 35.4015 -60.7094 0
    endloop
  endfacet
  facet normal 0.675636 -0.737236 0
    outer loop
      vertex 34.7626 -61.1164 0
      vertex 34.8751 -61.0133 2.8
      vertex 34.7626 -61.1164 2.8
    endloop
  endfacet
  facet normal 0.675636 -0.737236 0
    outer loop
      vertex 34.8751 -61.0133 2.8
      vertex 34.7626 -61.1164 0
      vertex 34.8751 -61.0133 0
    endloop
  endfacet
  facet normal 0.953731 0.300661 0
    outer loop
      vertex 34.3555 -62.9524 2.8
      vertex 34.3096 -62.8068 0
      vertex 34.3096 -62.8068 2.8
    endloop
  endfacet
  facet normal 0.953731 0.300661 0
    outer loop
      vertex 34.3096 -62.8068 0
      vertex 34.3555 -62.9524 2.8
      vertex 34.3555 -62.9524 0
    endloop
  endfacet
  facet normal -0.953731 -0.300661 0
    outer loop
      vertex 37.6904 -61.9009 0
      vertex 37.6445 -61.7553 2.8
      vertex 37.6445 -61.7553 0
    endloop
  endfacet
  facet normal -0.953731 -0.300661 0
    outer loop
      vertex 37.6445 -61.7553 2.8
      vertex 37.6904 -61.9009 0
      vertex 37.6904 -61.9009 2.8
    endloop
  endfacet
  facet normal -0.88697 -0.461827 0
    outer loop
      vertex 37.586 -61.6142 0
      vertex 37.5155 -61.4788 2.8
      vertex 37.5155 -61.4788 0
    endloop
  endfacet
  facet normal -0.88697 -0.461827 0
    outer loop
      vertex 37.5155 -61.4788 2.8
      vertex 37.586 -61.6142 0
      vertex 37.586 -61.6142 2.8
    endloop
  endfacet
  facet normal 0.216861 -0.976202 0
    outer loop
      vertex 35.5471 -60.6635 0
      vertex 35.6961 -60.6304 2.8
      vertex 35.5471 -60.6635 2.8
    endloop
  endfacet
  facet normal 0.216861 -0.976202 0
    outer loop
      vertex 35.6961 -60.6304 2.8
      vertex 35.5471 -60.6635 0
      vertex 35.6961 -60.6304 0
    endloop
  endfacet
  facet normal 0.461827 -0.88697 0
    outer loop
      vertex 35.125 -60.8383 0
      vertex 35.2604 -60.7678 2.8
      vertex 35.125 -60.8383 2.8
    endloop
  endfacet
  facet normal 0.461827 -0.88697 0
    outer loop
      vertex 35.2604 -60.7678 2.8
      vertex 35.125 -60.8383 0
      vertex 35.2604 -60.7678 0
    endloop
  endfacet
  facet normal 0.0432382 0.999065 -0
    outer loop
      vertex 36 -64.1038 0
      vertex 35.8475 -64.0972 2.8
      vertex 36 -64.1038 2.8
    endloop
  endfacet
  facet normal 0.0432382 0.999065 0
    outer loop
      vertex 35.8475 -64.0972 2.8
      vertex 36 -64.1038 0
      vertex 35.8475 -64.0972 0
    endloop
  endfacet
  facet normal -0.923657 0.38322 0
    outer loop
      vertex 37.586 -63.0934 0
      vertex 37.6445 -62.9524 2.8
      vertex 37.6445 -62.9524 0
    endloop
  endfacet
  facet normal -0.923657 0.38322 0
    outer loop
      vertex 37.6445 -62.9524 2.8
      vertex 37.586 -63.0934 0
      vertex 37.586 -63.0934 2.8
    endloop
  endfacet
  facet normal -0.953731 0.300661 0
    outer loop
      vertex 37.6445 -62.9524 0
      vertex 37.6904 -62.8068 2.8
      vertex 37.6904 -62.8068 0
    endloop
  endfacet
  facet normal -0.953731 0.300661 0
    outer loop
      vertex 37.6904 -62.8068 2.8
      vertex 37.6445 -62.9524 0
      vertex 37.6445 -62.9524 2.8
    endloop
  endfacet
  facet normal -0.382429 0.923985 0
    outer loop
      vertex 36.7396 -63.9399 0
      vertex 36.5985 -63.9983 2.8
      vertex 36.7396 -63.9399 2.8
    endloop
  endfacet
  facet normal -0.382429 0.923985 0
    outer loop
      vertex 36.5985 -63.9983 2.8
      vertex 36.7396 -63.9399 0
      vertex 36.5985 -63.9983 0
    endloop
  endfacet
  facet normal 0.130319 -0.991472 0
    outer loop
      vertex 35.6961 -60.6304 0
      vertex 35.8475 -60.6105 2.8
      vertex 35.6961 -60.6304 2.8
    endloop
  endfacet
  facet normal 0.130319 -0.991472 0
    outer loop
      vertex 35.8475 -60.6105 2.8
      vertex 35.6961 -60.6304 0
      vertex 35.8475 -60.6105 0
    endloop
  endfacet
  facet normal 0.793427 -0.608665 0
    outer loop
      vertex 34.5665 -61.3501 2.8
      vertex 34.6594 -61.229 0
      vertex 34.6594 -61.229 2.8
    endloop
  endfacet
  facet normal 0.793427 -0.608665 0
    outer loop
      vertex 34.6594 -61.229 0
      vertex 34.5665 -61.3501 2.8
      vertex 34.5665 -61.3501 0
    endloop
  endfacet
  facet normal -0.991461 0.130404 0
    outer loop
      vertex 37.7234 -62.6577 0
      vertex 37.7433 -62.5064 2.8
      vertex 37.7433 -62.5064 0
    endloop
  endfacet
  facet normal -0.991461 0.130404 0
    outer loop
      vertex 37.7433 -62.5064 2.8
      vertex 37.7234 -62.6577 0
      vertex 37.7234 -62.6577 2.8
    endloop
  endfacet
  facet normal 0.537511 0.843257 -0
    outer loop
      vertex 35.125 -63.8694 0
      vertex 34.9962 -63.7873 2.8
      vertex 35.125 -63.8694 2.8
    endloop
  endfacet
  facet normal 0.537511 0.843257 0
    outer loop
      vertex 34.9962 -63.7873 2.8
      vertex 35.125 -63.8694 0
      vertex 34.9962 -63.7873 0
    endloop
  endfacet
  facet normal -0.0438921 -0.999036 0
    outer loop
      vertex 36 -60.6038 0
      vertex 36.1525 -60.6105 2.8
      vertex 36 -60.6038 2.8
    endloop
  endfacet
  facet normal -0.0438921 -0.999036 -0
    outer loop
      vertex 36.1525 -60.6105 2.8
      vertex 36 -60.6038 0
      vertex 36.1525 -60.6105 0
    endloop
  endfacet
  facet normal -0.793427 -0.608665 0
    outer loop
      vertex 37.4335 -61.3501 0
      vertex 37.3406 -61.229 2.8
      vertex 37.3406 -61.229 0
    endloop
  endfacet
  facet normal -0.793427 -0.608665 0
    outer loop
      vertex 37.3406 -61.229 2.8
      vertex 37.4335 -61.3501 0
      vertex 37.4335 -61.3501 2.8
    endloop
  endfacet
  facet normal 0.608665 0.793427 -0
    outer loop
      vertex 34.9962 -63.7873 0
      vertex 34.8751 -63.6944 2.8
      vertex 34.9962 -63.7873 2.8
    endloop
  endfacet
  facet normal 0.608665 0.793427 0
    outer loop
      vertex 34.8751 -63.6944 2.8
      vertex 34.9962 -63.7873 0
      vertex 34.8751 -63.6944 0
    endloop
  endfacet
  facet normal 0.609078 -0.793111 0
    outer loop
      vertex 34.8751 -61.0133 0
      vertex 34.9962 -60.9203 2.8
      vertex 34.8751 -61.0133 2.8
    endloop
  endfacet
  facet normal 0.609078 -0.793111 0
    outer loop
      vertex 34.9962 -60.9203 2.8
      vertex 34.8751 -61.0133 0
      vertex 34.9962 -60.9203 0
    endloop
  endfacet
  facet normal 0.216237 0.976341 -0
    outer loop
      vertex 35.6961 -64.0772 0
      vertex 35.5471 -64.0442 2.8
      vertex 35.6961 -64.0772 2.8
    endloop
  endfacet
  facet normal 0.216237 0.976341 0
    outer loop
      vertex 35.5471 -64.0442 2.8
      vertex 35.6961 -64.0772 0
      vertex 35.5471 -64.0442 0
    endloop
  endfacet
  facet normal 0.88697 0.461827 0
    outer loop
      vertex 34.4845 -63.2288 2.8
      vertex 34.414 -63.0934 0
      vertex 34.414 -63.0934 2.8
    endloop
  endfacet
  facet normal 0.88697 0.461827 0
    outer loop
      vertex 34.414 -63.0934 0
      vertex 34.4845 -63.2288 2.8
      vertex 34.4845 -63.2288 0
    endloop
  endfacet
  facet normal -0.675636 -0.737236 0
    outer loop
      vertex 37.1249 -61.0133 0
      vertex 37.2374 -61.1164 2.8
      vertex 37.1249 -61.0133 2.8
    endloop
  endfacet
  facet normal -0.675636 -0.737236 -0
    outer loop
      vertex 37.2374 -61.1164 2.8
      vertex 37.1249 -61.0133 0
      vertex 37.2374 -61.1164 0
    endloop
  endfacet
  facet normal -0.737208 -0.675665 0
    outer loop
      vertex 37.3406 -61.229 0
      vertex 37.2374 -61.1164 2.8
      vertex 37.2374 -61.1164 0
    endloop
  endfacet
  facet normal -0.737208 -0.675665 0
    outer loop
      vertex 37.2374 -61.1164 2.8
      vertex 37.3406 -61.229 0
      vertex 37.3406 -61.229 2.8
    endloop
  endfacet
  facet normal 0.999036 -0.0438921 0
    outer loop
      vertex 34.25 -62.3538 2.8
      vertex 34.2567 -62.2013 0
      vertex 34.2567 -62.2013 2.8
    endloop
  endfacet
  facet normal 0.999036 -0.0438921 0
    outer loop
      vertex 34.2567 -62.2013 0
      vertex 34.25 -62.3538 2.8
      vertex 34.25 -62.3538 0
    endloop
  endfacet
  facet normal 0.461827 0.88697 -0
    outer loop
      vertex 35.2604 -63.9399 0
      vertex 35.125 -63.8694 2.8
      vertex 35.2604 -63.9399 2.8
    endloop
  endfacet
  facet normal 0.461827 0.88697 0
    outer loop
      vertex 35.125 -63.8694 2.8
      vertex 35.2604 -63.9399 0
      vertex 35.125 -63.8694 0
    endloop
  endfacet
  facet normal 0.537045 -0.843554 0
    outer loop
      vertex 34.9962 -60.9203 0
      vertex 35.125 -60.8383 2.8
      vertex 34.9962 -60.9203 2.8
    endloop
  endfacet
  facet normal 0.537045 -0.843554 0
    outer loop
      vertex 35.125 -60.8383 2.8
      vertex 34.9962 -60.9203 0
      vertex 35.125 -60.8383 0
    endloop
  endfacet
  facet normal 0.991445 0.130528 0
    outer loop
      vertex 77.7032 6.79815 2.8
      vertex 76.815 13.5446 0
      vertex 76.815 13.5446 2.8
    endloop
  endfacet
  facet normal 0.991445 0.130528 0
    outer loop
      vertex 76.815 13.5446 0
      vertex 77.7032 6.79815 2.8
      vertex 77.7032 6.79815 0
    endloop
  endfacet
  facet normal 0.999048 0.0436174 0
    outer loop
      vertex 78 0 2.8
      vertex 77.7032 6.79815 0
      vertex 77.7032 6.79815 2.8
    endloop
  endfacet
  facet normal 0.999048 0.0436174 0
    outer loop
      vertex 77.7032 6.79815 0
      vertex 78 0 2.8
      vertex 78 0 0
    endloop
  endfacet
  facet normal 0.976296 0.216442 0
    outer loop
      vertex 76.815 13.5446 2.8
      vertex 75.3422 20.1879 0
      vertex 75.3422 20.1879 2.8
    endloop
  endfacet
  facet normal 0.976296 0.216442 0
    outer loop
      vertex 75.3422 20.1879 0
      vertex 76.815 13.5446 2.8
      vertex 76.815 13.5446 0
    endloop
  endfacet
  facet normal 0.608767 0.793349 -0
    outer loop
      vertex 50.1374 59.7515 0
      vertex 44.739 63.8939 2.8
      vertex 50.1374 59.7515 2.8
    endloop
  endfacet
  facet normal 0.608767 0.793349 0
    outer loop
      vertex 44.739 63.8939 2.8
      vertex 50.1374 59.7515 0
      vertex 44.739 63.8939 0
    endloop
  endfacet
  facet normal -0.793349 -0.608767 0
    outer loop
      vertex -59.7515 -50.1374 0
      vertex -63.8939 -44.739 2.8
      vertex -63.8939 -44.739 0
    endloop
  endfacet
  facet normal -0.793349 -0.608767 0
    outer loop
      vertex -63.8939 -44.739 2.8
      vertex -59.7515 -50.1374 0
      vertex -59.7515 -50.1374 2.8
    endloop
  endfacet
  facet normal -0.130528 -0.991445 0
    outer loop
      vertex -13.5446 -76.815 0
      vertex -6.79815 -77.7032 2.8
      vertex -13.5446 -76.815 2.8
    endloop
  endfacet
  facet normal -0.130528 -0.991445 -0
    outer loop
      vertex -6.79815 -77.7032 2.8
      vertex -13.5446 -76.815 0
      vertex -6.79815 -77.7032 0
    endloop
  endfacet
  facet normal 0.737273 0.675595 0
    outer loop
      vertex 59.7515 50.1374 2.8
      vertex 55.1543 55.1543 0
      vertex 55.1543 55.1543 2.8
    endloop
  endfacet
  facet normal 0.737273 0.675595 0
    outer loop
      vertex 55.1543 55.1543 0
      vertex 59.7515 50.1374 2.8
      vertex 59.7515 50.1374 0
    endloop
  endfacet
  facet normal -0.976296 0.216442 0
    outer loop
      vertex -76.815 13.5446 0
      vertex -75.3422 20.1879 2.8
      vertex -75.3422 20.1879 0
    endloop
  endfacet
  facet normal -0.976296 0.216442 0
    outer loop
      vertex -75.3422 20.1879 2.8
      vertex -76.815 13.5446 0
      vertex -76.815 13.5446 2.8
    endloop
  endfacet
  facet normal -0.537295 0.843395 0
    outer loop
      vertex -39 67.55 0
      vertex -44.739 63.8939 2.8
      vertex -39 67.55 2.8
    endloop
  endfacet
  facet normal -0.537295 0.843395 0
    outer loop
      vertex -44.739 63.8939 2.8
      vertex -39 67.55 0
      vertex -44.739 63.8939 0
    endloop
  endfacet
  facet normal -0.216442 0.976296 0
    outer loop
      vertex -13.5446 76.815 0
      vertex -20.1879 75.3422 2.8
      vertex -13.5446 76.815 2.8
    endloop
  endfacet
  facet normal -0.216442 0.976296 0
    outer loop
      vertex -20.1879 75.3422 2.8
      vertex -13.5446 76.815 0
      vertex -20.1879 75.3422 0
    endloop
  endfacet
  facet normal 0.130528 -0.991445 0
    outer loop
      vertex 6.79815 -77.7032 0
      vertex 13.5446 -76.815 2.8
      vertex 6.79815 -77.7032 2.8
    endloop
  endfacet
  facet normal 0.130528 -0.991445 0
    outer loop
      vertex 13.5446 -76.815 2.8
      vertex 6.79815 -77.7032 0
      vertex 13.5446 -76.815 0
    endloop
  endfacet
  facet normal 0.999048 -0.0436174 0
    outer loop
      vertex 77.7032 -6.79815 2.8
      vertex 78 0 0
      vertex 78 0 2.8
    endloop
  endfacet
  facet normal 0.999048 -0.0436174 0
    outer loop
      vertex 78 0 0
      vertex 77.7032 -6.79815 2.8
      vertex 77.7032 -6.79815 0
    endloop
  endfacet
  facet normal 0.843395 -0.537295 0
    outer loop
      vertex 63.8939 -44.739 2.8
      vertex 67.55 -39 0
      vertex 67.55 -39 2.8
    endloop
  endfacet
  facet normal 0.843395 -0.537295 0
    outer loop
      vertex 67.55 -39 0
      vertex 63.8939 -44.739 2.8
      vertex 63.8939 -44.739 0
    endloop
  endfacet
  facet normal 0.608767 -0.793349 0
    outer loop
      vertex 44.739 -63.8939 0
      vertex 50.1374 -59.7515 2.8
      vertex 44.739 -63.8939 2.8
    endloop
  endfacet
  facet normal 0.608767 -0.793349 0
    outer loop
      vertex 50.1374 -59.7515 2.8
      vertex 44.739 -63.8939 0
      vertex 50.1374 -59.7515 0
    endloop
  endfacet
  facet normal 0.675595 0.737273 -0
    outer loop
      vertex 55.1543 55.1543 0
      vertex 50.1374 59.7515 2.8
      vertex 55.1543 55.1543 2.8
    endloop
  endfacet
  facet normal 0.675595 0.737273 0
    outer loop
      vertex 50.1374 59.7515 2.8
      vertex 55.1543 55.1543 0
      vertex 50.1374 59.7515 0
    endloop
  endfacet
  facet normal -0.608767 0.793349 0
    outer loop
      vertex -44.739 63.8939 0
      vertex -50.1374 59.7515 2.8
      vertex -44.739 63.8939 2.8
    endloop
  endfacet
  facet normal -0.608767 0.793349 0
    outer loop
      vertex -50.1374 59.7515 2.8
      vertex -44.739 63.8939 0
      vertex -50.1374 59.7515 0
    endloop
  endfacet
  facet normal -0.953717 -0.300707 0
    outer loop
      vertex -73.296 -26.6776 0
      vertex -75.3422 -20.1879 2.8
      vertex -75.3422 -20.1879 0
    endloop
  endfacet
  facet normal -0.953717 -0.300707 0
    outer loop
      vertex -75.3422 -20.1879 2.8
      vertex -73.296 -26.6776 0
      vertex -73.296 -26.6776 2.8
    endloop
  endfacet
  facet normal 0.737273 -0.675595 0
    outer loop
      vertex 55.1543 -55.1543 2.8
      vertex 59.7515 -50.1374 0
      vertex 59.7515 -50.1374 2.8
    endloop
  endfacet
  facet normal 0.737273 -0.675595 0
    outer loop
      vertex 59.7515 -50.1374 0
      vertex 55.1543 -55.1543 2.8
      vertex 55.1543 -55.1543 0
    endloop
  endfacet
  facet normal 0.843395 0.537295 0
    outer loop
      vertex 67.55 39 2.8
      vertex 63.8939 44.739 0
      vertex 63.8939 44.739 2.8
    endloop
  endfacet
  facet normal 0.843395 0.537295 0
    outer loop
      vertex 63.8939 44.739 0
      vertex 67.55 39 2.8
      vertex 67.55 39 0
    endloop
  endfacet
  facet normal -0.843395 -0.537295 0
    outer loop
      vertex -63.8939 -44.739 0
      vertex -67.55 -39 2.8
      vertex -67.55 -39 0
    endloop
  endfacet
  facet normal -0.843395 -0.537295 0
    outer loop
      vertex -67.55 -39 2.8
      vertex -63.8939 -44.739 0
      vertex -63.8939 -44.739 2.8
    endloop
  endfacet
  facet normal 0 0 -1
    outer loop
      vertex -65.1265 -15.523 0
      vertex -65.4705 -13.9697 0
      vertex -65.0953 -15.5328 0
    endloop
  endfacet
  facet normal 0 0 -1
    outer loop
      vertex -65.3096 -15.4824 0
      vertex -65.4705 -13.9697 0
      vertex -65.1265 -15.523 0
    endloop
  endfacet
  facet normal 0 0 -1
    outer loop
      vertex -65.4956 -15.4579 0
      vertex -65.4705 -13.9697 0
      vertex -65.3096 -15.4824 0
    endloop
  endfacet
  facet normal 0 0 -1
    outer loop
      vertex -65.683 -15.4497 0
      vertex -65.4705 -13.9697 0
      vertex -65.4956 -15.4579 0
    endloop
  endfacet
  facet normal 0 0 -1
    outer loop
      vertex -65.8703 -15.4579 0
      vertex -65.4705 -13.9697 0
      vertex -65.683 -15.4497 0
    endloop
  endfacet
  facet normal 0 0 -1
    outer loop
      vertex -66.0563 -15.4824 0
      vertex -65.4705 -13.9697 0
      vertex -65.8703 -15.4579 0
    endloop
  endfacet
  facet normal 0 0 -1
    outer loop
      vertex -66.2394 -15.523 0
      vertex -65.4705 -13.9697 0
      vertex -66.0563 -15.4824 0
    endloop
  endfacet
  facet normal 0 0 -1
    outer loop
      vertex -66.4183 -15.5794 0
      vertex -65.4705 -13.9697 0
      vertex -66.2394 -15.523 0
    endloop
  endfacet
  facet normal -0 0 -1
    outer loop
      vertex -65.4705 -13.9697 0
      vertex -66.4183 -15.5794 0
      vertex -65.4923 -13.8673 0
    endloop
  endfacet
  facet normal 0 0 -1
    outer loop
      vertex -66.5916 -15.6511 0
      vertex -65.4923 -13.8673 0
      vertex -66.4183 -15.5794 0
    endloop
  endfacet
  facet normal 0 0 -1
    outer loop
      vertex -66.758 -15.7377 0
      vertex -65.4923 -13.8673 0
      vertex -66.5916 -15.6511 0
    endloop
  endfacet
  facet normal 0 0 -1
    outer loop
      vertex -66.9161 -15.8385 0
      vertex -65.4923 -13.8673 0
      vertex -66.758 -15.7377 0
    endloop
  endfacet
  facet normal -0 0 -1
    outer loop
      vertex -65.4923 -13.8673 0
      vertex -66.9161 -15.8385 0
      vertex -66.1119 -10.5241 0
    endloop
  endfacet
  facet normal 0 0 -1
    outer loop
      vertex -67.0649 -15.9527 0
      vertex -66.1119 -10.5241 0
      vertex -66.9161 -15.8385 0
    endloop
  endfacet
  facet normal 0 0 -1
    outer loop
      vertex -67.2032 -16.0794 0
      vertex -66.1119 -10.5241 0
      vertex -67.0649 -15.9527 0
    endloop
  endfacet
  facet normal 0 0 -1
    outer loop
      vertex -76.815 -13.5446 0
      vertex -66.1119 -10.5241 0
      vertex -67.2032 -16.0794 0
    endloop
  endfacet
  facet normal -0 0 -1
    outer loop
      vertex -66.1283 -10.4207 0
      vertex -76.815 -13.5446 0
      vertex -66.5721 -7.04964 0
    endloop
  endfacet
  facet normal 0 0 -1
    outer loop
      vertex -66.5721 -7.04964 0
      vertex -77.7032 -6.79815 0
      vertex -66.5831 -6.94551 0
    endloop
  endfacet
  facet normal 0 0 -1
    outer loop
      vertex -77.7032 -6.79815 0
      vertex -66.5721 -7.04964 0
      vertex -76.815 -13.5446 0
    endloop
  endfacet
  facet normal 0 -0 -1
    outer loop
      vertex -70.8751 -1.34058 0
      vertex -66.8553 -3.45131 0
      vertex -70.9962 -1.43352 0
    endloop
  endfacet
  facet normal 0 -0 -1
    outer loop
      vertex -72 -1.75 0
      vertex -66.5831 -6.94551 0
      vertex -77.7032 -6.79815 0
    endloop
  endfacet
  facet normal 0 0 -1
    outer loop
      vertex -30.3454 59.6716 0
      vertex -34.2567 62.2013 0
      vertex -34.25 62.3538 0
    endloop
  endfacet
  facet normal 0 0 -1
    outer loop
      vertex -33.4268 58.0016 0
      vertex -34.2766 62.0499 0
      vertex -34.2567 62.2013 0
    endloop
  endfacet
  facet normal 0 0 -1
    outer loop
      vertex -33.4268 58.0016 0
      vertex -34.3096 61.9009 0
      vertex -34.2766 62.0499 0
    endloop
  endfacet
  facet normal 0 0 -1
    outer loop
      vertex -33.4268 58.0016 0
      vertex -34.3555 61.7553 0
      vertex -34.3096 61.9009 0
    endloop
  endfacet
  facet normal 0 0 -1
    outer loop
      vertex -33.4268 58.0016 0
      vertex -34.414 61.6142 0
      vertex -34.3555 61.7553 0
    endloop
  endfacet
  facet normal 0 0 -1
    outer loop
      vertex -33.4268 58.0016 0
      vertex -34.4845 61.4788 0
      vertex -34.414 61.6142 0
    endloop
  endfacet
  facet normal 0 0 -1
    outer loop
      vertex -33.4268 58.0016 0
      vertex -34.5665 61.3501 0
      vertex -34.4845 61.4788 0
    endloop
  endfacet
  facet normal 0 0 -1
    outer loop
      vertex -33.4268 58.0016 0
      vertex -34.6594 61.229 0
      vertex -34.5665 61.3501 0
    endloop
  endfacet
  facet normal 0 0 -1
    outer loop
      vertex -33.4268 58.0016 0
      vertex -34.7626 61.1164 0
      vertex -34.6594 61.229 0
    endloop
  endfacet
  facet normal 0 0 -1
    outer loop
      vertex -33.4268 58.0016 0
      vertex -34.8751 61.0133 0
      vertex -34.7626 61.1164 0
    endloop
  endfacet
  facet normal 0 0 -1
    outer loop
      vertex -33.4268 58.0016 0
      vertex -34.9962 60.9203 0
      vertex -34.8751 61.0133 0
    endloop
  endfacet
  facet normal 0 0 -1
    outer loop
      vertex -33.4268 58.0016 0
      vertex -35.125 60.8383 0
      vertex -34.9962 60.9203 0
    endloop
  endfacet
  facet normal 0 0 -1
    outer loop
      vertex -33.5175 57.9493 0
      vertex -35.2604 60.7678 0
      vertex -35.125 60.8383 0
    endloop
  endfacet
  facet normal 0 0 -1
    outer loop
      vertex -33.5175 57.9493 0
      vertex -35.4015 60.7094 0
      vertex -35.2604 60.7678 0
    endloop
  endfacet
  facet normal 0 0 -1
    outer loop
      vertex -33.5175 57.9493 0
      vertex -35.5471 60.6635 0
      vertex -35.4015 60.7094 0
    endloop
  endfacet
  facet normal 0 0 -1
    outer loop
      vertex -33.5175 57.9493 0
      vertex -35.6961 60.6304 0
      vertex -35.5471 60.6635 0
    endloop
  endfacet
  facet normal 0 0 -1
    outer loop
      vertex -33.5175 57.9493 0
      vertex -35.8475 60.6105 0
      vertex -35.6961 60.6304 0
    endloop
  endfacet
  facet normal 0 0 -1
    outer loop
      vertex -36.4166 56.1727 0
      vertex -35.8475 60.6105 0
      vertex -33.5175 57.9493 0
    endloop
  endfacet
  facet normal 0 0 -1
    outer loop
      vertex -35.8475 60.6105 0
      vertex -36.4166 56.1727 0
      vertex -36 60.6038 0
    endloop
  endfacet
  facet normal -0 0 -1
    outer loop
      vertex -36 60.6038 0
      vertex -36.4166 56.1727 0
      vertex -36.1525 60.6105 0
    endloop
  endfacet
  facet normal -0 0 -1
    outer loop
      vertex -36.1525 60.6105 0
      vertex -36.4166 56.1727 0
      vertex -36.3039 60.6304 0
    endloop
  endfacet
  facet normal 0 0 -1
    outer loop
      vertex -36.4166 56.1727 0
      vertex -36.4529 60.6635 0
      vertex -36.3039 60.6304 0
    endloop
  endfacet
  facet normal 0 0 -1
    outer loop
      vertex -36.7396 60.7678 0
      vertex -36.4166 56.1727 0
      vertex -36.5044 56.1157 0
    endloop
  endfacet
  facet normal 0 0 -1
    outer loop
      vertex -36.4166 56.1727 0
      vertex -36.5985 60.7094 0
      vertex -36.4529 60.6635 0
    endloop
  endfacet
  facet normal 0 0 -1
    outer loop
      vertex -36.4166 56.1727 0
      vertex -36.7396 60.7678 0
      vertex -36.5985 60.7094 0
    endloop
  endfacet
  facet normal 0 0 -1
    outer loop
      vertex -36.5044 56.1157 0
      vertex -36.875 60.8383 0
      vertex -36.7396 60.7678 0
    endloop
  endfacet
  facet normal 0 0 -1
    outer loop
      vertex -36.5044 56.1157 0
      vertex -37.0038 60.9203 0
      vertex -36.875 60.8383 0
    endloop
  endfacet
  facet normal 0 0 -1
    outer loop
      vertex -36.5044 56.1157 0
      vertex -37.1249 61.0133 0
      vertex -37.0038 60.9203 0
    endloop
  endfacet
  facet normal 0 0 -1
    outer loop
      vertex -36.5044 56.1157 0
      vertex -37.2374 61.1164 0
      vertex -37.1249 61.0133 0
    endloop
  endfacet
  facet normal 0 0 -1
    outer loop
      vertex -39.3065 54.1899 0
      vertex -37.2374 61.1164 0
      vertex -36.5044 56.1157 0
    endloop
  endfacet
  facet normal -0 0 -1
    outer loop
      vertex -37.2374 61.1164 0
      vertex -39.3065 54.1899 0
      vertex -37.3406 61.229 0
    endloop
  endfacet
  facet normal -0 0 -1
    outer loop
      vertex -37.3406 61.229 0
      vertex -39.3065 54.1899 0
      vertex -37.4335 61.3501 0
    endloop
  endfacet
  facet normal -0 0 -1
    outer loop
      vertex -37.4335 61.3501 0
      vertex -39.3065 54.1899 0
      vertex -37.5155 61.4788 0
    endloop
  endfacet
  facet normal 0 0 -1
    outer loop
      vertex -44.739 63.8939 0
      vertex -37.5155 61.4788 0
      vertex -39.3065 54.1899 0
    endloop
  endfacet
  facet normal 0 0 -1
    outer loop
      vertex -37.5155 61.4788 0
      vertex -44.739 63.8939 0
      vertex -37.586 61.6142 0
    endloop
  endfacet
  facet normal 0 0 -1
    outer loop
      vertex -37.586 61.6142 0
      vertex -44.739 63.8939 0
      vertex -37.6445 61.7553 0
    endloop
  endfacet
  facet normal 0 0 -1
    outer loop
      vertex -44.739 63.8939 0
      vertex -37.75 62.3538 0
      vertex -37.7433 62.2013 0
    endloop
  endfacet
  facet normal 0 0 -1
    outer loop
      vertex -44.739 63.8939 0
      vertex -37.7433 62.2013 0
      vertex -37.7234 62.0499 0
    endloop
  endfacet
  facet normal 0 0 -1
    outer loop
      vertex -37.6445 61.7553 0
      vertex -44.739 63.8939 0
      vertex -37.6904 61.9009 0
    endloop
  endfacet
  facet normal 0 0 -1
    outer loop
      vertex -37.6904 61.9009 0
      vertex -44.739 63.8939 0
      vertex -37.7234 62.0499 0
    endloop
  endfacet
  facet normal 0 0 -1
    outer loop
      vertex -44.739 63.8939 0
      vertex -39.3065 54.1899 0
      vertex -39.3912 54.1283 0
    endloop
  endfacet
  facet normal 0 0 -1
    outer loop
      vertex -44.739 63.8939 0
      vertex -39.3912 54.1283 0
      vertex -42.0887 52.0585 0
    endloop
  endfacet
  facet normal 0 0 -1
    outer loop
      vertex -50.1374 59.7515 0
      vertex -42.0887 52.0585 0
      vertex -42.1701 51.9926 0
    endloop
  endfacet
  facet normal 0 0 -1
    outer loop
      vertex -37.75 62.3538 0
      vertex -44.739 63.8939 0
      vertex -39 67.55 0
    endloop
  endfacet
  facet normal 0 0 -1
    outer loop
      vertex -50.1374 59.7515 0
      vertex -42.1701 51.9926 0
      vertex -44.7556 49.7843 0
    endloop
  endfacet
  facet normal 0 0 -1
    outer loop
      vertex -50.1374 59.7515 0
      vertex -44.7556 49.7843 0
      vertex -44.8334 49.7143 0
    endloop
  endfacet
  facet normal 0 0 -1
    outer loop
      vertex -55.1543 55.1543 0
      vertex -44.8334 49.7143 0
      vertex -47.2997 47.3738 0
    endloop
  endfacet
  facet normal 0 0 -1
    outer loop
      vertex -47.3738 47.2997 0
      vertex -47.2997 47.3738 0
      vertex -47.3461 47.3258 0
    endloop
  endfacet
  facet normal -0 0 -1
    outer loop
      vertex -47.2997 47.3738 0
      vertex -47.3738 47.2997 0
      vertex -55.1543 55.1543 0
    endloop
  endfacet
  facet normal 0 0 -1
    outer loop
      vertex -55.1543 55.1543 0
      vertex -47.3738 47.2997 0
      vertex -49.7143 44.8334 0
    endloop
  endfacet
  facet normal 0 0 -1
    outer loop
      vertex -59.7515 50.1374 0
      vertex -49.7143 44.8334 0
      vertex -49.7843 44.7556 0
    endloop
  endfacet
  facet normal 0 0 -1
    outer loop
      vertex -42.0887 52.0585 0
      vertex -50.1374 59.7515 0
      vertex -44.739 63.8939 0
    endloop
  endfacet
  facet normal 0 0 -1
    outer loop
      vertex -59.7515 50.1374 0
      vertex -49.7843 44.7556 0
      vertex -51.9926 42.1701 0
    endloop
  endfacet
  facet normal 0 0 -1
    outer loop
      vertex -59.7515 50.1374 0
      vertex -51.9926 42.1701 0
      vertex -52.0585 42.0887 0
    endloop
  endfacet
  facet normal 0 0 -1
    outer loop
      vertex -59.7515 50.1374 0
      vertex -52.0585 42.0887 0
      vertex -54.1283 39.3912 0
    endloop
  endfacet
  facet normal 0 0 -1
    outer loop
      vertex -63.8939 44.739 0
      vertex -54.1283 39.3912 0
      vertex -54.1899 39.3065 0
    endloop
  endfacet
  facet normal 0 0 -1
    outer loop
      vertex -44.8334 49.7143 0
      vertex -55.1543 55.1543 0
      vertex -50.1374 59.7515 0
    endloop
  endfacet
  facet normal 0 0 -1
    outer loop
      vertex -63.8939 44.739 0
      vertex -54.1899 39.3065 0
      vertex -56.1157 36.5044 0
    endloop
  endfacet
  facet normal 0 0 -1
    outer loop
      vertex -63.8939 44.739 0
      vertex -56.1157 36.5044 0
      vertex -56.1727 36.4166 0
    endloop
  endfacet
  facet normal 0 0 -1
    outer loop
      vertex -67.55 39 0
      vertex -56.1727 36.4166 0
      vertex -57.9493 33.5175 0
    endloop
  endfacet
  facet normal 0 0 -1
    outer loop
      vertex -67.55 39 0
      vertex -57.9493 33.5175 0
      vertex -58.0016 33.4268 0
    endloop
  endfacet
  facet normal 0 0 -1
    outer loop
      vertex -67.55 39 0
      vertex -58.0016 33.4268 0
      vertex -59.624 30.4387 0
    endloop
  endfacet
  facet normal 0 0 -1
    outer loop
      vertex -70.692 32.9642 0
      vertex -59.624 30.4387 0
      vertex -59.6716 30.3454 0
    endloop
  endfacet
  facet normal 0 0 -1
    outer loop
      vertex -49.7143 44.8334 0
      vertex -59.7515 50.1374 0
      vertex -55.1543 55.1543 0
    endloop
  endfacet
  facet normal 0 0 -1
    outer loop
      vertex -70.692 32.9642 0
      vertex -59.6716 30.3454 0
      vertex -61.1354 27.2765 0
    endloop
  endfacet
  facet normal 0 0 -1
    outer loop
      vertex -70.692 32.9642 0
      vertex -61.1354 27.2765 0
      vertex -61.178 27.1809 0
    endloop
  endfacet
  facet normal 0 0 -1
    outer loop
      vertex -70.692 32.9642 0
      vertex -61.178 27.1809 0
      vertex -62.4791 24.0396 0
    endloop
  endfacet
  facet normal 0 0 -1
    outer loop
      vertex -73.296 26.6776 0
      vertex -62.4791 24.0396 0
      vertex -62.5167 23.9418 0
    endloop
  endfacet
  facet normal 0 0 -1
    outer loop
      vertex -73.296 26.6776 0
      vertex -62.5167 23.9418 0
      vertex -63.6516 20.7367 0
    endloop
  endfacet
  facet normal 0 0 -1
    outer loop
      vertex -73.296 26.6776 0
      vertex -63.6516 20.7367 0
      vertex -63.684 20.6371 0
    endloop
  endfacet
  facet normal 0 0 -1
    outer loop
      vertex -54.1283 39.3912 0
      vertex -63.8939 44.739 0
      vertex -59.7515 50.1374 0
    endloop
  endfacet
  facet normal 0 0 -1
    outer loop
      vertex -75.3422 20.1879 0
      vertex -63.684 20.6371 0
      vertex -64.6497 17.377 0
    endloop
  endfacet
  facet normal 0 0 -1
    outer loop
      vertex -64.6768 17.2759 0
      vertex -64.6497 17.377 0
      vertex -64.6658 17.3123 0
    endloop
  endfacet
  facet normal -0 0 -1
    outer loop
      vertex -64.6497 17.377 0
      vertex -64.6768 17.2759 0
      vertex -75.3422 20.1879 0
    endloop
  endfacet
  facet normal 0 0 -1
    outer loop
      vertex -75.3422 20.1879 0
      vertex -64.6768 17.2759 0
      vertex -65.4705 13.9697 0
    endloop
  endfacet
  facet normal 0 0 -1
    outer loop
      vertex -76.815 13.5446 0
      vertex -65.4705 13.9697 0
      vertex -65.4923 13.8673 0
    endloop
  endfacet
  facet normal 0 0 -1
    outer loop
      vertex -76.815 13.5446 0
      vertex -65.4923 13.8673 0
      vertex -66.1119 10.5241 0
    endloop
  endfacet
  facet normal 0 0 -1
    outer loop
      vertex -76.815 13.5446 0
      vertex -66.1119 10.5241 0
      vertex -66.1283 10.4207 0
    endloop
  endfacet
  facet normal 0 0 -1
    outer loop
      vertex -76.815 13.5446 0
      vertex -66.1283 10.4207 0
      vertex -66.5721 7.04964 0
    endloop
  endfacet
  facet normal 0 0 -1
    outer loop
      vertex -77.7032 6.79815 0
      vertex -66.5721 7.04964 0
      vertex -66.5831 6.94551 0
    endloop
  endfacet
  facet normal 0 0 -1
    outer loop
      vertex -71.5471 1.69037 0
      vertex -66.5831 6.94551 0
      vertex -66.8498 3.55588 0
    endloop
  endfacet
  facet normal -0 0 -1
    outer loop
      vertex -66.1119 -10.5241 0
      vertex -76.815 -13.5446 0
      vertex -66.1283 -10.4207 0
    endloop
  endfacet
  facet normal 0 0 -1
    outer loop
      vertex -76.815 -13.5446 0
      vertex -67.2032 -16.0794 0
      vertex -67.3299 -16.2177 0
    endloop
  endfacet
  facet normal 0 0 -1
    outer loop
      vertex -76.815 -13.5446 0
      vertex -67.3299 -16.2177 0
      vertex -67.4441 -16.3665 0
    endloop
  endfacet
  facet normal 0 -0 -1
    outer loop
      vertex -70.7626 -1.23744 0
      vertex -66.8553 -3.45131 0
      vertex -70.8751 -1.34058 0
    endloop
  endfacet
  facet normal 0 0 -1
    outer loop
      vertex -76.815 -13.5446 0
      vertex -67.4441 -16.3665 0
      vertex -67.5449 -16.5247 0
    endloop
  endfacet
  facet normal 0 0 -1
    outer loop
      vertex -56.1727 36.4166 0
      vertex -67.55 39 0
      vertex -63.8939 44.739 0
    endloop
  endfacet
  facet normal 0 0 -1
    outer loop
      vertex -70.9962 1.43352 0
      vertex -66.8498 3.55588 0
      vertex -66.8553 3.45131 0
    endloop
  endfacet
  facet normal 0 -0 -1
    outer loop
      vertex -70.3096 -0.452933 0
      vertex -66.9443 -0.0523529 0
      vertex -70.3555 -0.598535 0
    endloop
  endfacet
  facet normal 0 0 -1
    outer loop
      vertex -76.815 -13.5446 0
      vertex -67.5449 -16.5247 0
      vertex -67.6315 -16.6911 0
    endloop
  endfacet
  facet normal 0 0 -1
    outer loop
      vertex -76.815 -13.5446 0
      vertex -67.6315 -16.6911 0
      vertex -67.7033 -16.8644 0
    endloop
  endfacet
  facet normal 0 0 -1
    outer loop
      vertex -76.815 -13.5446 0
      vertex -67.7033 -16.8644 0
      vertex -67.7597 -17.0432 0
    endloop
  endfacet
  facet normal 0 0 -1
    outer loop
      vertex -76.815 -13.5446 0
      vertex -67.7597 -17.0432 0
      vertex -67.8003 -17.2264 0
    endloop
  endfacet
  facet normal 0 0 -1
    outer loop
      vertex -75.3422 -20.1879 0
      vertex -67.8003 -17.2264 0
      vertex -67.8248 -17.4123 0
    endloop
  endfacet
  facet normal 0 0 -1
    outer loop
      vertex -75.3422 -20.1879 0
      vertex -67.8248 -17.4123 0
      vertex -67.833 -17.5997 0
    endloop
  endfacet
  facet normal 0 0 -1
    outer loop
      vertex -70.2766 0.303884 0
      vertex -66.9443 0.0523529 0
      vertex -70.2567 0.152522 0
    endloop
  endfacet
  facet normal 0 0 -1
    outer loop
      vertex -70.3096 0.452933 0
      vertex -66.9443 0.0523529 0
      vertex -70.2766 0.303884 0
    endloop
  endfacet
  facet normal 0 0 -1
    outer loop
      vertex -70.3555 0.598535 0
      vertex -66.9443 0.0523529 0
      vertex -70.3096 0.452933 0
    endloop
  endfacet
  facet normal 0 0 -1
    outer loop
      vertex -70.414 0.739581 0
      vertex -66.9443 0.0523529 0
      vertex -70.3555 0.598535 0
    endloop
  endfacet
  facet normal 0 0 -1
    outer loop
      vertex -66.9443 0.0523529 0
      vertex -70.414 0.739581 0
      vertex -66.8553 3.45131 0
    endloop
  endfacet
  facet normal 0 0 -1
    outer loop
      vertex -70.4845 0.875 0
      vertex -66.8553 3.45131 0
      vertex -70.414 0.739581 0
    endloop
  endfacet
  facet normal 0 0 -1
    outer loop
      vertex -70.5665 1.00376 0
      vertex -66.8553 3.45131 0
      vertex -70.4845 0.875 0
    endloop
  endfacet
  facet normal 0 0 -1
    outer loop
      vertex -70.6594 1.12488 0
      vertex -66.8553 3.45131 0
      vertex -70.5665 1.00376 0
    endloop
  endfacet
  facet normal 0 0 -1
    outer loop
      vertex -70.7626 1.23744 0
      vertex -66.8553 3.45131 0
      vertex -70.6594 1.12488 0
    endloop
  endfacet
  facet normal 0 0 -1
    outer loop
      vertex -59.624 30.4387 0
      vertex -70.692 32.9642 0
      vertex -67.55 39 0
    endloop
  endfacet
  facet normal 0 0 -1
    outer loop
      vertex -70.8751 1.34058 0
      vertex -66.8553 3.45131 0
      vertex -70.7626 1.23744 0
    endloop
  endfacet
  facet normal 0 0 -1
    outer loop
      vertex -70.9962 1.43352 0
      vertex -66.8553 3.45131 0
      vertex -70.8751 1.34058 0
    endloop
  endfacet
  facet normal 0 0 -1
    outer loop
      vertex -66.8498 3.55588 0
      vertex -70.9962 1.43352 0
      vertex -71.125 1.51554 0
    endloop
  endfacet
  facet normal 0 0 -1
    outer loop
      vertex -66.8498 3.55588 0
      vertex -71.125 1.51554 0
      vertex -71.2604 1.58604 0
    endloop
  endfacet
  facet normal 0 0 -1
    outer loop
      vertex -66.8498 3.55588 0
      vertex -71.2604 1.58604 0
      vertex -71.4015 1.64446 0
    endloop
  endfacet
  facet normal 0 0 -1
    outer loop
      vertex -66.8498 3.55588 0
      vertex -71.4015 1.64446 0
      vertex -71.5471 1.69037 0
    endloop
  endfacet
  facet normal 0 0 -1
    outer loop
      vertex -66.5831 6.94551 0
      vertex -71.5471 1.69037 0
      vertex -71.6961 1.72341 0
    endloop
  endfacet
  facet normal 0 0 -1
    outer loop
      vertex -66.5831 6.94551 0
      vertex -71.6961 1.72341 0
      vertex -71.8475 1.74334 0
    endloop
  endfacet
  facet normal 0 0 -1
    outer loop
      vertex -72 1.75 0
      vertex -66.5831 6.94551 0
      vertex -71.8475 1.74334 0
    endloop
  endfacet
  facet normal 0 0 -1
    outer loop
      vertex -66.5831 6.94551 0
      vertex -72 1.75 0
      vertex -77.7032 6.79815 0
    endloop
  endfacet
  facet normal 0 0 -1
    outer loop
      vertex -77.7032 6.79815 0
      vertex -72 1.75 0
      vertex -72.1525 1.74334 0
    endloop
  endfacet
  facet normal 0 0 -1
    outer loop
      vertex -77.7032 6.79815 0
      vertex -72.1525 1.74334 0
      vertex -72.3039 1.72341 0
    endloop
  endfacet
  facet normal 0 0 -1
    outer loop
      vertex -77.7032 6.79815 0
      vertex -72.3039 1.72341 0
      vertex -72.4529 1.69037 0
    endloop
  endfacet
  facet normal 0 0 -1
    outer loop
      vertex -77.7032 6.79815 0
      vertex -72.4529 1.69037 0
      vertex -72.5985 1.64446 0
    endloop
  endfacet
  facet normal 0 0 -1
    outer loop
      vertex -77.7032 6.79815 0
      vertex -72.5985 1.64446 0
      vertex -72.7396 1.58604 0
    endloop
  endfacet
  facet normal 0 0 -1
    outer loop
      vertex -77.7032 6.79815 0
      vertex -72.7396 1.58604 0
      vertex -72.875 1.51554 0
    endloop
  endfacet
  facet normal 0 0 -1
    outer loop
      vertex -77.7032 6.79815 0
      vertex -72.875 1.51554 0
      vertex -73.0038 1.43352 0
    endloop
  endfacet
  facet normal 0 0 -1
    outer loop
      vertex -77.7032 6.79815 0
      vertex -73.0038 1.43352 0
      vertex -73.1249 1.34058 0
    endloop
  endfacet
  facet normal 0 0 -1
    outer loop
      vertex -77.7032 6.79815 0
      vertex -73.1249 1.34058 0
      vertex -73.2374 1.23744 0
    endloop
  endfacet
  facet normal 0 0 -1
    outer loop
      vertex -62.4791 24.0396 0
      vertex -73.296 26.6776 0
      vertex -70.692 32.9642 0
    endloop
  endfacet
  facet normal 0 0 -1
    outer loop
      vertex -77.7032 6.79815 0
      vertex -73.2374 1.23744 0
      vertex -73.3406 1.12488 0
    endloop
  endfacet
  facet normal 0 0 -1
    outer loop
      vertex -77.7032 6.79815 0
      vertex -73.3406 1.12488 0
      vertex -73.4335 1.00376 0
    endloop
  endfacet
  facet normal 0 0 -1
    outer loop
      vertex -78 0 0
      vertex -73.4335 1.00376 0
      vertex -73.5155 0.875 0
    endloop
  endfacet
  facet normal 0 0 -1
    outer loop
      vertex -78 0 0
      vertex -73.5155 0.875 0
      vertex -73.586 0.739581 0
    endloop
  endfacet
  facet normal 0 0 -1
    outer loop
      vertex -78 0 0
      vertex -73.586 0.739581 0
      vertex -73.6445 0.598535 0
    endloop
  endfacet
  facet normal 0 0 -1
    outer loop
      vertex -78 0 0
      vertex -73.6445 0.598535 0
      vertex -73.6904 0.452933 0
    endloop
  endfacet
  facet normal 0 0 -1
    outer loop
      vertex -78 0 0
      vertex -73.6904 0.452933 0
      vertex -73.7234 0.303884 0
    endloop
  endfacet
  facet normal 0 0 -1
    outer loop
      vertex -78 0 0
      vertex -73.7234 0.303884 0
      vertex -73.7433 0.152522 0
    endloop
  endfacet
  facet normal 0 0 -1
    outer loop
      vertex -78 0 0
      vertex -73.7433 0.152522 0
      vertex -73.75 0 0
    endloop
  endfacet
  facet normal 0 0 -1
    outer loop
      vertex -73.6904 -0.452933 0
      vertex -78 0 0
      vertex -73.7234 -0.303884 0
    endloop
  endfacet
  facet normal -0 0 -1
    outer loop
      vertex -63.684 20.6371 0
      vertex -75.3422 20.1879 0
      vertex -73.296 26.6776 0
    endloop
  endfacet
  facet normal 0 0 -1
    outer loop
      vertex -73.7234 -0.303884 0
      vertex -78 0 0
      vertex -73.7433 -0.152522 0
    endloop
  endfacet
  facet normal -0 0 -1
    outer loop
      vertex -65.4705 13.9697 0
      vertex -76.815 13.5446 0
      vertex -75.3422 20.1879 0
    endloop
  endfacet
  facet normal 0 0 -1
    outer loop
      vertex -73.7433 -0.152522 0
      vertex -78 0 0
      vertex -73.75 0 0
    endloop
  endfacet
  facet normal -0 0 -1
    outer loop
      vertex -66.5721 7.04964 0
      vertex -77.7032 6.79815 0
      vertex -76.815 13.5446 0
    endloop
  endfacet
  facet normal -0 0 -1
    outer loop
      vertex -73.4335 1.00376 0
      vertex -78 0 0
      vertex -77.7032 6.79815 0
    endloop
  endfacet
  facet normal 0 0 -1
    outer loop
      vertex -20.7367 63.6516 0
      vertex -19.7497 65.683 0
      vertex -19.7415 65.4956 0
    endloop
  endfacet
  facet normal 0 0 -1
    outer loop
      vertex -20.6371 63.684 0
      vertex -19.12 64.1627 0
      vertex -19.0958 64.1405 0
    endloop
  endfacet
  facet normal 0 0 -1
    outer loop
      vertex -20.6371 63.684 0
      vertex -19.2467 64.301 0
      vertex -19.12 64.1627 0
    endloop
  endfacet
  facet normal 0 0 -1
    outer loop
      vertex -20.6371 63.684 0
      vertex -19.3609 64.4498 0
      vertex -19.2467 64.301 0
    endloop
  endfacet
  facet normal 0 0 -1
    outer loop
      vertex -20.6371 63.684 0
      vertex -19.4616 64.608 0
      vertex -19.3609 64.4498 0
    endloop
  endfacet
  facet normal 0 0 -1
    outer loop
      vertex -20.6371 63.684 0
      vertex -19.5483 64.7743 0
      vertex -19.4616 64.608 0
    endloop
  endfacet
  facet normal 0 0 -1
    outer loop
      vertex -20.6371 63.684 0
      vertex -19.62 64.9476 0
      vertex -19.5483 64.7743 0
    endloop
  endfacet
  facet normal 0 0 -1
    outer loop
      vertex -20.6371 63.684 0
      vertex -19.6764 65.1265 0
      vertex -19.62 64.9476 0
    endloop
  endfacet
  facet normal 0 0 -1
    outer loop
      vertex -20.6371 63.684 0
      vertex -19.717 65.3096 0
      vertex -19.6764 65.1265 0
    endloop
  endfacet
  facet normal 0 0 -1
    outer loop
      vertex -20.7367 63.6516 0
      vertex -19.717 65.3096 0
      vertex -20.6371 63.684 0
    endloop
  endfacet
  facet normal -0 0 -1
    outer loop
      vertex -19.717 65.3096 0
      vertex -20.7367 63.6516 0
      vertex -19.7415 65.4956 0
    endloop
  endfacet
  facet normal 0 0 -1
    outer loop
      vertex -19.7497 65.683 0
      vertex -20.7367 63.6516 0
      vertex -23.9418 62.5167 0
    endloop
  endfacet
  facet normal -0 0 -1
    outer loop
      vertex -19.7497 65.683 0
      vertex -23.9418 62.5167 0
      vertex -26.6776 73.296 0
    endloop
  endfacet
  facet normal 0 0 -1
    outer loop
      vertex -26.6776 73.296 0
      vertex -23.9418 62.5167 0
      vertex -24.0396 62.4791 0
    endloop
  endfacet
  facet normal 0 0 -1
    outer loop
      vertex -19.7497 65.683 0
      vertex -26.6776 73.296 0
      vertex -20.1879 75.3422 0
    endloop
  endfacet
  facet normal 0 0 -1
    outer loop
      vertex -27.1809 61.178 0
      vertex -26.6776 73.296 0
      vertex -24.0396 62.4791 0
    endloop
  endfacet
  facet normal 0 0 -1
    outer loop
      vertex -32.9642 70.692 0
      vertex -27.1809 61.178 0
      vertex -27.2765 61.1354 0
    endloop
  endfacet
  facet normal 0 0 -1
    outer loop
      vertex -34.3096 62.8068 0
      vertex -27.2765 61.1354 0
      vertex -30.3454 59.6716 0
    endloop
  endfacet
  facet normal 0 0 -1
    outer loop
      vertex -34.2567 62.2013 0
      vertex -30.3454 59.6716 0
      vertex -30.4387 59.624 0
    endloop
  endfacet
  facet normal 0 0 -1
    outer loop
      vertex -27.1809 61.178 0
      vertex -32.9642 70.692 0
      vertex -26.6776 73.296 0
    endloop
  endfacet
  facet normal 0 0 -1
    outer loop
      vertex -34.2567 62.2013 0
      vertex -30.4387 59.624 0
      vertex -33.4268 58.0016 0
    endloop
  endfacet
  facet normal 0 0 -1
    outer loop
      vertex -35.125 60.8383 0
      vertex -33.4268 58.0016 0
      vertex -33.5175 57.9493 0
    endloop
  endfacet
  facet normal 0 0 -1
    outer loop
      vertex -30.3454 59.6716 0
      vertex -34.25 62.3538 0
      vertex -34.2567 62.5064 0
    endloop
  endfacet
  facet normal 0 0 -1
    outer loop
      vertex -30.3454 59.6716 0
      vertex -34.2567 62.5064 0
      vertex -34.2766 62.6577 0
    endloop
  endfacet
  facet normal 0 0 -1
    outer loop
      vertex -30.3454 59.6716 0
      vertex -34.2766 62.6577 0
      vertex -34.3096 62.8068 0
    endloop
  endfacet
  facet normal 0 0 -1
    outer loop
      vertex -27.2765 61.1354 0
      vertex -34.3096 62.8068 0
      vertex -34.3555 62.9524 0
    endloop
  endfacet
  facet normal 0 0 -1
    outer loop
      vertex -27.2765 61.1354 0
      vertex -34.3555 62.9524 0
      vertex -34.414 63.0934 0
    endloop
  endfacet
  facet normal 0 0 -1
    outer loop
      vertex -34.4845 63.2288 0
      vertex -27.2765 61.1354 0
      vertex -34.414 63.0934 0
    endloop
  endfacet
  facet normal 0 0 -1
    outer loop
      vertex -27.2765 61.1354 0
      vertex -34.4845 63.2288 0
      vertex -32.9642 70.692 0
    endloop
  endfacet
  facet normal 0 0 -1
    outer loop
      vertex -34.5665 63.3576 0
      vertex -32.9642 70.692 0
      vertex -34.4845 63.2288 0
    endloop
  endfacet
  facet normal 0 0 -1
    outer loop
      vertex -34.6594 63.4787 0
      vertex -32.9642 70.692 0
      vertex -34.5665 63.3576 0
    endloop
  endfacet
  facet normal 0 0 -1
    outer loop
      vertex -34.7626 63.5913 0
      vertex -32.9642 70.692 0
      vertex -34.6594 63.4787 0
    endloop
  endfacet
  facet normal 0 0 -1
    outer loop
      vertex -34.8751 63.6944 0
      vertex -32.9642 70.692 0
      vertex -34.7626 63.5913 0
    endloop
  endfacet
  facet normal 0 0 -1
    outer loop
      vertex -34.9962 63.7873 0
      vertex -32.9642 70.692 0
      vertex -34.8751 63.6944 0
    endloop
  endfacet
  facet normal 0 0 -1
    outer loop
      vertex -35.125 63.8694 0
      vertex -32.9642 70.692 0
      vertex -34.9962 63.7873 0
    endloop
  endfacet
  facet normal 0 0 -1
    outer loop
      vertex -35.2604 63.9399 0
      vertex -32.9642 70.692 0
      vertex -35.125 63.8694 0
    endloop
  endfacet
  facet normal 0 0 -1
    outer loop
      vertex -35.4015 63.9983 0
      vertex -32.9642 70.692 0
      vertex -35.2604 63.9399 0
    endloop
  endfacet
  facet normal 0 0 -1
    outer loop
      vertex -35.5471 64.0442 0
      vertex -32.9642 70.692 0
      vertex -35.4015 63.9983 0
    endloop
  endfacet
  facet normal 0 0 -1
    outer loop
      vertex -35.6961 64.0772 0
      vertex -32.9642 70.692 0
      vertex -35.5471 64.0442 0
    endloop
  endfacet
  facet normal 0 0 -1
    outer loop
      vertex -35.8475 64.0972 0
      vertex -32.9642 70.692 0
      vertex -35.6961 64.0772 0
    endloop
  endfacet
  facet normal 0 0 -1
    outer loop
      vertex -39 67.55 0
      vertex -35.8475 64.0972 0
      vertex -36 64.1038 0
    endloop
  endfacet
  facet normal 0 0 -1
    outer loop
      vertex -39 67.55 0
      vertex -36 64.1038 0
      vertex -36.1525 64.0972 0
    endloop
  endfacet
  facet normal 0 0 -1
    outer loop
      vertex -39 67.55 0
      vertex -36.1525 64.0972 0
      vertex -36.3039 64.0772 0
    endloop
  endfacet
  facet normal 0 0 -1
    outer loop
      vertex -39 67.55 0
      vertex -36.3039 64.0772 0
      vertex -36.4529 64.0442 0
    endloop
  endfacet
  facet normal 0 0 -1
    outer loop
      vertex -39 67.55 0
      vertex -36.4529 64.0442 0
      vertex -36.5985 63.9983 0
    endloop
  endfacet
  facet normal 0 0 -1
    outer loop
      vertex -39 67.55 0
      vertex -36.5985 63.9983 0
      vertex -36.7396 63.9399 0
    endloop
  endfacet
  facet normal 0 0 -1
    outer loop
      vertex -39 67.55 0
      vertex -36.7396 63.9399 0
      vertex -36.875 63.8694 0
    endloop
  endfacet
  facet normal 0 0 -1
    outer loop
      vertex -39 67.55 0
      vertex -36.875 63.8694 0
      vertex -37.0038 63.7873 0
    endloop
  endfacet
  facet normal 0 0 -1
    outer loop
      vertex -39 67.55 0
      vertex -37.0038 63.7873 0
      vertex -37.1249 63.6944 0
    endloop
  endfacet
  facet normal 0 0 -1
    outer loop
      vertex -39 67.55 0
      vertex -37.1249 63.6944 0
      vertex -37.2374 63.5913 0
    endloop
  endfacet
  facet normal 0 0 -1
    outer loop
      vertex -39 67.55 0
      vertex -37.2374 63.5913 0
      vertex -37.3406 63.4787 0
    endloop
  endfacet
  facet normal 0 0 -1
    outer loop
      vertex -39 67.55 0
      vertex -37.3406 63.4787 0
      vertex -37.4335 63.3576 0
    endloop
  endfacet
  facet normal 0 0 -1
    outer loop
      vertex -39 67.55 0
      vertex -37.4335 63.3576 0
      vertex -37.5155 63.2288 0
    endloop
  endfacet
  facet normal 0 0 -1
    outer loop
      vertex -35.8475 64.0972 0
      vertex -39 67.55 0
      vertex -32.9642 70.692 0
    endloop
  endfacet
  facet normal 0 0 -1
    outer loop
      vertex -37.586 63.0934 0
      vertex -39 67.55 0
      vertex -37.5155 63.2288 0
    endloop
  endfacet
  facet normal 0 0 -1
    outer loop
      vertex -37.6445 62.9524 0
      vertex -39 67.55 0
      vertex -37.586 63.0934 0
    endloop
  endfacet
  facet normal 0 0 -1
    outer loop
      vertex -37.6904 62.8068 0
      vertex -39 67.55 0
      vertex -37.6445 62.9524 0
    endloop
  endfacet
  facet normal 0 0 -1
    outer loop
      vertex -37.7234 62.6577 0
      vertex -39 67.55 0
      vertex -37.6904 62.8068 0
    endloop
  endfacet
  facet normal 0 0 -1
    outer loop
      vertex -37.7433 62.5064 0
      vertex -39 67.55 0
      vertex -37.7234 62.6577 0
    endloop
  endfacet
  facet normal 0 0 -1
    outer loop
      vertex -39 67.55 0
      vertex -37.7433 62.5064 0
      vertex -37.75 62.3538 0
    endloop
  endfacet
  facet normal 0 0 -1
    outer loop
      vertex -13.9697 65.4705 0
      vertex -15.4579 65.4956 0
      vertex -15.4497 65.683 0
    endloop
  endfacet
  facet normal -0 0 -1
    outer loop
      vertex -13.9697 65.4705 0
      vertex -15.4824 65.3096 0
      vertex -15.4579 65.4956 0
    endloop
  endfacet
  facet normal 0 0 -1
    outer loop
      vertex -13.9697 65.4705 0
      vertex -15.523 65.1265 0
      vertex -15.4824 65.3096 0
    endloop
  endfacet
  facet normal 0 -0 -1
    outer loop
      vertex -15.523 65.1265 0
      vertex -13.9697 65.4705 0
      vertex -15.5328 65.0953 0
    endloop
  endfacet
  facet normal 0 0 -1
    outer loop
      vertex 20.7367 -63.6516 0
      vertex 19.7415 -65.8703 0
      vertex 19.7497 -65.683 0
    endloop
  endfacet
  facet normal 0 0 -1
    outer loop
      vertex 26.6776 -73.296 0
      vertex 19.717 -66.0563 0
      vertex 19.7415 -65.8703 0
    endloop
  endfacet
  facet normal 0 0 -1
    outer loop
      vertex 26.6776 -73.296 0
      vertex 19.6764 -66.2394 0
      vertex 19.717 -66.0563 0
    endloop
  endfacet
  facet normal 0 0 -1
    outer loop
      vertex 26.6776 -73.296 0
      vertex 19.62 -66.4183 0
      vertex 19.6764 -66.2394 0
    endloop
  endfacet
  facet normal 0 0 -1
    outer loop
      vertex 26.6776 -73.296 0
      vertex 19.5483 -66.5916 0
      vertex 19.62 -66.4183 0
    endloop
  endfacet
  facet normal 0 0 -1
    outer loop
      vertex 26.6776 -73.296 0
      vertex 19.4616 -66.758 0
      vertex 19.5483 -66.5916 0
    endloop
  endfacet
  facet normal 0 0 -1
    outer loop
      vertex 26.6776 -73.296 0
      vertex 19.3609 -66.9161 0
      vertex 19.4616 -66.758 0
    endloop
  endfacet
  facet normal 0 0 -1
    outer loop
      vertex 26.6776 -73.296 0
      vertex 19.2467 -67.0649 0
      vertex 19.3609 -66.9161 0
    endloop
  endfacet
  facet normal 0 0 -1
    outer loop
      vertex 26.6776 -73.296 0
      vertex 19.12 -67.2032 0
      vertex 19.2467 -67.0649 0
    endloop
  endfacet
  facet normal 0 0 -1
    outer loop
      vertex 20.1879 -75.3422 0
      vertex 18.9817 -67.3299 0
      vertex 19.12 -67.2032 0
    endloop
  endfacet
  facet normal 0 0 -1
    outer loop
      vertex 20.1879 -75.3422 0
      vertex 18.8329 -67.4441 0
      vertex 18.9817 -67.3299 0
    endloop
  endfacet
  facet normal 0 0 -1
    outer loop
      vertex 20.1879 -75.3422 0
      vertex 18.6747 -67.5449 0
      vertex 18.8329 -67.4441 0
    endloop
  endfacet
  facet normal 0 0 -1
    outer loop
      vertex 20.1879 -75.3422 0
      vertex 18.5083 -67.6315 0
      vertex 18.6747 -67.5449 0
    endloop
  endfacet
  facet normal 0 0 -1
    outer loop
      vertex 20.1879 -75.3422 0
      vertex 18.335 -67.7033 0
      vertex 18.5083 -67.6315 0
    endloop
  endfacet
  facet normal 0 0 -1
    outer loop
      vertex 20.1879 -75.3422 0
      vertex 18.1562 -67.7597 0
      vertex 18.335 -67.7033 0
    endloop
  endfacet
  facet normal 0 0 -1
    outer loop
      vertex 20.1879 -75.3422 0
      vertex 17.973 -67.8003 0
      vertex 18.1562 -67.7597 0
    endloop
  endfacet
  facet normal 0 0 -1
    outer loop
      vertex 20.1879 -75.3422 0
      vertex 17.7871 -67.8248 0
      vertex 17.973 -67.8003 0
    endloop
  endfacet
  facet normal 0 0 -1
    outer loop
      vertex 20.1879 -75.3422 0
      vertex 17.5997 -67.833 0
      vertex 17.7871 -67.8248 0
    endloop
  endfacet
  facet normal 0 0 -1
    outer loop
      vertex 20.1879 -75.3422 0
      vertex 17.4123 -67.8248 0
      vertex 17.5997 -67.833 0
    endloop
  endfacet
  facet normal 0 0 -1
    outer loop
      vertex 20.1879 -75.3422 0
      vertex 17.2264 -67.8003 0
      vertex 17.4123 -67.8248 0
    endloop
  endfacet
  facet normal 0 0 -1
    outer loop
      vertex 20.1879 -75.3422 0
      vertex 17.0432 -67.7597 0
      vertex 17.2264 -67.8003 0
    endloop
  endfacet
  facet normal 0 0 -1
    outer loop
      vertex 13.5446 -76.815 0
      vertex 17.0432 -67.7597 0
      vertex 20.1879 -75.3422 0
    endloop
  endfacet
  facet normal -0 0 -1
    outer loop
      vertex 17.0432 -67.7597 0
      vertex 13.5446 -76.815 0
      vertex 16.8644 -67.7033 0
    endloop
  endfacet
  facet normal -0 0 -1
    outer loop
      vertex 16.8644 -67.7033 0
      vertex 13.5446 -76.815 0
      vertex 16.6911 -67.6315 0
    endloop
  endfacet
  facet normal -0 0 -1
    outer loop
      vertex 16.6911 -67.6315 0
      vertex 13.5446 -76.815 0
      vertex 16.5247 -67.5449 0
    endloop
  endfacet
  facet normal -0 0 -1
    outer loop
      vertex 16.5247 -67.5449 0
      vertex 13.5446 -76.815 0
      vertex 16.3665 -67.4441 0
    endloop
  endfacet
  facet normal -0 0 -1
    outer loop
      vertex 16.3665 -67.4441 0
      vertex 13.5446 -76.815 0
      vertex 16.2177 -67.3299 0
    endloop
  endfacet
  facet normal -0 0 -1
    outer loop
      vertex 16.2177 -67.3299 0
      vertex 13.5446 -76.815 0
      vertex 16.0794 -67.2032 0
    endloop
  endfacet
  facet normal 0 0 -1
    outer loop
      vertex 10.5241 -66.1119 0
      vertex 16.0794 -67.2032 0
      vertex 13.5446 -76.815 0
    endloop
  endfacet
  facet normal 0 0 -1
    outer loop
      vertex 16.0794 -67.2032 0
      vertex 10.5241 -66.1119 0
      vertex 15.9527 -67.0649 0
    endloop
  endfacet
  facet normal 0 0 -1
    outer loop
      vertex 15.9527 -67.0649 0
      vertex 10.5241 -66.1119 0
      vertex 15.8385 -66.9161 0
    endloop
  endfacet
  facet normal 0 0 -1
    outer loop
      vertex 15.4579 -65.8703 0
      vertex 13.9697 -65.4705 0
      vertex 15.4497 -65.683 0
    endloop
  endfacet
  facet normal 0 0 -1
    outer loop
      vertex 15.4824 -66.0563 0
      vertex 13.9697 -65.4705 0
      vertex 15.4579 -65.8703 0
    endloop
  endfacet
  facet normal 0 0 -1
    outer loop
      vertex 15.523 -66.2394 0
      vertex 13.9697 -65.4705 0
      vertex 15.4824 -66.0563 0
    endloop
  endfacet
  facet normal 0 0 -1
    outer loop
      vertex 15.5794 -66.4183 0
      vertex 13.9697 -65.4705 0
      vertex 15.523 -66.2394 0
    endloop
  endfacet
  facet normal 0 0 -1
    outer loop
      vertex 13.8673 -65.4923 0
      vertex 15.5794 -66.4183 0
      vertex 15.6511 -66.5916 0
    endloop
  endfacet
  facet normal 0 -0 -1
    outer loop
      vertex 13.8673 -65.4923 0
      vertex 15.8385 -66.9161 0
      vertex 10.5241 -66.1119 0
    endloop
  endfacet
  facet normal 0 0 -1
    outer loop
      vertex 15.8385 -66.9161 0
      vertex 13.8673 -65.4923 0
      vertex 15.7377 -66.758 0
    endloop
  endfacet
  facet normal 0 0 -1
    outer loop
      vertex 15.5794 -66.4183 0
      vertex 13.8673 -65.4923 0
      vertex 13.9697 -65.4705 0
    endloop
  endfacet
  facet normal 0 0 -1
    outer loop
      vertex 15.7377 -66.758 0
      vertex 13.8673 -65.4923 0
      vertex 15.6511 -66.5916 0
    endloop
  endfacet
  facet normal 0 0 -1
    outer loop
      vertex 13.5446 -76.815 0
      vertex 10.4207 -66.1283 0
      vertex 10.5241 -66.1119 0
    endloop
  endfacet
  facet normal 0 0 -1
    outer loop
      vertex 13.5446 -76.815 0
      vertex 7.04964 -66.5721 0
      vertex 10.4207 -66.1283 0
    endloop
  endfacet
  facet normal 0 0 -1
    outer loop
      vertex 6.79815 -77.7032 0
      vertex 7.04964 -66.5721 0
      vertex 13.5446 -76.815 0
    endloop
  endfacet
  facet normal 0 0 -1
    outer loop
      vertex 7.04964 -66.5721 0
      vertex 6.79815 -77.7032 0
      vertex 6.94551 -66.5831 0
    endloop
  endfacet
  facet normal 0 0 -1
    outer loop
      vertex 6.79815 -77.7032 0
      vertex 3.55588 -66.8498 0
      vertex 6.94551 -66.5831 0
    endloop
  endfacet
  facet normal 0 0 -1
    outer loop
      vertex 6.79815 -77.7032 0
      vertex 3.45131 -66.8553 0
      vertex 3.55588 -66.8498 0
    endloop
  endfacet
  facet normal 0 0 -1
    outer loop
      vertex 0 -78 0
      vertex 3.45131 -66.8553 0
      vertex 6.79815 -77.7032 0
    endloop
  endfacet
  facet normal 0 0 -1
    outer loop
      vertex 3.45131 -66.8553 0
      vertex 0 -78 0
      vertex 0.0523529 -66.9443 0
    endloop
  endfacet
  facet normal 0 0 -1
    outer loop
      vertex 0 -78 0
      vertex -0.0523529 -66.9443 0
      vertex 0.0523529 -66.9443 0
    endloop
  endfacet
  facet normal 0 0 -1
    outer loop
      vertex 0 -78 0
      vertex -3.45131 -66.8553 0
      vertex -0.0523529 -66.9443 0
    endloop
  endfacet
  facet normal 0 0 -1
    outer loop
      vertex -6.79815 -77.7032 0
      vertex -3.45131 -66.8553 0
      vertex 0 -78 0
    endloop
  endfacet
  facet normal -0 0 -1
    outer loop
      vertex -3.45131 -66.8553 0
      vertex -6.79815 -77.7032 0
      vertex -3.55588 -66.8498 0
    endloop
  endfacet
  facet normal 0 0 -1
    outer loop
      vertex -6.79815 -77.7032 0
      vertex -6.94551 -66.5831 0
      vertex -3.55588 -66.8498 0
    endloop
  endfacet
  facet normal 0 0 -1
    outer loop
      vertex -6.79815 -77.7032 0
      vertex -7.04964 -66.5721 0
      vertex -6.94551 -66.5831 0
    endloop
  endfacet
  facet normal 0 0 -1
    outer loop
      vertex -6.79815 -77.7032 0
      vertex -10.4207 -66.1283 0
      vertex -7.04964 -66.5721 0
    endloop
  endfacet
  facet normal 0 0 -1
    outer loop
      vertex -13.5446 -76.815 0
      vertex -10.4207 -66.1283 0
      vertex -6.79815 -77.7032 0
    endloop
  endfacet
  facet normal -0 0 -1
    outer loop
      vertex -10.4207 -66.1283 0
      vertex -13.5446 -76.815 0
      vertex -10.5241 -66.1119 0
    endloop
  endfacet
  facet normal 0 0 -1
    outer loop
      vertex -13.5446 -76.815 0
      vertex -13.8673 -65.4923 0
      vertex -10.5241 -66.1119 0
    endloop
  endfacet
  facet normal 0 0 -1
    outer loop
      vertex -13.5446 -76.815 0
      vertex -13.9697 -65.4705 0
      vertex -13.8673 -65.4923 0
    endloop
  endfacet
  facet normal 0 0 -1
    outer loop
      vertex -20.1879 -75.3422 0
      vertex -13.9697 -65.4705 0
      vertex -13.5446 -76.815 0
    endloop
  endfacet
  facet normal -0 0 -1
    outer loop
      vertex -13.9697 -65.4705 0
      vertex -20.1879 -75.3422 0
      vertex -17.2759 -64.6768 0
    endloop
  endfacet
  facet normal 0 -0 -1
    outer loop
      vertex -17.377 -64.6497 0
      vertex -17.2759 -64.6768 0
      vertex -20.1879 -75.3422 0
    endloop
  endfacet
  facet normal 0 0 -1
    outer loop
      vertex -17.2759 -64.6768 0
      vertex -17.377 -64.6497 0
      vertex -17.3123 -64.6658 0
    endloop
  endfacet
  facet normal 0 0 -1
    outer loop
      vertex -20.1879 -75.3422 0
      vertex -20.6371 -63.684 0
      vertex -17.377 -64.6497 0
    endloop
  endfacet
  facet normal 0 0 -1
    outer loop
      vertex -26.6776 -73.296 0
      vertex -20.6371 -63.684 0
      vertex -20.1879 -75.3422 0
    endloop
  endfacet
  facet normal -0 0 -1
    outer loop
      vertex -20.6371 -63.684 0
      vertex -26.6776 -73.296 0
      vertex -20.7367 -63.6516 0
    endloop
  endfacet
  facet normal -0 0 -1
    outer loop
      vertex -20.7367 -63.6516 0
      vertex -26.6776 -73.296 0
      vertex -23.9418 -62.5167 0
    endloop
  endfacet
  facet normal -0 0 -1
    outer loop
      vertex -23.9418 -62.5167 0
      vertex -26.6776 -73.296 0
      vertex -24.0396 -62.4791 0
    endloop
  endfacet
  facet normal 0 0 -1
    outer loop
      vertex -26.6776 -73.296 0
      vertex -27.1809 -61.178 0
      vertex -24.0396 -62.4791 0
    endloop
  endfacet
  facet normal 0 0 -1
    outer loop
      vertex -32.9642 -70.692 0
      vertex -27.1809 -61.178 0
      vertex -26.6776 -73.296 0
    endloop
  endfacet
  facet normal -0 0 -1
    outer loop
      vertex -27.1809 -61.178 0
      vertex -32.9642 -70.692 0
      vertex -27.2765 -61.1354 0
    endloop
  endfacet
  facet normal 0 0 -1
    outer loop
      vertex -34.4845 -63.2288 0
      vertex -27.2765 -61.1354 0
      vertex -32.9642 -70.692 0
    endloop
  endfacet
  facet normal 0 -0 -1
    outer loop
      vertex -34.3555 -62.9524 0
      vertex -27.2765 -61.1354 0
      vertex -34.414 -63.0934 0
    endloop
  endfacet
  facet normal 0 -0 -1
    outer loop
      vertex -34.3096 -62.8068 0
      vertex -27.2765 -61.1354 0
      vertex -34.3555 -62.9524 0
    endloop
  endfacet
  facet normal 0 0 -1
    outer loop
      vertex -34.2567 -62.2013 0
      vertex -30.3454 -59.6716 0
      vertex -34.25 -62.3538 0
    endloop
  endfacet
  facet normal 0 0 -1
    outer loop
      vertex -34.2766 -62.0499 0
      vertex -30.4387 -59.624 0
      vertex -34.2567 -62.2013 0
    endloop
  endfacet
  facet normal -0 0 -1
    outer loop
      vertex -30.3454 -59.6716 0
      vertex -34.2567 -62.2013 0
      vertex -30.4387 -59.624 0
    endloop
  endfacet
  facet normal 0 -0 -1
    outer loop
      vertex -34.25 -62.3538 0
      vertex -30.3454 -59.6716 0
      vertex -34.2567 -62.5064 0
    endloop
  endfacet
  facet normal 0 -0 -1
    outer loop
      vertex -34.2567 -62.5064 0
      vertex -30.3454 -59.6716 0
      vertex -34.2766 -62.6577 0
    endloop
  endfacet
  facet normal 0 -0 -1
    outer loop
      vertex -34.2766 -62.6577 0
      vertex -30.3454 -59.6716 0
      vertex -34.3096 -62.8068 0
    endloop
  endfacet
  facet normal -0 0 -1
    outer loop
      vertex -27.2765 -61.1354 0
      vertex -34.3096 -62.8068 0
      vertex -30.3454 -59.6716 0
    endloop
  endfacet
  facet normal 0 0 -1
    outer loop
      vertex -27.2765 -61.1354 0
      vertex -34.4845 -63.2288 0
      vertex -34.414 -63.0934 0
    endloop
  endfacet
  facet normal 0 0 -1
    outer loop
      vertex -32.9642 -70.692 0
      vertex -34.5665 -63.3576 0
      vertex -34.4845 -63.2288 0
    endloop
  endfacet
  facet normal 0 0 -1
    outer loop
      vertex -32.9642 -70.692 0
      vertex -34.6594 -63.4787 0
      vertex -34.5665 -63.3576 0
    endloop
  endfacet
  facet normal 0 0 -1
    outer loop
      vertex -32.9642 -70.692 0
      vertex -34.7626 -63.5913 0
      vertex -34.6594 -63.4787 0
    endloop
  endfacet
  facet normal 0 0 -1
    outer loop
      vertex -32.9642 -70.692 0
      vertex -34.8751 -63.6944 0
      vertex -34.7626 -63.5913 0
    endloop
  endfacet
  facet normal 0 0 -1
    outer loop
      vertex -32.9642 -70.692 0
      vertex -34.9962 -63.7873 0
      vertex -34.8751 -63.6944 0
    endloop
  endfacet
  facet normal 0 0 -1
    outer loop
      vertex -32.9642 -70.692 0
      vertex -35.125 -63.8694 0
      vertex -34.9962 -63.7873 0
    endloop
  endfacet
  facet normal 0 0 -1
    outer loop
      vertex -32.9642 -70.692 0
      vertex -35.2604 -63.9399 0
      vertex -35.125 -63.8694 0
    endloop
  endfacet
  facet normal 0 0 -1
    outer loop
      vertex -32.9642 -70.692 0
      vertex -35.4015 -63.9983 0
      vertex -35.2604 -63.9399 0
    endloop
  endfacet
  facet normal 0 0 -1
    outer loop
      vertex -32.9642 -70.692 0
      vertex -35.5471 -64.0442 0
      vertex -35.4015 -63.9983 0
    endloop
  endfacet
  facet normal 0 0 -1
    outer loop
      vertex -32.9642 -70.692 0
      vertex -35.6961 -64.0772 0
      vertex -35.5471 -64.0442 0
    endloop
  endfacet
  facet normal 0 0 -1
    outer loop
      vertex -32.9642 -70.692 0
      vertex -35.8475 -64.0972 0
      vertex -35.6961 -64.0772 0
    endloop
  endfacet
  facet normal 0 0 -1
    outer loop
      vertex -39 -67.55 0
      vertex -35.8475 -64.0972 0
      vertex -32.9642 -70.692 0
    endloop
  endfacet
  facet normal 0 0 -1
    outer loop
      vertex -35.8475 -64.0972 0
      vertex -39 -67.55 0
      vertex -36 -64.1038 0
    endloop
  endfacet
  facet normal -0 0 -1
    outer loop
      vertex -36 -64.1038 0
      vertex -39 -67.55 0
      vertex -36.1525 -64.0972 0
    endloop
  endfacet
  facet normal -0 0 -1
    outer loop
      vertex -36.1525 -64.0972 0
      vertex -39 -67.55 0
      vertex -36.3039 -64.0772 0
    endloop
  endfacet
  facet normal -0 0 -1
    outer loop
      vertex -36.3039 -64.0772 0
      vertex -39 -67.55 0
      vertex -36.4529 -64.0442 0
    endloop
  endfacet
  facet normal -0 0 -1
    outer loop
      vertex -36.4529 -64.0442 0
      vertex -39 -67.55 0
      vertex -36.5985 -63.9983 0
    endloop
  endfacet
  facet normal -0 0 -1
    outer loop
      vertex -36.5985 -63.9983 0
      vertex -39 -67.55 0
      vertex -36.7396 -63.9399 0
    endloop
  endfacet
  facet normal -0 0 -1
    outer loop
      vertex -36.7396 -63.9399 0
      vertex -39 -67.55 0
      vertex -36.875 -63.8694 0
    endloop
  endfacet
  facet normal -0 0 -1
    outer loop
      vertex -36.875 -63.8694 0
      vertex -39 -67.55 0
      vertex -37.0038 -63.7873 0
    endloop
  endfacet
  facet normal -0 0 -1
    outer loop
      vertex -37.0038 -63.7873 0
      vertex -39 -67.55 0
      vertex -37.1249 -63.6944 0
    endloop
  endfacet
  facet normal -0 0 -1
    outer loop
      vertex -37.1249 -63.6944 0
      vertex -39 -67.55 0
      vertex -37.2374 -63.5913 0
    endloop
  endfacet
  facet normal -0 0 -1
    outer loop
      vertex -37.2374 -63.5913 0
      vertex -39 -67.55 0
      vertex -37.3406 -63.4787 0
    endloop
  endfacet
  facet normal -0 0 -1
    outer loop
      vertex -37.3406 -63.4787 0
      vertex -39 -67.55 0
      vertex -37.4335 -63.3576 0
    endloop
  endfacet
  facet normal -0 0 -1
    outer loop
      vertex -37.7234 -62.6577 0
      vertex -44.739 -63.8939 0
      vertex -37.7433 -62.5064 0
    endloop
  endfacet
  facet normal -0 0 -1
    outer loop
      vertex -37.6904 -62.8068 0
      vertex -44.739 -63.8939 0
      vertex -37.7234 -62.6577 0
    endloop
  endfacet
  facet normal -0 0 -1
    outer loop
      vertex -37.6445 -62.9524 0
      vertex -44.739 -63.8939 0
      vertex -37.6904 -62.8068 0
    endloop
  endfacet
  facet normal 0 0 -1
    outer loop
      vertex -44.739 -63.8939 0
      vertex -37.6445 -62.9524 0
      vertex -39 -67.55 0
    endloop
  endfacet
  facet normal -0 0 -1
    outer loop
      vertex -37.586 -63.0934 0
      vertex -39 -67.55 0
      vertex -37.6445 -62.9524 0
    endloop
  endfacet
  facet normal -0 0 -1
    outer loop
      vertex -37.5155 -63.2288 0
      vertex -39 -67.55 0
      vertex -37.586 -63.0934 0
    endloop
  endfacet
  facet normal -0 0 -1
    outer loop
      vertex -37.4335 -63.3576 0
      vertex -39 -67.55 0
      vertex -37.5155 -63.2288 0
    endloop
  endfacet
  facet normal -0 0 -1
    outer loop
      vertex 15.523 -65.1265 0
      vertex 13.9697 -65.4705 0
      vertex 15.5328 -65.0953 0
    endloop
  endfacet
  facet normal -0 0 -1
    outer loop
      vertex 15.4824 -65.3096 0
      vertex 13.9697 -65.4705 0
      vertex 15.523 -65.1265 0
    endloop
  endfacet
  facet normal 0 0 -1
    outer loop
      vertex 15.4579 -65.4956 0
      vertex 13.9697 -65.4705 0
      vertex 15.4824 -65.3096 0
    endloop
  endfacet
  facet normal 0 0 -1
    outer loop
      vertex 13.9697 -65.4705 0
      vertex 15.4579 -65.4956 0
      vertex 15.4497 -65.683 0
    endloop
  endfacet
  facet normal 0 0 -1
    outer loop
      vertex -34.3096 -61.9009 0
      vertex -30.4387 -59.624 0
      vertex -34.2766 -62.0499 0
    endloop
  endfacet
  facet normal 0 0 -1
    outer loop
      vertex -34.3555 -61.7553 0
      vertex -30.4387 -59.624 0
      vertex -34.3096 -61.9009 0
    endloop
  endfacet
  facet normal 0 0 -1
    outer loop
      vertex -34.414 -61.6142 0
      vertex -30.4387 -59.624 0
      vertex -34.3555 -61.7553 0
    endloop
  endfacet
  facet normal 0 0 -1
    outer loop
      vertex -34.4845 -61.4788 0
      vertex -30.4387 -59.624 0
      vertex -34.414 -61.6142 0
    endloop
  endfacet
  facet normal 0 0 -1
    outer loop
      vertex -34.5665 -61.3501 0
      vertex -30.4387 -59.624 0
      vertex -34.4845 -61.4788 0
    endloop
  endfacet
  facet normal -0 0 -1
    outer loop
      vertex -30.4387 -59.624 0
      vertex -34.5665 -61.3501 0
      vertex -33.4268 -58.0016 0
    endloop
  endfacet
  facet normal 0 0 -1
    outer loop
      vertex -34.6594 -61.229 0
      vertex -33.4268 -58.0016 0
      vertex -34.5665 -61.3501 0
    endloop
  endfacet
  facet normal 0 0 -1
    outer loop
      vertex -34.7626 -61.1164 0
      vertex -33.4268 -58.0016 0
      vertex -34.6594 -61.229 0
    endloop
  endfacet
  facet normal 0 0 -1
    outer loop
      vertex -34.8751 -61.0133 0
      vertex -33.4268 -58.0016 0
      vertex -34.7626 -61.1164 0
    endloop
  endfacet
  facet normal 0 0 -1
    outer loop
      vertex -34.9962 -60.9203 0
      vertex -33.4268 -58.0016 0
      vertex -34.8751 -61.0133 0
    endloop
  endfacet
  facet normal 0 0 -1
    outer loop
      vertex -35.125 -60.8383 0
      vertex -33.4268 -58.0016 0
      vertex -34.9962 -60.9203 0
    endloop
  endfacet
  facet normal -0 0 -1
    outer loop
      vertex -33.4268 -58.0016 0
      vertex -35.125 -60.8383 0
      vertex -33.5175 -57.9493 0
    endloop
  endfacet
  facet normal 0 0 -1
    outer loop
      vertex -35.2604 -60.7678 0
      vertex -33.5175 -57.9493 0
      vertex -35.125 -60.8383 0
    endloop
  endfacet
  facet normal 0 0 -1
    outer loop
      vertex -35.4015 -60.7094 0
      vertex -33.5175 -57.9493 0
      vertex -35.2604 -60.7678 0
    endloop
  endfacet
  facet normal 0 0 -1
    outer loop
      vertex -35.5471 -60.6635 0
      vertex -33.5175 -57.9493 0
      vertex -35.4015 -60.7094 0
    endloop
  endfacet
  facet normal 0 0 -1
    outer loop
      vertex -35.6961 -60.6304 0
      vertex -33.5175 -57.9493 0
      vertex -35.5471 -60.6635 0
    endloop
  endfacet
  facet normal 0 0 -1
    outer loop
      vertex -35.8475 -60.6105 0
      vertex -33.5175 -57.9493 0
      vertex -35.6961 -60.6304 0
    endloop
  endfacet
  facet normal 0 0 -1
    outer loop
      vertex -36.4166 -56.1727 0
      vertex -35.8475 -60.6105 0
      vertex -36 -60.6038 0
    endloop
  endfacet
  facet normal 0 0 -1
    outer loop
      vertex -36.4166 -56.1727 0
      vertex -36 -60.6038 0
      vertex -36.1525 -60.6105 0
    endloop
  endfacet
  facet normal 0 0 -1
    outer loop
      vertex -36.4166 -56.1727 0
      vertex -36.1525 -60.6105 0
      vertex -36.3039 -60.6304 0
    endloop
  endfacet
  facet normal 0 0 -1
    outer loop
      vertex -35.8475 -60.6105 0
      vertex -36.4166 -56.1727 0
      vertex -33.5175 -57.9493 0
    endloop
  endfacet
  facet normal 0 0 -1
    outer loop
      vertex -36.4529 -60.6635 0
      vertex -36.4166 -56.1727 0
      vertex -36.3039 -60.6304 0
    endloop
  endfacet
  facet normal 0 0 -1
    outer loop
      vertex -36.5985 -60.7094 0
      vertex -36.4166 -56.1727 0
      vertex -36.4529 -60.6635 0
    endloop
  endfacet
  facet normal 0 0 -1
    outer loop
      vertex -36.7396 -60.7678 0
      vertex -36.4166 -56.1727 0
      vertex -36.5985 -60.7094 0
    endloop
  endfacet
  facet normal -0 0 -1
    outer loop
      vertex -36.4166 -56.1727 0
      vertex -36.7396 -60.7678 0
      vertex -36.5044 -56.1157 0
    endloop
  endfacet
  facet normal 0 0 -1
    outer loop
      vertex -36.875 -60.8383 0
      vertex -36.5044 -56.1157 0
      vertex -36.7396 -60.7678 0
    endloop
  endfacet
  facet normal 0 0 -1
    outer loop
      vertex -37.0038 -60.9203 0
      vertex -36.5044 -56.1157 0
      vertex -36.875 -60.8383 0
    endloop
  endfacet
  facet normal 0 0 -1
    outer loop
      vertex -37.1249 -61.0133 0
      vertex -36.5044 -56.1157 0
      vertex -37.0038 -60.9203 0
    endloop
  endfacet
  facet normal 0 0 -1
    outer loop
      vertex -37.2374 -61.1164 0
      vertex -36.5044 -56.1157 0
      vertex -37.1249 -61.0133 0
    endloop
  endfacet
  facet normal 0 0 -1
    outer loop
      vertex -39.3065 -54.1899 0
      vertex -37.2374 -61.1164 0
      vertex -37.3406 -61.229 0
    endloop
  endfacet
  facet normal 0 0 -1
    outer loop
      vertex -39.3065 -54.1899 0
      vertex -37.3406 -61.229 0
      vertex -37.4335 -61.3501 0
    endloop
  endfacet
  facet normal 0 0 -1
    outer loop
      vertex -39.3065 -54.1899 0
      vertex -37.4335 -61.3501 0
      vertex -37.5155 -61.4788 0
    endloop
  endfacet
  facet normal 0 0 -1
    outer loop
      vertex -44.739 -63.8939 0
      vertex -37.5155 -61.4788 0
      vertex -37.586 -61.6142 0
    endloop
  endfacet
  facet normal 0 0 -1
    outer loop
      vertex -44.739 -63.8939 0
      vertex -37.586 -61.6142 0
      vertex -37.6445 -61.7553 0
    endloop
  endfacet
  facet normal 0 0 -1
    outer loop
      vertex -44.739 -63.8939 0
      vertex -37.6445 -61.7553 0
      vertex -37.6904 -61.9009 0
    endloop
  endfacet
  facet normal 0 0 -1
    outer loop
      vertex -44.739 -63.8939 0
      vertex -37.6904 -61.9009 0
      vertex -37.7234 -62.0499 0
    endloop
  endfacet
  facet normal -0 0 -1
    outer loop
      vertex -37.7433 -62.5064 0
      vertex -44.739 -63.8939 0
      vertex -37.75 -62.3538 0
    endloop
  endfacet
  facet normal -0 0 -1
    outer loop
      vertex -37.75 -62.3538 0
      vertex -44.739 -63.8939 0
      vertex -37.7433 -62.2013 0
    endloop
  endfacet
  facet normal -0 0 -1
    outer loop
      vertex -37.7433 -62.2013 0
      vertex -44.739 -63.8939 0
      vertex -37.7234 -62.0499 0
    endloop
  endfacet
  facet normal -0 0 -1
    outer loop
      vertex -37.5155 -61.4788 0
      vertex -44.739 -63.8939 0
      vertex -39.3065 -54.1899 0
    endloop
  endfacet
  facet normal 0 0 -1
    outer loop
      vertex -37.2374 -61.1164 0
      vertex -39.3065 -54.1899 0
      vertex -36.5044 -56.1157 0
    endloop
  endfacet
  facet normal -0 0 -1
    outer loop
      vertex -39.3065 -54.1899 0
      vertex -44.739 -63.8939 0
      vertex -39.3912 -54.1283 0
    endloop
  endfacet
  facet normal -0 0 -1
    outer loop
      vertex -39.3912 -54.1283 0
      vertex -44.739 -63.8939 0
      vertex -42.0887 -52.0585 0
    endloop
  endfacet
  facet normal 0 0 -1
    outer loop
      vertex -50.1374 -59.7515 0
      vertex -42.0887 -52.0585 0
      vertex -44.739 -63.8939 0
    endloop
  endfacet
  facet normal -0 0 -1
    outer loop
      vertex -42.0887 -52.0585 0
      vertex -50.1374 -59.7515 0
      vertex -42.1701 -51.9926 0
    endloop
  endfacet
  facet normal -0 0 -1
    outer loop
      vertex -42.1701 -51.9926 0
      vertex -50.1374 -59.7515 0
      vertex -44.7556 -49.7843 0
    endloop
  endfacet
  facet normal -0 0 -1
    outer loop
      vertex -44.7556 -49.7843 0
      vertex -50.1374 -59.7515 0
      vertex -44.8334 -49.7143 0
    endloop
  endfacet
  facet normal 0 0 -1
    outer loop
      vertex -55.1543 -55.1543 0
      vertex -44.8334 -49.7143 0
      vertex -50.1374 -59.7515 0
    endloop
  endfacet
  facet normal -0 0 -1
    outer loop
      vertex -44.8334 -49.7143 0
      vertex -55.1543 -55.1543 0
      vertex -47.2997 -47.3738 0
    endloop
  endfacet
  facet normal 0 -0 -1
    outer loop
      vertex -47.3738 -47.2997 0
      vertex -47.2997 -47.3738 0
      vertex -55.1543 -55.1543 0
    endloop
  endfacet
  facet normal 0 0 -1
    outer loop
      vertex -47.2997 -47.3738 0
      vertex -47.3738 -47.2997 0
      vertex -47.3258 -47.3461 0
    endloop
  endfacet
  facet normal -0 0 -1
    outer loop
      vertex -47.3738 -47.2997 0
      vertex -55.1543 -55.1543 0
      vertex -49.7143 -44.8334 0
    endloop
  endfacet
  facet normal 0 0 -1
    outer loop
      vertex -59.7515 -50.1374 0
      vertex -49.7143 -44.8334 0
      vertex -55.1543 -55.1543 0
    endloop
  endfacet
  facet normal -0 0 -1
    outer loop
      vertex -49.7143 -44.8334 0
      vertex -59.7515 -50.1374 0
      vertex -49.7843 -44.7556 0
    endloop
  endfacet
  facet normal -0 0 -1
    outer loop
      vertex -49.7843 -44.7556 0
      vertex -59.7515 -50.1374 0
      vertex -51.9926 -42.1701 0
    endloop
  endfacet
  facet normal -0 0 -1
    outer loop
      vertex -51.9926 -42.1701 0
      vertex -59.7515 -50.1374 0
      vertex -52.0585 -42.0887 0
    endloop
  endfacet
  facet normal -0 0 -1
    outer loop
      vertex -52.0585 -42.0887 0
      vertex -59.7515 -50.1374 0
      vertex -54.1283 -39.3912 0
    endloop
  endfacet
  facet normal 0 0 -1
    outer loop
      vertex -63.8939 -44.739 0
      vertex -54.1283 -39.3912 0
      vertex -59.7515 -50.1374 0
    endloop
  endfacet
  facet normal -0 0 -1
    outer loop
      vertex -54.1283 -39.3912 0
      vertex -63.8939 -44.739 0
      vertex -54.1899 -39.3065 0
    endloop
  endfacet
  facet normal -0 0 -1
    outer loop
      vertex -54.1899 -39.3065 0
      vertex -63.8939 -44.739 0
      vertex -56.1157 -36.5044 0
    endloop
  endfacet
  facet normal -0 0 -1
    outer loop
      vertex -56.1157 -36.5044 0
      vertex -63.8939 -44.739 0
      vertex -56.1727 -36.4166 0
    endloop
  endfacet
  facet normal 0 0 -1
    outer loop
      vertex -67.55 -39 0
      vertex -56.1727 -36.4166 0
      vertex -63.8939 -44.739 0
    endloop
  endfacet
  facet normal -0 0 -1
    outer loop
      vertex -56.1727 -36.4166 0
      vertex -67.55 -39 0
      vertex -57.9493 -33.5175 0
    endloop
  endfacet
  facet normal -0 0 -1
    outer loop
      vertex -57.9493 -33.5175 0
      vertex -67.55 -39 0
      vertex -58.0016 -33.4268 0
    endloop
  endfacet
  facet normal -0 0 -1
    outer loop
      vertex -58.0016 -33.4268 0
      vertex -67.55 -39 0
      vertex -59.624 -30.4387 0
    endloop
  endfacet
  facet normal 0 0 -1
    outer loop
      vertex -70.692 -32.9642 0
      vertex -59.624 -30.4387 0
      vertex -67.55 -39 0
    endloop
  endfacet
  facet normal -0 0 -1
    outer loop
      vertex -59.624 -30.4387 0
      vertex -70.692 -32.9642 0
      vertex -59.6716 -30.3454 0
    endloop
  endfacet
  facet normal -0 0 -1
    outer loop
      vertex -59.6716 -30.3454 0
      vertex -70.692 -32.9642 0
      vertex -61.1354 -27.2765 0
    endloop
  endfacet
  facet normal -0 0 -1
    outer loop
      vertex -61.1354 -27.2765 0
      vertex -70.692 -32.9642 0
      vertex -61.178 -27.1809 0
    endloop
  endfacet
  facet normal -0 0 -1
    outer loop
      vertex -61.178 -27.1809 0
      vertex -70.692 -32.9642 0
      vertex -62.4791 -24.0396 0
    endloop
  endfacet
  facet normal 0 0 -1
    outer loop
      vertex -73.296 -26.6776 0
      vertex -62.4791 -24.0396 0
      vertex -70.692 -32.9642 0
    endloop
  endfacet
  facet normal -0 0 -1
    outer loop
      vertex -62.4791 -24.0396 0
      vertex -73.296 -26.6776 0
      vertex -62.5167 -23.9418 0
    endloop
  endfacet
  facet normal 0 -0 -1
    outer loop
      vertex -66.2394 -19.6764 0
      vertex -62.5167 -23.9418 0
      vertex -73.296 -26.6776 0
    endloop
  endfacet
  facet normal 0 0 -1
    outer loop
      vertex -63.684 -20.6371 0
      vertex -64.1627 -19.12 0
      vertex -64.1405 -19.0958 0
    endloop
  endfacet
  facet normal 0 0 -1
    outer loop
      vertex -63.684 -20.6371 0
      vertex -64.301 -19.2467 0
      vertex -64.1627 -19.12 0
    endloop
  endfacet
  facet normal 0 0 -1
    outer loop
      vertex -63.684 -20.6371 0
      vertex -64.4498 -19.3609 0
      vertex -64.301 -19.2467 0
    endloop
  endfacet
  facet normal 0 0 -1
    outer loop
      vertex -63.684 -20.6371 0
      vertex -64.608 -19.4616 0
      vertex -64.4498 -19.3609 0
    endloop
  endfacet
  facet normal -0 -0 -1
    outer loop
      vertex -65.8703 -19.7415 0
      vertex -62.5167 -23.9418 0
      vertex -66.0563 -19.717 0
    endloop
  endfacet
  facet normal 0 0 -1
    outer loop
      vertex -63.684 -20.6371 0
      vertex -64.7743 -19.5483 0
      vertex -64.608 -19.4616 0
    endloop
  endfacet
  facet normal 0 0 -1
    outer loop
      vertex -63.684 -20.6371 0
      vertex -64.9476 -19.62 0
      vertex -64.7743 -19.5483 0
    endloop
  endfacet
  facet normal 0 0 -1
    outer loop
      vertex -63.684 -20.6371 0
      vertex -65.1265 -19.6764 0
      vertex -64.9476 -19.62 0
    endloop
  endfacet
  facet normal 0 0 -1
    outer loop
      vertex -63.684 -20.6371 0
      vertex -65.3096 -19.717 0
      vertex -65.1265 -19.6764 0
    endloop
  endfacet
  facet normal 0 0 -1
    outer loop
      vertex -63.6516 -20.7367 0
      vertex -65.3096 -19.717 0
      vertex -63.684 -20.6371 0
    endloop
  endfacet
  facet normal 0 -0 -1
    outer loop
      vertex -65.3096 -19.717 0
      vertex -63.6516 -20.7367 0
      vertex -65.4956 -19.7415 0
    endloop
  endfacet
  facet normal 0 0 -1
    outer loop
      vertex -62.5167 -23.9418 0
      vertex -65.8703 -19.7415 0
      vertex -63.6516 -20.7367 0
    endloop
  endfacet
  facet normal 0 -0 -1
    outer loop
      vertex -65.4956 -19.7415 0
      vertex -63.6516 -20.7367 0
      vertex -65.683 -19.7497 0
    endloop
  endfacet
  facet normal -0 -0 -1
    outer loop
      vertex -65.683 -19.7497 0
      vertex -63.6516 -20.7367 0
      vertex -65.8703 -19.7415 0
    endloop
  endfacet
  facet normal 0 0 -1
    outer loop
      vertex -62.5167 -23.9418 0
      vertex -66.2394 -19.6764 0
      vertex -66.0563 -19.717 0
    endloop
  endfacet
  facet normal -0 0 -1
    outer loop
      vertex -66.2394 -19.6764 0
      vertex -73.296 -26.6776 0
      vertex -66.4183 -19.62 0
    endloop
  endfacet
  facet normal -0 0 -1
    outer loop
      vertex -66.4183 -19.62 0
      vertex -73.296 -26.6776 0
      vertex -66.5916 -19.5483 0
    endloop
  endfacet
  facet normal -0 0 -1
    outer loop
      vertex -66.5916 -19.5483 0
      vertex -73.296 -26.6776 0
      vertex -66.758 -19.4616 0
    endloop
  endfacet
  facet normal -0 0 -1
    outer loop
      vertex -66.758 -19.4616 0
      vertex -73.296 -26.6776 0
      vertex -66.9161 -19.3609 0
    endloop
  endfacet
  facet normal -0 0 -1
    outer loop
      vertex -66.9161 -19.3609 0
      vertex -73.296 -26.6776 0
      vertex -67.0649 -19.2467 0
    endloop
  endfacet
  facet normal -0 0 -1
    outer loop
      vertex -67.0649 -19.2467 0
      vertex -73.296 -26.6776 0
      vertex -67.2032 -19.12 0
    endloop
  endfacet
  facet normal -0 0 -1
    outer loop
      vertex -67.2032 -19.12 0
      vertex -73.296 -26.6776 0
      vertex -67.3299 -18.9817 0
    endloop
  endfacet
  facet normal 0 0 -1
    outer loop
      vertex -75.3422 -20.1879 0
      vertex -67.3299 -18.9817 0
      vertex -73.296 -26.6776 0
    endloop
  endfacet
  facet normal -0 0 -1
    outer loop
      vertex -67.3299 -18.9817 0
      vertex -75.3422 -20.1879 0
      vertex -67.4441 -18.8329 0
    endloop
  endfacet
  facet normal -0 0 -1
    outer loop
      vertex -67.4441 -18.8329 0
      vertex -75.3422 -20.1879 0
      vertex -67.5449 -18.6747 0
    endloop
  endfacet
  facet normal -0 0 -1
    outer loop
      vertex -67.5449 -18.6747 0
      vertex -75.3422 -20.1879 0
      vertex -67.6315 -18.5083 0
    endloop
  endfacet
  facet normal -0 0 -1
    outer loop
      vertex -67.6315 -18.5083 0
      vertex -75.3422 -20.1879 0
      vertex -67.7033 -18.335 0
    endloop
  endfacet
  facet normal -0 0 -1
    outer loop
      vertex -67.7033 -18.335 0
      vertex -75.3422 -20.1879 0
      vertex -67.7597 -18.1562 0
    endloop
  endfacet
  facet normal -0 0 -1
    outer loop
      vertex -67.7597 -18.1562 0
      vertex -75.3422 -20.1879 0
      vertex -67.8003 -17.973 0
    endloop
  endfacet
  facet normal 0 0 -1
    outer loop
      vertex -70.2567 0.152522 0
      vertex -66.9443 0.0523529 0
      vertex -70.25 0 0
    endloop
  endfacet
  facet normal 0 0 -1
    outer loop
      vertex -66.9443 -0.0523529 0
      vertex -70.25 0 0
      vertex -66.9443 0.0523529 0
    endloop
  endfacet
  facet normal 0 -0 -1
    outer loop
      vertex -70.25 0 0
      vertex -66.9443 -0.0523529 0
      vertex -70.2567 -0.152522 0
    endloop
  endfacet
  facet normal 0 -0 -1
    outer loop
      vertex -70.2567 -0.152522 0
      vertex -66.9443 -0.0523529 0
      vertex -70.2766 -0.303884 0
    endloop
  endfacet
  facet normal 0 -0 -1
    outer loop
      vertex -70.2766 -0.303884 0
      vertex -66.9443 -0.0523529 0
      vertex -70.3096 -0.452933 0
    endloop
  endfacet
  facet normal -0 0 -1
    outer loop
      vertex -67.8003 -17.973 0
      vertex -75.3422 -20.1879 0
      vertex -67.8248 -17.7871 0
    endloop
  endfacet
  facet normal 0 -0 -1
    outer loop
      vertex -70.3555 -0.598535 0
      vertex -66.9443 -0.0523529 0
      vertex -70.414 -0.739581 0
    endloop
  endfacet
  facet normal -0 0 -1
    outer loop
      vertex -67.8248 -17.7871 0
      vertex -75.3422 -20.1879 0
      vertex -67.833 -17.5997 0
    endloop
  endfacet
  facet normal 0 0 -1
    outer loop
      vertex -66.8553 -3.45131 0
      vertex -70.414 -0.739581 0
      vertex -66.9443 -0.0523529 0
    endloop
  endfacet
  facet normal 0 -0 -1
    outer loop
      vertex -70.414 -0.739581 0
      vertex -66.8553 -3.45131 0
      vertex -70.4845 -0.875 0
    endloop
  endfacet
  facet normal -0 0 -1
    outer loop
      vertex -67.8003 -17.2264 0
      vertex -75.3422 -20.1879 0
      vertex -76.815 -13.5446 0
    endloop
  endfacet
  facet normal 0 -0 -1
    outer loop
      vertex -70.4845 -0.875 0
      vertex -66.8553 -3.45131 0
      vertex -70.5665 -1.00376 0
    endloop
  endfacet
  facet normal 0 -0 -1
    outer loop
      vertex -70.5665 -1.00376 0
      vertex -66.8553 -3.45131 0
      vertex -70.6594 -1.12488 0
    endloop
  endfacet
  facet normal 0 -0 -1
    outer loop
      vertex -70.6594 -1.12488 0
      vertex -66.8553 -3.45131 0
      vertex -70.7626 -1.23744 0
    endloop
  endfacet
  facet normal 0 0 -1
    outer loop
      vertex -66.8498 -3.55588 0
      vertex -70.9962 -1.43352 0
      vertex -66.8553 -3.45131 0
    endloop
  endfacet
  facet normal 0 -0 -1
    outer loop
      vertex -70.9962 -1.43352 0
      vertex -66.8498 -3.55588 0
      vertex -71.125 -1.51554 0
    endloop
  endfacet
  facet normal 0 -0 -1
    outer loop
      vertex -71.125 -1.51554 0
      vertex -66.8498 -3.55588 0
      vertex -71.2604 -1.58604 0
    endloop
  endfacet
  facet normal 0 -0 -1
    outer loop
      vertex -71.2604 -1.58604 0
      vertex -66.8498 -3.55588 0
      vertex -71.4015 -1.64446 0
    endloop
  endfacet
  facet normal 0 -0 -1
    outer loop
      vertex -71.6961 -1.72341 0
      vertex -66.5831 -6.94551 0
      vertex -71.8475 -1.74334 0
    endloop
  endfacet
  facet normal 0 -0 -1
    outer loop
      vertex -71.4015 -1.64446 0
      vertex -66.8498 -3.55588 0
      vertex -71.5471 -1.69037 0
    endloop
  endfacet
  facet normal 0 -0 -1
    outer loop
      vertex -71.5471 -1.69037 0
      vertex -66.5831 -6.94551 0
      vertex -71.6961 -1.72341 0
    endloop
  endfacet
  facet normal 0 0 -1
    outer loop
      vertex -66.5831 -6.94551 0
      vertex -71.5471 -1.69037 0
      vertex -66.8498 -3.55588 0
    endloop
  endfacet
  facet normal 0 0 -1
    outer loop
      vertex -66.5831 -6.94551 0
      vertex -72 -1.75 0
      vertex -71.8475 -1.74334 0
    endloop
  endfacet
  facet normal -0 0 -1
    outer loop
      vertex -72 -1.75 0
      vertex -77.7032 -6.79815 0
      vertex -72.1525 -1.74334 0
    endloop
  endfacet
  facet normal -0 0 -1
    outer loop
      vertex -72.1525 -1.74334 0
      vertex -77.7032 -6.79815 0
      vertex -72.3039 -1.72341 0
    endloop
  endfacet
  facet normal -0 0 -1
    outer loop
      vertex -72.3039 -1.72341 0
      vertex -77.7032 -6.79815 0
      vertex -72.4529 -1.69037 0
    endloop
  endfacet
  facet normal -0 0 -1
    outer loop
      vertex -72.4529 -1.69037 0
      vertex -77.7032 -6.79815 0
      vertex -72.5985 -1.64446 0
    endloop
  endfacet
  facet normal -0 0 -1
    outer loop
      vertex -72.5985 -1.64446 0
      vertex -77.7032 -6.79815 0
      vertex -72.7396 -1.58604 0
    endloop
  endfacet
  facet normal -0 0 -1
    outer loop
      vertex -72.7396 -1.58604 0
      vertex -77.7032 -6.79815 0
      vertex -72.875 -1.51554 0
    endloop
  endfacet
  facet normal -0 0 -1
    outer loop
      vertex -72.875 -1.51554 0
      vertex -77.7032 -6.79815 0
      vertex -73.0038 -1.43352 0
    endloop
  endfacet
  facet normal -0 0 -1
    outer loop
      vertex -73.0038 -1.43352 0
      vertex -77.7032 -6.79815 0
      vertex -73.1249 -1.34058 0
    endloop
  endfacet
  facet normal -0 0 -1
    outer loop
      vertex -73.1249 -1.34058 0
      vertex -77.7032 -6.79815 0
      vertex -73.2374 -1.23744 0
    endloop
  endfacet
  facet normal -0 0 -1
    outer loop
      vertex -73.2374 -1.23744 0
      vertex -77.7032 -6.79815 0
      vertex -73.3406 -1.12488 0
    endloop
  endfacet
  facet normal -0 0 -1
    outer loop
      vertex -73.3406 -1.12488 0
      vertex -77.7032 -6.79815 0
      vertex -73.4335 -1.00376 0
    endloop
  endfacet
  facet normal 0 0 -1
    outer loop
      vertex -78 0 0
      vertex -73.4335 -1.00376 0
      vertex -77.7032 -6.79815 0
    endloop
  endfacet
  facet normal 0 0 -1
    outer loop
      vertex -73.4335 -1.00376 0
      vertex -78 0 0
      vertex -73.5155 -0.875 0
    endloop
  endfacet
  facet normal 0 0 -1
    outer loop
      vertex -73.5155 -0.875 0
      vertex -78 0 0
      vertex -73.586 -0.739581 0
    endloop
  endfacet
  facet normal 0 0 -1
    outer loop
      vertex -73.586 -0.739581 0
      vertex -78 0 0
      vertex -73.6445 -0.598535 0
    endloop
  endfacet
  facet normal 0 0 -1
    outer loop
      vertex -73.6445 -0.598535 0
      vertex -78 0 0
      vertex -73.6904 -0.452933 0
    endloop
  endfacet
  facet normal 0 0 -1
    outer loop
      vertex 44.739 -63.8939 0
      vertex 37.7433 -62.5064 0
      vertex 37.75 -62.3538 0
    endloop
  endfacet
  facet normal 0 0 -1
    outer loop
      vertex 44.739 -63.8939 0
      vertex 37.7234 -62.6577 0
      vertex 37.7433 -62.5064 0
    endloop
  endfacet
  facet normal 0 0 -1
    outer loop
      vertex 44.739 -63.8939 0
      vertex 37.6904 -62.8068 0
      vertex 37.7234 -62.6577 0
    endloop
  endfacet
  facet normal 0 0 -1
    outer loop
      vertex 44.739 -63.8939 0
      vertex 37.6445 -62.9524 0
      vertex 37.6904 -62.8068 0
    endloop
  endfacet
  facet normal 0 0 -1
    outer loop
      vertex 39 -67.55 0
      vertex 37.586 -63.0934 0
      vertex 37.6445 -62.9524 0
    endloop
  endfacet
  facet normal 0 0 -1
    outer loop
      vertex 39 -67.55 0
      vertex 37.5155 -63.2288 0
      vertex 37.586 -63.0934 0
    endloop
  endfacet
  facet normal 0 0 -1
    outer loop
      vertex 39 -67.55 0
      vertex 37.4335 -63.3576 0
      vertex 37.5155 -63.2288 0
    endloop
  endfacet
  facet normal 0 0 -1
    outer loop
      vertex 39 -67.55 0
      vertex 37.3406 -63.4787 0
      vertex 37.4335 -63.3576 0
    endloop
  endfacet
  facet normal 0 0 -1
    outer loop
      vertex 39 -67.55 0
      vertex 37.2374 -63.5913 0
      vertex 37.3406 -63.4787 0
    endloop
  endfacet
  facet normal 0 0 -1
    outer loop
      vertex 39 -67.55 0
      vertex 37.1249 -63.6944 0
      vertex 37.2374 -63.5913 0
    endloop
  endfacet
  facet normal 0 0 -1
    outer loop
      vertex 39 -67.55 0
      vertex 37.0038 -63.7873 0
      vertex 37.1249 -63.6944 0
    endloop
  endfacet
  facet normal 0 0 -1
    outer loop
      vertex 39 -67.55 0
      vertex 36.875 -63.8694 0
      vertex 37.0038 -63.7873 0
    endloop
  endfacet
  facet normal 0 0 -1
    outer loop
      vertex 39 -67.55 0
      vertex 36.7396 -63.9399 0
      vertex 36.875 -63.8694 0
    endloop
  endfacet
  facet normal 0 0 -1
    outer loop
      vertex 39 -67.55 0
      vertex 36.5985 -63.9983 0
      vertex 36.7396 -63.9399 0
    endloop
  endfacet
  facet normal 0 0 -1
    outer loop
      vertex 39 -67.55 0
      vertex 36.4529 -64.0442 0
      vertex 36.5985 -63.9983 0
    endloop
  endfacet
  facet normal 0 0 -1
    outer loop
      vertex 39 -67.55 0
      vertex 36.3039 -64.0772 0
      vertex 36.4529 -64.0442 0
    endloop
  endfacet
  facet normal 0 0 -1
    outer loop
      vertex 39 -67.55 0
      vertex 36.1525 -64.0972 0
      vertex 36.3039 -64.0772 0
    endloop
  endfacet
  facet normal 0 0 -1
    outer loop
      vertex 39 -67.55 0
      vertex 36 -64.1038 0
      vertex 36.1525 -64.0972 0
    endloop
  endfacet
  facet normal 0 0 -1
    outer loop
      vertex 39 -67.55 0
      vertex 35.8475 -64.0972 0
      vertex 36 -64.1038 0
    endloop
  endfacet
  facet normal 0 0 -1
    outer loop
      vertex 39 -67.55 0
      vertex 35.6961 -64.0772 0
      vertex 35.8475 -64.0972 0
    endloop
  endfacet
  facet normal 0 0 -1
    outer loop
      vertex 32.9642 -70.692 0
      vertex 35.6961 -64.0772 0
      vertex 39 -67.55 0
    endloop
  endfacet
  facet normal -0 0 -1
    outer loop
      vertex 35.6961 -64.0772 0
      vertex 32.9642 -70.692 0
      vertex 35.5471 -64.0442 0
    endloop
  endfacet
  facet normal -0 0 -1
    outer loop
      vertex 35.5471 -64.0442 0
      vertex 32.9642 -70.692 0
      vertex 35.4015 -63.9983 0
    endloop
  endfacet
  facet normal -0 0 -1
    outer loop
      vertex 35.4015 -63.9983 0
      vertex 32.9642 -70.692 0
      vertex 35.2604 -63.9399 0
    endloop
  endfacet
  facet normal -0 0 -1
    outer loop
      vertex 35.2604 -63.9399 0
      vertex 32.9642 -70.692 0
      vertex 35.125 -63.8694 0
    endloop
  endfacet
  facet normal -0 0 -1
    outer loop
      vertex 35.125 -63.8694 0
      vertex 32.9642 -70.692 0
      vertex 34.9962 -63.7873 0
    endloop
  endfacet
  facet normal -0 0 -1
    outer loop
      vertex 34.9962 -63.7873 0
      vertex 32.9642 -70.692 0
      vertex 34.8751 -63.6944 0
    endloop
  endfacet
  facet normal 0 0 -1
    outer loop
      vertex 30.3454 -59.6716 0
      vertex 34.25 -62.3538 0
      vertex 34.2567 -62.5064 0
    endloop
  endfacet
  facet normal 0 0 -1
    outer loop
      vertex 30.3454 -59.6716 0
      vertex 34.2567 -62.5064 0
      vertex 34.2766 -62.6577 0
    endloop
  endfacet
  facet normal 0 0 -1
    outer loop
      vertex 34.25 -62.3538 0
      vertex 33.4268 -58.0016 0
      vertex 33.5175 -57.9493 0
    endloop
  endfacet
  facet normal -0 0 -1
    outer loop
      vertex 34.8751 -63.6944 0
      vertex 32.9642 -70.692 0
      vertex 34.7626 -63.5913 0
    endloop
  endfacet
  facet normal 0 0 -1
    outer loop
      vertex 32.9642 -70.692 0
      vertex 34.6594 -63.4787 0
      vertex 34.7626 -63.5913 0
    endloop
  endfacet
  facet normal 0 0 -1
    outer loop
      vertex 32.9642 -70.692 0
      vertex 34.5665 -63.3576 0
      vertex 34.6594 -63.4787 0
    endloop
  endfacet
  facet normal 0 0 -1
    outer loop
      vertex 32.9642 -70.692 0
      vertex 34.4845 -63.2288 0
      vertex 34.5665 -63.3576 0
    endloop
  endfacet
  facet normal 0 0 -1
    outer loop
      vertex 27.2765 -61.1354 0
      vertex 34.4845 -63.2288 0
      vertex 32.9642 -70.692 0
    endloop
  endfacet
  facet normal 0 0 -1
    outer loop
      vertex 34.4845 -63.2288 0
      vertex 27.2765 -61.1354 0
      vertex 34.414 -63.0934 0
    endloop
  endfacet
  facet normal 0 0 -1
    outer loop
      vertex 34.414 -63.0934 0
      vertex 27.2765 -61.1354 0
      vertex 34.3555 -62.9524 0
    endloop
  endfacet
  facet normal 0 0 -1
    outer loop
      vertex 34.3555 -62.9524 0
      vertex 27.2765 -61.1354 0
      vertex 34.3096 -62.8068 0
    endloop
  endfacet
  facet normal 0 -0 -1
    outer loop
      vertex 30.3454 -59.6716 0
      vertex 34.3096 -62.8068 0
      vertex 27.2765 -61.1354 0
    endloop
  endfacet
  facet normal 0 0 -1
    outer loop
      vertex 34.25 -62.3538 0
      vertex 30.4387 -59.624 0
      vertex 33.4268 -58.0016 0
    endloop
  endfacet
  facet normal 0 0 -1
    outer loop
      vertex 34.25 -62.3538 0
      vertex 30.3454 -59.6716 0
      vertex 30.4387 -59.624 0
    endloop
  endfacet
  facet normal 0 0 -1
    outer loop
      vertex 34.3096 -62.8068 0
      vertex 30.3454 -59.6716 0
      vertex 34.2766 -62.6577 0
    endloop
  endfacet
  facet normal 0 0 -1
    outer loop
      vertex 32.9642 -70.692 0
      vertex 27.1809 -61.178 0
      vertex 27.2765 -61.1354 0
    endloop
  endfacet
  facet normal 0 0 -1
    outer loop
      vertex 26.6776 -73.296 0
      vertex 27.1809 -61.178 0
      vertex 32.9642 -70.692 0
    endloop
  endfacet
  facet normal 0 0 -1
    outer loop
      vertex 26.6776 -73.296 0
      vertex 24.0396 -62.4791 0
      vertex 27.1809 -61.178 0
    endloop
  endfacet
  facet normal 0 0 -1
    outer loop
      vertex 26.6776 -73.296 0
      vertex 23.9418 -62.5167 0
      vertex 24.0396 -62.4791 0
    endloop
  endfacet
  facet normal 0 0 -1
    outer loop
      vertex 19.7415 -65.8703 0
      vertex 23.9418 -62.5167 0
      vertex 26.6776 -73.296 0
    endloop
  endfacet
  facet normal 0 0 -1
    outer loop
      vertex 19.7415 -65.8703 0
      vertex 20.7367 -63.6516 0
      vertex 23.9418 -62.5167 0
    endloop
  endfacet
  facet normal 0 0 -1
    outer loop
      vertex 19.12 -67.2032 0
      vertex 26.6776 -73.296 0
      vertex 20.1879 -75.3422 0
    endloop
  endfacet
  facet normal 0 0 -1
    outer loop
      vertex 19.7415 -65.4956 0
      vertex 20.7367 -63.6516 0
      vertex 19.7497 -65.683 0
    endloop
  endfacet
  facet normal 0 0 -1
    outer loop
      vertex 19.717 -65.3096 0
      vertex 20.7367 -63.6516 0
      vertex 19.7415 -65.4956 0
    endloop
  endfacet
  facet normal 0 0 -1
    outer loop
      vertex 20.7367 -63.6516 0
      vertex 19.717 -65.3096 0
      vertex 20.6371 -63.684 0
    endloop
  endfacet
  facet normal 0 0 -1
    outer loop
      vertex 19.6764 -65.1265 0
      vertex 20.6371 -63.684 0
      vertex 19.717 -65.3096 0
    endloop
  endfacet
  facet normal 0 0 -1
    outer loop
      vertex 19.62 -64.9476 0
      vertex 20.6371 -63.684 0
      vertex 19.6764 -65.1265 0
    endloop
  endfacet
  facet normal 0 0 -1
    outer loop
      vertex 19.5483 -64.7743 0
      vertex 20.6371 -63.684 0
      vertex 19.62 -64.9476 0
    endloop
  endfacet
  facet normal 0 0 -1
    outer loop
      vertex 19.4616 -64.608 0
      vertex 20.6371 -63.684 0
      vertex 19.5483 -64.7743 0
    endloop
  endfacet
  facet normal 0 0 -1
    outer loop
      vertex 19.3609 -64.4498 0
      vertex 20.6371 -63.684 0
      vertex 19.4616 -64.608 0
    endloop
  endfacet
  facet normal 0 0 -1
    outer loop
      vertex 19.2467 -64.301 0
      vertex 20.6371 -63.684 0
      vertex 19.3609 -64.4498 0
    endloop
  endfacet
  facet normal 0 0 -1
    outer loop
      vertex 19.12 -64.1627 0
      vertex 20.6371 -63.684 0
      vertex 19.2467 -64.301 0
    endloop
  endfacet
  facet normal 0 0 -1
    outer loop
      vertex 20.6371 -63.684 0
      vertex 19.12 -64.1627 0
      vertex 19.0958 -64.1405 0
    endloop
  endfacet
  facet normal 0 0 -1
    outer loop
      vertex 73.4335 -1.00376 0
      vertex 78 0 0
      vertex 77.7032 -6.79815 0
    endloop
  endfacet
  facet normal 0 0 -1
    outer loop
      vertex 66.5721 -7.04964 0
      vertex 77.7032 -6.79815 0
      vertex 76.815 -13.5446 0
    endloop
  endfacet
  facet normal 0 0 -1
    outer loop
      vertex 78 0 0
      vertex 73.6904 -0.452933 0
      vertex 73.7234 -0.303884 0
    endloop
  endfacet
  facet normal 0 0 -1
    outer loop
      vertex 65.4705 -13.9697 0
      vertex 76.815 -13.5446 0
      vertex 75.3422 -20.1879 0
    endloop
  endfacet
  facet normal 0 0 -1
    outer loop
      vertex 73.7433 0.152522 0
      vertex 78 0 0
      vertex 73.75 0 0
    endloop
  endfacet
  facet normal 0 0 -1
    outer loop
      vertex 73.6904 0.452933 0
      vertex 78 0 0
      vertex 73.7234 0.303884 0
    endloop
  endfacet
  facet normal 0 0 -1
    outer loop
      vertex 73.7234 0.303884 0
      vertex 78 0 0
      vertex 73.7433 0.152522 0
    endloop
  endfacet
  facet normal -0 0 -1
    outer loop
      vertex 78 0 0
      vertex 73.7433 -0.152522 0
      vertex 73.75 0 0
    endloop
  endfacet
  facet normal 0 0 -1
    outer loop
      vertex 78 0 0
      vertex 73.7234 -0.303884 0
      vertex 73.7433 -0.152522 0
    endloop
  endfacet
  facet normal 0 0 -1
    outer loop
      vertex 78 0 0
      vertex 73.6445 -0.598535 0
      vertex 73.6904 -0.452933 0
    endloop
  endfacet
  facet normal 0 0 -1
    outer loop
      vertex 78 0 0
      vertex 73.586 -0.739581 0
      vertex 73.6445 -0.598535 0
    endloop
  endfacet
  facet normal 0 0 -1
    outer loop
      vertex 78 0 0
      vertex 73.5155 -0.875 0
      vertex 73.586 -0.739581 0
    endloop
  endfacet
  facet normal 0 0 -1
    outer loop
      vertex 78 0 0
      vertex 73.4335 -1.00376 0
      vertex 73.5155 -0.875 0
    endloop
  endfacet
  facet normal 0 0 -1
    outer loop
      vertex 77.7032 -6.79815 0
      vertex 73.3406 -1.12488 0
      vertex 73.4335 -1.00376 0
    endloop
  endfacet
  facet normal 0 0 -1
    outer loop
      vertex 63.684 -20.6371 0
      vertex 75.3422 -20.1879 0
      vertex 73.296 -26.6776 0
    endloop
  endfacet
  facet normal 0 0 -1
    outer loop
      vertex 77.7032 -6.79815 0
      vertex 73.2374 -1.23744 0
      vertex 73.3406 -1.12488 0
    endloop
  endfacet
  facet normal 0 0 -1
    outer loop
      vertex 77.7032 -6.79815 0
      vertex 73.1249 -1.34058 0
      vertex 73.2374 -1.23744 0
    endloop
  endfacet
  facet normal 0 0 -1
    outer loop
      vertex 77.7032 -6.79815 0
      vertex 73.0038 -1.43352 0
      vertex 73.1249 -1.34058 0
    endloop
  endfacet
  facet normal 0 0 -1
    outer loop
      vertex 77.7032 -6.79815 0
      vertex 72.875 -1.51554 0
      vertex 73.0038 -1.43352 0
    endloop
  endfacet
  facet normal 0 0 -1
    outer loop
      vertex 76.815 -13.5446 0
      vertex 66.1119 -10.5241 0
      vertex 66.1283 -10.4207 0
    endloop
  endfacet
  facet normal 0 0 -1
    outer loop
      vertex 77.7032 -6.79815 0
      vertex 72.7396 -1.58604 0
      vertex 72.875 -1.51554 0
    endloop
  endfacet
  facet normal 0 -0 -1
    outer loop
      vertex 66.5721 -7.04964 0
      vertex 76.815 -13.5446 0
      vertex 66.1283 -10.4207 0
    endloop
  endfacet
  facet normal 0 0 -1
    outer loop
      vertex 77.7032 -6.79815 0
      vertex 72.5985 -1.64446 0
      vertex 72.7396 -1.58604 0
    endloop
  endfacet
  facet normal 0 0 -1
    outer loop
      vertex 77.7032 -6.79815 0
      vertex 72.4529 -1.69037 0
      vertex 72.5985 -1.64446 0
    endloop
  endfacet
  facet normal 0 -0 -1
    outer loop
      vertex 66.5831 -6.94551 0
      vertex 77.7032 -6.79815 0
      vertex 66.5721 -7.04964 0
    endloop
  endfacet
  facet normal 0 0 -1
    outer loop
      vertex 77.7032 -6.79815 0
      vertex 72.3039 -1.72341 0
      vertex 72.4529 -1.69037 0
    endloop
  endfacet
  facet normal 0 0 -1
    outer loop
      vertex 77.7032 -6.79815 0
      vertex 72.1525 -1.74334 0
      vertex 72.3039 -1.72341 0
    endloop
  endfacet
  facet normal 0 -0 -1
    outer loop
      vertex 72 -1.75 0
      vertex 77.7032 -6.79815 0
      vertex 66.5831 -6.94551 0
    endloop
  endfacet
  facet normal 0 0 -1
    outer loop
      vertex 77.7032 -6.79815 0
      vertex 72 -1.75 0
      vertex 72.1525 -1.74334 0
    endloop
  endfacet
  facet normal -0 0 -1
    outer loop
      vertex 72 -1.75 0
      vertex 66.5831 -6.94551 0
      vertex 71.8475 -1.74334 0
    endloop
  endfacet
  facet normal -0 0 -1
    outer loop
      vertex 71.8475 -1.74334 0
      vertex 66.5831 -6.94551 0
      vertex 71.6961 -1.72341 0
    endloop
  endfacet
  facet normal -0 0 -1
    outer loop
      vertex 71.6961 -1.72341 0
      vertex 66.5831 -6.94551 0
      vertex 71.5471 -1.69037 0
    endloop
  endfacet
  facet normal 0 -0 -1
    outer loop
      vertex 66.8498 -3.55588 0
      vertex 71.5471 -1.69037 0
      vertex 66.5831 -6.94551 0
    endloop
  endfacet
  facet normal -0 0 -1
    outer loop
      vertex 71.5471 -1.69037 0
      vertex 66.8498 -3.55588 0
      vertex 71.4015 -1.64446 0
    endloop
  endfacet
  facet normal 0 0 -1
    outer loop
      vertex 62.4791 -24.0396 0
      vertex 73.296 -26.6776 0
      vertex 70.692 -32.9642 0
    endloop
  endfacet
  facet normal -0 0 -1
    outer loop
      vertex 76.815 -13.5446 0
      vertex 65.4923 -13.8673 0
      vertex 66.1119 -10.5241 0
    endloop
  endfacet
  facet normal -0 0 -1
    outer loop
      vertex 71.2604 -1.58604 0
      vertex 66.8498 -3.55588 0
      vertex 71.125 -1.51554 0
    endloop
  endfacet
  facet normal -0 0 -1
    outer loop
      vertex 71.125 -1.51554 0
      vertex 66.8498 -3.55588 0
      vertex 70.9962 -1.43352 0
    endloop
  endfacet
  facet normal 0 -0 -1
    outer loop
      vertex 66.8553 -3.45131 0
      vertex 70.9962 -1.43352 0
      vertex 66.8498 -3.55588 0
    endloop
  endfacet
  facet normal -0 0 -1
    outer loop
      vertex 70.9962 -1.43352 0
      vertex 66.8553 -3.45131 0
      vertex 70.8751 -1.34058 0
    endloop
  endfacet
  facet normal -0 0 -1
    outer loop
      vertex 70.8751 -1.34058 0
      vertex 66.8553 -3.45131 0
      vertex 70.7626 -1.23744 0
    endloop
  endfacet
  facet normal -0 0 -1
    outer loop
      vertex 70.7626 -1.23744 0
      vertex 66.8553 -3.45131 0
      vertex 70.6594 -1.12488 0
    endloop
  endfacet
  facet normal -0 0 -1
    outer loop
      vertex 70.6594 -1.12488 0
      vertex 66.8553 -3.45131 0
      vertex 70.5665 -1.00376 0
    endloop
  endfacet
  facet normal -0 0 -1
    outer loop
      vertex 70.5665 -1.00376 0
      vertex 66.8553 -3.45131 0
      vertex 70.4845 -0.875 0
    endloop
  endfacet
  facet normal -0 0 -1
    outer loop
      vertex 70.4845 -0.875 0
      vertex 66.8553 -3.45131 0
      vertex 70.414 -0.739581 0
    endloop
  endfacet
  facet normal 0 0 -1
    outer loop
      vertex 70.25 0 0
      vertex 67.8248 17.4123 0
      vertex 67.833 17.5997 0
    endloop
  endfacet
  facet normal 0 0 -1
    outer loop
      vertex 66.8553 3.45131 0
      vertex 70.25 0 0
      vertex 66.9443 0.0523529 0
    endloop
  endfacet
  facet normal 0 0 -1
    outer loop
      vertex 70.25 0 0
      vertex 67.8003 17.2264 0
      vertex 67.8248 17.4123 0
    endloop
  endfacet
  facet normal 0 0 -1
    outer loop
      vertex 66.8498 3.55588 0
      vertex 70.25 0 0
      vertex 66.8553 3.45131 0
    endloop
  endfacet
  facet normal 0 0 -1
    outer loop
      vertex 66.5831 6.94551 0
      vertex 70.25 0 0
      vertex 66.8498 3.55588 0
    endloop
  endfacet
  facet normal 0 0 -1
    outer loop
      vertex 59.624 -30.4387 0
      vertex 70.692 -32.9642 0
      vertex 67.55 -39 0
    endloop
  endfacet
  facet normal -0 0 -1
    outer loop
      vertex 70.25 0 0
      vertex 66.9443 -0.0523529 0
      vertex 66.9443 0.0523529 0
    endloop
  endfacet
  facet normal 0 0 -1
    outer loop
      vertex 70.25 0 0
      vertex 67.7597 17.0432 0
      vertex 67.8003 17.2264 0
    endloop
  endfacet
  facet normal 0 0 -1
    outer loop
      vertex 66.5721 7.04964 0
      vertex 70.25 0 0
      vertex 66.5831 6.94551 0
    endloop
  endfacet
  facet normal 0 0 -1
    outer loop
      vertex 70.25 0 0
      vertex 67.7033 16.8644 0
      vertex 67.7597 17.0432 0
    endloop
  endfacet
  facet normal 0 -0 -1
    outer loop
      vertex 67.6315 16.6911 0
      vertex 70.25 0 0
      vertex 66.5721 7.04964 0
    endloop
  endfacet
  facet normal 0 0 -1
    outer loop
      vertex 70.25 0 0
      vertex 67.6315 16.6911 0
      vertex 67.7033 16.8644 0
    endloop
  endfacet
  facet normal 0 0 -1
    outer loop
      vertex 70.2567 -0.152522 0
      vertex 66.9443 -0.0523529 0
      vertex 70.25 0 0
    endloop
  endfacet
  facet normal 0 0 -1
    outer loop
      vertex 70.2766 -0.303884 0
      vertex 66.9443 -0.0523529 0
      vertex 70.2567 -0.152522 0
    endloop
  endfacet
  facet normal 0 0 -1
    outer loop
      vertex 70.3096 -0.452933 0
      vertex 66.9443 -0.0523529 0
      vertex 70.2766 -0.303884 0
    endloop
  endfacet
  facet normal 0 0 -1
    outer loop
      vertex 70.3555 -0.598535 0
      vertex 66.9443 -0.0523529 0
      vertex 70.3096 -0.452933 0
    endloop
  endfacet
  facet normal 0 0 -1
    outer loop
      vertex 70.414 -0.739581 0
      vertex 66.9443 -0.0523529 0
      vertex 70.3555 -0.598535 0
    endloop
  endfacet
  facet normal 0 -0 -1
    outer loop
      vertex 66.9443 -0.0523529 0
      vertex 70.414 -0.739581 0
      vertex 66.8553 -3.45131 0
    endloop
  endfacet
  facet normal -0 0 -1
    outer loop
      vertex 71.4015 -1.64446 0
      vertex 66.8498 -3.55588 0
      vertex 71.2604 -1.58604 0
    endloop
  endfacet
  facet normal 0 0 -1
    outer loop
      vertex 76.815 -13.5446 0
      vertex 65.4705 -13.9697 0
      vertex 65.4923 -13.8673 0
    endloop
  endfacet
  facet normal 0 0 -1
    outer loop
      vertex 75.3422 -20.1879 0
      vertex 64.6768 -17.2759 0
      vertex 65.4705 -13.9697 0
    endloop
  endfacet
  facet normal 0 0 -1
    outer loop
      vertex 75.3422 -20.1879 0
      vertex 64.6497 -17.377 0
      vertex 64.6768 -17.2759 0
    endloop
  endfacet
  facet normal 0 0 -1
    outer loop
      vertex 64.6768 -17.2759 0
      vertex 64.6497 -17.377 0
      vertex 64.6658 -17.3123 0
    endloop
  endfacet
  facet normal 0 0 -1
    outer loop
      vertex 56.1727 -36.4166 0
      vertex 67.55 -39 0
      vertex 63.8939 -44.739 0
    endloop
  endfacet
  facet normal -0 0 -1
    outer loop
      vertex 75.3422 -20.1879 0
      vertex 63.684 -20.6371 0
      vertex 64.6497 -17.377 0
    endloop
  endfacet
  facet normal 0 0 -1
    outer loop
      vertex 73.296 -26.6776 0
      vertex 63.6516 -20.7367 0
      vertex 63.684 -20.6371 0
    endloop
  endfacet
  facet normal 0 0 -1
    outer loop
      vertex 73.296 -26.6776 0
      vertex 62.5167 -23.9418 0
      vertex 63.6516 -20.7367 0
    endloop
  endfacet
  facet normal 0 0 -1
    outer loop
      vertex 73.296 -26.6776 0
      vertex 62.4791 -24.0396 0
      vertex 62.5167 -23.9418 0
    endloop
  endfacet
  facet normal 0 0 -1
    outer loop
      vertex 70.692 -32.9642 0
      vertex 61.178 -27.1809 0
      vertex 62.4791 -24.0396 0
    endloop
  endfacet
  facet normal 0 0 -1
    outer loop
      vertex 70.692 -32.9642 0
      vertex 61.1354 -27.2765 0
      vertex 61.178 -27.1809 0
    endloop
  endfacet
  facet normal 0 0 -1
    outer loop
      vertex 54.1283 -39.3912 0
      vertex 63.8939 -44.739 0
      vertex 59.7515 -50.1374 0
    endloop
  endfacet
  facet normal 0 0 -1
    outer loop
      vertex 70.692 -32.9642 0
      vertex 59.6716 -30.3454 0
      vertex 61.1354 -27.2765 0
    endloop
  endfacet
  facet normal 0 0 -1
    outer loop
      vertex 70.692 -32.9642 0
      vertex 59.624 -30.4387 0
      vertex 59.6716 -30.3454 0
    endloop
  endfacet
  facet normal 0 0 -1
    outer loop
      vertex 67.55 -39 0
      vertex 58.0016 -33.4268 0
      vertex 59.624 -30.4387 0
    endloop
  endfacet
  facet normal 0 0 -1
    outer loop
      vertex 67.55 -39 0
      vertex 57.9493 -33.5175 0
      vertex 58.0016 -33.4268 0
    endloop
  endfacet
  facet normal 0 0 -1
    outer loop
      vertex 67.55 -39 0
      vertex 56.1727 -36.4166 0
      vertex 57.9493 -33.5175 0
    endloop
  endfacet
  facet normal 0 0 -1
    outer loop
      vertex 63.8939 -44.739 0
      vertex 56.1157 -36.5044 0
      vertex 56.1727 -36.4166 0
    endloop
  endfacet
  facet normal 0 0 -1
    outer loop
      vertex 49.7143 -44.8334 0
      vertex 59.7515 -50.1374 0
      vertex 55.1543 -55.1543 0
    endloop
  endfacet
  facet normal 0 0 -1
    outer loop
      vertex 63.8939 -44.739 0
      vertex 54.1899 -39.3065 0
      vertex 56.1157 -36.5044 0
    endloop
  endfacet
  facet normal 0 0 -1
    outer loop
      vertex 63.8939 -44.739 0
      vertex 54.1283 -39.3912 0
      vertex 54.1899 -39.3065 0
    endloop
  endfacet
  facet normal 0 0 -1
    outer loop
      vertex 59.7515 -50.1374 0
      vertex 52.0585 -42.0887 0
      vertex 54.1283 -39.3912 0
    endloop
  endfacet
  facet normal 0 0 -1
    outer loop
      vertex 59.7515 -50.1374 0
      vertex 51.9926 -42.1701 0
      vertex 52.0585 -42.0887 0
    endloop
  endfacet
  facet normal 0 0 -1
    outer loop
      vertex 44.8334 -49.7143 0
      vertex 55.1543 -55.1543 0
      vertex 50.1374 -59.7515 0
    endloop
  endfacet
  facet normal 0 0 -1
    outer loop
      vertex 59.7515 -50.1374 0
      vertex 49.7843 -44.7556 0
      vertex 51.9926 -42.1701 0
    endloop
  endfacet
  facet normal 0 0 -1
    outer loop
      vertex 59.7515 -50.1374 0
      vertex 49.7143 -44.8334 0
      vertex 49.7843 -44.7556 0
    endloop
  endfacet
  facet normal 0 0 -1
    outer loop
      vertex 55.1543 -55.1543 0
      vertex 47.3738 -47.2997 0
      vertex 49.7143 -44.8334 0
    endloop
  endfacet
  facet normal 0 0 -1
    outer loop
      vertex 55.1543 -55.1543 0
      vertex 47.2997 -47.3738 0
      vertex 47.3738 -47.2997 0
    endloop
  endfacet
  facet normal 0 0 -1
    outer loop
      vertex 47.3738 -47.2997 0
      vertex 47.2997 -47.3738 0
      vertex 47.3461 -47.3258 0
    endloop
  endfacet
  facet normal 0 0 -1
    outer loop
      vertex 55.1543 -55.1543 0
      vertex 44.8334 -49.7143 0
      vertex 47.2997 -47.3738 0
    endloop
  endfacet
  facet normal 0 0 -1
    outer loop
      vertex 50.1374 -59.7515 0
      vertex 44.7556 -49.7843 0
      vertex 44.8334 -49.7143 0
    endloop
  endfacet
  facet normal 0 0 -1
    outer loop
      vertex 42.0887 -52.0585 0
      vertex 50.1374 -59.7515 0
      vertex 44.739 -63.8939 0
    endloop
  endfacet
  facet normal 0 0 -1
    outer loop
      vertex 50.1374 -59.7515 0
      vertex 42.1701 -51.9926 0
      vertex 44.7556 -49.7843 0
    endloop
  endfacet
  facet normal 0 0 -1
    outer loop
      vertex 50.1374 -59.7515 0
      vertex 42.0887 -52.0585 0
      vertex 42.1701 -51.9926 0
    endloop
  endfacet
  facet normal 0 0 -1
    outer loop
      vertex 44.739 -63.8939 0
      vertex 39.3912 -54.1283 0
      vertex 42.0887 -52.0585 0
    endloop
  endfacet
  facet normal 0 0 -1
    outer loop
      vertex 44.739 -63.8939 0
      vertex 39.3065 -54.1899 0
      vertex 39.3912 -54.1283 0
    endloop
  endfacet
  facet normal 0 0 -1
    outer loop
      vertex 37.6445 -62.9524 0
      vertex 44.739 -63.8939 0
      vertex 39 -67.55 0
    endloop
  endfacet
  facet normal 0 0 -1
    outer loop
      vertex 44.739 -63.8939 0
      vertex 37.75 -62.3538 0
      vertex 37.7433 -62.2013 0
    endloop
  endfacet
  facet normal 0 0 -1
    outer loop
      vertex 37.7234 -62.0499 0
      vertex 44.739 -63.8939 0
      vertex 37.7433 -62.2013 0
    endloop
  endfacet
  facet normal 0 0 -1
    outer loop
      vertex 37.6904 -61.9009 0
      vertex 44.739 -63.8939 0
      vertex 37.7234 -62.0499 0
    endloop
  endfacet
  facet normal 0 0 -1
    outer loop
      vertex 37.6445 -61.7553 0
      vertex 44.739 -63.8939 0
      vertex 37.6904 -61.9009 0
    endloop
  endfacet
  facet normal 0 0 -1
    outer loop
      vertex 37.586 -61.6142 0
      vertex 44.739 -63.8939 0
      vertex 37.6445 -61.7553 0
    endloop
  endfacet
  facet normal 0 0 -1
    outer loop
      vertex 37.5155 -61.4788 0
      vertex 44.739 -63.8939 0
      vertex 37.586 -61.6142 0
    endloop
  endfacet
  facet normal 0 0 -1
    outer loop
      vertex 44.739 -63.8939 0
      vertex 37.5155 -61.4788 0
      vertex 39.3065 -54.1899 0
    endloop
  endfacet
  facet normal 0 0 -1
    outer loop
      vertex 37.4335 -61.3501 0
      vertex 39.3065 -54.1899 0
      vertex 37.5155 -61.4788 0
    endloop
  endfacet
  facet normal 0 0 -1
    outer loop
      vertex 37.3406 -61.229 0
      vertex 39.3065 -54.1899 0
      vertex 37.4335 -61.3501 0
    endloop
  endfacet
  facet normal 0 0 -1
    outer loop
      vertex 37.2374 -61.1164 0
      vertex 39.3065 -54.1899 0
      vertex 37.3406 -61.229 0
    endloop
  endfacet
  facet normal 0 0 -1
    outer loop
      vertex 36.5044 -56.1157 0
      vertex 37.2374 -61.1164 0
      vertex 37.1249 -61.0133 0
    endloop
  endfacet
  facet normal 0 0 -1
    outer loop
      vertex 36.5044 -56.1157 0
      vertex 37.1249 -61.0133 0
      vertex 37.0038 -60.9203 0
    endloop
  endfacet
  facet normal 0 0 -1
    outer loop
      vertex 36.5044 -56.1157 0
      vertex 37.0038 -60.9203 0
      vertex 36.875 -60.8383 0
    endloop
  endfacet
  facet normal 0 0 -1
    outer loop
      vertex 36.5044 -56.1157 0
      vertex 36.875 -60.8383 0
      vertex 36.7396 -60.7678 0
    endloop
  endfacet
  facet normal 0 0 -1
    outer loop
      vertex 36.4166 -56.1727 0
      vertex 36.7396 -60.7678 0
      vertex 36.5985 -60.7094 0
    endloop
  endfacet
  facet normal 0 0 -1
    outer loop
      vertex 37.2374 -61.1164 0
      vertex 36.5044 -56.1157 0
      vertex 39.3065 -54.1899 0
    endloop
  endfacet
  facet normal 0 0 -1
    outer loop
      vertex 36.4166 -56.1727 0
      vertex 36.5985 -60.7094 0
      vertex 36.4529 -60.6635 0
    endloop
  endfacet
  facet normal 0 0 -1
    outer loop
      vertex 36.7396 -60.7678 0
      vertex 36.4166 -56.1727 0
      vertex 36.5044 -56.1157 0
    endloop
  endfacet
  facet normal 0 0 -1
    outer loop
      vertex 36.3039 -60.6304 0
      vertex 36.4166 -56.1727 0
      vertex 36.4529 -60.6635 0
    endloop
  endfacet
  facet normal 0 0 -1
    outer loop
      vertex 36.1525 -60.6105 0
      vertex 36.4166 -56.1727 0
      vertex 36.3039 -60.6304 0
    endloop
  endfacet
  facet normal 0 0 -1
    outer loop
      vertex 36 -60.6038 0
      vertex 36.4166 -56.1727 0
      vertex 36.1525 -60.6105 0
    endloop
  endfacet
  facet normal 0 0 -1
    outer loop
      vertex 35.8475 -60.6105 0
      vertex 36.4166 -56.1727 0
      vertex 36 -60.6038 0
    endloop
  endfacet
  facet normal 0 0 -1
    outer loop
      vertex 33.5175 -57.9493 0
      vertex 35.8475 -60.6105 0
      vertex 35.6961 -60.6304 0
    endloop
  endfacet
  facet normal 0 0 -1
    outer loop
      vertex 33.5175 -57.9493 0
      vertex 35.6961 -60.6304 0
      vertex 35.5471 -60.6635 0
    endloop
  endfacet
  facet normal 0 0 -1
    outer loop
      vertex 33.5175 -57.9493 0
      vertex 35.5471 -60.6635 0
      vertex 35.4015 -60.7094 0
    endloop
  endfacet
  facet normal 0 0 -1
    outer loop
      vertex 33.5175 -57.9493 0
      vertex 35.4015 -60.7094 0
      vertex 35.2604 -60.7678 0
    endloop
  endfacet
  facet normal 0 0 -1
    outer loop
      vertex 33.5175 -57.9493 0
      vertex 35.2604 -60.7678 0
      vertex 35.125 -60.8383 0
    endloop
  endfacet
  facet normal 0 0 -1
    outer loop
      vertex 33.5175 -57.9493 0
      vertex 35.125 -60.8383 0
      vertex 34.9962 -60.9203 0
    endloop
  endfacet
  facet normal 0 0 -1
    outer loop
      vertex 33.5175 -57.9493 0
      vertex 34.9962 -60.9203 0
      vertex 34.8751 -61.0133 0
    endloop
  endfacet
  facet normal 0 0 -1
    outer loop
      vertex 33.5175 -57.9493 0
      vertex 34.8751 -61.0133 0
      vertex 34.7626 -61.1164 0
    endloop
  endfacet
  facet normal 0 0 -1
    outer loop
      vertex 33.5175 -57.9493 0
      vertex 34.7626 -61.1164 0
      vertex 34.6594 -61.229 0
    endloop
  endfacet
  facet normal 0 0 -1
    outer loop
      vertex 33.5175 -57.9493 0
      vertex 34.6594 -61.229 0
      vertex 34.5665 -61.3501 0
    endloop
  endfacet
  facet normal 0 0 -1
    outer loop
      vertex 33.5175 -57.9493 0
      vertex 34.5665 -61.3501 0
      vertex 34.4845 -61.4788 0
    endloop
  endfacet
  facet normal 0 0 -1
    outer loop
      vertex 33.5175 -57.9493 0
      vertex 34.4845 -61.4788 0
      vertex 34.414 -61.6142 0
    endloop
  endfacet
  facet normal 0 0 -1
    outer loop
      vertex 33.5175 -57.9493 0
      vertex 34.414 -61.6142 0
      vertex 34.3555 -61.7553 0
    endloop
  endfacet
  facet normal 0 0 -1
    outer loop
      vertex 35.8475 -60.6105 0
      vertex 33.5175 -57.9493 0
      vertex 36.4166 -56.1727 0
    endloop
  endfacet
  facet normal 0 0 -1
    outer loop
      vertex 34.3096 -61.9009 0
      vertex 33.5175 -57.9493 0
      vertex 34.3555 -61.7553 0
    endloop
  endfacet
  facet normal 0 0 -1
    outer loop
      vertex 34.2766 -62.0499 0
      vertex 33.5175 -57.9493 0
      vertex 34.3096 -61.9009 0
    endloop
  endfacet
  facet normal 0 0 -1
    outer loop
      vertex 34.2567 -62.2013 0
      vertex 33.5175 -57.9493 0
      vertex 34.2766 -62.0499 0
    endloop
  endfacet
  facet normal 0 0 -1
    outer loop
      vertex 33.5175 -57.9493 0
      vertex 34.2567 -62.2013 0
      vertex 34.25 -62.3538 0
    endloop
  endfacet
  facet normal 0 0 -1
    outer loop
      vertex 73.6445 0.598535 0
      vertex 78 0 0
      vertex 73.6904 0.452933 0
    endloop
  endfacet
  facet normal 0 0 -1
    outer loop
      vertex 73.586 0.739581 0
      vertex 78 0 0
      vertex 73.6445 0.598535 0
    endloop
  endfacet
  facet normal 0 0 -1
    outer loop
      vertex 73.5155 0.875 0
      vertex 78 0 0
      vertex 73.586 0.739581 0
    endloop
  endfacet
  facet normal 0 0 -1
    outer loop
      vertex 73.4335 1.00376 0
      vertex 78 0 0
      vertex 73.5155 0.875 0
    endloop
  endfacet
  facet normal 0 0 -1
    outer loop
      vertex 78 0 0
      vertex 73.4335 1.00376 0
      vertex 77.7032 6.79815 0
    endloop
  endfacet
  facet normal 0 0 -1
    outer loop
      vertex 73.3406 1.12488 0
      vertex 77.7032 6.79815 0
      vertex 73.4335 1.00376 0
    endloop
  endfacet
  facet normal 0 0 -1
    outer loop
      vertex 73.2374 1.23744 0
      vertex 77.7032 6.79815 0
      vertex 73.3406 1.12488 0
    endloop
  endfacet
  facet normal 0 0 -1
    outer loop
      vertex 73.1249 1.34058 0
      vertex 77.7032 6.79815 0
      vertex 73.2374 1.23744 0
    endloop
  endfacet
  facet normal 0 0 -1
    outer loop
      vertex 73.0038 1.43352 0
      vertex 77.7032 6.79815 0
      vertex 73.1249 1.34058 0
    endloop
  endfacet
  facet normal 0 0 -1
    outer loop
      vertex 72.875 1.51554 0
      vertex 77.7032 6.79815 0
      vertex 73.0038 1.43352 0
    endloop
  endfacet
  facet normal 0 0 -1
    outer loop
      vertex 72.7396 1.58604 0
      vertex 77.7032 6.79815 0
      vertex 72.875 1.51554 0
    endloop
  endfacet
  facet normal 0 0 -1
    outer loop
      vertex 72.5985 1.64446 0
      vertex 77.7032 6.79815 0
      vertex 72.7396 1.58604 0
    endloop
  endfacet
  facet normal 0 0 -1
    outer loop
      vertex 72.4529 1.69037 0
      vertex 77.7032 6.79815 0
      vertex 72.5985 1.64446 0
    endloop
  endfacet
  facet normal 0 0 -1
    outer loop
      vertex 72.3039 1.72341 0
      vertex 77.7032 6.79815 0
      vertex 72.4529 1.69037 0
    endloop
  endfacet
  facet normal 0 0 -1
    outer loop
      vertex 72.1525 1.74334 0
      vertex 77.7032 6.79815 0
      vertex 72.3039 1.72341 0
    endloop
  endfacet
  facet normal 0 0 -1
    outer loop
      vertex 76.815 13.5446 0
      vertex 67.833 17.5997 0
      vertex 75.3422 20.1879 0
    endloop
  endfacet
  facet normal 0 0 -1
    outer loop
      vertex 72 1.75 0
      vertex 77.7032 6.79815 0
      vertex 72.1525 1.74334 0
    endloop
  endfacet
  facet normal 0 0 -1
    outer loop
      vertex 71.8475 1.74334 0
      vertex 77.7032 6.79815 0
      vertex 72 1.75 0
    endloop
  endfacet
  facet normal 0 0 -1
    outer loop
      vertex 71.6961 1.72341 0
      vertex 77.7032 6.79815 0
      vertex 71.8475 1.74334 0
    endloop
  endfacet
  facet normal -0 0 -1
    outer loop
      vertex 77.7032 6.79815 0
      vertex 71.6961 1.72341 0
      vertex 76.815 13.5446 0
    endloop
  endfacet
  facet normal 0 0 -1
    outer loop
      vertex 71.5471 1.69037 0
      vertex 76.815 13.5446 0
      vertex 71.6961 1.72341 0
    endloop
  endfacet
  facet normal -0 0 -1
    outer loop
      vertex 76.815 13.5446 0
      vertex 71.5471 1.69037 0
      vertex 67.833 17.5997 0
    endloop
  endfacet
  facet normal 0 0 -1
    outer loop
      vertex 67.833 17.5997 0
      vertex 71.5471 1.69037 0
      vertex 71.4015 1.64446 0
    endloop
  endfacet
  facet normal 0 0 -1
    outer loop
      vertex 67.833 17.5997 0
      vertex 71.4015 1.64446 0
      vertex 71.2604 1.58604 0
    endloop
  endfacet
  facet normal 0 0 -1
    outer loop
      vertex 67.833 17.5997 0
      vertex 71.2604 1.58604 0
      vertex 71.125 1.51554 0
    endloop
  endfacet
  facet normal 0 0 -1
    outer loop
      vertex 67.833 17.5997 0
      vertex 71.125 1.51554 0
      vertex 70.9962 1.43352 0
    endloop
  endfacet
  facet normal 0 0 -1
    outer loop
      vertex 67.833 17.5997 0
      vertex 70.9962 1.43352 0
      vertex 70.8751 1.34058 0
    endloop
  endfacet
  facet normal 0 0 -1
    outer loop
      vertex 67.833 17.5997 0
      vertex 70.8751 1.34058 0
      vertex 70.7626 1.23744 0
    endloop
  endfacet
  facet normal 0 0 -1
    outer loop
      vertex 67.8248 17.7871 0
      vertex 75.3422 20.1879 0
      vertex 67.833 17.5997 0
    endloop
  endfacet
  facet normal 0 0 -1
    outer loop
      vertex 67.833 17.5997 0
      vertex 70.7626 1.23744 0
      vertex 70.6594 1.12488 0
    endloop
  endfacet
  facet normal 0 0 -1
    outer loop
      vertex 67.833 17.5997 0
      vertex 70.6594 1.12488 0
      vertex 70.5665 1.00376 0
    endloop
  endfacet
  facet normal 0 0 -1
    outer loop
      vertex 67.833 17.5997 0
      vertex 70.5665 1.00376 0
      vertex 70.4845 0.875 0
    endloop
  endfacet
  facet normal 0 0 -1
    outer loop
      vertex 67.833 17.5997 0
      vertex 70.4845 0.875 0
      vertex 70.414 0.739581 0
    endloop
  endfacet
  facet normal 0 0 -1
    outer loop
      vertex 67.833 17.5997 0
      vertex 70.414 0.739581 0
      vertex 70.3555 0.598535 0
    endloop
  endfacet
  facet normal 0 0 -1
    outer loop
      vertex 67.833 17.5997 0
      vertex 70.3555 0.598535 0
      vertex 70.3096 0.452933 0
    endloop
  endfacet
  facet normal 0 0 -1
    outer loop
      vertex 67.833 17.5997 0
      vertex 70.3096 0.452933 0
      vertex 70.2766 0.303884 0
    endloop
  endfacet
  facet normal 0 0 -1
    outer loop
      vertex 67.833 17.5997 0
      vertex 70.2766 0.303884 0
      vertex 70.2567 0.152522 0
    endloop
  endfacet
  facet normal 0 0 -1
    outer loop
      vertex 67.833 17.5997 0
      vertex 70.2567 0.152522 0
      vertex 70.25 0 0
    endloop
  endfacet
  facet normal 0 0 -1
    outer loop
      vertex 67.8003 17.973 0
      vertex 75.3422 20.1879 0
      vertex 67.8248 17.7871 0
    endloop
  endfacet
  facet normal 0 0 -1
    outer loop
      vertex 67.7597 18.1562 0
      vertex 75.3422 20.1879 0
      vertex 67.8003 17.973 0
    endloop
  endfacet
  facet normal 0 0 -1
    outer loop
      vertex 67.7033 18.335 0
      vertex 75.3422 20.1879 0
      vertex 67.7597 18.1562 0
    endloop
  endfacet
  facet normal 0 0 -1
    outer loop
      vertex 67.6315 18.5083 0
      vertex 75.3422 20.1879 0
      vertex 67.7033 18.335 0
    endloop
  endfacet
  facet normal 0 0 -1
    outer loop
      vertex 67.5449 18.6747 0
      vertex 75.3422 20.1879 0
      vertex 67.6315 18.5083 0
    endloop
  endfacet
  facet normal 0 0 -1
    outer loop
      vertex 67.4441 18.8329 0
      vertex 75.3422 20.1879 0
      vertex 67.5449 18.6747 0
    endloop
  endfacet
  facet normal 0 0 -1
    outer loop
      vertex 67.3299 18.9817 0
      vertex 75.3422 20.1879 0
      vertex 67.4441 18.8329 0
    endloop
  endfacet
  facet normal -0 0 -1
    outer loop
      vertex 75.3422 20.1879 0
      vertex 67.3299 18.9817 0
      vertex 73.296 26.6776 0
    endloop
  endfacet
  facet normal 0 0 -1
    outer loop
      vertex 67.2032 19.12 0
      vertex 73.296 26.6776 0
      vertex 67.3299 18.9817 0
    endloop
  endfacet
  facet normal 0 0 -1
    outer loop
      vertex 67.0649 19.2467 0
      vertex 73.296 26.6776 0
      vertex 67.2032 19.12 0
    endloop
  endfacet
  facet normal 0 0 -1
    outer loop
      vertex 66.9161 19.3609 0
      vertex 73.296 26.6776 0
      vertex 67.0649 19.2467 0
    endloop
  endfacet
  facet normal 0 0 -1
    outer loop
      vertex 66.758 19.4616 0
      vertex 73.296 26.6776 0
      vertex 66.9161 19.3609 0
    endloop
  endfacet
  facet normal 0 0 -1
    outer loop
      vertex 66.5916 19.5483 0
      vertex 73.296 26.6776 0
      vertex 66.758 19.4616 0
    endloop
  endfacet
  facet normal 0 0 -1
    outer loop
      vertex 66.4183 19.62 0
      vertex 73.296 26.6776 0
      vertex 66.5916 19.5483 0
    endloop
  endfacet
  facet normal 0 0 -1
    outer loop
      vertex 62.4791 24.0396 0
      vertex 73.296 26.6776 0
      vertex 62.5167 23.9418 0
    endloop
  endfacet
  facet normal 0 0 -1
    outer loop
      vertex 73.296 26.6776 0
      vertex 66.4183 19.62 0
      vertex 62.5167 23.9418 0
    endloop
  endfacet
  facet normal 0 0 -1
    outer loop
      vertex 62.5167 23.9418 0
      vertex 66.4183 19.62 0
      vertex 66.2394 19.6764 0
    endloop
  endfacet
  facet normal 0 0 -1
    outer loop
      vertex 62.5167 23.9418 0
      vertex 66.2394 19.6764 0
      vertex 66.0563 19.717 0
    endloop
  endfacet
  facet normal 0 0 -1
    outer loop
      vertex 62.5167 23.9418 0
      vertex 66.0563 19.717 0
      vertex 65.8703 19.7415 0
    endloop
  endfacet
  facet normal 0 0 -1
    outer loop
      vertex 63.6516 20.7367 0
      vertex 65.8703 19.7415 0
      vertex 65.683 19.7497 0
    endloop
  endfacet
  facet normal 0 0 -1
    outer loop
      vertex 63.6516 20.7367 0
      vertex 65.683 19.7497 0
      vertex 65.4956 19.7415 0
    endloop
  endfacet
  facet normal 0 0 -1
    outer loop
      vertex 63.6516 20.7367 0
      vertex 65.4956 19.7415 0
      vertex 65.3096 19.717 0
    endloop
  endfacet
  facet normal 0 0 -1
    outer loop
      vertex 63.684 20.6371 0
      vertex 65.3096 19.717 0
      vertex 65.1265 19.6764 0
    endloop
  endfacet
  facet normal 0 0 -1
    outer loop
      vertex 63.684 20.6371 0
      vertex 65.1265 19.6764 0
      vertex 64.9476 19.62 0
    endloop
  endfacet
  facet normal 0 0 -1
    outer loop
      vertex 63.684 20.6371 0
      vertex 64.9476 19.62 0
      vertex 64.7743 19.5483 0
    endloop
  endfacet
  facet normal 0 0 -1
    outer loop
      vertex 63.684 20.6371 0
      vertex 64.7743 19.5483 0
      vertex 64.608 19.4616 0
    endloop
  endfacet
  facet normal 0 0 -1
    outer loop
      vertex 63.684 20.6371 0
      vertex 64.608 19.4616 0
      vertex 64.4498 19.3609 0
    endloop
  endfacet
  facet normal 0 0 -1
    outer loop
      vertex 63.684 20.6371 0
      vertex 64.4498 19.3609 0
      vertex 64.301 19.2467 0
    endloop
  endfacet
  facet normal 0 0 -1
    outer loop
      vertex 63.684 20.6371 0
      vertex 64.301 19.2467 0
      vertex 64.1627 19.12 0
    endloop
  endfacet
  facet normal 0 0 -1
    outer loop
      vertex 63.684 20.6371 0
      vertex 64.1627 19.12 0
      vertex 64.1405 19.0958 0
    endloop
  endfacet
  facet normal 0 0 -1
    outer loop
      vertex 65.3096 19.717 0
      vertex 63.684 20.6371 0
      vertex 63.6516 20.7367 0
    endloop
  endfacet
  facet normal 0 0 -1
    outer loop
      vertex 65.8703 19.7415 0
      vertex 63.6516 20.7367 0
      vertex 62.5167 23.9418 0
    endloop
  endfacet
  facet normal -0 0 -1
    outer loop
      vertex 73.296 26.6776 0
      vertex 62.4791 24.0396 0
      vertex 70.692 32.9642 0
    endloop
  endfacet
  facet normal 0 0 -1
    outer loop
      vertex 61.178 27.1809 0
      vertex 70.692 32.9642 0
      vertex 62.4791 24.0396 0
    endloop
  endfacet
  facet normal 0 0 -1
    outer loop
      vertex 61.1354 27.2765 0
      vertex 70.692 32.9642 0
      vertex 61.178 27.1809 0
    endloop
  endfacet
  facet normal 0 0 -1
    outer loop
      vertex 59.6716 30.3454 0
      vertex 70.692 32.9642 0
      vertex 61.1354 27.2765 0
    endloop
  endfacet
  facet normal 0 0 -1
    outer loop
      vertex 59.624 30.4387 0
      vertex 70.692 32.9642 0
      vertex 59.6716 30.3454 0
    endloop
  endfacet
  facet normal -0 0 -1
    outer loop
      vertex 70.692 32.9642 0
      vertex 59.624 30.4387 0
      vertex 67.55 39 0
    endloop
  endfacet
  facet normal 0 0 -1
    outer loop
      vertex 58.0016 33.4268 0
      vertex 67.55 39 0
      vertex 59.624 30.4387 0
    endloop
  endfacet
  facet normal 0 0 -1
    outer loop
      vertex 57.9493 33.5175 0
      vertex 67.55 39 0
      vertex 58.0016 33.4268 0
    endloop
  endfacet
  facet normal 0 0 -1
    outer loop
      vertex 56.1727 36.4166 0
      vertex 67.55 39 0
      vertex 57.9493 33.5175 0
    endloop
  endfacet
  facet normal -0 0 -1
    outer loop
      vertex 67.55 39 0
      vertex 56.1727 36.4166 0
      vertex 63.8939 44.739 0
    endloop
  endfacet
  facet normal 0 0 -1
    outer loop
      vertex 56.1157 36.5044 0
      vertex 63.8939 44.739 0
      vertex 56.1727 36.4166 0
    endloop
  endfacet
  facet normal 0 0 -1
    outer loop
      vertex 54.1899 39.3065 0
      vertex 63.8939 44.739 0
      vertex 56.1157 36.5044 0
    endloop
  endfacet
  facet normal 0 0 -1
    outer loop
      vertex 54.1283 39.3912 0
      vertex 63.8939 44.739 0
      vertex 54.1899 39.3065 0
    endloop
  endfacet
  facet normal -0 0 -1
    outer loop
      vertex 63.8939 44.739 0
      vertex 54.1283 39.3912 0
      vertex 59.7515 50.1374 0
    endloop
  endfacet
  facet normal 0 0 -1
    outer loop
      vertex 52.0585 42.0887 0
      vertex 59.7515 50.1374 0
      vertex 54.1283 39.3912 0
    endloop
  endfacet
  facet normal 0 0 -1
    outer loop
      vertex 51.9926 42.1701 0
      vertex 59.7515 50.1374 0
      vertex 52.0585 42.0887 0
    endloop
  endfacet
  facet normal 0 0 -1
    outer loop
      vertex 49.7843 44.7556 0
      vertex 59.7515 50.1374 0
      vertex 51.9926 42.1701 0
    endloop
  endfacet
  facet normal 0 0 -1
    outer loop
      vertex 49.7143 44.8334 0
      vertex 59.7515 50.1374 0
      vertex 49.7843 44.7556 0
    endloop
  endfacet
  facet normal -0 0 -1
    outer loop
      vertex 59.7515 50.1374 0
      vertex 49.7143 44.8334 0
      vertex 55.1543 55.1543 0
    endloop
  endfacet
  facet normal 0 0 -1
    outer loop
      vertex 47.3738 47.2997 0
      vertex 55.1543 55.1543 0
      vertex 49.7143 44.8334 0
    endloop
  endfacet
  facet normal 0 0 -1
    outer loop
      vertex 47.2997 47.3738 0
      vertex 55.1543 55.1543 0
      vertex 47.3738 47.2997 0
    endloop
  endfacet
  facet normal 0 0 -1
    outer loop
      vertex 47.2997 47.3738 0
      vertex 47.3738 47.2997 0
      vertex 47.3258 47.3461 0
    endloop
  endfacet
  facet normal 0 0 -1
    outer loop
      vertex 44.8334 49.7143 0
      vertex 55.1543 55.1543 0
      vertex 47.2997 47.3738 0
    endloop
  endfacet
  facet normal -0 0 -1
    outer loop
      vertex 55.1543 55.1543 0
      vertex 44.8334 49.7143 0
      vertex 50.1374 59.7515 0
    endloop
  endfacet
  facet normal 0 0 -1
    outer loop
      vertex 44.7556 49.7843 0
      vertex 50.1374 59.7515 0
      vertex 44.8334 49.7143 0
    endloop
  endfacet
  facet normal 0 0 -1
    outer loop
      vertex 42.1701 51.9926 0
      vertex 50.1374 59.7515 0
      vertex 44.7556 49.7843 0
    endloop
  endfacet
  facet normal 0 0 -1
    outer loop
      vertex 42.0887 52.0585 0
      vertex 50.1374 59.7515 0
      vertex 42.1701 51.9926 0
    endloop
  endfacet
  facet normal -0 0 -1
    outer loop
      vertex 50.1374 59.7515 0
      vertex 42.0887 52.0585 0
      vertex 44.739 63.8939 0
    endloop
  endfacet
  facet normal 0 0 -1
    outer loop
      vertex 39.3912 54.1283 0
      vertex 44.739 63.8939 0
      vertex 42.0887 52.0585 0
    endloop
  endfacet
  facet normal 0 0 -1
    outer loop
      vertex 39.3065 54.1899 0
      vertex 44.739 63.8939 0
      vertex 39.3912 54.1283 0
    endloop
  endfacet
  facet normal 0 0 -1
    outer loop
      vertex 37.5155 61.4788 0
      vertex 44.739 63.8939 0
      vertex 39.3065 54.1899 0
    endloop
  endfacet
  facet normal 0 -0 -1
    outer loop
      vertex 37.75 62.3538 0
      vertex 44.739 63.8939 0
      vertex 37.7433 62.2013 0
    endloop
  endfacet
  facet normal 0 0 -1
    outer loop
      vertex 37.7433 62.5064 0
      vertex 44.739 63.8939 0
      vertex 37.75 62.3538 0
    endloop
  endfacet
  facet normal 0 0 -1
    outer loop
      vertex 44.739 63.8939 0
      vertex 37.7234 62.0499 0
      vertex 37.7433 62.2013 0
    endloop
  endfacet
  facet normal 0 0 -1
    outer loop
      vertex 44.739 63.8939 0
      vertex 37.6904 61.9009 0
      vertex 37.7234 62.0499 0
    endloop
  endfacet
  facet normal 0 0 -1
    outer loop
      vertex 44.739 63.8939 0
      vertex 37.6445 61.7553 0
      vertex 37.6904 61.9009 0
    endloop
  endfacet
  facet normal 0 0 -1
    outer loop
      vertex 44.739 63.8939 0
      vertex 37.586 61.6142 0
      vertex 37.6445 61.7553 0
    endloop
  endfacet
  facet normal 0 0 -1
    outer loop
      vertex 44.739 63.8939 0
      vertex 37.5155 61.4788 0
      vertex 37.586 61.6142 0
    endloop
  endfacet
  facet normal 0 0 -1
    outer loop
      vertex 39.3065 54.1899 0
      vertex 37.4335 61.3501 0
      vertex 37.5155 61.4788 0
    endloop
  endfacet
  facet normal 0 0 -1
    outer loop
      vertex 39.3065 54.1899 0
      vertex 37.3406 61.229 0
      vertex 37.4335 61.3501 0
    endloop
  endfacet
  facet normal 0 0 -1
    outer loop
      vertex 39.3065 54.1899 0
      vertex 37.2374 61.1164 0
      vertex 37.3406 61.229 0
    endloop
  endfacet
  facet normal 0 0 -1
    outer loop
      vertex 36.5044 56.1157 0
      vertex 37.2374 61.1164 0
      vertex 39.3065 54.1899 0
    endloop
  endfacet
  facet normal 0 0 -1
    outer loop
      vertex 37.2374 61.1164 0
      vertex 36.5044 56.1157 0
      vertex 37.1249 61.0133 0
    endloop
  endfacet
  facet normal 0 0 -1
    outer loop
      vertex 37.1249 61.0133 0
      vertex 36.5044 56.1157 0
      vertex 37.0038 60.9203 0
    endloop
  endfacet
  facet normal 0 0 -1
    outer loop
      vertex 37.0038 60.9203 0
      vertex 36.5044 56.1157 0
      vertex 36.875 60.8383 0
    endloop
  endfacet
  facet normal 0 0 -1
    outer loop
      vertex 36.875 60.8383 0
      vertex 36.5044 56.1157 0
      vertex 36.7396 60.7678 0
    endloop
  endfacet
  facet normal 0 0 -1
    outer loop
      vertex 36.4166 56.1727 0
      vertex 36.7396 60.7678 0
      vertex 36.5044 56.1157 0
    endloop
  endfacet
  facet normal 0 0 -1
    outer loop
      vertex 36.7396 60.7678 0
      vertex 36.4166 56.1727 0
      vertex 36.5985 60.7094 0
    endloop
  endfacet
  facet normal 0 0 -1
    outer loop
      vertex 36.5985 60.7094 0
      vertex 36.4166 56.1727 0
      vertex 36.4529 60.6635 0
    endloop
  endfacet
  facet normal 0 0 -1
    outer loop
      vertex 36.4166 56.1727 0
      vertex 36.3039 60.6304 0
      vertex 36.4529 60.6635 0
    endloop
  endfacet
  facet normal 0 0 -1
    outer loop
      vertex 36.4166 56.1727 0
      vertex 36.1525 60.6105 0
      vertex 36.3039 60.6304 0
    endloop
  endfacet
  facet normal 0 0 -1
    outer loop
      vertex 36.4166 56.1727 0
      vertex 36 60.6038 0
      vertex 36.1525 60.6105 0
    endloop
  endfacet
  facet normal 0 0 -1
    outer loop
      vertex 36.4166 56.1727 0
      vertex 35.8475 60.6105 0
      vertex 36 60.6038 0
    endloop
  endfacet
  facet normal 0 0 -1
    outer loop
      vertex 33.5175 57.9493 0
      vertex 35.8475 60.6105 0
      vertex 36.4166 56.1727 0
    endloop
  endfacet
  facet normal -0 0 -1
    outer loop
      vertex 35.8475 60.6105 0
      vertex 33.5175 57.9493 0
      vertex 35.6961 60.6304 0
    endloop
  endfacet
  facet normal -0 0 -1
    outer loop
      vertex 35.6961 60.6304 0
      vertex 33.5175 57.9493 0
      vertex 35.5471 60.6635 0
    endloop
  endfacet
  facet normal -0 0 -1
    outer loop
      vertex 35.5471 60.6635 0
      vertex 33.5175 57.9493 0
      vertex 35.4015 60.7094 0
    endloop
  endfacet
  facet normal -0 0 -1
    outer loop
      vertex 35.4015 60.7094 0
      vertex 33.5175 57.9493 0
      vertex 35.2604 60.7678 0
    endloop
  endfacet
  facet normal -0 0 -1
    outer loop
      vertex 35.2604 60.7678 0
      vertex 33.5175 57.9493 0
      vertex 35.125 60.8383 0
    endloop
  endfacet
  facet normal 0 0 -1
    outer loop
      vertex 33.4268 58.0016 0
      vertex 35.125 60.8383 0
      vertex 33.5175 57.9493 0
    endloop
  endfacet
  facet normal -0 0 -1
    outer loop
      vertex 35.125 60.8383 0
      vertex 33.4268 58.0016 0
      vertex 34.9962 60.9203 0
    endloop
  endfacet
  facet normal -0 0 -1
    outer loop
      vertex 34.9962 60.9203 0
      vertex 33.4268 58.0016 0
      vertex 34.8751 61.0133 0
    endloop
  endfacet
  facet normal -0 0 -1
    outer loop
      vertex 34.8751 61.0133 0
      vertex 33.4268 58.0016 0
      vertex 34.7626 61.1164 0
    endloop
  endfacet
  facet normal -0 0 -1
    outer loop
      vertex 34.7626 61.1164 0
      vertex 33.4268 58.0016 0
      vertex 34.6594 61.229 0
    endloop
  endfacet
  facet normal -0 0 -1
    outer loop
      vertex 34.6594 61.229 0
      vertex 33.4268 58.0016 0
      vertex 34.5665 61.3501 0
    endloop
  endfacet
  facet normal 0 0 -1
    outer loop
      vertex 30.4387 59.624 0
      vertex 34.5665 61.3501 0
      vertex 33.4268 58.0016 0
    endloop
  endfacet
  facet normal -0 0 -1
    outer loop
      vertex 34.3096 61.9009 0
      vertex 30.4387 59.624 0
      vertex 34.2766 62.0499 0
    endloop
  endfacet
  facet normal -0 0 -1
    outer loop
      vertex 34.3555 61.7553 0
      vertex 30.4387 59.624 0
      vertex 34.3096 61.9009 0
    endloop
  endfacet
  facet normal -0 0 -1
    outer loop
      vertex 34.414 61.6142 0
      vertex 30.4387 59.624 0
      vertex 34.3555 61.7553 0
    endloop
  endfacet
  facet normal -0 0 -1
    outer loop
      vertex 34.4845 61.4788 0
      vertex 30.4387 59.624 0
      vertex 34.414 61.6142 0
    endloop
  endfacet
  facet normal -0 0 -1
    outer loop
      vertex 34.5665 61.3501 0
      vertex 30.4387 59.624 0
      vertex 34.4845 61.4788 0
    endloop
  endfacet
  facet normal 0 0 -1
    outer loop
      vertex 66.1283 10.4207 0
      vertex 67.6315 16.6911 0
      vertex 66.5721 7.04964 0
    endloop
  endfacet
  facet normal 0 0 -1
    outer loop
      vertex 67.6315 16.6911 0
      vertex 66.1283 10.4207 0
      vertex 67.5449 16.5247 0
    endloop
  endfacet
  facet normal 0 0 -1
    outer loop
      vertex 67.5449 16.5247 0
      vertex 66.1283 10.4207 0
      vertex 67.4441 16.3665 0
    endloop
  endfacet
  facet normal 0 0 -1
    outer loop
      vertex 66.1119 10.5241 0
      vertex 67.4441 16.3665 0
      vertex 66.1283 10.4207 0
    endloop
  endfacet
  facet normal 0 0 -1
    outer loop
      vertex 67.4441 16.3665 0
      vertex 66.1119 10.5241 0
      vertex 67.3299 16.2177 0
    endloop
  endfacet
  facet normal 0 0 -1
    outer loop
      vertex 67.3299 16.2177 0
      vertex 66.1119 10.5241 0
      vertex 67.2032 16.0794 0
    endloop
  endfacet
  facet normal 0 0 -1
    outer loop
      vertex 67.2032 16.0794 0
      vertex 66.1119 10.5241 0
      vertex 67.0649 15.9527 0
    endloop
  endfacet
  facet normal 0 0 -1
    outer loop
      vertex 67.0649 15.9527 0
      vertex 66.1119 10.5241 0
      vertex 66.9161 15.8385 0
    endloop
  endfacet
  facet normal 0 0 -1
    outer loop
      vertex 65.4923 13.8673 0
      vertex 66.9161 15.8385 0
      vertex 66.1119 10.5241 0
    endloop
  endfacet
  facet normal 0 0 -1
    outer loop
      vertex 66.9161 15.8385 0
      vertex 65.4923 13.8673 0
      vertex 66.758 15.7377 0
    endloop
  endfacet
  facet normal 0 0 -1
    outer loop
      vertex 66.758 15.7377 0
      vertex 65.4923 13.8673 0
      vertex 66.5916 15.6511 0
    endloop
  endfacet
  facet normal 0 0 -1
    outer loop
      vertex 66.5916 15.6511 0
      vertex 65.4923 13.8673 0
      vertex 66.4183 15.5794 0
    endloop
  endfacet
  facet normal 0 0 -1
    outer loop
      vertex 65.4705 13.9697 0
      vertex 66.4183 15.5794 0
      vertex 65.4923 13.8673 0
    endloop
  endfacet
  facet normal 0 0 -1
    outer loop
      vertex 66.4183 15.5794 0
      vertex 65.4705 13.9697 0
      vertex 66.2394 15.523 0
    endloop
  endfacet
  facet normal 0 0 -1
    outer loop
      vertex 66.2394 15.523 0
      vertex 65.4705 13.9697 0
      vertex 66.0563 15.4824 0
    endloop
  endfacet
  facet normal 0 0 -1
    outer loop
      vertex 66.0563 15.4824 0
      vertex 65.4705 13.9697 0
      vertex 65.8703 15.4579 0
    endloop
  endfacet
  facet normal 0 0 -1
    outer loop
      vertex 65.8703 15.4579 0
      vertex 65.4705 13.9697 0
      vertex 65.683 15.4497 0
    endloop
  endfacet
  facet normal -0 0 -1
    outer loop
      vertex 65.683 15.4497 0
      vertex 65.4705 13.9697 0
      vertex 65.4956 15.4579 0
    endloop
  endfacet
  facet normal 0 0 -1
    outer loop
      vertex 65.4705 13.9697 0
      vertex 65.3096 15.4824 0
      vertex 65.4956 15.4579 0
    endloop
  endfacet
  facet normal 0 0 -1
    outer loop
      vertex 65.4705 13.9697 0
      vertex 65.1265 15.523 0
      vertex 65.3096 15.4824 0
    endloop
  endfacet
  facet normal -0 -0 -1
    outer loop
      vertex 65.1265 15.523 0
      vertex 65.4705 13.9697 0
      vertex 65.0953 15.5328 0
    endloop
  endfacet
  facet normal 0 0 -1
    outer loop
      vertex 37.7234 62.6577 0
      vertex 44.739 63.8939 0
      vertex 37.7433 62.5064 0
    endloop
  endfacet
  facet normal 0 0 -1
    outer loop
      vertex 37.6904 62.8068 0
      vertex 44.739 63.8939 0
      vertex 37.7234 62.6577 0
    endloop
  endfacet
  facet normal 0 0 -1
    outer loop
      vertex 37.6445 62.9524 0
      vertex 44.739 63.8939 0
      vertex 37.6904 62.8068 0
    endloop
  endfacet
  facet normal -0 0 -1
    outer loop
      vertex 44.739 63.8939 0
      vertex 37.6445 62.9524 0
      vertex 39 67.55 0
    endloop
  endfacet
  facet normal 0 0 -1
    outer loop
      vertex 37.586 63.0934 0
      vertex 39 67.55 0
      vertex 37.6445 62.9524 0
    endloop
  endfacet
  facet normal 0 0 -1
    outer loop
      vertex 37.5155 63.2288 0
      vertex 39 67.55 0
      vertex 37.586 63.0934 0
    endloop
  endfacet
  facet normal 0 0 -1
    outer loop
      vertex 37.4335 63.3576 0
      vertex 39 67.55 0
      vertex 37.5155 63.2288 0
    endloop
  endfacet
  facet normal 0 0 -1
    outer loop
      vertex 37.3406 63.4787 0
      vertex 39 67.55 0
      vertex 37.4335 63.3576 0
    endloop
  endfacet
  facet normal 0 0 -1
    outer loop
      vertex 37.2374 63.5913 0
      vertex 39 67.55 0
      vertex 37.3406 63.4787 0
    endloop
  endfacet
  facet normal 0 0 -1
    outer loop
      vertex 37.1249 63.6944 0
      vertex 39 67.55 0
      vertex 37.2374 63.5913 0
    endloop
  endfacet
  facet normal 0 0 -1
    outer loop
      vertex 37.0038 63.7873 0
      vertex 39 67.55 0
      vertex 37.1249 63.6944 0
    endloop
  endfacet
  facet normal 0 0 -1
    outer loop
      vertex 36.875 63.8694 0
      vertex 39 67.55 0
      vertex 37.0038 63.7873 0
    endloop
  endfacet
  facet normal 0 0 -1
    outer loop
      vertex 36.7396 63.9399 0
      vertex 39 67.55 0
      vertex 36.875 63.8694 0
    endloop
  endfacet
  facet normal 0 0 -1
    outer loop
      vertex 36.5985 63.9983 0
      vertex 39 67.55 0
      vertex 36.7396 63.9399 0
    endloop
  endfacet
  facet normal 0 0 -1
    outer loop
      vertex 36.4529 64.0442 0
      vertex 39 67.55 0
      vertex 36.5985 63.9983 0
    endloop
  endfacet
  facet normal 0 0 -1
    outer loop
      vertex 36.3039 64.0772 0
      vertex 39 67.55 0
      vertex 36.4529 64.0442 0
    endloop
  endfacet
  facet normal 0 0 -1
    outer loop
      vertex 36.1525 64.0972 0
      vertex 39 67.55 0
      vertex 36.3039 64.0772 0
    endloop
  endfacet
  facet normal 0 0 -1
    outer loop
      vertex 36 64.1038 0
      vertex 39 67.55 0
      vertex 36.1525 64.0972 0
    endloop
  endfacet
  facet normal 0 0 -1
    outer loop
      vertex 35.8475 64.0972 0
      vertex 39 67.55 0
      vertex 36 64.1038 0
    endloop
  endfacet
  facet normal 0 0 -1
    outer loop
      vertex 35.6961 64.0772 0
      vertex 39 67.55 0
      vertex 35.8475 64.0972 0
    endloop
  endfacet
  facet normal 0 0 -1
    outer loop
      vertex 32.9642 70.692 0
      vertex 35.6961 64.0772 0
      vertex 35.5471 64.0442 0
    endloop
  endfacet
  facet normal 0 0 -1
    outer loop
      vertex 32.9642 70.692 0
      vertex 35.5471 64.0442 0
      vertex 35.4015 63.9983 0
    endloop
  endfacet
  facet normal 0 0 -1
    outer loop
      vertex 32.9642 70.692 0
      vertex 35.4015 63.9983 0
      vertex 35.2604 63.9399 0
    endloop
  endfacet
  facet normal 0 0 -1
    outer loop
      vertex 32.9642 70.692 0
      vertex 35.2604 63.9399 0
      vertex 35.125 63.8694 0
    endloop
  endfacet
  facet normal 0 0 -1
    outer loop
      vertex 32.9642 70.692 0
      vertex 35.125 63.8694 0
      vertex 34.9962 63.7873 0
    endloop
  endfacet
  facet normal 0 0 -1
    outer loop
      vertex 32.9642 70.692 0
      vertex 34.9962 63.7873 0
      vertex 34.8751 63.6944 0
    endloop
  endfacet
  facet normal 0 0 -1
    outer loop
      vertex 32.9642 70.692 0
      vertex 34.8751 63.6944 0
      vertex 34.7626 63.5913 0
    endloop
  endfacet
  facet normal -0 0 -1
    outer loop
      vertex 34.2766 62.0499 0
      vertex 30.4387 59.624 0
      vertex 34.2567 62.2013 0
    endloop
  endfacet
  facet normal 0 0 -1
    outer loop
      vertex 30.3454 59.6716 0
      vertex 34.2567 62.2013 0
      vertex 30.4387 59.624 0
    endloop
  endfacet
  facet normal -0 0 -1
    outer loop
      vertex 34.2567 62.2013 0
      vertex 30.3454 59.6716 0
      vertex 34.25 62.3538 0
    endloop
  endfacet
  facet normal 0 0 -1
    outer loop
      vertex 35.6961 64.0772 0
      vertex 32.9642 70.692 0
      vertex 39 67.55 0
    endloop
  endfacet
  facet normal 0 0 -1
    outer loop
      vertex 34.6594 63.4787 0
      vertex 32.9642 70.692 0
      vertex 34.7626 63.5913 0
    endloop
  endfacet
  facet normal 0 0 -1
    outer loop
      vertex 34.5665 63.3576 0
      vertex 32.9642 70.692 0
      vertex 34.6594 63.4787 0
    endloop
  endfacet
  facet normal 0 0 -1
    outer loop
      vertex 34.4845 63.2288 0
      vertex 32.9642 70.692 0
      vertex 34.5665 63.3576 0
    endloop
  endfacet
  facet normal 0 0 -1
    outer loop
      vertex 27.2765 61.1354 0
      vertex 34.4845 63.2288 0
      vertex 34.414 63.0934 0
    endloop
  endfacet
  facet normal 0 0 -1
    outer loop
      vertex 27.2765 61.1354 0
      vertex 34.414 63.0934 0
      vertex 34.3555 62.9524 0
    endloop
  endfacet
  facet normal 0 0 -1
    outer loop
      vertex 27.2765 61.1354 0
      vertex 34.3555 62.9524 0
      vertex 34.3096 62.8068 0
    endloop
  endfacet
  facet normal 0 0 -1
    outer loop
      vertex 30.3454 59.6716 0
      vertex 34.3096 62.8068 0
      vertex 34.2766 62.6577 0
    endloop
  endfacet
  facet normal -0 0 -1
    outer loop
      vertex 34.25 62.3538 0
      vertex 30.3454 59.6716 0
      vertex 34.2567 62.5064 0
    endloop
  endfacet
  facet normal -0 0 -1
    outer loop
      vertex 34.2567 62.5064 0
      vertex 30.3454 59.6716 0
      vertex 34.2766 62.6577 0
    endloop
  endfacet
  facet normal 0 0 -1
    outer loop
      vertex 34.3096 62.8068 0
      vertex 30.3454 59.6716 0
      vertex 27.2765 61.1354 0
    endloop
  endfacet
  facet normal -0 0 -1
    outer loop
      vertex 34.4845 63.2288 0
      vertex 27.2765 61.1354 0
      vertex 32.9642 70.692 0
    endloop
  endfacet
  facet normal 0 0 -1
    outer loop
      vertex 27.1809 61.178 0
      vertex 32.9642 70.692 0
      vertex 27.2765 61.1354 0
    endloop
  endfacet
  facet normal 0 0 -1
    outer loop
      vertex 27.1809 61.178 0
      vertex 26.6776 73.296 0
      vertex 32.9642 70.692 0
    endloop
  endfacet
  facet normal 0 0 -1
    outer loop
      vertex 24.0396 62.4791 0
      vertex 26.6776 73.296 0
      vertex 27.1809 61.178 0
    endloop
  endfacet
  facet normal 0 0 -1
    outer loop
      vertex 23.9418 62.5167 0
      vertex 26.6776 73.296 0
      vertex 24.0396 62.4791 0
    endloop
  endfacet
  facet normal 0 0 -1
    outer loop
      vertex 20.7367 63.6516 0
      vertex 26.6776 73.296 0
      vertex 23.9418 62.5167 0
    endloop
  endfacet
  facet normal 0 0 -1
    outer loop
      vertex 20.6371 63.684 0
      vertex 26.6776 73.296 0
      vertex 20.7367 63.6516 0
    endloop
  endfacet
  facet normal 0 0 -1
    outer loop
      vertex 20.6371 63.684 0
      vertex 20.1879 75.3422 0
      vertex 26.6776 73.296 0
    endloop
  endfacet
  facet normal 0 0 -1
    outer loop
      vertex 17.377 64.6497 0
      vertex 20.1879 75.3422 0
      vertex 20.6371 63.684 0
    endloop
  endfacet
  facet normal 0 0 -1
    outer loop
      vertex 17.2759 64.6768 0
      vertex 17.377 64.6497 0
      vertex 17.3123 64.6658 0
    endloop
  endfacet
  facet normal 0 0 -1
    outer loop
      vertex 17.377 64.6497 0
      vertex 17.2759 64.6768 0
      vertex 20.1879 75.3422 0
    endloop
  endfacet
  facet normal 0 0 -1
    outer loop
      vertex 13.9697 65.4705 0
      vertex 20.1879 75.3422 0
      vertex 17.2759 64.6768 0
    endloop
  endfacet
  facet normal 0 0 -1
    outer loop
      vertex 13.5446 76.815 0
      vertex 13.9697 65.4705 0
      vertex 13.8673 65.4923 0
    endloop
  endfacet
  facet normal 0 0 -1
    outer loop
      vertex 13.9697 65.4705 0
      vertex 13.5446 76.815 0
      vertex 20.1879 75.3422 0
    endloop
  endfacet
  facet normal 0 0 -1
    outer loop
      vertex 10.5241 66.1119 0
      vertex 13.5446 76.815 0
      vertex 13.8673 65.4923 0
    endloop
  endfacet
  facet normal 0 0 -1
    outer loop
      vertex 10.4207 66.1283 0
      vertex 13.5446 76.815 0
      vertex 10.5241 66.1119 0
    endloop
  endfacet
  facet normal 0 0 -1
    outer loop
      vertex 7.04964 66.5721 0
      vertex 13.5446 76.815 0
      vertex 10.4207 66.1283 0
    endloop
  endfacet
  facet normal 0 0 -1
    outer loop
      vertex 6.79815 77.7032 0
      vertex 7.04964 66.5721 0
      vertex 6.94551 66.5831 0
    endloop
  endfacet
  facet normal 0 0 -1
    outer loop
      vertex 7.04964 66.5721 0
      vertex 6.79815 77.7032 0
      vertex 13.5446 76.815 0
    endloop
  endfacet
  facet normal 0 0 -1
    outer loop
      vertex 3.55588 66.8498 0
      vertex 6.79815 77.7032 0
      vertex 6.94551 66.5831 0
    endloop
  endfacet
  facet normal 0 0 -1
    outer loop
      vertex 3.45131 66.8553 0
      vertex 6.79815 77.7032 0
      vertex 3.55588 66.8498 0
    endloop
  endfacet
  facet normal 0 0 -1
    outer loop
      vertex 0 78 0
      vertex 3.45131 66.8553 0
      vertex 0.0523529 66.9443 0
    endloop
  endfacet
  facet normal 0 0 -1
    outer loop
      vertex 3.45131 66.8553 0
      vertex 0 78 0
      vertex 6.79815 77.7032 0
    endloop
  endfacet
  facet normal 0 0 -1
    outer loop
      vertex -0.0523529 66.9443 0
      vertex 0 78 0
      vertex 0.0523529 66.9443 0
    endloop
  endfacet
  facet normal 0 0 -1
    outer loop
      vertex -3.45131 66.8553 0
      vertex 0 78 0
      vertex -0.0523529 66.9443 0
    endloop
  endfacet
  facet normal 0 0 -1
    outer loop
      vertex -6.79815 77.7032 0
      vertex -3.45131 66.8553 0
      vertex -3.55588 66.8498 0
    endloop
  endfacet
  facet normal 0 0 -1
    outer loop
      vertex -3.45131 66.8553 0
      vertex -6.79815 77.7032 0
      vertex 0 78 0
    endloop
  endfacet
  facet normal 0 0 -1
    outer loop
      vertex -6.94551 66.5831 0
      vertex -6.79815 77.7032 0
      vertex -3.55588 66.8498 0
    endloop
  endfacet
  facet normal 0 0 -1
    outer loop
      vertex -7.04964 66.5721 0
      vertex -6.79815 77.7032 0
      vertex -6.94551 66.5831 0
    endloop
  endfacet
  facet normal 0 0 -1
    outer loop
      vertex -10.4207 66.1283 0
      vertex -6.79815 77.7032 0
      vertex -7.04964 66.5721 0
    endloop
  endfacet
  facet normal 0 0 -1
    outer loop
      vertex -13.5446 76.815 0
      vertex -10.4207 66.1283 0
      vertex -10.5241 66.1119 0
    endloop
  endfacet
  facet normal 0 0 -1
    outer loop
      vertex -10.4207 66.1283 0
      vertex -13.5446 76.815 0
      vertex -6.79815 77.7032 0
    endloop
  endfacet
  facet normal 0 0 -1
    outer loop
      vertex -15.8385 66.9161 0
      vertex -10.5241 66.1119 0
      vertex -13.8673 65.4923 0
    endloop
  endfacet
  facet normal 0 0 -1
    outer loop
      vertex -15.5794 66.4183 0
      vertex -13.8673 65.4923 0
      vertex -13.9697 65.4705 0
    endloop
  endfacet
  facet normal 0 0 -1
    outer loop
      vertex -15.4579 65.8703 0
      vertex -13.9697 65.4705 0
      vertex -15.4497 65.683 0
    endloop
  endfacet
  facet normal 0 0 -1
    outer loop
      vertex -15.4824 66.0563 0
      vertex -13.9697 65.4705 0
      vertex -15.4579 65.8703 0
    endloop
  endfacet
  facet normal 0 0 -1
    outer loop
      vertex -15.523 66.2394 0
      vertex -13.9697 65.4705 0
      vertex -15.4824 66.0563 0
    endloop
  endfacet
  facet normal 0 0 -1
    outer loop
      vertex -15.5794 66.4183 0
      vertex -13.9697 65.4705 0
      vertex -15.523 66.2394 0
    endloop
  endfacet
  facet normal 0 0 -1
    outer loop
      vertex -13.8673 65.4923 0
      vertex -15.5794 66.4183 0
      vertex -15.6511 66.5916 0
    endloop
  endfacet
  facet normal 0 0 -1
    outer loop
      vertex -13.8673 65.4923 0
      vertex -15.6511 66.5916 0
      vertex -15.7377 66.758 0
    endloop
  endfacet
  facet normal 0 0 -1
    outer loop
      vertex -13.8673 65.4923 0
      vertex -15.7377 66.758 0
      vertex -15.8385 66.9161 0
    endloop
  endfacet
  facet normal 0 0 -1
    outer loop
      vertex -10.5241 66.1119 0
      vertex -15.8385 66.9161 0
      vertex -15.9527 67.0649 0
    endloop
  endfacet
  facet normal 0 0 -1
    outer loop
      vertex -16.0794 67.2032 0
      vertex -10.5241 66.1119 0
      vertex -15.9527 67.0649 0
    endloop
  endfacet
  facet normal 0 0 -1
    outer loop
      vertex -10.5241 66.1119 0
      vertex -16.0794 67.2032 0
      vertex -13.5446 76.815 0
    endloop
  endfacet
  facet normal 0 0 -1
    outer loop
      vertex -16.2177 67.3299 0
      vertex -13.5446 76.815 0
      vertex -16.0794 67.2032 0
    endloop
  endfacet
  facet normal 0 0 -1
    outer loop
      vertex -16.3665 67.4441 0
      vertex -13.5446 76.815 0
      vertex -16.2177 67.3299 0
    endloop
  endfacet
  facet normal 0 0 -1
    outer loop
      vertex -16.5247 67.5449 0
      vertex -13.5446 76.815 0
      vertex -16.3665 67.4441 0
    endloop
  endfacet
  facet normal 0 0 -1
    outer loop
      vertex -16.6911 67.6315 0
      vertex -13.5446 76.815 0
      vertex -16.5247 67.5449 0
    endloop
  endfacet
  facet normal 0 0 -1
    outer loop
      vertex -16.8644 67.7033 0
      vertex -13.5446 76.815 0
      vertex -16.6911 67.6315 0
    endloop
  endfacet
  facet normal 0 0 -1
    outer loop
      vertex -17.0432 67.7597 0
      vertex -13.5446 76.815 0
      vertex -16.8644 67.7033 0
    endloop
  endfacet
  facet normal 0 0 -1
    outer loop
      vertex -17.2264 67.8003 0
      vertex -13.5446 76.815 0
      vertex -17.0432 67.7597 0
    endloop
  endfacet
  facet normal 0 0 -1
    outer loop
      vertex -20.1879 75.3422 0
      vertex -17.2264 67.8003 0
      vertex -17.4123 67.8248 0
    endloop
  endfacet
  facet normal 0 0 -1
    outer loop
      vertex -20.1879 75.3422 0
      vertex -17.4123 67.8248 0
      vertex -17.5997 67.833 0
    endloop
  endfacet
  facet normal 0 0 -1
    outer loop
      vertex -20.1879 75.3422 0
      vertex -17.5997 67.833 0
      vertex -17.7871 67.8248 0
    endloop
  endfacet
  facet normal 0 0 -1
    outer loop
      vertex -20.1879 75.3422 0
      vertex -17.7871 67.8248 0
      vertex -17.973 67.8003 0
    endloop
  endfacet
  facet normal 0 0 -1
    outer loop
      vertex -20.1879 75.3422 0
      vertex -17.973 67.8003 0
      vertex -18.1562 67.7597 0
    endloop
  endfacet
  facet normal 0 0 -1
    outer loop
      vertex -20.1879 75.3422 0
      vertex -18.1562 67.7597 0
      vertex -18.335 67.7033 0
    endloop
  endfacet
  facet normal 0 0 -1
    outer loop
      vertex -20.1879 75.3422 0
      vertex -18.335 67.7033 0
      vertex -18.5083 67.6315 0
    endloop
  endfacet
  facet normal 0 0 -1
    outer loop
      vertex -20.1879 75.3422 0
      vertex -18.5083 67.6315 0
      vertex -18.6747 67.5449 0
    endloop
  endfacet
  facet normal 0 0 -1
    outer loop
      vertex -20.1879 75.3422 0
      vertex -18.6747 67.5449 0
      vertex -18.8329 67.4441 0
    endloop
  endfacet
  facet normal 0 0 -1
    outer loop
      vertex -20.1879 75.3422 0
      vertex -18.8329 67.4441 0
      vertex -18.9817 67.3299 0
    endloop
  endfacet
  facet normal 0 0 -1
    outer loop
      vertex -20.1879 75.3422 0
      vertex -18.9817 67.3299 0
      vertex -19.12 67.2032 0
    endloop
  endfacet
  facet normal 0 0 -1
    outer loop
      vertex -20.1879 75.3422 0
      vertex -19.12 67.2032 0
      vertex -19.2467 67.0649 0
    endloop
  endfacet
  facet normal 0 0 -1
    outer loop
      vertex -20.1879 75.3422 0
      vertex -19.2467 67.0649 0
      vertex -19.3609 66.9161 0
    endloop
  endfacet
  facet normal 0 0 -1
    outer loop
      vertex -20.1879 75.3422 0
      vertex -19.3609 66.9161 0
      vertex -19.4616 66.758 0
    endloop
  endfacet
  facet normal 0 0 -1
    outer loop
      vertex -17.2264 67.8003 0
      vertex -20.1879 75.3422 0
      vertex -13.5446 76.815 0
    endloop
  endfacet
  facet normal 0 0 -1
    outer loop
      vertex -19.5483 66.5916 0
      vertex -20.1879 75.3422 0
      vertex -19.4616 66.758 0
    endloop
  endfacet
  facet normal 0 0 -1
    outer loop
      vertex -19.62 66.4183 0
      vertex -20.1879 75.3422 0
      vertex -19.5483 66.5916 0
    endloop
  endfacet
  facet normal 0 0 -1
    outer loop
      vertex -19.6764 66.2394 0
      vertex -20.1879 75.3422 0
      vertex -19.62 66.4183 0
    endloop
  endfacet
  facet normal 0 0 -1
    outer loop
      vertex -19.717 66.0563 0
      vertex -20.1879 75.3422 0
      vertex -19.6764 66.2394 0
    endloop
  endfacet
  facet normal 0 0 -1
    outer loop
      vertex -19.7415 65.8703 0
      vertex -20.1879 75.3422 0
      vertex -19.717 66.0563 0
    endloop
  endfacet
  facet normal 0 0 -1
    outer loop
      vertex -20.1879 75.3422 0
      vertex -19.7415 65.8703 0
      vertex -19.7497 65.683 0
    endloop
  endfacet
  facet normal 0.976296 -0.216442 0
    outer loop
      vertex 75.3422 -20.1879 2.8
      vertex 76.815 -13.5446 0
      vertex 76.815 -13.5446 2.8
    endloop
  endfacet
  facet normal 0.976296 -0.216442 0
    outer loop
      vertex 76.815 -13.5446 0
      vertex 75.3422 -20.1879 2.8
      vertex 75.3422 -20.1879 0
    endloop
  endfacet
  facet normal -0.737273 0.675595 0
    outer loop
      vertex -59.7515 50.1374 0
      vertex -55.1543 55.1543 2.8
      vertex -55.1543 55.1543 0
    endloop
  endfacet
  facet normal -0.737273 0.675595 0
    outer loop
      vertex -55.1543 55.1543 2.8
      vertex -59.7515 50.1374 0
      vertex -59.7515 50.1374 2.8
    endloop
  endfacet
  facet normal 0.461744 0.887013 -0
    outer loop
      vertex 39 67.55 0
      vertex 32.9642 70.692 2.8
      vertex 39 67.55 2.8
    endloop
  endfacet
  facet normal 0.461744 0.887013 0
    outer loop
      vertex 32.9642 70.692 2.8
      vertex 39 67.55 0
      vertex 32.9642 70.692 0
    endloop
  endfacet
  facet normal -0.382684 0.923879 0
    outer loop
      vertex -26.6776 73.296 0
      vertex -32.9642 70.692 2.8
      vertex -26.6776 73.296 2.8
    endloop
  endfacet
  facet normal -0.382684 0.923879 0
    outer loop
      vertex -32.9642 70.692 2.8
      vertex -26.6776 73.296 0
      vertex -32.9642 70.692 0
    endloop
  endfacet
  facet normal -0.537295 -0.843395 0
    outer loop
      vertex -44.739 -63.8939 0
      vertex -39 -67.55 2.8
      vertex -44.739 -63.8939 2.8
    endloop
  endfacet
  facet normal -0.537295 -0.843395 -0
    outer loop
      vertex -39 -67.55 2.8
      vertex -44.739 -63.8939 0
      vertex -39 -67.55 0
    endloop
  endfacet
  facet normal 0.953717 0.300707 0
    outer loop
      vertex 75.3422 20.1879 2.8
      vertex 73.296 26.6776 0
      vertex 73.296 26.6776 2.8
    endloop
  endfacet
  facet normal 0.953717 0.300707 0
    outer loop
      vertex 73.296 26.6776 0
      vertex 75.3422 20.1879 2.8
      vertex 75.3422 20.1879 0
    endloop
  endfacet
  facet normal 0.923879 -0.382684 0
    outer loop
      vertex 70.692 -32.9642 2.8
      vertex 73.296 -26.6776 0
      vertex 73.296 -26.6776 2.8
    endloop
  endfacet
  facet normal 0.923879 -0.382684 0
    outer loop
      vertex 73.296 -26.6776 0
      vertex 70.692 -32.9642 2.8
      vertex 70.692 -32.9642 0
    endloop
  endfacet
  facet normal 0.382684 0.923879 -0
    outer loop
      vertex 32.9642 70.692 0
      vertex 26.6776 73.296 2.8
      vertex 32.9642 70.692 2.8
    endloop
  endfacet
  facet normal 0.382684 0.923879 0
    outer loop
      vertex 26.6776 73.296 2.8
      vertex 32.9642 70.692 0
      vertex 26.6776 73.296 0
    endloop
  endfacet
  facet normal 0.216442 0.976296 -0
    outer loop
      vertex 20.1879 75.3422 0
      vertex 13.5446 76.815 2.8
      vertex 20.1879 75.3422 2.8
    endloop
  endfacet
  facet normal 0.216442 0.976296 0
    outer loop
      vertex 13.5446 76.815 2.8
      vertex 20.1879 75.3422 0
      vertex 13.5446 76.815 0
    endloop
  endfacet
  facet normal 0 0 1
    outer loop
      vertex -65.4705 -13.9697 2.8
      vertex -65.1265 -15.523 2.8
      vertex -65.0953 -15.5328 2.8
    endloop
  endfacet
  facet normal 0 0 1
    outer loop
      vertex -65.4705 -13.9697 2.8
      vertex -65.3096 -15.4824 2.8
      vertex -65.1265 -15.523 2.8
    endloop
  endfacet
  facet normal 0 0 1
    outer loop
      vertex -66.4183 -15.5794 2.8
      vertex -65.4705 -13.9697 2.8
      vertex -65.4923 -13.8673 2.8
    endloop
  endfacet
  facet normal 0 0 1
    outer loop
      vertex -65.4705 -13.9697 2.8
      vertex -65.4956 -15.4579 2.8
      vertex -65.3096 -15.4824 2.8
    endloop
  endfacet
  facet normal 0 0 1
    outer loop
      vertex -65.4705 -13.9697 2.8
      vertex -65.683 -15.4497 2.8
      vertex -65.4956 -15.4579 2.8
    endloop
  endfacet
  facet normal 0 0 1
    outer loop
      vertex -65.4705 -13.9697 2.8
      vertex -65.8703 -15.4579 2.8
      vertex -65.683 -15.4497 2.8
    endloop
  endfacet
  facet normal 0 0 1
    outer loop
      vertex -65.4705 -13.9697 2.8
      vertex -66.0563 -15.4824 2.8
      vertex -65.8703 -15.4579 2.8
    endloop
  endfacet
  facet normal 0 0 1
    outer loop
      vertex -66.9161 -15.8385 2.8
      vertex -65.4923 -13.8673 2.8
      vertex -66.1119 -10.5241 2.8
    endloop
  endfacet
  facet normal 0 0 1
    outer loop
      vertex -76.815 -13.5446 2.8
      vertex -66.1119 -10.5241 2.8
      vertex -66.1283 -10.4207 2.8
    endloop
  endfacet
  facet normal 0 0 1
    outer loop
      vertex -65.4705 -13.9697 2.8
      vertex -66.2394 -15.523 2.8
      vertex -66.0563 -15.4824 2.8
    endloop
  endfacet
  facet normal 0 0 1
    outer loop
      vertex -65.4705 -13.9697 2.8
      vertex -66.4183 -15.5794 2.8
      vertex -66.2394 -15.523 2.8
    endloop
  endfacet
  facet normal 0 0 1
    outer loop
      vertex -76.815 -13.5446 2.8
      vertex -66.1283 -10.4207 2.8
      vertex -66.5721 -7.04964 2.8
    endloop
  endfacet
  facet normal 0 0 1
    outer loop
      vertex -77.7032 -6.79815 2.8
      vertex -66.5721 -7.04964 2.8
      vertex -66.5831 -6.94551 2.8
    endloop
  endfacet
  facet normal 0 0 1
    outer loop
      vertex -65.4923 -13.8673 2.8
      vertex -66.5916 -15.6511 2.8
      vertex -66.4183 -15.5794 2.8
    endloop
  endfacet
  facet normal 0 0 1
    outer loop
      vertex -65.4923 -13.8673 2.8
      vertex -66.758 -15.7377 2.8
      vertex -66.5916 -15.6511 2.8
    endloop
  endfacet
  facet normal 0 0 1
    outer loop
      vertex -71.5471 -1.69037 2.8
      vertex -66.5831 -6.94551 2.8
      vertex -66.8498 -3.55588 2.8
    endloop
  endfacet
  facet normal 0 0 1
    outer loop
      vertex -70.9962 -1.43352 2.8
      vertex -66.8498 -3.55588 2.8
      vertex -66.8553 -3.45131 2.8
    endloop
  endfacet
  facet normal 0 0 1
    outer loop
      vertex -65.4923 -13.8673 2.8
      vertex -66.9161 -15.8385 2.8
      vertex -66.758 -15.7377 2.8
    endloop
  endfacet
  facet normal -0 0 1
    outer loop
      vertex -70.414 -0.739581 2.8
      vertex -66.8553 -3.45131 2.8
      vertex -66.9443 -0.0523529 2.8
    endloop
  endfacet
  facet normal 0 0 1
    outer loop
      vertex -66.8498 -3.55588 2.8
      vertex -70.9962 -1.43352 2.8
      vertex -71.125 -1.51554 2.8
    endloop
  endfacet
  facet normal -0 0 1
    outer loop
      vertex -15.4579 65.4956 2.8
      vertex -13.9697 65.4705 2.8
      vertex -15.4497 65.683 2.8
    endloop
  endfacet
  facet normal 0 0 1
    outer loop
      vertex -15.4824 65.3096 2.8
      vertex -13.9697 65.4705 2.8
      vertex -15.4579 65.4956 2.8
    endloop
  endfacet
  facet normal 0 0 1
    outer loop
      vertex -15.523 65.1265 2.8
      vertex -13.9697 65.4705 2.8
      vertex -15.4824 65.3096 2.8
    endloop
  endfacet
  facet normal 0 0 1
    outer loop
      vertex -13.9697 65.4705 2.8
      vertex -15.523 65.1265 2.8
      vertex -15.5328 65.0953 2.8
    endloop
  endfacet
  facet normal 0 0 1
    outer loop
      vertex 15.4579 -65.4956 2.8
      vertex 13.9697 -65.4705 2.8
      vertex 15.4497 -65.683 2.8
    endloop
  endfacet
  facet normal 0 0 1
    outer loop
      vertex 15.4824 -65.3096 2.8
      vertex 13.9697 -65.4705 2.8
      vertex 15.4579 -65.4956 2.8
    endloop
  endfacet
  facet normal 0 0 1
    outer loop
      vertex 15.523 -65.1265 2.8
      vertex 13.9697 -65.4705 2.8
      vertex 15.4824 -65.3096 2.8
    endloop
  endfacet
  facet normal 0 0 1
    outer loop
      vertex 13.9697 -65.4705 2.8
      vertex 15.523 -65.1265 2.8
      vertex 15.5328 -65.0953 2.8
    endloop
  endfacet
  facet normal 0 0 1
    outer loop
      vertex 19.6764 -66.2394 2.8
      vertex 23.9418 -62.5167 2.8
      vertex 19.717 -66.0563 2.8
    endloop
  endfacet
  facet normal 0 0 1
    outer loop
      vertex 23.9418 -62.5167 2.8
      vertex 19.6764 -66.2394 2.8
      vertex 26.6776 -73.296 2.8
    endloop
  endfacet
  facet normal -0 0 1
    outer loop
      vertex 19.62 -66.4183 2.8
      vertex 26.6776 -73.296 2.8
      vertex 19.6764 -66.2394 2.8
    endloop
  endfacet
  facet normal -0 0 1
    outer loop
      vertex 19.5483 -66.5916 2.8
      vertex 26.6776 -73.296 2.8
      vertex 19.62 -66.4183 2.8
    endloop
  endfacet
  facet normal -0 0 1
    outer loop
      vertex 19.4616 -66.758 2.8
      vertex 26.6776 -73.296 2.8
      vertex 19.5483 -66.5916 2.8
    endloop
  endfacet
  facet normal -0 0 1
    outer loop
      vertex 19.3609 -66.9161 2.8
      vertex 26.6776 -73.296 2.8
      vertex 19.4616 -66.758 2.8
    endloop
  endfacet
  facet normal -0 0 1
    outer loop
      vertex 19.2467 -67.0649 2.8
      vertex 26.6776 -73.296 2.8
      vertex 19.3609 -66.9161 2.8
    endloop
  endfacet
  facet normal -0 0 1
    outer loop
      vertex 19.12 -67.2032 2.8
      vertex 26.6776 -73.296 2.8
      vertex 19.2467 -67.0649 2.8
    endloop
  endfacet
  facet normal 0 0 1
    outer loop
      vertex 26.6776 -73.296 2.8
      vertex 19.12 -67.2032 2.8
      vertex 20.1879 -75.3422 2.8
    endloop
  endfacet
  facet normal -0 0 1
    outer loop
      vertex 18.9817 -67.3299 2.8
      vertex 20.1879 -75.3422 2.8
      vertex 19.12 -67.2032 2.8
    endloop
  endfacet
  facet normal -0 0 1
    outer loop
      vertex 18.8329 -67.4441 2.8
      vertex 20.1879 -75.3422 2.8
      vertex 18.9817 -67.3299 2.8
    endloop
  endfacet
  facet normal -0 0 1
    outer loop
      vertex 18.6747 -67.5449 2.8
      vertex 20.1879 -75.3422 2.8
      vertex 18.8329 -67.4441 2.8
    endloop
  endfacet
  facet normal -0 0 1
    outer loop
      vertex 18.5083 -67.6315 2.8
      vertex 20.1879 -75.3422 2.8
      vertex 18.6747 -67.5449 2.8
    endloop
  endfacet
  facet normal -0 0 1
    outer loop
      vertex 18.335 -67.7033 2.8
      vertex 20.1879 -75.3422 2.8
      vertex 18.5083 -67.6315 2.8
    endloop
  endfacet
  facet normal -0 0 1
    outer loop
      vertex 18.1562 -67.7597 2.8
      vertex 20.1879 -75.3422 2.8
      vertex 18.335 -67.7033 2.8
    endloop
  endfacet
  facet normal -0 0 1
    outer loop
      vertex 17.973 -67.8003 2.8
      vertex 20.1879 -75.3422 2.8
      vertex 18.1562 -67.7597 2.8
    endloop
  endfacet
  facet normal -0 0 1
    outer loop
      vertex 17.7871 -67.8248 2.8
      vertex 20.1879 -75.3422 2.8
      vertex 17.973 -67.8003 2.8
    endloop
  endfacet
  facet normal -0 0 1
    outer loop
      vertex 17.5997 -67.833 2.8
      vertex 20.1879 -75.3422 2.8
      vertex 17.7871 -67.8248 2.8
    endloop
  endfacet
  facet normal 0 0 1
    outer loop
      vertex 17.4123 -67.8248 2.8
      vertex 20.1879 -75.3422 2.8
      vertex 17.5997 -67.833 2.8
    endloop
  endfacet
  facet normal 0 0 1
    outer loop
      vertex 17.2264 -67.8003 2.8
      vertex 20.1879 -75.3422 2.8
      vertex 17.4123 -67.8248 2.8
    endloop
  endfacet
  facet normal 0 0 1
    outer loop
      vertex 17.0432 -67.7597 2.8
      vertex 20.1879 -75.3422 2.8
      vertex 17.2264 -67.8003 2.8
    endloop
  endfacet
  facet normal 0 0 1
    outer loop
      vertex 13.5446 -76.815 2.8
      vertex 17.0432 -67.7597 2.8
      vertex 16.8644 -67.7033 2.8
    endloop
  endfacet
  facet normal 0 0 1
    outer loop
      vertex 13.5446 -76.815 2.8
      vertex 16.8644 -67.7033 2.8
      vertex 16.6911 -67.6315 2.8
    endloop
  endfacet
  facet normal 0 0 1
    outer loop
      vertex 13.5446 -76.815 2.8
      vertex 16.6911 -67.6315 2.8
      vertex 16.5247 -67.5449 2.8
    endloop
  endfacet
  facet normal 0 0 1
    outer loop
      vertex 13.5446 -76.815 2.8
      vertex 16.5247 -67.5449 2.8
      vertex 16.3665 -67.4441 2.8
    endloop
  endfacet
  facet normal 0 0 1
    outer loop
      vertex 13.5446 -76.815 2.8
      vertex 16.3665 -67.4441 2.8
      vertex 16.2177 -67.3299 2.8
    endloop
  endfacet
  facet normal 0 0 1
    outer loop
      vertex 13.5446 -76.815 2.8
      vertex 16.2177 -67.3299 2.8
      vertex 16.0794 -67.2032 2.8
    endloop
  endfacet
  facet normal 0 0 1
    outer loop
      vertex 10.5241 -66.1119 2.8
      vertex 16.0794 -67.2032 2.8
      vertex 15.9527 -67.0649 2.8
    endloop
  endfacet
  facet normal 0 0 1
    outer loop
      vertex 10.5241 -66.1119 2.8
      vertex 15.9527 -67.0649 2.8
      vertex 15.8385 -66.9161 2.8
    endloop
  endfacet
  facet normal 0 0 1
    outer loop
      vertex 13.8673 -65.4923 2.8
      vertex 15.8385 -66.9161 2.8
      vertex 15.7377 -66.758 2.8
    endloop
  endfacet
  facet normal 0 0 1
    outer loop
      vertex 13.8673 -65.4923 2.8
      vertex 15.7377 -66.758 2.8
      vertex 15.6511 -66.5916 2.8
    endloop
  endfacet
  facet normal 0 0 1
    outer loop
      vertex 13.9697 -65.4705 2.8
      vertex 15.4579 -65.8703 2.8
      vertex 15.4497 -65.683 2.8
    endloop
  endfacet
  facet normal 0 0 1
    outer loop
      vertex 13.9697 -65.4705 2.8
      vertex 15.4824 -66.0563 2.8
      vertex 15.4579 -65.8703 2.8
    endloop
  endfacet
  facet normal 0 0 1
    outer loop
      vertex 13.9697 -65.4705 2.8
      vertex 15.523 -66.2394 2.8
      vertex 15.4824 -66.0563 2.8
    endloop
  endfacet
  facet normal 0 0 1
    outer loop
      vertex 13.9697 -65.4705 2.8
      vertex 15.5794 -66.4183 2.8
      vertex 15.523 -66.2394 2.8
    endloop
  endfacet
  facet normal -0 0 1
    outer loop
      vertex 13.8673 -65.4923 2.8
      vertex 15.5794 -66.4183 2.8
      vertex 13.9697 -65.4705 2.8
    endloop
  endfacet
  facet normal 0 0 1
    outer loop
      vertex 15.5794 -66.4183 2.8
      vertex 13.8673 -65.4923 2.8
      vertex 15.6511 -66.5916 2.8
    endloop
  endfacet
  facet normal 0 0 1
    outer loop
      vertex 15.8385 -66.9161 2.8
      vertex 13.8673 -65.4923 2.8
      vertex 10.5241 -66.1119 2.8
    endloop
  endfacet
  facet normal 0 0 1
    outer loop
      vertex 17.0432 -67.7597 2.8
      vertex 13.5446 -76.815 2.8
      vertex 20.1879 -75.3422 2.8
    endloop
  endfacet
  facet normal 0 0 1
    outer loop
      vertex 16.0794 -67.2032 2.8
      vertex 10.5241 -66.1119 2.8
      vertex 13.5446 -76.815 2.8
    endloop
  endfacet
  facet normal -0 0 1
    outer loop
      vertex 10.4207 -66.1283 2.8
      vertex 13.5446 -76.815 2.8
      vertex 10.5241 -66.1119 2.8
    endloop
  endfacet
  facet normal -0 0 1
    outer loop
      vertex 7.04964 -66.5721 2.8
      vertex 13.5446 -76.815 2.8
      vertex 10.4207 -66.1283 2.8
    endloop
  endfacet
  facet normal 0 0 1
    outer loop
      vertex 6.79815 -77.7032 2.8
      vertex 7.04964 -66.5721 2.8
      vertex 6.94551 -66.5831 2.8
    endloop
  endfacet
  facet normal 0 0 1
    outer loop
      vertex 7.04964 -66.5721 2.8
      vertex 6.79815 -77.7032 2.8
      vertex 13.5446 -76.815 2.8
    endloop
  endfacet
  facet normal -0 0 1
    outer loop
      vertex 3.55588 -66.8498 2.8
      vertex 6.79815 -77.7032 2.8
      vertex 6.94551 -66.5831 2.8
    endloop
  endfacet
  facet normal -0 0 1
    outer loop
      vertex 3.45131 -66.8553 2.8
      vertex 6.79815 -77.7032 2.8
      vertex 3.55588 -66.8498 2.8
    endloop
  endfacet
  facet normal 0 0 1
    outer loop
      vertex 0 -78 2.8
      vertex 3.45131 -66.8553 2.8
      vertex 0.0523529 -66.9443 2.8
    endloop
  endfacet
  facet normal 0 0 1
    outer loop
      vertex 3.45131 -66.8553 2.8
      vertex 0 -78 2.8
      vertex 6.79815 -77.7032 2.8
    endloop
  endfacet
  facet normal -0 0 1
    outer loop
      vertex -0.0523529 -66.9443 2.8
      vertex 0 -78 2.8
      vertex 0.0523529 -66.9443 2.8
    endloop
  endfacet
  facet normal 0 0 1
    outer loop
      vertex -3.45131 -66.8553 2.8
      vertex 0 -78 2.8
      vertex -0.0523529 -66.9443 2.8
    endloop
  endfacet
  facet normal 0 0 1
    outer loop
      vertex -6.79815 -77.7032 2.8
      vertex -3.45131 -66.8553 2.8
      vertex -3.55588 -66.8498 2.8
    endloop
  endfacet
  facet normal 0 0 1
    outer loop
      vertex -3.45131 -66.8553 2.8
      vertex -6.79815 -77.7032 2.8
      vertex 0 -78 2.8
    endloop
  endfacet
  facet normal 0 0 1
    outer loop
      vertex -6.94551 -66.5831 2.8
      vertex -6.79815 -77.7032 2.8
      vertex -3.55588 -66.8498 2.8
    endloop
  endfacet
  facet normal 0 0 1
    outer loop
      vertex -7.04964 -66.5721 2.8
      vertex -6.79815 -77.7032 2.8
      vertex -6.94551 -66.5831 2.8
    endloop
  endfacet
  facet normal 0 0 1
    outer loop
      vertex -10.4207 -66.1283 2.8
      vertex -6.79815 -77.7032 2.8
      vertex -7.04964 -66.5721 2.8
    endloop
  endfacet
  facet normal 0 0 1
    outer loop
      vertex -13.5446 -76.815 2.8
      vertex -10.4207 -66.1283 2.8
      vertex -10.5241 -66.1119 2.8
    endloop
  endfacet
  facet normal 0 0 1
    outer loop
      vertex -10.4207 -66.1283 2.8
      vertex -13.5446 -76.815 2.8
      vertex -6.79815 -77.7032 2.8
    endloop
  endfacet
  facet normal 0 0 1
    outer loop
      vertex -13.8673 -65.4923 2.8
      vertex -13.5446 -76.815 2.8
      vertex -10.5241 -66.1119 2.8
    endloop
  endfacet
  facet normal 0 0 1
    outer loop
      vertex -13.9697 -65.4705 2.8
      vertex -13.5446 -76.815 2.8
      vertex -13.8673 -65.4923 2.8
    endloop
  endfacet
  facet normal 0 0 1
    outer loop
      vertex -20.1879 -75.3422 2.8
      vertex -13.9697 -65.4705 2.8
      vertex -17.2759 -64.6768 2.8
    endloop
  endfacet
  facet normal 0 0 1
    outer loop
      vertex -17.377 -64.6497 2.8
      vertex -17.2759 -64.6768 2.8
      vertex -17.3123 -64.6658 2.8
    endloop
  endfacet
  facet normal 0 0 1
    outer loop
      vertex -17.2759 -64.6768 2.8
      vertex -17.377 -64.6497 2.8
      vertex -20.1879 -75.3422 2.8
    endloop
  endfacet
  facet normal 0 0 1
    outer loop
      vertex -13.9697 -65.4705 2.8
      vertex -20.1879 -75.3422 2.8
      vertex -13.5446 -76.815 2.8
    endloop
  endfacet
  facet normal 0 0 1
    outer loop
      vertex -20.6371 -63.684 2.8
      vertex -20.1879 -75.3422 2.8
      vertex -17.377 -64.6497 2.8
    endloop
  endfacet
  facet normal 0 0 1
    outer loop
      vertex -26.6776 -73.296 2.8
      vertex -20.6371 -63.684 2.8
      vertex -20.7367 -63.6516 2.8
    endloop
  endfacet
  facet normal 0 0 1
    outer loop
      vertex -26.6776 -73.296 2.8
      vertex -20.7367 -63.6516 2.8
      vertex -23.9418 -62.5167 2.8
    endloop
  endfacet
  facet normal 0 0 1
    outer loop
      vertex -26.6776 -73.296 2.8
      vertex -23.9418 -62.5167 2.8
      vertex -24.0396 -62.4791 2.8
    endloop
  endfacet
  facet normal 0 0 1
    outer loop
      vertex -20.6371 -63.684 2.8
      vertex -26.6776 -73.296 2.8
      vertex -20.1879 -75.3422 2.8
    endloop
  endfacet
  facet normal 0 0 1
    outer loop
      vertex -27.1809 -61.178 2.8
      vertex -26.6776 -73.296 2.8
      vertex -24.0396 -62.4791 2.8
    endloop
  endfacet
  facet normal 0 0 1
    outer loop
      vertex -32.9642 -70.692 2.8
      vertex -27.1809 -61.178 2.8
      vertex -27.2765 -61.1354 2.8
    endloop
  endfacet
  facet normal 0 0 1
    outer loop
      vertex -34.3096 -62.8068 2.8
      vertex -27.2765 -61.1354 2.8
      vertex -30.3454 -59.6716 2.8
    endloop
  endfacet
  facet normal 0 0 1
    outer loop
      vertex -34.2567 -62.2013 2.8
      vertex -30.3454 -59.6716 2.8
      vertex -30.4387 -59.624 2.8
    endloop
  endfacet
  facet normal 0 0 1
    outer loop
      vertex -27.1809 -61.178 2.8
      vertex -32.9642 -70.692 2.8
      vertex -26.6776 -73.296 2.8
    endloop
  endfacet
  facet normal 0 0 1
    outer loop
      vertex -34.5665 -61.3501 2.8
      vertex -30.4387 -59.624 2.8
      vertex -33.4268 -58.0016 2.8
    endloop
  endfacet
  facet normal 0 0 1
    outer loop
      vertex -35.125 -60.8383 2.8
      vertex -33.4268 -58.0016 2.8
      vertex -33.5175 -57.9493 2.8
    endloop
  endfacet
  facet normal 0 0 1
    outer loop
      vertex -30.3454 -59.6716 2.8
      vertex -34.25 -62.3538 2.8
      vertex -34.2567 -62.5064 2.8
    endloop
  endfacet
  facet normal 0 0 1
    outer loop
      vertex -30.3454 -59.6716 2.8
      vertex -34.2567 -62.5064 2.8
      vertex -34.2766 -62.6577 2.8
    endloop
  endfacet
  facet normal 0 0 1
    outer loop
      vertex -30.3454 -59.6716 2.8
      vertex -34.2766 -62.6577 2.8
      vertex -34.3096 -62.8068 2.8
    endloop
  endfacet
  facet normal 0 0 1
    outer loop
      vertex -27.2765 -61.1354 2.8
      vertex -34.3096 -62.8068 2.8
      vertex -34.3555 -62.9524 2.8
    endloop
  endfacet
  facet normal 0 0 1
    outer loop
      vertex -27.2765 -61.1354 2.8
      vertex -34.3555 -62.9524 2.8
      vertex -34.414 -63.0934 2.8
    endloop
  endfacet
  facet normal 0 0 1
    outer loop
      vertex -34.4845 -63.2288 2.8
      vertex -27.2765 -61.1354 2.8
      vertex -34.414 -63.0934 2.8
    endloop
  endfacet
  facet normal 0 0 1
    outer loop
      vertex -27.2765 -61.1354 2.8
      vertex -34.4845 -63.2288 2.8
      vertex -32.9642 -70.692 2.8
    endloop
  endfacet
  facet normal -0 0 1
    outer loop
      vertex -34.5665 -63.3576 2.8
      vertex -32.9642 -70.692 2.8
      vertex -34.4845 -63.2288 2.8
    endloop
  endfacet
  facet normal -0 0 1
    outer loop
      vertex -34.6594 -63.4787 2.8
      vertex -32.9642 -70.692 2.8
      vertex -34.5665 -63.3576 2.8
    endloop
  endfacet
  facet normal -0 0 1
    outer loop
      vertex -34.7626 -63.5913 2.8
      vertex -32.9642 -70.692 2.8
      vertex -34.6594 -63.4787 2.8
    endloop
  endfacet
  facet normal -0 0 1
    outer loop
      vertex -34.8751 -63.6944 2.8
      vertex -32.9642 -70.692 2.8
      vertex -34.7626 -63.5913 2.8
    endloop
  endfacet
  facet normal -0 0 1
    outer loop
      vertex -34.9962 -63.7873 2.8
      vertex -32.9642 -70.692 2.8
      vertex -34.8751 -63.6944 2.8
    endloop
  endfacet
  facet normal -0 0 1
    outer loop
      vertex -35.125 -63.8694 2.8
      vertex -32.9642 -70.692 2.8
      vertex -34.9962 -63.7873 2.8
    endloop
  endfacet
  facet normal -0 0 1
    outer loop
      vertex -35.2604 -63.9399 2.8
      vertex -32.9642 -70.692 2.8
      vertex -35.125 -63.8694 2.8
    endloop
  endfacet
  facet normal -0 0 1
    outer loop
      vertex -35.4015 -63.9983 2.8
      vertex -32.9642 -70.692 2.8
      vertex -35.2604 -63.9399 2.8
    endloop
  endfacet
  facet normal -0 0 1
    outer loop
      vertex -35.5471 -64.0442 2.8
      vertex -32.9642 -70.692 2.8
      vertex -35.4015 -63.9983 2.8
    endloop
  endfacet
  facet normal -0 0 1
    outer loop
      vertex -35.6961 -64.0772 2.8
      vertex -32.9642 -70.692 2.8
      vertex -35.5471 -64.0442 2.8
    endloop
  endfacet
  facet normal -0 0 1
    outer loop
      vertex -35.8475 -64.0972 2.8
      vertex -32.9642 -70.692 2.8
      vertex -35.6961 -64.0772 2.8
    endloop
  endfacet
  facet normal 0 0 1
    outer loop
      vertex -39 -67.55 2.8
      vertex -35.8475 -64.0972 2.8
      vertex -36 -64.1038 2.8
    endloop
  endfacet
  facet normal 0 0 1
    outer loop
      vertex -39 -67.55 2.8
      vertex -36 -64.1038 2.8
      vertex -36.1525 -64.0972 2.8
    endloop
  endfacet
  facet normal 0 0 1
    outer loop
      vertex -39 -67.55 2.8
      vertex -36.1525 -64.0972 2.8
      vertex -36.3039 -64.0772 2.8
    endloop
  endfacet
  facet normal 0 0 1
    outer loop
      vertex -39 -67.55 2.8
      vertex -36.3039 -64.0772 2.8
      vertex -36.4529 -64.0442 2.8
    endloop
  endfacet
  facet normal 0 0 1
    outer loop
      vertex -39 -67.55 2.8
      vertex -36.4529 -64.0442 2.8
      vertex -36.5985 -63.9983 2.8
    endloop
  endfacet
  facet normal 0 0 1
    outer loop
      vertex -39 -67.55 2.8
      vertex -36.5985 -63.9983 2.8
      vertex -36.7396 -63.9399 2.8
    endloop
  endfacet
  facet normal 0 0 1
    outer loop
      vertex -39 -67.55 2.8
      vertex -36.7396 -63.9399 2.8
      vertex -36.875 -63.8694 2.8
    endloop
  endfacet
  facet normal 0 0 1
    outer loop
      vertex -39 -67.55 2.8
      vertex -36.875 -63.8694 2.8
      vertex -37.0038 -63.7873 2.8
    endloop
  endfacet
  facet normal 0 0 1
    outer loop
      vertex -39 -67.55 2.8
      vertex -37.0038 -63.7873 2.8
      vertex -37.1249 -63.6944 2.8
    endloop
  endfacet
  facet normal 0 0 1
    outer loop
      vertex -39 -67.55 2.8
      vertex -37.1249 -63.6944 2.8
      vertex -37.2374 -63.5913 2.8
    endloop
  endfacet
  facet normal 0 0 1
    outer loop
      vertex -39 -67.55 2.8
      vertex -37.2374 -63.5913 2.8
      vertex -37.3406 -63.4787 2.8
    endloop
  endfacet
  facet normal 0 0 1
    outer loop
      vertex -39 -67.55 2.8
      vertex -37.3406 -63.4787 2.8
      vertex -37.4335 -63.3576 2.8
    endloop
  endfacet
  facet normal 0 0 1
    outer loop
      vertex -39 -67.55 2.8
      vertex -37.4335 -63.3576 2.8
      vertex -37.5155 -63.2288 2.8
    endloop
  endfacet
  facet normal 0 0 1
    outer loop
      vertex -35.8475 -64.0972 2.8
      vertex -39 -67.55 2.8
      vertex -32.9642 -70.692 2.8
    endloop
  endfacet
  facet normal 0 0 1
    outer loop
      vertex -37.586 -63.0934 2.8
      vertex -39 -67.55 2.8
      vertex -37.5155 -63.2288 2.8
    endloop
  endfacet
  facet normal 0 0 1
    outer loop
      vertex -37.6445 -62.9524 2.8
      vertex -39 -67.55 2.8
      vertex -37.586 -63.0934 2.8
    endloop
  endfacet
  facet normal 0 0 1
    outer loop
      vertex -44.739 -63.8939 2.8
      vertex -37.6445 -62.9524 2.8
      vertex -37.6904 -62.8068 2.8
    endloop
  endfacet
  facet normal 0 0 1
    outer loop
      vertex -44.739 -63.8939 2.8
      vertex -37.6904 -62.8068 2.8
      vertex -37.7234 -62.6577 2.8
    endloop
  endfacet
  facet normal 0 0 1
    outer loop
      vertex -44.739 -63.8939 2.8
      vertex -37.7234 -62.6577 2.8
      vertex -37.7433 -62.5064 2.8
    endloop
  endfacet
  facet normal 0 0 1
    outer loop
      vertex -44.739 -63.8939 2.8
      vertex -37.7433 -62.5064 2.8
      vertex -37.75 -62.3538 2.8
    endloop
  endfacet
  facet normal 0 0 1
    outer loop
      vertex -19.717 66.0563 2.8
      vertex -23.9418 62.5167 2.8
      vertex -19.7415 65.8703 2.8
    endloop
  endfacet
  facet normal 0 0 1
    outer loop
      vertex -19.12 64.1627 2.8
      vertex -20.6371 63.684 2.8
      vertex -19.0958 64.1405 2.8
    endloop
  endfacet
  facet normal 0 0 1
    outer loop
      vertex -19.2467 64.301 2.8
      vertex -20.6371 63.684 2.8
      vertex -19.12 64.1627 2.8
    endloop
  endfacet
  facet normal 0 0 1
    outer loop
      vertex -19.3609 64.4498 2.8
      vertex -20.6371 63.684 2.8
      vertex -19.2467 64.301 2.8
    endloop
  endfacet
  facet normal 0 0 1
    outer loop
      vertex -19.4616 64.608 2.8
      vertex -20.6371 63.684 2.8
      vertex -19.3609 64.4498 2.8
    endloop
  endfacet
  facet normal 0 0 1
    outer loop
      vertex -19.5483 64.7743 2.8
      vertex -20.6371 63.684 2.8
      vertex -19.4616 64.608 2.8
    endloop
  endfacet
  facet normal 0 0 1
    outer loop
      vertex -19.62 64.9476 2.8
      vertex -20.6371 63.684 2.8
      vertex -19.5483 64.7743 2.8
    endloop
  endfacet
  facet normal 0 0 1
    outer loop
      vertex -19.6764 65.1265 2.8
      vertex -20.6371 63.684 2.8
      vertex -19.62 64.9476 2.8
    endloop
  endfacet
  facet normal 0 0 1
    outer loop
      vertex -19.717 65.3096 2.8
      vertex -20.6371 63.684 2.8
      vertex -19.6764 65.1265 2.8
    endloop
  endfacet
  facet normal 0 0 1
    outer loop
      vertex -20.7367 63.6516 2.8
      vertex -19.717 65.3096 2.8
      vertex -19.7415 65.4956 2.8
    endloop
  endfacet
  facet normal 0 -0 1
    outer loop
      vertex -20.7367 63.6516 2.8
      vertex -19.7415 65.8703 2.8
      vertex -23.9418 62.5167 2.8
    endloop
  endfacet
  facet normal 0 0 1
    outer loop
      vertex -19.7415 65.8703 2.8
      vertex -20.7367 63.6516 2.8
      vertex -19.7497 65.683 2.8
    endloop
  endfacet
  facet normal 0 0 1
    outer loop
      vertex -19.717 65.3096 2.8
      vertex -20.7367 63.6516 2.8
      vertex -20.6371 63.684 2.8
    endloop
  endfacet
  facet normal 0 0 1
    outer loop
      vertex -19.7497 65.683 2.8
      vertex -20.7367 63.6516 2.8
      vertex -19.7415 65.4956 2.8
    endloop
  endfacet
  facet normal 0 0 1
    outer loop
      vertex -23.9418 62.5167 2.8
      vertex -26.6776 73.296 2.8
      vertex -24.0396 62.4791 2.8
    endloop
  endfacet
  facet normal 0 0 1
    outer loop
      vertex -26.6776 73.296 2.8
      vertex -27.1809 61.178 2.8
      vertex -24.0396 62.4791 2.8
    endloop
  endfacet
  facet normal -0 0 1
    outer loop
      vertex -32.9642 70.692 2.8
      vertex -27.1809 61.178 2.8
      vertex -26.6776 73.296 2.8
    endloop
  endfacet
  facet normal 0 0 1
    outer loop
      vertex -27.1809 61.178 2.8
      vertex -32.9642 70.692 2.8
      vertex -27.2765 61.1354 2.8
    endloop
  endfacet
  facet normal -0 0 1
    outer loop
      vertex -34.4845 63.2288 2.8
      vertex -27.2765 61.1354 2.8
      vertex -32.9642 70.692 2.8
    endloop
  endfacet
  facet normal -0 -0 1
    outer loop
      vertex -34.3555 62.9524 2.8
      vertex -27.2765 61.1354 2.8
      vertex -34.414 63.0934 2.8
    endloop
  endfacet
  facet normal -0 -0 1
    outer loop
      vertex -34.3096 62.8068 2.8
      vertex -27.2765 61.1354 2.8
      vertex -34.3555 62.9524 2.8
    endloop
  endfacet
  facet normal -0 0 1
    outer loop
      vertex -34.2567 62.2013 2.8
      vertex -30.3454 59.6716 2.8
      vertex -34.25 62.3538 2.8
    endloop
  endfacet
  facet normal -0 0 1
    outer loop
      vertex -34.2766 62.0499 2.8
      vertex -30.4387 59.624 2.8
      vertex -34.2567 62.2013 2.8
    endloop
  endfacet
  facet normal 0 0 1
    outer loop
      vertex -30.3454 59.6716 2.8
      vertex -34.2567 62.2013 2.8
      vertex -30.4387 59.624 2.8
    endloop
  endfacet
  facet normal -0 -0 1
    outer loop
      vertex -34.25 62.3538 2.8
      vertex -30.3454 59.6716 2.8
      vertex -34.2567 62.5064 2.8
    endloop
  endfacet
  facet normal -0 -0 1
    outer loop
      vertex -34.2567 62.5064 2.8
      vertex -30.3454 59.6716 2.8
      vertex -34.2766 62.6577 2.8
    endloop
  endfacet
  facet normal -0 -0 1
    outer loop
      vertex -34.2766 62.6577 2.8
      vertex -30.3454 59.6716 2.8
      vertex -34.3096 62.8068 2.8
    endloop
  endfacet
  facet normal 0 0 1
    outer loop
      vertex -27.2765 61.1354 2.8
      vertex -34.3096 62.8068 2.8
      vertex -30.3454 59.6716 2.8
    endloop
  endfacet
  facet normal 0 0 1
    outer loop
      vertex -27.2765 61.1354 2.8
      vertex -34.4845 63.2288 2.8
      vertex -34.414 63.0934 2.8
    endloop
  endfacet
  facet normal 0 0 1
    outer loop
      vertex -32.9642 70.692 2.8
      vertex -34.5665 63.3576 2.8
      vertex -34.4845 63.2288 2.8
    endloop
  endfacet
  facet normal 0 0 1
    outer loop
      vertex -32.9642 70.692 2.8
      vertex -34.6594 63.4787 2.8
      vertex -34.5665 63.3576 2.8
    endloop
  endfacet
  facet normal 0 0 1
    outer loop
      vertex -32.9642 70.692 2.8
      vertex -34.7626 63.5913 2.8
      vertex -34.6594 63.4787 2.8
    endloop
  endfacet
  facet normal 0 0 1
    outer loop
      vertex -32.9642 70.692 2.8
      vertex -34.8751 63.6944 2.8
      vertex -34.7626 63.5913 2.8
    endloop
  endfacet
  facet normal 0 0 1
    outer loop
      vertex -32.9642 70.692 2.8
      vertex -34.9962 63.7873 2.8
      vertex -34.8751 63.6944 2.8
    endloop
  endfacet
  facet normal 0 0 1
    outer loop
      vertex -32.9642 70.692 2.8
      vertex -35.125 63.8694 2.8
      vertex -34.9962 63.7873 2.8
    endloop
  endfacet
  facet normal 0 0 1
    outer loop
      vertex -32.9642 70.692 2.8
      vertex -35.2604 63.9399 2.8
      vertex -35.125 63.8694 2.8
    endloop
  endfacet
  facet normal 0 0 1
    outer loop
      vertex -32.9642 70.692 2.8
      vertex -35.4015 63.9983 2.8
      vertex -35.2604 63.9399 2.8
    endloop
  endfacet
  facet normal 0 0 1
    outer loop
      vertex -32.9642 70.692 2.8
      vertex -35.5471 64.0442 2.8
      vertex -35.4015 63.9983 2.8
    endloop
  endfacet
  facet normal 0 0 1
    outer loop
      vertex -32.9642 70.692 2.8
      vertex -35.6961 64.0772 2.8
      vertex -35.5471 64.0442 2.8
    endloop
  endfacet
  facet normal 0 0 1
    outer loop
      vertex -32.9642 70.692 2.8
      vertex -35.8475 64.0972 2.8
      vertex -35.6961 64.0772 2.8
    endloop
  endfacet
  facet normal -0 0 1
    outer loop
      vertex -39 67.55 2.8
      vertex -35.8475 64.0972 2.8
      vertex -32.9642 70.692 2.8
    endloop
  endfacet
  facet normal 0 0 1
    outer loop
      vertex -35.8475 64.0972 2.8
      vertex -39 67.55 2.8
      vertex -36 64.1038 2.8
    endloop
  endfacet
  facet normal 0 0 1
    outer loop
      vertex -36 64.1038 2.8
      vertex -39 67.55 2.8
      vertex -36.1525 64.0972 2.8
    endloop
  endfacet
  facet normal 0 0 1
    outer loop
      vertex -36.1525 64.0972 2.8
      vertex -39 67.55 2.8
      vertex -36.3039 64.0772 2.8
    endloop
  endfacet
  facet normal 0 0 1
    outer loop
      vertex -36.3039 64.0772 2.8
      vertex -39 67.55 2.8
      vertex -36.4529 64.0442 2.8
    endloop
  endfacet
  facet normal 0 0 1
    outer loop
      vertex -36.4529 64.0442 2.8
      vertex -39 67.55 2.8
      vertex -36.5985 63.9983 2.8
    endloop
  endfacet
  facet normal 0 0 1
    outer loop
      vertex -36.5985 63.9983 2.8
      vertex -39 67.55 2.8
      vertex -36.7396 63.9399 2.8
    endloop
  endfacet
  facet normal 0 0 1
    outer loop
      vertex -36.7396 63.9399 2.8
      vertex -39 67.55 2.8
      vertex -36.875 63.8694 2.8
    endloop
  endfacet
  facet normal 0 0 1
    outer loop
      vertex -36.875 63.8694 2.8
      vertex -39 67.55 2.8
      vertex -37.0038 63.7873 2.8
    endloop
  endfacet
  facet normal 0 0 1
    outer loop
      vertex -37.0038 63.7873 2.8
      vertex -39 67.55 2.8
      vertex -37.1249 63.6944 2.8
    endloop
  endfacet
  facet normal 0 0 1
    outer loop
      vertex -37.1249 63.6944 2.8
      vertex -39 67.55 2.8
      vertex -37.2374 63.5913 2.8
    endloop
  endfacet
  facet normal 0 0 1
    outer loop
      vertex -37.2374 63.5913 2.8
      vertex -39 67.55 2.8
      vertex -37.3406 63.4787 2.8
    endloop
  endfacet
  facet normal 0 0 1
    outer loop
      vertex -37.3406 63.4787 2.8
      vertex -39 67.55 2.8
      vertex -37.4335 63.3576 2.8
    endloop
  endfacet
  facet normal 0 0 1
    outer loop
      vertex -37.7234 62.6577 2.8
      vertex -44.739 63.8939 2.8
      vertex -37.7433 62.5064 2.8
    endloop
  endfacet
  facet normal 0 0 1
    outer loop
      vertex -37.6904 62.8068 2.8
      vertex -44.739 63.8939 2.8
      vertex -37.7234 62.6577 2.8
    endloop
  endfacet
  facet normal 0 0 1
    outer loop
      vertex -37.6445 62.9524 2.8
      vertex -44.739 63.8939 2.8
      vertex -37.6904 62.8068 2.8
    endloop
  endfacet
  facet normal -0 0 1
    outer loop
      vertex -44.739 63.8939 2.8
      vertex -37.6445 62.9524 2.8
      vertex -39 67.55 2.8
    endloop
  endfacet
  facet normal 0 0 1
    outer loop
      vertex -37.586 63.0934 2.8
      vertex -39 67.55 2.8
      vertex -37.6445 62.9524 2.8
    endloop
  endfacet
  facet normal 0 0 1
    outer loop
      vertex -37.5155 63.2288 2.8
      vertex -39 67.55 2.8
      vertex -37.586 63.0934 2.8
    endloop
  endfacet
  facet normal 0 0 1
    outer loop
      vertex -37.4335 63.3576 2.8
      vertex -39 67.55 2.8
      vertex -37.5155 63.2288 2.8
    endloop
  endfacet
  facet normal 0 0 1
    outer loop
      vertex -30.3454 -59.6716 2.8
      vertex -34.2567 -62.2013 2.8
      vertex -34.25 -62.3538 2.8
    endloop
  endfacet
  facet normal 0 0 1
    outer loop
      vertex -30.4387 -59.624 2.8
      vertex -34.2766 -62.0499 2.8
      vertex -34.2567 -62.2013 2.8
    endloop
  endfacet
  facet normal 0 0 1
    outer loop
      vertex -30.4387 -59.624 2.8
      vertex -34.3096 -61.9009 2.8
      vertex -34.2766 -62.0499 2.8
    endloop
  endfacet
  facet normal 0 0 1
    outer loop
      vertex -30.4387 -59.624 2.8
      vertex -34.3555 -61.7553 2.8
      vertex -34.3096 -61.9009 2.8
    endloop
  endfacet
  facet normal 0 0 1
    outer loop
      vertex -30.4387 -59.624 2.8
      vertex -34.414 -61.6142 2.8
      vertex -34.3555 -61.7553 2.8
    endloop
  endfacet
  facet normal 0 0 1
    outer loop
      vertex -30.4387 -59.624 2.8
      vertex -34.4845 -61.4788 2.8
      vertex -34.414 -61.6142 2.8
    endloop
  endfacet
  facet normal 0 0 1
    outer loop
      vertex -30.4387 -59.624 2.8
      vertex -34.5665 -61.3501 2.8
      vertex -34.4845 -61.4788 2.8
    endloop
  endfacet
  facet normal 0 0 1
    outer loop
      vertex -33.4268 -58.0016 2.8
      vertex -34.6594 -61.229 2.8
      vertex -34.5665 -61.3501 2.8
    endloop
  endfacet
  facet normal 0 0 1
    outer loop
      vertex -33.4268 -58.0016 2.8
      vertex -34.7626 -61.1164 2.8
      vertex -34.6594 -61.229 2.8
    endloop
  endfacet
  facet normal 0 0 1
    outer loop
      vertex -33.4268 -58.0016 2.8
      vertex -34.8751 -61.0133 2.8
      vertex -34.7626 -61.1164 2.8
    endloop
  endfacet
  facet normal 0 0 1
    outer loop
      vertex -33.4268 -58.0016 2.8
      vertex -34.9962 -60.9203 2.8
      vertex -34.8751 -61.0133 2.8
    endloop
  endfacet
  facet normal 0 0 1
    outer loop
      vertex -33.4268 -58.0016 2.8
      vertex -35.125 -60.8383 2.8
      vertex -34.9962 -60.9203 2.8
    endloop
  endfacet
  facet normal 0 0 1
    outer loop
      vertex -33.5175 -57.9493 2.8
      vertex -35.2604 -60.7678 2.8
      vertex -35.125 -60.8383 2.8
    endloop
  endfacet
  facet normal 0 0 1
    outer loop
      vertex -33.5175 -57.9493 2.8
      vertex -35.4015 -60.7094 2.8
      vertex -35.2604 -60.7678 2.8
    endloop
  endfacet
  facet normal 0 0 1
    outer loop
      vertex -33.5175 -57.9493 2.8
      vertex -35.5471 -60.6635 2.8
      vertex -35.4015 -60.7094 2.8
    endloop
  endfacet
  facet normal 0 0 1
    outer loop
      vertex -33.5175 -57.9493 2.8
      vertex -35.6961 -60.6304 2.8
      vertex -35.5471 -60.6635 2.8
    endloop
  endfacet
  facet normal 0 0 1
    outer loop
      vertex -33.5175 -57.9493 2.8
      vertex -35.8475 -60.6105 2.8
      vertex -35.6961 -60.6304 2.8
    endloop
  endfacet
  facet normal 0 0 1
    outer loop
      vertex -36.4166 -56.1727 2.8
      vertex -35.8475 -60.6105 2.8
      vertex -33.5175 -57.9493 2.8
    endloop
  endfacet
  facet normal 0 0 1
    outer loop
      vertex -35.8475 -60.6105 2.8
      vertex -36.4166 -56.1727 2.8
      vertex -36 -60.6038 2.8
    endloop
  endfacet
  facet normal 0 0 1
    outer loop
      vertex -36 -60.6038 2.8
      vertex -36.4166 -56.1727 2.8
      vertex -36.1525 -60.6105 2.8
    endloop
  endfacet
  facet normal 0 0 1
    outer loop
      vertex -36.1525 -60.6105 2.8
      vertex -36.4166 -56.1727 2.8
      vertex -36.3039 -60.6304 2.8
    endloop
  endfacet
  facet normal 0 0 1
    outer loop
      vertex -36.4166 -56.1727 2.8
      vertex -36.4529 -60.6635 2.8
      vertex -36.3039 -60.6304 2.8
    endloop
  endfacet
  facet normal 0 0 1
    outer loop
      vertex -36.7396 -60.7678 2.8
      vertex -36.4166 -56.1727 2.8
      vertex -36.5044 -56.1157 2.8
    endloop
  endfacet
  facet normal 0 0 1
    outer loop
      vertex -36.4166 -56.1727 2.8
      vertex -36.5985 -60.7094 2.8
      vertex -36.4529 -60.6635 2.8
    endloop
  endfacet
  facet normal 0 0 1
    outer loop
      vertex -36.4166 -56.1727 2.8
      vertex -36.7396 -60.7678 2.8
      vertex -36.5985 -60.7094 2.8
    endloop
  endfacet
  facet normal 0 0 1
    outer loop
      vertex -36.5044 -56.1157 2.8
      vertex -36.875 -60.8383 2.8
      vertex -36.7396 -60.7678 2.8
    endloop
  endfacet
  facet normal 0 0 1
    outer loop
      vertex -36.5044 -56.1157 2.8
      vertex -37.0038 -60.9203 2.8
      vertex -36.875 -60.8383 2.8
    endloop
  endfacet
  facet normal 0 0 1
    outer loop
      vertex -36.5044 -56.1157 2.8
      vertex -37.1249 -61.0133 2.8
      vertex -37.0038 -60.9203 2.8
    endloop
  endfacet
  facet normal 0 0 1
    outer loop
      vertex -36.5044 -56.1157 2.8
      vertex -37.2374 -61.1164 2.8
      vertex -37.1249 -61.0133 2.8
    endloop
  endfacet
  facet normal 0 0 1
    outer loop
      vertex -39.3065 -54.1899 2.8
      vertex -37.2374 -61.1164 2.8
      vertex -36.5044 -56.1157 2.8
    endloop
  endfacet
  facet normal 0 0 1
    outer loop
      vertex -37.2374 -61.1164 2.8
      vertex -39.3065 -54.1899 2.8
      vertex -37.3406 -61.229 2.8
    endloop
  endfacet
  facet normal 0 0 1
    outer loop
      vertex -37.3406 -61.229 2.8
      vertex -39.3065 -54.1899 2.8
      vertex -37.4335 -61.3501 2.8
    endloop
  endfacet
  facet normal 0 0 1
    outer loop
      vertex -37.4335 -61.3501 2.8
      vertex -39.3065 -54.1899 2.8
      vertex -37.5155 -61.4788 2.8
    endloop
  endfacet
  facet normal 0 0 1
    outer loop
      vertex -44.739 -63.8939 2.8
      vertex -37.5155 -61.4788 2.8
      vertex -39.3065 -54.1899 2.8
    endloop
  endfacet
  facet normal 0 0 1
    outer loop
      vertex -37.5155 -61.4788 2.8
      vertex -44.739 -63.8939 2.8
      vertex -37.586 -61.6142 2.8
    endloop
  endfacet
  facet normal 0 0 1
    outer loop
      vertex -37.586 -61.6142 2.8
      vertex -44.739 -63.8939 2.8
      vertex -37.6445 -61.7553 2.8
    endloop
  endfacet
  facet normal 0 0 1
    outer loop
      vertex -44.739 -63.8939 2.8
      vertex -37.75 -62.3538 2.8
      vertex -37.7433 -62.2013 2.8
    endloop
  endfacet
  facet normal 0 0 1
    outer loop
      vertex -44.739 -63.8939 2.8
      vertex -37.7433 -62.2013 2.8
      vertex -37.7234 -62.0499 2.8
    endloop
  endfacet
  facet normal 0 0 1
    outer loop
      vertex -37.6445 -61.7553 2.8
      vertex -44.739 -63.8939 2.8
      vertex -37.6904 -61.9009 2.8
    endloop
  endfacet
  facet normal 0 0 1
    outer loop
      vertex -37.6904 -61.9009 2.8
      vertex -44.739 -63.8939 2.8
      vertex -37.7234 -62.0499 2.8
    endloop
  endfacet
  facet normal 0 0 1
    outer loop
      vertex -44.739 -63.8939 2.8
      vertex -39.3065 -54.1899 2.8
      vertex -39.3912 -54.1283 2.8
    endloop
  endfacet
  facet normal 0 0 1
    outer loop
      vertex -44.739 -63.8939 2.8
      vertex -39.3912 -54.1283 2.8
      vertex -42.0887 -52.0585 2.8
    endloop
  endfacet
  facet normal 0 0 1
    outer loop
      vertex -50.1374 -59.7515 2.8
      vertex -42.0887 -52.0585 2.8
      vertex -42.1701 -51.9926 2.8
    endloop
  endfacet
  facet normal 0 0 1
    outer loop
      vertex -37.6445 -62.9524 2.8
      vertex -44.739 -63.8939 2.8
      vertex -39 -67.55 2.8
    endloop
  endfacet
  facet normal 0 0 1
    outer loop
      vertex -50.1374 -59.7515 2.8
      vertex -42.1701 -51.9926 2.8
      vertex -44.7556 -49.7843 2.8
    endloop
  endfacet
  facet normal 0 0 1
    outer loop
      vertex -50.1374 -59.7515 2.8
      vertex -44.7556 -49.7843 2.8
      vertex -44.8334 -49.7143 2.8
    endloop
  endfacet
  facet normal 0 0 1
    outer loop
      vertex -55.1543 -55.1543 2.8
      vertex -44.8334 -49.7143 2.8
      vertex -47.2997 -47.3738 2.8
    endloop
  endfacet
  facet normal 0 0 1
    outer loop
      vertex -47.3738 -47.2997 2.8
      vertex -47.2997 -47.3738 2.8
      vertex -47.3258 -47.3461 2.8
    endloop
  endfacet
  facet normal 0 0 1
    outer loop
      vertex -47.2997 -47.3738 2.8
      vertex -47.3738 -47.2997 2.8
      vertex -55.1543 -55.1543 2.8
    endloop
  endfacet
  facet normal 0 0 1
    outer loop
      vertex -55.1543 -55.1543 2.8
      vertex -47.3738 -47.2997 2.8
      vertex -49.7143 -44.8334 2.8
    endloop
  endfacet
  facet normal 0 0 1
    outer loop
      vertex -59.7515 -50.1374 2.8
      vertex -49.7143 -44.8334 2.8
      vertex -49.7843 -44.7556 2.8
    endloop
  endfacet
  facet normal 0 0 1
    outer loop
      vertex -42.0887 -52.0585 2.8
      vertex -50.1374 -59.7515 2.8
      vertex -44.739 -63.8939 2.8
    endloop
  endfacet
  facet normal 0 0 1
    outer loop
      vertex -59.7515 -50.1374 2.8
      vertex -49.7843 -44.7556 2.8
      vertex -51.9926 -42.1701 2.8
    endloop
  endfacet
  facet normal 0 0 1
    outer loop
      vertex -59.7515 -50.1374 2.8
      vertex -51.9926 -42.1701 2.8
      vertex -52.0585 -42.0887 2.8
    endloop
  endfacet
  facet normal 0 0 1
    outer loop
      vertex -59.7515 -50.1374 2.8
      vertex -52.0585 -42.0887 2.8
      vertex -54.1283 -39.3912 2.8
    endloop
  endfacet
  facet normal 0 0 1
    outer loop
      vertex -63.8939 -44.739 2.8
      vertex -54.1283 -39.3912 2.8
      vertex -54.1899 -39.3065 2.8
    endloop
  endfacet
  facet normal 0 0 1
    outer loop
      vertex -44.8334 -49.7143 2.8
      vertex -55.1543 -55.1543 2.8
      vertex -50.1374 -59.7515 2.8
    endloop
  endfacet
  facet normal 0 0 1
    outer loop
      vertex -63.8939 -44.739 2.8
      vertex -54.1899 -39.3065 2.8
      vertex -56.1157 -36.5044 2.8
    endloop
  endfacet
  facet normal 0 0 1
    outer loop
      vertex -63.8939 -44.739 2.8
      vertex -56.1157 -36.5044 2.8
      vertex -56.1727 -36.4166 2.8
    endloop
  endfacet
  facet normal 0 0 1
    outer loop
      vertex -67.55 -39 2.8
      vertex -56.1727 -36.4166 2.8
      vertex -57.9493 -33.5175 2.8
    endloop
  endfacet
  facet normal 0 0 1
    outer loop
      vertex -67.55 -39 2.8
      vertex -57.9493 -33.5175 2.8
      vertex -58.0016 -33.4268 2.8
    endloop
  endfacet
  facet normal 0 0 1
    outer loop
      vertex -67.55 -39 2.8
      vertex -58.0016 -33.4268 2.8
      vertex -59.624 -30.4387 2.8
    endloop
  endfacet
  facet normal 0 0 1
    outer loop
      vertex -70.692 -32.9642 2.8
      vertex -59.624 -30.4387 2.8
      vertex -59.6716 -30.3454 2.8
    endloop
  endfacet
  facet normal 0 0 1
    outer loop
      vertex -49.7143 -44.8334 2.8
      vertex -59.7515 -50.1374 2.8
      vertex -55.1543 -55.1543 2.8
    endloop
  endfacet
  facet normal 0 0 1
    outer loop
      vertex -70.692 -32.9642 2.8
      vertex -59.6716 -30.3454 2.8
      vertex -61.1354 -27.2765 2.8
    endloop
  endfacet
  facet normal 0 0 1
    outer loop
      vertex -70.692 -32.9642 2.8
      vertex -61.1354 -27.2765 2.8
      vertex -61.178 -27.1809 2.8
    endloop
  endfacet
  facet normal 0 0 1
    outer loop
      vertex -70.692 -32.9642 2.8
      vertex -61.178 -27.1809 2.8
      vertex -62.4791 -24.0396 2.8
    endloop
  endfacet
  facet normal 0 0 1
    outer loop
      vertex -73.296 -26.6776 2.8
      vertex -62.4791 -24.0396 2.8
      vertex -62.5167 -23.9418 2.8
    endloop
  endfacet
  facet normal 0 0 1
    outer loop
      vertex -65.8703 -19.7415 2.8
      vertex -62.5167 -23.9418 2.8
      vertex -63.6516 -20.7367 2.8
    endloop
  endfacet
  facet normal 0 0 1
    outer loop
      vertex -65.3096 -19.717 2.8
      vertex -63.6516 -20.7367 2.8
      vertex -63.684 -20.6371 2.8
    endloop
  endfacet
  facet normal 0 0 1
    outer loop
      vertex -54.1283 -39.3912 2.8
      vertex -63.8939 -44.739 2.8
      vertex -59.7515 -50.1374 2.8
    endloop
  endfacet
  facet normal -0 0 1
    outer loop
      vertex -64.1627 -19.12 2.8
      vertex -63.684 -20.6371 2.8
      vertex -64.1405 -19.0958 2.8
    endloop
  endfacet
  facet normal -0 0 1
    outer loop
      vertex -64.301 -19.2467 2.8
      vertex -63.684 -20.6371 2.8
      vertex -64.1627 -19.12 2.8
    endloop
  endfacet
  facet normal -0 0 1
    outer loop
      vertex -64.4498 -19.3609 2.8
      vertex -63.684 -20.6371 2.8
      vertex -64.301 -19.2467 2.8
    endloop
  endfacet
  facet normal -0 0 1
    outer loop
      vertex -64.608 -19.4616 2.8
      vertex -63.684 -20.6371 2.8
      vertex -64.4498 -19.3609 2.8
    endloop
  endfacet
  facet normal -0 0 1
    outer loop
      vertex -64.7743 -19.5483 2.8
      vertex -63.684 -20.6371 2.8
      vertex -64.608 -19.4616 2.8
    endloop
  endfacet
  facet normal -0 0 1
    outer loop
      vertex -64.9476 -19.62 2.8
      vertex -63.684 -20.6371 2.8
      vertex -64.7743 -19.5483 2.8
    endloop
  endfacet
  facet normal -0 0 1
    outer loop
      vertex -65.1265 -19.6764 2.8
      vertex -63.684 -20.6371 2.8
      vertex -64.9476 -19.62 2.8
    endloop
  endfacet
  facet normal -0 0 1
    outer loop
      vertex -65.3096 -19.717 2.8
      vertex -63.684 -20.6371 2.8
      vertex -65.1265 -19.6764 2.8
    endloop
  endfacet
  facet normal 0 0 1
    outer loop
      vertex -63.6516 -20.7367 2.8
      vertex -65.3096 -19.717 2.8
      vertex -65.4956 -19.7415 2.8
    endloop
  endfacet
  facet normal 0 0 1
    outer loop
      vertex -63.6516 -20.7367 2.8
      vertex -65.4956 -19.7415 2.8
      vertex -65.683 -19.7497 2.8
    endloop
  endfacet
  facet normal 0 0 1
    outer loop
      vertex -63.6516 -20.7367 2.8
      vertex -65.683 -19.7497 2.8
      vertex -65.8703 -19.7415 2.8
    endloop
  endfacet
  facet normal 0 0 1
    outer loop
      vertex -62.5167 -23.9418 2.8
      vertex -65.8703 -19.7415 2.8
      vertex -66.0563 -19.717 2.8
    endloop
  endfacet
  facet normal 0 0 1
    outer loop
      vertex -66.2394 -19.6764 2.8
      vertex -62.5167 -23.9418 2.8
      vertex -66.0563 -19.717 2.8
    endloop
  endfacet
  facet normal 0 0 1
    outer loop
      vertex -62.5167 -23.9418 2.8
      vertex -66.2394 -19.6764 2.8
      vertex -73.296 -26.6776 2.8
    endloop
  endfacet
  facet normal 0 0 1
    outer loop
      vertex -73.296 -26.6776 2.8
      vertex -66.2394 -19.6764 2.8
      vertex -66.4183 -19.62 2.8
    endloop
  endfacet
  facet normal 0 0 1
    outer loop
      vertex -73.296 -26.6776 2.8
      vertex -66.4183 -19.62 2.8
      vertex -66.5916 -19.5483 2.8
    endloop
  endfacet
  facet normal 0 0 1
    outer loop
      vertex -73.296 -26.6776 2.8
      vertex -66.5916 -19.5483 2.8
      vertex -66.758 -19.4616 2.8
    endloop
  endfacet
  facet normal 0 0 1
    outer loop
      vertex -73.296 -26.6776 2.8
      vertex -66.758 -19.4616 2.8
      vertex -66.9161 -19.3609 2.8
    endloop
  endfacet
  facet normal 0 0 1
    outer loop
      vertex -73.296 -26.6776 2.8
      vertex -66.9161 -19.3609 2.8
      vertex -67.0649 -19.2467 2.8
    endloop
  endfacet
  facet normal 0 0 1
    outer loop
      vertex -73.296 -26.6776 2.8
      vertex -67.0649 -19.2467 2.8
      vertex -67.2032 -19.12 2.8
    endloop
  endfacet
  facet normal 0 0 1
    outer loop
      vertex -73.296 -26.6776 2.8
      vertex -67.2032 -19.12 2.8
      vertex -67.3299 -18.9817 2.8
    endloop
  endfacet
  facet normal 0 0 1
    outer loop
      vertex -75.3422 -20.1879 2.8
      vertex -67.3299 -18.9817 2.8
      vertex -67.4441 -18.8329 2.8
    endloop
  endfacet
  facet normal 0 0 1
    outer loop
      vertex -75.3422 -20.1879 2.8
      vertex -67.4441 -18.8329 2.8
      vertex -67.5449 -18.6747 2.8
    endloop
  endfacet
  facet normal 0 0 1
    outer loop
      vertex -56.1727 -36.4166 2.8
      vertex -67.55 -39 2.8
      vertex -63.8939 -44.739 2.8
    endloop
  endfacet
  facet normal 0 0 1
    outer loop
      vertex -75.3422 -20.1879 2.8
      vertex -67.5449 -18.6747 2.8
      vertex -67.6315 -18.5083 2.8
    endloop
  endfacet
  facet normal 0 0 1
    outer loop
      vertex -75.3422 -20.1879 2.8
      vertex -67.6315 -18.5083 2.8
      vertex -67.7033 -18.335 2.8
    endloop
  endfacet
  facet normal 0 0 1
    outer loop
      vertex -75.3422 -20.1879 2.8
      vertex -67.7033 -18.335 2.8
      vertex -67.7597 -18.1562 2.8
    endloop
  endfacet
  facet normal 0 0 1
    outer loop
      vertex -75.3422 -20.1879 2.8
      vertex -67.7597 -18.1562 2.8
      vertex -67.8003 -17.973 2.8
    endloop
  endfacet
  facet normal 0 0 1
    outer loop
      vertex -75.3422 -20.1879 2.8
      vertex -67.8003 -17.973 2.8
      vertex -67.8248 -17.7871 2.8
    endloop
  endfacet
  facet normal 0 0 1
    outer loop
      vertex -75.3422 -20.1879 2.8
      vertex -67.8248 -17.7871 2.8
      vertex -67.833 -17.5997 2.8
    endloop
  endfacet
  facet normal 0 0 1
    outer loop
      vertex -66.8498 -3.55588 2.8
      vertex -71.125 -1.51554 2.8
      vertex -71.2604 -1.58604 2.8
    endloop
  endfacet
  facet normal 0 0 1
    outer loop
      vertex -66.8498 -3.55588 2.8
      vertex -71.2604 -1.58604 2.8
      vertex -71.4015 -1.64446 2.8
    endloop
  endfacet
  facet normal 0 0 1
    outer loop
      vertex -66.8498 -3.55588 2.8
      vertex -71.4015 -1.64446 2.8
      vertex -71.5471 -1.69037 2.8
    endloop
  endfacet
  facet normal 0 0 1
    outer loop
      vertex -66.5831 -6.94551 2.8
      vertex -71.5471 -1.69037 2.8
      vertex -71.6961 -1.72341 2.8
    endloop
  endfacet
  facet normal 0 0 1
    outer loop
      vertex -66.5831 -6.94551 2.8
      vertex -71.6961 -1.72341 2.8
      vertex -71.8475 -1.74334 2.8
    endloop
  endfacet
  facet normal 0 0 1
    outer loop
      vertex -66.5721 -7.04964 2.8
      vertex -77.7032 -6.79815 2.8
      vertex -76.815 -13.5446 2.8
    endloop
  endfacet
  facet normal 0 0 1
    outer loop
      vertex -66.1119 -10.5241 2.8
      vertex -76.815 -13.5446 2.8
      vertex -67.2032 -16.0794 2.8
    endloop
  endfacet
  facet normal 0 0 1
    outer loop
      vertex -66.1119 -10.5241 2.8
      vertex -67.2032 -16.0794 2.8
      vertex -67.0649 -15.9527 2.8
    endloop
  endfacet
  facet normal 0 0 1
    outer loop
      vertex -67.2032 -16.0794 2.8
      vertex -76.815 -13.5446 2.8
      vertex -67.3299 -16.2177 2.8
    endloop
  endfacet
  facet normal 0 0 1
    outer loop
      vertex -59.624 -30.4387 2.8
      vertex -70.692 -32.9642 2.8
      vertex -67.55 -39 2.8
    endloop
  endfacet
  facet normal 0 0 1
    outer loop
      vertex -67.3299 -16.2177 2.8
      vertex -76.815 -13.5446 2.8
      vertex -67.4441 -16.3665 2.8
    endloop
  endfacet
  facet normal 0 0 1
    outer loop
      vertex -67.4441 -16.3665 2.8
      vertex -76.815 -13.5446 2.8
      vertex -67.5449 -16.5247 2.8
    endloop
  endfacet
  facet normal 0 0 1
    outer loop
      vertex -67.5449 -16.5247 2.8
      vertex -76.815 -13.5446 2.8
      vertex -67.6315 -16.6911 2.8
    endloop
  endfacet
  facet normal 0 0 1
    outer loop
      vertex -67.6315 -16.6911 2.8
      vertex -76.815 -13.5446 2.8
      vertex -67.7033 -16.8644 2.8
    endloop
  endfacet
  facet normal 0 0 1
    outer loop
      vertex -67.7597 -17.0432 2.8
      vertex -76.815 -13.5446 2.8
      vertex -67.8003 -17.2264 2.8
    endloop
  endfacet
  facet normal 0 -0 1
    outer loop
      vertex -75.3422 -20.1879 2.8
      vertex -67.8003 -17.2264 2.8
      vertex -76.815 -13.5446 2.8
    endloop
  endfacet
  facet normal 0 0 1
    outer loop
      vertex -67.8003 -17.2264 2.8
      vertex -75.3422 -20.1879 2.8
      vertex -67.8248 -17.4123 2.8
    endloop
  endfacet
  facet normal 0 0 1
    outer loop
      vertex -67.7033 -16.8644 2.8
      vertex -76.815 -13.5446 2.8
      vertex -67.7597 -17.0432 2.8
    endloop
  endfacet
  facet normal -0 0 1
    outer loop
      vertex -72 -1.75 2.8
      vertex -66.5831 -6.94551 2.8
      vertex -71.8475 -1.74334 2.8
    endloop
  endfacet
  facet normal 0 0 1
    outer loop
      vertex -66.5831 -6.94551 2.8
      vertex -72 -1.75 2.8
      vertex -77.7032 -6.79815 2.8
    endloop
  endfacet
  facet normal 0 0 1
    outer loop
      vertex -77.7032 -6.79815 2.8
      vertex -72 -1.75 2.8
      vertex -72.1525 -1.74334 2.8
    endloop
  endfacet
  facet normal 0 0 1
    outer loop
      vertex -77.7032 -6.79815 2.8
      vertex -72.1525 -1.74334 2.8
      vertex -72.3039 -1.72341 2.8
    endloop
  endfacet
  facet normal 0 0 1
    outer loop
      vertex -77.7032 -6.79815 2.8
      vertex -72.3039 -1.72341 2.8
      vertex -72.4529 -1.69037 2.8
    endloop
  endfacet
  facet normal 0 0 1
    outer loop
      vertex -77.7032 -6.79815 2.8
      vertex -72.4529 -1.69037 2.8
      vertex -72.5985 -1.64446 2.8
    endloop
  endfacet
  facet normal 0 0 1
    outer loop
      vertex -77.7032 -6.79815 2.8
      vertex -72.5985 -1.64446 2.8
      vertex -72.7396 -1.58604 2.8
    endloop
  endfacet
  facet normal 0 0 1
    outer loop
      vertex -77.7032 -6.79815 2.8
      vertex -72.7396 -1.58604 2.8
      vertex -72.875 -1.51554 2.8
    endloop
  endfacet
  facet normal 0 0 1
    outer loop
      vertex -77.7032 -6.79815 2.8
      vertex -72.875 -1.51554 2.8
      vertex -73.0038 -1.43352 2.8
    endloop
  endfacet
  facet normal 0 0 1
    outer loop
      vertex -77.7032 -6.79815 2.8
      vertex -73.0038 -1.43352 2.8
      vertex -73.1249 -1.34058 2.8
    endloop
  endfacet
  facet normal 0 0 1
    outer loop
      vertex -77.7032 -6.79815 2.8
      vertex -73.1249 -1.34058 2.8
      vertex -73.2374 -1.23744 2.8
    endloop
  endfacet
  facet normal 0 0 1
    outer loop
      vertex -62.4791 -24.0396 2.8
      vertex -73.296 -26.6776 2.8
      vertex -70.692 -32.9642 2.8
    endloop
  endfacet
  facet normal 0 0 1
    outer loop
      vertex -77.7032 -6.79815 2.8
      vertex -73.2374 -1.23744 2.8
      vertex -73.3406 -1.12488 2.8
    endloop
  endfacet
  facet normal 0 0 1
    outer loop
      vertex -77.7032 -6.79815 2.8
      vertex -73.3406 -1.12488 2.8
      vertex -73.4335 -1.00376 2.8
    endloop
  endfacet
  facet normal 0 0 1
    outer loop
      vertex -78 0 2.8
      vertex -73.4335 -1.00376 2.8
      vertex -73.5155 -0.875 2.8
    endloop
  endfacet
  facet normal 0 0 1
    outer loop
      vertex -78 0 2.8
      vertex -73.5155 -0.875 2.8
      vertex -73.586 -0.739581 2.8
    endloop
  endfacet
  facet normal 0 0 1
    outer loop
      vertex -78 0 2.8
      vertex -73.586 -0.739581 2.8
      vertex -73.6445 -0.598535 2.8
    endloop
  endfacet
  facet normal 0 0 1
    outer loop
      vertex -78 0 2.8
      vertex -73.6445 -0.598535 2.8
      vertex -73.6904 -0.452933 2.8
    endloop
  endfacet
  facet normal 0 0 1
    outer loop
      vertex -78 0 2.8
      vertex -73.6904 -0.452933 2.8
      vertex -73.7234 -0.303884 2.8
    endloop
  endfacet
  facet normal 0 0 1
    outer loop
      vertex -78 0 2.8
      vertex -73.7234 -0.303884 2.8
      vertex -73.7433 -0.152522 2.8
    endloop
  endfacet
  facet normal -0 0 1
    outer loop
      vertex -78 0 2.8
      vertex -73.7433 -0.152522 2.8
      vertex -73.75 0 2.8
    endloop
  endfacet
  facet normal 0 0 1
    outer loop
      vertex -73.6904 0.452933 2.8
      vertex -78 0 2.8
      vertex -73.7234 0.303884 2.8
    endloop
  endfacet
  facet normal 0 0 1
    outer loop
      vertex -67.3299 -18.9817 2.8
      vertex -75.3422 -20.1879 2.8
      vertex -73.296 -26.6776 2.8
    endloop
  endfacet
  facet normal 0 0 1
    outer loop
      vertex -73.7234 0.303884 2.8
      vertex -78 0 2.8
      vertex -73.7433 0.152522 2.8
    endloop
  endfacet
  facet normal 0 0 1
    outer loop
      vertex -67.8248 -17.4123 2.8
      vertex -75.3422 -20.1879 2.8
      vertex -67.833 -17.5997 2.8
    endloop
  endfacet
  facet normal 0 0 1
    outer loop
      vertex -73.7433 0.152522 2.8
      vertex -78 0 2.8
      vertex -73.75 0 2.8
    endloop
  endfacet
  facet normal 0 0 1
    outer loop
      vertex -66.1119 -10.5241 2.8
      vertex -67.0649 -15.9527 2.8
      vertex -66.9161 -15.8385 2.8
    endloop
  endfacet
  facet normal 0 0 1
    outer loop
      vertex -73.4335 -1.00376 2.8
      vertex -78 0 2.8
      vertex -77.7032 -6.79815 2.8
    endloop
  endfacet
  facet normal -0 0 1
    outer loop
      vertex -34.3096 61.9009 2.8
      vertex -30.4387 59.624 2.8
      vertex -34.2766 62.0499 2.8
    endloop
  endfacet
  facet normal -0 0 1
    outer loop
      vertex -34.3555 61.7553 2.8
      vertex -30.4387 59.624 2.8
      vertex -34.3096 61.9009 2.8
    endloop
  endfacet
  facet normal -0 0 1
    outer loop
      vertex -34.414 61.6142 2.8
      vertex -30.4387 59.624 2.8
      vertex -34.3555 61.7553 2.8
    endloop
  endfacet
  facet normal -0 0 1
    outer loop
      vertex -34.4845 61.4788 2.8
      vertex -30.4387 59.624 2.8
      vertex -34.414 61.6142 2.8
    endloop
  endfacet
  facet normal -0 0 1
    outer loop
      vertex -34.5665 61.3501 2.8
      vertex -30.4387 59.624 2.8
      vertex -34.4845 61.4788 2.8
    endloop
  endfacet
  facet normal 0 0 1
    outer loop
      vertex -30.4387 59.624 2.8
      vertex -34.5665 61.3501 2.8
      vertex -33.4268 58.0016 2.8
    endloop
  endfacet
  facet normal -0 0 1
    outer loop
      vertex -34.6594 61.229 2.8
      vertex -33.4268 58.0016 2.8
      vertex -34.5665 61.3501 2.8
    endloop
  endfacet
  facet normal -0 0 1
    outer loop
      vertex -34.7626 61.1164 2.8
      vertex -33.4268 58.0016 2.8
      vertex -34.6594 61.229 2.8
    endloop
  endfacet
  facet normal -0 0 1
    outer loop
      vertex -34.8751 61.0133 2.8
      vertex -33.4268 58.0016 2.8
      vertex -34.7626 61.1164 2.8
    endloop
  endfacet
  facet normal -0 0 1
    outer loop
      vertex -34.9962 60.9203 2.8
      vertex -33.4268 58.0016 2.8
      vertex -34.8751 61.0133 2.8
    endloop
  endfacet
  facet normal -0 0 1
    outer loop
      vertex -35.125 60.8383 2.8
      vertex -33.4268 58.0016 2.8
      vertex -34.9962 60.9203 2.8
    endloop
  endfacet
  facet normal 0 0 1
    outer loop
      vertex -33.4268 58.0016 2.8
      vertex -35.125 60.8383 2.8
      vertex -33.5175 57.9493 2.8
    endloop
  endfacet
  facet normal -0 0 1
    outer loop
      vertex -35.2604 60.7678 2.8
      vertex -33.5175 57.9493 2.8
      vertex -35.125 60.8383 2.8
    endloop
  endfacet
  facet normal -0 0 1
    outer loop
      vertex -35.4015 60.7094 2.8
      vertex -33.5175 57.9493 2.8
      vertex -35.2604 60.7678 2.8
    endloop
  endfacet
  facet normal -0 0 1
    outer loop
      vertex -35.5471 60.6635 2.8
      vertex -33.5175 57.9493 2.8
      vertex -35.4015 60.7094 2.8
    endloop
  endfacet
  facet normal -0 0 1
    outer loop
      vertex -35.6961 60.6304 2.8
      vertex -33.5175 57.9493 2.8
      vertex -35.5471 60.6635 2.8
    endloop
  endfacet
  facet normal -0 0 1
    outer loop
      vertex -35.8475 60.6105 2.8
      vertex -33.5175 57.9493 2.8
      vertex -35.6961 60.6304 2.8
    endloop
  endfacet
  facet normal 0 0 1
    outer loop
      vertex -36.4166 56.1727 2.8
      vertex -35.8475 60.6105 2.8
      vertex -36 60.6038 2.8
    endloop
  endfacet
  facet normal 0 0 1
    outer loop
      vertex -36.4166 56.1727 2.8
      vertex -36 60.6038 2.8
      vertex -36.1525 60.6105 2.8
    endloop
  endfacet
  facet normal 0 0 1
    outer loop
      vertex -36.4166 56.1727 2.8
      vertex -36.1525 60.6105 2.8
      vertex -36.3039 60.6304 2.8
    endloop
  endfacet
  facet normal 0 0 1
    outer loop
      vertex -35.8475 60.6105 2.8
      vertex -36.4166 56.1727 2.8
      vertex -33.5175 57.9493 2.8
    endloop
  endfacet
  facet normal 0 0 1
    outer loop
      vertex -36.4529 60.6635 2.8
      vertex -36.4166 56.1727 2.8
      vertex -36.3039 60.6304 2.8
    endloop
  endfacet
  facet normal 0 0 1
    outer loop
      vertex -36.5985 60.7094 2.8
      vertex -36.4166 56.1727 2.8
      vertex -36.4529 60.6635 2.8
    endloop
  endfacet
  facet normal 0 0 1
    outer loop
      vertex -36.7396 60.7678 2.8
      vertex -36.4166 56.1727 2.8
      vertex -36.5985 60.7094 2.8
    endloop
  endfacet
  facet normal 0 0 1
    outer loop
      vertex -36.4166 56.1727 2.8
      vertex -36.7396 60.7678 2.8
      vertex -36.5044 56.1157 2.8
    endloop
  endfacet
  facet normal 0 0 1
    outer loop
      vertex -36.875 60.8383 2.8
      vertex -36.5044 56.1157 2.8
      vertex -36.7396 60.7678 2.8
    endloop
  endfacet
  facet normal 0 0 1
    outer loop
      vertex -37.0038 60.9203 2.8
      vertex -36.5044 56.1157 2.8
      vertex -36.875 60.8383 2.8
    endloop
  endfacet
  facet normal 0 0 1
    outer loop
      vertex -37.1249 61.0133 2.8
      vertex -36.5044 56.1157 2.8
      vertex -37.0038 60.9203 2.8
    endloop
  endfacet
  facet normal 0 0 1
    outer loop
      vertex -37.2374 61.1164 2.8
      vertex -36.5044 56.1157 2.8
      vertex -37.1249 61.0133 2.8
    endloop
  endfacet
  facet normal 0 0 1
    outer loop
      vertex -39.3065 54.1899 2.8
      vertex -37.2374 61.1164 2.8
      vertex -37.3406 61.229 2.8
    endloop
  endfacet
  facet normal 0 0 1
    outer loop
      vertex -39.3065 54.1899 2.8
      vertex -37.3406 61.229 2.8
      vertex -37.4335 61.3501 2.8
    endloop
  endfacet
  facet normal 0 0 1
    outer loop
      vertex -39.3065 54.1899 2.8
      vertex -37.4335 61.3501 2.8
      vertex -37.5155 61.4788 2.8
    endloop
  endfacet
  facet normal 0 0 1
    outer loop
      vertex -44.739 63.8939 2.8
      vertex -37.5155 61.4788 2.8
      vertex -37.586 61.6142 2.8
    endloop
  endfacet
  facet normal 0 0 1
    outer loop
      vertex -44.739 63.8939 2.8
      vertex -37.586 61.6142 2.8
      vertex -37.6445 61.7553 2.8
    endloop
  endfacet
  facet normal 0 0 1
    outer loop
      vertex -44.739 63.8939 2.8
      vertex -37.6445 61.7553 2.8
      vertex -37.6904 61.9009 2.8
    endloop
  endfacet
  facet normal 0 0 1
    outer loop
      vertex -44.739 63.8939 2.8
      vertex -37.6904 61.9009 2.8
      vertex -37.7234 62.0499 2.8
    endloop
  endfacet
  facet normal 0 0 1
    outer loop
      vertex -37.7433 62.5064 2.8
      vertex -44.739 63.8939 2.8
      vertex -37.75 62.3538 2.8
    endloop
  endfacet
  facet normal 0 0 1
    outer loop
      vertex -37.75 62.3538 2.8
      vertex -44.739 63.8939 2.8
      vertex -37.7433 62.2013 2.8
    endloop
  endfacet
  facet normal 0 0 1
    outer loop
      vertex -37.7433 62.2013 2.8
      vertex -44.739 63.8939 2.8
      vertex -37.7234 62.0499 2.8
    endloop
  endfacet
  facet normal 0 0 1
    outer loop
      vertex -37.5155 61.4788 2.8
      vertex -44.739 63.8939 2.8
      vertex -39.3065 54.1899 2.8
    endloop
  endfacet
  facet normal 0 0 1
    outer loop
      vertex -37.2374 61.1164 2.8
      vertex -39.3065 54.1899 2.8
      vertex -36.5044 56.1157 2.8
    endloop
  endfacet
  facet normal 0 0 1
    outer loop
      vertex -39.3065 54.1899 2.8
      vertex -44.739 63.8939 2.8
      vertex -39.3912 54.1283 2.8
    endloop
  endfacet
  facet normal 0 0 1
    outer loop
      vertex -39.3912 54.1283 2.8
      vertex -44.739 63.8939 2.8
      vertex -42.0887 52.0585 2.8
    endloop
  endfacet
  facet normal -0 0 1
    outer loop
      vertex -50.1374 59.7515 2.8
      vertex -42.0887 52.0585 2.8
      vertex -44.739 63.8939 2.8
    endloop
  endfacet
  facet normal 0 0 1
    outer loop
      vertex -42.0887 52.0585 2.8
      vertex -50.1374 59.7515 2.8
      vertex -42.1701 51.9926 2.8
    endloop
  endfacet
  facet normal 0 0 1
    outer loop
      vertex -42.1701 51.9926 2.8
      vertex -50.1374 59.7515 2.8
      vertex -44.7556 49.7843 2.8
    endloop
  endfacet
  facet normal 0 0 1
    outer loop
      vertex -44.7556 49.7843 2.8
      vertex -50.1374 59.7515 2.8
      vertex -44.8334 49.7143 2.8
    endloop
  endfacet
  facet normal -0 0 1
    outer loop
      vertex -55.1543 55.1543 2.8
      vertex -44.8334 49.7143 2.8
      vertex -50.1374 59.7515 2.8
    endloop
  endfacet
  facet normal 0 0 1
    outer loop
      vertex -44.8334 49.7143 2.8
      vertex -55.1543 55.1543 2.8
      vertex -47.2997 47.3738 2.8
    endloop
  endfacet
  facet normal 0 -0 1
    outer loop
      vertex -47.3738 47.2997 2.8
      vertex -47.2997 47.3738 2.8
      vertex -55.1543 55.1543 2.8
    endloop
  endfacet
  facet normal 0 0 1
    outer loop
      vertex -47.2997 47.3738 2.8
      vertex -47.3738 47.2997 2.8
      vertex -47.3461 47.3258 2.8
    endloop
  endfacet
  facet normal 0 0 1
    outer loop
      vertex -47.3738 47.2997 2.8
      vertex -55.1543 55.1543 2.8
      vertex -49.7143 44.8334 2.8
    endloop
  endfacet
  facet normal -0 0 1
    outer loop
      vertex -59.7515 50.1374 2.8
      vertex -49.7143 44.8334 2.8
      vertex -55.1543 55.1543 2.8
    endloop
  endfacet
  facet normal 0 0 1
    outer loop
      vertex -49.7143 44.8334 2.8
      vertex -59.7515 50.1374 2.8
      vertex -49.7843 44.7556 2.8
    endloop
  endfacet
  facet normal 0 0 1
    outer loop
      vertex -49.7843 44.7556 2.8
      vertex -59.7515 50.1374 2.8
      vertex -51.9926 42.1701 2.8
    endloop
  endfacet
  facet normal 0 0 1
    outer loop
      vertex -51.9926 42.1701 2.8
      vertex -59.7515 50.1374 2.8
      vertex -52.0585 42.0887 2.8
    endloop
  endfacet
  facet normal 0 0 1
    outer loop
      vertex -52.0585 42.0887 2.8
      vertex -59.7515 50.1374 2.8
      vertex -54.1283 39.3912 2.8
    endloop
  endfacet
  facet normal -0 0 1
    outer loop
      vertex -63.8939 44.739 2.8
      vertex -54.1283 39.3912 2.8
      vertex -59.7515 50.1374 2.8
    endloop
  endfacet
  facet normal 0 0 1
    outer loop
      vertex -54.1283 39.3912 2.8
      vertex -63.8939 44.739 2.8
      vertex -54.1899 39.3065 2.8
    endloop
  endfacet
  facet normal 0 0 1
    outer loop
      vertex -54.1899 39.3065 2.8
      vertex -63.8939 44.739 2.8
      vertex -56.1157 36.5044 2.8
    endloop
  endfacet
  facet normal 0 0 1
    outer loop
      vertex -56.1157 36.5044 2.8
      vertex -63.8939 44.739 2.8
      vertex -56.1727 36.4166 2.8
    endloop
  endfacet
  facet normal -0 0 1
    outer loop
      vertex -67.55 39 2.8
      vertex -56.1727 36.4166 2.8
      vertex -63.8939 44.739 2.8
    endloop
  endfacet
  facet normal 0 0 1
    outer loop
      vertex -56.1727 36.4166 2.8
      vertex -67.55 39 2.8
      vertex -57.9493 33.5175 2.8
    endloop
  endfacet
  facet normal 0 0 1
    outer loop
      vertex -57.9493 33.5175 2.8
      vertex -67.55 39 2.8
      vertex -58.0016 33.4268 2.8
    endloop
  endfacet
  facet normal 0 0 1
    outer loop
      vertex -58.0016 33.4268 2.8
      vertex -67.55 39 2.8
      vertex -59.624 30.4387 2.8
    endloop
  endfacet
  facet normal -0 0 1
    outer loop
      vertex -70.692 32.9642 2.8
      vertex -59.624 30.4387 2.8
      vertex -67.55 39 2.8
    endloop
  endfacet
  facet normal 0 0 1
    outer loop
      vertex -59.624 30.4387 2.8
      vertex -70.692 32.9642 2.8
      vertex -59.6716 30.3454 2.8
    endloop
  endfacet
  facet normal 0 0 1
    outer loop
      vertex -59.6716 30.3454 2.8
      vertex -70.692 32.9642 2.8
      vertex -61.1354 27.2765 2.8
    endloop
  endfacet
  facet normal 0 0 1
    outer loop
      vertex -61.1354 27.2765 2.8
      vertex -70.692 32.9642 2.8
      vertex -61.178 27.1809 2.8
    endloop
  endfacet
  facet normal 0 0 1
    outer loop
      vertex -61.178 27.1809 2.8
      vertex -70.692 32.9642 2.8
      vertex -62.4791 24.0396 2.8
    endloop
  endfacet
  facet normal -0 0 1
    outer loop
      vertex -73.296 26.6776 2.8
      vertex -62.4791 24.0396 2.8
      vertex -70.692 32.9642 2.8
    endloop
  endfacet
  facet normal 0 0 1
    outer loop
      vertex -62.4791 24.0396 2.8
      vertex -73.296 26.6776 2.8
      vertex -62.5167 23.9418 2.8
    endloop
  endfacet
  facet normal 0 0 1
    outer loop
      vertex -62.5167 23.9418 2.8
      vertex -73.296 26.6776 2.8
      vertex -63.6516 20.7367 2.8
    endloop
  endfacet
  facet normal 0 0 1
    outer loop
      vertex -63.6516 20.7367 2.8
      vertex -73.296 26.6776 2.8
      vertex -63.684 20.6371 2.8
    endloop
  endfacet
  facet normal 0 0 1
    outer loop
      vertex -75.3422 20.1879 2.8
      vertex -63.684 20.6371 2.8
      vertex -73.296 26.6776 2.8
    endloop
  endfacet
  facet normal 0 0 1
    outer loop
      vertex -63.684 20.6371 2.8
      vertex -75.3422 20.1879 2.8
      vertex -64.6497 17.377 2.8
    endloop
  endfacet
  facet normal 0 -0 1
    outer loop
      vertex -64.6768 17.2759 2.8
      vertex -64.6497 17.377 2.8
      vertex -75.3422 20.1879 2.8
    endloop
  endfacet
  facet normal 0 0 1
    outer loop
      vertex -64.6497 17.377 2.8
      vertex -64.6768 17.2759 2.8
      vertex -64.6658 17.3123 2.8
    endloop
  endfacet
  facet normal 0 0 1
    outer loop
      vertex -64.6768 17.2759 2.8
      vertex -75.3422 20.1879 2.8
      vertex -65.4705 13.9697 2.8
    endloop
  endfacet
  facet normal 0 0 1
    outer loop
      vertex -76.815 13.5446 2.8
      vertex -65.4705 13.9697 2.8
      vertex -75.3422 20.1879 2.8
    endloop
  endfacet
  facet normal 0 0 1
    outer loop
      vertex -65.4705 13.9697 2.8
      vertex -76.815 13.5446 2.8
      vertex -65.4923 13.8673 2.8
    endloop
  endfacet
  facet normal -0 0 1
    outer loop
      vertex -70.25 0 2.8
      vertex -66.9443 -0.0523529 2.8
      vertex -66.9443 0.0523529 2.8
    endloop
  endfacet
  facet normal 0 0 1
    outer loop
      vertex -70.2567 -0.152522 2.8
      vertex -66.9443 -0.0523529 2.8
      vertex -70.25 0 2.8
    endloop
  endfacet
  facet normal 0 0 1
    outer loop
      vertex -70.2766 -0.303884 2.8
      vertex -66.9443 -0.0523529 2.8
      vertex -70.2567 -0.152522 2.8
    endloop
  endfacet
  facet normal 0 0 1
    outer loop
      vertex -70.3096 -0.452933 2.8
      vertex -66.9443 -0.0523529 2.8
      vertex -70.2766 -0.303884 2.8
    endloop
  endfacet
  facet normal -0 0 1
    outer loop
      vertex -70.414 0.739581 2.8
      vertex -66.9443 0.0523529 2.8
      vertex -66.8553 3.45131 2.8
    endloop
  endfacet
  facet normal 0 0 1
    outer loop
      vertex -70.3555 -0.598535 2.8
      vertex -66.9443 -0.0523529 2.8
      vertex -70.3096 -0.452933 2.8
    endloop
  endfacet
  facet normal 0 0 1
    outer loop
      vertex -65.4923 13.8673 2.8
      vertex -76.815 13.5446 2.8
      vertex -66.1119 10.5241 2.8
    endloop
  endfacet
  facet normal 0 0 1
    outer loop
      vertex -66.1119 10.5241 2.8
      vertex -76.815 13.5446 2.8
      vertex -66.1283 10.4207 2.8
    endloop
  endfacet
  facet normal 0 0 1
    outer loop
      vertex -76.815 13.5446 2.8
      vertex -66.5721 7.04964 2.8
      vertex -66.1283 10.4207 2.8
    endloop
  endfacet
  facet normal 0 0 1
    outer loop
      vertex -66.9443 0.0523529 2.8
      vertex -70.2567 0.152522 2.8
      vertex -70.25 0 2.8
    endloop
  endfacet
  facet normal 0 0 1
    outer loop
      vertex -70.414 -0.739581 2.8
      vertex -66.9443 -0.0523529 2.8
      vertex -70.3555 -0.598535 2.8
    endloop
  endfacet
  facet normal 0 0 1
    outer loop
      vertex -66.8553 -3.45131 2.8
      vertex -70.414 -0.739581 2.8
      vertex -70.4845 -0.875 2.8
    endloop
  endfacet
  facet normal 0 0 1
    outer loop
      vertex -66.8553 -3.45131 2.8
      vertex -70.4845 -0.875 2.8
      vertex -70.5665 -1.00376 2.8
    endloop
  endfacet
  facet normal 0 0 1
    outer loop
      vertex -66.8553 -3.45131 2.8
      vertex -70.5665 -1.00376 2.8
      vertex -70.6594 -1.12488 2.8
    endloop
  endfacet
  facet normal 0 0 1
    outer loop
      vertex -66.8553 -3.45131 2.8
      vertex -70.6594 -1.12488 2.8
      vertex -70.7626 -1.23744 2.8
    endloop
  endfacet
  facet normal 0 0 1
    outer loop
      vertex -66.8553 -3.45131 2.8
      vertex -70.7626 -1.23744 2.8
      vertex -70.8751 -1.34058 2.8
    endloop
  endfacet
  facet normal 0 0 1
    outer loop
      vertex -66.8553 -3.45131 2.8
      vertex -70.8751 -1.34058 2.8
      vertex -70.9962 -1.43352 2.8
    endloop
  endfacet
  facet normal 0 0 1
    outer loop
      vertex -66.9443 0.0523529 2.8
      vertex -70.2766 0.303884 2.8
      vertex -70.2567 0.152522 2.8
    endloop
  endfacet
  facet normal 0 0 1
    outer loop
      vertex -66.9443 0.0523529 2.8
      vertex -70.3096 0.452933 2.8
      vertex -70.2766 0.303884 2.8
    endloop
  endfacet
  facet normal 0 0 1
    outer loop
      vertex -66.9443 0.0523529 2.8
      vertex -70.3555 0.598535 2.8
      vertex -70.3096 0.452933 2.8
    endloop
  endfacet
  facet normal 0 0 1
    outer loop
      vertex -66.9443 0.0523529 2.8
      vertex -70.414 0.739581 2.8
      vertex -70.3555 0.598535 2.8
    endloop
  endfacet
  facet normal 0 0 1
    outer loop
      vertex -72 1.75 2.8
      vertex -77.7032 6.79815 2.8
      vertex -72.1525 1.74334 2.8
    endloop
  endfacet
  facet normal 0 0 1
    outer loop
      vertex -66.8553 3.45131 2.8
      vertex -70.4845 0.875 2.8
      vertex -70.414 0.739581 2.8
    endloop
  endfacet
  facet normal 0 -0 1
    outer loop
      vertex -71.8475 1.74334 2.8
      vertex -66.5831 6.94551 2.8
      vertex -72 1.75 2.8
    endloop
  endfacet
  facet normal 0 0 1
    outer loop
      vertex -66.8553 3.45131 2.8
      vertex -70.5665 1.00376 2.8
      vertex -70.4845 0.875 2.8
    endloop
  endfacet
  facet normal 0 0 1
    outer loop
      vertex -66.8553 3.45131 2.8
      vertex -70.6594 1.12488 2.8
      vertex -70.5665 1.00376 2.8
    endloop
  endfacet
  facet normal 0 -0 1
    outer loop
      vertex -71.6961 1.72341 2.8
      vertex -66.5831 6.94551 2.8
      vertex -71.8475 1.74334 2.8
    endloop
  endfacet
  facet normal 0 0 1
    outer loop
      vertex -66.8553 3.45131 2.8
      vertex -70.7626 1.23744 2.8
      vertex -70.6594 1.12488 2.8
    endloop
  endfacet
  facet normal 0 0 1
    outer loop
      vertex -66.8553 3.45131 2.8
      vertex -70.8751 1.34058 2.8
      vertex -70.7626 1.23744 2.8
    endloop
  endfacet
  facet normal 0 0 1
    outer loop
      vertex -66.8553 3.45131 2.8
      vertex -70.9962 1.43352 2.8
      vertex -70.8751 1.34058 2.8
    endloop
  endfacet
  facet normal 0 0 1
    outer loop
      vertex -66.8498 3.55588 2.8
      vertex -70.9962 1.43352 2.8
      vertex -66.8553 3.45131 2.8
    endloop
  endfacet
  facet normal 0 -0 1
    outer loop
      vertex -70.9962 1.43352 2.8
      vertex -66.8498 3.55588 2.8
      vertex -71.125 1.51554 2.8
    endloop
  endfacet
  facet normal 0 -0 1
    outer loop
      vertex -71.125 1.51554 2.8
      vertex -66.8498 3.55588 2.8
      vertex -71.2604 1.58604 2.8
    endloop
  endfacet
  facet normal 0 -0 1
    outer loop
      vertex -71.2604 1.58604 2.8
      vertex -66.8498 3.55588 2.8
      vertex -71.4015 1.64446 2.8
    endloop
  endfacet
  facet normal 0 -0 1
    outer loop
      vertex -71.4015 1.64446 2.8
      vertex -66.8498 3.55588 2.8
      vertex -71.5471 1.69037 2.8
    endloop
  endfacet
  facet normal 0 0 1
    outer loop
      vertex -66.5831 6.94551 2.8
      vertex -71.5471 1.69037 2.8
      vertex -66.8498 3.55588 2.8
    endloop
  endfacet
  facet normal 0 -0 1
    outer loop
      vertex -71.5471 1.69037 2.8
      vertex -66.5831 6.94551 2.8
      vertex -71.6961 1.72341 2.8
    endloop
  endfacet
  facet normal -0 0 1
    outer loop
      vertex -77.7032 6.79815 2.8
      vertex -72 1.75 2.8
      vertex -66.5831 6.94551 2.8
    endloop
  endfacet
  facet normal 0 0 1
    outer loop
      vertex -77.7032 6.79815 2.8
      vertex -66.5831 6.94551 2.8
      vertex -66.5721 7.04964 2.8
    endloop
  endfacet
  facet normal 0 0 1
    outer loop
      vertex -77.7032 6.79815 2.8
      vertex -66.5721 7.04964 2.8
      vertex -76.815 13.5446 2.8
    endloop
  endfacet
  facet normal 0 0 1
    outer loop
      vertex -72.1525 1.74334 2.8
      vertex -77.7032 6.79815 2.8
      vertex -72.3039 1.72341 2.8
    endloop
  endfacet
  facet normal 0 0 1
    outer loop
      vertex -72.3039 1.72341 2.8
      vertex -77.7032 6.79815 2.8
      vertex -72.4529 1.69037 2.8
    endloop
  endfacet
  facet normal 0 0 1
    outer loop
      vertex -72.4529 1.69037 2.8
      vertex -77.7032 6.79815 2.8
      vertex -72.5985 1.64446 2.8
    endloop
  endfacet
  facet normal 0 0 1
    outer loop
      vertex -72.5985 1.64446 2.8
      vertex -77.7032 6.79815 2.8
      vertex -72.7396 1.58604 2.8
    endloop
  endfacet
  facet normal 0 0 1
    outer loop
      vertex -72.7396 1.58604 2.8
      vertex -77.7032 6.79815 2.8
      vertex -72.875 1.51554 2.8
    endloop
  endfacet
  facet normal 0 0 1
    outer loop
      vertex -72.875 1.51554 2.8
      vertex -77.7032 6.79815 2.8
      vertex -73.0038 1.43352 2.8
    endloop
  endfacet
  facet normal 0 0 1
    outer loop
      vertex -73.0038 1.43352 2.8
      vertex -77.7032 6.79815 2.8
      vertex -73.1249 1.34058 2.8
    endloop
  endfacet
  facet normal 0 0 1
    outer loop
      vertex -73.1249 1.34058 2.8
      vertex -77.7032 6.79815 2.8
      vertex -73.2374 1.23744 2.8
    endloop
  endfacet
  facet normal 0 0 1
    outer loop
      vertex -73.2374 1.23744 2.8
      vertex -77.7032 6.79815 2.8
      vertex -73.3406 1.12488 2.8
    endloop
  endfacet
  facet normal 0 0 1
    outer loop
      vertex -73.3406 1.12488 2.8
      vertex -77.7032 6.79815 2.8
      vertex -73.4335 1.00376 2.8
    endloop
  endfacet
  facet normal 0 0 1
    outer loop
      vertex -78 0 2.8
      vertex -73.4335 1.00376 2.8
      vertex -77.7032 6.79815 2.8
    endloop
  endfacet
  facet normal 0 0 1
    outer loop
      vertex -73.4335 1.00376 2.8
      vertex -78 0 2.8
      vertex -73.5155 0.875 2.8
    endloop
  endfacet
  facet normal 0 0 1
    outer loop
      vertex -73.5155 0.875 2.8
      vertex -78 0 2.8
      vertex -73.586 0.739581 2.8
    endloop
  endfacet
  facet normal 0 0 1
    outer loop
      vertex -73.586 0.739581 2.8
      vertex -78 0 2.8
      vertex -73.6445 0.598535 2.8
    endloop
  endfacet
  facet normal 0 0 1
    outer loop
      vertex -73.6445 0.598535 2.8
      vertex -78 0 2.8
      vertex -73.6904 0.452933 2.8
    endloop
  endfacet
  facet normal 0 0 1
    outer loop
      vertex 44.739 63.8939 2.8
      vertex 37.7433 62.5064 2.8
      vertex 37.75 62.3538 2.8
    endloop
  endfacet
  facet normal 0 0 1
    outer loop
      vertex 44.739 63.8939 2.8
      vertex 37.7234 62.6577 2.8
      vertex 37.7433 62.5064 2.8
    endloop
  endfacet
  facet normal 0 0 1
    outer loop
      vertex 44.739 63.8939 2.8
      vertex 37.6904 62.8068 2.8
      vertex 37.7234 62.6577 2.8
    endloop
  endfacet
  facet normal 0 0 1
    outer loop
      vertex 44.739 63.8939 2.8
      vertex 37.6445 62.9524 2.8
      vertex 37.6904 62.8068 2.8
    endloop
  endfacet
  facet normal 0 0 1
    outer loop
      vertex 39 67.55 2.8
      vertex 37.586 63.0934 2.8
      vertex 37.6445 62.9524 2.8
    endloop
  endfacet
  facet normal 0 0 1
    outer loop
      vertex 39 67.55 2.8
      vertex 37.5155 63.2288 2.8
      vertex 37.586 63.0934 2.8
    endloop
  endfacet
  facet normal 0 0 1
    outer loop
      vertex 39 67.55 2.8
      vertex 37.4335 63.3576 2.8
      vertex 37.5155 63.2288 2.8
    endloop
  endfacet
  facet normal 0 0 1
    outer loop
      vertex 39 67.55 2.8
      vertex 37.3406 63.4787 2.8
      vertex 37.4335 63.3576 2.8
    endloop
  endfacet
  facet normal 0 0 1
    outer loop
      vertex 39 67.55 2.8
      vertex 37.2374 63.5913 2.8
      vertex 37.3406 63.4787 2.8
    endloop
  endfacet
  facet normal 0 0 1
    outer loop
      vertex 39 67.55 2.8
      vertex 37.1249 63.6944 2.8
      vertex 37.2374 63.5913 2.8
    endloop
  endfacet
  facet normal 0 0 1
    outer loop
      vertex 39 67.55 2.8
      vertex 37.0038 63.7873 2.8
      vertex 37.1249 63.6944 2.8
    endloop
  endfacet
  facet normal 0 0 1
    outer loop
      vertex 39 67.55 2.8
      vertex 36.875 63.8694 2.8
      vertex 37.0038 63.7873 2.8
    endloop
  endfacet
  facet normal 0 0 1
    outer loop
      vertex 39 67.55 2.8
      vertex 36.7396 63.9399 2.8
      vertex 36.875 63.8694 2.8
    endloop
  endfacet
  facet normal 0 0 1
    outer loop
      vertex 39 67.55 2.8
      vertex 36.5985 63.9983 2.8
      vertex 36.7396 63.9399 2.8
    endloop
  endfacet
  facet normal 0 0 1
    outer loop
      vertex 39 67.55 2.8
      vertex 36.4529 64.0442 2.8
      vertex 36.5985 63.9983 2.8
    endloop
  endfacet
  facet normal 0 0 1
    outer loop
      vertex 39 67.55 2.8
      vertex 36.3039 64.0772 2.8
      vertex 36.4529 64.0442 2.8
    endloop
  endfacet
  facet normal 0 0 1
    outer loop
      vertex 39 67.55 2.8
      vertex 36.1525 64.0972 2.8
      vertex 36.3039 64.0772 2.8
    endloop
  endfacet
  facet normal 0 0 1
    outer loop
      vertex 39 67.55 2.8
      vertex 36 64.1038 2.8
      vertex 36.1525 64.0972 2.8
    endloop
  endfacet
  facet normal 0 0 1
    outer loop
      vertex 39 67.55 2.8
      vertex 35.8475 64.0972 2.8
      vertex 36 64.1038 2.8
    endloop
  endfacet
  facet normal 0 0 1
    outer loop
      vertex 39 67.55 2.8
      vertex 35.6961 64.0772 2.8
      vertex 35.8475 64.0972 2.8
    endloop
  endfacet
  facet normal 0 0 1
    outer loop
      vertex 32.9642 70.692 2.8
      vertex 35.6961 64.0772 2.8
      vertex 39 67.55 2.8
    endloop
  endfacet
  facet normal 0 0 1
    outer loop
      vertex 35.6961 64.0772 2.8
      vertex 32.9642 70.692 2.8
      vertex 35.5471 64.0442 2.8
    endloop
  endfacet
  facet normal 0 0 1
    outer loop
      vertex 35.5471 64.0442 2.8
      vertex 32.9642 70.692 2.8
      vertex 35.4015 63.9983 2.8
    endloop
  endfacet
  facet normal 0 0 1
    outer loop
      vertex 35.4015 63.9983 2.8
      vertex 32.9642 70.692 2.8
      vertex 35.2604 63.9399 2.8
    endloop
  endfacet
  facet normal 0 0 1
    outer loop
      vertex 35.2604 63.9399 2.8
      vertex 32.9642 70.692 2.8
      vertex 35.125 63.8694 2.8
    endloop
  endfacet
  facet normal 0 0 1
    outer loop
      vertex 35.125 63.8694 2.8
      vertex 32.9642 70.692 2.8
      vertex 34.9962 63.7873 2.8
    endloop
  endfacet
  facet normal 0 0 1
    outer loop
      vertex 34.9962 63.7873 2.8
      vertex 32.9642 70.692 2.8
      vertex 34.8751 63.6944 2.8
    endloop
  endfacet
  facet normal 0 0 1
    outer loop
      vertex 30.3454 59.6716 2.8
      vertex 34.25 62.3538 2.8
      vertex 34.2567 62.5064 2.8
    endloop
  endfacet
  facet normal 0 0 1
    outer loop
      vertex 30.3454 59.6716 2.8
      vertex 34.2567 62.5064 2.8
      vertex 34.2766 62.6577 2.8
    endloop
  endfacet
  facet normal 0 0 1
    outer loop
      vertex 34.25 62.3538 2.8
      vertex 33.4268 58.0016 2.8
      vertex 33.5175 57.9493 2.8
    endloop
  endfacet
  facet normal 0 0 1
    outer loop
      vertex 34.8751 63.6944 2.8
      vertex 32.9642 70.692 2.8
      vertex 34.7626 63.5913 2.8
    endloop
  endfacet
  facet normal 0 0 1
    outer loop
      vertex 32.9642 70.692 2.8
      vertex 34.6594 63.4787 2.8
      vertex 34.7626 63.5913 2.8
    endloop
  endfacet
  facet normal 0 0 1
    outer loop
      vertex 32.9642 70.692 2.8
      vertex 34.5665 63.3576 2.8
      vertex 34.6594 63.4787 2.8
    endloop
  endfacet
  facet normal 0 0 1
    outer loop
      vertex 32.9642 70.692 2.8
      vertex 34.4845 63.2288 2.8
      vertex 34.5665 63.3576 2.8
    endloop
  endfacet
  facet normal 0 0 1
    outer loop
      vertex 27.2765 61.1354 2.8
      vertex 34.4845 63.2288 2.8
      vertex 32.9642 70.692 2.8
    endloop
  endfacet
  facet normal 0 0 1
    outer loop
      vertex 34.4845 63.2288 2.8
      vertex 27.2765 61.1354 2.8
      vertex 34.414 63.0934 2.8
    endloop
  endfacet
  facet normal 0 0 1
    outer loop
      vertex 34.414 63.0934 2.8
      vertex 27.2765 61.1354 2.8
      vertex 34.3555 62.9524 2.8
    endloop
  endfacet
  facet normal 0 0 1
    outer loop
      vertex 34.3555 62.9524 2.8
      vertex 27.2765 61.1354 2.8
      vertex 34.3096 62.8068 2.8
    endloop
  endfacet
  facet normal 0 -0 1
    outer loop
      vertex 30.3454 59.6716 2.8
      vertex 34.3096 62.8068 2.8
      vertex 27.2765 61.1354 2.8
    endloop
  endfacet
  facet normal 0 0 1
    outer loop
      vertex 34.25 62.3538 2.8
      vertex 30.4387 59.624 2.8
      vertex 33.4268 58.0016 2.8
    endloop
  endfacet
  facet normal 0 0 1
    outer loop
      vertex 34.25 62.3538 2.8
      vertex 30.3454 59.6716 2.8
      vertex 30.4387 59.624 2.8
    endloop
  endfacet
  facet normal 0 0 1
    outer loop
      vertex 34.3096 62.8068 2.8
      vertex 30.3454 59.6716 2.8
      vertex 34.2766 62.6577 2.8
    endloop
  endfacet
  facet normal 0 0 1
    outer loop
      vertex 32.9642 70.692 2.8
      vertex 27.1809 61.178 2.8
      vertex 27.2765 61.1354 2.8
    endloop
  endfacet
  facet normal 0 0 1
    outer loop
      vertex 26.6776 73.296 2.8
      vertex 27.1809 61.178 2.8
      vertex 32.9642 70.692 2.8
    endloop
  endfacet
  facet normal 0 0 1
    outer loop
      vertex 26.6776 73.296 2.8
      vertex 24.0396 62.4791 2.8
      vertex 27.1809 61.178 2.8
    endloop
  endfacet
  facet normal 0 0 1
    outer loop
      vertex 26.6776 73.296 2.8
      vertex 23.9418 62.5167 2.8
      vertex 24.0396 62.4791 2.8
    endloop
  endfacet
  facet normal 0 0 1
    outer loop
      vertex 26.6776 73.296 2.8
      vertex 20.7367 63.6516 2.8
      vertex 23.9418 62.5167 2.8
    endloop
  endfacet
  facet normal 0 0 1
    outer loop
      vertex 26.6776 73.296 2.8
      vertex 20.6371 63.684 2.8
      vertex 20.7367 63.6516 2.8
    endloop
  endfacet
  facet normal 0 0 1
    outer loop
      vertex 20.1879 75.3422 2.8
      vertex 20.6371 63.684 2.8
      vertex 26.6776 73.296 2.8
    endloop
  endfacet
  facet normal 0 0 1
    outer loop
      vertex 20.1879 75.3422 2.8
      vertex 17.377 64.6497 2.8
      vertex 20.6371 63.684 2.8
    endloop
  endfacet
  facet normal -0 0 1
    outer loop
      vertex 17.2759 64.6768 2.8
      vertex 17.377 64.6497 2.8
      vertex 20.1879 75.3422 2.8
    endloop
  endfacet
  facet normal 0 0 1
    outer loop
      vertex 17.377 64.6497 2.8
      vertex 17.2759 64.6768 2.8
      vertex 17.3123 64.6658 2.8
    endloop
  endfacet
  facet normal 0 0 1
    outer loop
      vertex 20.1879 75.3422 2.8
      vertex 13.9697 65.4705 2.8
      vertex 17.2759 64.6768 2.8
    endloop
  endfacet
  facet normal 0 0 1
    outer loop
      vertex 13.5446 76.815 2.8
      vertex 13.9697 65.4705 2.8
      vertex 20.1879 75.3422 2.8
    endloop
  endfacet
  facet normal 0 0 1
    outer loop
      vertex 13.9697 65.4705 2.8
      vertex 13.5446 76.815 2.8
      vertex 13.8673 65.4923 2.8
    endloop
  endfacet
  facet normal 0 0 1
    outer loop
      vertex 13.5446 76.815 2.8
      vertex 10.5241 66.1119 2.8
      vertex 13.8673 65.4923 2.8
    endloop
  endfacet
  facet normal 0 0 1
    outer loop
      vertex 13.5446 76.815 2.8
      vertex 10.4207 66.1283 2.8
      vertex 10.5241 66.1119 2.8
    endloop
  endfacet
  facet normal 0 0 1
    outer loop
      vertex 13.5446 76.815 2.8
      vertex 7.04964 66.5721 2.8
      vertex 10.4207 66.1283 2.8
    endloop
  endfacet
  facet normal 0 0 1
    outer loop
      vertex 6.79815 77.7032 2.8
      vertex 7.04964 66.5721 2.8
      vertex 13.5446 76.815 2.8
    endloop
  endfacet
  facet normal 0 0 1
    outer loop
      vertex 7.04964 66.5721 2.8
      vertex 6.79815 77.7032 2.8
      vertex 6.94551 66.5831 2.8
    endloop
  endfacet
  facet normal 0 0 1
    outer loop
      vertex 6.79815 77.7032 2.8
      vertex 3.55588 66.8498 2.8
      vertex 6.94551 66.5831 2.8
    endloop
  endfacet
  facet normal 0 0 1
    outer loop
      vertex 6.79815 77.7032 2.8
      vertex 3.45131 66.8553 2.8
      vertex 3.55588 66.8498 2.8
    endloop
  endfacet
  facet normal 0 0 1
    outer loop
      vertex 0 78 2.8
      vertex 3.45131 66.8553 2.8
      vertex 6.79815 77.7032 2.8
    endloop
  endfacet
  facet normal 0 0 1
    outer loop
      vertex 3.45131 66.8553 2.8
      vertex 0 78 2.8
      vertex 0.0523529 66.9443 2.8
    endloop
  endfacet
  facet normal 0 0 1
    outer loop
      vertex 0 78 2.8
      vertex -0.0523529 66.9443 2.8
      vertex 0.0523529 66.9443 2.8
    endloop
  endfacet
  facet normal 0 0 1
    outer loop
      vertex 0 78 2.8
      vertex -3.45131 66.8553 2.8
      vertex -0.0523529 66.9443 2.8
    endloop
  endfacet
  facet normal -0 0 1
    outer loop
      vertex -6.79815 77.7032 2.8
      vertex -3.45131 66.8553 2.8
      vertex 0 78 2.8
    endloop
  endfacet
  facet normal 0 0 1
    outer loop
      vertex -3.45131 66.8553 2.8
      vertex -6.79815 77.7032 2.8
      vertex -3.55588 66.8498 2.8
    endloop
  endfacet
  facet normal 0 0 1
    outer loop
      vertex -6.79815 77.7032 2.8
      vertex -6.94551 66.5831 2.8
      vertex -3.55588 66.8498 2.8
    endloop
  endfacet
  facet normal 0 0 1
    outer loop
      vertex -6.79815 77.7032 2.8
      vertex -7.04964 66.5721 2.8
      vertex -6.94551 66.5831 2.8
    endloop
  endfacet
  facet normal 0 0 1
    outer loop
      vertex -6.79815 77.7032 2.8
      vertex -10.4207 66.1283 2.8
      vertex -7.04964 66.5721 2.8
    endloop
  endfacet
  facet normal -0 0 1
    outer loop
      vertex -13.5446 76.815 2.8
      vertex -10.4207 66.1283 2.8
      vertex -6.79815 77.7032 2.8
    endloop
  endfacet
  facet normal 0 0 1
    outer loop
      vertex -10.4207 66.1283 2.8
      vertex -13.5446 76.815 2.8
      vertex -10.5241 66.1119 2.8
    endloop
  endfacet
  facet normal -0 0 1
    outer loop
      vertex -16.0794 67.2032 2.8
      vertex -10.5241 66.1119 2.8
      vertex -13.5446 76.815 2.8
    endloop
  endfacet
  facet normal -0 -0 1
    outer loop
      vertex -15.8385 66.9161 2.8
      vertex -10.5241 66.1119 2.8
      vertex -15.9527 67.0649 2.8
    endloop
  endfacet
  facet normal 0 0 1
    outer loop
      vertex -10.5241 66.1119 2.8
      vertex -15.8385 66.9161 2.8
      vertex -13.8673 65.4923 2.8
    endloop
  endfacet
  facet normal 0 0 1
    outer loop
      vertex -13.9697 65.4705 2.8
      vertex -15.4579 65.8703 2.8
      vertex -15.4497 65.683 2.8
    endloop
  endfacet
  facet normal 0 0 1
    outer loop
      vertex -13.9697 65.4705 2.8
      vertex -15.4824 66.0563 2.8
      vertex -15.4579 65.8703 2.8
    endloop
  endfacet
  facet normal 0 0 1
    outer loop
      vertex -13.9697 65.4705 2.8
      vertex -15.523 66.2394 2.8
      vertex -15.4824 66.0563 2.8
    endloop
  endfacet
  facet normal 0 0 1
    outer loop
      vertex -13.9697 65.4705 2.8
      vertex -15.5794 66.4183 2.8
      vertex -15.523 66.2394 2.8
    endloop
  endfacet
  facet normal 0 0 1
    outer loop
      vertex -13.8673 65.4923 2.8
      vertex -15.5794 66.4183 2.8
      vertex -13.9697 65.4705 2.8
    endloop
  endfacet
  facet normal -0 -0 1
    outer loop
      vertex -15.5794 66.4183 2.8
      vertex -13.8673 65.4923 2.8
      vertex -15.6511 66.5916 2.8
    endloop
  endfacet
  facet normal -0 -0 1
    outer loop
      vertex -15.6511 66.5916 2.8
      vertex -13.8673 65.4923 2.8
      vertex -15.7377 66.758 2.8
    endloop
  endfacet
  facet normal -0 -0 1
    outer loop
      vertex -15.7377 66.758 2.8
      vertex -13.8673 65.4923 2.8
      vertex -15.8385 66.9161 2.8
    endloop
  endfacet
  facet normal 0 0 1
    outer loop
      vertex -10.5241 66.1119 2.8
      vertex -16.0794 67.2032 2.8
      vertex -15.9527 67.0649 2.8
    endloop
  endfacet
  facet normal 0 0 1
    outer loop
      vertex -13.5446 76.815 2.8
      vertex -16.2177 67.3299 2.8
      vertex -16.0794 67.2032 2.8
    endloop
  endfacet
  facet normal 0 0 1
    outer loop
      vertex -13.5446 76.815 2.8
      vertex -16.3665 67.4441 2.8
      vertex -16.2177 67.3299 2.8
    endloop
  endfacet
  facet normal 0 0 1
    outer loop
      vertex -13.5446 76.815 2.8
      vertex -16.5247 67.5449 2.8
      vertex -16.3665 67.4441 2.8
    endloop
  endfacet
  facet normal 0 0 1
    outer loop
      vertex -13.5446 76.815 2.8
      vertex -16.6911 67.6315 2.8
      vertex -16.5247 67.5449 2.8
    endloop
  endfacet
  facet normal 0 0 1
    outer loop
      vertex -13.5446 76.815 2.8
      vertex -16.8644 67.7033 2.8
      vertex -16.6911 67.6315 2.8
    endloop
  endfacet
  facet normal 0 0 1
    outer loop
      vertex -13.5446 76.815 2.8
      vertex -17.0432 67.7597 2.8
      vertex -16.8644 67.7033 2.8
    endloop
  endfacet
  facet normal 0 0 1
    outer loop
      vertex -13.5446 76.815 2.8
      vertex -17.2264 67.8003 2.8
      vertex -17.0432 67.7597 2.8
    endloop
  endfacet
  facet normal -0 0 1
    outer loop
      vertex -20.1879 75.3422 2.8
      vertex -17.2264 67.8003 2.8
      vertex -13.5446 76.815 2.8
    endloop
  endfacet
  facet normal 0 0 1
    outer loop
      vertex -17.2264 67.8003 2.8
      vertex -20.1879 75.3422 2.8
      vertex -17.4123 67.8248 2.8
    endloop
  endfacet
  facet normal 0 0 1
    outer loop
      vertex -17.4123 67.8248 2.8
      vertex -20.1879 75.3422 2.8
      vertex -17.5997 67.833 2.8
    endloop
  endfacet
  facet normal 0 0 1
    outer loop
      vertex -17.5997 67.833 2.8
      vertex -20.1879 75.3422 2.8
      vertex -17.7871 67.8248 2.8
    endloop
  endfacet
  facet normal 0 0 1
    outer loop
      vertex -17.7871 67.8248 2.8
      vertex -20.1879 75.3422 2.8
      vertex -17.973 67.8003 2.8
    endloop
  endfacet
  facet normal 0 0 1
    outer loop
      vertex -17.973 67.8003 2.8
      vertex -20.1879 75.3422 2.8
      vertex -18.1562 67.7597 2.8
    endloop
  endfacet
  facet normal 0 0 1
    outer loop
      vertex -18.1562 67.7597 2.8
      vertex -20.1879 75.3422 2.8
      vertex -18.335 67.7033 2.8
    endloop
  endfacet
  facet normal 0 0 1
    outer loop
      vertex -18.335 67.7033 2.8
      vertex -20.1879 75.3422 2.8
      vertex -18.5083 67.6315 2.8
    endloop
  endfacet
  facet normal 0 0 1
    outer loop
      vertex -18.5083 67.6315 2.8
      vertex -20.1879 75.3422 2.8
      vertex -18.6747 67.5449 2.8
    endloop
  endfacet
  facet normal 0 0 1
    outer loop
      vertex -18.6747 67.5449 2.8
      vertex -20.1879 75.3422 2.8
      vertex -18.8329 67.4441 2.8
    endloop
  endfacet
  facet normal 0 0 1
    outer loop
      vertex -18.8329 67.4441 2.8
      vertex -20.1879 75.3422 2.8
      vertex -18.9817 67.3299 2.8
    endloop
  endfacet
  facet normal 0 0 1
    outer loop
      vertex -18.9817 67.3299 2.8
      vertex -20.1879 75.3422 2.8
      vertex -19.12 67.2032 2.8
    endloop
  endfacet
  facet normal -0 0 1
    outer loop
      vertex -26.6776 73.296 2.8
      vertex -19.12 67.2032 2.8
      vertex -20.1879 75.3422 2.8
    endloop
  endfacet
  facet normal 0 0 1
    outer loop
      vertex -19.12 67.2032 2.8
      vertex -26.6776 73.296 2.8
      vertex -19.2467 67.0649 2.8
    endloop
  endfacet
  facet normal 0 0 1
    outer loop
      vertex -19.6764 66.2394 2.8
      vertex -23.9418 62.5167 2.8
      vertex -19.717 66.0563 2.8
    endloop
  endfacet
  facet normal 0 -0 1
    outer loop
      vertex -23.9418 62.5167 2.8
      vertex -19.6764 66.2394 2.8
      vertex -26.6776 73.296 2.8
    endloop
  endfacet
  facet normal 0 0 1
    outer loop
      vertex -19.62 66.4183 2.8
      vertex -26.6776 73.296 2.8
      vertex -19.6764 66.2394 2.8
    endloop
  endfacet
  facet normal 0 0 1
    outer loop
      vertex -19.5483 66.5916 2.8
      vertex -26.6776 73.296 2.8
      vertex -19.62 66.4183 2.8
    endloop
  endfacet
  facet normal 0 0 1
    outer loop
      vertex -19.4616 66.758 2.8
      vertex -26.6776 73.296 2.8
      vertex -19.5483 66.5916 2.8
    endloop
  endfacet
  facet normal 0 0 1
    outer loop
      vertex -19.3609 66.9161 2.8
      vertex -26.6776 73.296 2.8
      vertex -19.4616 66.758 2.8
    endloop
  endfacet
  facet normal 0 0 1
    outer loop
      vertex -19.2467 67.0649 2.8
      vertex -26.6776 73.296 2.8
      vertex -19.3609 66.9161 2.8
    endloop
  endfacet
  facet normal 0 0 1
    outer loop
      vertex 71.5471 1.69037 2.8
      vertex 66.8498 3.55588 2.8
      vertex 71.4015 1.64446 2.8
    endloop
  endfacet
  facet normal 0 0 1
    outer loop
      vertex 70.9962 1.43352 2.8
      vertex 66.8553 3.45131 2.8
      vertex 66.9443 0.0523529 2.8
    endloop
  endfacet
  facet normal 0 0 1
    outer loop
      vertex 70.9962 1.43352 2.8
      vertex 66.8498 3.55588 2.8
      vertex 66.8553 3.45131 2.8
    endloop
  endfacet
  facet normal 0 0 1
    outer loop
      vertex 65.4923 13.8673 2.8
      vertex 66.9161 15.8385 2.8
      vertex 66.758 15.7377 2.8
    endloop
  endfacet
  facet normal 0 0 1
    outer loop
      vertex 65.4923 13.8673 2.8
      vertex 66.758 15.7377 2.8
      vertex 66.5916 15.6511 2.8
    endloop
  endfacet
  facet normal 0 0 1
    outer loop
      vertex 71.125 1.51554 2.8
      vertex 66.8498 3.55588 2.8
      vertex 70.9962 1.43352 2.8
    endloop
  endfacet
  facet normal 0 0 1
    outer loop
      vertex 71.2604 1.58604 2.8
      vertex 66.8498 3.55588 2.8
      vertex 71.125 1.51554 2.8
    endloop
  endfacet
  facet normal 0 0 1
    outer loop
      vertex 65.4923 13.8673 2.8
      vertex 66.5916 15.6511 2.8
      vertex 66.4183 15.5794 2.8
    endloop
  endfacet
  facet normal 0 0 1
    outer loop
      vertex 65.4705 13.9697 2.8
      vertex 66.4183 15.5794 2.8
      vertex 66.2394 15.523 2.8
    endloop
  endfacet
  facet normal 0 0 1
    outer loop
      vertex 71.4015 1.64446 2.8
      vertex 66.8498 3.55588 2.8
      vertex 71.2604 1.58604 2.8
    endloop
  endfacet
  facet normal 0 0 1
    outer loop
      vertex 66.9161 15.8385 2.8
      vertex 66.1119 10.5241 2.8
      vertex 66.1283 10.4207 2.8
    endloop
  endfacet
  facet normal 0 0 1
    outer loop
      vertex 65.4705 13.9697 2.8
      vertex 66.2394 15.523 2.8
      vertex 66.0563 15.4824 2.8
    endloop
  endfacet
  facet normal 0 0 1
    outer loop
      vertex 65.4705 13.9697 2.8
      vertex 66.0563 15.4824 2.8
      vertex 65.8703 15.4579 2.8
    endloop
  endfacet
  facet normal 0 0 1
    outer loop
      vertex 65.4705 13.9697 2.8
      vertex 65.8703 15.4579 2.8
      vertex 65.683 15.4497 2.8
    endloop
  endfacet
  facet normal 0 0 1
    outer loop
      vertex 65.4705 13.9697 2.8
      vertex 65.683 15.4497 2.8
      vertex 65.4956 15.4579 2.8
    endloop
  endfacet
  facet normal 0 0 1
    outer loop
      vertex 66.9161 15.8385 2.8
      vertex 65.4923 13.8673 2.8
      vertex 66.1119 10.5241 2.8
    endloop
  endfacet
  facet normal 0 0 1
    outer loop
      vertex 66.4183 15.5794 2.8
      vertex 65.4705 13.9697 2.8
      vertex 65.4923 13.8673 2.8
    endloop
  endfacet
  facet normal 0 0 1
    outer loop
      vertex 65.3096 15.4824 2.8
      vertex 65.4705 13.9697 2.8
      vertex 65.4956 15.4579 2.8
    endloop
  endfacet
  facet normal 0 0 1
    outer loop
      vertex 65.1265 15.523 2.8
      vertex 65.4705 13.9697 2.8
      vertex 65.3096 15.4824 2.8
    endloop
  endfacet
  facet normal 0 0 1
    outer loop
      vertex 65.4705 13.9697 2.8
      vertex 65.1265 15.523 2.8
      vertex 65.0953 15.5328 2.8
    endloop
  endfacet
  facet normal -0 0 1
    outer loop
      vertex 73.4335 1.00376 2.8
      vertex 78 0 2.8
      vertex 77.7032 6.79815 2.8
    endloop
  endfacet
  facet normal 0 0 1
    outer loop
      vertex 66.1283 10.4207 2.8
      vertex 67.0649 15.9527 2.8
      vertex 66.9161 15.8385 2.8
    endloop
  endfacet
  facet normal 0 0 1
    outer loop
      vertex 78 0 2.8
      vertex 73.6904 0.452933 2.8
      vertex 73.7234 0.303884 2.8
    endloop
  endfacet
  facet normal -0 0 1
    outer loop
      vertex 67.7597 17.0432 2.8
      vertex 76.815 13.5446 2.8
      vertex 75.3422 20.1879 2.8
    endloop
  endfacet
  facet normal 0 0 1
    outer loop
      vertex 73.7433 -0.152522 2.8
      vertex 78 0 2.8
      vertex 73.75 0 2.8
    endloop
  endfacet
  facet normal 0 0 1
    outer loop
      vertex 73.6904 -0.452933 2.8
      vertex 78 0 2.8
      vertex 73.7234 -0.303884 2.8
    endloop
  endfacet
  facet normal 0 0 1
    outer loop
      vertex 73.7234 -0.303884 2.8
      vertex 78 0 2.8
      vertex 73.7433 -0.152522 2.8
    endloop
  endfacet
  facet normal 0 0 1
    outer loop
      vertex 78 0 2.8
      vertex 73.7433 0.152522 2.8
      vertex 73.75 0 2.8
    endloop
  endfacet
  facet normal 0 0 1
    outer loop
      vertex 78 0 2.8
      vertex 73.7234 0.303884 2.8
      vertex 73.7433 0.152522 2.8
    endloop
  endfacet
  facet normal 0 0 1
    outer loop
      vertex 78 0 2.8
      vertex 73.6445 0.598535 2.8
      vertex 73.6904 0.452933 2.8
    endloop
  endfacet
  facet normal 0 0 1
    outer loop
      vertex 78 0 2.8
      vertex 73.586 0.739581 2.8
      vertex 73.6445 0.598535 2.8
    endloop
  endfacet
  facet normal 0 0 1
    outer loop
      vertex 78 0 2.8
      vertex 73.5155 0.875 2.8
      vertex 73.586 0.739581 2.8
    endloop
  endfacet
  facet normal 0 0 1
    outer loop
      vertex 78 0 2.8
      vertex 73.4335 1.00376 2.8
      vertex 73.5155 0.875 2.8
    endloop
  endfacet
  facet normal 0 0 1
    outer loop
      vertex 77.7032 6.79815 2.8
      vertex 73.3406 1.12488 2.8
      vertex 73.4335 1.00376 2.8
    endloop
  endfacet
  facet normal 0 0 1
    outer loop
      vertex 67.3299 18.9817 2.8
      vertex 75.3422 20.1879 2.8
      vertex 73.296 26.6776 2.8
    endloop
  endfacet
  facet normal 0 0 1
    outer loop
      vertex 77.7032 6.79815 2.8
      vertex 73.2374 1.23744 2.8
      vertex 73.3406 1.12488 2.8
    endloop
  endfacet
  facet normal 0 0 1
    outer loop
      vertex 77.7032 6.79815 2.8
      vertex 73.1249 1.34058 2.8
      vertex 73.2374 1.23744 2.8
    endloop
  endfacet
  facet normal 0 0 1
    outer loop
      vertex 67.7597 17.0432 2.8
      vertex 75.3422 20.1879 2.8
      vertex 67.8003 17.2264 2.8
    endloop
  endfacet
  facet normal 0 0 1
    outer loop
      vertex 76.815 13.5446 2.8
      vertex 67.7597 17.0432 2.8
      vertex 67.7033 16.8644 2.8
    endloop
  endfacet
  facet normal 0 0 1
    outer loop
      vertex 77.7032 6.79815 2.8
      vertex 73.0038 1.43352 2.8
      vertex 73.1249 1.34058 2.8
    endloop
  endfacet
  facet normal 0 0 1
    outer loop
      vertex 76.815 13.5446 2.8
      vertex 67.7033 16.8644 2.8
      vertex 67.6315 16.6911 2.8
    endloop
  endfacet
  facet normal 0 0 1
    outer loop
      vertex 77.7032 6.79815 2.8
      vertex 72.875 1.51554 2.8
      vertex 73.0038 1.43352 2.8
    endloop
  endfacet
  facet normal 0 0 1
    outer loop
      vertex 76.815 13.5446 2.8
      vertex 67.6315 16.6911 2.8
      vertex 67.5449 16.5247 2.8
    endloop
  endfacet
  facet normal 0 0 1
    outer loop
      vertex 77.7032 6.79815 2.8
      vertex 72.7396 1.58604 2.8
      vertex 72.875 1.51554 2.8
    endloop
  endfacet
  facet normal 0 0 1
    outer loop
      vertex 76.815 13.5446 2.8
      vertex 67.5449 16.5247 2.8
      vertex 67.4441 16.3665 2.8
    endloop
  endfacet
  facet normal 0 0 1
    outer loop
      vertex 77.7032 6.79815 2.8
      vertex 72.5985 1.64446 2.8
      vertex 72.7396 1.58604 2.8
    endloop
  endfacet
  facet normal -0 0 1
    outer loop
      vertex 67.3299 16.2177 2.8
      vertex 76.815 13.5446 2.8
      vertex 67.4441 16.3665 2.8
    endloop
  endfacet
  facet normal -0 0 1
    outer loop
      vertex 67.2032 16.0794 2.8
      vertex 76.815 13.5446 2.8
      vertex 67.3299 16.2177 2.8
    endloop
  endfacet
  facet normal 0 0 1
    outer loop
      vertex 77.7032 6.79815 2.8
      vertex 72.3039 1.72341 2.8
      vertex 72.4529 1.69037 2.8
    endloop
  endfacet
  facet normal 0 0 1
    outer loop
      vertex 66.1283 10.4207 2.8
      vertex 67.2032 16.0794 2.8
      vertex 67.0649 15.9527 2.8
    endloop
  endfacet
  facet normal 0 0 1
    outer loop
      vertex 77.7032 6.79815 2.8
      vertex 72.1525 1.74334 2.8
      vertex 72.3039 1.72341 2.8
    endloop
  endfacet
  facet normal 0 0 1
    outer loop
      vertex 67.2032 16.0794 2.8
      vertex 66.1283 10.4207 2.8
      vertex 76.815 13.5446 2.8
    endloop
  endfacet
  facet normal 0 0 1
    outer loop
      vertex 77.7032 6.79815 2.8
      vertex 72 1.75 2.8
      vertex 72.1525 1.74334 2.8
    endloop
  endfacet
  facet normal -0 -0 1
    outer loop
      vertex 66.5831 6.94551 2.8
      vertex 77.7032 6.79815 2.8
      vertex 66.5721 7.04964 2.8
    endloop
  endfacet
  facet normal 0 0 1
    outer loop
      vertex 62.4791 24.0396 2.8
      vertex 73.296 26.6776 2.8
      vertex 70.692 32.9642 2.8
    endloop
  endfacet
  facet normal 0 0 1
    outer loop
      vertex 75.3422 20.1879 2.8
      vertex 67.833 17.5997 2.8
      vertex 67.8248 17.4123 2.8
    endloop
  endfacet
  facet normal 0 0 1
    outer loop
      vertex 75.3422 20.1879 2.8
      vertex 67.8248 17.4123 2.8
      vertex 67.8003 17.2264 2.8
    endloop
  endfacet
  facet normal 0 0 1
    outer loop
      vertex 77.7032 6.79815 2.8
      vertex 72.4529 1.69037 2.8
      vertex 72.5985 1.64446 2.8
    endloop
  endfacet
  facet normal -0 -0 1
    outer loop
      vertex 66.5721 7.04964 2.8
      vertex 77.7032 6.79815 2.8
      vertex 66.1283 10.4207 2.8
    endloop
  endfacet
  facet normal 0 0 1
    outer loop
      vertex 76.815 13.5446 2.8
      vertex 66.1283 10.4207 2.8
      vertex 77.7032 6.79815 2.8
    endloop
  endfacet
  facet normal 0 0 1
    outer loop
      vertex 77.7032 6.79815 2.8
      vertex 66.5831 6.94551 2.8
      vertex 72 1.75 2.8
    endloop
  endfacet
  facet normal 0 0 1
    outer loop
      vertex 72 1.75 2.8
      vertex 66.5831 6.94551 2.8
      vertex 71.8475 1.74334 2.8
    endloop
  endfacet
  facet normal 0 0 1
    outer loop
      vertex 71.8475 1.74334 2.8
      vertex 66.5831 6.94551 2.8
      vertex 71.6961 1.72341 2.8
    endloop
  endfacet
  facet normal 0 0 1
    outer loop
      vertex 71.6961 1.72341 2.8
      vertex 66.5831 6.94551 2.8
      vertex 71.5471 1.69037 2.8
    endloop
  endfacet
  facet normal -0 -0 1
    outer loop
      vertex 66.8498 3.55588 2.8
      vertex 71.5471 1.69037 2.8
      vertex 66.5831 6.94551 2.8
    endloop
  endfacet
  facet normal 0 0 1
    outer loop
      vertex 75.3422 20.1879 2.8
      vertex 67.8248 17.7871 2.8
      vertex 67.833 17.5997 2.8
    endloop
  endfacet
  facet normal 0 0 1
    outer loop
      vertex 75.3422 20.1879 2.8
      vertex 67.8003 17.973 2.8
      vertex 67.8248 17.7871 2.8
    endloop
  endfacet
  facet normal 0 0 1
    outer loop
      vertex 75.3422 20.1879 2.8
      vertex 67.7597 18.1562 2.8
      vertex 67.8003 17.973 2.8
    endloop
  endfacet
  facet normal 0 0 1
    outer loop
      vertex 75.3422 20.1879 2.8
      vertex 67.7033 18.335 2.8
      vertex 67.7597 18.1562 2.8
    endloop
  endfacet
  facet normal 0 0 1
    outer loop
      vertex 75.3422 20.1879 2.8
      vertex 67.6315 18.5083 2.8
      vertex 67.7033 18.335 2.8
    endloop
  endfacet
  facet normal 0 0 1
    outer loop
      vertex 59.624 30.4387 2.8
      vertex 70.692 32.9642 2.8
      vertex 67.55 39 2.8
    endloop
  endfacet
  facet normal 0 0 1
    outer loop
      vertex 75.3422 20.1879 2.8
      vertex 67.5449 18.6747 2.8
      vertex 67.6315 18.5083 2.8
    endloop
  endfacet
  facet normal 0 0 1
    outer loop
      vertex 75.3422 20.1879 2.8
      vertex 67.4441 18.8329 2.8
      vertex 67.5449 18.6747 2.8
    endloop
  endfacet
  facet normal 0 0 1
    outer loop
      vertex 75.3422 20.1879 2.8
      vertex 67.3299 18.9817 2.8
      vertex 67.4441 18.8329 2.8
    endloop
  endfacet
  facet normal 0 0 1
    outer loop
      vertex 73.296 26.6776 2.8
      vertex 67.2032 19.12 2.8
      vertex 67.3299 18.9817 2.8
    endloop
  endfacet
  facet normal 0 0 1
    outer loop
      vertex 73.296 26.6776 2.8
      vertex 67.0649 19.2467 2.8
      vertex 67.2032 19.12 2.8
    endloop
  endfacet
  facet normal 0 0 1
    outer loop
      vertex 73.296 26.6776 2.8
      vertex 66.9161 19.3609 2.8
      vertex 67.0649 19.2467 2.8
    endloop
  endfacet
  facet normal 0 0 1
    outer loop
      vertex 73.296 26.6776 2.8
      vertex 66.758 19.4616 2.8
      vertex 66.9161 19.3609 2.8
    endloop
  endfacet
  facet normal 0 0 1
    outer loop
      vertex 73.296 26.6776 2.8
      vertex 62.4791 24.0396 2.8
      vertex 62.5167 23.9418 2.8
    endloop
  endfacet
  facet normal 0 0 1
    outer loop
      vertex 73.296 26.6776 2.8
      vertex 66.5916 19.5483 2.8
      vertex 66.758 19.4616 2.8
    endloop
  endfacet
  facet normal 0 -0 1
    outer loop
      vertex 66.4183 19.62 2.8
      vertex 73.296 26.6776 2.8
      vertex 62.5167 23.9418 2.8
    endloop
  endfacet
  facet normal 0 0 1
    outer loop
      vertex 73.296 26.6776 2.8
      vertex 66.4183 19.62 2.8
      vertex 66.5916 19.5483 2.8
    endloop
  endfacet
  facet normal 0 0 1
    outer loop
      vertex 66.4183 19.62 2.8
      vertex 62.5167 23.9418 2.8
      vertex 66.2394 19.6764 2.8
    endloop
  endfacet
  facet normal 0 0 1
    outer loop
      vertex 66.2394 19.6764 2.8
      vertex 62.5167 23.9418 2.8
      vertex 66.0563 19.717 2.8
    endloop
  endfacet
  facet normal 0 0 1
    outer loop
      vertex 66.0563 19.717 2.8
      vertex 62.5167 23.9418 2.8
      vertex 65.8703 19.7415 2.8
    endloop
  endfacet
  facet normal -0 -0 1
    outer loop
      vertex 63.6516 20.7367 2.8
      vertex 65.8703 19.7415 2.8
      vertex 62.5167 23.9418 2.8
    endloop
  endfacet
  facet normal 0 0 1
    outer loop
      vertex 65.683 19.7497 2.8
      vertex 63.6516 20.7367 2.8
      vertex 65.4956 19.7415 2.8
    endloop
  endfacet
  facet normal 0 0 1
    outer loop
      vertex 65.4956 19.7415 2.8
      vertex 63.6516 20.7367 2.8
      vertex 65.3096 19.717 2.8
    endloop
  endfacet
  facet normal -0 -0 1
    outer loop
      vertex 63.684 20.6371 2.8
      vertex 65.3096 19.717 2.8
      vertex 63.6516 20.7367 2.8
    endloop
  endfacet
  facet normal 0 0 1
    outer loop
      vertex 65.3096 19.717 2.8
      vertex 63.684 20.6371 2.8
      vertex 65.1265 19.6764 2.8
    endloop
  endfacet
  facet normal 0 0 1
    outer loop
      vertex 65.1265 19.6764 2.8
      vertex 63.684 20.6371 2.8
      vertex 64.9476 19.62 2.8
    endloop
  endfacet
  facet normal 0 0 1
    outer loop
      vertex 64.9476 19.62 2.8
      vertex 63.684 20.6371 2.8
      vertex 64.7743 19.5483 2.8
    endloop
  endfacet
  facet normal 0 0 1
    outer loop
      vertex 64.608 19.4616 2.8
      vertex 63.684 20.6371 2.8
      vertex 64.4498 19.3609 2.8
    endloop
  endfacet
  facet normal 0 0 1
    outer loop
      vertex 64.301 19.2467 2.8
      vertex 63.684 20.6371 2.8
      vertex 64.1627 19.12 2.8
    endloop
  endfacet
  facet normal 0 0 1
    outer loop
      vertex 56.1727 36.4166 2.8
      vertex 67.55 39 2.8
      vertex 63.8939 44.739 2.8
    endloop
  endfacet
  facet normal 0 0 1
    outer loop
      vertex 64.1627 19.12 2.8
      vertex 63.684 20.6371 2.8
      vertex 64.1405 19.0958 2.8
    endloop
  endfacet
  facet normal 0 0 1
    outer loop
      vertex 64.4498 19.3609 2.8
      vertex 63.684 20.6371 2.8
      vertex 64.301 19.2467 2.8
    endloop
  endfacet
  facet normal 0 0 1
    outer loop
      vertex 64.7743 19.5483 2.8
      vertex 63.684 20.6371 2.8
      vertex 64.608 19.4616 2.8
    endloop
  endfacet
  facet normal 0 0 1
    outer loop
      vertex 65.8703 19.7415 2.8
      vertex 63.6516 20.7367 2.8
      vertex 65.683 19.7497 2.8
    endloop
  endfacet
  facet normal 0 0 1
    outer loop
      vertex 70.692 32.9642 2.8
      vertex 61.178 27.1809 2.8
      vertex 62.4791 24.0396 2.8
    endloop
  endfacet
  facet normal 0 0 1
    outer loop
      vertex 70.692 32.9642 2.8
      vertex 61.1354 27.2765 2.8
      vertex 61.178 27.1809 2.8
    endloop
  endfacet
  facet normal 0 0 1
    outer loop
      vertex 54.1283 39.3912 2.8
      vertex 63.8939 44.739 2.8
      vertex 59.7515 50.1374 2.8
    endloop
  endfacet
  facet normal 0 0 1
    outer loop
      vertex 70.692 32.9642 2.8
      vertex 59.6716 30.3454 2.8
      vertex 61.1354 27.2765 2.8
    endloop
  endfacet
  facet normal 0 0 1
    outer loop
      vertex 70.692 32.9642 2.8
      vertex 59.624 30.4387 2.8
      vertex 59.6716 30.3454 2.8
    endloop
  endfacet
  facet normal 0 0 1
    outer loop
      vertex 67.55 39 2.8
      vertex 58.0016 33.4268 2.8
      vertex 59.624 30.4387 2.8
    endloop
  endfacet
  facet normal 0 0 1
    outer loop
      vertex 67.55 39 2.8
      vertex 57.9493 33.5175 2.8
      vertex 58.0016 33.4268 2.8
    endloop
  endfacet
  facet normal 0 0 1
    outer loop
      vertex 67.55 39 2.8
      vertex 56.1727 36.4166 2.8
      vertex 57.9493 33.5175 2.8
    endloop
  endfacet
  facet normal 0 0 1
    outer loop
      vertex 63.8939 44.739 2.8
      vertex 56.1157 36.5044 2.8
      vertex 56.1727 36.4166 2.8
    endloop
  endfacet
  facet normal 0 0 1
    outer loop
      vertex 49.7143 44.8334 2.8
      vertex 59.7515 50.1374 2.8
      vertex 55.1543 55.1543 2.8
    endloop
  endfacet
  facet normal 0 0 1
    outer loop
      vertex 63.8939 44.739 2.8
      vertex 54.1899 39.3065 2.8
      vertex 56.1157 36.5044 2.8
    endloop
  endfacet
  facet normal 0 0 1
    outer loop
      vertex 63.8939 44.739 2.8
      vertex 54.1283 39.3912 2.8
      vertex 54.1899 39.3065 2.8
    endloop
  endfacet
  facet normal 0 0 1
    outer loop
      vertex 59.7515 50.1374 2.8
      vertex 52.0585 42.0887 2.8
      vertex 54.1283 39.3912 2.8
    endloop
  endfacet
  facet normal 0 0 1
    outer loop
      vertex 59.7515 50.1374 2.8
      vertex 51.9926 42.1701 2.8
      vertex 52.0585 42.0887 2.8
    endloop
  endfacet
  facet normal 0 0 1
    outer loop
      vertex 44.8334 49.7143 2.8
      vertex 55.1543 55.1543 2.8
      vertex 50.1374 59.7515 2.8
    endloop
  endfacet
  facet normal 0 0 1
    outer loop
      vertex 59.7515 50.1374 2.8
      vertex 49.7843 44.7556 2.8
      vertex 51.9926 42.1701 2.8
    endloop
  endfacet
  facet normal 0 0 1
    outer loop
      vertex 59.7515 50.1374 2.8
      vertex 49.7143 44.8334 2.8
      vertex 49.7843 44.7556 2.8
    endloop
  endfacet
  facet normal 0 0 1
    outer loop
      vertex 55.1543 55.1543 2.8
      vertex 47.3738 47.2997 2.8
      vertex 49.7143 44.8334 2.8
    endloop
  endfacet
  facet normal 0 0 1
    outer loop
      vertex 55.1543 55.1543 2.8
      vertex 47.2997 47.3738 2.8
      vertex 47.3738 47.2997 2.8
    endloop
  endfacet
  facet normal 0 0 1
    outer loop
      vertex 47.3738 47.2997 2.8
      vertex 47.2997 47.3738 2.8
      vertex 47.3258 47.3461 2.8
    endloop
  endfacet
  facet normal 0 0 1
    outer loop
      vertex 55.1543 55.1543 2.8
      vertex 44.8334 49.7143 2.8
      vertex 47.2997 47.3738 2.8
    endloop
  endfacet
  facet normal 0 0 1
    outer loop
      vertex 50.1374 59.7515 2.8
      vertex 44.7556 49.7843 2.8
      vertex 44.8334 49.7143 2.8
    endloop
  endfacet
  facet normal 0 0 1
    outer loop
      vertex 42.0887 52.0585 2.8
      vertex 50.1374 59.7515 2.8
      vertex 44.739 63.8939 2.8
    endloop
  endfacet
  facet normal 0 0 1
    outer loop
      vertex 50.1374 59.7515 2.8
      vertex 42.1701 51.9926 2.8
      vertex 44.7556 49.7843 2.8
    endloop
  endfacet
  facet normal 0 0 1
    outer loop
      vertex 50.1374 59.7515 2.8
      vertex 42.0887 52.0585 2.8
      vertex 42.1701 51.9926 2.8
    endloop
  endfacet
  facet normal 0 0 1
    outer loop
      vertex 44.739 63.8939 2.8
      vertex 39.3912 54.1283 2.8
      vertex 42.0887 52.0585 2.8
    endloop
  endfacet
  facet normal 0 0 1
    outer loop
      vertex 44.739 63.8939 2.8
      vertex 39.3065 54.1899 2.8
      vertex 39.3912 54.1283 2.8
    endloop
  endfacet
  facet normal 0 0 1
    outer loop
      vertex 37.6445 62.9524 2.8
      vertex 44.739 63.8939 2.8
      vertex 39 67.55 2.8
    endloop
  endfacet
  facet normal 0 0 1
    outer loop
      vertex 44.739 63.8939 2.8
      vertex 37.75 62.3538 2.8
      vertex 37.7433 62.2013 2.8
    endloop
  endfacet
  facet normal 0 0 1
    outer loop
      vertex 37.7234 62.0499 2.8
      vertex 44.739 63.8939 2.8
      vertex 37.7433 62.2013 2.8
    endloop
  endfacet
  facet normal 0 0 1
    outer loop
      vertex 37.6904 61.9009 2.8
      vertex 44.739 63.8939 2.8
      vertex 37.7234 62.0499 2.8
    endloop
  endfacet
  facet normal 0 0 1
    outer loop
      vertex 37.6445 61.7553 2.8
      vertex 44.739 63.8939 2.8
      vertex 37.6904 61.9009 2.8
    endloop
  endfacet
  facet normal 0 0 1
    outer loop
      vertex 37.586 61.6142 2.8
      vertex 44.739 63.8939 2.8
      vertex 37.6445 61.7553 2.8
    endloop
  endfacet
  facet normal 0 0 1
    outer loop
      vertex 37.5155 61.4788 2.8
      vertex 44.739 63.8939 2.8
      vertex 37.586 61.6142 2.8
    endloop
  endfacet
  facet normal 0 0 1
    outer loop
      vertex 44.739 63.8939 2.8
      vertex 37.5155 61.4788 2.8
      vertex 39.3065 54.1899 2.8
    endloop
  endfacet
  facet normal -0 0 1
    outer loop
      vertex 37.4335 61.3501 2.8
      vertex 39.3065 54.1899 2.8
      vertex 37.5155 61.4788 2.8
    endloop
  endfacet
  facet normal -0 0 1
    outer loop
      vertex 37.3406 61.229 2.8
      vertex 39.3065 54.1899 2.8
      vertex 37.4335 61.3501 2.8
    endloop
  endfacet
  facet normal -0 0 1
    outer loop
      vertex 37.2374 61.1164 2.8
      vertex 39.3065 54.1899 2.8
      vertex 37.3406 61.229 2.8
    endloop
  endfacet
  facet normal 0 0 1
    outer loop
      vertex 36.5044 56.1157 2.8
      vertex 37.2374 61.1164 2.8
      vertex 37.1249 61.0133 2.8
    endloop
  endfacet
  facet normal 0 0 1
    outer loop
      vertex 36.5044 56.1157 2.8
      vertex 37.1249 61.0133 2.8
      vertex 37.0038 60.9203 2.8
    endloop
  endfacet
  facet normal 0 0 1
    outer loop
      vertex 36.5044 56.1157 2.8
      vertex 37.0038 60.9203 2.8
      vertex 36.875 60.8383 2.8
    endloop
  endfacet
  facet normal 0 0 1
    outer loop
      vertex 36.5044 56.1157 2.8
      vertex 36.875 60.8383 2.8
      vertex 36.7396 60.7678 2.8
    endloop
  endfacet
  facet normal 0 0 1
    outer loop
      vertex 36.4166 56.1727 2.8
      vertex 36.7396 60.7678 2.8
      vertex 36.5985 60.7094 2.8
    endloop
  endfacet
  facet normal 0 0 1
    outer loop
      vertex 37.2374 61.1164 2.8
      vertex 36.5044 56.1157 2.8
      vertex 39.3065 54.1899 2.8
    endloop
  endfacet
  facet normal 0 0 1
    outer loop
      vertex 36.4166 56.1727 2.8
      vertex 36.5985 60.7094 2.8
      vertex 36.4529 60.6635 2.8
    endloop
  endfacet
  facet normal 0 0 1
    outer loop
      vertex 36.7396 60.7678 2.8
      vertex 36.4166 56.1727 2.8
      vertex 36.5044 56.1157 2.8
    endloop
  endfacet
  facet normal -0 0 1
    outer loop
      vertex 36.3039 60.6304 2.8
      vertex 36.4166 56.1727 2.8
      vertex 36.4529 60.6635 2.8
    endloop
  endfacet
  facet normal -0 0 1
    outer loop
      vertex 36.1525 60.6105 2.8
      vertex 36.4166 56.1727 2.8
      vertex 36.3039 60.6304 2.8
    endloop
  endfacet
  facet normal -0 0 1
    outer loop
      vertex 36 60.6038 2.8
      vertex 36.4166 56.1727 2.8
      vertex 36.1525 60.6105 2.8
    endloop
  endfacet
  facet normal 0 0 1
    outer loop
      vertex 35.8475 60.6105 2.8
      vertex 36.4166 56.1727 2.8
      vertex 36 60.6038 2.8
    endloop
  endfacet
  facet normal 0 0 1
    outer loop
      vertex 33.5175 57.9493 2.8
      vertex 35.8475 60.6105 2.8
      vertex 35.6961 60.6304 2.8
    endloop
  endfacet
  facet normal 0 0 1
    outer loop
      vertex 33.5175 57.9493 2.8
      vertex 35.6961 60.6304 2.8
      vertex 35.5471 60.6635 2.8
    endloop
  endfacet
  facet normal 0 0 1
    outer loop
      vertex 33.5175 57.9493 2.8
      vertex 35.5471 60.6635 2.8
      vertex 35.4015 60.7094 2.8
    endloop
  endfacet
  facet normal 0 0 1
    outer loop
      vertex 33.5175 57.9493 2.8
      vertex 35.4015 60.7094 2.8
      vertex 35.2604 60.7678 2.8
    endloop
  endfacet
  facet normal 0 0 1
    outer loop
      vertex 33.5175 57.9493 2.8
      vertex 35.2604 60.7678 2.8
      vertex 35.125 60.8383 2.8
    endloop
  endfacet
  facet normal 0 0 1
    outer loop
      vertex 33.5175 57.9493 2.8
      vertex 35.125 60.8383 2.8
      vertex 34.9962 60.9203 2.8
    endloop
  endfacet
  facet normal 0 0 1
    outer loop
      vertex 33.5175 57.9493 2.8
      vertex 34.9962 60.9203 2.8
      vertex 34.8751 61.0133 2.8
    endloop
  endfacet
  facet normal 0 0 1
    outer loop
      vertex 33.5175 57.9493 2.8
      vertex 34.8751 61.0133 2.8
      vertex 34.7626 61.1164 2.8
    endloop
  endfacet
  facet normal 0 0 1
    outer loop
      vertex 33.5175 57.9493 2.8
      vertex 34.7626 61.1164 2.8
      vertex 34.6594 61.229 2.8
    endloop
  endfacet
  facet normal 0 0 1
    outer loop
      vertex 33.5175 57.9493 2.8
      vertex 34.6594 61.229 2.8
      vertex 34.5665 61.3501 2.8
    endloop
  endfacet
  facet normal 0 0 1
    outer loop
      vertex 33.5175 57.9493 2.8
      vertex 34.5665 61.3501 2.8
      vertex 34.4845 61.4788 2.8
    endloop
  endfacet
  facet normal 0 0 1
    outer loop
      vertex 33.5175 57.9493 2.8
      vertex 34.4845 61.4788 2.8
      vertex 34.414 61.6142 2.8
    endloop
  endfacet
  facet normal 0 0 1
    outer loop
      vertex 33.5175 57.9493 2.8
      vertex 34.414 61.6142 2.8
      vertex 34.3555 61.7553 2.8
    endloop
  endfacet
  facet normal 0 0 1
    outer loop
      vertex 35.8475 60.6105 2.8
      vertex 33.5175 57.9493 2.8
      vertex 36.4166 56.1727 2.8
    endloop
  endfacet
  facet normal 0 0 1
    outer loop
      vertex 34.3096 61.9009 2.8
      vertex 33.5175 57.9493 2.8
      vertex 34.3555 61.7553 2.8
    endloop
  endfacet
  facet normal 0 0 1
    outer loop
      vertex 34.2766 62.0499 2.8
      vertex 33.5175 57.9493 2.8
      vertex 34.3096 61.9009 2.8
    endloop
  endfacet
  facet normal 0 0 1
    outer loop
      vertex 34.2567 62.2013 2.8
      vertex 33.5175 57.9493 2.8
      vertex 34.2766 62.0499 2.8
    endloop
  endfacet
  facet normal 0 0 1
    outer loop
      vertex 33.5175 57.9493 2.8
      vertex 34.2567 62.2013 2.8
      vertex 34.25 62.3538 2.8
    endloop
  endfacet
  facet normal 0 0 1
    outer loop
      vertex 73.6445 -0.598535 2.8
      vertex 78 0 2.8
      vertex 73.6904 -0.452933 2.8
    endloop
  endfacet
  facet normal 0 0 1
    outer loop
      vertex 73.586 -0.739581 2.8
      vertex 78 0 2.8
      vertex 73.6445 -0.598535 2.8
    endloop
  endfacet
  facet normal 0 0 1
    outer loop
      vertex 73.5155 -0.875 2.8
      vertex 78 0 2.8
      vertex 73.586 -0.739581 2.8
    endloop
  endfacet
  facet normal 0 0 1
    outer loop
      vertex 73.4335 -1.00376 2.8
      vertex 78 0 2.8
      vertex 73.5155 -0.875 2.8
    endloop
  endfacet
  facet normal 0 0 1
    outer loop
      vertex 78 0 2.8
      vertex 73.4335 -1.00376 2.8
      vertex 77.7032 -6.79815 2.8
    endloop
  endfacet
  facet normal -0 0 1
    outer loop
      vertex 73.3406 -1.12488 2.8
      vertex 77.7032 -6.79815 2.8
      vertex 73.4335 -1.00376 2.8
    endloop
  endfacet
  facet normal -0 0 1
    outer loop
      vertex 73.2374 -1.23744 2.8
      vertex 77.7032 -6.79815 2.8
      vertex 73.3406 -1.12488 2.8
    endloop
  endfacet
  facet normal -0 0 1
    outer loop
      vertex 73.1249 -1.34058 2.8
      vertex 77.7032 -6.79815 2.8
      vertex 73.2374 -1.23744 2.8
    endloop
  endfacet
  facet normal -0 0 1
    outer loop
      vertex 73.0038 -1.43352 2.8
      vertex 77.7032 -6.79815 2.8
      vertex 73.1249 -1.34058 2.8
    endloop
  endfacet
  facet normal -0 0 1
    outer loop
      vertex 72.875 -1.51554 2.8
      vertex 77.7032 -6.79815 2.8
      vertex 73.0038 -1.43352 2.8
    endloop
  endfacet
  facet normal -0 0 1
    outer loop
      vertex 72.7396 -1.58604 2.8
      vertex 77.7032 -6.79815 2.8
      vertex 72.875 -1.51554 2.8
    endloop
  endfacet
  facet normal -0 0 1
    outer loop
      vertex 72.5985 -1.64446 2.8
      vertex 77.7032 -6.79815 2.8
      vertex 72.7396 -1.58604 2.8
    endloop
  endfacet
  facet normal -0 0 1
    outer loop
      vertex 72.4529 -1.69037 2.8
      vertex 77.7032 -6.79815 2.8
      vertex 72.5985 -1.64446 2.8
    endloop
  endfacet
  facet normal -0 0 1
    outer loop
      vertex 72.3039 -1.72341 2.8
      vertex 77.7032 -6.79815 2.8
      vertex 72.4529 -1.69037 2.8
    endloop
  endfacet
  facet normal -0 0 1
    outer loop
      vertex 66.1119 -10.5241 2.8
      vertex 76.815 -13.5446 2.8
      vertex 66.1283 -10.4207 2.8
    endloop
  endfacet
  facet normal -0 0 1
    outer loop
      vertex 72.1525 -1.74334 2.8
      vertex 77.7032 -6.79815 2.8
      vertex 72.3039 -1.72341 2.8
    endloop
  endfacet
  facet normal -0 0 1
    outer loop
      vertex 72 -1.75 2.8
      vertex 77.7032 -6.79815 2.8
      vertex 72.1525 -1.74334 2.8
    endloop
  endfacet
  facet normal 0 0 1
    outer loop
      vertex 77.7032 -6.79815 2.8
      vertex 66.5721 -7.04964 2.8
      vertex 76.815 -13.5446 2.8
    endloop
  endfacet
  facet normal 0 0 1
    outer loop
      vertex 77.7032 -6.79815 2.8
      vertex 72 -1.75 2.8
      vertex 66.5831 -6.94551 2.8
    endloop
  endfacet
  facet normal 0 0 1
    outer loop
      vertex 66.5831 -6.94551 2.8
      vertex 72 -1.75 2.8
      vertex 71.8475 -1.74334 2.8
    endloop
  endfacet
  facet normal 0 0 1
    outer loop
      vertex 66.5831 -6.94551 2.8
      vertex 71.8475 -1.74334 2.8
      vertex 71.6961 -1.72341 2.8
    endloop
  endfacet
  facet normal 0 0 1
    outer loop
      vertex 66.5831 -6.94551 2.8
      vertex 71.6961 -1.72341 2.8
      vertex 71.5471 -1.69037 2.8
    endloop
  endfacet
  facet normal 0 0 1
    outer loop
      vertex 66.8498 -3.55588 2.8
      vertex 71.5471 -1.69037 2.8
      vertex 71.4015 -1.64446 2.8
    endloop
  endfacet
  facet normal 0 0 1
    outer loop
      vertex 66.8498 -3.55588 2.8
      vertex 71.4015 -1.64446 2.8
      vertex 71.2604 -1.58604 2.8
    endloop
  endfacet
  facet normal 0 0 1
    outer loop
      vertex 66.8498 -3.55588 2.8
      vertex 71.2604 -1.58604 2.8
      vertex 71.125 -1.51554 2.8
    endloop
  endfacet
  facet normal 0 0 1
    outer loop
      vertex 66.8498 -3.55588 2.8
      vertex 71.125 -1.51554 2.8
      vertex 70.9962 -1.43352 2.8
    endloop
  endfacet
  facet normal 0 0 1
    outer loop
      vertex 66.8553 -3.45131 2.8
      vertex 70.9962 -1.43352 2.8
      vertex 70.8751 -1.34058 2.8
    endloop
  endfacet
  facet normal 0 0 1
    outer loop
      vertex 66.8553 -3.45131 2.8
      vertex 70.8751 -1.34058 2.8
      vertex 70.7626 -1.23744 2.8
    endloop
  endfacet
  facet normal 0 0 1
    outer loop
      vertex 65.4705 -13.9697 2.8
      vertex 76.815 -13.5446 2.8
      vertex 65.4923 -13.8673 2.8
    endloop
  endfacet
  facet normal 0 0 1
    outer loop
      vertex 66.8553 -3.45131 2.8
      vertex 70.7626 -1.23744 2.8
      vertex 70.6594 -1.12488 2.8
    endloop
  endfacet
  facet normal 0 0 1
    outer loop
      vertex 66.8553 -3.45131 2.8
      vertex 70.6594 -1.12488 2.8
      vertex 70.5665 -1.00376 2.8
    endloop
  endfacet
  facet normal 0 0 1
    outer loop
      vertex 66.8553 -3.45131 2.8
      vertex 70.5665 -1.00376 2.8
      vertex 70.4845 -0.875 2.8
    endloop
  endfacet
  facet normal 0 0 1
    outer loop
      vertex 66.8553 -3.45131 2.8
      vertex 70.4845 -0.875 2.8
      vertex 70.414 -0.739581 2.8
    endloop
  endfacet
  facet normal 0 0 1
    outer loop
      vertex 66.9443 -0.0523529 2.8
      vertex 70.414 -0.739581 2.8
      vertex 70.3555 -0.598535 2.8
    endloop
  endfacet
  facet normal 0 0 1
    outer loop
      vertex 66.9443 -0.0523529 2.8
      vertex 70.3555 -0.598535 2.8
      vertex 70.3096 -0.452933 2.8
    endloop
  endfacet
  facet normal 0 0 1
    outer loop
      vertex 66.9443 -0.0523529 2.8
      vertex 70.3096 -0.452933 2.8
      vertex 70.2766 -0.303884 2.8
    endloop
  endfacet
  facet normal 0 0 1
    outer loop
      vertex 66.9443 -0.0523529 2.8
      vertex 70.2766 -0.303884 2.8
      vertex 70.2567 -0.152522 2.8
    endloop
  endfacet
  facet normal -0 0 1
    outer loop
      vertex 66.9443 -0.0523529 2.8
      vertex 70.2567 -0.152522 2.8
      vertex 70.25 0 2.8
    endloop
  endfacet
  facet normal 0 0 1
    outer loop
      vertex 70.9962 1.43352 2.8
      vertex 66.9443 0.0523529 2.8
      vertex 70.8751 1.34058 2.8
    endloop
  endfacet
  facet normal 0 0 1
    outer loop
      vertex 70.8751 1.34058 2.8
      vertex 66.9443 0.0523529 2.8
      vertex 70.7626 1.23744 2.8
    endloop
  endfacet
  facet normal 0 0 1
    outer loop
      vertex 70.7626 1.23744 2.8
      vertex 66.9443 0.0523529 2.8
      vertex 70.6594 1.12488 2.8
    endloop
  endfacet
  facet normal 0 0 1
    outer loop
      vertex 70.6594 1.12488 2.8
      vertex 66.9443 0.0523529 2.8
      vertex 70.5665 1.00376 2.8
    endloop
  endfacet
  facet normal 0 0 1
    outer loop
      vertex 70.5665 1.00376 2.8
      vertex 66.9443 0.0523529 2.8
      vertex 70.4845 0.875 2.8
    endloop
  endfacet
  facet normal 0 0 1
    outer loop
      vertex 70.4845 0.875 2.8
      vertex 66.9443 0.0523529 2.8
      vertex 70.414 0.739581 2.8
    endloop
  endfacet
  facet normal 0 0 1
    outer loop
      vertex 66.9443 -0.0523529 2.8
      vertex 70.25 0 2.8
      vertex 66.9443 0.0523529 2.8
    endloop
  endfacet
  facet normal 0 0 1
    outer loop
      vertex 70.414 0.739581 2.8
      vertex 66.9443 0.0523529 2.8
      vertex 70.3555 0.598535 2.8
    endloop
  endfacet
  facet normal 0 0 1
    outer loop
      vertex 70.3555 0.598535 2.8
      vertex 66.9443 0.0523529 2.8
      vertex 70.3096 0.452933 2.8
    endloop
  endfacet
  facet normal 0 0 1
    outer loop
      vertex 70.3096 0.452933 2.8
      vertex 66.9443 0.0523529 2.8
      vertex 70.2766 0.303884 2.8
    endloop
  endfacet
  facet normal 0 0 1
    outer loop
      vertex 70.2766 0.303884 2.8
      vertex 66.9443 0.0523529 2.8
      vertex 70.2567 0.152522 2.8
    endloop
  endfacet
  facet normal 0 0 1
    outer loop
      vertex 70.2567 0.152522 2.8
      vertex 66.9443 0.0523529 2.8
      vertex 70.25 0 2.8
    endloop
  endfacet
  facet normal 0 0 1
    outer loop
      vertex 70.414 -0.739581 2.8
      vertex 66.9443 -0.0523529 2.8
      vertex 66.8553 -3.45131 2.8
    endloop
  endfacet
  facet normal 0 0 1
    outer loop
      vertex 70.9962 -1.43352 2.8
      vertex 66.8553 -3.45131 2.8
      vertex 66.8498 -3.55588 2.8
    endloop
  endfacet
  facet normal 0 0 1
    outer loop
      vertex 71.5471 -1.69037 2.8
      vertex 66.8498 -3.55588 2.8
      vertex 66.5831 -6.94551 2.8
    endloop
  endfacet
  facet normal 0 0 1
    outer loop
      vertex 77.7032 -6.79815 2.8
      vertex 66.5831 -6.94551 2.8
      vertex 66.5721 -7.04964 2.8
    endloop
  endfacet
  facet normal 0 0 1
    outer loop
      vertex 76.815 -13.5446 2.8
      vertex 66.5721 -7.04964 2.8
      vertex 66.1283 -10.4207 2.8
    endloop
  endfacet
  facet normal 0 0 1
    outer loop
      vertex 65.4923 -13.8673 2.8
      vertex 76.815 -13.5446 2.8
      vertex 66.1119 -10.5241 2.8
    endloop
  endfacet
  facet normal 0 0 1
    outer loop
      vertex 76.815 -13.5446 2.8
      vertex 65.4705 -13.9697 2.8
      vertex 75.3422 -20.1879 2.8
    endloop
  endfacet
  facet normal -0 0 1
    outer loop
      vertex 64.6768 -17.2759 2.8
      vertex 75.3422 -20.1879 2.8
      vertex 65.4705 -13.9697 2.8
    endloop
  endfacet
  facet normal -0 0 1
    outer loop
      vertex 64.6497 -17.377 2.8
      vertex 75.3422 -20.1879 2.8
      vertex 64.6768 -17.2759 2.8
    endloop
  endfacet
  facet normal 0 0 1
    outer loop
      vertex 63.684 -20.6371 2.8
      vertex 75.3422 -20.1879 2.8
      vertex 64.6497 -17.377 2.8
    endloop
  endfacet
  facet normal 0 0 1
    outer loop
      vertex 75.3422 -20.1879 2.8
      vertex 63.684 -20.6371 2.8
      vertex 73.296 -26.6776 2.8
    endloop
  endfacet
  facet normal 0 0 1
    outer loop
      vertex 64.6497 -17.377 2.8
      vertex 64.6768 -17.2759 2.8
      vertex 64.6658 -17.3123 2.8
    endloop
  endfacet
  facet normal -0 0 1
    outer loop
      vertex 63.6516 -20.7367 2.8
      vertex 73.296 -26.6776 2.8
      vertex 63.684 -20.6371 2.8
    endloop
  endfacet
  facet normal -0 0 1
    outer loop
      vertex 62.5167 -23.9418 2.8
      vertex 73.296 -26.6776 2.8
      vertex 63.6516 -20.7367 2.8
    endloop
  endfacet
  facet normal -0 0 1
    outer loop
      vertex 62.4791 -24.0396 2.8
      vertex 73.296 -26.6776 2.8
      vertex 62.5167 -23.9418 2.8
    endloop
  endfacet
  facet normal 0 0 1
    outer loop
      vertex 73.296 -26.6776 2.8
      vertex 62.4791 -24.0396 2.8
      vertex 70.692 -32.9642 2.8
    endloop
  endfacet
  facet normal -0 0 1
    outer loop
      vertex 61.178 -27.1809 2.8
      vertex 70.692 -32.9642 2.8
      vertex 62.4791 -24.0396 2.8
    endloop
  endfacet
  facet normal -0 0 1
    outer loop
      vertex 61.1354 -27.2765 2.8
      vertex 70.692 -32.9642 2.8
      vertex 61.178 -27.1809 2.8
    endloop
  endfacet
  facet normal -0 0 1
    outer loop
      vertex 59.6716 -30.3454 2.8
      vertex 70.692 -32.9642 2.8
      vertex 61.1354 -27.2765 2.8
    endloop
  endfacet
  facet normal -0 0 1
    outer loop
      vertex 59.624 -30.4387 2.8
      vertex 70.692 -32.9642 2.8
      vertex 59.6716 -30.3454 2.8
    endloop
  endfacet
  facet normal 0 0 1
    outer loop
      vertex 70.692 -32.9642 2.8
      vertex 59.624 -30.4387 2.8
      vertex 67.55 -39 2.8
    endloop
  endfacet
  facet normal -0 0 1
    outer loop
      vertex 58.0016 -33.4268 2.8
      vertex 67.55 -39 2.8
      vertex 59.624 -30.4387 2.8
    endloop
  endfacet
  facet normal -0 0 1
    outer loop
      vertex 57.9493 -33.5175 2.8
      vertex 67.55 -39 2.8
      vertex 58.0016 -33.4268 2.8
    endloop
  endfacet
  facet normal -0 0 1
    outer loop
      vertex 56.1727 -36.4166 2.8
      vertex 67.55 -39 2.8
      vertex 57.9493 -33.5175 2.8
    endloop
  endfacet
  facet normal 0 0 1
    outer loop
      vertex 67.55 -39 2.8
      vertex 56.1727 -36.4166 2.8
      vertex 63.8939 -44.739 2.8
    endloop
  endfacet
  facet normal -0 0 1
    outer loop
      vertex 56.1157 -36.5044 2.8
      vertex 63.8939 -44.739 2.8
      vertex 56.1727 -36.4166 2.8
    endloop
  endfacet
  facet normal -0 0 1
    outer loop
      vertex 54.1899 -39.3065 2.8
      vertex 63.8939 -44.739 2.8
      vertex 56.1157 -36.5044 2.8
    endloop
  endfacet
  facet normal -0 0 1
    outer loop
      vertex 54.1283 -39.3912 2.8
      vertex 63.8939 -44.739 2.8
      vertex 54.1899 -39.3065 2.8
    endloop
  endfacet
  facet normal 0 0 1
    outer loop
      vertex 63.8939 -44.739 2.8
      vertex 54.1283 -39.3912 2.8
      vertex 59.7515 -50.1374 2.8
    endloop
  endfacet
  facet normal -0 0 1
    outer loop
      vertex 52.0585 -42.0887 2.8
      vertex 59.7515 -50.1374 2.8
      vertex 54.1283 -39.3912 2.8
    endloop
  endfacet
  facet normal -0 0 1
    outer loop
      vertex 51.9926 -42.1701 2.8
      vertex 59.7515 -50.1374 2.8
      vertex 52.0585 -42.0887 2.8
    endloop
  endfacet
  facet normal -0 0 1
    outer loop
      vertex 49.7843 -44.7556 2.8
      vertex 59.7515 -50.1374 2.8
      vertex 51.9926 -42.1701 2.8
    endloop
  endfacet
  facet normal -0 0 1
    outer loop
      vertex 49.7143 -44.8334 2.8
      vertex 59.7515 -50.1374 2.8
      vertex 49.7843 -44.7556 2.8
    endloop
  endfacet
  facet normal 0 0 1
    outer loop
      vertex 59.7515 -50.1374 2.8
      vertex 49.7143 -44.8334 2.8
      vertex 55.1543 -55.1543 2.8
    endloop
  endfacet
  facet normal -0 0 1
    outer loop
      vertex 47.3738 -47.2997 2.8
      vertex 55.1543 -55.1543 2.8
      vertex 49.7143 -44.8334 2.8
    endloop
  endfacet
  facet normal -0 0 1
    outer loop
      vertex 47.2997 -47.3738 2.8
      vertex 55.1543 -55.1543 2.8
      vertex 47.3738 -47.2997 2.8
    endloop
  endfacet
  facet normal 0 0 1
    outer loop
      vertex 47.2997 -47.3738 2.8
      vertex 47.3738 -47.2997 2.8
      vertex 47.3461 -47.3258 2.8
    endloop
  endfacet
  facet normal -0 0 1
    outer loop
      vertex 44.8334 -49.7143 2.8
      vertex 55.1543 -55.1543 2.8
      vertex 47.2997 -47.3738 2.8
    endloop
  endfacet
  facet normal 0 0 1
    outer loop
      vertex 55.1543 -55.1543 2.8
      vertex 44.8334 -49.7143 2.8
      vertex 50.1374 -59.7515 2.8
    endloop
  endfacet
  facet normal -0 0 1
    outer loop
      vertex 44.7556 -49.7843 2.8
      vertex 50.1374 -59.7515 2.8
      vertex 44.8334 -49.7143 2.8
    endloop
  endfacet
  facet normal -0 0 1
    outer loop
      vertex 42.1701 -51.9926 2.8
      vertex 50.1374 -59.7515 2.8
      vertex 44.7556 -49.7843 2.8
    endloop
  endfacet
  facet normal -0 0 1
    outer loop
      vertex 42.0887 -52.0585 2.8
      vertex 50.1374 -59.7515 2.8
      vertex 42.1701 -51.9926 2.8
    endloop
  endfacet
  facet normal 0 0 1
    outer loop
      vertex 50.1374 -59.7515 2.8
      vertex 42.0887 -52.0585 2.8
      vertex 44.739 -63.8939 2.8
    endloop
  endfacet
  facet normal -0 0 1
    outer loop
      vertex 39.3912 -54.1283 2.8
      vertex 44.739 -63.8939 2.8
      vertex 42.0887 -52.0585 2.8
    endloop
  endfacet
  facet normal -0 0 1
    outer loop
      vertex 39.3065 -54.1899 2.8
      vertex 44.739 -63.8939 2.8
      vertex 39.3912 -54.1283 2.8
    endloop
  endfacet
  facet normal -0 0 1
    outer loop
      vertex 37.5155 -61.4788 2.8
      vertex 44.739 -63.8939 2.8
      vertex 39.3065 -54.1899 2.8
    endloop
  endfacet
  facet normal -0 -0 1
    outer loop
      vertex 37.75 -62.3538 2.8
      vertex 44.739 -63.8939 2.8
      vertex 37.7433 -62.2013 2.8
    endloop
  endfacet
  facet normal -0 0 1
    outer loop
      vertex 37.7433 -62.5064 2.8
      vertex 44.739 -63.8939 2.8
      vertex 37.75 -62.3538 2.8
    endloop
  endfacet
  facet normal 0 0 1
    outer loop
      vertex 44.739 -63.8939 2.8
      vertex 37.7234 -62.0499 2.8
      vertex 37.7433 -62.2013 2.8
    endloop
  endfacet
  facet normal 0 0 1
    outer loop
      vertex 44.739 -63.8939 2.8
      vertex 37.6904 -61.9009 2.8
      vertex 37.7234 -62.0499 2.8
    endloop
  endfacet
  facet normal 0 0 1
    outer loop
      vertex 44.739 -63.8939 2.8
      vertex 37.6445 -61.7553 2.8
      vertex 37.6904 -61.9009 2.8
    endloop
  endfacet
  facet normal 0 0 1
    outer loop
      vertex 44.739 -63.8939 2.8
      vertex 37.586 -61.6142 2.8
      vertex 37.6445 -61.7553 2.8
    endloop
  endfacet
  facet normal 0 0 1
    outer loop
      vertex 44.739 -63.8939 2.8
      vertex 37.5155 -61.4788 2.8
      vertex 37.586 -61.6142 2.8
    endloop
  endfacet
  facet normal 0 0 1
    outer loop
      vertex 39.3065 -54.1899 2.8
      vertex 37.4335 -61.3501 2.8
      vertex 37.5155 -61.4788 2.8
    endloop
  endfacet
  facet normal 0 0 1
    outer loop
      vertex 39.3065 -54.1899 2.8
      vertex 37.3406 -61.229 2.8
      vertex 37.4335 -61.3501 2.8
    endloop
  endfacet
  facet normal 0 0 1
    outer loop
      vertex 39.3065 -54.1899 2.8
      vertex 37.2374 -61.1164 2.8
      vertex 37.3406 -61.229 2.8
    endloop
  endfacet
  facet normal -0 0 1
    outer loop
      vertex 36.5044 -56.1157 2.8
      vertex 37.2374 -61.1164 2.8
      vertex 39.3065 -54.1899 2.8
    endloop
  endfacet
  facet normal 0 0 1
    outer loop
      vertex 37.2374 -61.1164 2.8
      vertex 36.5044 -56.1157 2.8
      vertex 37.1249 -61.0133 2.8
    endloop
  endfacet
  facet normal 0 0 1
    outer loop
      vertex 37.1249 -61.0133 2.8
      vertex 36.5044 -56.1157 2.8
      vertex 37.0038 -60.9203 2.8
    endloop
  endfacet
  facet normal 0 0 1
    outer loop
      vertex 37.0038 -60.9203 2.8
      vertex 36.5044 -56.1157 2.8
      vertex 36.875 -60.8383 2.8
    endloop
  endfacet
  facet normal 0 0 1
    outer loop
      vertex 36.875 -60.8383 2.8
      vertex 36.5044 -56.1157 2.8
      vertex 36.7396 -60.7678 2.8
    endloop
  endfacet
  facet normal -0 0 1
    outer loop
      vertex 36.4166 -56.1727 2.8
      vertex 36.7396 -60.7678 2.8
      vertex 36.5044 -56.1157 2.8
    endloop
  endfacet
  facet normal 0 0 1
    outer loop
      vertex 36.7396 -60.7678 2.8
      vertex 36.4166 -56.1727 2.8
      vertex 36.5985 -60.7094 2.8
    endloop
  endfacet
  facet normal 0 0 1
    outer loop
      vertex 36.5985 -60.7094 2.8
      vertex 36.4166 -56.1727 2.8
      vertex 36.4529 -60.6635 2.8
    endloop
  endfacet
  facet normal 0 0 1
    outer loop
      vertex 36.4166 -56.1727 2.8
      vertex 36.3039 -60.6304 2.8
      vertex 36.4529 -60.6635 2.8
    endloop
  endfacet
  facet normal 0 0 1
    outer loop
      vertex 36.4166 -56.1727 2.8
      vertex 36.1525 -60.6105 2.8
      vertex 36.3039 -60.6304 2.8
    endloop
  endfacet
  facet normal 0 0 1
    outer loop
      vertex 36.4166 -56.1727 2.8
      vertex 36 -60.6038 2.8
      vertex 36.1525 -60.6105 2.8
    endloop
  endfacet
  facet normal 0 0 1
    outer loop
      vertex 36.4166 -56.1727 2.8
      vertex 35.8475 -60.6105 2.8
      vertex 36 -60.6038 2.8
    endloop
  endfacet
  facet normal -0 0 1
    outer loop
      vertex 33.5175 -57.9493 2.8
      vertex 35.8475 -60.6105 2.8
      vertex 36.4166 -56.1727 2.8
    endloop
  endfacet
  facet normal 0 0 1
    outer loop
      vertex 35.8475 -60.6105 2.8
      vertex 33.5175 -57.9493 2.8
      vertex 35.6961 -60.6304 2.8
    endloop
  endfacet
  facet normal 0 0 1
    outer loop
      vertex 35.6961 -60.6304 2.8
      vertex 33.5175 -57.9493 2.8
      vertex 35.5471 -60.6635 2.8
    endloop
  endfacet
  facet normal 0 0 1
    outer loop
      vertex 35.5471 -60.6635 2.8
      vertex 33.5175 -57.9493 2.8
      vertex 35.4015 -60.7094 2.8
    endloop
  endfacet
  facet normal 0 0 1
    outer loop
      vertex 35.4015 -60.7094 2.8
      vertex 33.5175 -57.9493 2.8
      vertex 35.2604 -60.7678 2.8
    endloop
  endfacet
  facet normal 0 0 1
    outer loop
      vertex 35.2604 -60.7678 2.8
      vertex 33.5175 -57.9493 2.8
      vertex 35.125 -60.8383 2.8
    endloop
  endfacet
  facet normal -0 0 1
    outer loop
      vertex 33.4268 -58.0016 2.8
      vertex 35.125 -60.8383 2.8
      vertex 33.5175 -57.9493 2.8
    endloop
  endfacet
  facet normal 0 0 1
    outer loop
      vertex 35.125 -60.8383 2.8
      vertex 33.4268 -58.0016 2.8
      vertex 34.9962 -60.9203 2.8
    endloop
  endfacet
  facet normal 0 0 1
    outer loop
      vertex 34.9962 -60.9203 2.8
      vertex 33.4268 -58.0016 2.8
      vertex 34.8751 -61.0133 2.8
    endloop
  endfacet
  facet normal 0 0 1
    outer loop
      vertex 34.8751 -61.0133 2.8
      vertex 33.4268 -58.0016 2.8
      vertex 34.7626 -61.1164 2.8
    endloop
  endfacet
  facet normal 0 0 1
    outer loop
      vertex 34.7626 -61.1164 2.8
      vertex 33.4268 -58.0016 2.8
      vertex 34.6594 -61.229 2.8
    endloop
  endfacet
  facet normal 0 0 1
    outer loop
      vertex 34.6594 -61.229 2.8
      vertex 33.4268 -58.0016 2.8
      vertex 34.5665 -61.3501 2.8
    endloop
  endfacet
  facet normal -0 0 1
    outer loop
      vertex 30.4387 -59.624 2.8
      vertex 34.5665 -61.3501 2.8
      vertex 33.4268 -58.0016 2.8
    endloop
  endfacet
  facet normal 0 0 1
    outer loop
      vertex 34.3096 -61.9009 2.8
      vertex 30.4387 -59.624 2.8
      vertex 34.2766 -62.0499 2.8
    endloop
  endfacet
  facet normal 0 0 1
    outer loop
      vertex 34.3555 -61.7553 2.8
      vertex 30.4387 -59.624 2.8
      vertex 34.3096 -61.9009 2.8
    endloop
  endfacet
  facet normal 0 0 1
    outer loop
      vertex 34.414 -61.6142 2.8
      vertex 30.4387 -59.624 2.8
      vertex 34.3555 -61.7553 2.8
    endloop
  endfacet
  facet normal 0 0 1
    outer loop
      vertex 34.4845 -61.4788 2.8
      vertex 30.4387 -59.624 2.8
      vertex 34.414 -61.6142 2.8
    endloop
  endfacet
  facet normal 0 0 1
    outer loop
      vertex 34.5665 -61.3501 2.8
      vertex 30.4387 -59.624 2.8
      vertex 34.4845 -61.4788 2.8
    endloop
  endfacet
  facet normal -0 0 1
    outer loop
      vertex 37.7234 -62.6577 2.8
      vertex 44.739 -63.8939 2.8
      vertex 37.7433 -62.5064 2.8
    endloop
  endfacet
  facet normal -0 0 1
    outer loop
      vertex 37.6904 -62.8068 2.8
      vertex 44.739 -63.8939 2.8
      vertex 37.7234 -62.6577 2.8
    endloop
  endfacet
  facet normal -0 0 1
    outer loop
      vertex 37.6445 -62.9524 2.8
      vertex 44.739 -63.8939 2.8
      vertex 37.6904 -62.8068 2.8
    endloop
  endfacet
  facet normal 0 0 1
    outer loop
      vertex 44.739 -63.8939 2.8
      vertex 37.6445 -62.9524 2.8
      vertex 39 -67.55 2.8
    endloop
  endfacet
  facet normal -0 0 1
    outer loop
      vertex 37.586 -63.0934 2.8
      vertex 39 -67.55 2.8
      vertex 37.6445 -62.9524 2.8
    endloop
  endfacet
  facet normal -0 0 1
    outer loop
      vertex 37.5155 -63.2288 2.8
      vertex 39 -67.55 2.8
      vertex 37.586 -63.0934 2.8
    endloop
  endfacet
  facet normal -0 0 1
    outer loop
      vertex 37.4335 -63.3576 2.8
      vertex 39 -67.55 2.8
      vertex 37.5155 -63.2288 2.8
    endloop
  endfacet
  facet normal -0 0 1
    outer loop
      vertex 37.3406 -63.4787 2.8
      vertex 39 -67.55 2.8
      vertex 37.4335 -63.3576 2.8
    endloop
  endfacet
  facet normal -0 0 1
    outer loop
      vertex 37.2374 -63.5913 2.8
      vertex 39 -67.55 2.8
      vertex 37.3406 -63.4787 2.8
    endloop
  endfacet
  facet normal -0 0 1
    outer loop
      vertex 37.1249 -63.6944 2.8
      vertex 39 -67.55 2.8
      vertex 37.2374 -63.5913 2.8
    endloop
  endfacet
  facet normal -0 0 1
    outer loop
      vertex 37.0038 -63.7873 2.8
      vertex 39 -67.55 2.8
      vertex 37.1249 -63.6944 2.8
    endloop
  endfacet
  facet normal -0 0 1
    outer loop
      vertex 36.875 -63.8694 2.8
      vertex 39 -67.55 2.8
      vertex 37.0038 -63.7873 2.8
    endloop
  endfacet
  facet normal -0 0 1
    outer loop
      vertex 36.7396 -63.9399 2.8
      vertex 39 -67.55 2.8
      vertex 36.875 -63.8694 2.8
    endloop
  endfacet
  facet normal -0 0 1
    outer loop
      vertex 36.5985 -63.9983 2.8
      vertex 39 -67.55 2.8
      vertex 36.7396 -63.9399 2.8
    endloop
  endfacet
  facet normal -0 0 1
    outer loop
      vertex 36.4529 -64.0442 2.8
      vertex 39 -67.55 2.8
      vertex 36.5985 -63.9983 2.8
    endloop
  endfacet
  facet normal -0 0 1
    outer loop
      vertex 36.3039 -64.0772 2.8
      vertex 39 -67.55 2.8
      vertex 36.4529 -64.0442 2.8
    endloop
  endfacet
  facet normal -0 0 1
    outer loop
      vertex 36.1525 -64.0972 2.8
      vertex 39 -67.55 2.8
      vertex 36.3039 -64.0772 2.8
    endloop
  endfacet
  facet normal -0 0 1
    outer loop
      vertex 36 -64.1038 2.8
      vertex 39 -67.55 2.8
      vertex 36.1525 -64.0972 2.8
    endloop
  endfacet
  facet normal 0 0 1
    outer loop
      vertex 35.8475 -64.0972 2.8
      vertex 39 -67.55 2.8
      vertex 36 -64.1038 2.8
    endloop
  endfacet
  facet normal 0 0 1
    outer loop
      vertex 35.6961 -64.0772 2.8
      vertex 39 -67.55 2.8
      vertex 35.8475 -64.0972 2.8
    endloop
  endfacet
  facet normal 0 0 1
    outer loop
      vertex 32.9642 -70.692 2.8
      vertex 35.6961 -64.0772 2.8
      vertex 35.5471 -64.0442 2.8
    endloop
  endfacet
  facet normal 0 0 1
    outer loop
      vertex 32.9642 -70.692 2.8
      vertex 35.5471 -64.0442 2.8
      vertex 35.4015 -63.9983 2.8
    endloop
  endfacet
  facet normal 0 0 1
    outer loop
      vertex 32.9642 -70.692 2.8
      vertex 35.4015 -63.9983 2.8
      vertex 35.2604 -63.9399 2.8
    endloop
  endfacet
  facet normal 0 0 1
    outer loop
      vertex 32.9642 -70.692 2.8
      vertex 35.2604 -63.9399 2.8
      vertex 35.125 -63.8694 2.8
    endloop
  endfacet
  facet normal 0 0 1
    outer loop
      vertex 32.9642 -70.692 2.8
      vertex 35.125 -63.8694 2.8
      vertex 34.9962 -63.7873 2.8
    endloop
  endfacet
  facet normal 0 0 1
    outer loop
      vertex 32.9642 -70.692 2.8
      vertex 34.9962 -63.7873 2.8
      vertex 34.8751 -63.6944 2.8
    endloop
  endfacet
  facet normal 0 0 1
    outer loop
      vertex 32.9642 -70.692 2.8
      vertex 34.8751 -63.6944 2.8
      vertex 34.7626 -63.5913 2.8
    endloop
  endfacet
  facet normal 0 0 1
    outer loop
      vertex 34.2766 -62.0499 2.8
      vertex 30.4387 -59.624 2.8
      vertex 34.2567 -62.2013 2.8
    endloop
  endfacet
  facet normal -0 0 1
    outer loop
      vertex 30.3454 -59.6716 2.8
      vertex 34.2567 -62.2013 2.8
      vertex 30.4387 -59.624 2.8
    endloop
  endfacet
  facet normal 0 0 1
    outer loop
      vertex 34.2567 -62.2013 2.8
      vertex 30.3454 -59.6716 2.8
      vertex 34.25 -62.3538 2.8
    endloop
  endfacet
  facet normal 0 0 1
    outer loop
      vertex 35.6961 -64.0772 2.8
      vertex 32.9642 -70.692 2.8
      vertex 39 -67.55 2.8
    endloop
  endfacet
  facet normal 0 0 1
    outer loop
      vertex 34.6594 -63.4787 2.8
      vertex 32.9642 -70.692 2.8
      vertex 34.7626 -63.5913 2.8
    endloop
  endfacet
  facet normal 0 0 1
    outer loop
      vertex 34.5665 -63.3576 2.8
      vertex 32.9642 -70.692 2.8
      vertex 34.6594 -63.4787 2.8
    endloop
  endfacet
  facet normal 0 0 1
    outer loop
      vertex 34.4845 -63.2288 2.8
      vertex 32.9642 -70.692 2.8
      vertex 34.5665 -63.3576 2.8
    endloop
  endfacet
  facet normal 0 0 1
    outer loop
      vertex 27.2765 -61.1354 2.8
      vertex 34.4845 -63.2288 2.8
      vertex 34.414 -63.0934 2.8
    endloop
  endfacet
  facet normal 0 0 1
    outer loop
      vertex 27.2765 -61.1354 2.8
      vertex 34.414 -63.0934 2.8
      vertex 34.3555 -62.9524 2.8
    endloop
  endfacet
  facet normal 0 0 1
    outer loop
      vertex 27.2765 -61.1354 2.8
      vertex 34.3555 -62.9524 2.8
      vertex 34.3096 -62.8068 2.8
    endloop
  endfacet
  facet normal 0 0 1
    outer loop
      vertex 30.3454 -59.6716 2.8
      vertex 34.3096 -62.8068 2.8
      vertex 34.2766 -62.6577 2.8
    endloop
  endfacet
  facet normal 0 0 1
    outer loop
      vertex 34.25 -62.3538 2.8
      vertex 30.3454 -59.6716 2.8
      vertex 34.2567 -62.5064 2.8
    endloop
  endfacet
  facet normal 0 0 1
    outer loop
      vertex 34.2567 -62.5064 2.8
      vertex 30.3454 -59.6716 2.8
      vertex 34.2766 -62.6577 2.8
    endloop
  endfacet
  facet normal 0 0 1
    outer loop
      vertex 34.3096 -62.8068 2.8
      vertex 30.3454 -59.6716 2.8
      vertex 27.2765 -61.1354 2.8
    endloop
  endfacet
  facet normal 0 0 1
    outer loop
      vertex 34.4845 -63.2288 2.8
      vertex 27.2765 -61.1354 2.8
      vertex 32.9642 -70.692 2.8
    endloop
  endfacet
  facet normal -0 0 1
    outer loop
      vertex 27.1809 -61.178 2.8
      vertex 32.9642 -70.692 2.8
      vertex 27.2765 -61.1354 2.8
    endloop
  endfacet
  facet normal 0 0 1
    outer loop
      vertex 27.1809 -61.178 2.8
      vertex 26.6776 -73.296 2.8
      vertex 32.9642 -70.692 2.8
    endloop
  endfacet
  facet normal -0 0 1
    outer loop
      vertex 24.0396 -62.4791 2.8
      vertex 26.6776 -73.296 2.8
      vertex 27.1809 -61.178 2.8
    endloop
  endfacet
  facet normal -0 0 1
    outer loop
      vertex 23.9418 -62.5167 2.8
      vertex 26.6776 -73.296 2.8
      vertex 24.0396 -62.4791 2.8
    endloop
  endfacet
  facet normal 0 0 1
    outer loop
      vertex 19.7415 -65.8703 2.8
      vertex 20.7367 -63.6516 2.8
      vertex 19.7497 -65.683 2.8
    endloop
  endfacet
  facet normal 0 0 1
    outer loop
      vertex 19.717 -65.3096 2.8
      vertex 20.7367 -63.6516 2.8
      vertex 20.6371 -63.684 2.8
    endloop
  endfacet
  facet normal -0 0 1
    outer loop
      vertex 20.7367 -63.6516 2.8
      vertex 19.7415 -65.8703 2.8
      vertex 23.9418 -62.5167 2.8
    endloop
  endfacet
  facet normal 0 0 1
    outer loop
      vertex 19.717 -66.0563 2.8
      vertex 23.9418 -62.5167 2.8
      vertex 19.7415 -65.8703 2.8
    endloop
  endfacet
  facet normal 0 0 1
    outer loop
      vertex 20.7367 -63.6516 2.8
      vertex 19.7415 -65.4956 2.8
      vertex 19.7497 -65.683 2.8
    endloop
  endfacet
  facet normal 0 0 1
    outer loop
      vertex 20.7367 -63.6516 2.8
      vertex 19.717 -65.3096 2.8
      vertex 19.7415 -65.4956 2.8
    endloop
  endfacet
  facet normal 0 0 1
    outer loop
      vertex 20.6371 -63.684 2.8
      vertex 19.6764 -65.1265 2.8
      vertex 19.717 -65.3096 2.8
    endloop
  endfacet
  facet normal 0 0 1
    outer loop
      vertex 20.6371 -63.684 2.8
      vertex 19.62 -64.9476 2.8
      vertex 19.6764 -65.1265 2.8
    endloop
  endfacet
  facet normal 0 0 1
    outer loop
      vertex 20.6371 -63.684 2.8
      vertex 19.5483 -64.7743 2.8
      vertex 19.62 -64.9476 2.8
    endloop
  endfacet
  facet normal 0 0 1
    outer loop
      vertex 20.6371 -63.684 2.8
      vertex 19.4616 -64.608 2.8
      vertex 19.5483 -64.7743 2.8
    endloop
  endfacet
  facet normal 0 0 1
    outer loop
      vertex 20.6371 -63.684 2.8
      vertex 19.3609 -64.4498 2.8
      vertex 19.4616 -64.608 2.8
    endloop
  endfacet
  facet normal 0 0 1
    outer loop
      vertex 20.6371 -63.684 2.8
      vertex 19.2467 -64.301 2.8
      vertex 19.3609 -64.4498 2.8
    endloop
  endfacet
  facet normal 0 0 1
    outer loop
      vertex 20.6371 -63.684 2.8
      vertex 19.12 -64.1627 2.8
      vertex 19.2467 -64.301 2.8
    endloop
  endfacet
  facet normal 0 -0 1
    outer loop
      vertex 19.12 -64.1627 2.8
      vertex 20.6371 -63.684 2.8
      vertex 19.0958 -64.1405 2.8
    endloop
  endfacet
  facet normal -0.382684 -0.923879 0
    outer loop
      vertex -32.9642 -70.692 0
      vertex -26.6776 -73.296 2.8
      vertex -32.9642 -70.692 2.8
    endloop
  endfacet
  facet normal -0.382684 -0.923879 -0
    outer loop
      vertex -26.6776 -73.296 2.8
      vertex -32.9642 -70.692 0
      vertex -26.6776 -73.296 0
    endloop
  endfacet
  facet normal 0.793349 -0.608767 0
    outer loop
      vertex 59.7515 -50.1374 2.8
      vertex 63.8939 -44.739 0
      vertex 63.8939 -44.739 2.8
    endloop
  endfacet
  facet normal 0.793349 -0.608767 0
    outer loop
      vertex 63.8939 -44.739 0
      vertex 59.7515 -50.1374 2.8
      vertex 59.7515 -50.1374 0
    endloop
  endfacet
  facet normal 0.461744 -0.887013 0
    outer loop
      vertex 32.9642 -70.692 0
      vertex 39 -67.55 2.8
      vertex 32.9642 -70.692 2.8
    endloop
  endfacet
  facet normal 0.461744 -0.887013 0
    outer loop
      vertex 39 -67.55 2.8
      vertex 32.9642 -70.692 0
      vertex 39 -67.55 0
    endloop
  endfacet
  facet normal 0.0436174 0.999048 -0
    outer loop
      vertex 6.79815 77.7032 0
      vertex 0 78 2.8
      vertex 6.79815 77.7032 2.8
    endloop
  endfacet
  facet normal 0.0436174 0.999048 0
    outer loop
      vertex 0 78 2.8
      vertex 6.79815 77.7032 0
      vertex 0 78 0
    endloop
  endfacet
  facet normal -0.887013 -0.461744 0
    outer loop
      vertex -67.55 -39 0
      vertex -70.692 -32.9642 2.8
      vertex -70.692 -32.9642 0
    endloop
  endfacet
  facet normal -0.887013 -0.461744 0
    outer loop
      vertex -70.692 -32.9642 2.8
      vertex -67.55 -39 0
      vertex -67.55 -39 2.8
    endloop
  endfacet
  facet normal -0.923879 -0.382684 0
    outer loop
      vertex -70.692 -32.9642 0
      vertex -73.296 -26.6776 2.8
      vertex -73.296 -26.6776 0
    endloop
  endfacet
  facet normal -0.923879 -0.382684 0
    outer loop
      vertex -73.296 -26.6776 2.8
      vertex -70.692 -32.9642 0
      vertex -70.692 -32.9642 2.8
    endloop
  endfacet
  facet normal 0.382684 -0.923879 0
    outer loop
      vertex 26.6776 -73.296 0
      vertex 32.9642 -70.692 2.8
      vertex 26.6776 -73.296 2.8
    endloop
  endfacet
  facet normal 0.382684 -0.923879 0
    outer loop
      vertex 32.9642 -70.692 2.8
      vertex 26.6776 -73.296 0
      vertex 32.9642 -70.692 0
    endloop
  endfacet
  facet normal -0.675595 -0.737273 0
    outer loop
      vertex -55.1543 -55.1543 0
      vertex -50.1374 -59.7515 2.8
      vertex -55.1543 -55.1543 2.8
    endloop
  endfacet
  facet normal -0.675595 -0.737273 -0
    outer loop
      vertex -50.1374 -59.7515 2.8
      vertex -55.1543 -55.1543 0
      vertex -50.1374 -59.7515 0
    endloop
  endfacet
  facet normal 0.0436174 -0.999048 0
    outer loop
      vertex 0 -78 0
      vertex 6.79815 -77.7032 2.8
      vertex 0 -78 2.8
    endloop
  endfacet
  facet normal 0.0436174 -0.999048 0
    outer loop
      vertex 6.79815 -77.7032 2.8
      vertex 0 -78 0
      vertex 6.79815 -77.7032 0
    endloop
  endfacet
  facet normal 0.953717 -0.300707 0
    outer loop
      vertex 73.296 -26.6776 2.8
      vertex 75.3422 -20.1879 0
      vertex 75.3422 -20.1879 2.8
    endloop
  endfacet
  facet normal 0.953717 -0.300707 0
    outer loop
      vertex 75.3422 -20.1879 0
      vertex 73.296 -26.6776 2.8
      vertex 73.296 -26.6776 0
    endloop
  endfacet
  facet normal -0.608767 -0.793349 0
    outer loop
      vertex -50.1374 -59.7515 0
      vertex -44.739 -63.8939 2.8
      vertex -50.1374 -59.7515 2.8
    endloop
  endfacet
  facet normal -0.608767 -0.793349 -0
    outer loop
      vertex -44.739 -63.8939 2.8
      vertex -50.1374 -59.7515 0
      vertex -44.739 -63.8939 0
    endloop
  endfacet
  facet normal 0.537295 0.843395 -0
    outer loop
      vertex 44.739 63.8939 0
      vertex 39 67.55 2.8
      vertex 44.739 63.8939 2.8
    endloop
  endfacet
  facet normal 0.537295 0.843395 0
    outer loop
      vertex 39 67.55 2.8
      vertex 44.739 63.8939 0
      vertex 39 67.55 0
    endloop
  endfacet
  facet normal -0.130528 0.991445 0
    outer loop
      vertex -6.79815 77.7032 0
      vertex -13.5446 76.815 2.8
      vertex -6.79815 77.7032 2.8
    endloop
  endfacet
  facet normal -0.130528 0.991445 0
    outer loop
      vertex -13.5446 76.815 2.8
      vertex -6.79815 77.7032 0
      vertex -13.5446 76.815 0
    endloop
  endfacet
  facet normal 0.991445 -0.130528 0
    outer loop
      vertex 76.815 -13.5446 2.8
      vertex 77.7032 -6.79815 0
      vertex 77.7032 -6.79815 2.8
    endloop
  endfacet
  facet normal 0.991445 -0.130528 0
    outer loop
      vertex 77.7032 -6.79815 0
      vertex 76.815 -13.5446 2.8
      vertex 76.815 -13.5446 0
    endloop
  endfacet
  facet normal -0.976296 -0.216442 0
    outer loop
      vertex -75.3422 -20.1879 0
      vertex -76.815 -13.5446 2.8
      vertex -76.815 -13.5446 0
    endloop
  endfacet
  facet normal -0.976296 -0.216442 0
    outer loop
      vertex -76.815 -13.5446 2.8
      vertex -75.3422 -20.1879 0
      vertex -75.3422 -20.1879 2.8
    endloop
  endfacet
  facet normal 0.923879 0.382684 0
    outer loop
      vertex 73.296 26.6776 2.8
      vertex 70.692 32.9642 0
      vertex 70.692 32.9642 2.8
    endloop
  endfacet
  facet normal 0.923879 0.382684 0
    outer loop
      vertex 70.692 32.9642 0
      vertex 73.296 26.6776 2.8
      vertex 73.296 26.6776 0
    endloop
  endfacet
  facet normal 0.130528 0.991445 -0
    outer loop
      vertex 13.5446 76.815 0
      vertex 6.79815 77.7032 2.8
      vertex 13.5446 76.815 2.8
    endloop
  endfacet
  facet normal 0.130528 0.991445 0
    outer loop
      vertex 6.79815 77.7032 2.8
      vertex 13.5446 76.815 0
      vertex 6.79815 77.7032 0
    endloop
  endfacet
  facet normal 0.887013 0.461744 0
    outer loop
      vertex 70.692 32.9642 2.8
      vertex 67.55 39 0
      vertex 67.55 39 2.8
    endloop
  endfacet
  facet normal 0.887013 0.461744 0
    outer loop
      vertex 67.55 39 0
      vertex 70.692 32.9642 2.8
      vertex 70.692 32.9642 0
    endloop
  endfacet
  facet normal -0.461744 -0.887013 0
    outer loop
      vertex -39 -67.55 0
      vertex -32.9642 -70.692 2.8
      vertex -39 -67.55 2.8
    endloop
  endfacet
  facet normal -0.461744 -0.887013 -0
    outer loop
      vertex -32.9642 -70.692 2.8
      vertex -39 -67.55 0
      vertex -32.9642 -70.692 0
    endloop
  endfacet
  facet normal -0.675595 0.737273 0
    outer loop
      vertex -50.1374 59.7515 0
      vertex -55.1543 55.1543 2.8
      vertex -50.1374 59.7515 2.8
    endloop
  endfacet
  facet normal -0.675595 0.737273 0
    outer loop
      vertex -55.1543 55.1543 2.8
      vertex -50.1374 59.7515 0
      vertex -55.1543 55.1543 0
    endloop
  endfacet
  facet normal -0.300707 0.953717 0
    outer loop
      vertex -20.1879 75.3422 0
      vertex -26.6776 73.296 2.8
      vertex -20.1879 75.3422 2.8
    endloop
  endfacet
  facet normal -0.300707 0.953717 0
    outer loop
      vertex -26.6776 73.296 2.8
      vertex -20.1879 75.3422 0
      vertex -26.6776 73.296 0
    endloop
  endfacet
  facet normal -0.843395 0.537295 0
    outer loop
      vertex -67.55 39 0
      vertex -63.8939 44.739 2.8
      vertex -63.8939 44.739 0
    endloop
  endfacet
  facet normal -0.843395 0.537295 0
    outer loop
      vertex -63.8939 44.739 2.8
      vertex -67.55 39 0
      vertex -67.55 39 2.8
    endloop
  endfacet
  facet normal -0.999048 -0.0436174 0
    outer loop
      vertex -77.7032 -6.79815 0
      vertex -78 0 2.8
      vertex -78 0 0
    endloop
  endfacet
  facet normal -0.999048 -0.0436174 0
    outer loop
      vertex -78 0 2.8
      vertex -77.7032 -6.79815 0
      vertex -77.7032 -6.79815 2.8
    endloop
  endfacet
  facet normal -0.216442 -0.976296 0
    outer loop
      vertex -20.1879 -75.3422 0
      vertex -13.5446 -76.815 2.8
      vertex -20.1879 -75.3422 2.8
    endloop
  endfacet
  facet normal -0.216442 -0.976296 -0
    outer loop
      vertex -13.5446 -76.815 2.8
      vertex -20.1879 -75.3422 0
      vertex -13.5446 -76.815 0
    endloop
  endfacet
  facet normal -0.0436174 0.999048 0
    outer loop
      vertex 0 78 0
      vertex -6.79815 77.7032 2.8
      vertex 0 78 2.8
    endloop
  endfacet
  facet normal -0.0436174 0.999048 0
    outer loop
      vertex -6.79815 77.7032 2.8
      vertex 0 78 0
      vertex -6.79815 77.7032 0
    endloop
  endfacet
  facet normal 0.300707 -0.953717 0
    outer loop
      vertex 20.1879 -75.3422 0
      vertex 26.6776 -73.296 2.8
      vertex 20.1879 -75.3422 2.8
    endloop
  endfacet
  facet normal 0.300707 -0.953717 0
    outer loop
      vertex 26.6776 -73.296 2.8
      vertex 20.1879 -75.3422 0
      vertex 26.6776 -73.296 0
    endloop
  endfacet
  facet normal 0.216442 -0.976296 0
    outer loop
      vertex 13.5446 -76.815 0
      vertex 20.1879 -75.3422 2.8
      vertex 13.5446 -76.815 2.8
    endloop
  endfacet
  facet normal 0.216442 -0.976296 0
    outer loop
      vertex 20.1879 -75.3422 2.8
      vertex 13.5446 -76.815 0
      vertex 20.1879 -75.3422 0
    endloop
  endfacet
  facet normal -0.953717 0.300707 0
    outer loop
      vertex -75.3422 20.1879 0
      vertex -73.296 26.6776 2.8
      vertex -73.296 26.6776 0
    endloop
  endfacet
  facet normal -0.953717 0.300707 0
    outer loop
      vertex -73.296 26.6776 2.8
      vertex -75.3422 20.1879 0
      vertex -75.3422 20.1879 2.8
    endloop
  endfacet
  facet normal -0.737273 -0.675595 0
    outer loop
      vertex -55.1543 -55.1543 0
      vertex -59.7515 -50.1374 2.8
      vertex -59.7515 -50.1374 0
    endloop
  endfacet
  facet normal -0.737273 -0.675595 0
    outer loop
      vertex -59.7515 -50.1374 2.8
      vertex -55.1543 -55.1543 0
      vertex -55.1543 -55.1543 2.8
    endloop
  endfacet
  facet normal -0.461744 0.887013 0
    outer loop
      vertex -32.9642 70.692 0
      vertex -39 67.55 2.8
      vertex -32.9642 70.692 2.8
    endloop
  endfacet
  facet normal -0.461744 0.887013 0
    outer loop
      vertex -39 67.55 2.8
      vertex -32.9642 70.692 0
      vertex -39 67.55 0
    endloop
  endfacet
  facet normal -0.991445 -0.130528 0
    outer loop
      vertex -76.815 -13.5446 0
      vertex -77.7032 -6.79815 2.8
      vertex -77.7032 -6.79815 0
    endloop
  endfacet
  facet normal -0.991445 -0.130528 0
    outer loop
      vertex -77.7032 -6.79815 2.8
      vertex -76.815 -13.5446 0
      vertex -76.815 -13.5446 2.8
    endloop
  endfacet
  facet normal -0.0436174 -0.999048 0
    outer loop
      vertex -6.79815 -77.7032 0
      vertex 0 -78 2.8
      vertex -6.79815 -77.7032 2.8
    endloop
  endfacet
  facet normal -0.0436174 -0.999048 -0
    outer loop
      vertex 0 -78 2.8
      vertex -6.79815 -77.7032 0
      vertex 0 -78 0
    endloop
  endfacet
  facet normal 0.887013 -0.461744 0
    outer loop
      vertex 67.55 -39 2.8
      vertex 70.692 -32.9642 0
      vertex 70.692 -32.9642 2.8
    endloop
  endfacet
  facet normal 0.887013 -0.461744 0
    outer loop
      vertex 70.692 -32.9642 0
      vertex 67.55 -39 2.8
      vertex 67.55 -39 0
    endloop
  endfacet
  facet normal 0.793349 0.608767 0
    outer loop
      vertex 63.8939 44.739 2.8
      vertex 59.7515 50.1374 0
      vertex 59.7515 50.1374 2.8
    endloop
  endfacet
  facet normal 0.793349 0.608767 0
    outer loop
      vertex 59.7515 50.1374 0
      vertex 63.8939 44.739 2.8
      vertex 63.8939 44.739 0
    endloop
  endfacet
  facet normal 0.537295 -0.843395 0
    outer loop
      vertex 39 -67.55 0
      vertex 44.739 -63.8939 2.8
      vertex 39 -67.55 2.8
    endloop
  endfacet
  facet normal 0.537295 -0.843395 0
    outer loop
      vertex 44.739 -63.8939 2.8
      vertex 39 -67.55 0
      vertex 44.739 -63.8939 0
    endloop
  endfacet
  facet normal -0.991445 0.130528 0
    outer loop
      vertex -77.7032 6.79815 0
      vertex -76.815 13.5446 2.8
      vertex -76.815 13.5446 0
    endloop
  endfacet
  facet normal -0.991445 0.130528 0
    outer loop
      vertex -76.815 13.5446 2.8
      vertex -77.7032 6.79815 0
      vertex -77.7032 6.79815 2.8
    endloop
  endfacet
  facet normal -0.999048 0.0436174 0
    outer loop
      vertex -78 0 0
      vertex -77.7032 6.79815 2.8
      vertex -77.7032 6.79815 0
    endloop
  endfacet
  facet normal -0.999048 0.0436174 0
    outer loop
      vertex -77.7032 6.79815 2.8
      vertex -78 0 0
      vertex -78 0 2.8
    endloop
  endfacet
  facet normal -0.300707 -0.953717 0
    outer loop
      vertex -26.6776 -73.296 0
      vertex -20.1879 -75.3422 2.8
      vertex -26.6776 -73.296 2.8
    endloop
  endfacet
  facet normal -0.300707 -0.953717 -0
    outer loop
      vertex -20.1879 -75.3422 2.8
      vertex -26.6776 -73.296 0
      vertex -20.1879 -75.3422 0
    endloop
  endfacet
  facet normal 0.300707 0.953717 -0
    outer loop
      vertex 26.6776 73.296 0
      vertex 20.1879 75.3422 2.8
      vertex 26.6776 73.296 2.8
    endloop
  endfacet
  facet normal 0.300707 0.953717 0
    outer loop
      vertex 20.1879 75.3422 2.8
      vertex 26.6776 73.296 0
      vertex 20.1879 75.3422 0
    endloop
  endfacet
  facet normal -0.923879 0.382684 0
    outer loop
      vertex -73.296 26.6776 0
      vertex -70.692 32.9642 2.8
      vertex -70.692 32.9642 0
    endloop
  endfacet
  facet normal -0.923879 0.382684 0
    outer loop
      vertex -70.692 32.9642 2.8
      vertex -73.296 26.6776 0
      vertex -73.296 26.6776 2.8
    endloop
  endfacet
  facet normal 0.675595 -0.737273 0
    outer loop
      vertex 50.1374 -59.7515 0
      vertex 55.1543 -55.1543 2.8
      vertex 50.1374 -59.7515 2.8
    endloop
  endfacet
  facet normal 0.675595 -0.737273 0
    outer loop
      vertex 55.1543 -55.1543 2.8
      vertex 50.1374 -59.7515 0
      vertex 55.1543 -55.1543 0
    endloop
  endfacet
  facet normal -0.887013 0.461744 0
    outer loop
      vertex -70.692 32.9642 0
      vertex -67.55 39 2.8
      vertex -67.55 39 0
    endloop
  endfacet
  facet normal -0.887013 0.461744 0
    outer loop
      vertex -67.55 39 2.8
      vertex -70.692 32.9642 0
      vertex -70.692 32.9642 2.8
    endloop
  endfacet
  facet normal -0.793349 0.608767 0
    outer loop
      vertex -63.8939 44.739 0
      vertex -59.7515 50.1374 2.8
      vertex -59.7515 50.1374 0
    endloop
  endfacet
  facet normal -0.793349 0.608767 0
    outer loop
      vertex -59.7515 50.1374 2.8
      vertex -63.8939 44.739 0
      vertex -63.8939 44.739 2.8
    endloop
  endfacet
endsolid OpenSCAD_Model
