solid OpenSCAD_Model
  facet normal -0.354802 0.934942 0
    outer loop
      vertex 63.2189 -15.6777 0
      vertex 63.0853 -15.7284 3
      vertex 63.2189 -15.6777 3
    endloop
  endfacet
  facet normal -0.354802 0.934942 0
    outer loop
      vertex 63.0853 -15.7284 3
      vertex 63.2189 -15.6777 0
      vertex 63.0853 -15.7284 0
    endloop
  endfacet
  facet normal -0.434332 0.900753 0
    outer loop
      vertex 63.3761 -15.6019 0
      vertex 63.2189 -15.6777 3
      vertex 63.3761 -15.6019 3
    endloop
  endfacet
  facet normal -0.434332 0.900753 0
    outer loop
      vertex 63.2189 -15.6777 3
      vertex 63.3761 -15.6019 0
      vertex 63.2189 -15.6777 0
    endloop
  endfacet
  facet normal -0.511373 0.859359 0
    outer loop
      vertex 63.526 -15.5127 0
      vertex 63.3761 -15.6019 3
      vertex 63.526 -15.5127 3
    endloop
  endfacet
  facet normal -0.511373 0.859359 0
    outer loop
      vertex 63.3761 -15.6019 3
      vertex 63.526 -15.5127 0
      vertex 63.3761 -15.6019 0
    endloop
  endfacet
  facet normal -0.584486 0.811404 0
    outer loop
      vertex 63.6676 -15.4107 0
      vertex 63.526 -15.5127 3
      vertex 63.6676 -15.4107 3
    endloop
  endfacet
  facet normal -0.584486 0.811404 0
    outer loop
      vertex 63.526 -15.5127 3
      vertex 63.6676 -15.4107 0
      vertex 63.526 -15.5127 0
    endloop
  endfacet
  facet normal -0.652724 0.757596 0
    outer loop
      vertex 63.7998 -15.2968 0
      vertex 63.6676 -15.4107 3
      vertex 63.7998 -15.2968 3
    endloop
  endfacet
  facet normal -0.652724 0.757596 0
    outer loop
      vertex 63.6676 -15.4107 3
      vertex 63.7998 -15.2968 0
      vertex 63.6676 -15.4107 0
    endloop
  endfacet
  facet normal -0.716501 0.697586 0
    outer loop
      vertex 63.7998 -15.2968 0
      vertex 63.9215 -15.1718 3
      vertex 63.9215 -15.1718 0
    endloop
  endfacet
  facet normal -0.716501 0.697586 0
    outer loop
      vertex 63.9215 -15.1718 3
      vertex 63.7998 -15.2968 0
      vertex 63.7998 -15.2968 3
    endloop
  endfacet
  facet normal -0.77434 0.632769 0
    outer loop
      vertex 63.9215 -15.1718 0
      vertex 64.0319 -15.0367 3
      vertex 64.0319 -15.0367 0
    endloop
  endfacet
  facet normal -0.77434 0.632769 0
    outer loop
      vertex 64.0319 -15.0367 3
      vertex 63.9215 -15.1718 0
      vertex 63.9215 -15.1718 3
    endloop
  endfacet
  facet normal -0.826543 0.562874 0
    outer loop
      vertex 64.0319 -15.0367 0
      vertex 64.1301 -14.8925 3
      vertex 64.1301 -14.8925 0
    endloop
  endfacet
  facet normal -0.826543 0.562874 0
    outer loop
      vertex 64.1301 -14.8925 3
      vertex 64.0319 -15.0367 0
      vertex 64.0319 -15.0367 3
    endloop
  endfacet
  facet normal -0.872721 0.488219 0
    outer loop
      vertex 64.1301 -14.8925 0
      vertex 64.2153 -14.7402 3
      vertex 64.2153 -14.7402 0
    endloop
  endfacet
  facet normal -0.872721 0.488219 0
    outer loop
      vertex 64.2153 -14.7402 3
      vertex 64.1301 -14.8925 0
      vertex 64.1301 -14.8925 3
    endloop
  endfacet
  facet normal -0.911911 0.410389 0
    outer loop
      vertex 64.2153 -14.7402 0
      vertex 64.2869 -14.5811 3
      vertex 64.2869 -14.5811 0
    endloop
  endfacet
  facet normal -0.911911 0.410389 0
    outer loop
      vertex 64.2869 -14.5811 3
      vertex 64.2153 -14.7402 0
      vertex 64.2153 -14.7402 3
    endloop
  endfacet
  facet normal -0.943939 0.330121 0
    outer loop
      vertex 64.2869 -14.5811 0
      vertex 64.3445 -14.4164 3
      vertex 64.3445 -14.4164 0
    endloop
  endfacet
  facet normal -0.943939 0.330121 0
    outer loop
      vertex 64.3445 -14.4164 3
      vertex 64.2869 -14.5811 0
      vertex 64.2869 -14.5811 3
    endloop
  endfacet
  facet normal -0.970901 0.239482 0
    outer loop
      vertex 64.3445 -14.4164 0
      vertex 64.3925 -14.2218 3
      vertex 64.3925 -14.2218 0
    endloop
  endfacet
  facet normal -0.970901 0.239482 0
    outer loop
      vertex 64.3925 -14.2218 3
      vertex 64.3445 -14.4164 0
      vertex 64.3445 -14.4164 3
    endloop
  endfacet
  facet normal -0.981626 0.190817 0
    outer loop
      vertex 64.3925 -14.2218 0
      vertex 65.0313 -10.9356 3
      vertex 65.0313 -10.9356 0
    endloop
  endfacet
  facet normal -0.981626 0.190817 0
    outer loop
      vertex 65.0313 -10.9356 3
      vertex 64.3925 -14.2218 0
      vertex 64.3925 -14.2218 3
    endloop
  endfacet
  facet normal -0.986265 0.165173 0
    outer loop
      vertex 65.0313 -10.9356 0
      vertex 65.0486 -10.8323 3
      vertex 65.0486 -10.8323 0
    endloop
  endfacet
  facet normal -0.986265 0.165173 0
    outer loop
      vertex 65.0486 -10.8323 3
      vertex 65.0313 -10.9356 0
      vertex 65.0313 -10.9356 3
    endloop
  endfacet
  facet normal -0.990269 0.139168 0
    outer loop
      vertex 65.0486 -10.8323 0
      vertex 65.5145 -7.51712 3
      vertex 65.5145 -7.51712 0
    endloop
  endfacet
  facet normal -0.990269 0.139168 0
    outer loop
      vertex 65.5145 -7.51712 3
      vertex 65.0486 -10.8323 0
      vertex 65.0486 -10.8323 3
    endloop
  endfacet
  facet normal -0.993628 0.112706 0
    outer loop
      vertex 65.5145 -7.51712 0
      vertex 65.5263 -7.41309 3
      vertex 65.5263 -7.41309 0
    endloop
  endfacet
  facet normal -0.993628 0.112706 0
    outer loop
      vertex 65.5263 -7.41309 3
      vertex 65.5145 -7.51712 0
      vertex 65.5145 -7.51712 3
    endloop
  endfacet
  facet normal -0.996194 0.0871625 0
    outer loop
      vertex 65.5263 -7.41309 0
      vertex 65.8181 -4.07806 3
      vertex 65.8181 -4.07806 0
    endloop
  endfacet
  facet normal -0.996194 0.0871625 0
    outer loop
      vertex 65.8181 -4.07806 3
      vertex 65.5263 -7.41309 0
      vertex 65.5263 -7.41309 3
    endloop
  endfacet
  facet normal -0.998131 0.0611178 0
    outer loop
      vertex 65.8181 -4.07806 0
      vertex 65.8245 -3.97354 3
      vertex 65.8245 -3.97354 0
    endloop
  endfacet
  facet normal -0.998131 0.0611178 0
    outer loop
      vertex 65.8245 -3.97354 3
      vertex 65.8181 -4.07806 0
      vertex 65.8181 -4.07806 3
    endloop
  endfacet
  facet normal -0.999391 0.0348889 0
    outer loop
      vertex 65.8245 -3.97354 0
      vertex 65.9413 -0.627808 3
      vertex 65.9413 -0.627808 0
    endloop
  endfacet
  facet normal -0.999391 0.0348889 0
    outer loop
      vertex 65.9413 -0.627808 3
      vertex 65.8245 -3.97354 0
      vertex 65.8245 -3.97354 3
    endloop
  endfacet
  facet normal -0.999963 0.00859518 0
    outer loop
      vertex 65.9413 -0.627808 0
      vertex 65.9422 -0.523102 3
      vertex 65.9422 -0.523102 0
    endloop
  endfacet
  facet normal -0.999963 0.00859518 0
    outer loop
      vertex 65.9422 -0.523102 3
      vertex 65.9413 -0.627808 0
      vertex 65.9413 -0.627808 3
    endloop
  endfacet
  facet normal -0.999848 -0.0174445 0
    outer loop
      vertex 65.9422 -0.523102 0
      vertex 65.8838 2.82414 3
      vertex 65.8838 2.82414 0
    endloop
  endfacet
  facet normal -0.999848 -0.0174445 0
    outer loop
      vertex 65.8838 2.82414 3
      vertex 65.9422 -0.523102 0
      vertex 65.9422 -0.523102 3
    endloop
  endfacet
  facet normal -0.999076 -0.0429813 0
    outer loop
      vertex 65.8838 2.82414 0
      vertex 65.8793 2.92874 3
      vertex 65.8793 2.92874 0
    endloop
  endfacet
  facet normal -0.999076 -0.0429813 0
    outer loop
      vertex 65.8793 2.92874 3
      vertex 65.8838 2.82414 0
      vertex 65.8838 2.82414 3
    endloop
  endfacet
  facet normal -0.997563 -0.0697776 0
    outer loop
      vertex 65.8793 2.92874 0
      vertex 65.6457 6.26836 3
      vertex 65.6457 6.26836 0
    endloop
  endfacet
  facet normal -0.997563 -0.0697776 0
    outer loop
      vertex 65.6457 6.26836 3
      vertex 65.8793 2.92874 0
      vertex 65.8793 2.92874 3
    endloop
  endfacet
  facet normal -0.995429 -0.0955031 0
    outer loop
      vertex 65.6457 6.26836 0
      vertex 65.6357 6.37259 3
      vertex 65.6357 6.37259 0
    endloop
  endfacet
  facet normal -0.995429 -0.0955031 0
    outer loop
      vertex 65.6357 6.37259 3
      vertex 65.6457 6.26836 0
      vertex 65.6457 6.26836 3
    endloop
  endfacet
  facet normal -0.992546 -0.121872 0
    outer loop
      vertex 65.6357 6.37259 0
      vertex 65.2277 9.6954 3
      vertex 65.2277 9.6954 0
    endloop
  endfacet
  facet normal -0.992546 -0.121872 0
    outer loop
      vertex 65.2277 9.6954 3
      vertex 65.6357 6.37259 0
      vertex 65.6357 6.37259 3
    endloop
  endfacet
  facet normal -0.988986 -0.148009 0
    outer loop
      vertex 65.2277 9.6954 0
      vertex 65.2122 9.79897 3
      vertex 65.2122 9.79897 0
    endloop
  endfacet
  facet normal -0.988986 -0.148009 0
    outer loop
      vertex 65.2122 9.79897 3
      vertex 65.2277 9.6954 0
      vertex 65.2277 9.6954 3
    endloop
  endfacet
  facet normal -0.98481 -0.173637 0
    outer loop
      vertex 65.2122 9.79897 0
      vertex 64.6309 13.0959 3
      vertex 64.6309 13.0959 0
    endloop
  endfacet
  facet normal -0.98481 -0.173637 0
    outer loop
      vertex 64.6309 13.0959 3
      vertex 65.2122 9.79897 0
      vertex 65.2122 9.79897 3
    endloop
  endfacet
  facet normal -0.979877 -0.199604 0
    outer loop
      vertex 64.6309 13.0959 0
      vertex 64.61 13.1985 3
      vertex 64.61 13.1985 0
    endloop
  endfacet
  facet normal -0.979877 -0.199604 0
    outer loop
      vertex 64.61 13.1985 3
      vertex 64.6309 13.0959 0
      vertex 64.6309 13.0959 3
    endloop
  endfacet
  facet normal -0.974368 -0.22496 0
    outer loop
      vertex 64.61 13.1985 0
      vertex 63.8569 16.4604 3
      vertex 63.8569 16.4604 0
    endloop
  endfacet
  facet normal -0.974368 -0.22496 0
    outer loop
      vertex 63.8569 16.4604 3
      vertex 64.61 13.1985 0
      vertex 64.61 13.1985 3
    endloop
  endfacet
  facet normal -0.964603 -0.263705 0
    outer loop
      vertex 63.8569 16.4604 0
      vertex 63.8531 16.4743 3
      vertex 63.8531 16.4743 0
    endloop
  endfacet
  facet normal -0.964603 -0.263705 0
    outer loop
      vertex 63.8531 16.4743 3
      vertex 63.8569 16.4604 0
      vertex 63.8569 16.4604 3
    endloop
  endfacet
  facet normal -0.860228 -0.509909 0
    outer loop
      vertex 63.5986 17.0777 0
      vertex 63.5855 17.0998 3
      vertex 63.5855 17.0998 0
    endloop
  endfacet
  facet normal -0.860228 -0.509909 0
    outer loop
      vertex 63.5855 17.0998 3
      vertex 63.5986 17.0777 0
      vertex 63.5986 17.0777 3
    endloop
  endfacet
  facet normal -0.814275 -0.580479 0
    outer loop
      vertex 63.5855 17.0998 0
      vertex 63.4842 17.2419 3
      vertex 63.4842 17.2419 0
    endloop
  endfacet
  facet normal -0.814275 -0.580479 0
    outer loop
      vertex 63.4842 17.2419 3
      vertex 63.5855 17.0998 0
      vertex 63.5855 17.0998 3
    endloop
  endfacet
  facet normal -0.760267 -0.64961 0
    outer loop
      vertex 63.4842 17.2419 0
      vertex 63.3709 17.3745 3
      vertex 63.3709 17.3745 0
    endloop
  endfacet
  facet normal -0.760267 -0.64961 0
    outer loop
      vertex 63.3709 17.3745 3
      vertex 63.4842 17.2419 0
      vertex 63.4842 17.2419 3
    endloop
  endfacet
  facet normal -0.700776 -0.713382 0
    outer loop
      vertex 63.2464 17.4968 0
      vertex 63.3709 17.3745 3
      vertex 63.2464 17.4968 3
    endloop
  endfacet
  facet normal -0.700776 -0.713382 -0
    outer loop
      vertex 63.3709 17.3745 3
      vertex 63.2464 17.4968 0
      vertex 63.3709 17.3745 0
    endloop
  endfacet
  facet normal -0.636229 -0.7715 0
    outer loop
      vertex 63.1118 17.6078 0
      vertex 63.2464 17.4968 3
      vertex 63.1118 17.6078 3
    endloop
  endfacet
  facet normal -0.636229 -0.7715 -0
    outer loop
      vertex 63.2464 17.4968 3
      vertex 63.1118 17.6078 0
      vertex 63.2464 17.4968 0
    endloop
  endfacet
  facet normal -0.566286 -0.824209 0
    outer loop
      vertex 62.968 17.7066 0
      vertex 63.1118 17.6078 3
      vertex 62.968 17.7066 3
    endloop
  endfacet
  facet normal -0.566286 -0.824209 -0
    outer loop
      vertex 63.1118 17.6078 3
      vertex 62.968 17.7066 0
      vertex 63.1118 17.6078 0
    endloop
  endfacet
  facet normal -0.492926 -0.870071 0
    outer loop
      vertex 62.8162 17.7926 0
      vertex 62.968 17.7066 3
      vertex 62.8162 17.7926 3
    endloop
  endfacet
  facet normal -0.492926 -0.870071 -0
    outer loop
      vertex 62.968 17.7066 3
      vertex 62.8162 17.7926 0
      vertex 62.968 17.7066 0
    endloop
  endfacet
  facet normal -0.414364 -0.910111 0
    outer loop
      vertex 62.6574 17.8649 0
      vertex 62.8162 17.7926 3
      vertex 62.6574 17.8649 3
    endloop
  endfacet
  facet normal -0.414364 -0.910111 -0
    outer loop
      vertex 62.8162 17.7926 3
      vertex 62.6574 17.8649 0
      vertex 62.8162 17.7926 0
    endloop
  endfacet
  facet normal -0.334055 -0.942554 0
    outer loop
      vertex 62.4977 17.9215 0
      vertex 62.6574 17.8649 3
      vertex 62.4977 17.9215 3
    endloop
  endfacet
  facet normal -0.334055 -0.942554 -0
    outer loop
      vertex 62.6574 17.8649 3
      vertex 62.4977 17.9215 0
      vertex 62.6574 17.8649 0
    endloop
  endfacet
  facet normal -0.774549 0.632514 0
    outer loop
      vertex 62.4977 17.9215 0
      vertex 62.5881 18.0322 3
      vertex 62.5881 18.0322 0
    endloop
  endfacet
  facet normal -0.774549 0.632514 0
    outer loop
      vertex 62.5881 18.0322 3
      vertex 62.4977 17.9215 0
      vertex 62.4977 17.9215 3
    endloop
  endfacet
  facet normal -0.826809 0.562483 0
    outer loop
      vertex 62.5881 18.0322 0
      vertex 62.6862 18.1764 3
      vertex 62.6862 18.1764 0
    endloop
  endfacet
  facet normal -0.826809 0.562483 0
    outer loop
      vertex 62.6862 18.1764 3
      vertex 62.5881 18.0322 0
      vertex 62.5881 18.0322 3
    endloop
  endfacet
  facet normal -0.87234 0.4889 0
    outer loop
      vertex 62.6862 18.1764 0
      vertex 62.7715 18.3286 3
      vertex 62.7715 18.3286 0
    endloop
  endfacet
  facet normal -0.87234 0.4889 0
    outer loop
      vertex 62.7715 18.3286 3
      vertex 62.6862 18.1764 0
      vertex 62.6862 18.1764 3
    endloop
  endfacet
  facet normal -0.911911 0.410389 0
    outer loop
      vertex 62.7715 18.3286 0
      vertex 62.8431 18.4877 3
      vertex 62.8431 18.4877 0
    endloop
  endfacet
  facet normal -0.911911 0.410389 0
    outer loop
      vertex 62.8431 18.4877 3
      vertex 62.7715 18.3286 0
      vertex 62.7715 18.3286 3
    endloop
  endfacet
  facet normal -0.944179 0.329432 0
    outer loop
      vertex 62.8431 18.4877 0
      vertex 62.9006 18.6525 3
      vertex 62.9006 18.6525 0
    endloop
  endfacet
  facet normal -0.944179 0.329432 0
    outer loop
      vertex 62.9006 18.6525 3
      vertex 62.8431 18.4877 0
      vertex 62.8431 18.4877 3
    endloop
  endfacet
  facet normal -0.969157 0.246444 0
    outer loop
      vertex 62.9006 18.6525 0
      vertex 62.9436 18.8216 3
      vertex 62.9436 18.8216 0
    endloop
  endfacet
  facet normal -0.969157 0.246444 0
    outer loop
      vertex 62.9436 18.8216 3
      vertex 62.9006 18.6525 0
      vertex 62.9006 18.6525 3
    endloop
  endfacet
  facet normal -0.987037 0.160494 0
    outer loop
      vertex 62.9436 18.8216 0
      vertex 62.9716 18.9938 3
      vertex 62.9716 18.9938 0
    endloop
  endfacet
  facet normal -0.987037 0.160494 0
    outer loop
      vertex 62.9716 18.9938 3
      vertex 62.9436 18.8216 0
      vertex 62.9436 18.8216 3
    endloop
  endfacet
  facet normal -0.997263 0.073935 0
    outer loop
      vertex 62.9716 18.9938 0
      vertex 62.9845 19.1678 3
      vertex 62.9845 19.1678 0
    endloop
  endfacet
  facet normal -0.997263 0.073935 0
    outer loop
      vertex 62.9845 19.1678 3
      vertex 62.9716 18.9938 0
      vertex 62.9716 18.9938 3
    endloop
  endfacet
  facet normal -0.999913 -0.0131869 0
    outer loop
      vertex 62.9845 19.1678 0
      vertex 62.9822 19.3422 3
      vertex 62.9822 19.3422 0
    endloop
  endfacet
  facet normal -0.999913 -0.0131869 0
    outer loop
      vertex 62.9822 19.3422 3
      vertex 62.9845 19.1678 0
      vertex 62.9845 19.1678 3
    endloop
  endfacet
  facet normal -0.994957 -0.100298 0
    outer loop
      vertex 62.9822 19.3422 0
      vertex 62.9647 19.5158 3
      vertex 62.9647 19.5158 0
    endloop
  endfacet
  facet normal -0.994957 -0.100298 0
    outer loop
      vertex 62.9647 19.5158 3
      vertex 62.9822 19.3422 0
      vertex 62.9822 19.3422 3
    endloop
  endfacet
  facet normal -0.982409 -0.186744 0
    outer loop
      vertex 62.9647 19.5158 0
      vertex 62.9321 19.6873 3
      vertex 62.9321 19.6873 0
    endloop
  endfacet
  facet normal -0.982409 -0.186744 0
    outer loop
      vertex 62.9321 19.6873 3
      vertex 62.9647 19.5158 0
      vertex 62.9647 19.5158 3
    endloop
  endfacet
  facet normal -0.960729 -0.277488 0
    outer loop
      vertex 62.9321 19.6873 0
      vertex 62.8765 19.8798 3
      vertex 62.8765 19.8798 0
    endloop
  endfacet
  facet normal -0.960729 -0.277488 0
    outer loop
      vertex 62.8765 19.8798 3
      vertex 62.9321 19.6873 0
      vertex 62.9321 19.6873 3
    endloop
  endfacet
  facet normal -0.945513 -0.325586 0
    outer loop
      vertex 62.8765 19.8798 0
      vertex 61.7865 23.0452 3
      vertex 61.7865 23.0452 0
    endloop
  endfacet
  facet normal -0.945513 -0.325586 0
    outer loop
      vertex 61.7865 23.0452 3
      vertex 62.8765 19.8798 0
      vertex 62.8765 19.8798 3
    endloop
  endfacet
  facet normal -0.9368 -0.349866 0
    outer loop
      vertex 61.7865 23.0452 0
      vertex 61.7499 23.1432 3
      vertex 61.7499 23.1432 0
    endloop
  endfacet
  facet normal -0.9368 -0.349866 0
    outer loop
      vertex 61.7499 23.1432 3
      vertex 61.7865 23.0452 0
      vertex 61.7865 23.0452 3
    endloop
  endfacet
  facet normal -0.927184 -0.374607 0
    outer loop
      vertex 61.7499 23.1432 0
      vertex 60.4958 26.2472 3
      vertex 60.4958 26.2472 0
    endloop
  endfacet
  facet normal -0.927184 -0.374607 0
    outer loop
      vertex 60.4958 26.2472 3
      vertex 61.7499 23.1432 0
      vertex 61.7499 23.1432 3
    endloop
  endfacet
  facet normal -0.916857 -0.399215 0
    outer loop
      vertex 60.4958 26.2472 0
      vertex 60.454 26.3432 3
      vertex 60.454 26.3432 0
    endloop
  endfacet
  facet normal -0.916857 -0.399215 0
    outer loop
      vertex 60.454 26.3432 3
      vertex 60.4958 26.2472 0
      vertex 60.4958 26.2472 3
    endloop
  endfacet
  facet normal -0.906311 -0.422612 0
    outer loop
      vertex 60.454 26.3432 0
      vertex 59.0392 29.3773 3
      vertex 59.0392 29.3773 0
    endloop
  endfacet
  facet normal -0.906311 -0.422612 0
    outer loop
      vertex 59.0392 29.3773 3
      vertex 60.454 26.3432 0
      vertex 60.454 26.3432 3
    endloop
  endfacet
  facet normal -0.895189 -0.445686 0
    outer loop
      vertex 59.0392 29.3773 0
      vertex 58.9925 29.4711 3
      vertex 58.9925 29.4711 0
    endloop
  endfacet
  facet normal -0.895189 -0.445686 0
    outer loop
      vertex 58.9925 29.4711 3
      vertex 59.0392 29.3773 0
      vertex 59.0392 29.3773 3
    endloop
  endfacet
  facet normal -0.882945 -0.469476 0
    outer loop
      vertex 58.9925 29.4711 0
      vertex 57.4208 32.427 3
      vertex 57.4208 32.427 0
    endloop
  endfacet
  facet normal -0.882945 -0.469476 0
    outer loop
      vertex 57.4208 32.427 3
      vertex 58.9925 29.4711 0
      vertex 58.9925 29.4711 3
    endloop
  endfacet
  facet normal -0.870118 -0.492844 0
    outer loop
      vertex 57.4208 32.427 0
      vertex 57.3692 32.5181 3
      vertex 57.3692 32.5181 0
    endloop
  endfacet
  facet normal -0.870118 -0.492844 0
    outer loop
      vertex 57.3692 32.5181 3
      vertex 57.4208 32.427 0
      vertex 57.4208 32.427 3
    endloop
  endfacet
  facet normal -0.857171 -0.515032 0
    outer loop
      vertex 57.3692 32.5181 0
      vertex 55.645 35.3877 3
      vertex 55.645 35.3877 0
    endloop
  endfacet
  facet normal -0.857171 -0.515032 0
    outer loop
      vertex 55.645 35.3877 3
      vertex 57.3692 32.5181 0
      vertex 57.3692 32.5181 3
    endloop
  endfacet
  facet normal -0.843189 -0.537617 0
    outer loop
      vertex 55.645 35.3877 0
      vertex 55.5887 35.476 3
      vertex 55.5887 35.476 0
    endloop
  endfacet
  facet normal -0.843189 -0.537617 0
    outer loop
      vertex 55.5887 35.476 3
      vertex 55.645 35.3877 0
      vertex 55.645 35.3877 3
    endloop
  endfacet
  facet normal -0.829042 -0.559187 0
    outer loop
      vertex 55.5887 35.476 0
      vertex 53.7167 38.2514 3
      vertex 53.7167 38.2514 0
    endloop
  endfacet
  facet normal -0.829042 -0.559187 0
    outer loop
      vertex 53.7167 38.2514 3
      vertex 55.5887 35.476 0
      vertex 55.5887 35.476 3
    endloop
  endfacet
  facet normal -0.814314 -0.580425 0
    outer loop
      vertex 53.7167 38.2514 0
      vertex 53.6559 38.3367 3
      vertex 53.6559 38.3367 0
    endloop
  endfacet
  facet normal -0.814314 -0.580425 0
    outer loop
      vertex 53.6559 38.3367 3
      vertex 53.7167 38.2514 0
      vertex 53.7167 38.2514 3
    endloop
  endfacet
  facet normal -0.798621 -0.601834 0
    outer loop
      vertex 53.6559 38.3367 0
      vertex 51.6411 41.0103 3
      vertex 51.6411 41.0103 0
    endloop
  endfacet
  facet normal -0.798621 -0.601834 0
    outer loop
      vertex 51.6411 41.0103 3
      vertex 53.6559 38.3367 0
      vertex 53.6559 38.3367 3
    endloop
  endfacet
  facet normal -0.783193 -0.621779 0
    outer loop
      vertex 51.6411 41.0103 0
      vertex 51.576 41.0923 3
      vertex 51.576 41.0923 0
    endloop
  endfacet
  facet normal -0.783193 -0.621779 0
    outer loop
      vertex 51.576 41.0923 3
      vertex 51.6411 41.0103 0
      vertex 51.6411 41.0103 3
    endloop
  endfacet
  facet normal -0.766025 -0.64281 0
    outer loop
      vertex 51.576 41.0923 0
      vertex 49.424 43.6568 3
      vertex 49.424 43.6568 0
    endloop
  endfacet
  facet normal -0.766025 -0.64281 0
    outer loop
      vertex 49.424 43.6568 3
      vertex 51.576 41.0923 0
      vertex 51.576 41.0923 3
    endloop
  endfacet
  facet normal -0.749252 -0.662285 0
    outer loop
      vertex 49.424 43.6568 0
      vertex 49.3547 43.7352 3
      vertex 49.3547 43.7352 0
    endloop
  endfacet
  facet normal -0.749252 -0.662285 0
    outer loop
      vertex 49.3547 43.7352 3
      vertex 49.424 43.6568 0
      vertex 49.424 43.6568 3
    endloop
  endfacet
  facet normal -0.731349 -0.682003 0
    outer loop
      vertex 49.3547 43.7352 0
      vertex 47.0715 46.1836 3
      vertex 47.0715 46.1836 0
    endloop
  endfacet
  facet normal -0.731349 -0.682003 0
    outer loop
      vertex 47.0715 46.1836 3
      vertex 49.3547 43.7352 0
      vertex 49.3547 43.7352 3
    endloop
  endfacet
  facet normal -0.701062 -0.7131 0
    outer loop
      vertex 46.9471 46.3059 0
      vertex 47.0715 46.1836 3
      vertex 46.9471 46.3059 3
    endloop
  endfacet
  facet normal -0.701062 -0.7131 -0
    outer loop
      vertex 47.0715 46.1836 3
      vertex 46.9471 46.3059 0
      vertex 47.0715 46.1836 0
    endloop
  endfacet
  facet normal -0.635948 -0.771732 0
    outer loop
      vertex 46.8124 46.4169 0
      vertex 46.9471 46.3059 3
      vertex 46.8124 46.4169 3
    endloop
  endfacet
  facet normal -0.635948 -0.771732 -0
    outer loop
      vertex 46.9471 46.3059 3
      vertex 46.8124 46.4169 0
      vertex 46.9471 46.3059 0
    endloop
  endfacet
  facet normal -0.566286 -0.824209 0
    outer loop
      vertex 46.6686 46.5157 0
      vertex 46.8124 46.4169 3
      vertex 46.6686 46.5157 3
    endloop
  endfacet
  facet normal -0.566286 -0.824209 -0
    outer loop
      vertex 46.8124 46.4169 3
      vertex 46.6686 46.5157 0
      vertex 46.8124 46.4169 0
    endloop
  endfacet
  facet normal -0.492492 -0.870317 0
    outer loop
      vertex 46.5168 46.6016 0
      vertex 46.6686 46.5157 3
      vertex 46.5168 46.6016 3
    endloop
  endfacet
  facet normal -0.492492 -0.870317 -0
    outer loop
      vertex 46.6686 46.5157 3
      vertex 46.5168 46.6016 0
      vertex 46.6686 46.5157 0
    endloop
  endfacet
  facet normal -0.414839 -0.909895 0
    outer loop
      vertex 46.358 46.674 0
      vertex 46.5168 46.6016 3
      vertex 46.358 46.674 3
    endloop
  endfacet
  facet normal -0.414839 -0.909895 -0
    outer loop
      vertex 46.5168 46.6016 3
      vertex 46.358 46.674 0
      vertex 46.5168 46.6016 0
    endloop
  endfacet
  facet normal -0.333539 -0.942736 0
    outer loop
      vertex 46.1935 46.7322 0
      vertex 46.358 46.674 3
      vertex 46.1935 46.7322 3
    endloop
  endfacet
  facet normal -0.333539 -0.942736 -0
    outer loop
      vertex 46.358 46.674 3
      vertex 46.1935 46.7322 0
      vertex 46.358 46.674 0
    endloop
  endfacet
  facet normal -0.250485 -0.968121 0
    outer loop
      vertex 46.0246 46.7759 0
      vertex 46.1935 46.7322 3
      vertex 46.0246 46.7759 3
    endloop
  endfacet
  facet normal -0.250485 -0.968121 -0
    outer loop
      vertex 46.1935 46.7322 3
      vertex 46.0246 46.7759 0
      vertex 46.1935 46.7322 0
    endloop
  endfacet
  facet normal -0.165049 -0.986285 0
    outer loop
      vertex 45.8525 46.8047 0
      vertex 46.0246 46.7759 3
      vertex 45.8525 46.8047 3
    endloop
  endfacet
  facet normal -0.165049 -0.986285 -0
    outer loop
      vertex 46.0246 46.7759 3
      vertex 45.8525 46.8047 0
      vertex 46.0246 46.7759 0
    endloop
  endfacet
  facet normal -0.0785376 -0.996911 0
    outer loop
      vertex 45.6786 46.8184 0
      vertex 45.8525 46.8047 3
      vertex 45.6786 46.8184 3
    endloop
  endfacet
  facet normal -0.0785376 -0.996911 -0
    outer loop
      vertex 45.8525 46.8047 3
      vertex 45.6786 46.8184 0
      vertex 45.8525 46.8047 0
    endloop
  endfacet
  facet normal 0.00859567 -0.999963 0
    outer loop
      vertex 45.5041 46.8169 0
      vertex 45.6786 46.8184 3
      vertex 45.5041 46.8169 3
    endloop
  endfacet
  facet normal 0.00859567 -0.999963 0
    outer loop
      vertex 45.6786 46.8184 3
      vertex 45.5041 46.8169 0
      vertex 45.6786 46.8184 0
    endloop
  endfacet
  facet normal 0.0957015 -0.99541 0
    outer loop
      vertex 45.3304 46.8002 0
      vertex 45.5041 46.8169 3
      vertex 45.3304 46.8002 3
    endloop
  endfacet
  facet normal 0.0957015 -0.99541 0
    outer loop
      vertex 45.5041 46.8169 3
      vertex 45.3304 46.8002 0
      vertex 45.5041 46.8169 0
    endloop
  endfacet
  facet normal 0.182364 -0.983231 0
    outer loop
      vertex 45.1638 46.7693 0
      vertex 45.3304 46.8002 3
      vertex 45.1638 46.7693 3
    endloop
  endfacet
  facet normal 0.182364 -0.983231 0
    outer loop
      vertex 45.3304 46.8002 3
      vertex 45.1638 46.7693 0
      vertex 45.3304 46.8002 0
    endloop
  endfacet
  facet normal -0.986956 0.160993 0
    outer loop
      vertex 45.1638 46.7693 0
      vertex 45.1868 46.9103 3
      vertex 45.1868 46.9103 0
    endloop
  endfacet
  facet normal -0.986956 0.160993 0
    outer loop
      vertex 45.1868 46.9103 3
      vertex 45.1638 46.7693 0
      vertex 45.1638 46.7693 3
    endloop
  endfacet
  facet normal -0.997266 0.0738928 0
    outer loop
      vertex 45.1868 46.9103 0
      vertex 45.1997 47.0844 3
      vertex 45.1997 47.0844 0
    endloop
  endfacet
  facet normal -0.997266 0.0738928 0
    outer loop
      vertex 45.1997 47.0844 3
      vertex 45.1868 46.9103 0
      vertex 45.1868 46.9103 3
    endloop
  endfacet
  facet normal -0.999913 -0.0131869 0
    outer loop
      vertex 45.1997 47.0844 0
      vertex 45.1974 47.2588 3
      vertex 45.1974 47.2588 0
    endloop
  endfacet
  facet normal -0.999913 -0.0131869 0
    outer loop
      vertex 45.1974 47.2588 3
      vertex 45.1997 47.0844 0
      vertex 45.1997 47.0844 3
    endloop
  endfacet
  facet normal -0.994957 -0.100298 0
    outer loop
      vertex 45.1974 47.2588 0
      vertex 45.1799 47.4324 3
      vertex 45.1799 47.4324 0
    endloop
  endfacet
  facet normal -0.994957 -0.100298 0
    outer loop
      vertex 45.1799 47.4324 3
      vertex 45.1974 47.2588 0
      vertex 45.1974 47.2588 3
    endloop
  endfacet
  facet normal -0.982389 -0.186849 0
    outer loop
      vertex 45.1799 47.4324 0
      vertex 45.1473 47.6038 3
      vertex 45.1473 47.6038 0
    endloop
  endfacet
  facet normal -0.982389 -0.186849 0
    outer loop
      vertex 45.1473 47.6038 3
      vertex 45.1799 47.4324 0
      vertex 45.1799 47.4324 3
    endloop
  endfacet
  facet normal -0.962384 -0.271692 0
    outer loop
      vertex 45.1473 47.6038 0
      vertex 45.0999 47.7717 3
      vertex 45.0999 47.7717 0
    endloop
  endfacet
  facet normal -0.962384 -0.271692 0
    outer loop
      vertex 45.0999 47.7717 3
      vertex 45.1473 47.6038 0
      vertex 45.1473 47.6038 3
    endloop
  endfacet
  facet normal -0.935194 -0.354136 0
    outer loop
      vertex 45.0999 47.7717 0
      vertex 45.0381 47.9349 3
      vertex 45.0381 47.9349 0
    endloop
  endfacet
  facet normal -0.935194 -0.354136 0
    outer loop
      vertex 45.0381 47.9349 3
      vertex 45.0999 47.7717 0
      vertex 45.0999 47.7717 3
    endloop
  endfacet
  facet normal -0.900644 -0.434557 0
    outer loop
      vertex 45.0381 47.9349 0
      vertex 44.9623 48.092 3
      vertex 44.9623 48.092 0
    endloop
  endfacet
  facet normal -0.900644 -0.434557 0
    outer loop
      vertex 44.9623 48.092 3
      vertex 45.0381 47.9349 0
      vertex 45.0381 47.9349 3
    endloop
  endfacet
  facet normal -0.859509 -0.511121 0
    outer loop
      vertex 44.9623 48.092 0
      vertex 44.8731 48.242 3
      vertex 44.8731 48.242 0
    endloop
  endfacet
  facet normal -0.859509 -0.511121 0
    outer loop
      vertex 44.8731 48.242 3
      vertex 44.9623 48.092 0
      vertex 44.9623 48.092 3
    endloop
  endfacet
  facet normal -0.811404 -0.584486 0
    outer loop
      vertex 44.8731 48.242 0
      vertex 44.7711 48.3836 3
      vertex 44.7711 48.3836 0
    endloop
  endfacet
  facet normal -0.811404 -0.584486 0
    outer loop
      vertex 44.7711 48.3836 3
      vertex 44.8731 48.242 0
      vertex 44.8731 48.242 3
    endloop
  endfacet
  facet normal -0.757351 -0.653008 0
    outer loop
      vertex 44.7711 48.3836 0
      vertex 44.6572 48.5157 3
      vertex 44.6572 48.5157 0
    endloop
  endfacet
  facet normal -0.757351 -0.653008 0
    outer loop
      vertex 44.6572 48.5157 3
      vertex 44.7711 48.3836 0
      vertex 44.7711 48.3836 3
    endloop
  endfacet
  facet normal -0.692999 -0.720939 0
    outer loop
      vertex 44.5127 48.6546 0
      vertex 44.6572 48.5157 3
      vertex 44.5127 48.6546 3
    endloop
  endfacet
  facet normal -0.692999 -0.720939 -0
    outer loop
      vertex 44.6572 48.5157 3
      vertex 44.5127 48.6546 0
      vertex 44.6572 48.5157 0
    endloop
  endfacet
  facet normal -0.656069 -0.754701 0
    outer loop
      vertex 41.9861 50.851 0
      vertex 44.5127 48.6546 3
      vertex 41.9861 50.851 3
    endloop
  endfacet
  facet normal -0.656069 -0.754701 -0
    outer loop
      vertex 44.5127 48.6546 3
      vertex 41.9861 50.851 0
      vertex 44.5127 48.6546 0
    endloop
  endfacet
  facet normal -0.635473 -0.772123 0
    outer loop
      vertex 41.9053 50.9175 0
      vertex 41.9861 50.851 3
      vertex 41.9053 50.9175 3
    endloop
  endfacet
  facet normal -0.635473 -0.772123 -0
    outer loop
      vertex 41.9861 50.851 3
      vertex 41.9053 50.9175 0
      vertex 41.9861 50.851 0
    endloop
  endfacet
  facet normal -0.615674 -0.788001 0
    outer loop
      vertex 39.2673 52.9786 0
      vertex 41.9053 50.9175 3
      vertex 39.2673 52.9786 3
    endloop
  endfacet
  facet normal -0.615674 -0.788001 -0
    outer loop
      vertex 41.9053 50.9175 3
      vertex 39.2673 52.9786 0
      vertex 41.9053 50.9175 0
    endloop
  endfacet
  facet normal -0.594794 -0.803878 0
    outer loop
      vertex 39.1831 53.0409 0
      vertex 39.2673 52.9786 3
      vertex 39.1831 53.0409 3
    endloop
  endfacet
  facet normal -0.594794 -0.803878 -0
    outer loop
      vertex 39.2673 52.9786 3
      vertex 39.1831 53.0409 0
      vertex 39.2673 52.9786 0
    endloop
  endfacet
  facet normal -0.573581 -0.819149 0
    outer loop
      vertex 36.4408 54.9611 0
      vertex 39.1831 53.0409 3
      vertex 36.4408 54.9611 3
    endloop
  endfacet
  facet normal -0.573581 -0.819149 -0
    outer loop
      vertex 39.1831 53.0409 3
      vertex 36.4408 54.9611 0
      vertex 39.1831 53.0409 0
    endloop
  endfacet
  facet normal -0.551613 -0.8341 0
    outer loop
      vertex 36.3534 55.0189 0
      vertex 36.4408 54.9611 3
      vertex 36.3534 55.0189 3
    endloop
  endfacet
  facet normal -0.551613 -0.8341 -0
    outer loop
      vertex 36.4408 54.9611 3
      vertex 36.3534 55.0189 0
      vertex 36.4408 54.9611 0
    endloop
  endfacet
  facet normal -0.52994 -0.848035 0
    outer loop
      vertex 33.5144 56.793 0
      vertex 36.3534 55.0189 3
      vertex 33.5144 56.793 3
    endloop
  endfacet
  facet normal -0.52994 -0.848035 -0
    outer loop
      vertex 36.3534 55.0189 3
      vertex 33.5144 56.793 0
      vertex 36.3534 55.0189 0
    endloop
  endfacet
  facet normal -0.506895 -0.862008 0
    outer loop
      vertex 33.4241 56.8461 0
      vertex 33.5144 56.793 3
      vertex 33.4241 56.8461 3
    endloop
  endfacet
  facet normal -0.506895 -0.862008 -0
    outer loop
      vertex 33.5144 56.793 3
      vertex 33.4241 56.8461 0
      vertex 33.5144 56.793 0
    endloop
  endfacet
  facet normal -0.484806 -0.874622 0
    outer loop
      vertex 30.4961 58.4691 0
      vertex 33.4241 56.8461 3
      vertex 30.4961 58.4691 3
    endloop
  endfacet
  facet normal -0.484806 -0.874622 -0
    outer loop
      vertex 33.4241 56.8461 3
      vertex 30.4961 58.4691 0
      vertex 33.4241 56.8461 0
    endloop
  endfacet
  facet normal -0.462435 -0.886653 0
    outer loop
      vertex 30.4033 58.5175 0
      vertex 30.4961 58.4691 3
      vertex 30.4033 58.5175 3
    endloop
  endfacet
  facet normal -0.462435 -0.886653 -0
    outer loop
      vertex 30.4961 58.4691 3
      vertex 30.4033 58.5175 0
      vertex 30.4961 58.4691 0
    endloop
  endfacet
  facet normal -0.438374 -0.898793 0
    outer loop
      vertex 27.3943 59.9851 0
      vertex 30.4033 58.5175 3
      vertex 27.3943 59.9851 3
    endloop
  endfacet
  facet normal -0.438374 -0.898793 -0
    outer loop
      vertex 30.4033 58.5175 3
      vertex 27.3943 59.9851 0
      vertex 30.4033 58.5175 0
    endloop
  endfacet
  facet normal -0.41445 -0.910072 0
    outer loop
      vertex 27.299 60.0285 0
      vertex 27.3943 59.9851 3
      vertex 27.299 60.0285 3
    endloop
  endfacet
  facet normal -0.41445 -0.910072 -0
    outer loop
      vertex 27.3943 59.9851 3
      vertex 27.299 60.0285 0
      vertex 27.3943 59.9851 0
    endloop
  endfacet
  facet normal -0.390741 -0.920501 0
    outer loop
      vertex 24.2174 61.3366 0
      vertex 27.299 60.0285 3
      vertex 24.2174 61.3366 3
    endloop
  endfacet
  facet normal -0.390741 -0.920501 -0
    outer loop
      vertex 27.299 60.0285 3
      vertex 24.2174 61.3366 0
      vertex 27.299 60.0285 0
    endloop
  endfacet
  facet normal -0.365948 -0.930635 0
    outer loop
      vertex 24.12 61.3749 0
      vertex 24.2174 61.3366 3
      vertex 24.12 61.3749 3
    endloop
  endfacet
  facet normal -0.365948 -0.930635 -0
    outer loop
      vertex 24.2174 61.3366 3
      vertex 24.12 61.3749 0
      vertex 24.2174 61.3366 0
    endloop
  endfacet
  facet normal -0.342016 -0.939694 0
    outer loop
      vertex 20.9741 62.5199 0
      vertex 24.12 61.3749 3
      vertex 20.9741 62.5199 3
    endloop
  endfacet
  facet normal -0.342016 -0.939694 -0
    outer loop
      vertex 24.12 61.3749 3
      vertex 20.9741 62.5199 0
      vertex 24.12 61.3749 0
    endloop
  endfacet
  facet normal -0.317946 -0.948109 0
    outer loop
      vertex 20.8748 62.5532 0
      vertex 20.9741 62.5199 3
      vertex 20.8748 62.5532 3
    endloop
  endfacet
  facet normal -0.317946 -0.948109 -0
    outer loop
      vertex 20.9741 62.5199 3
      vertex 20.8748 62.5532 0
      vertex 20.9741 62.5199 0
    endloop
  endfacet
  facet normal -0.292373 -0.956304 0
    outer loop
      vertex 17.6733 63.532 0
      vertex 20.8748 62.5532 3
      vertex 17.6733 63.532 3
    endloop
  endfacet
  facet normal -0.292373 -0.956304 -0
    outer loop
      vertex 20.8748 62.5532 3
      vertex 17.6733 63.532 0
      vertex 20.8748 62.5532 0
    endloop
  endfacet
  facet normal -0.249947 -0.968259 0
    outer loop
      vertex 17.5044 63.5756 0
      vertex 17.6733 63.532 3
      vertex 17.5044 63.5756 3
    endloop
  endfacet
  facet normal -0.249947 -0.968259 -0
    outer loop
      vertex 17.6733 63.532 3
      vertex 17.5044 63.5756 0
      vertex 17.6733 63.532 0
    endloop
  endfacet
  facet normal -0.165049 -0.986285 0
    outer loop
      vertex 17.3323 63.6044 0
      vertex 17.5044 63.5756 3
      vertex 17.3323 63.6044 3
    endloop
  endfacet
  facet normal -0.165049 -0.986285 -0
    outer loop
      vertex 17.5044 63.5756 3
      vertex 17.3323 63.6044 0
      vertex 17.5044 63.5756 0
    endloop
  endfacet
  facet normal -0.0785376 -0.996911 0
    outer loop
      vertex 17.1584 63.6181 0
      vertex 17.3323 63.6044 3
      vertex 17.1584 63.6181 3
    endloop
  endfacet
  facet normal -0.0785376 -0.996911 -0
    outer loop
      vertex 17.3323 63.6044 3
      vertex 17.1584 63.6181 0
      vertex 17.3323 63.6044 0
    endloop
  endfacet
  facet normal 0.00859567 -0.999963 0
    outer loop
      vertex 16.9839 63.6166 0
      vertex 17.1584 63.6181 3
      vertex 16.9839 63.6166 3
    endloop
  endfacet
  facet normal 0.00859567 -0.999963 0
    outer loop
      vertex 17.1584 63.6181 3
      vertex 16.9839 63.6166 0
      vertex 17.1584 63.6181 0
    endloop
  endfacet
  facet normal 0.0957015 -0.99541 0
    outer loop
      vertex 16.8102 63.5999 0
      vertex 16.9839 63.6166 3
      vertex 16.8102 63.5999 3
    endloop
  endfacet
  facet normal 0.0957015 -0.99541 0
    outer loop
      vertex 16.9839 63.6166 3
      vertex 16.8102 63.5999 0
      vertex 16.9839 63.6166 0
    endloop
  endfacet
  facet normal 0.182315 -0.98324 0
    outer loop
      vertex 16.6387 63.5681 0
      vertex 16.8102 63.5999 3
      vertex 16.6387 63.5681 3
    endloop
  endfacet
  facet normal 0.182315 -0.98324 0
    outer loop
      vertex 16.8102 63.5999 3
      vertex 16.6387 63.5681 0
      vertex 16.8102 63.5999 0
    endloop
  endfacet
  facet normal 0.267526 -0.963551 0
    outer loop
      vertex 16.4705 63.5214 0
      vertex 16.6387 63.5681 3
      vertex 16.4705 63.5214 3
    endloop
  endfacet
  facet normal 0.267526 -0.963551 0
    outer loop
      vertex 16.6387 63.5681 3
      vertex 16.4705 63.5214 0
      vertex 16.6387 63.5681 0
    endloop
  endfacet
  facet normal 0.350244 -0.936659 0
    outer loop
      vertex 16.3071 63.4603 0
      vertex 16.4705 63.5214 3
      vertex 16.3071 63.4603 3
    endloop
  endfacet
  facet normal 0.350244 -0.936659 0
    outer loop
      vertex 16.4705 63.5214 3
      vertex 16.3071 63.4603 0
      vertex 16.4705 63.5214 0
    endloop
  endfacet
  facet normal 0.430401 -0.902638 0
    outer loop
      vertex 16.1496 63.3852 0
      vertex 16.3071 63.4603 3
      vertex 16.1496 63.3852 3
    endloop
  endfacet
  facet normal 0.430401 -0.902638 0
    outer loop
      vertex 16.3071 63.4603 3
      vertex 16.1496 63.3852 0
      vertex 16.3071 63.4603 0
    endloop
  endfacet
  facet normal 0.507396 -0.861713 0
    outer loop
      vertex 15.9993 63.2967 0
      vertex 16.1496 63.3852 3
      vertex 15.9993 63.2967 3
    endloop
  endfacet
  facet normal 0.507396 -0.861713 0
    outer loop
      vertex 16.1496 63.3852 3
      vertex 15.9993 63.2967 0
      vertex 16.1496 63.3852 0
    endloop
  endfacet
  facet normal 0.580479 -0.814275 0
    outer loop
      vertex 15.8572 63.1954 0
      vertex 15.9993 63.2967 3
      vertex 15.8572 63.1954 3
    endloop
  endfacet
  facet normal 0.580479 -0.814275 0
    outer loop
      vertex 15.9993 63.2967 3
      vertex 15.8572 63.1954 0
      vertex 15.9993 63.2967 0
    endloop
  endfacet
  facet normal 0.64977 -0.760131 0
    outer loop
      vertex 15.7284 63.0853 0
      vertex 15.8572 63.1954 3
      vertex 15.7284 63.0853 3
    endloop
  endfacet
  facet normal 0.64977 -0.760131 0
    outer loop
      vertex 15.8572 63.1954 3
      vertex 15.7284 63.0853 0
      vertex 15.8572 63.1954 0
    endloop
  endfacet
  facet normal -0.934942 -0.354802 0
    outer loop
      vertex 15.7284 63.0853 0
      vertex 15.6777 63.2189 3
      vertex 15.6777 63.2189 0
    endloop
  endfacet
  facet normal -0.934942 -0.354802 0
    outer loop
      vertex 15.6777 63.2189 3
      vertex 15.7284 63.0853 0
      vertex 15.7284 63.0853 3
    endloop
  endfacet
  facet normal -0.900753 -0.434332 0
    outer loop
      vertex 15.6777 63.2189 0
      vertex 15.6019 63.3761 3
      vertex 15.6019 63.3761 0
    endloop
  endfacet
  facet normal -0.900753 -0.434332 0
    outer loop
      vertex 15.6019 63.3761 3
      vertex 15.6777 63.2189 0
      vertex 15.6777 63.2189 3
    endloop
  endfacet
  facet normal -0.859359 -0.511373 0
    outer loop
      vertex 15.6019 63.3761 0
      vertex 15.5127 63.526 3
      vertex 15.5127 63.526 0
    endloop
  endfacet
  facet normal -0.859359 -0.511373 0
    outer loop
      vertex 15.5127 63.526 3
      vertex 15.6019 63.3761 0
      vertex 15.6019 63.3761 3
    endloop
  endfacet
  facet normal -0.811404 -0.584486 0
    outer loop
      vertex 15.5127 63.526 0
      vertex 15.4107 63.6676 3
      vertex 15.4107 63.6676 0
    endloop
  endfacet
  facet normal -0.811404 -0.584486 0
    outer loop
      vertex 15.4107 63.6676 3
      vertex 15.5127 63.526 0
      vertex 15.5127 63.526 3
    endloop
  endfacet
  facet normal -0.757596 -0.652724 0
    outer loop
      vertex 15.4107 63.6676 0
      vertex 15.2968 63.7998 3
      vertex 15.2968 63.7998 0
    endloop
  endfacet
  facet normal -0.757596 -0.652724 0
    outer loop
      vertex 15.2968 63.7998 3
      vertex 15.4107 63.6676 0
      vertex 15.4107 63.6676 3
    endloop
  endfacet
  facet normal -0.697586 -0.716501 0
    outer loop
      vertex 15.1718 63.9215 0
      vertex 15.2968 63.7998 3
      vertex 15.1718 63.9215 3
    endloop
  endfacet
  facet normal -0.697586 -0.716501 -0
    outer loop
      vertex 15.2968 63.7998 3
      vertex 15.1718 63.9215 0
      vertex 15.2968 63.7998 0
    endloop
  endfacet
  facet normal -0.632769 -0.77434 0
    outer loop
      vertex 15.0367 64.0319 0
      vertex 15.1718 63.9215 3
      vertex 15.0367 64.0319 3
    endloop
  endfacet
  facet normal -0.632769 -0.77434 -0
    outer loop
      vertex 15.1718 63.9215 3
      vertex 15.0367 64.0319 0
      vertex 15.1718 63.9215 0
    endloop
  endfacet
  facet normal -0.562874 -0.826543 0
    outer loop
      vertex 14.8925 64.1301 0
      vertex 15.0367 64.0319 3
      vertex 14.8925 64.1301 3
    endloop
  endfacet
  facet normal -0.562874 -0.826543 -0
    outer loop
      vertex 15.0367 64.0319 3
      vertex 14.8925 64.1301 0
      vertex 15.0367 64.0319 0
    endloop
  endfacet
  facet normal -0.488219 -0.872721 0
    outer loop
      vertex 14.7402 64.2153 0
      vertex 14.8925 64.1301 3
      vertex 14.7402 64.2153 3
    endloop
  endfacet
  facet normal -0.488219 -0.872721 -0
    outer loop
      vertex 14.8925 64.1301 3
      vertex 14.7402 64.2153 0
      vertex 14.8925 64.1301 0
    endloop
  endfacet
  facet normal -0.410389 -0.911911 0
    outer loop
      vertex 14.5811 64.2869 0
      vertex 14.7402 64.2153 3
      vertex 14.5811 64.2869 3
    endloop
  endfacet
  facet normal -0.410389 -0.911911 -0
    outer loop
      vertex 14.7402 64.2153 3
      vertex 14.5811 64.2869 0
      vertex 14.7402 64.2153 0
    endloop
  endfacet
  facet normal -0.330121 -0.943939 0
    outer loop
      vertex 14.4164 64.3445 0
      vertex 14.5811 64.2869 3
      vertex 14.4164 64.3445 3
    endloop
  endfacet
  facet normal -0.330121 -0.943939 -0
    outer loop
      vertex 14.5811 64.2869 3
      vertex 14.4164 64.3445 0
      vertex 14.5811 64.2869 0
    endloop
  endfacet
  facet normal -0.239482 -0.970901 0
    outer loop
      vertex 14.2218 64.3925 0
      vertex 14.4164 64.3445 3
      vertex 14.2218 64.3925 3
    endloop
  endfacet
  facet normal -0.239482 -0.970901 -0
    outer loop
      vertex 14.4164 64.3445 3
      vertex 14.2218 64.3925 0
      vertex 14.4164 64.3445 0
    endloop
  endfacet
  facet normal -0.190817 -0.981626 0
    outer loop
      vertex 10.9356 65.0313 0
      vertex 14.2218 64.3925 3
      vertex 10.9356 65.0313 3
    endloop
  endfacet
  facet normal -0.190817 -0.981626 -0
    outer loop
      vertex 14.2218 64.3925 3
      vertex 10.9356 65.0313 0
      vertex 14.2218 64.3925 0
    endloop
  endfacet
  facet normal -0.165173 -0.986265 0
    outer loop
      vertex 10.8323 65.0486 0
      vertex 10.9356 65.0313 3
      vertex 10.8323 65.0486 3
    endloop
  endfacet
  facet normal -0.165173 -0.986265 -0
    outer loop
      vertex 10.9356 65.0313 3
      vertex 10.8323 65.0486 0
      vertex 10.9356 65.0313 0
    endloop
  endfacet
  facet normal -0.139168 -0.990269 0
    outer loop
      vertex 7.51712 65.5145 0
      vertex 10.8323 65.0486 3
      vertex 7.51712 65.5145 3
    endloop
  endfacet
  facet normal -0.139168 -0.990269 -0
    outer loop
      vertex 10.8323 65.0486 3
      vertex 7.51712 65.5145 0
      vertex 10.8323 65.0486 0
    endloop
  endfacet
  facet normal -0.112706 -0.993628 0
    outer loop
      vertex 7.41309 65.5263 0
      vertex 7.51712 65.5145 3
      vertex 7.41309 65.5263 3
    endloop
  endfacet
  facet normal -0.112706 -0.993628 -0
    outer loop
      vertex 7.51712 65.5145 3
      vertex 7.41309 65.5263 0
      vertex 7.51712 65.5145 0
    endloop
  endfacet
  facet normal -0.0871625 -0.996194 0
    outer loop
      vertex 4.07806 65.8181 0
      vertex 7.41309 65.5263 3
      vertex 4.07806 65.8181 3
    endloop
  endfacet
  facet normal -0.0871625 -0.996194 -0
    outer loop
      vertex 7.41309 65.5263 3
      vertex 4.07806 65.8181 0
      vertex 7.41309 65.5263 0
    endloop
  endfacet
  facet normal -0.0611178 -0.998131 0
    outer loop
      vertex 3.97354 65.8245 0
      vertex 4.07806 65.8181 3
      vertex 3.97354 65.8245 3
    endloop
  endfacet
  facet normal -0.0611178 -0.998131 -0
    outer loop
      vertex 4.07806 65.8181 3
      vertex 3.97354 65.8245 0
      vertex 4.07806 65.8181 0
    endloop
  endfacet
  facet normal -0.0348889 -0.999391 0
    outer loop
      vertex 0.627808 65.9413 0
      vertex 3.97354 65.8245 3
      vertex 0.627808 65.9413 3
    endloop
  endfacet
  facet normal -0.0348889 -0.999391 -0
    outer loop
      vertex 3.97354 65.8245 3
      vertex 0.627808 65.9413 0
      vertex 3.97354 65.8245 0
    endloop
  endfacet
  facet normal -0.00859518 -0.999963 0
    outer loop
      vertex 0.523102 65.9422 0
      vertex 0.627808 65.9413 3
      vertex 0.523102 65.9422 3
    endloop
  endfacet
  facet normal -0.00859518 -0.999963 -0
    outer loop
      vertex 0.627808 65.9413 3
      vertex 0.523102 65.9422 0
      vertex 0.627808 65.9413 0
    endloop
  endfacet
  facet normal 0.0174445 -0.999848 0
    outer loop
      vertex -2.82414 65.8838 0
      vertex 0.523102 65.9422 3
      vertex -2.82414 65.8838 3
    endloop
  endfacet
  facet normal 0.0174445 -0.999848 0
    outer loop
      vertex 0.523102 65.9422 3
      vertex -2.82414 65.8838 0
      vertex 0.523102 65.9422 0
    endloop
  endfacet
  facet normal 0.0429813 -0.999076 0
    outer loop
      vertex -2.92874 65.8793 0
      vertex -2.82414 65.8838 3
      vertex -2.92874 65.8793 3
    endloop
  endfacet
  facet normal 0.0429813 -0.999076 0
    outer loop
      vertex -2.82414 65.8838 3
      vertex -2.92874 65.8793 0
      vertex -2.82414 65.8838 0
    endloop
  endfacet
  facet normal 0.0697776 -0.997563 0
    outer loop
      vertex -6.26836 65.6457 0
      vertex -2.92874 65.8793 3
      vertex -6.26836 65.6457 3
    endloop
  endfacet
  facet normal 0.0697776 -0.997563 0
    outer loop
      vertex -2.92874 65.8793 3
      vertex -6.26836 65.6457 0
      vertex -2.92874 65.8793 0
    endloop
  endfacet
  facet normal 0.0955031 -0.995429 0
    outer loop
      vertex -6.37259 65.6357 0
      vertex -6.26836 65.6457 3
      vertex -6.37259 65.6357 3
    endloop
  endfacet
  facet normal 0.0955031 -0.995429 0
    outer loop
      vertex -6.26836 65.6457 3
      vertex -6.37259 65.6357 0
      vertex -6.26836 65.6457 0
    endloop
  endfacet
  facet normal 0.121872 -0.992546 0
    outer loop
      vertex -9.6954 65.2277 0
      vertex -6.37259 65.6357 3
      vertex -9.6954 65.2277 3
    endloop
  endfacet
  facet normal 0.121872 -0.992546 0
    outer loop
      vertex -6.37259 65.6357 3
      vertex -9.6954 65.2277 0
      vertex -6.37259 65.6357 0
    endloop
  endfacet
  facet normal 0.148009 -0.988986 0
    outer loop
      vertex -9.79897 65.2122 0
      vertex -9.6954 65.2277 3
      vertex -9.79897 65.2122 3
    endloop
  endfacet
  facet normal 0.148009 -0.988986 0
    outer loop
      vertex -9.6954 65.2277 3
      vertex -9.79897 65.2122 0
      vertex -9.6954 65.2277 0
    endloop
  endfacet
  facet normal 0.173637 -0.98481 0
    outer loop
      vertex -13.0959 64.6309 0
      vertex -9.79897 65.2122 3
      vertex -13.0959 64.6309 3
    endloop
  endfacet
  facet normal 0.173637 -0.98481 0
    outer loop
      vertex -9.79897 65.2122 3
      vertex -13.0959 64.6309 0
      vertex -9.79897 65.2122 0
    endloop
  endfacet
  facet normal 0.199604 -0.979877 0
    outer loop
      vertex -13.1985 64.61 0
      vertex -13.0959 64.6309 3
      vertex -13.1985 64.61 3
    endloop
  endfacet
  facet normal 0.199604 -0.979877 0
    outer loop
      vertex -13.0959 64.6309 3
      vertex -13.1985 64.61 0
      vertex -13.0959 64.6309 0
    endloop
  endfacet
  facet normal 0.22496 -0.974368 0
    outer loop
      vertex -16.4604 63.8569 0
      vertex -13.1985 64.61 3
      vertex -16.4604 63.8569 3
    endloop
  endfacet
  facet normal 0.22496 -0.974368 0
    outer loop
      vertex -13.1985 64.61 3
      vertex -16.4604 63.8569 0
      vertex -13.1985 64.61 0
    endloop
  endfacet
  facet normal 0.263705 -0.964603 0
    outer loop
      vertex -16.4743 63.8531 0
      vertex -16.4604 63.8569 3
      vertex -16.4743 63.8531 3
    endloop
  endfacet
  facet normal 0.263705 -0.964603 0
    outer loop
      vertex -16.4604 63.8569 3
      vertex -16.4743 63.8531 0
      vertex -16.4604 63.8569 0
    endloop
  endfacet
  facet normal 0.509909 -0.860228 0
    outer loop
      vertex -17.0998 63.5855 0
      vertex -17.0777 63.5986 3
      vertex -17.0998 63.5855 3
    endloop
  endfacet
  facet normal 0.509909 -0.860228 0
    outer loop
      vertex -17.0777 63.5986 3
      vertex -17.0998 63.5855 0
      vertex -17.0777 63.5986 0
    endloop
  endfacet
  facet normal 0.580479 -0.814275 0
    outer loop
      vertex -17.2419 63.4842 0
      vertex -17.0998 63.5855 3
      vertex -17.2419 63.4842 3
    endloop
  endfacet
  facet normal 0.580479 -0.814275 0
    outer loop
      vertex -17.0998 63.5855 3
      vertex -17.2419 63.4842 0
      vertex -17.0998 63.5855 0
    endloop
  endfacet
  facet normal 0.64961 -0.760267 0
    outer loop
      vertex -17.3745 63.3709 0
      vertex -17.2419 63.4842 3
      vertex -17.3745 63.3709 3
    endloop
  endfacet
  facet normal 0.64961 -0.760267 0
    outer loop
      vertex -17.2419 63.4842 3
      vertex -17.3745 63.3709 0
      vertex -17.2419 63.4842 0
    endloop
  endfacet
  facet normal 0.713382 -0.700776 0
    outer loop
      vertex -17.4968 63.2464 3
      vertex -17.3745 63.3709 0
      vertex -17.3745 63.3709 3
    endloop
  endfacet
  facet normal 0.713382 -0.700776 0
    outer loop
      vertex -17.3745 63.3709 0
      vertex -17.4968 63.2464 3
      vertex -17.4968 63.2464 0
    endloop
  endfacet
  facet normal 0.7715 -0.636229 0
    outer loop
      vertex -17.6078 63.1118 3
      vertex -17.4968 63.2464 0
      vertex -17.4968 63.2464 3
    endloop
  endfacet
  facet normal 0.7715 -0.636229 0
    outer loop
      vertex -17.4968 63.2464 0
      vertex -17.6078 63.1118 3
      vertex -17.6078 63.1118 0
    endloop
  endfacet
  facet normal 0.824209 -0.566286 0
    outer loop
      vertex -17.7066 62.968 3
      vertex -17.6078 63.1118 0
      vertex -17.6078 63.1118 3
    endloop
  endfacet
  facet normal 0.824209 -0.566286 0
    outer loop
      vertex -17.6078 63.1118 0
      vertex -17.7066 62.968 3
      vertex -17.7066 62.968 0
    endloop
  endfacet
  facet normal 0.870071 -0.492926 0
    outer loop
      vertex -17.7926 62.8162 3
      vertex -17.7066 62.968 0
      vertex -17.7066 62.968 3
    endloop
  endfacet
  facet normal 0.870071 -0.492926 0
    outer loop
      vertex -17.7066 62.968 0
      vertex -17.7926 62.8162 3
      vertex -17.7926 62.8162 0
    endloop
  endfacet
  facet normal 0.910111 -0.414364 0
    outer loop
      vertex -17.8649 62.6574 3
      vertex -17.7926 62.8162 0
      vertex -17.7926 62.8162 3
    endloop
  endfacet
  facet normal 0.910111 -0.414364 0
    outer loop
      vertex -17.7926 62.8162 0
      vertex -17.8649 62.6574 3
      vertex -17.8649 62.6574 0
    endloop
  endfacet
  facet normal 0.942554 -0.334055 0
    outer loop
      vertex -17.9215 62.4977 3
      vertex -17.8649 62.6574 0
      vertex -17.8649 62.6574 3
    endloop
  endfacet
  facet normal 0.942554 -0.334055 0
    outer loop
      vertex -17.8649 62.6574 0
      vertex -17.9215 62.4977 3
      vertex -17.9215 62.4977 0
    endloop
  endfacet
  facet normal -0.632514 -0.774549 0
    outer loop
      vertex -18.0322 62.5881 0
      vertex -17.9215 62.4977 3
      vertex -18.0322 62.5881 3
    endloop
  endfacet
  facet normal -0.632514 -0.774549 -0
    outer loop
      vertex -17.9215 62.4977 3
      vertex -18.0322 62.5881 0
      vertex -17.9215 62.4977 0
    endloop
  endfacet
  facet normal -0.562483 -0.826809 0
    outer loop
      vertex -18.1764 62.6862 0
      vertex -18.0322 62.5881 3
      vertex -18.1764 62.6862 3
    endloop
  endfacet
  facet normal -0.562483 -0.826809 -0
    outer loop
      vertex -18.0322 62.5881 3
      vertex -18.1764 62.6862 0
      vertex -18.0322 62.5881 0
    endloop
  endfacet
  facet normal -0.4889 -0.87234 0
    outer loop
      vertex -18.3286 62.7715 0
      vertex -18.1764 62.6862 3
      vertex -18.3286 62.7715 3
    endloop
  endfacet
  facet normal -0.4889 -0.87234 -0
    outer loop
      vertex -18.1764 62.6862 3
      vertex -18.3286 62.7715 0
      vertex -18.1764 62.6862 0
    endloop
  endfacet
  facet normal -0.410389 -0.911911 0
    outer loop
      vertex -18.4877 62.8431 0
      vertex -18.3286 62.7715 3
      vertex -18.4877 62.8431 3
    endloop
  endfacet
  facet normal -0.410389 -0.911911 -0
    outer loop
      vertex -18.3286 62.7715 3
      vertex -18.4877 62.8431 0
      vertex -18.3286 62.7715 0
    endloop
  endfacet
  facet normal -0.329432 -0.944179 0
    outer loop
      vertex -18.6525 62.9006 0
      vertex -18.4877 62.8431 3
      vertex -18.6525 62.9006 3
    endloop
  endfacet
  facet normal -0.329432 -0.944179 -0
    outer loop
      vertex -18.4877 62.8431 3
      vertex -18.6525 62.9006 0
      vertex -18.4877 62.8431 0
    endloop
  endfacet
  facet normal -0.246444 -0.969157 0
    outer loop
      vertex -18.8216 62.9436 0
      vertex -18.6525 62.9006 3
      vertex -18.8216 62.9436 3
    endloop
  endfacet
  facet normal -0.246444 -0.969157 -0
    outer loop
      vertex -18.6525 62.9006 3
      vertex -18.8216 62.9436 0
      vertex -18.6525 62.9006 0
    endloop
  endfacet
  facet normal -0.160494 -0.987037 0
    outer loop
      vertex -18.9938 62.9716 0
      vertex -18.8216 62.9436 3
      vertex -18.9938 62.9716 3
    endloop
  endfacet
  facet normal -0.160494 -0.987037 -0
    outer loop
      vertex -18.8216 62.9436 3
      vertex -18.9938 62.9716 0
      vertex -18.8216 62.9436 0
    endloop
  endfacet
  facet normal -0.073935 -0.997263 0
    outer loop
      vertex -19.1678 62.9845 0
      vertex -18.9938 62.9716 3
      vertex -19.1678 62.9845 3
    endloop
  endfacet
  facet normal -0.073935 -0.997263 -0
    outer loop
      vertex -18.9938 62.9716 3
      vertex -19.1678 62.9845 0
      vertex -18.9938 62.9716 0
    endloop
  endfacet
  facet normal 0.0131869 -0.999913 0
    outer loop
      vertex -19.3422 62.9822 0
      vertex -19.1678 62.9845 3
      vertex -19.3422 62.9822 3
    endloop
  endfacet
  facet normal 0.0131869 -0.999913 0
    outer loop
      vertex -19.1678 62.9845 3
      vertex -19.3422 62.9822 0
      vertex -19.1678 62.9845 0
    endloop
  endfacet
  facet normal 0.100298 -0.994957 0
    outer loop
      vertex -19.5158 62.9647 0
      vertex -19.3422 62.9822 3
      vertex -19.5158 62.9647 3
    endloop
  endfacet
  facet normal 0.100298 -0.994957 0
    outer loop
      vertex -19.3422 62.9822 3
      vertex -19.5158 62.9647 0
      vertex -19.3422 62.9822 0
    endloop
  endfacet
  facet normal 0.186744 -0.982409 0
    outer loop
      vertex -19.6873 62.9321 0
      vertex -19.5158 62.9647 3
      vertex -19.6873 62.9321 3
    endloop
  endfacet
  facet normal 0.186744 -0.982409 0
    outer loop
      vertex -19.5158 62.9647 3
      vertex -19.6873 62.9321 0
      vertex -19.5158 62.9647 0
    endloop
  endfacet
  facet normal 0.277488 -0.960729 0
    outer loop
      vertex -19.8798 62.8765 0
      vertex -19.6873 62.9321 3
      vertex -19.8798 62.8765 3
    endloop
  endfacet
  facet normal 0.277488 -0.960729 0
    outer loop
      vertex -19.6873 62.9321 3
      vertex -19.8798 62.8765 0
      vertex -19.6873 62.9321 0
    endloop
  endfacet
  facet normal 0.325586 -0.945513 0
    outer loop
      vertex -23.0452 61.7865 0
      vertex -19.8798 62.8765 3
      vertex -23.0452 61.7865 3
    endloop
  endfacet
  facet normal 0.325586 -0.945513 0
    outer loop
      vertex -19.8798 62.8765 3
      vertex -23.0452 61.7865 0
      vertex -19.8798 62.8765 0
    endloop
  endfacet
  facet normal 0.349866 -0.9368 0
    outer loop
      vertex -23.1432 61.7499 0
      vertex -23.0452 61.7865 3
      vertex -23.1432 61.7499 3
    endloop
  endfacet
  facet normal 0.349866 -0.9368 0
    outer loop
      vertex -23.0452 61.7865 3
      vertex -23.1432 61.7499 0
      vertex -23.0452 61.7865 0
    endloop
  endfacet
  facet normal 0.374607 -0.927184 0
    outer loop
      vertex -26.2472 60.4958 0
      vertex -23.1432 61.7499 3
      vertex -26.2472 60.4958 3
    endloop
  endfacet
  facet normal 0.374607 -0.927184 0
    outer loop
      vertex -23.1432 61.7499 3
      vertex -26.2472 60.4958 0
      vertex -23.1432 61.7499 0
    endloop
  endfacet
  facet normal 0.399215 -0.916857 0
    outer loop
      vertex -26.3432 60.454 0
      vertex -26.2472 60.4958 3
      vertex -26.3432 60.454 3
    endloop
  endfacet
  facet normal 0.399215 -0.916857 0
    outer loop
      vertex -26.2472 60.4958 3
      vertex -26.3432 60.454 0
      vertex -26.2472 60.4958 0
    endloop
  endfacet
  facet normal 0.422612 -0.906311 0
    outer loop
      vertex -29.3773 59.0392 0
      vertex -26.3432 60.454 3
      vertex -29.3773 59.0392 3
    endloop
  endfacet
  facet normal 0.422612 -0.906311 0
    outer loop
      vertex -26.3432 60.454 3
      vertex -29.3773 59.0392 0
      vertex -26.3432 60.454 0
    endloop
  endfacet
  facet normal 0.445686 -0.895189 0
    outer loop
      vertex -29.4711 58.9925 0
      vertex -29.3773 59.0392 3
      vertex -29.4711 58.9925 3
    endloop
  endfacet
  facet normal 0.445686 -0.895189 0
    outer loop
      vertex -29.3773 59.0392 3
      vertex -29.4711 58.9925 0
      vertex -29.3773 59.0392 0
    endloop
  endfacet
  facet normal 0.469476 -0.882945 0
    outer loop
      vertex -32.427 57.4208 0
      vertex -29.4711 58.9925 3
      vertex -32.427 57.4208 3
    endloop
  endfacet
  facet normal 0.469476 -0.882945 0
    outer loop
      vertex -29.4711 58.9925 3
      vertex -32.427 57.4208 0
      vertex -29.4711 58.9925 0
    endloop
  endfacet
  facet normal 0.492844 -0.870118 0
    outer loop
      vertex -32.5181 57.3692 0
      vertex -32.427 57.4208 3
      vertex -32.5181 57.3692 3
    endloop
  endfacet
  facet normal 0.492844 -0.870118 0
    outer loop
      vertex -32.427 57.4208 3
      vertex -32.5181 57.3692 0
      vertex -32.427 57.4208 0
    endloop
  endfacet
  facet normal 0.515032 -0.857171 0
    outer loop
      vertex -35.3877 55.645 0
      vertex -32.5181 57.3692 3
      vertex -35.3877 55.645 3
    endloop
  endfacet
  facet normal 0.515032 -0.857171 0
    outer loop
      vertex -32.5181 57.3692 3
      vertex -35.3877 55.645 0
      vertex -32.5181 57.3692 0
    endloop
  endfacet
  facet normal 0.537617 -0.843189 0
    outer loop
      vertex -35.476 55.5887 0
      vertex -35.3877 55.645 3
      vertex -35.476 55.5887 3
    endloop
  endfacet
  facet normal 0.537617 -0.843189 0
    outer loop
      vertex -35.3877 55.645 3
      vertex -35.476 55.5887 0
      vertex -35.3877 55.645 0
    endloop
  endfacet
  facet normal 0.559187 -0.829042 0
    outer loop
      vertex -38.2514 53.7167 0
      vertex -35.476 55.5887 3
      vertex -38.2514 53.7167 3
    endloop
  endfacet
  facet normal 0.559187 -0.829042 0
    outer loop
      vertex -35.476 55.5887 3
      vertex -38.2514 53.7167 0
      vertex -35.476 55.5887 0
    endloop
  endfacet
  facet normal 0.580425 -0.814314 0
    outer loop
      vertex -38.3367 53.6559 0
      vertex -38.2514 53.7167 3
      vertex -38.3367 53.6559 3
    endloop
  endfacet
  facet normal 0.580425 -0.814314 0
    outer loop
      vertex -38.2514 53.7167 3
      vertex -38.3367 53.6559 0
      vertex -38.2514 53.7167 0
    endloop
  endfacet
  facet normal 0.601834 -0.798621 0
    outer loop
      vertex -41.0103 51.6411 0
      vertex -38.3367 53.6559 3
      vertex -41.0103 51.6411 3
    endloop
  endfacet
  facet normal 0.601834 -0.798621 0
    outer loop
      vertex -38.3367 53.6559 3
      vertex -41.0103 51.6411 0
      vertex -38.3367 53.6559 0
    endloop
  endfacet
  facet normal 0.621779 -0.783193 0
    outer loop
      vertex -41.0923 51.576 0
      vertex -41.0103 51.6411 3
      vertex -41.0923 51.576 3
    endloop
  endfacet
  facet normal 0.621779 -0.783193 0
    outer loop
      vertex -41.0103 51.6411 3
      vertex -41.0923 51.576 0
      vertex -41.0103 51.6411 0
    endloop
  endfacet
  facet normal 0.64281 -0.766025 0
    outer loop
      vertex -43.6568 49.424 0
      vertex -41.0923 51.576 3
      vertex -43.6568 49.424 3
    endloop
  endfacet
  facet normal 0.64281 -0.766025 0
    outer loop
      vertex -41.0923 51.576 3
      vertex -43.6568 49.424 0
      vertex -41.0923 51.576 0
    endloop
  endfacet
  facet normal 0.662285 -0.749252 0
    outer loop
      vertex -43.7352 49.3547 0
      vertex -43.6568 49.424 3
      vertex -43.7352 49.3547 3
    endloop
  endfacet
  facet normal 0.662285 -0.749252 0
    outer loop
      vertex -43.6568 49.424 3
      vertex -43.7352 49.3547 0
      vertex -43.6568 49.424 0
    endloop
  endfacet
  facet normal 0.682003 -0.731349 0
    outer loop
      vertex -46.1836 47.0715 0
      vertex -43.7352 49.3547 3
      vertex -46.1836 47.0715 3
    endloop
  endfacet
  facet normal 0.682003 -0.731349 0
    outer loop
      vertex -43.7352 49.3547 3
      vertex -46.1836 47.0715 0
      vertex -43.7352 49.3547 0
    endloop
  endfacet
  facet normal 0.7131 -0.701062 0
    outer loop
      vertex -46.3059 46.9471 3
      vertex -46.1836 47.0715 0
      vertex -46.1836 47.0715 3
    endloop
  endfacet
  facet normal 0.7131 -0.701062 0
    outer loop
      vertex -46.1836 47.0715 0
      vertex -46.3059 46.9471 3
      vertex -46.3059 46.9471 0
    endloop
  endfacet
  facet normal 0.771732 -0.635948 0
    outer loop
      vertex -46.4169 46.8124 3
      vertex -46.3059 46.9471 0
      vertex -46.3059 46.9471 3
    endloop
  endfacet
  facet normal 0.771732 -0.635948 0
    outer loop
      vertex -46.3059 46.9471 0
      vertex -46.4169 46.8124 3
      vertex -46.4169 46.8124 0
    endloop
  endfacet
  facet normal 0.824209 -0.566286 0
    outer loop
      vertex -46.5157 46.6686 3
      vertex -46.4169 46.8124 0
      vertex -46.4169 46.8124 3
    endloop
  endfacet
  facet normal 0.824209 -0.566286 0
    outer loop
      vertex -46.4169 46.8124 0
      vertex -46.5157 46.6686 3
      vertex -46.5157 46.6686 0
    endloop
  endfacet
  facet normal 0.870317 -0.492492 0
    outer loop
      vertex -46.6016 46.5168 3
      vertex -46.5157 46.6686 0
      vertex -46.5157 46.6686 3
    endloop
  endfacet
  facet normal 0.870317 -0.492492 0
    outer loop
      vertex -46.5157 46.6686 0
      vertex -46.6016 46.5168 3
      vertex -46.6016 46.5168 0
    endloop
  endfacet
  facet normal 0.909895 -0.414839 0
    outer loop
      vertex -46.674 46.358 3
      vertex -46.6016 46.5168 0
      vertex -46.6016 46.5168 3
    endloop
  endfacet
  facet normal 0.909895 -0.414839 0
    outer loop
      vertex -46.6016 46.5168 0
      vertex -46.674 46.358 3
      vertex -46.674 46.358 0
    endloop
  endfacet
  facet normal 0.942736 -0.333539 0
    outer loop
      vertex -46.7322 46.1935 3
      vertex -46.674 46.358 0
      vertex -46.674 46.358 3
    endloop
  endfacet
  facet normal 0.942736 -0.333539 0
    outer loop
      vertex -46.674 46.358 0
      vertex -46.7322 46.1935 3
      vertex -46.7322 46.1935 0
    endloop
  endfacet
  facet normal 0.968121 -0.250485 0
    outer loop
      vertex -46.7759 46.0246 3
      vertex -46.7322 46.1935 0
      vertex -46.7322 46.1935 3
    endloop
  endfacet
  facet normal 0.968121 -0.250485 0
    outer loop
      vertex -46.7322 46.1935 0
      vertex -46.7759 46.0246 3
      vertex -46.7759 46.0246 0
    endloop
  endfacet
  facet normal 0.986285 -0.165049 0
    outer loop
      vertex -46.8047 45.8525 3
      vertex -46.7759 46.0246 0
      vertex -46.7759 46.0246 3
    endloop
  endfacet
  facet normal 0.986285 -0.165049 0
    outer loop
      vertex -46.7759 46.0246 0
      vertex -46.8047 45.8525 3
      vertex -46.8047 45.8525 0
    endloop
  endfacet
  facet normal 0.996911 -0.0785376 0
    outer loop
      vertex -46.8184 45.6786 3
      vertex -46.8047 45.8525 0
      vertex -46.8047 45.8525 3
    endloop
  endfacet
  facet normal 0.996911 -0.0785376 0
    outer loop
      vertex -46.8047 45.8525 0
      vertex -46.8184 45.6786 3
      vertex -46.8184 45.6786 0
    endloop
  endfacet
  facet normal 0.999963 0.00859567 0
    outer loop
      vertex -46.8169 45.5041 3
      vertex -46.8184 45.6786 0
      vertex -46.8184 45.6786 3
    endloop
  endfacet
  facet normal 0.999963 0.00859567 0
    outer loop
      vertex -46.8184 45.6786 0
      vertex -46.8169 45.5041 3
      vertex -46.8169 45.5041 0
    endloop
  endfacet
  facet normal 0.99541 0.0957015 0
    outer loop
      vertex -46.8002 45.3304 3
      vertex -46.8169 45.5041 0
      vertex -46.8169 45.5041 3
    endloop
  endfacet
  facet normal 0.99541 0.0957015 0
    outer loop
      vertex -46.8169 45.5041 0
      vertex -46.8002 45.3304 3
      vertex -46.8002 45.3304 0
    endloop
  endfacet
  facet normal 0.983231 0.182364 0
    outer loop
      vertex -46.7693 45.1638 3
      vertex -46.8002 45.3304 0
      vertex -46.8002 45.3304 3
    endloop
  endfacet
  facet normal 0.983231 0.182364 0
    outer loop
      vertex -46.8002 45.3304 0
      vertex -46.7693 45.1638 3
      vertex -46.7693 45.1638 0
    endloop
  endfacet
  facet normal -0.160993 -0.986956 0
    outer loop
      vertex -46.9103 45.1868 0
      vertex -46.7693 45.1638 3
      vertex -46.9103 45.1868 3
    endloop
  endfacet
  facet normal -0.160993 -0.986956 -0
    outer loop
      vertex -46.7693 45.1638 3
      vertex -46.9103 45.1868 0
      vertex -46.7693 45.1638 0
    endloop
  endfacet
  facet normal -0.0738928 -0.997266 0
    outer loop
      vertex -47.0844 45.1997 0
      vertex -46.9103 45.1868 3
      vertex -47.0844 45.1997 3
    endloop
  endfacet
  facet normal -0.0738928 -0.997266 -0
    outer loop
      vertex -46.9103 45.1868 3
      vertex -47.0844 45.1997 0
      vertex -46.9103 45.1868 0
    endloop
  endfacet
  facet normal 0.0131869 -0.999913 0
    outer loop
      vertex -47.2588 45.1974 0
      vertex -47.0844 45.1997 3
      vertex -47.2588 45.1974 3
    endloop
  endfacet
  facet normal 0.0131869 -0.999913 0
    outer loop
      vertex -47.0844 45.1997 3
      vertex -47.2588 45.1974 0
      vertex -47.0844 45.1997 0
    endloop
  endfacet
  facet normal 0.100298 -0.994957 0
    outer loop
      vertex -47.4324 45.1799 0
      vertex -47.2588 45.1974 3
      vertex -47.4324 45.1799 3
    endloop
  endfacet
  facet normal 0.100298 -0.994957 0
    outer loop
      vertex -47.2588 45.1974 3
      vertex -47.4324 45.1799 0
      vertex -47.2588 45.1974 0
    endloop
  endfacet
  facet normal 0.186849 -0.982389 0
    outer loop
      vertex -47.6038 45.1473 0
      vertex -47.4324 45.1799 3
      vertex -47.6038 45.1473 3
    endloop
  endfacet
  facet normal 0.186849 -0.982389 0
    outer loop
      vertex -47.4324 45.1799 3
      vertex -47.6038 45.1473 0
      vertex -47.4324 45.1799 0
    endloop
  endfacet
  facet normal 0.271692 -0.962384 0
    outer loop
      vertex -47.7717 45.0999 0
      vertex -47.6038 45.1473 3
      vertex -47.7717 45.0999 3
    endloop
  endfacet
  facet normal 0.271692 -0.962384 0
    outer loop
      vertex -47.6038 45.1473 3
      vertex -47.7717 45.0999 0
      vertex -47.6038 45.1473 0
    endloop
  endfacet
  facet normal 0.354136 -0.935194 0
    outer loop
      vertex -47.9349 45.0381 0
      vertex -47.7717 45.0999 3
      vertex -47.9349 45.0381 3
    endloop
  endfacet
  facet normal 0.354136 -0.935194 0
    outer loop
      vertex -47.7717 45.0999 3
      vertex -47.9349 45.0381 0
      vertex -47.7717 45.0999 0
    endloop
  endfacet
  facet normal 0.434557 -0.900644 0
    outer loop
      vertex -48.092 44.9623 0
      vertex -47.9349 45.0381 3
      vertex -48.092 44.9623 3
    endloop
  endfacet
  facet normal 0.434557 -0.900644 0
    outer loop
      vertex -47.9349 45.0381 3
      vertex -48.092 44.9623 0
      vertex -47.9349 45.0381 0
    endloop
  endfacet
  facet normal 0.511121 -0.859509 0
    outer loop
      vertex -48.242 44.8731 0
      vertex -48.092 44.9623 3
      vertex -48.242 44.8731 3
    endloop
  endfacet
  facet normal 0.511121 -0.859509 0
    outer loop
      vertex -48.092 44.9623 3
      vertex -48.242 44.8731 0
      vertex -48.092 44.9623 0
    endloop
  endfacet
  facet normal 0.584486 -0.811404 0
    outer loop
      vertex -48.3836 44.7711 0
      vertex -48.242 44.8731 3
      vertex -48.3836 44.7711 3
    endloop
  endfacet
  facet normal 0.584486 -0.811404 0
    outer loop
      vertex -48.242 44.8731 3
      vertex -48.3836 44.7711 0
      vertex -48.242 44.8731 0
    endloop
  endfacet
  facet normal 0.653008 -0.757351 0
    outer loop
      vertex -48.5157 44.6572 0
      vertex -48.3836 44.7711 3
      vertex -48.5157 44.6572 3
    endloop
  endfacet
  facet normal 0.653008 -0.757351 0
    outer loop
      vertex -48.3836 44.7711 3
      vertex -48.5157 44.6572 0
      vertex -48.3836 44.7711 0
    endloop
  endfacet
  facet normal 0.720939 -0.692999 0
    outer loop
      vertex -48.6546 44.5127 3
      vertex -48.5157 44.6572 0
      vertex -48.5157 44.6572 3
    endloop
  endfacet
  facet normal 0.720939 -0.692999 0
    outer loop
      vertex -48.5157 44.6572 0
      vertex -48.6546 44.5127 3
      vertex -48.6546 44.5127 0
    endloop
  endfacet
  facet normal 0.754701 -0.656069 0
    outer loop
      vertex -50.851 41.9861 3
      vertex -48.6546 44.5127 0
      vertex -48.6546 44.5127 3
    endloop
  endfacet
  facet normal 0.754701 -0.656069 0
    outer loop
      vertex -48.6546 44.5127 0
      vertex -50.851 41.9861 3
      vertex -50.851 41.9861 0
    endloop
  endfacet
  facet normal 0.772123 -0.635473 0
    outer loop
      vertex -50.9175 41.9053 3
      vertex -50.851 41.9861 0
      vertex -50.851 41.9861 3
    endloop
  endfacet
  facet normal 0.772123 -0.635473 0
    outer loop
      vertex -50.851 41.9861 0
      vertex -50.9175 41.9053 3
      vertex -50.9175 41.9053 0
    endloop
  endfacet
  facet normal 0.788001 -0.615674 0
    outer loop
      vertex -52.9786 39.2673 3
      vertex -50.9175 41.9053 0
      vertex -50.9175 41.9053 3
    endloop
  endfacet
  facet normal 0.788001 -0.615674 0
    outer loop
      vertex -50.9175 41.9053 0
      vertex -52.9786 39.2673 3
      vertex -52.9786 39.2673 0
    endloop
  endfacet
  facet normal 0.803878 -0.594794 0
    outer loop
      vertex -53.0409 39.1831 3
      vertex -52.9786 39.2673 0
      vertex -52.9786 39.2673 3
    endloop
  endfacet
  facet normal 0.803878 -0.594794 0
    outer loop
      vertex -52.9786 39.2673 0
      vertex -53.0409 39.1831 3
      vertex -53.0409 39.1831 0
    endloop
  endfacet
  facet normal 0.819149 -0.573581 0
    outer loop
      vertex -54.9611 36.4408 3
      vertex -53.0409 39.1831 0
      vertex -53.0409 39.1831 3
    endloop
  endfacet
  facet normal 0.819149 -0.573581 0
    outer loop
      vertex -53.0409 39.1831 0
      vertex -54.9611 36.4408 3
      vertex -54.9611 36.4408 0
    endloop
  endfacet
  facet normal 0.8341 -0.551613 0
    outer loop
      vertex -55.0189 36.3534 3
      vertex -54.9611 36.4408 0
      vertex -54.9611 36.4408 3
    endloop
  endfacet
  facet normal 0.8341 -0.551613 0
    outer loop
      vertex -54.9611 36.4408 0
      vertex -55.0189 36.3534 3
      vertex -55.0189 36.3534 0
    endloop
  endfacet
  facet normal 0.848035 -0.52994 0
    outer loop
      vertex -56.793 33.5144 3
      vertex -55.0189 36.3534 0
      vertex -55.0189 36.3534 3
    endloop
  endfacet
  facet normal 0.848035 -0.52994 0
    outer loop
      vertex -55.0189 36.3534 0
      vertex -56.793 33.5144 3
      vertex -56.793 33.5144 0
    endloop
  endfacet
  facet normal 0.862008 -0.506895 0
    outer loop
      vertex -56.8461 33.4241 3
      vertex -56.793 33.5144 0
      vertex -56.793 33.5144 3
    endloop
  endfacet
  facet normal 0.862008 -0.506895 0
    outer loop
      vertex -56.793 33.5144 0
      vertex -56.8461 33.4241 3
      vertex -56.8461 33.4241 0
    endloop
  endfacet
  facet normal 0.874622 -0.484806 0
    outer loop
      vertex -58.4691 30.4961 3
      vertex -56.8461 33.4241 0
      vertex -56.8461 33.4241 3
    endloop
  endfacet
  facet normal 0.874622 -0.484806 0
    outer loop
      vertex -56.8461 33.4241 0
      vertex -58.4691 30.4961 3
      vertex -58.4691 30.4961 0
    endloop
  endfacet
  facet normal 0.886653 -0.462435 0
    outer loop
      vertex -58.5175 30.4033 3
      vertex -58.4691 30.4961 0
      vertex -58.4691 30.4961 3
    endloop
  endfacet
  facet normal 0.886653 -0.462435 0
    outer loop
      vertex -58.4691 30.4961 0
      vertex -58.5175 30.4033 3
      vertex -58.5175 30.4033 0
    endloop
  endfacet
  facet normal 0.898793 -0.438374 0
    outer loop
      vertex -59.9851 27.3943 3
      vertex -58.5175 30.4033 0
      vertex -58.5175 30.4033 3
    endloop
  endfacet
  facet normal 0.898793 -0.438374 0
    outer loop
      vertex -58.5175 30.4033 0
      vertex -59.9851 27.3943 3
      vertex -59.9851 27.3943 0
    endloop
  endfacet
  facet normal 0.910072 -0.41445 0
    outer loop
      vertex -60.0285 27.299 3
      vertex -59.9851 27.3943 0
      vertex -59.9851 27.3943 3
    endloop
  endfacet
  facet normal 0.910072 -0.41445 0
    outer loop
      vertex -59.9851 27.3943 0
      vertex -60.0285 27.299 3
      vertex -60.0285 27.299 0
    endloop
  endfacet
  facet normal 0.920501 -0.390741 0
    outer loop
      vertex -61.3366 24.2174 3
      vertex -60.0285 27.299 0
      vertex -60.0285 27.299 3
    endloop
  endfacet
  facet normal 0.920501 -0.390741 0
    outer loop
      vertex -60.0285 27.299 0
      vertex -61.3366 24.2174 3
      vertex -61.3366 24.2174 0
    endloop
  endfacet
  facet normal 0.930635 -0.365948 0
    outer loop
      vertex -61.3749 24.12 3
      vertex -61.3366 24.2174 0
      vertex -61.3366 24.2174 3
    endloop
  endfacet
  facet normal 0.930635 -0.365948 0
    outer loop
      vertex -61.3366 24.2174 0
      vertex -61.3749 24.12 3
      vertex -61.3749 24.12 0
    endloop
  endfacet
  facet normal 0.939694 -0.342016 0
    outer loop
      vertex -62.5199 20.9741 3
      vertex -61.3749 24.12 0
      vertex -61.3749 24.12 3
    endloop
  endfacet
  facet normal 0.939694 -0.342016 0
    outer loop
      vertex -61.3749 24.12 0
      vertex -62.5199 20.9741 3
      vertex -62.5199 20.9741 0
    endloop
  endfacet
  facet normal 0.948109 -0.317946 0
    outer loop
      vertex -62.5532 20.8748 3
      vertex -62.5199 20.9741 0
      vertex -62.5199 20.9741 3
    endloop
  endfacet
  facet normal 0.948109 -0.317946 0
    outer loop
      vertex -62.5199 20.9741 0
      vertex -62.5532 20.8748 3
      vertex -62.5532 20.8748 0
    endloop
  endfacet
  facet normal 0.956304 -0.292373 0
    outer loop
      vertex -63.532 17.6733 3
      vertex -62.5532 20.8748 0
      vertex -62.5532 20.8748 3
    endloop
  endfacet
  facet normal 0.956304 -0.292373 0
    outer loop
      vertex -62.5532 20.8748 0
      vertex -63.532 17.6733 3
      vertex -63.532 17.6733 0
    endloop
  endfacet
  facet normal 0.968259 -0.249947 0
    outer loop
      vertex -63.5756 17.5044 3
      vertex -63.532 17.6733 0
      vertex -63.532 17.6733 3
    endloop
  endfacet
  facet normal 0.968259 -0.249947 0
    outer loop
      vertex -63.532 17.6733 0
      vertex -63.5756 17.5044 3
      vertex -63.5756 17.5044 0
    endloop
  endfacet
  facet normal 0.986285 -0.165049 0
    outer loop
      vertex -63.6044 17.3323 3
      vertex -63.5756 17.5044 0
      vertex -63.5756 17.5044 3
    endloop
  endfacet
  facet normal 0.986285 -0.165049 0
    outer loop
      vertex -63.5756 17.5044 0
      vertex -63.6044 17.3323 3
      vertex -63.6044 17.3323 0
    endloop
  endfacet
  facet normal 0.996911 -0.0785376 0
    outer loop
      vertex -63.6181 17.1584 3
      vertex -63.6044 17.3323 0
      vertex -63.6044 17.3323 3
    endloop
  endfacet
  facet normal 0.996911 -0.0785376 0
    outer loop
      vertex -63.6044 17.3323 0
      vertex -63.6181 17.1584 3
      vertex -63.6181 17.1584 0
    endloop
  endfacet
  facet normal 0.999963 0.00859567 0
    outer loop
      vertex -63.6166 16.9839 3
      vertex -63.6181 17.1584 0
      vertex -63.6181 17.1584 3
    endloop
  endfacet
  facet normal 0.999963 0.00859567 0
    outer loop
      vertex -63.6181 17.1584 0
      vertex -63.6166 16.9839 3
      vertex -63.6166 16.9839 0
    endloop
  endfacet
  facet normal 0.99541 0.0957015 0
    outer loop
      vertex -63.5999 16.8102 3
      vertex -63.6166 16.9839 0
      vertex -63.6166 16.9839 3
    endloop
  endfacet
  facet normal 0.99541 0.0957015 0
    outer loop
      vertex -63.6166 16.9839 0
      vertex -63.5999 16.8102 3
      vertex -63.5999 16.8102 0
    endloop
  endfacet
  facet normal 0.98324 0.182315 0
    outer loop
      vertex -63.5681 16.6387 3
      vertex -63.5999 16.8102 0
      vertex -63.5999 16.8102 3
    endloop
  endfacet
  facet normal 0.98324 0.182315 0
    outer loop
      vertex -63.5999 16.8102 0
      vertex -63.5681 16.6387 3
      vertex -63.5681 16.6387 0
    endloop
  endfacet
  facet normal 0.963551 0.267526 0
    outer loop
      vertex -63.5214 16.4705 3
      vertex -63.5681 16.6387 0
      vertex -63.5681 16.6387 3
    endloop
  endfacet
  facet normal 0.963551 0.267526 0
    outer loop
      vertex -63.5681 16.6387 0
      vertex -63.5214 16.4705 3
      vertex -63.5214 16.4705 0
    endloop
  endfacet
  facet normal 0.936659 0.350244 0
    outer loop
      vertex -63.4603 16.3071 3
      vertex -63.5214 16.4705 0
      vertex -63.5214 16.4705 3
    endloop
  endfacet
  facet normal 0.936659 0.350244 0
    outer loop
      vertex -63.5214 16.4705 0
      vertex -63.4603 16.3071 3
      vertex -63.4603 16.3071 0
    endloop
  endfacet
  facet normal 0.902638 0.430401 0
    outer loop
      vertex -63.3852 16.1496 3
      vertex -63.4603 16.3071 0
      vertex -63.4603 16.3071 3
    endloop
  endfacet
  facet normal 0.902638 0.430401 0
    outer loop
      vertex -63.4603 16.3071 0
      vertex -63.3852 16.1496 3
      vertex -63.3852 16.1496 0
    endloop
  endfacet
  facet normal 0.861713 0.507396 0
    outer loop
      vertex -63.2967 15.9993 3
      vertex -63.3852 16.1496 0
      vertex -63.3852 16.1496 3
    endloop
  endfacet
  facet normal 0.861713 0.507396 0
    outer loop
      vertex -63.3852 16.1496 0
      vertex -63.2967 15.9993 3
      vertex -63.2967 15.9993 0
    endloop
  endfacet
  facet normal 0.814275 0.580479 0
    outer loop
      vertex -63.1954 15.8572 3
      vertex -63.2967 15.9993 0
      vertex -63.2967 15.9993 3
    endloop
  endfacet
  facet normal 0.814275 0.580479 0
    outer loop
      vertex -63.2967 15.9993 0
      vertex -63.1954 15.8572 3
      vertex -63.1954 15.8572 0
    endloop
  endfacet
  facet normal 0.760131 0.64977 0
    outer loop
      vertex -63.0853 15.7284 3
      vertex -63.1954 15.8572 0
      vertex -63.1954 15.8572 3
    endloop
  endfacet
  facet normal 0.760131 0.64977 0
    outer loop
      vertex -63.1954 15.8572 0
      vertex -63.0853 15.7284 3
      vertex -63.0853 15.7284 0
    endloop
  endfacet
  facet normal 0.354802 -0.934942 0
    outer loop
      vertex -63.2189 15.6777 0
      vertex -63.0853 15.7284 3
      vertex -63.2189 15.6777 3
    endloop
  endfacet
  facet normal 0.354802 -0.934942 0
    outer loop
      vertex -63.0853 15.7284 3
      vertex -63.2189 15.6777 0
      vertex -63.0853 15.7284 0
    endloop
  endfacet
  facet normal 0.434332 -0.900753 0
    outer loop
      vertex -63.3761 15.6019 0
      vertex -63.2189 15.6777 3
      vertex -63.3761 15.6019 3
    endloop
  endfacet
  facet normal 0.434332 -0.900753 0
    outer loop
      vertex -63.2189 15.6777 3
      vertex -63.3761 15.6019 0
      vertex -63.2189 15.6777 0
    endloop
  endfacet
  facet normal 0.511373 -0.859359 0
    outer loop
      vertex -63.526 15.5127 0
      vertex -63.3761 15.6019 3
      vertex -63.526 15.5127 3
    endloop
  endfacet
  facet normal 0.511373 -0.859359 0
    outer loop
      vertex -63.3761 15.6019 3
      vertex -63.526 15.5127 0
      vertex -63.3761 15.6019 0
    endloop
  endfacet
  facet normal 0.584486 -0.811404 0
    outer loop
      vertex -63.6676 15.4107 0
      vertex -63.526 15.5127 3
      vertex -63.6676 15.4107 3
    endloop
  endfacet
  facet normal 0.584486 -0.811404 0
    outer loop
      vertex -63.526 15.5127 3
      vertex -63.6676 15.4107 0
      vertex -63.526 15.5127 0
    endloop
  endfacet
  facet normal 0.652724 -0.757596 0
    outer loop
      vertex -63.7998 15.2968 0
      vertex -63.6676 15.4107 3
      vertex -63.7998 15.2968 3
    endloop
  endfacet
  facet normal 0.652724 -0.757596 0
    outer loop
      vertex -63.6676 15.4107 3
      vertex -63.7998 15.2968 0
      vertex -63.6676 15.4107 0
    endloop
  endfacet
  facet normal 0.716501 -0.697586 0
    outer loop
      vertex -63.9215 15.1718 3
      vertex -63.7998 15.2968 0
      vertex -63.7998 15.2968 3
    endloop
  endfacet
  facet normal 0.716501 -0.697586 0
    outer loop
      vertex -63.7998 15.2968 0
      vertex -63.9215 15.1718 3
      vertex -63.9215 15.1718 0
    endloop
  endfacet
  facet normal 0.77434 -0.632769 0
    outer loop
      vertex -64.0319 15.0367 3
      vertex -63.9215 15.1718 0
      vertex -63.9215 15.1718 3
    endloop
  endfacet
  facet normal 0.77434 -0.632769 0
    outer loop
      vertex -63.9215 15.1718 0
      vertex -64.0319 15.0367 3
      vertex -64.0319 15.0367 0
    endloop
  endfacet
  facet normal 0.826543 -0.562874 0
    outer loop
      vertex -64.1301 14.8925 3
      vertex -64.0319 15.0367 0
      vertex -64.0319 15.0367 3
    endloop
  endfacet
  facet normal 0.826543 -0.562874 0
    outer loop
      vertex -64.0319 15.0367 0
      vertex -64.1301 14.8925 3
      vertex -64.1301 14.8925 0
    endloop
  endfacet
  facet normal 0.872721 -0.488219 0
    outer loop
      vertex -64.2153 14.7402 3
      vertex -64.1301 14.8925 0
      vertex -64.1301 14.8925 3
    endloop
  endfacet
  facet normal 0.872721 -0.488219 0
    outer loop
      vertex -64.1301 14.8925 0
      vertex -64.2153 14.7402 3
      vertex -64.2153 14.7402 0
    endloop
  endfacet
  facet normal 0.911911 -0.410389 0
    outer loop
      vertex -64.2869 14.5811 3
      vertex -64.2153 14.7402 0
      vertex -64.2153 14.7402 3
    endloop
  endfacet
  facet normal 0.911911 -0.410389 0
    outer loop
      vertex -64.2153 14.7402 0
      vertex -64.2869 14.5811 3
      vertex -64.2869 14.5811 0
    endloop
  endfacet
  facet normal 0.943939 -0.330121 0
    outer loop
      vertex -64.3445 14.4164 3
      vertex -64.2869 14.5811 0
      vertex -64.2869 14.5811 3
    endloop
  endfacet
  facet normal 0.943939 -0.330121 0
    outer loop
      vertex -64.2869 14.5811 0
      vertex -64.3445 14.4164 3
      vertex -64.3445 14.4164 0
    endloop
  endfacet
  facet normal 0.970901 -0.239482 0
    outer loop
      vertex -64.3925 14.2218 3
      vertex -64.3445 14.4164 0
      vertex -64.3445 14.4164 3
    endloop
  endfacet
  facet normal 0.970901 -0.239482 0
    outer loop
      vertex -64.3445 14.4164 0
      vertex -64.3925 14.2218 3
      vertex -64.3925 14.2218 0
    endloop
  endfacet
  facet normal 0.981626 -0.190817 0
    outer loop
      vertex -65.0313 10.9356 3
      vertex -64.3925 14.2218 0
      vertex -64.3925 14.2218 3
    endloop
  endfacet
  facet normal 0.981626 -0.190817 0
    outer loop
      vertex -64.3925 14.2218 0
      vertex -65.0313 10.9356 3
      vertex -65.0313 10.9356 0
    endloop
  endfacet
  facet normal 0.986265 -0.165173 0
    outer loop
      vertex -65.0486 10.8323 3
      vertex -65.0313 10.9356 0
      vertex -65.0313 10.9356 3
    endloop
  endfacet
  facet normal 0.986265 -0.165173 0
    outer loop
      vertex -65.0313 10.9356 0
      vertex -65.0486 10.8323 3
      vertex -65.0486 10.8323 0
    endloop
  endfacet
  facet normal 0.990269 -0.139168 0
    outer loop
      vertex -65.5145 7.51712 3
      vertex -65.0486 10.8323 0
      vertex -65.0486 10.8323 3
    endloop
  endfacet
  facet normal 0.990269 -0.139168 0
    outer loop
      vertex -65.0486 10.8323 0
      vertex -65.5145 7.51712 3
      vertex -65.5145 7.51712 0
    endloop
  endfacet
  facet normal 0.993628 -0.112706 0
    outer loop
      vertex -65.5263 7.41309 3
      vertex -65.5145 7.51712 0
      vertex -65.5145 7.51712 3
    endloop
  endfacet
  facet normal 0.993628 -0.112706 0
    outer loop
      vertex -65.5145 7.51712 0
      vertex -65.5263 7.41309 3
      vertex -65.5263 7.41309 0
    endloop
  endfacet
  facet normal 0.996194 -0.0871625 0
    outer loop
      vertex -65.8181 4.07806 3
      vertex -65.5263 7.41309 0
      vertex -65.5263 7.41309 3
    endloop
  endfacet
  facet normal 0.996194 -0.0871625 0
    outer loop
      vertex -65.5263 7.41309 0
      vertex -65.8181 4.07806 3
      vertex -65.8181 4.07806 0
    endloop
  endfacet
  facet normal 0.998131 -0.0611178 0
    outer loop
      vertex -65.8245 3.97354 3
      vertex -65.8181 4.07806 0
      vertex -65.8181 4.07806 3
    endloop
  endfacet
  facet normal 0.998131 -0.0611178 0
    outer loop
      vertex -65.8181 4.07806 0
      vertex -65.8245 3.97354 3
      vertex -65.8245 3.97354 0
    endloop
  endfacet
  facet normal 0.999391 -0.0348889 0
    outer loop
      vertex -65.9413 0.627808 3
      vertex -65.8245 3.97354 0
      vertex -65.8245 3.97354 3
    endloop
  endfacet
  facet normal 0.999391 -0.0348889 0
    outer loop
      vertex -65.8245 3.97354 0
      vertex -65.9413 0.627808 3
      vertex -65.9413 0.627808 0
    endloop
  endfacet
  facet normal 0.999963 -0.00859518 0
    outer loop
      vertex -65.9422 0.523102 3
      vertex -65.9413 0.627808 0
      vertex -65.9413 0.627808 3
    endloop
  endfacet
  facet normal 0.999963 -0.00859518 0
    outer loop
      vertex -65.9413 0.627808 0
      vertex -65.9422 0.523102 3
      vertex -65.9422 0.523102 0
    endloop
  endfacet
  facet normal 0.999848 0.0174445 0
    outer loop
      vertex -65.8838 -2.82414 3
      vertex -65.9422 0.523102 0
      vertex -65.9422 0.523102 3
    endloop
  endfacet
  facet normal 0.999848 0.0174445 0
    outer loop
      vertex -65.9422 0.523102 0
      vertex -65.8838 -2.82414 3
      vertex -65.8838 -2.82414 0
    endloop
  endfacet
  facet normal 0.999076 0.0429813 0
    outer loop
      vertex -65.8793 -2.92874 3
      vertex -65.8838 -2.82414 0
      vertex -65.8838 -2.82414 3
    endloop
  endfacet
  facet normal 0.999076 0.0429813 0
    outer loop
      vertex -65.8838 -2.82414 0
      vertex -65.8793 -2.92874 3
      vertex -65.8793 -2.92874 0
    endloop
  endfacet
  facet normal 0.997563 0.0697776 0
    outer loop
      vertex -65.6457 -6.26836 3
      vertex -65.8793 -2.92874 0
      vertex -65.8793 -2.92874 3
    endloop
  endfacet
  facet normal 0.997563 0.0697776 0
    outer loop
      vertex -65.8793 -2.92874 0
      vertex -65.6457 -6.26836 3
      vertex -65.6457 -6.26836 0
    endloop
  endfacet
  facet normal 0.995429 0.0955031 0
    outer loop
      vertex -65.6357 -6.37259 3
      vertex -65.6457 -6.26836 0
      vertex -65.6457 -6.26836 3
    endloop
  endfacet
  facet normal 0.995429 0.0955031 0
    outer loop
      vertex -65.6457 -6.26836 0
      vertex -65.6357 -6.37259 3
      vertex -65.6357 -6.37259 0
    endloop
  endfacet
  facet normal 0.992546 0.121872 0
    outer loop
      vertex -65.2277 -9.6954 3
      vertex -65.6357 -6.37259 0
      vertex -65.6357 -6.37259 3
    endloop
  endfacet
  facet normal 0.992546 0.121872 0
    outer loop
      vertex -65.6357 -6.37259 0
      vertex -65.2277 -9.6954 3
      vertex -65.2277 -9.6954 0
    endloop
  endfacet
  facet normal 0.988986 0.148009 0
    outer loop
      vertex -65.2122 -9.79897 3
      vertex -65.2277 -9.6954 0
      vertex -65.2277 -9.6954 3
    endloop
  endfacet
  facet normal 0.988986 0.148009 0
    outer loop
      vertex -65.2277 -9.6954 0
      vertex -65.2122 -9.79897 3
      vertex -65.2122 -9.79897 0
    endloop
  endfacet
  facet normal 0.98481 0.173637 0
    outer loop
      vertex -64.6309 -13.0959 3
      vertex -65.2122 -9.79897 0
      vertex -65.2122 -9.79897 3
    endloop
  endfacet
  facet normal 0.98481 0.173637 0
    outer loop
      vertex -65.2122 -9.79897 0
      vertex -64.6309 -13.0959 3
      vertex -64.6309 -13.0959 0
    endloop
  endfacet
  facet normal 0.979877 0.199604 0
    outer loop
      vertex -64.61 -13.1985 3
      vertex -64.6309 -13.0959 0
      vertex -64.6309 -13.0959 3
    endloop
  endfacet
  facet normal 0.979877 0.199604 0
    outer loop
      vertex -64.6309 -13.0959 0
      vertex -64.61 -13.1985 3
      vertex -64.61 -13.1985 0
    endloop
  endfacet
  facet normal 0.974368 0.22496 0
    outer loop
      vertex -63.8569 -16.4604 3
      vertex -64.61 -13.1985 0
      vertex -64.61 -13.1985 3
    endloop
  endfacet
  facet normal 0.974368 0.22496 0
    outer loop
      vertex -64.61 -13.1985 0
      vertex -63.8569 -16.4604 3
      vertex -63.8569 -16.4604 0
    endloop
  endfacet
  facet normal 0.964603 0.263705 0
    outer loop
      vertex -63.8531 -16.4743 3
      vertex -63.8569 -16.4604 0
      vertex -63.8569 -16.4604 3
    endloop
  endfacet
  facet normal 0.964603 0.263705 0
    outer loop
      vertex -63.8569 -16.4604 0
      vertex -63.8531 -16.4743 3
      vertex -63.8531 -16.4743 0
    endloop
  endfacet
  facet normal 0.860228 0.509909 0
    outer loop
      vertex -63.5855 -17.0998 3
      vertex -63.5986 -17.0777 0
      vertex -63.5986 -17.0777 3
    endloop
  endfacet
  facet normal 0.860228 0.509909 0
    outer loop
      vertex -63.5986 -17.0777 0
      vertex -63.5855 -17.0998 3
      vertex -63.5855 -17.0998 0
    endloop
  endfacet
  facet normal 0.814275 0.580479 0
    outer loop
      vertex -63.4842 -17.2419 3
      vertex -63.5855 -17.0998 0
      vertex -63.5855 -17.0998 3
    endloop
  endfacet
  facet normal 0.814275 0.580479 0
    outer loop
      vertex -63.5855 -17.0998 0
      vertex -63.4842 -17.2419 3
      vertex -63.4842 -17.2419 0
    endloop
  endfacet
  facet normal 0.760267 0.64961 0
    outer loop
      vertex -63.3709 -17.3745 3
      vertex -63.4842 -17.2419 0
      vertex -63.4842 -17.2419 3
    endloop
  endfacet
  facet normal 0.760267 0.64961 0
    outer loop
      vertex -63.4842 -17.2419 0
      vertex -63.3709 -17.3745 3
      vertex -63.3709 -17.3745 0
    endloop
  endfacet
  facet normal 0.700776 0.713382 -0
    outer loop
      vertex -63.2464 -17.4968 0
      vertex -63.3709 -17.3745 3
      vertex -63.2464 -17.4968 3
    endloop
  endfacet
  facet normal 0.700776 0.713382 0
    outer loop
      vertex -63.3709 -17.3745 3
      vertex -63.2464 -17.4968 0
      vertex -63.3709 -17.3745 0
    endloop
  endfacet
  facet normal 0.636229 0.7715 -0
    outer loop
      vertex -63.1118 -17.6078 0
      vertex -63.2464 -17.4968 3
      vertex -63.1118 -17.6078 3
    endloop
  endfacet
  facet normal 0.636229 0.7715 0
    outer loop
      vertex -63.2464 -17.4968 3
      vertex -63.1118 -17.6078 0
      vertex -63.2464 -17.4968 0
    endloop
  endfacet
  facet normal 0.566286 0.824209 -0
    outer loop
      vertex -62.968 -17.7066 0
      vertex -63.1118 -17.6078 3
      vertex -62.968 -17.7066 3
    endloop
  endfacet
  facet normal 0.566286 0.824209 0
    outer loop
      vertex -63.1118 -17.6078 3
      vertex -62.968 -17.7066 0
      vertex -63.1118 -17.6078 0
    endloop
  endfacet
  facet normal 0.492926 0.870071 -0
    outer loop
      vertex -62.8162 -17.7926 0
      vertex -62.968 -17.7066 3
      vertex -62.8162 -17.7926 3
    endloop
  endfacet
  facet normal 0.492926 0.870071 0
    outer loop
      vertex -62.968 -17.7066 3
      vertex -62.8162 -17.7926 0
      vertex -62.968 -17.7066 0
    endloop
  endfacet
  facet normal 0.414364 0.910111 -0
    outer loop
      vertex -62.6574 -17.8649 0
      vertex -62.8162 -17.7926 3
      vertex -62.6574 -17.8649 3
    endloop
  endfacet
  facet normal 0.414364 0.910111 0
    outer loop
      vertex -62.8162 -17.7926 3
      vertex -62.6574 -17.8649 0
      vertex -62.8162 -17.7926 0
    endloop
  endfacet
  facet normal 0.334055 0.942554 -0
    outer loop
      vertex -62.4977 -17.9215 0
      vertex -62.6574 -17.8649 3
      vertex -62.4977 -17.9215 3
    endloop
  endfacet
  facet normal 0.334055 0.942554 0
    outer loop
      vertex -62.6574 -17.8649 3
      vertex -62.4977 -17.9215 0
      vertex -62.6574 -17.8649 0
    endloop
  endfacet
  facet normal 0.774549 -0.632514 0
    outer loop
      vertex -62.5881 -18.0322 3
      vertex -62.4977 -17.9215 0
      vertex -62.4977 -17.9215 3
    endloop
  endfacet
  facet normal 0.774549 -0.632514 0
    outer loop
      vertex -62.4977 -17.9215 0
      vertex -62.5881 -18.0322 3
      vertex -62.5881 -18.0322 0
    endloop
  endfacet
  facet normal 0.826809 -0.562483 0
    outer loop
      vertex -62.6862 -18.1764 3
      vertex -62.5881 -18.0322 0
      vertex -62.5881 -18.0322 3
    endloop
  endfacet
  facet normal 0.826809 -0.562483 0
    outer loop
      vertex -62.5881 -18.0322 0
      vertex -62.6862 -18.1764 3
      vertex -62.6862 -18.1764 0
    endloop
  endfacet
  facet normal 0.87234 -0.4889 0
    outer loop
      vertex -62.7715 -18.3286 3
      vertex -62.6862 -18.1764 0
      vertex -62.6862 -18.1764 3
    endloop
  endfacet
  facet normal 0.87234 -0.4889 0
    outer loop
      vertex -62.6862 -18.1764 0
      vertex -62.7715 -18.3286 3
      vertex -62.7715 -18.3286 0
    endloop
  endfacet
  facet normal 0.911911 -0.410389 0
    outer loop
      vertex -62.8431 -18.4877 3
      vertex -62.7715 -18.3286 0
      vertex -62.7715 -18.3286 3
    endloop
  endfacet
  facet normal 0.911911 -0.410389 0
    outer loop
      vertex -62.7715 -18.3286 0
      vertex -62.8431 -18.4877 3
      vertex -62.8431 -18.4877 0
    endloop
  endfacet
  facet normal 0.944179 -0.329432 0
    outer loop
      vertex -62.9006 -18.6525 3
      vertex -62.8431 -18.4877 0
      vertex -62.8431 -18.4877 3
    endloop
  endfacet
  facet normal 0.944179 -0.329432 0
    outer loop
      vertex -62.8431 -18.4877 0
      vertex -62.9006 -18.6525 3
      vertex -62.9006 -18.6525 0
    endloop
  endfacet
  facet normal 0.969157 -0.246444 0
    outer loop
      vertex -62.9436 -18.8216 3
      vertex -62.9006 -18.6525 0
      vertex -62.9006 -18.6525 3
    endloop
  endfacet
  facet normal 0.969157 -0.246444 0
    outer loop
      vertex -62.9006 -18.6525 0
      vertex -62.9436 -18.8216 3
      vertex -62.9436 -18.8216 0
    endloop
  endfacet
  facet normal 0.987037 -0.160494 0
    outer loop
      vertex -62.9716 -18.9938 3
      vertex -62.9436 -18.8216 0
      vertex -62.9436 -18.8216 3
    endloop
  endfacet
  facet normal 0.987037 -0.160494 0
    outer loop
      vertex -62.9436 -18.8216 0
      vertex -62.9716 -18.9938 3
      vertex -62.9716 -18.9938 0
    endloop
  endfacet
  facet normal 0.997263 -0.073935 0
    outer loop
      vertex -62.9845 -19.1678 3
      vertex -62.9716 -18.9938 0
      vertex -62.9716 -18.9938 3
    endloop
  endfacet
  facet normal 0.997263 -0.073935 0
    outer loop
      vertex -62.9716 -18.9938 0
      vertex -62.9845 -19.1678 3
      vertex -62.9845 -19.1678 0
    endloop
  endfacet
  facet normal 0.999913 0.0131869 0
    outer loop
      vertex -62.9822 -19.3422 3
      vertex -62.9845 -19.1678 0
      vertex -62.9845 -19.1678 3
    endloop
  endfacet
  facet normal 0.999913 0.0131869 0
    outer loop
      vertex -62.9845 -19.1678 0
      vertex -62.9822 -19.3422 3
      vertex -62.9822 -19.3422 0
    endloop
  endfacet
  facet normal 0.994957 0.100298 0
    outer loop
      vertex -62.9647 -19.5158 3
      vertex -62.9822 -19.3422 0
      vertex -62.9822 -19.3422 3
    endloop
  endfacet
  facet normal 0.994957 0.100298 0
    outer loop
      vertex -62.9822 -19.3422 0
      vertex -62.9647 -19.5158 3
      vertex -62.9647 -19.5158 0
    endloop
  endfacet
  facet normal 0.982409 0.186744 0
    outer loop
      vertex -62.9321 -19.6873 3
      vertex -62.9647 -19.5158 0
      vertex -62.9647 -19.5158 3
    endloop
  endfacet
  facet normal 0.982409 0.186744 0
    outer loop
      vertex -62.9647 -19.5158 0
      vertex -62.9321 -19.6873 3
      vertex -62.9321 -19.6873 0
    endloop
  endfacet
  facet normal 0.960729 0.277488 0
    outer loop
      vertex -62.8765 -19.8798 3
      vertex -62.9321 -19.6873 0
      vertex -62.9321 -19.6873 3
    endloop
  endfacet
  facet normal 0.960729 0.277488 0
    outer loop
      vertex -62.9321 -19.6873 0
      vertex -62.8765 -19.8798 3
      vertex -62.8765 -19.8798 0
    endloop
  endfacet
  facet normal 0.945513 0.325586 0
    outer loop
      vertex -61.7865 -23.0452 3
      vertex -62.8765 -19.8798 0
      vertex -62.8765 -19.8798 3
    endloop
  endfacet
  facet normal 0.945513 0.325586 0
    outer loop
      vertex -62.8765 -19.8798 0
      vertex -61.7865 -23.0452 3
      vertex -61.7865 -23.0452 0
    endloop
  endfacet
  facet normal 0.9368 0.349866 0
    outer loop
      vertex -61.7499 -23.1432 3
      vertex -61.7865 -23.0452 0
      vertex -61.7865 -23.0452 3
    endloop
  endfacet
  facet normal 0.9368 0.349866 0
    outer loop
      vertex -61.7865 -23.0452 0
      vertex -61.7499 -23.1432 3
      vertex -61.7499 -23.1432 0
    endloop
  endfacet
  facet normal 0.927184 0.374607 0
    outer loop
      vertex -60.4958 -26.2472 3
      vertex -61.7499 -23.1432 0
      vertex -61.7499 -23.1432 3
    endloop
  endfacet
  facet normal 0.927184 0.374607 0
    outer loop
      vertex -61.7499 -23.1432 0
      vertex -60.4958 -26.2472 3
      vertex -60.4958 -26.2472 0
    endloop
  endfacet
  facet normal 0.916857 0.399215 0
    outer loop
      vertex -60.454 -26.3432 3
      vertex -60.4958 -26.2472 0
      vertex -60.4958 -26.2472 3
    endloop
  endfacet
  facet normal 0.916857 0.399215 0
    outer loop
      vertex -60.4958 -26.2472 0
      vertex -60.454 -26.3432 3
      vertex -60.454 -26.3432 0
    endloop
  endfacet
  facet normal 0.906311 0.422612 0
    outer loop
      vertex -59.0392 -29.3773 3
      vertex -60.454 -26.3432 0
      vertex -60.454 -26.3432 3
    endloop
  endfacet
  facet normal 0.906311 0.422612 0
    outer loop
      vertex -60.454 -26.3432 0
      vertex -59.0392 -29.3773 3
      vertex -59.0392 -29.3773 0
    endloop
  endfacet
  facet normal 0.895189 0.445686 0
    outer loop
      vertex -58.9925 -29.4711 3
      vertex -59.0392 -29.3773 0
      vertex -59.0392 -29.3773 3
    endloop
  endfacet
  facet normal 0.895189 0.445686 0
    outer loop
      vertex -59.0392 -29.3773 0
      vertex -58.9925 -29.4711 3
      vertex -58.9925 -29.4711 0
    endloop
  endfacet
  facet normal 0.882945 0.469476 0
    outer loop
      vertex -57.4208 -32.427 3
      vertex -58.9925 -29.4711 0
      vertex -58.9925 -29.4711 3
    endloop
  endfacet
  facet normal 0.882945 0.469476 0
    outer loop
      vertex -58.9925 -29.4711 0
      vertex -57.4208 -32.427 3
      vertex -57.4208 -32.427 0
    endloop
  endfacet
  facet normal 0.870118 0.492844 0
    outer loop
      vertex -57.3692 -32.5181 3
      vertex -57.4208 -32.427 0
      vertex -57.4208 -32.427 3
    endloop
  endfacet
  facet normal 0.870118 0.492844 0
    outer loop
      vertex -57.4208 -32.427 0
      vertex -57.3692 -32.5181 3
      vertex -57.3692 -32.5181 0
    endloop
  endfacet
  facet normal 0.857171 0.515032 0
    outer loop
      vertex -55.645 -35.3877 3
      vertex -57.3692 -32.5181 0
      vertex -57.3692 -32.5181 3
    endloop
  endfacet
  facet normal 0.857171 0.515032 0
    outer loop
      vertex -57.3692 -32.5181 0
      vertex -55.645 -35.3877 3
      vertex -55.645 -35.3877 0
    endloop
  endfacet
  facet normal 0.843189 0.537617 0
    outer loop
      vertex -55.5887 -35.476 3
      vertex -55.645 -35.3877 0
      vertex -55.645 -35.3877 3
    endloop
  endfacet
  facet normal 0.843189 0.537617 0
    outer loop
      vertex -55.645 -35.3877 0
      vertex -55.5887 -35.476 3
      vertex -55.5887 -35.476 0
    endloop
  endfacet
  facet normal 0.829042 0.559187 0
    outer loop
      vertex -53.7167 -38.2514 3
      vertex -55.5887 -35.476 0
      vertex -55.5887 -35.476 3
    endloop
  endfacet
  facet normal 0.829042 0.559187 0
    outer loop
      vertex -55.5887 -35.476 0
      vertex -53.7167 -38.2514 3
      vertex -53.7167 -38.2514 0
    endloop
  endfacet
  facet normal 0.814314 0.580425 0
    outer loop
      vertex -53.6559 -38.3367 3
      vertex -53.7167 -38.2514 0
      vertex -53.7167 -38.2514 3
    endloop
  endfacet
  facet normal 0.814314 0.580425 0
    outer loop
      vertex -53.7167 -38.2514 0
      vertex -53.6559 -38.3367 3
      vertex -53.6559 -38.3367 0
    endloop
  endfacet
  facet normal 0.798621 0.601834 0
    outer loop
      vertex -51.6411 -41.0103 3
      vertex -53.6559 -38.3367 0
      vertex -53.6559 -38.3367 3
    endloop
  endfacet
  facet normal 0.798621 0.601834 0
    outer loop
      vertex -53.6559 -38.3367 0
      vertex -51.6411 -41.0103 3
      vertex -51.6411 -41.0103 0
    endloop
  endfacet
  facet normal 0.783193 0.621779 0
    outer loop
      vertex -51.576 -41.0923 3
      vertex -51.6411 -41.0103 0
      vertex -51.6411 -41.0103 3
    endloop
  endfacet
  facet normal 0.783193 0.621779 0
    outer loop
      vertex -51.6411 -41.0103 0
      vertex -51.576 -41.0923 3
      vertex -51.576 -41.0923 0
    endloop
  endfacet
  facet normal 0.766025 0.64281 0
    outer loop
      vertex -49.424 -43.6568 3
      vertex -51.576 -41.0923 0
      vertex -51.576 -41.0923 3
    endloop
  endfacet
  facet normal 0.766025 0.64281 0
    outer loop
      vertex -51.576 -41.0923 0
      vertex -49.424 -43.6568 3
      vertex -49.424 -43.6568 0
    endloop
  endfacet
  facet normal 0.749252 0.662285 0
    outer loop
      vertex -49.3547 -43.7352 3
      vertex -49.424 -43.6568 0
      vertex -49.424 -43.6568 3
    endloop
  endfacet
  facet normal 0.749252 0.662285 0
    outer loop
      vertex -49.424 -43.6568 0
      vertex -49.3547 -43.7352 3
      vertex -49.3547 -43.7352 0
    endloop
  endfacet
  facet normal 0.731349 0.682003 0
    outer loop
      vertex -47.0715 -46.1836 3
      vertex -49.3547 -43.7352 0
      vertex -49.3547 -43.7352 3
    endloop
  endfacet
  facet normal 0.731349 0.682003 0
    outer loop
      vertex -49.3547 -43.7352 0
      vertex -47.0715 -46.1836 3
      vertex -47.0715 -46.1836 0
    endloop
  endfacet
  facet normal 0.701062 0.7131 -0
    outer loop
      vertex -46.9471 -46.3059 0
      vertex -47.0715 -46.1836 3
      vertex -46.9471 -46.3059 3
    endloop
  endfacet
  facet normal 0.701062 0.7131 0
    outer loop
      vertex -47.0715 -46.1836 3
      vertex -46.9471 -46.3059 0
      vertex -47.0715 -46.1836 0
    endloop
  endfacet
  facet normal 0.635948 0.771732 -0
    outer loop
      vertex -46.8124 -46.4169 0
      vertex -46.9471 -46.3059 3
      vertex -46.8124 -46.4169 3
    endloop
  endfacet
  facet normal 0.635948 0.771732 0
    outer loop
      vertex -46.9471 -46.3059 3
      vertex -46.8124 -46.4169 0
      vertex -46.9471 -46.3059 0
    endloop
  endfacet
  facet normal 0.566286 0.824209 -0
    outer loop
      vertex -46.6686 -46.5157 0
      vertex -46.8124 -46.4169 3
      vertex -46.6686 -46.5157 3
    endloop
  endfacet
  facet normal 0.566286 0.824209 0
    outer loop
      vertex -46.8124 -46.4169 3
      vertex -46.6686 -46.5157 0
      vertex -46.8124 -46.4169 0
    endloop
  endfacet
  facet normal 0.492492 0.870317 -0
    outer loop
      vertex -46.5168 -46.6016 0
      vertex -46.6686 -46.5157 3
      vertex -46.5168 -46.6016 3
    endloop
  endfacet
  facet normal 0.492492 0.870317 0
    outer loop
      vertex -46.6686 -46.5157 3
      vertex -46.5168 -46.6016 0
      vertex -46.6686 -46.5157 0
    endloop
  endfacet
  facet normal 0.414839 0.909895 -0
    outer loop
      vertex -46.358 -46.674 0
      vertex -46.5168 -46.6016 3
      vertex -46.358 -46.674 3
    endloop
  endfacet
  facet normal 0.414839 0.909895 0
    outer loop
      vertex -46.5168 -46.6016 3
      vertex -46.358 -46.674 0
      vertex -46.5168 -46.6016 0
    endloop
  endfacet
  facet normal 0.333539 0.942736 -0
    outer loop
      vertex -46.1935 -46.7322 0
      vertex -46.358 -46.674 3
      vertex -46.1935 -46.7322 3
    endloop
  endfacet
  facet normal 0.333539 0.942736 0
    outer loop
      vertex -46.358 -46.674 3
      vertex -46.1935 -46.7322 0
      vertex -46.358 -46.674 0
    endloop
  endfacet
  facet normal 0.250485 0.968121 -0
    outer loop
      vertex -46.0246 -46.7759 0
      vertex -46.1935 -46.7322 3
      vertex -46.0246 -46.7759 3
    endloop
  endfacet
  facet normal 0.250485 0.968121 0
    outer loop
      vertex -46.1935 -46.7322 3
      vertex -46.0246 -46.7759 0
      vertex -46.1935 -46.7322 0
    endloop
  endfacet
  facet normal 0.165049 0.986285 -0
    outer loop
      vertex -45.8525 -46.8047 0
      vertex -46.0246 -46.7759 3
      vertex -45.8525 -46.8047 3
    endloop
  endfacet
  facet normal 0.165049 0.986285 0
    outer loop
      vertex -46.0246 -46.7759 3
      vertex -45.8525 -46.8047 0
      vertex -46.0246 -46.7759 0
    endloop
  endfacet
  facet normal 0.0785376 0.996911 -0
    outer loop
      vertex -45.6786 -46.8184 0
      vertex -45.8525 -46.8047 3
      vertex -45.6786 -46.8184 3
    endloop
  endfacet
  facet normal 0.0785376 0.996911 0
    outer loop
      vertex -45.8525 -46.8047 3
      vertex -45.6786 -46.8184 0
      vertex -45.8525 -46.8047 0
    endloop
  endfacet
  facet normal -0.00859567 0.999963 0
    outer loop
      vertex -45.5041 -46.8169 0
      vertex -45.6786 -46.8184 3
      vertex -45.5041 -46.8169 3
    endloop
  endfacet
  facet normal -0.00859567 0.999963 0
    outer loop
      vertex -45.6786 -46.8184 3
      vertex -45.5041 -46.8169 0
      vertex -45.6786 -46.8184 0
    endloop
  endfacet
  facet normal -0.0957015 0.99541 0
    outer loop
      vertex -45.3304 -46.8002 0
      vertex -45.5041 -46.8169 3
      vertex -45.3304 -46.8002 3
    endloop
  endfacet
  facet normal -0.0957015 0.99541 0
    outer loop
      vertex -45.5041 -46.8169 3
      vertex -45.3304 -46.8002 0
      vertex -45.5041 -46.8169 0
    endloop
  endfacet
  facet normal -0.182364 0.983231 0
    outer loop
      vertex -45.1638 -46.7693 0
      vertex -45.3304 -46.8002 3
      vertex -45.1638 -46.7693 3
    endloop
  endfacet
  facet normal -0.182364 0.983231 0
    outer loop
      vertex -45.3304 -46.8002 3
      vertex -45.1638 -46.7693 0
      vertex -45.3304 -46.8002 0
    endloop
  endfacet
  facet normal 0.986956 -0.160993 0
    outer loop
      vertex -45.1868 -46.9103 3
      vertex -45.1638 -46.7693 0
      vertex -45.1638 -46.7693 3
    endloop
  endfacet
  facet normal 0.986956 -0.160993 0
    outer loop
      vertex -45.1638 -46.7693 0
      vertex -45.1868 -46.9103 3
      vertex -45.1868 -46.9103 0
    endloop
  endfacet
  facet normal 0.997266 -0.0738928 0
    outer loop
      vertex -45.1997 -47.0844 3
      vertex -45.1868 -46.9103 0
      vertex -45.1868 -46.9103 3
    endloop
  endfacet
  facet normal 0.997266 -0.0738928 0
    outer loop
      vertex -45.1868 -46.9103 0
      vertex -45.1997 -47.0844 3
      vertex -45.1997 -47.0844 0
    endloop
  endfacet
  facet normal 0.999913 0.0131869 0
    outer loop
      vertex -45.1974 -47.2588 3
      vertex -45.1997 -47.0844 0
      vertex -45.1997 -47.0844 3
    endloop
  endfacet
  facet normal 0.999913 0.0131869 0
    outer loop
      vertex -45.1997 -47.0844 0
      vertex -45.1974 -47.2588 3
      vertex -45.1974 -47.2588 0
    endloop
  endfacet
  facet normal 0.994957 0.100298 0
    outer loop
      vertex -45.1799 -47.4324 3
      vertex -45.1974 -47.2588 0
      vertex -45.1974 -47.2588 3
    endloop
  endfacet
  facet normal 0.994957 0.100298 0
    outer loop
      vertex -45.1974 -47.2588 0
      vertex -45.1799 -47.4324 3
      vertex -45.1799 -47.4324 0
    endloop
  endfacet
  facet normal 0.982389 0.186849 0
    outer loop
      vertex -45.1473 -47.6038 3
      vertex -45.1799 -47.4324 0
      vertex -45.1799 -47.4324 3
    endloop
  endfacet
  facet normal 0.982389 0.186849 0
    outer loop
      vertex -45.1799 -47.4324 0
      vertex -45.1473 -47.6038 3
      vertex -45.1473 -47.6038 0
    endloop
  endfacet
  facet normal 0.962384 0.271692 0
    outer loop
      vertex -45.0999 -47.7717 3
      vertex -45.1473 -47.6038 0
      vertex -45.1473 -47.6038 3
    endloop
  endfacet
  facet normal 0.962384 0.271692 0
    outer loop
      vertex -45.1473 -47.6038 0
      vertex -45.0999 -47.7717 3
      vertex -45.0999 -47.7717 0
    endloop
  endfacet
  facet normal 0.935194 0.354136 0
    outer loop
      vertex -45.0381 -47.9349 3
      vertex -45.0999 -47.7717 0
      vertex -45.0999 -47.7717 3
    endloop
  endfacet
  facet normal 0.935194 0.354136 0
    outer loop
      vertex -45.0999 -47.7717 0
      vertex -45.0381 -47.9349 3
      vertex -45.0381 -47.9349 0
    endloop
  endfacet
  facet normal 0.900644 0.434557 0
    outer loop
      vertex -44.9623 -48.092 3
      vertex -45.0381 -47.9349 0
      vertex -45.0381 -47.9349 3
    endloop
  endfacet
  facet normal 0.900644 0.434557 0
    outer loop
      vertex -45.0381 -47.9349 0
      vertex -44.9623 -48.092 3
      vertex -44.9623 -48.092 0
    endloop
  endfacet
  facet normal 0.859509 0.511121 0
    outer loop
      vertex -44.8731 -48.242 3
      vertex -44.9623 -48.092 0
      vertex -44.9623 -48.092 3
    endloop
  endfacet
  facet normal 0.859509 0.511121 0
    outer loop
      vertex -44.9623 -48.092 0
      vertex -44.8731 -48.242 3
      vertex -44.8731 -48.242 0
    endloop
  endfacet
  facet normal 0.811404 0.584486 0
    outer loop
      vertex -44.7711 -48.3836 3
      vertex -44.8731 -48.242 0
      vertex -44.8731 -48.242 3
    endloop
  endfacet
  facet normal 0.811404 0.584486 0
    outer loop
      vertex -44.8731 -48.242 0
      vertex -44.7711 -48.3836 3
      vertex -44.7711 -48.3836 0
    endloop
  endfacet
  facet normal 0.757351 0.653008 0
    outer loop
      vertex -44.6572 -48.5157 3
      vertex -44.7711 -48.3836 0
      vertex -44.7711 -48.3836 3
    endloop
  endfacet
  facet normal 0.757351 0.653008 0
    outer loop
      vertex -44.7711 -48.3836 0
      vertex -44.6572 -48.5157 3
      vertex -44.6572 -48.5157 0
    endloop
  endfacet
  facet normal 0.692999 0.720939 -0
    outer loop
      vertex -44.5127 -48.6546 0
      vertex -44.6572 -48.5157 3
      vertex -44.5127 -48.6546 3
    endloop
  endfacet
  facet normal 0.692999 0.720939 0
    outer loop
      vertex -44.6572 -48.5157 3
      vertex -44.5127 -48.6546 0
      vertex -44.6572 -48.5157 0
    endloop
  endfacet
  facet normal 0.656069 0.754701 -0
    outer loop
      vertex -41.9861 -50.851 0
      vertex -44.5127 -48.6546 3
      vertex -41.9861 -50.851 3
    endloop
  endfacet
  facet normal 0.656069 0.754701 0
    outer loop
      vertex -44.5127 -48.6546 3
      vertex -41.9861 -50.851 0
      vertex -44.5127 -48.6546 0
    endloop
  endfacet
  facet normal 0.635473 0.772123 -0
    outer loop
      vertex -41.9053 -50.9175 0
      vertex -41.9861 -50.851 3
      vertex -41.9053 -50.9175 3
    endloop
  endfacet
  facet normal 0.635473 0.772123 0
    outer loop
      vertex -41.9861 -50.851 3
      vertex -41.9053 -50.9175 0
      vertex -41.9861 -50.851 0
    endloop
  endfacet
  facet normal 0.615674 0.788001 -0
    outer loop
      vertex -39.2673 -52.9786 0
      vertex -41.9053 -50.9175 3
      vertex -39.2673 -52.9786 3
    endloop
  endfacet
  facet normal 0.615674 0.788001 0
    outer loop
      vertex -41.9053 -50.9175 3
      vertex -39.2673 -52.9786 0
      vertex -41.9053 -50.9175 0
    endloop
  endfacet
  facet normal 0.594794 0.803878 -0
    outer loop
      vertex -39.1831 -53.0409 0
      vertex -39.2673 -52.9786 3
      vertex -39.1831 -53.0409 3
    endloop
  endfacet
  facet normal 0.594794 0.803878 0
    outer loop
      vertex -39.2673 -52.9786 3
      vertex -39.1831 -53.0409 0
      vertex -39.2673 -52.9786 0
    endloop
  endfacet
  facet normal 0.573581 0.819149 -0
    outer loop
      vertex -36.4408 -54.9611 0
      vertex -39.1831 -53.0409 3
      vertex -36.4408 -54.9611 3
    endloop
  endfacet
  facet normal 0.573581 0.819149 0
    outer loop
      vertex -39.1831 -53.0409 3
      vertex -36.4408 -54.9611 0
      vertex -39.1831 -53.0409 0
    endloop
  endfacet
  facet normal 0.551613 0.8341 -0
    outer loop
      vertex -36.3534 -55.0189 0
      vertex -36.4408 -54.9611 3
      vertex -36.3534 -55.0189 3
    endloop
  endfacet
  facet normal 0.551613 0.8341 0
    outer loop
      vertex -36.4408 -54.9611 3
      vertex -36.3534 -55.0189 0
      vertex -36.4408 -54.9611 0
    endloop
  endfacet
  facet normal 0.52994 0.848035 -0
    outer loop
      vertex -33.5144 -56.793 0
      vertex -36.3534 -55.0189 3
      vertex -33.5144 -56.793 3
    endloop
  endfacet
  facet normal 0.52994 0.848035 0
    outer loop
      vertex -36.3534 -55.0189 3
      vertex -33.5144 -56.793 0
      vertex -36.3534 -55.0189 0
    endloop
  endfacet
  facet normal 0.506895 0.862008 -0
    outer loop
      vertex -33.4241 -56.8461 0
      vertex -33.5144 -56.793 3
      vertex -33.4241 -56.8461 3
    endloop
  endfacet
  facet normal 0.506895 0.862008 0
    outer loop
      vertex -33.5144 -56.793 3
      vertex -33.4241 -56.8461 0
      vertex -33.5144 -56.793 0
    endloop
  endfacet
  facet normal 0.484806 0.874622 -0
    outer loop
      vertex -30.4961 -58.4691 0
      vertex -33.4241 -56.8461 3
      vertex -30.4961 -58.4691 3
    endloop
  endfacet
  facet normal 0.484806 0.874622 0
    outer loop
      vertex -33.4241 -56.8461 3
      vertex -30.4961 -58.4691 0
      vertex -33.4241 -56.8461 0
    endloop
  endfacet
  facet normal 0.462435 0.886653 -0
    outer loop
      vertex -30.4033 -58.5175 0
      vertex -30.4961 -58.4691 3
      vertex -30.4033 -58.5175 3
    endloop
  endfacet
  facet normal 0.462435 0.886653 0
    outer loop
      vertex -30.4961 -58.4691 3
      vertex -30.4033 -58.5175 0
      vertex -30.4961 -58.4691 0
    endloop
  endfacet
  facet normal 0.438374 0.898793 -0
    outer loop
      vertex -27.3943 -59.9851 0
      vertex -30.4033 -58.5175 3
      vertex -27.3943 -59.9851 3
    endloop
  endfacet
  facet normal 0.438374 0.898793 0
    outer loop
      vertex -30.4033 -58.5175 3
      vertex -27.3943 -59.9851 0
      vertex -30.4033 -58.5175 0
    endloop
  endfacet
  facet normal 0.41445 0.910072 -0
    outer loop
      vertex -27.299 -60.0285 0
      vertex -27.3943 -59.9851 3
      vertex -27.299 -60.0285 3
    endloop
  endfacet
  facet normal 0.41445 0.910072 0
    outer loop
      vertex -27.3943 -59.9851 3
      vertex -27.299 -60.0285 0
      vertex -27.3943 -59.9851 0
    endloop
  endfacet
  facet normal 0.390741 0.920501 -0
    outer loop
      vertex -24.2174 -61.3366 0
      vertex -27.299 -60.0285 3
      vertex -24.2174 -61.3366 3
    endloop
  endfacet
  facet normal 0.390741 0.920501 0
    outer loop
      vertex -27.299 -60.0285 3
      vertex -24.2174 -61.3366 0
      vertex -27.299 -60.0285 0
    endloop
  endfacet
  facet normal 0.365948 0.930635 -0
    outer loop
      vertex -24.12 -61.3749 0
      vertex -24.2174 -61.3366 3
      vertex -24.12 -61.3749 3
    endloop
  endfacet
  facet normal 0.365948 0.930635 0
    outer loop
      vertex -24.2174 -61.3366 3
      vertex -24.12 -61.3749 0
      vertex -24.2174 -61.3366 0
    endloop
  endfacet
  facet normal 0.342016 0.939694 -0
    outer loop
      vertex -20.9741 -62.5199 0
      vertex -24.12 -61.3749 3
      vertex -20.9741 -62.5199 3
    endloop
  endfacet
  facet normal 0.342016 0.939694 0
    outer loop
      vertex -24.12 -61.3749 3
      vertex -20.9741 -62.5199 0
      vertex -24.12 -61.3749 0
    endloop
  endfacet
  facet normal 0.317946 0.948109 -0
    outer loop
      vertex -20.8748 -62.5532 0
      vertex -20.9741 -62.5199 3
      vertex -20.8748 -62.5532 3
    endloop
  endfacet
  facet normal 0.317946 0.948109 0
    outer loop
      vertex -20.9741 -62.5199 3
      vertex -20.8748 -62.5532 0
      vertex -20.9741 -62.5199 0
    endloop
  endfacet
  facet normal 0.292373 0.956304 -0
    outer loop
      vertex -17.6733 -63.532 0
      vertex -20.8748 -62.5532 3
      vertex -17.6733 -63.532 3
    endloop
  endfacet
  facet normal 0.292373 0.956304 0
    outer loop
      vertex -20.8748 -62.5532 3
      vertex -17.6733 -63.532 0
      vertex -20.8748 -62.5532 0
    endloop
  endfacet
  facet normal 0.249947 0.968259 -0
    outer loop
      vertex -17.5044 -63.5756 0
      vertex -17.6733 -63.532 3
      vertex -17.5044 -63.5756 3
    endloop
  endfacet
  facet normal 0.249947 0.968259 0
    outer loop
      vertex -17.6733 -63.532 3
      vertex -17.5044 -63.5756 0
      vertex -17.6733 -63.532 0
    endloop
  endfacet
  facet normal 0.165049 0.986285 -0
    outer loop
      vertex -17.3323 -63.6044 0
      vertex -17.5044 -63.5756 3
      vertex -17.3323 -63.6044 3
    endloop
  endfacet
  facet normal 0.165049 0.986285 0
    outer loop
      vertex -17.5044 -63.5756 3
      vertex -17.3323 -63.6044 0
      vertex -17.5044 -63.5756 0
    endloop
  endfacet
  facet normal 0.0785376 0.996911 -0
    outer loop
      vertex -17.1584 -63.6181 0
      vertex -17.3323 -63.6044 3
      vertex -17.1584 -63.6181 3
    endloop
  endfacet
  facet normal 0.0785376 0.996911 0
    outer loop
      vertex -17.3323 -63.6044 3
      vertex -17.1584 -63.6181 0
      vertex -17.3323 -63.6044 0
    endloop
  endfacet
  facet normal -0.00859567 0.999963 0
    outer loop
      vertex -16.9839 -63.6166 0
      vertex -17.1584 -63.6181 3
      vertex -16.9839 -63.6166 3
    endloop
  endfacet
  facet normal -0.00859567 0.999963 0
    outer loop
      vertex -17.1584 -63.6181 3
      vertex -16.9839 -63.6166 0
      vertex -17.1584 -63.6181 0
    endloop
  endfacet
  facet normal -0.0957015 0.99541 0
    outer loop
      vertex -16.8102 -63.5999 0
      vertex -16.9839 -63.6166 3
      vertex -16.8102 -63.5999 3
    endloop
  endfacet
  facet normal -0.0957015 0.99541 0
    outer loop
      vertex -16.9839 -63.6166 3
      vertex -16.8102 -63.5999 0
      vertex -16.9839 -63.6166 0
    endloop
  endfacet
  facet normal -0.182315 0.98324 0
    outer loop
      vertex -16.6387 -63.5681 0
      vertex -16.8102 -63.5999 3
      vertex -16.6387 -63.5681 3
    endloop
  endfacet
  facet normal -0.182315 0.98324 0
    outer loop
      vertex -16.8102 -63.5999 3
      vertex -16.6387 -63.5681 0
      vertex -16.8102 -63.5999 0
    endloop
  endfacet
  facet normal -0.267526 0.963551 0
    outer loop
      vertex -16.4705 -63.5214 0
      vertex -16.6387 -63.5681 3
      vertex -16.4705 -63.5214 3
    endloop
  endfacet
  facet normal -0.267526 0.963551 0
    outer loop
      vertex -16.6387 -63.5681 3
      vertex -16.4705 -63.5214 0
      vertex -16.6387 -63.5681 0
    endloop
  endfacet
  facet normal -0.350244 0.936659 0
    outer loop
      vertex -16.3071 -63.4603 0
      vertex -16.4705 -63.5214 3
      vertex -16.3071 -63.4603 3
    endloop
  endfacet
  facet normal -0.350244 0.936659 0
    outer loop
      vertex -16.4705 -63.5214 3
      vertex -16.3071 -63.4603 0
      vertex -16.4705 -63.5214 0
    endloop
  endfacet
  facet normal -0.430401 0.902638 0
    outer loop
      vertex -16.1496 -63.3852 0
      vertex -16.3071 -63.4603 3
      vertex -16.1496 -63.3852 3
    endloop
  endfacet
  facet normal -0.430401 0.902638 0
    outer loop
      vertex -16.3071 -63.4603 3
      vertex -16.1496 -63.3852 0
      vertex -16.3071 -63.4603 0
    endloop
  endfacet
  facet normal -0.507396 0.861713 0
    outer loop
      vertex -15.9993 -63.2967 0
      vertex -16.1496 -63.3852 3
      vertex -15.9993 -63.2967 3
    endloop
  endfacet
  facet normal -0.507396 0.861713 0
    outer loop
      vertex -16.1496 -63.3852 3
      vertex -15.9993 -63.2967 0
      vertex -16.1496 -63.3852 0
    endloop
  endfacet
  facet normal -0.580479 0.814275 0
    outer loop
      vertex -15.8572 -63.1954 0
      vertex -15.9993 -63.2967 3
      vertex -15.8572 -63.1954 3
    endloop
  endfacet
  facet normal -0.580479 0.814275 0
    outer loop
      vertex -15.9993 -63.2967 3
      vertex -15.8572 -63.1954 0
      vertex -15.9993 -63.2967 0
    endloop
  endfacet
  facet normal -0.64977 0.760131 0
    outer loop
      vertex -15.7284 -63.0853 0
      vertex -15.8572 -63.1954 3
      vertex -15.7284 -63.0853 3
    endloop
  endfacet
  facet normal -0.64977 0.760131 0
    outer loop
      vertex -15.8572 -63.1954 3
      vertex -15.7284 -63.0853 0
      vertex -15.8572 -63.1954 0
    endloop
  endfacet
  facet normal 0.934942 0.354802 0
    outer loop
      vertex -15.6777 -63.2189 3
      vertex -15.7284 -63.0853 0
      vertex -15.7284 -63.0853 3
    endloop
  endfacet
  facet normal 0.934942 0.354802 0
    outer loop
      vertex -15.7284 -63.0853 0
      vertex -15.6777 -63.2189 3
      vertex -15.6777 -63.2189 0
    endloop
  endfacet
  facet normal 0.900753 0.434332 0
    outer loop
      vertex -15.6019 -63.3761 3
      vertex -15.6777 -63.2189 0
      vertex -15.6777 -63.2189 3
    endloop
  endfacet
  facet normal 0.900753 0.434332 0
    outer loop
      vertex -15.6777 -63.2189 0
      vertex -15.6019 -63.3761 3
      vertex -15.6019 -63.3761 0
    endloop
  endfacet
  facet normal 0.859359 0.511373 0
    outer loop
      vertex -15.5127 -63.526 3
      vertex -15.6019 -63.3761 0
      vertex -15.6019 -63.3761 3
    endloop
  endfacet
  facet normal 0.859359 0.511373 0
    outer loop
      vertex -15.6019 -63.3761 0
      vertex -15.5127 -63.526 3
      vertex -15.5127 -63.526 0
    endloop
  endfacet
  facet normal 0.811404 0.584486 0
    outer loop
      vertex -15.4107 -63.6676 3
      vertex -15.5127 -63.526 0
      vertex -15.5127 -63.526 3
    endloop
  endfacet
  facet normal 0.811404 0.584486 0
    outer loop
      vertex -15.5127 -63.526 0
      vertex -15.4107 -63.6676 3
      vertex -15.4107 -63.6676 0
    endloop
  endfacet
  facet normal 0.757596 0.652724 0
    outer loop
      vertex -15.2968 -63.7998 3
      vertex -15.4107 -63.6676 0
      vertex -15.4107 -63.6676 3
    endloop
  endfacet
  facet normal 0.757596 0.652724 0
    outer loop
      vertex -15.4107 -63.6676 0
      vertex -15.2968 -63.7998 3
      vertex -15.2968 -63.7998 0
    endloop
  endfacet
  facet normal 0.697586 0.716501 -0
    outer loop
      vertex -15.1718 -63.9215 0
      vertex -15.2968 -63.7998 3
      vertex -15.1718 -63.9215 3
    endloop
  endfacet
  facet normal 0.697586 0.716501 0
    outer loop
      vertex -15.2968 -63.7998 3
      vertex -15.1718 -63.9215 0
      vertex -15.2968 -63.7998 0
    endloop
  endfacet
  facet normal 0.632769 0.77434 -0
    outer loop
      vertex -15.0367 -64.0319 0
      vertex -15.1718 -63.9215 3
      vertex -15.0367 -64.0319 3
    endloop
  endfacet
  facet normal 0.632769 0.77434 0
    outer loop
      vertex -15.1718 -63.9215 3
      vertex -15.0367 -64.0319 0
      vertex -15.1718 -63.9215 0
    endloop
  endfacet
  facet normal 0.562874 0.826543 -0
    outer loop
      vertex -14.8925 -64.1301 0
      vertex -15.0367 -64.0319 3
      vertex -14.8925 -64.1301 3
    endloop
  endfacet
  facet normal 0.562874 0.826543 0
    outer loop
      vertex -15.0367 -64.0319 3
      vertex -14.8925 -64.1301 0
      vertex -15.0367 -64.0319 0
    endloop
  endfacet
  facet normal 0.488219 0.872721 -0
    outer loop
      vertex -14.7402 -64.2153 0
      vertex -14.8925 -64.1301 3
      vertex -14.7402 -64.2153 3
    endloop
  endfacet
  facet normal 0.488219 0.872721 0
    outer loop
      vertex -14.8925 -64.1301 3
      vertex -14.7402 -64.2153 0
      vertex -14.8925 -64.1301 0
    endloop
  endfacet
  facet normal 0.410389 0.911911 -0
    outer loop
      vertex -14.5811 -64.2869 0
      vertex -14.7402 -64.2153 3
      vertex -14.5811 -64.2869 3
    endloop
  endfacet
  facet normal 0.410389 0.911911 0
    outer loop
      vertex -14.7402 -64.2153 3
      vertex -14.5811 -64.2869 0
      vertex -14.7402 -64.2153 0
    endloop
  endfacet
  facet normal 0.330121 0.943939 -0
    outer loop
      vertex -14.4164 -64.3445 0
      vertex -14.5811 -64.2869 3
      vertex -14.4164 -64.3445 3
    endloop
  endfacet
  facet normal 0.330121 0.943939 0
    outer loop
      vertex -14.5811 -64.2869 3
      vertex -14.4164 -64.3445 0
      vertex -14.5811 -64.2869 0
    endloop
  endfacet
  facet normal 0.239482 0.970901 -0
    outer loop
      vertex -14.2218 -64.3925 0
      vertex -14.4164 -64.3445 3
      vertex -14.2218 -64.3925 3
    endloop
  endfacet
  facet normal 0.239482 0.970901 0
    outer loop
      vertex -14.4164 -64.3445 3
      vertex -14.2218 -64.3925 0
      vertex -14.4164 -64.3445 0
    endloop
  endfacet
  facet normal 0.190817 0.981626 -0
    outer loop
      vertex -10.9356 -65.0313 0
      vertex -14.2218 -64.3925 3
      vertex -10.9356 -65.0313 3
    endloop
  endfacet
  facet normal 0.190817 0.981626 0
    outer loop
      vertex -14.2218 -64.3925 3
      vertex -10.9356 -65.0313 0
      vertex -14.2218 -64.3925 0
    endloop
  endfacet
  facet normal 0.165173 0.986265 -0
    outer loop
      vertex -10.8323 -65.0486 0
      vertex -10.9356 -65.0313 3
      vertex -10.8323 -65.0486 3
    endloop
  endfacet
  facet normal 0.165173 0.986265 0
    outer loop
      vertex -10.9356 -65.0313 3
      vertex -10.8323 -65.0486 0
      vertex -10.9356 -65.0313 0
    endloop
  endfacet
  facet normal 0.139168 0.990269 -0
    outer loop
      vertex -7.51712 -65.5145 0
      vertex -10.8323 -65.0486 3
      vertex -7.51712 -65.5145 3
    endloop
  endfacet
  facet normal 0.139168 0.990269 0
    outer loop
      vertex -10.8323 -65.0486 3
      vertex -7.51712 -65.5145 0
      vertex -10.8323 -65.0486 0
    endloop
  endfacet
  facet normal 0.112706 0.993628 -0
    outer loop
      vertex -7.41309 -65.5263 0
      vertex -7.51712 -65.5145 3
      vertex -7.41309 -65.5263 3
    endloop
  endfacet
  facet normal 0.112706 0.993628 0
    outer loop
      vertex -7.51712 -65.5145 3
      vertex -7.41309 -65.5263 0
      vertex -7.51712 -65.5145 0
    endloop
  endfacet
  facet normal 0.0871625 0.996194 -0
    outer loop
      vertex -4.07806 -65.8181 0
      vertex -7.41309 -65.5263 3
      vertex -4.07806 -65.8181 3
    endloop
  endfacet
  facet normal 0.0871625 0.996194 0
    outer loop
      vertex -7.41309 -65.5263 3
      vertex -4.07806 -65.8181 0
      vertex -7.41309 -65.5263 0
    endloop
  endfacet
  facet normal 0.0611178 0.998131 -0
    outer loop
      vertex -3.97354 -65.8245 0
      vertex -4.07806 -65.8181 3
      vertex -3.97354 -65.8245 3
    endloop
  endfacet
  facet normal 0.0611178 0.998131 0
    outer loop
      vertex -4.07806 -65.8181 3
      vertex -3.97354 -65.8245 0
      vertex -4.07806 -65.8181 0
    endloop
  endfacet
  facet normal 0.0348889 0.999391 -0
    outer loop
      vertex -0.627808 -65.9413 0
      vertex -3.97354 -65.8245 3
      vertex -0.627808 -65.9413 3
    endloop
  endfacet
  facet normal 0.0348889 0.999391 0
    outer loop
      vertex -3.97354 -65.8245 3
      vertex -0.627808 -65.9413 0
      vertex -3.97354 -65.8245 0
    endloop
  endfacet
  facet normal 0.00859518 0.999963 -0
    outer loop
      vertex -0.523102 -65.9422 0
      vertex -0.627808 -65.9413 3
      vertex -0.523102 -65.9422 3
    endloop
  endfacet
  facet normal 0.00859518 0.999963 0
    outer loop
      vertex -0.627808 -65.9413 3
      vertex -0.523102 -65.9422 0
      vertex -0.627808 -65.9413 0
    endloop
  endfacet
  facet normal -0.0174445 0.999848 0
    outer loop
      vertex 2.82414 -65.8838 0
      vertex -0.523102 -65.9422 3
      vertex 2.82414 -65.8838 3
    endloop
  endfacet
  facet normal -0.0174445 0.999848 0
    outer loop
      vertex -0.523102 -65.9422 3
      vertex 2.82414 -65.8838 0
      vertex -0.523102 -65.9422 0
    endloop
  endfacet
  facet normal -0.0429813 0.999076 0
    outer loop
      vertex 2.92874 -65.8793 0
      vertex 2.82414 -65.8838 3
      vertex 2.92874 -65.8793 3
    endloop
  endfacet
  facet normal -0.0429813 0.999076 0
    outer loop
      vertex 2.82414 -65.8838 3
      vertex 2.92874 -65.8793 0
      vertex 2.82414 -65.8838 0
    endloop
  endfacet
  facet normal -0.0697776 0.997563 0
    outer loop
      vertex 6.26836 -65.6457 0
      vertex 2.92874 -65.8793 3
      vertex 6.26836 -65.6457 3
    endloop
  endfacet
  facet normal -0.0697776 0.997563 0
    outer loop
      vertex 2.92874 -65.8793 3
      vertex 6.26836 -65.6457 0
      vertex 2.92874 -65.8793 0
    endloop
  endfacet
  facet normal -0.0955031 0.995429 0
    outer loop
      vertex 6.37259 -65.6357 0
      vertex 6.26836 -65.6457 3
      vertex 6.37259 -65.6357 3
    endloop
  endfacet
  facet normal -0.0955031 0.995429 0
    outer loop
      vertex 6.26836 -65.6457 3
      vertex 6.37259 -65.6357 0
      vertex 6.26836 -65.6457 0
    endloop
  endfacet
  facet normal -0.121872 0.992546 0
    outer loop
      vertex 9.6954 -65.2277 0
      vertex 6.37259 -65.6357 3
      vertex 9.6954 -65.2277 3
    endloop
  endfacet
  facet normal -0.121872 0.992546 0
    outer loop
      vertex 6.37259 -65.6357 3
      vertex 9.6954 -65.2277 0
      vertex 6.37259 -65.6357 0
    endloop
  endfacet
  facet normal -0.148009 0.988986 0
    outer loop
      vertex 9.79897 -65.2122 0
      vertex 9.6954 -65.2277 3
      vertex 9.79897 -65.2122 3
    endloop
  endfacet
  facet normal -0.148009 0.988986 0
    outer loop
      vertex 9.6954 -65.2277 3
      vertex 9.79897 -65.2122 0
      vertex 9.6954 -65.2277 0
    endloop
  endfacet
  facet normal -0.173637 0.98481 0
    outer loop
      vertex 13.0959 -64.6309 0
      vertex 9.79897 -65.2122 3
      vertex 13.0959 -64.6309 3
    endloop
  endfacet
  facet normal -0.173637 0.98481 0
    outer loop
      vertex 9.79897 -65.2122 3
      vertex 13.0959 -64.6309 0
      vertex 9.79897 -65.2122 0
    endloop
  endfacet
  facet normal -0.199604 0.979877 0
    outer loop
      vertex 13.1985 -64.61 0
      vertex 13.0959 -64.6309 3
      vertex 13.1985 -64.61 3
    endloop
  endfacet
  facet normal -0.199604 0.979877 0
    outer loop
      vertex 13.0959 -64.6309 3
      vertex 13.1985 -64.61 0
      vertex 13.0959 -64.6309 0
    endloop
  endfacet
  facet normal -0.22496 0.974368 0
    outer loop
      vertex 16.4604 -63.8569 0
      vertex 13.1985 -64.61 3
      vertex 16.4604 -63.8569 3
    endloop
  endfacet
  facet normal -0.22496 0.974368 0
    outer loop
      vertex 13.1985 -64.61 3
      vertex 16.4604 -63.8569 0
      vertex 13.1985 -64.61 0
    endloop
  endfacet
  facet normal -0.263705 0.964603 0
    outer loop
      vertex 16.4743 -63.8531 0
      vertex 16.4604 -63.8569 3
      vertex 16.4743 -63.8531 3
    endloop
  endfacet
  facet normal -0.263705 0.964603 0
    outer loop
      vertex 16.4604 -63.8569 3
      vertex 16.4743 -63.8531 0
      vertex 16.4604 -63.8569 0
    endloop
  endfacet
  facet normal -0.509909 0.860228 0
    outer loop
      vertex 17.0998 -63.5855 0
      vertex 17.0777 -63.5986 3
      vertex 17.0998 -63.5855 3
    endloop
  endfacet
  facet normal -0.509909 0.860228 0
    outer loop
      vertex 17.0777 -63.5986 3
      vertex 17.0998 -63.5855 0
      vertex 17.0777 -63.5986 0
    endloop
  endfacet
  facet normal -0.580479 0.814275 0
    outer loop
      vertex 17.2419 -63.4842 0
      vertex 17.0998 -63.5855 3
      vertex 17.2419 -63.4842 3
    endloop
  endfacet
  facet normal -0.580479 0.814275 0
    outer loop
      vertex 17.0998 -63.5855 3
      vertex 17.2419 -63.4842 0
      vertex 17.0998 -63.5855 0
    endloop
  endfacet
  facet normal -0.64961 0.760267 0
    outer loop
      vertex 17.3745 -63.3709 0
      vertex 17.2419 -63.4842 3
      vertex 17.3745 -63.3709 3
    endloop
  endfacet
  facet normal -0.64961 0.760267 0
    outer loop
      vertex 17.2419 -63.4842 3
      vertex 17.3745 -63.3709 0
      vertex 17.2419 -63.4842 0
    endloop
  endfacet
  facet normal -0.713382 0.700776 0
    outer loop
      vertex 17.3745 -63.3709 0
      vertex 17.4968 -63.2464 3
      vertex 17.4968 -63.2464 0
    endloop
  endfacet
  facet normal -0.713382 0.700776 0
    outer loop
      vertex 17.4968 -63.2464 3
      vertex 17.3745 -63.3709 0
      vertex 17.3745 -63.3709 3
    endloop
  endfacet
  facet normal -0.7715 0.636229 0
    outer loop
      vertex 17.4968 -63.2464 0
      vertex 17.6078 -63.1118 3
      vertex 17.6078 -63.1118 0
    endloop
  endfacet
  facet normal -0.7715 0.636229 0
    outer loop
      vertex 17.6078 -63.1118 3
      vertex 17.4968 -63.2464 0
      vertex 17.4968 -63.2464 3
    endloop
  endfacet
  facet normal -0.824209 0.566286 0
    outer loop
      vertex 17.6078 -63.1118 0
      vertex 17.7066 -62.968 3
      vertex 17.7066 -62.968 0
    endloop
  endfacet
  facet normal -0.824209 0.566286 0
    outer loop
      vertex 17.7066 -62.968 3
      vertex 17.6078 -63.1118 0
      vertex 17.6078 -63.1118 3
    endloop
  endfacet
  facet normal -0.870071 0.492926 0
    outer loop
      vertex 17.7066 -62.968 0
      vertex 17.7926 -62.8162 3
      vertex 17.7926 -62.8162 0
    endloop
  endfacet
  facet normal -0.870071 0.492926 0
    outer loop
      vertex 17.7926 -62.8162 3
      vertex 17.7066 -62.968 0
      vertex 17.7066 -62.968 3
    endloop
  endfacet
  facet normal -0.910111 0.414364 0
    outer loop
      vertex 17.7926 -62.8162 0
      vertex 17.8649 -62.6574 3
      vertex 17.8649 -62.6574 0
    endloop
  endfacet
  facet normal -0.910111 0.414364 0
    outer loop
      vertex 17.8649 -62.6574 3
      vertex 17.7926 -62.8162 0
      vertex 17.7926 -62.8162 3
    endloop
  endfacet
  facet normal -0.942554 0.334055 0
    outer loop
      vertex 17.8649 -62.6574 0
      vertex 17.9215 -62.4977 3
      vertex 17.9215 -62.4977 0
    endloop
  endfacet
  facet normal -0.942554 0.334055 0
    outer loop
      vertex 17.9215 -62.4977 3
      vertex 17.8649 -62.6574 0
      vertex 17.8649 -62.6574 3
    endloop
  endfacet
  facet normal 0.632514 0.774549 -0
    outer loop
      vertex 18.0322 -62.5881 0
      vertex 17.9215 -62.4977 3
      vertex 18.0322 -62.5881 3
    endloop
  endfacet
  facet normal 0.632514 0.774549 0
    outer loop
      vertex 17.9215 -62.4977 3
      vertex 18.0322 -62.5881 0
      vertex 17.9215 -62.4977 0
    endloop
  endfacet
  facet normal 0.562483 0.826809 -0
    outer loop
      vertex 18.1764 -62.6862 0
      vertex 18.0322 -62.5881 3
      vertex 18.1764 -62.6862 3
    endloop
  endfacet
  facet normal 0.562483 0.826809 0
    outer loop
      vertex 18.0322 -62.5881 3
      vertex 18.1764 -62.6862 0
      vertex 18.0322 -62.5881 0
    endloop
  endfacet
  facet normal 0.4889 0.87234 -0
    outer loop
      vertex 18.3286 -62.7715 0
      vertex 18.1764 -62.6862 3
      vertex 18.3286 -62.7715 3
    endloop
  endfacet
  facet normal 0.4889 0.87234 0
    outer loop
      vertex 18.1764 -62.6862 3
      vertex 18.3286 -62.7715 0
      vertex 18.1764 -62.6862 0
    endloop
  endfacet
  facet normal 0.410389 0.911911 -0
    outer loop
      vertex 18.4877 -62.8431 0
      vertex 18.3286 -62.7715 3
      vertex 18.4877 -62.8431 3
    endloop
  endfacet
  facet normal 0.410389 0.911911 0
    outer loop
      vertex 18.3286 -62.7715 3
      vertex 18.4877 -62.8431 0
      vertex 18.3286 -62.7715 0
    endloop
  endfacet
  facet normal 0.329432 0.944179 -0
    outer loop
      vertex 18.6525 -62.9006 0
      vertex 18.4877 -62.8431 3
      vertex 18.6525 -62.9006 3
    endloop
  endfacet
  facet normal 0.329432 0.944179 0
    outer loop
      vertex 18.4877 -62.8431 3
      vertex 18.6525 -62.9006 0
      vertex 18.4877 -62.8431 0
    endloop
  endfacet
  facet normal 0.246444 0.969157 -0
    outer loop
      vertex 18.8216 -62.9436 0
      vertex 18.6525 -62.9006 3
      vertex 18.8216 -62.9436 3
    endloop
  endfacet
  facet normal 0.246444 0.969157 0
    outer loop
      vertex 18.6525 -62.9006 3
      vertex 18.8216 -62.9436 0
      vertex 18.6525 -62.9006 0
    endloop
  endfacet
  facet normal 0.160494 0.987037 -0
    outer loop
      vertex 18.9938 -62.9716 0
      vertex 18.8216 -62.9436 3
      vertex 18.9938 -62.9716 3
    endloop
  endfacet
  facet normal 0.160494 0.987037 0
    outer loop
      vertex 18.8216 -62.9436 3
      vertex 18.9938 -62.9716 0
      vertex 18.8216 -62.9436 0
    endloop
  endfacet
  facet normal 0.073935 0.997263 -0
    outer loop
      vertex 19.1678 -62.9845 0
      vertex 18.9938 -62.9716 3
      vertex 19.1678 -62.9845 3
    endloop
  endfacet
  facet normal 0.073935 0.997263 0
    outer loop
      vertex 18.9938 -62.9716 3
      vertex 19.1678 -62.9845 0
      vertex 18.9938 -62.9716 0
    endloop
  endfacet
  facet normal -0.0131869 0.999913 0
    outer loop
      vertex 19.3422 -62.9822 0
      vertex 19.1678 -62.9845 3
      vertex 19.3422 -62.9822 3
    endloop
  endfacet
  facet normal -0.0131869 0.999913 0
    outer loop
      vertex 19.1678 -62.9845 3
      vertex 19.3422 -62.9822 0
      vertex 19.1678 -62.9845 0
    endloop
  endfacet
  facet normal -0.100298 0.994957 0
    outer loop
      vertex 19.5158 -62.9647 0
      vertex 19.3422 -62.9822 3
      vertex 19.5158 -62.9647 3
    endloop
  endfacet
  facet normal -0.100298 0.994957 0
    outer loop
      vertex 19.3422 -62.9822 3
      vertex 19.5158 -62.9647 0
      vertex 19.3422 -62.9822 0
    endloop
  endfacet
  facet normal -0.186744 0.982409 0
    outer loop
      vertex 19.6873 -62.9321 0
      vertex 19.5158 -62.9647 3
      vertex 19.6873 -62.9321 3
    endloop
  endfacet
  facet normal -0.186744 0.982409 0
    outer loop
      vertex 19.5158 -62.9647 3
      vertex 19.6873 -62.9321 0
      vertex 19.5158 -62.9647 0
    endloop
  endfacet
  facet normal -0.277488 0.960729 0
    outer loop
      vertex 19.8798 -62.8765 0
      vertex 19.6873 -62.9321 3
      vertex 19.8798 -62.8765 3
    endloop
  endfacet
  facet normal -0.277488 0.960729 0
    outer loop
      vertex 19.6873 -62.9321 3
      vertex 19.8798 -62.8765 0
      vertex 19.6873 -62.9321 0
    endloop
  endfacet
  facet normal -0.325586 0.945513 0
    outer loop
      vertex 23.0452 -61.7865 0
      vertex 19.8798 -62.8765 3
      vertex 23.0452 -61.7865 3
    endloop
  endfacet
  facet normal -0.325586 0.945513 0
    outer loop
      vertex 19.8798 -62.8765 3
      vertex 23.0452 -61.7865 0
      vertex 19.8798 -62.8765 0
    endloop
  endfacet
  facet normal -0.349866 0.9368 0
    outer loop
      vertex 23.1432 -61.7499 0
      vertex 23.0452 -61.7865 3
      vertex 23.1432 -61.7499 3
    endloop
  endfacet
  facet normal -0.349866 0.9368 0
    outer loop
      vertex 23.0452 -61.7865 3
      vertex 23.1432 -61.7499 0
      vertex 23.0452 -61.7865 0
    endloop
  endfacet
  facet normal -0.374607 0.927184 0
    outer loop
      vertex 26.2472 -60.4958 0
      vertex 23.1432 -61.7499 3
      vertex 26.2472 -60.4958 3
    endloop
  endfacet
  facet normal -0.374607 0.927184 0
    outer loop
      vertex 23.1432 -61.7499 3
      vertex 26.2472 -60.4958 0
      vertex 23.1432 -61.7499 0
    endloop
  endfacet
  facet normal -0.399215 0.916857 0
    outer loop
      vertex 26.3432 -60.454 0
      vertex 26.2472 -60.4958 3
      vertex 26.3432 -60.454 3
    endloop
  endfacet
  facet normal -0.399215 0.916857 0
    outer loop
      vertex 26.2472 -60.4958 3
      vertex 26.3432 -60.454 0
      vertex 26.2472 -60.4958 0
    endloop
  endfacet
  facet normal -0.422612 0.906311 0
    outer loop
      vertex 29.3773 -59.0392 0
      vertex 26.3432 -60.454 3
      vertex 29.3773 -59.0392 3
    endloop
  endfacet
  facet normal -0.422612 0.906311 0
    outer loop
      vertex 26.3432 -60.454 3
      vertex 29.3773 -59.0392 0
      vertex 26.3432 -60.454 0
    endloop
  endfacet
  facet normal -0.445686 0.895189 0
    outer loop
      vertex 29.4711 -58.9925 0
      vertex 29.3773 -59.0392 3
      vertex 29.4711 -58.9925 3
    endloop
  endfacet
  facet normal -0.445686 0.895189 0
    outer loop
      vertex 29.3773 -59.0392 3
      vertex 29.4711 -58.9925 0
      vertex 29.3773 -59.0392 0
    endloop
  endfacet
  facet normal -0.469476 0.882945 0
    outer loop
      vertex 32.427 -57.4208 0
      vertex 29.4711 -58.9925 3
      vertex 32.427 -57.4208 3
    endloop
  endfacet
  facet normal -0.469476 0.882945 0
    outer loop
      vertex 29.4711 -58.9925 3
      vertex 32.427 -57.4208 0
      vertex 29.4711 -58.9925 0
    endloop
  endfacet
  facet normal -0.492844 0.870118 0
    outer loop
      vertex 32.5181 -57.3692 0
      vertex 32.427 -57.4208 3
      vertex 32.5181 -57.3692 3
    endloop
  endfacet
  facet normal -0.492844 0.870118 0
    outer loop
      vertex 32.427 -57.4208 3
      vertex 32.5181 -57.3692 0
      vertex 32.427 -57.4208 0
    endloop
  endfacet
  facet normal -0.515032 0.857171 0
    outer loop
      vertex 35.3877 -55.645 0
      vertex 32.5181 -57.3692 3
      vertex 35.3877 -55.645 3
    endloop
  endfacet
  facet normal -0.515032 0.857171 0
    outer loop
      vertex 32.5181 -57.3692 3
      vertex 35.3877 -55.645 0
      vertex 32.5181 -57.3692 0
    endloop
  endfacet
  facet normal -0.537617 0.843189 0
    outer loop
      vertex 35.476 -55.5887 0
      vertex 35.3877 -55.645 3
      vertex 35.476 -55.5887 3
    endloop
  endfacet
  facet normal -0.537617 0.843189 0
    outer loop
      vertex 35.3877 -55.645 3
      vertex 35.476 -55.5887 0
      vertex 35.3877 -55.645 0
    endloop
  endfacet
  facet normal -0.559187 0.829042 0
    outer loop
      vertex 38.2514 -53.7167 0
      vertex 35.476 -55.5887 3
      vertex 38.2514 -53.7167 3
    endloop
  endfacet
  facet normal -0.559187 0.829042 0
    outer loop
      vertex 35.476 -55.5887 3
      vertex 38.2514 -53.7167 0
      vertex 35.476 -55.5887 0
    endloop
  endfacet
  facet normal -0.580425 0.814314 0
    outer loop
      vertex 38.3367 -53.6559 0
      vertex 38.2514 -53.7167 3
      vertex 38.3367 -53.6559 3
    endloop
  endfacet
  facet normal -0.580425 0.814314 0
    outer loop
      vertex 38.2514 -53.7167 3
      vertex 38.3367 -53.6559 0
      vertex 38.2514 -53.7167 0
    endloop
  endfacet
  facet normal -0.601834 0.798621 0
    outer loop
      vertex 41.0103 -51.6411 0
      vertex 38.3367 -53.6559 3
      vertex 41.0103 -51.6411 3
    endloop
  endfacet
  facet normal -0.601834 0.798621 0
    outer loop
      vertex 38.3367 -53.6559 3
      vertex 41.0103 -51.6411 0
      vertex 38.3367 -53.6559 0
    endloop
  endfacet
  facet normal -0.621779 0.783193 0
    outer loop
      vertex 41.0923 -51.576 0
      vertex 41.0103 -51.6411 3
      vertex 41.0923 -51.576 3
    endloop
  endfacet
  facet normal -0.621779 0.783193 0
    outer loop
      vertex 41.0103 -51.6411 3
      vertex 41.0923 -51.576 0
      vertex 41.0103 -51.6411 0
    endloop
  endfacet
  facet normal -0.64281 0.766025 0
    outer loop
      vertex 43.6568 -49.424 0
      vertex 41.0923 -51.576 3
      vertex 43.6568 -49.424 3
    endloop
  endfacet
  facet normal -0.64281 0.766025 0
    outer loop
      vertex 41.0923 -51.576 3
      vertex 43.6568 -49.424 0
      vertex 41.0923 -51.576 0
    endloop
  endfacet
  facet normal -0.662285 0.749252 0
    outer loop
      vertex 43.7352 -49.3547 0
      vertex 43.6568 -49.424 3
      vertex 43.7352 -49.3547 3
    endloop
  endfacet
  facet normal -0.662285 0.749252 0
    outer loop
      vertex 43.6568 -49.424 3
      vertex 43.7352 -49.3547 0
      vertex 43.6568 -49.424 0
    endloop
  endfacet
  facet normal -0.682003 0.731349 0
    outer loop
      vertex 46.1836 -47.0715 0
      vertex 43.7352 -49.3547 3
      vertex 46.1836 -47.0715 3
    endloop
  endfacet
  facet normal -0.682003 0.731349 0
    outer loop
      vertex 43.7352 -49.3547 3
      vertex 46.1836 -47.0715 0
      vertex 43.7352 -49.3547 0
    endloop
  endfacet
  facet normal -0.7131 0.701062 0
    outer loop
      vertex 46.1836 -47.0715 0
      vertex 46.3059 -46.9471 3
      vertex 46.3059 -46.9471 0
    endloop
  endfacet
  facet normal -0.7131 0.701062 0
    outer loop
      vertex 46.3059 -46.9471 3
      vertex 46.1836 -47.0715 0
      vertex 46.1836 -47.0715 3
    endloop
  endfacet
  facet normal -0.771732 0.635948 0
    outer loop
      vertex 46.3059 -46.9471 0
      vertex 46.4169 -46.8124 3
      vertex 46.4169 -46.8124 0
    endloop
  endfacet
  facet normal -0.771732 0.635948 0
    outer loop
      vertex 46.4169 -46.8124 3
      vertex 46.3059 -46.9471 0
      vertex 46.3059 -46.9471 3
    endloop
  endfacet
  facet normal -0.824209 0.566286 0
    outer loop
      vertex 46.4169 -46.8124 0
      vertex 46.5157 -46.6686 3
      vertex 46.5157 -46.6686 0
    endloop
  endfacet
  facet normal -0.824209 0.566286 0
    outer loop
      vertex 46.5157 -46.6686 3
      vertex 46.4169 -46.8124 0
      vertex 46.4169 -46.8124 3
    endloop
  endfacet
  facet normal -0.870317 0.492492 0
    outer loop
      vertex 46.5157 -46.6686 0
      vertex 46.6016 -46.5168 3
      vertex 46.6016 -46.5168 0
    endloop
  endfacet
  facet normal -0.870317 0.492492 0
    outer loop
      vertex 46.6016 -46.5168 3
      vertex 46.5157 -46.6686 0
      vertex 46.5157 -46.6686 3
    endloop
  endfacet
  facet normal -0.909895 0.414839 0
    outer loop
      vertex 46.6016 -46.5168 0
      vertex 46.674 -46.358 3
      vertex 46.674 -46.358 0
    endloop
  endfacet
  facet normal -0.909895 0.414839 0
    outer loop
      vertex 46.674 -46.358 3
      vertex 46.6016 -46.5168 0
      vertex 46.6016 -46.5168 3
    endloop
  endfacet
  facet normal -0.942736 0.333539 0
    outer loop
      vertex 46.674 -46.358 0
      vertex 46.7322 -46.1935 3
      vertex 46.7322 -46.1935 0
    endloop
  endfacet
  facet normal -0.942736 0.333539 0
    outer loop
      vertex 46.7322 -46.1935 3
      vertex 46.674 -46.358 0
      vertex 46.674 -46.358 3
    endloop
  endfacet
  facet normal -0.968121 0.250485 0
    outer loop
      vertex 46.7322 -46.1935 0
      vertex 46.7759 -46.0246 3
      vertex 46.7759 -46.0246 0
    endloop
  endfacet
  facet normal -0.968121 0.250485 0
    outer loop
      vertex 46.7759 -46.0246 3
      vertex 46.7322 -46.1935 0
      vertex 46.7322 -46.1935 3
    endloop
  endfacet
  facet normal -0.986285 0.165049 0
    outer loop
      vertex 46.7759 -46.0246 0
      vertex 46.8047 -45.8525 3
      vertex 46.8047 -45.8525 0
    endloop
  endfacet
  facet normal -0.986285 0.165049 0
    outer loop
      vertex 46.8047 -45.8525 3
      vertex 46.7759 -46.0246 0
      vertex 46.7759 -46.0246 3
    endloop
  endfacet
  facet normal -0.996911 0.0785376 0
    outer loop
      vertex 46.8047 -45.8525 0
      vertex 46.8184 -45.6786 3
      vertex 46.8184 -45.6786 0
    endloop
  endfacet
  facet normal -0.996911 0.0785376 0
    outer loop
      vertex 46.8184 -45.6786 3
      vertex 46.8047 -45.8525 0
      vertex 46.8047 -45.8525 3
    endloop
  endfacet
  facet normal -0.999963 -0.00859567 0
    outer loop
      vertex 46.8184 -45.6786 0
      vertex 46.8169 -45.5041 3
      vertex 46.8169 -45.5041 0
    endloop
  endfacet
  facet normal -0.999963 -0.00859567 0
    outer loop
      vertex 46.8169 -45.5041 3
      vertex 46.8184 -45.6786 0
      vertex 46.8184 -45.6786 3
    endloop
  endfacet
  facet normal -0.99541 -0.0957015 0
    outer loop
      vertex 46.8169 -45.5041 0
      vertex 46.8002 -45.3304 3
      vertex 46.8002 -45.3304 0
    endloop
  endfacet
  facet normal -0.99541 -0.0957015 0
    outer loop
      vertex 46.8002 -45.3304 3
      vertex 46.8169 -45.5041 0
      vertex 46.8169 -45.5041 3
    endloop
  endfacet
  facet normal -0.983231 -0.182364 0
    outer loop
      vertex 46.8002 -45.3304 0
      vertex 46.7693 -45.1638 3
      vertex 46.7693 -45.1638 0
    endloop
  endfacet
  facet normal -0.983231 -0.182364 0
    outer loop
      vertex 46.7693 -45.1638 3
      vertex 46.8002 -45.3304 0
      vertex 46.8002 -45.3304 3
    endloop
  endfacet
  facet normal 0.160993 0.986956 -0
    outer loop
      vertex 46.9103 -45.1868 0
      vertex 46.7693 -45.1638 3
      vertex 46.9103 -45.1868 3
    endloop
  endfacet
  facet normal 0.160993 0.986956 0
    outer loop
      vertex 46.7693 -45.1638 3
      vertex 46.9103 -45.1868 0
      vertex 46.7693 -45.1638 0
    endloop
  endfacet
  facet normal 0.0738928 0.997266 -0
    outer loop
      vertex 47.0844 -45.1997 0
      vertex 46.9103 -45.1868 3
      vertex 47.0844 -45.1997 3
    endloop
  endfacet
  facet normal 0.0738928 0.997266 0
    outer loop
      vertex 46.9103 -45.1868 3
      vertex 47.0844 -45.1997 0
      vertex 46.9103 -45.1868 0
    endloop
  endfacet
  facet normal -0.0131869 0.999913 0
    outer loop
      vertex 47.2588 -45.1974 0
      vertex 47.0844 -45.1997 3
      vertex 47.2588 -45.1974 3
    endloop
  endfacet
  facet normal -0.0131869 0.999913 0
    outer loop
      vertex 47.0844 -45.1997 3
      vertex 47.2588 -45.1974 0
      vertex 47.0844 -45.1997 0
    endloop
  endfacet
  facet normal -0.100298 0.994957 0
    outer loop
      vertex 47.4324 -45.1799 0
      vertex 47.2588 -45.1974 3
      vertex 47.4324 -45.1799 3
    endloop
  endfacet
  facet normal -0.100298 0.994957 0
    outer loop
      vertex 47.2588 -45.1974 3
      vertex 47.4324 -45.1799 0
      vertex 47.2588 -45.1974 0
    endloop
  endfacet
  facet normal -0.186849 0.982389 0
    outer loop
      vertex 47.6038 -45.1473 0
      vertex 47.4324 -45.1799 3
      vertex 47.6038 -45.1473 3
    endloop
  endfacet
  facet normal -0.186849 0.982389 0
    outer loop
      vertex 47.4324 -45.1799 3
      vertex 47.6038 -45.1473 0
      vertex 47.4324 -45.1799 0
    endloop
  endfacet
  facet normal -0.271692 0.962384 0
    outer loop
      vertex 47.7717 -45.0999 0
      vertex 47.6038 -45.1473 3
      vertex 47.7717 -45.0999 3
    endloop
  endfacet
  facet normal -0.271692 0.962384 0
    outer loop
      vertex 47.6038 -45.1473 3
      vertex 47.7717 -45.0999 0
      vertex 47.6038 -45.1473 0
    endloop
  endfacet
  facet normal -0.354136 0.935194 0
    outer loop
      vertex 47.9349 -45.0381 0
      vertex 47.7717 -45.0999 3
      vertex 47.9349 -45.0381 3
    endloop
  endfacet
  facet normal -0.354136 0.935194 0
    outer loop
      vertex 47.7717 -45.0999 3
      vertex 47.9349 -45.0381 0
      vertex 47.7717 -45.0999 0
    endloop
  endfacet
  facet normal -0.434557 0.900644 0
    outer loop
      vertex 48.092 -44.9623 0
      vertex 47.9349 -45.0381 3
      vertex 48.092 -44.9623 3
    endloop
  endfacet
  facet normal -0.434557 0.900644 0
    outer loop
      vertex 47.9349 -45.0381 3
      vertex 48.092 -44.9623 0
      vertex 47.9349 -45.0381 0
    endloop
  endfacet
  facet normal -0.511121 0.859509 0
    outer loop
      vertex 48.242 -44.8731 0
      vertex 48.092 -44.9623 3
      vertex 48.242 -44.8731 3
    endloop
  endfacet
  facet normal -0.511121 0.859509 0
    outer loop
      vertex 48.092 -44.9623 3
      vertex 48.242 -44.8731 0
      vertex 48.092 -44.9623 0
    endloop
  endfacet
  facet normal -0.584486 0.811404 0
    outer loop
      vertex 48.3836 -44.7711 0
      vertex 48.242 -44.8731 3
      vertex 48.3836 -44.7711 3
    endloop
  endfacet
  facet normal -0.584486 0.811404 0
    outer loop
      vertex 48.242 -44.8731 3
      vertex 48.3836 -44.7711 0
      vertex 48.242 -44.8731 0
    endloop
  endfacet
  facet normal -0.653008 0.757351 0
    outer loop
      vertex 48.5157 -44.6572 0
      vertex 48.3836 -44.7711 3
      vertex 48.5157 -44.6572 3
    endloop
  endfacet
  facet normal -0.653008 0.757351 0
    outer loop
      vertex 48.3836 -44.7711 3
      vertex 48.5157 -44.6572 0
      vertex 48.3836 -44.7711 0
    endloop
  endfacet
  facet normal -0.720939 0.692999 0
    outer loop
      vertex 48.5157 -44.6572 0
      vertex 48.6546 -44.5127 3
      vertex 48.6546 -44.5127 0
    endloop
  endfacet
  facet normal -0.720939 0.692999 0
    outer loop
      vertex 48.6546 -44.5127 3
      vertex 48.5157 -44.6572 0
      vertex 48.5157 -44.6572 3
    endloop
  endfacet
  facet normal -0.754701 0.656069 0
    outer loop
      vertex 48.6546 -44.5127 0
      vertex 50.851 -41.9861 3
      vertex 50.851 -41.9861 0
    endloop
  endfacet
  facet normal -0.754701 0.656069 0
    outer loop
      vertex 50.851 -41.9861 3
      vertex 48.6546 -44.5127 0
      vertex 48.6546 -44.5127 3
    endloop
  endfacet
  facet normal -0.772123 0.635473 0
    outer loop
      vertex 50.851 -41.9861 0
      vertex 50.9175 -41.9053 3
      vertex 50.9175 -41.9053 0
    endloop
  endfacet
  facet normal -0.772123 0.635473 0
    outer loop
      vertex 50.9175 -41.9053 3
      vertex 50.851 -41.9861 0
      vertex 50.851 -41.9861 3
    endloop
  endfacet
  facet normal -0.788001 0.615674 0
    outer loop
      vertex 50.9175 -41.9053 0
      vertex 52.9786 -39.2673 3
      vertex 52.9786 -39.2673 0
    endloop
  endfacet
  facet normal -0.788001 0.615674 0
    outer loop
      vertex 52.9786 -39.2673 3
      vertex 50.9175 -41.9053 0
      vertex 50.9175 -41.9053 3
    endloop
  endfacet
  facet normal -0.803878 0.594794 0
    outer loop
      vertex 52.9786 -39.2673 0
      vertex 53.0409 -39.1831 3
      vertex 53.0409 -39.1831 0
    endloop
  endfacet
  facet normal -0.803878 0.594794 0
    outer loop
      vertex 53.0409 -39.1831 3
      vertex 52.9786 -39.2673 0
      vertex 52.9786 -39.2673 3
    endloop
  endfacet
  facet normal -0.819149 0.573581 0
    outer loop
      vertex 53.0409 -39.1831 0
      vertex 54.9611 -36.4408 3
      vertex 54.9611 -36.4408 0
    endloop
  endfacet
  facet normal -0.819149 0.573581 0
    outer loop
      vertex 54.9611 -36.4408 3
      vertex 53.0409 -39.1831 0
      vertex 53.0409 -39.1831 3
    endloop
  endfacet
  facet normal -0.8341 0.551613 0
    outer loop
      vertex 54.9611 -36.4408 0
      vertex 55.0189 -36.3534 3
      vertex 55.0189 -36.3534 0
    endloop
  endfacet
  facet normal -0.8341 0.551613 0
    outer loop
      vertex 55.0189 -36.3534 3
      vertex 54.9611 -36.4408 0
      vertex 54.9611 -36.4408 3
    endloop
  endfacet
  facet normal -0.848035 0.52994 0
    outer loop
      vertex 55.0189 -36.3534 0
      vertex 56.793 -33.5144 3
      vertex 56.793 -33.5144 0
    endloop
  endfacet
  facet normal -0.848035 0.52994 0
    outer loop
      vertex 56.793 -33.5144 3
      vertex 55.0189 -36.3534 0
      vertex 55.0189 -36.3534 3
    endloop
  endfacet
  facet normal -0.862008 0.506895 0
    outer loop
      vertex 56.793 -33.5144 0
      vertex 56.8461 -33.4241 3
      vertex 56.8461 -33.4241 0
    endloop
  endfacet
  facet normal -0.862008 0.506895 0
    outer loop
      vertex 56.8461 -33.4241 3
      vertex 56.793 -33.5144 0
      vertex 56.793 -33.5144 3
    endloop
  endfacet
  facet normal -0.874622 0.484806 0
    outer loop
      vertex 56.8461 -33.4241 0
      vertex 58.4691 -30.4961 3
      vertex 58.4691 -30.4961 0
    endloop
  endfacet
  facet normal -0.874622 0.484806 0
    outer loop
      vertex 58.4691 -30.4961 3
      vertex 56.8461 -33.4241 0
      vertex 56.8461 -33.4241 3
    endloop
  endfacet
  facet normal -0.886653 0.462435 0
    outer loop
      vertex 58.4691 -30.4961 0
      vertex 58.5175 -30.4033 3
      vertex 58.5175 -30.4033 0
    endloop
  endfacet
  facet normal -0.886653 0.462435 0
    outer loop
      vertex 58.5175 -30.4033 3
      vertex 58.4691 -30.4961 0
      vertex 58.4691 -30.4961 3
    endloop
  endfacet
  facet normal -0.898793 0.438374 0
    outer loop
      vertex 58.5175 -30.4033 0
      vertex 59.9851 -27.3943 3
      vertex 59.9851 -27.3943 0
    endloop
  endfacet
  facet normal -0.898793 0.438374 0
    outer loop
      vertex 59.9851 -27.3943 3
      vertex 58.5175 -30.4033 0
      vertex 58.5175 -30.4033 3
    endloop
  endfacet
  facet normal -0.910072 0.41445 0
    outer loop
      vertex 59.9851 -27.3943 0
      vertex 60.0285 -27.299 3
      vertex 60.0285 -27.299 0
    endloop
  endfacet
  facet normal -0.910072 0.41445 0
    outer loop
      vertex 60.0285 -27.299 3
      vertex 59.9851 -27.3943 0
      vertex 59.9851 -27.3943 3
    endloop
  endfacet
  facet normal -0.920501 0.390741 0
    outer loop
      vertex 60.0285 -27.299 0
      vertex 61.3366 -24.2174 3
      vertex 61.3366 -24.2174 0
    endloop
  endfacet
  facet normal -0.920501 0.390741 0
    outer loop
      vertex 61.3366 -24.2174 3
      vertex 60.0285 -27.299 0
      vertex 60.0285 -27.299 3
    endloop
  endfacet
  facet normal -0.930635 0.365948 0
    outer loop
      vertex 61.3366 -24.2174 0
      vertex 61.3749 -24.12 3
      vertex 61.3749 -24.12 0
    endloop
  endfacet
  facet normal -0.930635 0.365948 0
    outer loop
      vertex 61.3749 -24.12 3
      vertex 61.3366 -24.2174 0
      vertex 61.3366 -24.2174 3
    endloop
  endfacet
  facet normal -0.939694 0.342016 0
    outer loop
      vertex 61.3749 -24.12 0
      vertex 62.5199 -20.9741 3
      vertex 62.5199 -20.9741 0
    endloop
  endfacet
  facet normal -0.939694 0.342016 0
    outer loop
      vertex 62.5199 -20.9741 3
      vertex 61.3749 -24.12 0
      vertex 61.3749 -24.12 3
    endloop
  endfacet
  facet normal -0.948109 0.317946 0
    outer loop
      vertex 62.5199 -20.9741 0
      vertex 62.5532 -20.8748 3
      vertex 62.5532 -20.8748 0
    endloop
  endfacet
  facet normal -0.948109 0.317946 0
    outer loop
      vertex 62.5532 -20.8748 3
      vertex 62.5199 -20.9741 0
      vertex 62.5199 -20.9741 3
    endloop
  endfacet
  facet normal -0.956304 0.292373 0
    outer loop
      vertex 62.5532 -20.8748 0
      vertex 63.532 -17.6733 3
      vertex 63.532 -17.6733 0
    endloop
  endfacet
  facet normal -0.956304 0.292373 0
    outer loop
      vertex 63.532 -17.6733 3
      vertex 62.5532 -20.8748 0
      vertex 62.5532 -20.8748 3
    endloop
  endfacet
  facet normal -0.968259 0.249947 0
    outer loop
      vertex 63.532 -17.6733 0
      vertex 63.5756 -17.5044 3
      vertex 63.5756 -17.5044 0
    endloop
  endfacet
  facet normal -0.968259 0.249947 0
    outer loop
      vertex 63.5756 -17.5044 3
      vertex 63.532 -17.6733 0
      vertex 63.532 -17.6733 3
    endloop
  endfacet
  facet normal -0.986285 0.165049 0
    outer loop
      vertex 63.5756 -17.5044 0
      vertex 63.6044 -17.3323 3
      vertex 63.6044 -17.3323 0
    endloop
  endfacet
  facet normal -0.986285 0.165049 0
    outer loop
      vertex 63.6044 -17.3323 3
      vertex 63.5756 -17.5044 0
      vertex 63.5756 -17.5044 3
    endloop
  endfacet
  facet normal -0.996911 0.0785376 0
    outer loop
      vertex 63.6044 -17.3323 0
      vertex 63.6181 -17.1584 3
      vertex 63.6181 -17.1584 0
    endloop
  endfacet
  facet normal -0.996911 0.0785376 0
    outer loop
      vertex 63.6181 -17.1584 3
      vertex 63.6044 -17.3323 0
      vertex 63.6044 -17.3323 3
    endloop
  endfacet
  facet normal -0.999963 -0.00859567 0
    outer loop
      vertex 63.6181 -17.1584 0
      vertex 63.6166 -16.9839 3
      vertex 63.6166 -16.9839 0
    endloop
  endfacet
  facet normal -0.999963 -0.00859567 0
    outer loop
      vertex 63.6166 -16.9839 3
      vertex 63.6181 -17.1584 0
      vertex 63.6181 -17.1584 3
    endloop
  endfacet
  facet normal -0.99541 -0.0957015 0
    outer loop
      vertex 63.6166 -16.9839 0
      vertex 63.5999 -16.8102 3
      vertex 63.5999 -16.8102 0
    endloop
  endfacet
  facet normal -0.99541 -0.0957015 0
    outer loop
      vertex 63.5999 -16.8102 3
      vertex 63.6166 -16.9839 0
      vertex 63.6166 -16.9839 3
    endloop
  endfacet
  facet normal -0.98324 -0.182315 0
    outer loop
      vertex 63.5999 -16.8102 0
      vertex 63.5681 -16.6387 3
      vertex 63.5681 -16.6387 0
    endloop
  endfacet
  facet normal -0.98324 -0.182315 0
    outer loop
      vertex 63.5681 -16.6387 3
      vertex 63.5999 -16.8102 0
      vertex 63.5999 -16.8102 3
    endloop
  endfacet
  facet normal -0.963551 -0.267526 0
    outer loop
      vertex 63.5681 -16.6387 0
      vertex 63.5214 -16.4705 3
      vertex 63.5214 -16.4705 0
    endloop
  endfacet
  facet normal -0.963551 -0.267526 0
    outer loop
      vertex 63.5214 -16.4705 3
      vertex 63.5681 -16.6387 0
      vertex 63.5681 -16.6387 3
    endloop
  endfacet
  facet normal -0.936659 -0.350244 0
    outer loop
      vertex 63.5214 -16.4705 0
      vertex 63.4603 -16.3071 3
      vertex 63.4603 -16.3071 0
    endloop
  endfacet
  facet normal -0.936659 -0.350244 0
    outer loop
      vertex 63.4603 -16.3071 3
      vertex 63.5214 -16.4705 0
      vertex 63.5214 -16.4705 3
    endloop
  endfacet
  facet normal -0.902638 -0.430401 0
    outer loop
      vertex 63.4603 -16.3071 0
      vertex 63.3852 -16.1496 3
      vertex 63.3852 -16.1496 0
    endloop
  endfacet
  facet normal -0.902638 -0.430401 0
    outer loop
      vertex 63.3852 -16.1496 3
      vertex 63.4603 -16.3071 0
      vertex 63.4603 -16.3071 3
    endloop
  endfacet
  facet normal -0.861713 -0.507396 0
    outer loop
      vertex 63.3852 -16.1496 0
      vertex 63.2967 -15.9993 3
      vertex 63.2967 -15.9993 0
    endloop
  endfacet
  facet normal -0.861713 -0.507396 0
    outer loop
      vertex 63.2967 -15.9993 3
      vertex 63.3852 -16.1496 0
      vertex 63.3852 -16.1496 3
    endloop
  endfacet
  facet normal -0.814275 -0.580479 0
    outer loop
      vertex 63.2967 -15.9993 0
      vertex 63.1954 -15.8572 3
      vertex 63.1954 -15.8572 0
    endloop
  endfacet
  facet normal -0.814275 -0.580479 0
    outer loop
      vertex 63.1954 -15.8572 3
      vertex 63.2967 -15.9993 0
      vertex 63.2967 -15.9993 3
    endloop
  endfacet
  facet normal -0.760131 -0.64977 0
    outer loop
      vertex 63.1954 -15.8572 0
      vertex 63.0853 -15.7284 3
      vertex 63.0853 -15.7284 0
    endloop
  endfacet
  facet normal -0.760131 -0.64977 0
    outer loop
      vertex 63.0853 -15.7284 3
      vertex 63.1954 -15.8572 0
      vertex 63.1954 -15.8572 3
    endloop
  endfacet
  facet normal -0.216479 -0.976287 0
    outer loop
      vertex 66.0563 19.717 0
      vertex 66.2394 19.6764 3
      vertex 66.0563 19.717 3
    endloop
  endfacet
  facet normal -0.216479 -0.976287 -0
    outer loop
      vertex 66.2394 19.6764 3
      vertex 66.0563 19.717 0
      vertex 66.2394 19.6764 0
    endloop
  endfacet
  facet normal -0.991427 -0.130661 0
    outer loop
      vertex 67.8248 17.7871 0
      vertex 67.8003 17.973 3
      vertex 67.8003 17.973 0
    endloop
  endfacet
  facet normal -0.991427 -0.130661 0
    outer loop
      vertex 67.8003 17.973 3
      vertex 67.8248 17.7871 0
      vertex 67.8248 17.7871 3
    endloop
  endfacet
  facet normal -0.999044 -0.0437148 0
    outer loop
      vertex 67.833 17.5997 0
      vertex 67.8248 17.7871 3
      vertex 67.8248 17.7871 0
    endloop
  endfacet
  facet normal -0.999044 -0.0437148 0
    outer loop
      vertex 67.8248 17.7871 3
      vertex 67.833 17.5997 0
      vertex 67.833 17.5997 3
    endloop
  endfacet
  facet normal -0.976312 -0.216366 0
    outer loop
      vertex 67.8003 17.973 0
      vertex 67.7597 18.1562 3
      vertex 67.7597 18.1562 0
    endloop
  endfacet
  facet normal -0.976312 -0.216366 0
    outer loop
      vertex 67.7597 18.1562 3
      vertex 67.8003 17.973 0
      vertex 67.8003 17.973 3
    endloop
  endfacet
  facet normal -0.300672 -0.953728 0
    outer loop
      vertex 66.2394 19.6764 0
      vertex 66.4183 19.62 3
      vertex 66.2394 19.6764 3
    endloop
  endfacet
  facet normal -0.300672 -0.953728 -0
    outer loop
      vertex 66.4183 19.62 3
      vertex 66.2394 19.6764 0
      vertex 66.4183 19.62 0
    endloop
  endfacet
  facet normal 0.130592 -0.991436 0
    outer loop
      vertex 65.3096 19.717 0
      vertex 65.4956 19.7415 3
      vertex 65.3096 19.717 3
    endloop
  endfacet
  facet normal 0.130592 -0.991436 0
    outer loop
      vertex 65.4956 19.7415 3
      vertex 65.3096 19.717 0
      vertex 65.4956 19.7415 0
    endloop
  endfacet
  facet normal -0.5376 0.8432 0
    outer loop
      vertex 66.9161 15.8385 0
      vertex 66.758 15.7377 3
      vertex 66.9161 15.8385 3
    endloop
  endfacet
  facet normal -0.5376 0.8432 0
    outer loop
      vertex 66.758 15.7377 3
      vertex 66.9161 15.8385 0
      vertex 66.758 15.7377 0
    endloop
  endfacet
  facet normal 0.382305 0.924036 -0
    outer loop
      vertex 64.9476 15.5794 0
      vertex 64.7743 15.6511 3
      vertex 64.9476 15.5794 3
    endloop
  endfacet
  facet normal 0.382305 0.924036 0
    outer loop
      vertex 64.7743 15.6511 3
      vertex 64.9476 15.5794 0
      vertex 64.7743 15.6511 0
    endloop
  endfacet
  facet normal -0.216479 0.976287 0
    outer loop
      vertex 66.2394 15.523 0
      vertex 66.0563 15.4824 3
      vertex 66.2394 15.523 3
    endloop
  endfacet
  facet normal -0.216479 0.976287 0
    outer loop
      vertex 66.0563 15.4824 3
      vertex 66.2394 15.523 0
      vertex 66.0563 15.4824 0
    endloop
  endfacet
  facet normal 0.843307 0.537432 0
    outer loop
      vertex 63.9218 16.3665 3
      vertex 63.8531 16.4743 0
      vertex 63.8531 16.4743 3
    endloop
  endfacet
  facet normal 0.843307 0.537432 0
    outer loop
      vertex 63.8531 16.4743 0
      vertex 63.9218 16.3665 3
      vertex 63.9218 16.3665 0
    endloop
  endfacet
  facet normal -0.976312 0.216366 0
    outer loop
      vertex 67.7597 17.0432 0
      vertex 67.8003 17.2264 3
      vertex 67.8003 17.2264 0
    endloop
  endfacet
  facet normal -0.976312 0.216366 0
    outer loop
      vertex 67.8003 17.2264 3
      vertex 67.7597 17.0432 0
      vertex 67.7597 17.0432 3
    endloop
  endfacet
  facet normal 0.300672 -0.953728 0
    outer loop
      vertex 64.9476 19.62 0
      vertex 65.1265 19.6764 3
      vertex 64.9476 19.62 3
    endloop
  endfacet
  facet normal 0.300672 -0.953728 0
    outer loop
      vertex 65.1265 19.6764 3
      vertex 64.9476 19.62 0
      vertex 65.1265 19.6764 0
    endloop
  endfacet
  facet normal -0.793297 0.608834 0
    outer loop
      vertex 67.3299 16.2177 0
      vertex 67.4441 16.3665 3
      vertex 67.4441 16.3665 0
    endloop
  endfacet
  facet normal -0.793297 0.608834 0
    outer loop
      vertex 67.4441 16.3665 3
      vertex 67.3299 16.2177 0
      vertex 67.3299 16.2177 3
    endloop
  endfacet
  facet normal 0.216479 -0.976287 0
    outer loop
      vertex 65.1265 19.6764 0
      vertex 65.3096 19.717 3
      vertex 65.1265 19.6764 3
    endloop
  endfacet
  facet normal 0.216479 -0.976287 0
    outer loop
      vertex 65.3096 19.717 3
      vertex 65.1265 19.6764 0
      vertex 65.3096 19.717 0
    endloop
  endfacet
  facet normal 0.991427 -0.130661 0
    outer loop
      vertex 63.5411 17.7871 3
      vertex 63.5656 17.973 0
      vertex 63.5656 17.973 3
    endloop
  endfacet
  facet normal 0.991427 -0.130661 0
    outer loop
      vertex 63.5656 17.973 0
      vertex 63.5411 17.7871 3
      vertex 63.5411 17.7871 0
    endloop
  endfacet
  facet normal -0.537221 -0.843442 0
    outer loop
      vertex 66.758 19.4616 0
      vertex 66.9161 19.3609 3
      vertex 66.758 19.4616 3
    endloop
  endfacet
  facet normal -0.537221 -0.843442 -0
    outer loop
      vertex 66.9161 19.3609 3
      vertex 66.758 19.4616 0
      vertex 66.9161 19.3609 0
    endloop
  endfacet
  facet normal -0.737353 -0.675507 0
    outer loop
      vertex 67.3299 18.9817 0
      vertex 67.2032 19.12 3
      vertex 67.2032 19.12 0
    endloop
  endfacet
  facet normal -0.737353 -0.675507 0
    outer loop
      vertex 67.2032 19.12 3
      vertex 67.3299 18.9817 0
      vertex 67.3299 18.9817 3
    endloop
  endfacet
  facet normal -0.130592 0.991436 0
    outer loop
      vertex 66.0563 15.4824 0
      vertex 65.8703 15.4579 3
      vertex 66.0563 15.4824 3
    endloop
  endfacet
  facet normal -0.130592 0.991436 0
    outer loop
      vertex 65.8703 15.4579 3
      vertex 66.0563 15.4824 0
      vertex 65.8703 15.4579 0
    endloop
  endfacet
  facet normal 0.737353 -0.675507 0
    outer loop
      vertex 64.036 18.9817 3
      vertex 64.1627 19.12 0
      vertex 64.1627 19.12 3
    endloop
  endfacet
  facet normal 0.737353 -0.675507 0
    outer loop
      vertex 64.1627 19.12 0
      vertex 64.036 18.9817 3
      vertex 64.036 18.9817 0
    endloop
  endfacet
  facet normal -0.462074 -0.886841 0
    outer loop
      vertex 66.5916 19.5483 0
      vertex 66.758 19.4616 3
      vertex 66.5916 19.5483 3
    endloop
  endfacet
  facet normal -0.462074 -0.886841 -0
    outer loop
      vertex 66.758 19.4616 3
      vertex 66.5916 19.5483 0
      vertex 66.758 19.4616 0
    endloop
  endfacet
  facet normal 0.976249 0.216652 0
    outer loop
      vertex 63.5986 17.0777 3
      vertex 63.5656 17.2264 0
      vertex 63.5656 17.2264 3
    endloop
  endfacet
  facet normal 0.976249 0.216652 0
    outer loop
      vertex 63.5656 17.2264 0
      vertex 63.5986 17.0777 3
      vertex 63.5986 17.0777 0
    endloop
  endfacet
  facet normal 0.608834 -0.793297 0
    outer loop
      vertex 64.301 19.2467 0
      vertex 64.4498 19.3609 3
      vertex 64.301 19.2467 3
    endloop
  endfacet
  facet normal 0.608834 -0.793297 0
    outer loop
      vertex 64.4498 19.3609 3
      vertex 64.301 19.2467 0
      vertex 64.4498 19.3609 0
    endloop
  endfacet
  facet normal -0.608834 -0.793297 0
    outer loop
      vertex 66.9161 19.3609 0
      vertex 67.0649 19.2467 3
      vertex 66.9161 19.3609 3
    endloop
  endfacet
  facet normal -0.608834 -0.793297 -0
    outer loop
      vertex 67.0649 19.2467 3
      vertex 66.9161 19.3609 0
      vertex 67.0649 19.2467 0
    endloop
  endfacet
  facet normal -0.793297 -0.608834 0
    outer loop
      vertex 67.4441 18.8329 0
      vertex 67.3299 18.9817 3
      vertex 67.3299 18.9817 0
    endloop
  endfacet
  facet normal -0.793297 -0.608834 0
    outer loop
      vertex 67.3299 18.9817 3
      vertex 67.4441 18.8329 0
      vertex 67.4441 18.8329 3
    endloop
  endfacet
  facet normal -0.999044 0.0437148 0
    outer loop
      vertex 67.8248 17.4123 0
      vertex 67.833 17.5997 3
      vertex 67.833 17.5997 0
    endloop
  endfacet
  facet normal -0.999044 0.0437148 0
    outer loop
      vertex 67.833 17.5997 3
      vertex 67.8248 17.4123 0
      vertex 67.8248 17.4123 3
    endloop
  endfacet
  facet normal -0.461655 0.88706 0
    outer loop
      vertex 66.758 15.7377 0
      vertex 66.5916 15.6511 3
      vertex 66.758 15.7377 3
    endloop
  endfacet
  facet normal -0.461655 0.88706 0
    outer loop
      vertex 66.5916 15.6511 3
      vertex 66.758 15.7377 0
      vertex 66.5916 15.6511 0
    endloop
  endfacet
  facet normal -0.300672 0.953728 0
    outer loop
      vertex 66.4183 15.5794 0
      vertex 66.2394 15.523 3
      vertex 66.4183 15.5794 3
    endloop
  endfacet
  facet normal -0.300672 0.953728 0
    outer loop
      vertex 66.2394 15.523 3
      vertex 66.4183 15.5794 0
      vertex 66.2394 15.523 0
    endloop
  endfacet
  facet normal -0.843354 -0.537358 0
    outer loop
      vertex 67.5449 18.6747 0
      vertex 67.4441 18.8329 3
      vertex 67.4441 18.8329 0
    endloop
  endfacet
  facet normal -0.843354 -0.537358 0
    outer loop
      vertex 67.4441 18.8329 3
      vertex 67.5449 18.6747 0
      vertex 67.5449 18.6747 3
    endloop
  endfacet
  facet normal 0.608834 0.793297 -0
    outer loop
      vertex 64.4498 15.8385 0
      vertex 64.301 15.9527 3
      vertex 64.4498 15.8385 3
    endloop
  endfacet
  facet normal 0.608834 0.793297 0
    outer loop
      vertex 64.301 15.9527 3
      vertex 64.4498 15.8385 0
      vertex 64.301 15.9527 0
    endloop
  endfacet
  facet normal 0.300672 0.953728 -0
    outer loop
      vertex 65.1265 15.523 0
      vertex 64.9476 15.5794 3
      vertex 65.1265 15.523 3
    endloop
  endfacet
  facet normal 0.300672 0.953728 0
    outer loop
      vertex 64.9476 15.5794 3
      vertex 65.1265 15.523 0
      vertex 64.9476 15.5794 0
    endloop
  endfacet
  facet normal -0.953679 -0.300825 0
    outer loop
      vertex 67.7597 18.1562 0
      vertex 67.7033 18.335 3
      vertex 67.7033 18.335 0
    endloop
  endfacet
  facet normal -0.953679 -0.300825 0
    outer loop
      vertex 67.7033 18.335 3
      vertex 67.7597 18.1562 0
      vertex 67.7597 18.1562 3
    endloop
  endfacet
  facet normal -0.88706 0.461655 0
    outer loop
      vertex 67.5449 16.5247 0
      vertex 67.6315 16.6911 3
      vertex 67.6315 16.6911 0
    endloop
  endfacet
  facet normal -0.88706 0.461655 0
    outer loop
      vertex 67.6315 16.6911 3
      vertex 67.5449 16.5247 0
      vertex 67.5449 16.5247 3
    endloop
  endfacet
  facet normal 0.537358 0.843354 -0
    outer loop
      vertex 64.608 15.7377 0
      vertex 64.4498 15.8385 3
      vertex 64.608 15.7377 3
    endloop
  endfacet
  facet normal 0.537358 0.843354 0
    outer loop
      vertex 64.4498 15.8385 3
      vertex 64.608 15.7377 0
      vertex 64.4498 15.8385 0
    endloop
  endfacet
  facet normal -0.953679 0.300825 0
    outer loop
      vertex 67.7033 16.8644 0
      vertex 67.7597 17.0432 3
      vertex 67.7597 17.0432 0
    endloop
  endfacet
  facet normal -0.953679 0.300825 0
    outer loop
      vertex 67.7597 17.0432 3
      vertex 67.7033 16.8644 0
      vertex 67.7033 16.8644 3
    endloop
  endfacet
  facet normal 0.130592 0.991436 -0
    outer loop
      vertex 65.4956 15.4579 0
      vertex 65.3096 15.4824 3
      vertex 65.4956 15.4579 3
    endloop
  endfacet
  facet normal 0.130592 0.991436 0
    outer loop
      vertex 65.3096 15.4824 3
      vertex 65.4956 15.4579 0
      vertex 65.3096 15.4824 0
    endloop
  endfacet
  facet normal -0.675507 -0.737353 0
    outer loop
      vertex 67.0649 19.2467 0
      vertex 67.2032 19.12 3
      vertex 67.0649 19.2467 3
    endloop
  endfacet
  facet normal -0.675507 -0.737353 -0
    outer loop
      vertex 67.2032 19.12 3
      vertex 67.0649 19.2467 0
      vertex 67.2032 19.12 0
    endloop
  endfacet
  facet normal -0.130592 -0.991436 0
    outer loop
      vertex 65.8703 19.7415 0
      vertex 66.0563 19.717 3
      vertex 65.8703 19.7415 3
    endloop
  endfacet
  facet normal -0.130592 -0.991436 -0
    outer loop
      vertex 66.0563 19.717 3
      vertex 65.8703 19.7415 0
      vertex 66.0563 19.717 0
    endloop
  endfacet
  facet normal -0.843354 0.537358 0
    outer loop
      vertex 67.4441 16.3665 0
      vertex 67.5449 16.5247 3
      vertex 67.5449 16.5247 0
    endloop
  endfacet
  facet normal -0.843354 0.537358 0
    outer loop
      vertex 67.5449 16.5247 3
      vertex 67.4441 16.3665 0
      vertex 67.4441 16.3665 3
    endloop
  endfacet
  facet normal -0.608834 0.793297 0
    outer loop
      vertex 67.0649 15.9527 0
      vertex 66.9161 15.8385 3
      vertex 67.0649 15.9527 3
    endloop
  endfacet
  facet normal -0.608834 0.793297 0
    outer loop
      vertex 66.9161 15.8385 3
      vertex 67.0649 15.9527 0
      vertex 66.9161 15.8385 0
    endloop
  endfacet
  facet normal 0.843354 -0.537358 0
    outer loop
      vertex 63.821 18.6747 3
      vertex 63.9218 18.8329 0
      vertex 63.9218 18.8329 3
    endloop
  endfacet
  facet normal 0.843354 -0.537358 0
    outer loop
      vertex 63.9218 18.8329 0
      vertex 63.821 18.6747 3
      vertex 63.821 18.6747 0
    endloop
  endfacet
  facet normal -0.923848 0.38276 0
    outer loop
      vertex 67.6315 16.6911 0
      vertex 67.7033 16.8644 3
      vertex 67.7033 16.8644 0
    endloop
  endfacet
  facet normal -0.923848 0.38276 0
    outer loop
      vertex 67.7033 16.8644 3
      vertex 67.6315 16.6911 0
      vertex 67.6315 16.6911 3
    endloop
  endfacet
  facet normal -0.923848 -0.38276 0
    outer loop
      vertex 67.7033 18.335 0
      vertex 67.6315 18.5083 3
      vertex 67.6315 18.5083 0
    endloop
  endfacet
  facet normal -0.923848 -0.38276 0
    outer loop
      vertex 67.6315 18.5083 3
      vertex 67.7033 18.335 0
      vertex 67.7033 18.335 3
    endloop
  endfacet
  facet normal 0.0437148 0.999044 -0
    outer loop
      vertex 65.683 15.4497 0
      vertex 65.4956 15.4579 3
      vertex 65.683 15.4497 3
    endloop
  endfacet
  facet normal 0.0437148 0.999044 0
    outer loop
      vertex 65.4956 15.4579 3
      vertex 65.683 15.4497 0
      vertex 65.4956 15.4579 0
    endloop
  endfacet
  facet normal -0.382305 0.924036 0
    outer loop
      vertex 66.5916 15.6511 0
      vertex 66.4183 15.5794 3
      vertex 66.5916 15.6511 3
    endloop
  endfacet
  facet normal -0.382305 0.924036 0
    outer loop
      vertex 66.4183 15.5794 3
      vertex 66.5916 15.6511 0
      vertex 66.4183 15.5794 0
    endloop
  endfacet
  facet normal -0.88706 -0.461655 0
    outer loop
      vertex 67.6315 18.5083 0
      vertex 67.5449 18.6747 3
      vertex 67.5449 18.6747 0
    endloop
  endfacet
  facet normal -0.88706 -0.461655 0
    outer loop
      vertex 67.5449 18.6747 3
      vertex 67.6315 18.5083 0
      vertex 67.6315 18.5083 3
    endloop
  endfacet
  facet normal 0.536979 -0.843596 0
    outer loop
      vertex 64.4498 19.3609 0
      vertex 64.608 19.4616 3
      vertex 64.4498 19.3609 3
    endloop
  endfacet
  facet normal 0.536979 -0.843596 0
    outer loop
      vertex 64.608 19.4616 3
      vertex 64.4498 19.3609 0
      vertex 64.608 19.4616 0
    endloop
  endfacet
  facet normal 0.675507 -0.737353 0
    outer loop
      vertex 64.1627 19.12 0
      vertex 64.301 19.2467 3
      vertex 64.1627 19.12 3
    endloop
  endfacet
  facet normal 0.675507 -0.737353 0
    outer loop
      vertex 64.301 19.2467 3
      vertex 64.1627 19.12 0
      vertex 64.301 19.2467 0
    endloop
  endfacet
  facet normal 0.793297 0.608834 0
    outer loop
      vertex 64.036 16.2177 3
      vertex 63.9218 16.3665 0
      vertex 63.9218 16.3665 3
    endloop
  endfacet
  facet normal 0.793297 0.608834 0
    outer loop
      vertex 63.9218 16.3665 0
      vertex 64.036 16.2177 3
      vertex 64.036 16.2177 0
    endloop
  endfacet
  facet normal 0.382305 -0.924036 0
    outer loop
      vertex 64.7743 19.5483 0
      vertex 64.9476 19.62 3
      vertex 64.7743 19.5483 3
    endloop
  endfacet
  facet normal 0.382305 -0.924036 0
    outer loop
      vertex 64.9476 19.62 3
      vertex 64.7743 19.5483 0
      vertex 64.9476 19.62 0
    endloop
  endfacet
  facet normal 0.999067 0.0431827 0
    outer loop
      vertex 63.5411 17.4123 3
      vertex 63.533 17.5997 0
      vertex 63.533 17.5997 3
    endloop
  endfacet
  facet normal 0.999067 0.0431827 0
    outer loop
      vertex 63.533 17.5997 0
      vertex 63.5411 17.4123 3
      vertex 63.5411 17.4123 0
    endloop
  endfacet
  facet normal -0.382305 -0.924036 0
    outer loop
      vertex 66.4183 19.62 0
      vertex 66.5916 19.5483 3
      vertex 66.4183 19.62 3
    endloop
  endfacet
  facet normal -0.382305 -0.924036 -0
    outer loop
      vertex 66.5916 19.5483 3
      vertex 66.4183 19.62 0
      vertex 66.5916 19.5483 0
    endloop
  endfacet
  facet normal 0.737353 0.675507 0
    outer loop
      vertex 64.1627 16.0794 3
      vertex 64.036 16.2177 0
      vertex 64.036 16.2177 3
    endloop
  endfacet
  facet normal 0.737353 0.675507 0
    outer loop
      vertex 64.036 16.2177 0
      vertex 64.1627 16.0794 3
      vertex 64.1627 16.0794 0
    endloop
  endfacet
  facet normal -0.0437381 0.999043 0
    outer loop
      vertex 65.8703 15.4579 0
      vertex 65.683 15.4497 3
      vertex 65.8703 15.4579 3
    endloop
  endfacet
  facet normal -0.0437381 0.999043 0
    outer loop
      vertex 65.683 15.4497 3
      vertex 65.8703 15.4579 0
      vertex 65.683 15.4497 0
    endloop
  endfacet
  facet normal 0.991427 0.130661 0
    outer loop
      vertex 63.5656 17.2264 3
      vertex 63.5411 17.4123 0
      vertex 63.5411 17.4123 3
    endloop
  endfacet
  facet normal 0.991427 0.130661 0
    outer loop
      vertex 63.5411 17.4123 0
      vertex 63.5656 17.2264 3
      vertex 63.5656 17.2264 0
    endloop
  endfacet
  facet normal 0.462293 -0.886727 0
    outer loop
      vertex 64.608 19.4616 0
      vertex 64.7743 19.5483 3
      vertex 64.608 19.4616 3
    endloop
  endfacet
  facet normal 0.462293 -0.886727 0
    outer loop
      vertex 64.7743 19.5483 3
      vertex 64.608 19.4616 0
      vertex 64.7743 19.5483 0
    endloop
  endfacet
  facet normal 0.88706 -0.461655 0
    outer loop
      vertex 63.7344 18.5083 3
      vertex 63.821 18.6747 0
      vertex 63.821 18.6747 3
    endloop
  endfacet
  facet normal 0.88706 -0.461655 0
    outer loop
      vertex 63.821 18.6747 0
      vertex 63.7344 18.5083 3
      vertex 63.7344 18.5083 0
    endloop
  endfacet
  facet normal 0.953679 -0.300825 0
    outer loop
      vertex 63.6062 18.1562 3
      vertex 63.6626 18.335 0
      vertex 63.6626 18.335 3
    endloop
  endfacet
  facet normal 0.953679 -0.300825 0
    outer loop
      vertex 63.6626 18.335 0
      vertex 63.6062 18.1562 3
      vertex 63.6062 18.1562 0
    endloop
  endfacet
  facet normal 0.976312 -0.216366 0
    outer loop
      vertex 63.5656 17.973 3
      vertex 63.6062 18.1562 0
      vertex 63.6062 18.1562 3
    endloop
  endfacet
  facet normal 0.976312 -0.216366 0
    outer loop
      vertex 63.6062 18.1562 0
      vertex 63.5656 17.973 3
      vertex 63.5656 17.973 0
    endloop
  endfacet
  facet normal 0.0437148 -0.999044 0
    outer loop
      vertex 65.4956 19.7415 0
      vertex 65.683 19.7497 3
      vertex 65.4956 19.7415 3
    endloop
  endfacet
  facet normal 0.0437148 -0.999044 0
    outer loop
      vertex 65.683 19.7497 3
      vertex 65.4956 19.7415 0
      vertex 65.683 19.7497 0
    endloop
  endfacet
  facet normal -0.991427 0.130661 0
    outer loop
      vertex 67.8003 17.2264 0
      vertex 67.8248 17.4123 3
      vertex 67.8248 17.4123 0
    endloop
  endfacet
  facet normal -0.991427 0.130661 0
    outer loop
      vertex 67.8248 17.4123 3
      vertex 67.8003 17.2264 0
      vertex 67.8003 17.2264 3
    endloop
  endfacet
  facet normal -0.0437381 -0.999043 0
    outer loop
      vertex 65.683 19.7497 0
      vertex 65.8703 19.7415 3
      vertex 65.683 19.7497 3
    endloop
  endfacet
  facet normal -0.0437381 -0.999043 -0
    outer loop
      vertex 65.8703 19.7415 3
      vertex 65.683 19.7497 0
      vertex 65.8703 19.7415 0
    endloop
  endfacet
  facet normal 0.461873 0.886946 -0
    outer loop
      vertex 64.7743 15.6511 0
      vertex 64.608 15.7377 3
      vertex 64.7743 15.6511 3
    endloop
  endfacet
  facet normal 0.461873 0.886946 0
    outer loop
      vertex 64.608 15.7377 3
      vertex 64.7743 15.6511 0
      vertex 64.608 15.7377 0
    endloop
  endfacet
  facet normal 0.999067 -0.0431827 0
    outer loop
      vertex 63.533 17.5997 3
      vertex 63.5411 17.7871 0
      vertex 63.5411 17.7871 3
    endloop
  endfacet
  facet normal 0.999067 -0.0431827 0
    outer loop
      vertex 63.5411 17.7871 0
      vertex 63.533 17.5997 3
      vertex 63.533 17.5997 0
    endloop
  endfacet
  facet normal -0.737353 0.675507 0
    outer loop
      vertex 67.2032 16.0794 0
      vertex 67.3299 16.2177 3
      vertex 67.3299 16.2177 0
    endloop
  endfacet
  facet normal -0.737353 0.675507 0
    outer loop
      vertex 67.3299 16.2177 3
      vertex 67.2032 16.0794 0
      vertex 67.2032 16.0794 3
    endloop
  endfacet
  facet normal 0.216479 0.976287 -0
    outer loop
      vertex 65.3096 15.4824 0
      vertex 65.1265 15.523 3
      vertex 65.3096 15.4824 3
    endloop
  endfacet
  facet normal 0.216479 0.976287 0
    outer loop
      vertex 65.1265 15.523 3
      vertex 65.3096 15.4824 0
      vertex 65.1265 15.523 0
    endloop
  endfacet
  facet normal -0.675507 0.737353 0
    outer loop
      vertex 67.2032 16.0794 0
      vertex 67.0649 15.9527 3
      vertex 67.2032 16.0794 3
    endloop
  endfacet
  facet normal -0.675507 0.737353 0
    outer loop
      vertex 67.0649 15.9527 3
      vertex 67.2032 16.0794 0
      vertex 67.0649 15.9527 0
    endloop
  endfacet
  facet normal 0.923848 -0.38276 0
    outer loop
      vertex 63.6626 18.335 3
      vertex 63.7344 18.5083 0
      vertex 63.7344 18.5083 3
    endloop
  endfacet
  facet normal 0.923848 -0.38276 0
    outer loop
      vertex 63.7344 18.5083 0
      vertex 63.6626 18.335 3
      vertex 63.6626 18.335 0
    endloop
  endfacet
  facet normal 0.675507 0.737353 -0
    outer loop
      vertex 64.301 15.9527 0
      vertex 64.1627 16.0794 3
      vertex 64.301 15.9527 3
    endloop
  endfacet
  facet normal 0.675507 0.737353 0
    outer loop
      vertex 64.1627 16.0794 3
      vertex 64.301 15.9527 0
      vertex 64.1627 16.0794 0
    endloop
  endfacet
  facet normal 0.793297 -0.608834 0
    outer loop
      vertex 63.9218 18.8329 3
      vertex 64.036 18.9817 0
      vertex 64.036 18.9817 3
    endloop
  endfacet
  facet normal 0.793297 -0.608834 0
    outer loop
      vertex 64.036 18.9817 0
      vertex 63.9218 18.8329 3
      vertex 63.9218 18.8329 0
    endloop
  endfacet
  facet normal -0.991436 -0.130592 0
    outer loop
      vertex -15.4579 65.8703 0
      vertex -15.4824 66.0563 3
      vertex -15.4824 66.0563 0
    endloop
  endfacet
  facet normal -0.991436 -0.130592 0
    outer loop
      vertex -15.4824 66.0563 3
      vertex -15.4579 65.8703 0
      vertex -15.4579 65.8703 3
    endloop
  endfacet
  facet normal -0.999043 -0.0437381 0
    outer loop
      vertex -15.4497 65.683 0
      vertex -15.4579 65.8703 3
      vertex -15.4579 65.8703 0
    endloop
  endfacet
  facet normal -0.999043 -0.0437381 0
    outer loop
      vertex -15.4579 65.8703 3
      vertex -15.4497 65.683 0
      vertex -15.4497 65.683 3
    endloop
  endfacet
  facet normal -0.976287 -0.216479 0
    outer loop
      vertex -15.4824 66.0563 0
      vertex -15.523 66.2394 3
      vertex -15.523 66.2394 0
    endloop
  endfacet
  facet normal -0.976287 -0.216479 0
    outer loop
      vertex -15.523 66.2394 3
      vertex -15.4824 66.0563 0
      vertex -15.4824 66.0563 3
    endloop
  endfacet
  facet normal -0.793297 -0.608834 0
    outer loop
      vertex -15.8385 66.9161 0
      vertex -15.9527 67.0649 3
      vertex -15.9527 67.0649 0
    endloop
  endfacet
  facet normal -0.793297 -0.608834 0
    outer loop
      vertex -15.9527 67.0649 3
      vertex -15.8385 66.9161 0
      vertex -15.8385 66.9161 3
    endloop
  endfacet
  facet normal -0.953728 -0.300672 0
    outer loop
      vertex -15.523 66.2394 0
      vertex -15.5794 66.4183 3
      vertex -15.5794 66.4183 0
    endloop
  endfacet
  facet normal -0.953728 -0.300672 0
    outer loop
      vertex -15.5794 66.4183 3
      vertex -15.523 66.2394 0
      vertex -15.523 66.2394 3
    endloop
  endfacet
  facet normal -0.737353 -0.675507 0
    outer loop
      vertex -15.9527 67.0649 0
      vertex -16.0794 67.2032 3
      vertex -16.0794 67.2032 0
    endloop
  endfacet
  facet normal -0.737353 -0.675507 0
    outer loop
      vertex -16.0794 67.2032 3
      vertex -15.9527 67.0649 0
      vertex -15.9527 67.0649 3
    endloop
  endfacet
  facet normal 0.991436 -0.130592 0
    outer loop
      vertex -19.7415 65.8703 3
      vertex -19.717 66.0563 0
      vertex -19.717 66.0563 3
    endloop
  endfacet
  facet normal 0.991436 -0.130592 0
    outer loop
      vertex -19.717 66.0563 0
      vertex -19.7415 65.8703 3
      vertex -19.7415 65.8703 0
    endloop
  endfacet
  facet normal -0.461655 -0.88706 0
    outer loop
      vertex -16.6911 67.6315 0
      vertex -16.5247 67.5449 3
      vertex -16.6911 67.6315 3
    endloop
  endfacet
  facet normal -0.461655 -0.88706 -0
    outer loop
      vertex -16.5247 67.5449 3
      vertex -16.6911 67.6315 0
      vertex -16.5247 67.5449 0
    endloop
  endfacet
  facet normal -0.999044 0.0437148 0
    outer loop
      vertex -15.4579 65.4956 0
      vertex -15.4497 65.683 3
      vertex -15.4497 65.683 0
    endloop
  endfacet
  facet normal -0.999044 0.0437148 0
    outer loop
      vertex -15.4497 65.683 3
      vertex -15.4579 65.4956 0
      vertex -15.4579 65.4956 3
    endloop
  endfacet
  facet normal 0.0431827 0.999067 -0
    outer loop
      vertex -17.5997 63.533 0
      vertex -17.7871 63.5411 3
      vertex -17.5997 63.533 3
    endloop
  endfacet
  facet normal 0.0431827 0.999067 0
    outer loop
      vertex -17.7871 63.5411 3
      vertex -17.5997 63.533 0
      vertex -17.7871 63.5411 0
    endloop
  endfacet
  facet normal 0.924036 -0.382305 0
    outer loop
      vertex -19.62 66.4183 3
      vertex -19.5483 66.5916 0
      vertex -19.5483 66.5916 3
    endloop
  endfacet
  facet normal 0.924036 -0.382305 0
    outer loop
      vertex -19.5483 66.5916 0
      vertex -19.62 66.4183 3
      vertex -19.62 66.4183 0
    endloop
  endfacet
  facet normal -0.130661 0.991427 0
    outer loop
      vertex -17.2264 63.5656 0
      vertex -17.4123 63.5411 3
      vertex -17.2264 63.5656 3
    endloop
  endfacet
  facet normal -0.130661 0.991427 0
    outer loop
      vertex -17.4123 63.5411 3
      vertex -17.2264 63.5656 0
      vertex -17.4123 63.5411 0
    endloop
  endfacet
  facet normal -0.675507 0.737353 0
    outer loop
      vertex -16.0794 64.1627 0
      vertex -16.2177 64.036 3
      vertex -16.0794 64.1627 3
    endloop
  endfacet
  facet normal -0.675507 0.737353 0
    outer loop
      vertex -16.2177 64.036 3
      vertex -16.0794 64.1627 0
      vertex -16.2177 64.036 0
    endloop
  endfacet
  facet normal -0.886946 0.461873 0
    outer loop
      vertex -15.7377 64.608 0
      vertex -15.6511 64.7743 3
      vertex -15.6511 64.7743 0
    endloop
  endfacet
  facet normal -0.886946 0.461873 0
    outer loop
      vertex -15.6511 64.7743 3
      vertex -15.7377 64.608 0
      vertex -15.7377 64.608 3
    endloop
  endfacet
  facet normal 0.976287 -0.216479 0
    outer loop
      vertex -19.717 66.0563 3
      vertex -19.6764 66.2394 0
      vertex -19.6764 66.2394 3
    endloop
  endfacet
  facet normal 0.976287 -0.216479 0
    outer loop
      vertex -19.6764 66.2394 0
      vertex -19.717 66.0563 3
      vertex -19.717 66.0563 0
    endloop
  endfacet
  facet normal 0.953728 0.300672 0
    outer loop
      vertex -19.62 64.9476 3
      vertex -19.6764 65.1265 0
      vertex -19.6764 65.1265 3
    endloop
  endfacet
  facet normal 0.953728 0.300672 0
    outer loop
      vertex -19.6764 65.1265 0
      vertex -19.62 64.9476 3
      vertex -19.62 64.9476 0
    endloop
  endfacet
  facet normal 0.216366 0.976312 -0
    outer loop
      vertex -17.973 63.5656 0
      vertex -18.1562 63.6062 3
      vertex -17.973 63.5656 3
    endloop
  endfacet
  facet normal 0.216366 0.976312 0
    outer loop
      vertex -18.1562 63.6062 3
      vertex -17.973 63.5656 0
      vertex -18.1562 63.6062 0
    endloop
  endfacet
  facet normal -0.843354 0.537358 0
    outer loop
      vertex -15.8385 64.4498 0
      vertex -15.7377 64.608 3
      vertex -15.7377 64.608 0
    endloop
  endfacet
  facet normal -0.843354 0.537358 0
    outer loop
      vertex -15.7377 64.608 3
      vertex -15.8385 64.4498 0
      vertex -15.8385 64.4498 3
    endloop
  endfacet
  facet normal 0.461655 -0.88706 0
    outer loop
      vertex -18.6747 67.5449 0
      vertex -18.5083 67.6315 3
      vertex -18.6747 67.5449 3
    endloop
  endfacet
  facet normal 0.461655 -0.88706 0
    outer loop
      vertex -18.5083 67.6315 3
      vertex -18.6747 67.5449 0
      vertex -18.5083 67.6315 0
    endloop
  endfacet
  facet normal -0.976287 0.216479 0
    outer loop
      vertex -15.523 65.1265 0
      vertex -15.4824 65.3096 3
      vertex -15.4824 65.3096 0
    endloop
  endfacet
  facet normal -0.976287 0.216479 0
    outer loop
      vertex -15.4824 65.3096 3
      vertex -15.523 65.1265 0
      vertex -15.523 65.1265 3
    endloop
  endfacet
  facet normal 0.999043 -0.0437381 0
    outer loop
      vertex -19.7497 65.683 3
      vertex -19.7415 65.8703 0
      vertex -19.7415 65.8703 3
    endloop
  endfacet
  facet normal 0.999043 -0.0437381 0
    outer loop
      vertex -19.7415 65.8703 0
      vertex -19.7497 65.683 3
      vertex -19.7497 65.683 0
    endloop
  endfacet
  facet normal -0.537432 0.843307 0
    outer loop
      vertex -16.3665 63.9218 0
      vertex -16.4743 63.8531 3
      vertex -16.3665 63.9218 3
    endloop
  endfacet
  facet normal -0.537432 0.843307 0
    outer loop
      vertex -16.4743 63.8531 3
      vertex -16.3665 63.9218 0
      vertex -16.4743 63.8531 0
    endloop
  endfacet
  facet normal -0.608834 0.793297 0
    outer loop
      vertex -16.2177 64.036 0
      vertex -16.3665 63.9218 3
      vertex -16.2177 64.036 3
    endloop
  endfacet
  facet normal -0.608834 0.793297 0
    outer loop
      vertex -16.3665 63.9218 3
      vertex -16.2177 64.036 0
      vertex -16.3665 63.9218 0
    endloop
  endfacet
  facet normal -0.737353 0.675507 0
    outer loop
      vertex -16.0794 64.1627 0
      vertex -15.9527 64.301 3
      vertex -15.9527 64.301 0
    endloop
  endfacet
  facet normal -0.737353 0.675507 0
    outer loop
      vertex -15.9527 64.301 3
      vertex -16.0794 64.1627 0
      vertex -16.0794 64.1627 3
    endloop
  endfacet
  facet normal -0.216652 0.976249 0
    outer loop
      vertex -17.0777 63.5986 0
      vertex -17.2264 63.5656 3
      vertex -17.0777 63.5986 3
    endloop
  endfacet
  facet normal -0.216652 0.976249 0
    outer loop
      vertex -17.2264 63.5656 3
      vertex -17.0777 63.5986 0
      vertex -17.2264 63.5656 0
    endloop
  endfacet
  facet normal 0.886841 -0.462074 0
    outer loop
      vertex -19.5483 66.5916 3
      vertex -19.4616 66.758 0
      vertex -19.4616 66.758 3
    endloop
  endfacet
  facet normal 0.886841 -0.462074 0
    outer loop
      vertex -19.4616 66.758 0
      vertex -19.5483 66.5916 3
      vertex -19.5483 66.5916 0
    endloop
  endfacet
  facet normal -0.0431827 0.999067 0
    outer loop
      vertex -17.4123 63.5411 0
      vertex -17.5997 63.533 3
      vertex -17.4123 63.5411 3
    endloop
  endfacet
  facet normal -0.0431827 0.999067 0
    outer loop
      vertex -17.5997 63.533 3
      vertex -17.4123 63.5411 0
      vertex -17.5997 63.533 0
    endloop
  endfacet
  facet normal -0.8432 -0.5376 0
    outer loop
      vertex -15.7377 66.758 0
      vertex -15.8385 66.9161 3
      vertex -15.8385 66.9161 0
    endloop
  endfacet
  facet normal -0.8432 -0.5376 0
    outer loop
      vertex -15.8385 66.9161 3
      vertex -15.7377 66.758 0
      vertex -15.7377 66.758 3
    endloop
  endfacet
  facet normal -0.924036 -0.382305 0
    outer loop
      vertex -15.5794 66.4183 0
      vertex -15.6511 66.5916 3
      vertex -15.6511 66.5916 0
    endloop
  endfacet
  facet normal -0.924036 -0.382305 0
    outer loop
      vertex -15.6511 66.5916 3
      vertex -15.5794 66.4183 0
      vertex -15.5794 66.4183 3
    endloop
  endfacet
  facet normal 0.38276 -0.923848 0
    outer loop
      vertex -18.5083 67.6315 0
      vertex -18.335 67.7033 3
      vertex -18.5083 67.6315 3
    endloop
  endfacet
  facet normal 0.38276 -0.923848 0
    outer loop
      vertex -18.335 67.7033 3
      vertex -18.5083 67.6315 0
      vertex -18.335 67.7033 0
    endloop
  endfacet
  facet normal 0.675507 0.737353 -0
    outer loop
      vertex -18.9817 64.036 0
      vertex -19.12 64.1627 3
      vertex -18.9817 64.036 3
    endloop
  endfacet
  facet normal 0.675507 0.737353 0
    outer loop
      vertex -19.12 64.1627 3
      vertex -18.9817 64.036 0
      vertex -19.12 64.1627 0
    endloop
  endfacet
  facet normal 0.737353 0.675507 0
    outer loop
      vertex -19.12 64.1627 3
      vertex -19.2467 64.301 0
      vertex -19.2467 64.301 3
    endloop
  endfacet
  facet normal 0.737353 0.675507 0
    outer loop
      vertex -19.2467 64.301 0
      vertex -19.12 64.1627 3
      vertex -19.12 64.1627 0
    endloop
  endfacet
  facet normal 0.130661 0.991427 -0
    outer loop
      vertex -17.7871 63.5411 0
      vertex -17.973 63.5656 3
      vertex -17.7871 63.5411 3
    endloop
  endfacet
  facet normal 0.130661 0.991427 0
    outer loop
      vertex -17.973 63.5656 3
      vertex -17.7871 63.5411 0
      vertex -17.973 63.5656 0
    endloop
  endfacet
  facet normal 0.608834 -0.793297 0
    outer loop
      vertex -18.9817 67.3299 0
      vertex -18.8329 67.4441 3
      vertex -18.9817 67.3299 3
    endloop
  endfacet
  facet normal 0.608834 -0.793297 0
    outer loop
      vertex -18.8329 67.4441 3
      vertex -18.9817 67.3299 0
      vertex -18.8329 67.4441 0
    endloop
  endfacet
  facet normal -0.608834 -0.793297 0
    outer loop
      vertex -16.3665 67.4441 0
      vertex -16.2177 67.3299 3
      vertex -16.3665 67.4441 3
    endloop
  endfacet
  facet normal -0.608834 -0.793297 -0
    outer loop
      vertex -16.2177 67.3299 3
      vertex -16.3665 67.4441 0
      vertex -16.2177 67.3299 0
    endloop
  endfacet
  facet normal 0.461655 0.88706 -0
    outer loop
      vertex -18.5083 63.7344 0
      vertex -18.6747 63.821 3
      vertex -18.5083 63.7344 3
    endloop
  endfacet
  facet normal 0.461655 0.88706 0
    outer loop
      vertex -18.6747 63.821 3
      vertex -18.5083 63.7344 0
      vertex -18.6747 63.821 0
    endloop
  endfacet
  facet normal 0.675507 -0.737353 0
    outer loop
      vertex -19.12 67.2032 0
      vertex -18.9817 67.3299 3
      vertex -19.12 67.2032 3
    endloop
  endfacet
  facet normal 0.675507 -0.737353 0
    outer loop
      vertex -18.9817 67.3299 3
      vertex -19.12 67.2032 0
      vertex -18.9817 67.3299 0
    endloop
  endfacet
  facet normal 0.999044 0.0437148 0
    outer loop
      vertex -19.7415 65.4956 3
      vertex -19.7497 65.683 0
      vertex -19.7497 65.683 3
    endloop
  endfacet
  facet normal 0.999044 0.0437148 0
    outer loop
      vertex -19.7497 65.683 0
      vertex -19.7415 65.4956 3
      vertex -19.7415 65.4956 0
    endloop
  endfacet
  facet normal 0.300825 0.953679 -0
    outer loop
      vertex -18.1562 63.6062 0
      vertex -18.335 63.6626 3
      vertex -18.1562 63.6062 3
    endloop
  endfacet
  facet normal 0.300825 0.953679 0
    outer loop
      vertex -18.335 63.6626 3
      vertex -18.1562 63.6062 0
      vertex -18.335 63.6626 0
    endloop
  endfacet
  facet normal 0.843596 0.536979 0
    outer loop
      vertex -19.3609 64.4498 3
      vertex -19.4616 64.608 0
      vertex -19.4616 64.608 3
    endloop
  endfacet
  facet normal 0.843596 0.536979 0
    outer loop
      vertex -19.4616 64.608 0
      vertex -19.3609 64.4498 3
      vertex -19.3609 64.4498 0
    endloop
  endfacet
  facet normal 0.793297 -0.608834 0
    outer loop
      vertex -19.3609 66.9161 3
      vertex -19.2467 67.0649 0
      vertex -19.2467 67.0649 3
    endloop
  endfacet
  facet normal 0.793297 -0.608834 0
    outer loop
      vertex -19.2467 67.0649 0
      vertex -19.3609 66.9161 3
      vertex -19.3609 66.9161 0
    endloop
  endfacet
  facet normal -0.537358 -0.843354 0
    outer loop
      vertex -16.5247 67.5449 0
      vertex -16.3665 67.4441 3
      vertex -16.5247 67.5449 3
    endloop
  endfacet
  facet normal -0.537358 -0.843354 -0
    outer loop
      vertex -16.3665 67.4441 3
      vertex -16.5247 67.5449 0
      vertex -16.3665 67.4441 0
    endloop
  endfacet
  facet normal 0.886727 0.462293 0
    outer loop
      vertex -19.4616 64.608 3
      vertex -19.5483 64.7743 0
      vertex -19.5483 64.7743 3
    endloop
  endfacet
  facet normal 0.886727 0.462293 0
    outer loop
      vertex -19.5483 64.7743 0
      vertex -19.4616 64.608 3
      vertex -19.4616 64.608 0
    endloop
  endfacet
  facet normal -0.38276 -0.923848 0
    outer loop
      vertex -16.8644 67.7033 0
      vertex -16.6911 67.6315 3
      vertex -16.8644 67.7033 3
    endloop
  endfacet
  facet normal -0.38276 -0.923848 -0
    outer loop
      vertex -16.6911 67.6315 3
      vertex -16.8644 67.7033 0
      vertex -16.6911 67.6315 0
    endloop
  endfacet
  facet normal 0.537358 -0.843354 0
    outer loop
      vertex -18.8329 67.4441 0
      vertex -18.6747 67.5449 3
      vertex -18.8329 67.4441 3
    endloop
  endfacet
  facet normal 0.537358 -0.843354 0
    outer loop
      vertex -18.6747 67.5449 3
      vertex -18.8329 67.4441 0
      vertex -18.6747 67.5449 0
    endloop
  endfacet
  facet normal -0.991436 0.130592 0
    outer loop
      vertex -15.4824 65.3096 0
      vertex -15.4579 65.4956 3
      vertex -15.4579 65.4956 0
    endloop
  endfacet
  facet normal -0.991436 0.130592 0
    outer loop
      vertex -15.4579 65.4956 3
      vertex -15.4824 65.3096 0
      vertex -15.4824 65.3096 3
    endloop
  endfacet
  facet normal -0.0437148 -0.999044 0
    outer loop
      vertex -17.5997 67.833 0
      vertex -17.4123 67.8248 3
      vertex -17.5997 67.833 3
    endloop
  endfacet
  facet normal -0.0437148 -0.999044 -0
    outer loop
      vertex -17.4123 67.8248 3
      vertex -17.5997 67.833 0
      vertex -17.4123 67.8248 0
    endloop
  endfacet
  facet normal -0.88706 -0.461655 0
    outer loop
      vertex -15.6511 66.5916 0
      vertex -15.7377 66.758 3
      vertex -15.7377 66.758 0
    endloop
  endfacet
  facet normal -0.88706 -0.461655 0
    outer loop
      vertex -15.7377 66.758 3
      vertex -15.6511 66.5916 0
      vertex -15.6511 66.5916 3
    endloop
  endfacet
  facet normal 0.608834 0.793297 -0
    outer loop
      vertex -18.8329 63.9218 0
      vertex -18.9817 64.036 3
      vertex -18.8329 63.9218 3
    endloop
  endfacet
  facet normal 0.608834 0.793297 0
    outer loop
      vertex -18.9817 64.036 3
      vertex -18.8329 63.9218 0
      vertex -18.9817 64.036 0
    endloop
  endfacet
  facet normal 0.216366 -0.976312 0
    outer loop
      vertex -18.1562 67.7597 0
      vertex -17.973 67.8003 3
      vertex -18.1562 67.7597 3
    endloop
  endfacet
  facet normal 0.216366 -0.976312 0
    outer loop
      vertex -17.973 67.8003 3
      vertex -18.1562 67.7597 0
      vertex -17.973 67.8003 0
    endloop
  endfacet
  facet normal 0.924036 0.382305 0
    outer loop
      vertex -19.5483 64.7743 3
      vertex -19.62 64.9476 0
      vertex -19.62 64.9476 3
    endloop
  endfacet
  facet normal 0.924036 0.382305 0
    outer loop
      vertex -19.62 64.9476 0
      vertex -19.5483 64.7743 3
      vertex -19.5483 64.7743 0
    endloop
  endfacet
  facet normal 0.130661 -0.991427 0
    outer loop
      vertex -17.973 67.8003 0
      vertex -17.7871 67.8248 3
      vertex -17.973 67.8003 3
    endloop
  endfacet
  facet normal 0.130661 -0.991427 0
    outer loop
      vertex -17.7871 67.8248 3
      vertex -17.973 67.8003 0
      vertex -17.7871 67.8248 0
    endloop
  endfacet
  facet normal 0.991436 0.130592 0
    outer loop
      vertex -19.717 65.3096 3
      vertex -19.7415 65.4956 0
      vertex -19.7415 65.4956 3
    endloop
  endfacet
  facet normal 0.991436 0.130592 0
    outer loop
      vertex -19.7415 65.4956 0
      vertex -19.717 65.3096 3
      vertex -19.717 65.3096 0
    endloop
  endfacet
  facet normal 0.300825 -0.953679 0
    outer loop
      vertex -18.335 67.7033 0
      vertex -18.1562 67.7597 3
      vertex -18.335 67.7033 3
    endloop
  endfacet
  facet normal 0.300825 -0.953679 0
    outer loop
      vertex -18.1562 67.7597 3
      vertex -18.335 67.7033 0
      vertex -18.1562 67.7597 0
    endloop
  endfacet
  facet normal -0.924036 0.382305 0
    outer loop
      vertex -15.6511 64.7743 0
      vertex -15.5794 64.9476 3
      vertex -15.5794 64.9476 0
    endloop
  endfacet
  facet normal -0.924036 0.382305 0
    outer loop
      vertex -15.5794 64.9476 3
      vertex -15.6511 64.7743 0
      vertex -15.6511 64.7743 3
    endloop
  endfacet
  facet normal 0.976287 0.216479 0
    outer loop
      vertex -19.6764 65.1265 3
      vertex -19.717 65.3096 0
      vertex -19.717 65.3096 3
    endloop
  endfacet
  facet normal 0.976287 0.216479 0
    outer loop
      vertex -19.717 65.3096 0
      vertex -19.6764 65.1265 3
      vertex -19.6764 65.1265 0
    endloop
  endfacet
  facet normal 0.38276 0.923848 -0
    outer loop
      vertex -18.335 63.6626 0
      vertex -18.5083 63.7344 3
      vertex -18.335 63.6626 3
    endloop
  endfacet
  facet normal 0.38276 0.923848 0
    outer loop
      vertex -18.5083 63.7344 3
      vertex -18.335 63.6626 0
      vertex -18.5083 63.7344 0
    endloop
  endfacet
  facet normal 0.953728 -0.300672 0
    outer loop
      vertex -19.6764 66.2394 3
      vertex -19.62 66.4183 0
      vertex -19.62 66.4183 3
    endloop
  endfacet
  facet normal 0.953728 -0.300672 0
    outer loop
      vertex -19.62 66.4183 0
      vertex -19.6764 66.2394 3
      vertex -19.6764 66.2394 0
    endloop
  endfacet
  facet normal 0.0437148 -0.999044 0
    outer loop
      vertex -17.7871 67.8248 0
      vertex -17.5997 67.833 3
      vertex -17.7871 67.8248 3
    endloop
  endfacet
  facet normal 0.0437148 -0.999044 0
    outer loop
      vertex -17.5997 67.833 3
      vertex -17.7871 67.8248 0
      vertex -17.5997 67.833 0
    endloop
  endfacet
  facet normal -0.675507 -0.737353 0
    outer loop
      vertex -16.2177 67.3299 0
      vertex -16.0794 67.2032 3
      vertex -16.2177 67.3299 3
    endloop
  endfacet
  facet normal -0.675507 -0.737353 -0
    outer loop
      vertex -16.0794 67.2032 3
      vertex -16.2177 67.3299 0
      vertex -16.0794 67.2032 0
    endloop
  endfacet
  facet normal 0.793297 0.608834 0
    outer loop
      vertex -19.2467 64.301 3
      vertex -19.3609 64.4498 0
      vertex -19.3609 64.4498 3
    endloop
  endfacet
  facet normal 0.793297 0.608834 0
    outer loop
      vertex -19.3609 64.4498 0
      vertex -19.2467 64.301 3
      vertex -19.2467 64.301 0
    endloop
  endfacet
  facet normal 0.843442 -0.537221 0
    outer loop
      vertex -19.4616 66.758 3
      vertex -19.3609 66.9161 0
      vertex -19.3609 66.9161 3
    endloop
  endfacet
  facet normal 0.843442 -0.537221 0
    outer loop
      vertex -19.3609 66.9161 0
      vertex -19.4616 66.758 3
      vertex -19.4616 66.758 0
    endloop
  endfacet
  facet normal -0.793297 0.608834 0
    outer loop
      vertex -15.9527 64.301 0
      vertex -15.8385 64.4498 3
      vertex -15.8385 64.4498 0
    endloop
  endfacet
  facet normal -0.793297 0.608834 0
    outer loop
      vertex -15.8385 64.4498 3
      vertex -15.9527 64.301 0
      vertex -15.9527 64.301 3
    endloop
  endfacet
  facet normal -0.953728 0.300672 0
    outer loop
      vertex -15.5794 64.9476 0
      vertex -15.523 65.1265 3
      vertex -15.523 65.1265 0
    endloop
  endfacet
  facet normal -0.953728 0.300672 0
    outer loop
      vertex -15.523 65.1265 3
      vertex -15.5794 64.9476 0
      vertex -15.5794 64.9476 3
    endloop
  endfacet
  facet normal 0.737353 -0.675507 0
    outer loop
      vertex -19.2467 67.0649 3
      vertex -19.12 67.2032 0
      vertex -19.12 67.2032 3
    endloop
  endfacet
  facet normal 0.737353 -0.675507 0
    outer loop
      vertex -19.12 67.2032 0
      vertex -19.2467 67.0649 3
      vertex -19.2467 67.0649 0
    endloop
  endfacet
  facet normal 0.537358 0.843354 -0
    outer loop
      vertex -18.6747 63.821 0
      vertex -18.8329 63.9218 3
      vertex -18.6747 63.821 3
    endloop
  endfacet
  facet normal 0.537358 0.843354 0
    outer loop
      vertex -18.8329 63.9218 3
      vertex -18.6747 63.821 0
      vertex -18.8329 63.9218 0
    endloop
  endfacet
  facet normal -0.130661 -0.991427 0
    outer loop
      vertex -17.4123 67.8248 0
      vertex -17.2264 67.8003 3
      vertex -17.4123 67.8248 3
    endloop
  endfacet
  facet normal -0.130661 -0.991427 -0
    outer loop
      vertex -17.2264 67.8003 3
      vertex -17.4123 67.8248 0
      vertex -17.2264 67.8003 0
    endloop
  endfacet
  facet normal -0.300825 -0.953679 0
    outer loop
      vertex -17.0432 67.7597 0
      vertex -16.8644 67.7033 3
      vertex -17.0432 67.7597 3
    endloop
  endfacet
  facet normal -0.300825 -0.953679 -0
    outer loop
      vertex -16.8644 67.7033 3
      vertex -17.0432 67.7597 0
      vertex -16.8644 67.7033 0
    endloop
  endfacet
  facet normal -0.216366 -0.976312 0
    outer loop
      vertex -17.2264 67.8003 0
      vertex -17.0432 67.7597 3
      vertex -17.2264 67.8003 3
    endloop
  endfacet
  facet normal -0.216366 -0.976312 -0
    outer loop
      vertex -17.0432 67.7597 3
      vertex -17.2264 67.8003 0
      vertex -17.0432 67.7597 0
    endloop
  endfacet
  facet normal -0.991427 -0.130661 0
    outer loop
      vertex -63.5411 -17.4123 0
      vertex -63.5656 -17.2264 3
      vertex -63.5656 -17.2264 0
    endloop
  endfacet
  facet normal -0.991427 -0.130661 0
    outer loop
      vertex -63.5656 -17.2264 3
      vertex -63.5411 -17.4123 0
      vertex -63.5411 -17.4123 3
    endloop
  endfacet
  facet normal -0.999067 -0.0431827 0
    outer loop
      vertex -63.533 -17.5997 0
      vertex -63.5411 -17.4123 3
      vertex -63.5411 -17.4123 0
    endloop
  endfacet
  facet normal -0.999067 -0.0431827 0
    outer loop
      vertex -63.5411 -17.4123 3
      vertex -63.533 -17.5997 0
      vertex -63.533 -17.5997 3
    endloop
  endfacet
  facet normal -0.976249 -0.216652 0
    outer loop
      vertex -63.5656 -17.2264 0
      vertex -63.5986 -17.0777 3
      vertex -63.5986 -17.0777 0
    endloop
  endfacet
  facet normal -0.976249 -0.216652 0
    outer loop
      vertex -63.5986 -17.0777 3
      vertex -63.5656 -17.2264 0
      vertex -63.5656 -17.2264 3
    endloop
  endfacet
  facet normal -0.0437148 0.999044 0
    outer loop
      vertex -65.4956 -19.7415 0
      vertex -65.683 -19.7497 3
      vertex -65.4956 -19.7415 3
    endloop
  endfacet
  facet normal -0.0437148 0.999044 0
    outer loop
      vertex -65.683 -19.7497 3
      vertex -65.4956 -19.7415 0
      vertex -65.683 -19.7497 0
    endloop
  endfacet
  facet normal 0.991427 0.130661 0
    outer loop
      vertex -67.8003 -17.973 3
      vertex -67.8248 -17.7871 0
      vertex -67.8248 -17.7871 3
    endloop
  endfacet
  facet normal 0.991427 0.130661 0
    outer loop
      vertex -67.8248 -17.7871 0
      vertex -67.8003 -17.973 3
      vertex -67.8003 -17.973 0
    endloop
  endfacet
  facet normal 0.300672 -0.953728 0
    outer loop
      vertex -66.4183 -15.5794 0
      vertex -66.2394 -15.523 3
      vertex -66.4183 -15.5794 3
    endloop
  endfacet
  facet normal 0.300672 -0.953728 0
    outer loop
      vertex -66.2394 -15.523 3
      vertex -66.4183 -15.5794 0
      vertex -66.2394 -15.523 0
    endloop
  endfacet
  facet normal 0.675507 -0.737353 0
    outer loop
      vertex -67.2032 -16.0794 0
      vertex -67.0649 -15.9527 3
      vertex -67.2032 -16.0794 3
    endloop
  endfacet
  facet normal 0.675507 -0.737353 0
    outer loop
      vertex -67.0649 -15.9527 3
      vertex -67.2032 -16.0794 0
      vertex -67.0649 -15.9527 0
    endloop
  endfacet
  facet normal 0.999044 0.0437148 0
    outer loop
      vertex -67.8248 -17.7871 3
      vertex -67.833 -17.5997 0
      vertex -67.833 -17.5997 3
    endloop
  endfacet
  facet normal 0.999044 0.0437148 0
    outer loop
      vertex -67.833 -17.5997 0
      vertex -67.8248 -17.7871 3
      vertex -67.8248 -17.7871 0
    endloop
  endfacet
  facet normal -0.382305 -0.924036 0
    outer loop
      vertex -64.9476 -15.5794 0
      vertex -64.7743 -15.6511 3
      vertex -64.9476 -15.5794 3
    endloop
  endfacet
  facet normal -0.382305 -0.924036 -0
    outer loop
      vertex -64.7743 -15.6511 3
      vertex -64.9476 -15.5794 0
      vertex -64.7743 -15.6511 0
    endloop
  endfacet
  facet normal -0.462293 0.886727 0
    outer loop
      vertex -64.608 -19.4616 0
      vertex -64.7743 -19.5483 3
      vertex -64.608 -19.4616 3
    endloop
  endfacet
  facet normal -0.462293 0.886727 0
    outer loop
      vertex -64.7743 -19.5483 3
      vertex -64.608 -19.4616 0
      vertex -64.7743 -19.5483 0
    endloop
  endfacet
  facet normal 0.382305 -0.924036 0
    outer loop
      vertex -66.5916 -15.6511 0
      vertex -66.4183 -15.5794 3
      vertex -66.5916 -15.6511 3
    endloop
  endfacet
  facet normal 0.382305 -0.924036 0
    outer loop
      vertex -66.4183 -15.5794 3
      vertex -66.5916 -15.6511 0
      vertex -66.4183 -15.5794 0
    endloop
  endfacet
  facet normal 0.608834 -0.793297 0
    outer loop
      vertex -67.0649 -15.9527 0
      vertex -66.9161 -15.8385 3
      vertex -67.0649 -15.9527 3
    endloop
  endfacet
  facet normal 0.608834 -0.793297 0
    outer loop
      vertex -66.9161 -15.8385 3
      vertex -67.0649 -15.9527 0
      vertex -66.9161 -15.8385 0
    endloop
  endfacet
  facet normal -0.843307 -0.537432 0
    outer loop
      vertex -63.8531 -16.4743 0
      vertex -63.9218 -16.3665 3
      vertex -63.9218 -16.3665 0
    endloop
  endfacet
  facet normal -0.843307 -0.537432 0
    outer loop
      vertex -63.9218 -16.3665 3
      vertex -63.8531 -16.4743 0
      vertex -63.8531 -16.4743 3
    endloop
  endfacet
  facet normal -0.953679 0.300825 0
    outer loop
      vertex -63.6626 -18.335 0
      vertex -63.6062 -18.1562 3
      vertex -63.6062 -18.1562 0
    endloop
  endfacet
  facet normal -0.953679 0.300825 0
    outer loop
      vertex -63.6062 -18.1562 3
      vertex -63.6626 -18.335 0
      vertex -63.6626 -18.335 3
    endloop
  endfacet
  facet normal -0.216479 0.976287 0
    outer loop
      vertex -65.1265 -19.6764 0
      vertex -65.3096 -19.717 3
      vertex -65.1265 -19.6764 3
    endloop
  endfacet
  facet normal -0.216479 0.976287 0
    outer loop
      vertex -65.3096 -19.717 3
      vertex -65.1265 -19.6764 0
      vertex -65.3096 -19.717 0
    endloop
  endfacet
  facet normal -0.675507 -0.737353 0
    outer loop
      vertex -64.301 -15.9527 0
      vertex -64.1627 -16.0794 3
      vertex -64.301 -15.9527 3
    endloop
  endfacet
  facet normal -0.675507 -0.737353 -0
    outer loop
      vertex -64.1627 -16.0794 3
      vertex -64.301 -15.9527 0
      vertex -64.1627 -16.0794 0
    endloop
  endfacet
  facet normal 0.0437381 0.999043 -0
    outer loop
      vertex -65.683 -19.7497 0
      vertex -65.8703 -19.7415 3
      vertex -65.683 -19.7497 3
    endloop
  endfacet
  facet normal 0.0437381 0.999043 0
    outer loop
      vertex -65.8703 -19.7415 3
      vertex -65.683 -19.7497 0
      vertex -65.8703 -19.7415 0
    endloop
  endfacet
  facet normal -0.461873 -0.886946 0
    outer loop
      vertex -64.7743 -15.6511 0
      vertex -64.608 -15.7377 3
      vertex -64.7743 -15.6511 3
    endloop
  endfacet
  facet normal -0.461873 -0.886946 -0
    outer loop
      vertex -64.608 -15.7377 3
      vertex -64.7743 -15.6511 0
      vertex -64.608 -15.7377 0
    endloop
  endfacet
  facet normal 0.999044 -0.0437148 0
    outer loop
      vertex -67.833 -17.5997 3
      vertex -67.8248 -17.4123 0
      vertex -67.8248 -17.4123 3
    endloop
  endfacet
  facet normal 0.999044 -0.0437148 0
    outer loop
      vertex -67.8248 -17.4123 0
      vertex -67.833 -17.5997 3
      vertex -67.833 -17.5997 0
    endloop
  endfacet
  facet normal 0.130592 -0.991436 0
    outer loop
      vertex -66.0563 -15.4824 0
      vertex -65.8703 -15.4579 3
      vertex -66.0563 -15.4824 3
    endloop
  endfacet
  facet normal 0.130592 -0.991436 0
    outer loop
      vertex -65.8703 -15.4579 3
      vertex -66.0563 -15.4824 0
      vertex -65.8703 -15.4579 0
    endloop
  endfacet
  facet normal -0.999067 0.0431827 0
    outer loop
      vertex -63.5411 -17.7871 0
      vertex -63.533 -17.5997 3
      vertex -63.533 -17.5997 0
    endloop
  endfacet
  facet normal -0.999067 0.0431827 0
    outer loop
      vertex -63.533 -17.5997 3
      vertex -63.5411 -17.7871 0
      vertex -63.5411 -17.7871 3
    endloop
  endfacet
  facet normal 0.0437381 -0.999043 0
    outer loop
      vertex -65.8703 -15.4579 0
      vertex -65.683 -15.4497 3
      vertex -65.8703 -15.4579 3
    endloop
  endfacet
  facet normal 0.0437381 -0.999043 0
    outer loop
      vertex -65.683 -15.4497 3
      vertex -65.8703 -15.4579 0
      vertex -65.683 -15.4497 0
    endloop
  endfacet
  facet normal 0.737353 0.675507 0
    outer loop
      vertex -67.2032 -19.12 3
      vertex -67.3299 -18.9817 0
      vertex -67.3299 -18.9817 3
    endloop
  endfacet
  facet normal 0.737353 0.675507 0
    outer loop
      vertex -67.3299 -18.9817 0
      vertex -67.2032 -19.12 3
      vertex -67.2032 -19.12 0
    endloop
  endfacet
  facet normal -0.130592 0.991436 0
    outer loop
      vertex -65.3096 -19.717 0
      vertex -65.4956 -19.7415 3
      vertex -65.3096 -19.717 3
    endloop
  endfacet
  facet normal -0.130592 0.991436 0
    outer loop
      vertex -65.4956 -19.7415 3
      vertex -65.3096 -19.717 0
      vertex -65.4956 -19.7415 0
    endloop
  endfacet
  facet normal -0.737353 0.675507 0
    outer loop
      vertex -64.1627 -19.12 0
      vertex -64.036 -18.9817 3
      vertex -64.036 -18.9817 0
    endloop
  endfacet
  facet normal -0.737353 0.675507 0
    outer loop
      vertex -64.036 -18.9817 3
      vertex -64.1627 -19.12 0
      vertex -64.1627 -19.12 3
    endloop
  endfacet
  facet normal -0.300672 -0.953728 0
    outer loop
      vertex -65.1265 -15.523 0
      vertex -64.9476 -15.5794 3
      vertex -65.1265 -15.523 3
    endloop
  endfacet
  facet normal -0.300672 -0.953728 -0
    outer loop
      vertex -64.9476 -15.5794 3
      vertex -65.1265 -15.523 0
      vertex -64.9476 -15.5794 0
    endloop
  endfacet
  facet normal -0.382305 0.924036 0
    outer loop
      vertex -64.7743 -19.5483 0
      vertex -64.9476 -19.62 3
      vertex -64.7743 -19.5483 3
    endloop
  endfacet
  facet normal -0.382305 0.924036 0
    outer loop
      vertex -64.9476 -19.62 3
      vertex -64.7743 -19.5483 0
      vertex -64.9476 -19.62 0
    endloop
  endfacet
  facet normal -0.793297 -0.608834 0
    outer loop
      vertex -63.9218 -16.3665 0
      vertex -64.036 -16.2177 3
      vertex -64.036 -16.2177 0
    endloop
  endfacet
  facet normal -0.793297 -0.608834 0
    outer loop
      vertex -64.036 -16.2177 3
      vertex -63.9218 -16.3665 0
      vertex -63.9218 -16.3665 3
    endloop
  endfacet
  facet normal 0.216479 -0.976287 0
    outer loop
      vertex -66.2394 -15.523 0
      vertex -66.0563 -15.4824 3
      vertex -66.2394 -15.523 3
    endloop
  endfacet
  facet normal 0.216479 -0.976287 0
    outer loop
      vertex -66.0563 -15.4824 3
      vertex -66.2394 -15.523 0
      vertex -66.0563 -15.4824 0
    endloop
  endfacet
  facet normal 0.130592 0.991436 -0
    outer loop
      vertex -65.8703 -19.7415 0
      vertex -66.0563 -19.717 3
      vertex -65.8703 -19.7415 3
    endloop
  endfacet
  facet normal 0.130592 0.991436 0
    outer loop
      vertex -66.0563 -19.717 3
      vertex -65.8703 -19.7415 0
      vertex -66.0563 -19.717 0
    endloop
  endfacet
  facet normal 0.991427 -0.130661 0
    outer loop
      vertex -67.8248 -17.4123 3
      vertex -67.8003 -17.2264 0
      vertex -67.8003 -17.2264 3
    endloop
  endfacet
  facet normal 0.991427 -0.130661 0
    outer loop
      vertex -67.8003 -17.2264 0
      vertex -67.8248 -17.4123 3
      vertex -67.8248 -17.4123 0
    endloop
  endfacet
  facet normal -0.88706 0.461655 0
    outer loop
      vertex -63.821 -18.6747 0
      vertex -63.7344 -18.5083 3
      vertex -63.7344 -18.5083 0
    endloop
  endfacet
  facet normal -0.88706 0.461655 0
    outer loop
      vertex -63.7344 -18.5083 3
      vertex -63.821 -18.6747 0
      vertex -63.821 -18.6747 3
    endloop
  endfacet
  facet normal 0.88706 0.461655 0
    outer loop
      vertex -67.5449 -18.6747 3
      vertex -67.6315 -18.5083 0
      vertex -67.6315 -18.5083 3
    endloop
  endfacet
  facet normal 0.88706 0.461655 0
    outer loop
      vertex -67.6315 -18.5083 0
      vertex -67.5449 -18.6747 3
      vertex -67.5449 -18.6747 0
    endloop
  endfacet
  facet normal -0.608834 -0.793297 0
    outer loop
      vertex -64.4498 -15.8385 0
      vertex -64.301 -15.9527 3
      vertex -64.4498 -15.8385 3
    endloop
  endfacet
  facet normal -0.608834 -0.793297 -0
    outer loop
      vertex -64.301 -15.9527 3
      vertex -64.4498 -15.8385 0
      vertex -64.301 -15.9527 0
    endloop
  endfacet
  facet normal -0.793297 0.608834 0
    outer loop
      vertex -64.036 -18.9817 0
      vertex -63.9218 -18.8329 3
      vertex -63.9218 -18.8329 0
    endloop
  endfacet
  facet normal -0.793297 0.608834 0
    outer loop
      vertex -63.9218 -18.8329 3
      vertex -64.036 -18.9817 0
      vertex -64.036 -18.9817 3
    endloop
  endfacet
  facet normal -0.991427 0.130661 0
    outer loop
      vertex -63.5656 -17.973 0
      vertex -63.5411 -17.7871 3
      vertex -63.5411 -17.7871 0
    endloop
  endfacet
  facet normal -0.991427 0.130661 0
    outer loop
      vertex -63.5411 -17.7871 3
      vertex -63.5656 -17.973 0
      vertex -63.5656 -17.973 3
    endloop
  endfacet
  facet normal -0.843354 0.537358 0
    outer loop
      vertex -63.9218 -18.8329 0
      vertex -63.821 -18.6747 3
      vertex -63.821 -18.6747 0
    endloop
  endfacet
  facet normal -0.843354 0.537358 0
    outer loop
      vertex -63.821 -18.6747 3
      vertex -63.9218 -18.8329 0
      vertex -63.9218 -18.8329 3
    endloop
  endfacet
  facet normal -0.923848 0.38276 0
    outer loop
      vertex -63.7344 -18.5083 0
      vertex -63.6626 -18.335 3
      vertex -63.6626 -18.335 0
    endloop
  endfacet
  facet normal -0.923848 0.38276 0
    outer loop
      vertex -63.6626 -18.335 3
      vertex -63.7344 -18.5083 0
      vertex -63.7344 -18.5083 3
    endloop
  endfacet
  facet normal 0.608834 0.793297 -0
    outer loop
      vertex -66.9161 -19.3609 0
      vertex -67.0649 -19.2467 3
      vertex -66.9161 -19.3609 3
    endloop
  endfacet
  facet normal 0.608834 0.793297 0
    outer loop
      vertex -67.0649 -19.2467 3
      vertex -66.9161 -19.3609 0
      vertex -67.0649 -19.2467 0
    endloop
  endfacet
  facet normal -0.536979 0.843596 0
    outer loop
      vertex -64.4498 -19.3609 0
      vertex -64.608 -19.4616 3
      vertex -64.4498 -19.3609 3
    endloop
  endfacet
  facet normal -0.536979 0.843596 0
    outer loop
      vertex -64.608 -19.4616 3
      vertex -64.4498 -19.3609 0
      vertex -64.608 -19.4616 0
    endloop
  endfacet
  facet normal 0.382305 0.924036 -0
    outer loop
      vertex -66.4183 -19.62 0
      vertex -66.5916 -19.5483 3
      vertex -66.4183 -19.62 3
    endloop
  endfacet
  facet normal 0.382305 0.924036 0
    outer loop
      vertex -66.5916 -19.5483 3
      vertex -66.4183 -19.62 0
      vertex -66.5916 -19.5483 0
    endloop
  endfacet
  facet normal 0.737353 -0.675507 0
    outer loop
      vertex -67.3299 -16.2177 3
      vertex -67.2032 -16.0794 0
      vertex -67.2032 -16.0794 3
    endloop
  endfacet
  facet normal 0.737353 -0.675507 0
    outer loop
      vertex -67.2032 -16.0794 0
      vertex -67.3299 -16.2177 3
      vertex -67.3299 -16.2177 0
    endloop
  endfacet
  facet normal -0.537358 -0.843354 0
    outer loop
      vertex -64.608 -15.7377 0
      vertex -64.4498 -15.8385 3
      vertex -64.608 -15.7377 3
    endloop
  endfacet
  facet normal -0.537358 -0.843354 -0
    outer loop
      vertex -64.4498 -15.8385 3
      vertex -64.608 -15.7377 0
      vertex -64.4498 -15.8385 0
    endloop
  endfacet
  facet normal -0.130592 -0.991436 0
    outer loop
      vertex -65.4956 -15.4579 0
      vertex -65.3096 -15.4824 3
      vertex -65.4956 -15.4579 3
    endloop
  endfacet
  facet normal -0.130592 -0.991436 -0
    outer loop
      vertex -65.3096 -15.4824 3
      vertex -65.4956 -15.4579 0
      vertex -65.3096 -15.4824 0
    endloop
  endfacet
  facet normal -0.608834 0.793297 0
    outer loop
      vertex -64.301 -19.2467 0
      vertex -64.4498 -19.3609 3
      vertex -64.301 -19.2467 3
    endloop
  endfacet
  facet normal -0.608834 0.793297 0
    outer loop
      vertex -64.4498 -19.3609 3
      vertex -64.301 -19.2467 0
      vertex -64.4498 -19.3609 0
    endloop
  endfacet
  facet normal 0.843354 0.537358 0
    outer loop
      vertex -67.4441 -18.8329 3
      vertex -67.5449 -18.6747 0
      vertex -67.5449 -18.6747 3
    endloop
  endfacet
  facet normal 0.843354 0.537358 0
    outer loop
      vertex -67.5449 -18.6747 0
      vertex -67.4441 -18.8329 3
      vertex -67.4441 -18.8329 0
    endloop
  endfacet
  facet normal 0.461655 -0.88706 0
    outer loop
      vertex -66.758 -15.7377 0
      vertex -66.5916 -15.6511 3
      vertex -66.758 -15.7377 3
    endloop
  endfacet
  facet normal 0.461655 -0.88706 0
    outer loop
      vertex -66.5916 -15.6511 3
      vertex -66.758 -15.7377 0
      vertex -66.5916 -15.6511 0
    endloop
  endfacet
  facet normal 0.953679 0.300825 0
    outer loop
      vertex -67.7033 -18.335 3
      vertex -67.7597 -18.1562 0
      vertex -67.7597 -18.1562 3
    endloop
  endfacet
  facet normal 0.953679 0.300825 0
    outer loop
      vertex -67.7597 -18.1562 0
      vertex -67.7033 -18.335 3
      vertex -67.7033 -18.335 0
    endloop
  endfacet
  facet normal 0.976312 0.216366 0
    outer loop
      vertex -67.7597 -18.1562 3
      vertex -67.8003 -17.973 0
      vertex -67.8003 -17.973 3
    endloop
  endfacet
  facet normal 0.976312 0.216366 0
    outer loop
      vertex -67.8003 -17.973 0
      vertex -67.7597 -18.1562 3
      vertex -67.7597 -18.1562 0
    endloop
  endfacet
  facet normal -0.976312 0.216366 0
    outer loop
      vertex -63.6062 -18.1562 0
      vertex -63.5656 -17.973 3
      vertex -63.5656 -17.973 0
    endloop
  endfacet
  facet normal -0.976312 0.216366 0
    outer loop
      vertex -63.5656 -17.973 3
      vertex -63.6062 -18.1562 0
      vertex -63.6062 -18.1562 3
    endloop
  endfacet
  facet normal 0.976312 -0.216366 0
    outer loop
      vertex -67.8003 -17.2264 3
      vertex -67.7597 -17.0432 0
      vertex -67.7597 -17.0432 3
    endloop
  endfacet
  facet normal 0.976312 -0.216366 0
    outer loop
      vertex -67.7597 -17.0432 0
      vertex -67.8003 -17.2264 3
      vertex -67.8003 -17.2264 0
    endloop
  endfacet
  facet normal 0.923848 0.38276 0
    outer loop
      vertex -67.6315 -18.5083 3
      vertex -67.7033 -18.335 0
      vertex -67.7033 -18.335 3
    endloop
  endfacet
  facet normal 0.923848 0.38276 0
    outer loop
      vertex -67.7033 -18.335 0
      vertex -67.6315 -18.5083 3
      vertex -67.6315 -18.5083 0
    endloop
  endfacet
  facet normal 0.300672 0.953728 -0
    outer loop
      vertex -66.2394 -19.6764 0
      vertex -66.4183 -19.62 3
      vertex -66.2394 -19.6764 3
    endloop
  endfacet
  facet normal 0.300672 0.953728 0
    outer loop
      vertex -66.4183 -19.62 3
      vertex -66.2394 -19.6764 0
      vertex -66.4183 -19.62 0
    endloop
  endfacet
  facet normal 0.216479 0.976287 -0
    outer loop
      vertex -66.0563 -19.717 0
      vertex -66.2394 -19.6764 3
      vertex -66.0563 -19.717 3
    endloop
  endfacet
  facet normal 0.216479 0.976287 0
    outer loop
      vertex -66.2394 -19.6764 3
      vertex -66.0563 -19.717 0
      vertex -66.2394 -19.6764 0
    endloop
  endfacet
  facet normal 0.843354 -0.537358 0
    outer loop
      vertex -67.5449 -16.5247 3
      vertex -67.4441 -16.3665 0
      vertex -67.4441 -16.3665 3
    endloop
  endfacet
  facet normal 0.843354 -0.537358 0
    outer loop
      vertex -67.4441 -16.3665 0
      vertex -67.5449 -16.5247 3
      vertex -67.5449 -16.5247 0
    endloop
  endfacet
  facet normal 0.462074 0.886841 -0
    outer loop
      vertex -66.5916 -19.5483 0
      vertex -66.758 -19.4616 3
      vertex -66.5916 -19.5483 3
    endloop
  endfacet
  facet normal 0.462074 0.886841 0
    outer loop
      vertex -66.758 -19.4616 3
      vertex -66.5916 -19.5483 0
      vertex -66.758 -19.4616 0
    endloop
  endfacet
  facet normal -0.675507 0.737353 0
    outer loop
      vertex -64.1627 -19.12 0
      vertex -64.301 -19.2467 3
      vertex -64.1627 -19.12 3
    endloop
  endfacet
  facet normal -0.675507 0.737353 0
    outer loop
      vertex -64.301 -19.2467 3
      vertex -64.1627 -19.12 0
      vertex -64.301 -19.2467 0
    endloop
  endfacet
  facet normal -0.0437148 -0.999044 0
    outer loop
      vertex -65.683 -15.4497 0
      vertex -65.4956 -15.4579 3
      vertex -65.683 -15.4497 3
    endloop
  endfacet
  facet normal -0.0437148 -0.999044 -0
    outer loop
      vertex -65.4956 -15.4579 3
      vertex -65.683 -15.4497 0
      vertex -65.4956 -15.4579 0
    endloop
  endfacet
  facet normal 0.953679 -0.300825 0
    outer loop
      vertex -67.7597 -17.0432 3
      vertex -67.7033 -16.8644 0
      vertex -67.7033 -16.8644 3
    endloop
  endfacet
  facet normal 0.953679 -0.300825 0
    outer loop
      vertex -67.7033 -16.8644 0
      vertex -67.7597 -17.0432 3
      vertex -67.7597 -17.0432 0
    endloop
  endfacet
  facet normal 0.793297 -0.608834 0
    outer loop
      vertex -67.4441 -16.3665 3
      vertex -67.3299 -16.2177 0
      vertex -67.3299 -16.2177 3
    endloop
  endfacet
  facet normal 0.793297 -0.608834 0
    outer loop
      vertex -67.3299 -16.2177 0
      vertex -67.4441 -16.3665 3
      vertex -67.4441 -16.3665 0
    endloop
  endfacet
  facet normal 0.675507 0.737353 -0
    outer loop
      vertex -67.0649 -19.2467 0
      vertex -67.2032 -19.12 3
      vertex -67.0649 -19.2467 3
    endloop
  endfacet
  facet normal 0.675507 0.737353 0
    outer loop
      vertex -67.2032 -19.12 3
      vertex -67.0649 -19.2467 0
      vertex -67.2032 -19.12 0
    endloop
  endfacet
  facet normal -0.737353 -0.675507 0
    outer loop
      vertex -64.036 -16.2177 0
      vertex -64.1627 -16.0794 3
      vertex -64.1627 -16.0794 0
    endloop
  endfacet
  facet normal -0.737353 -0.675507 0
    outer loop
      vertex -64.1627 -16.0794 3
      vertex -64.036 -16.2177 0
      vertex -64.036 -16.2177 3
    endloop
  endfacet
  facet normal 0.923848 -0.38276 0
    outer loop
      vertex -67.7033 -16.8644 3
      vertex -67.6315 -16.6911 0
      vertex -67.6315 -16.6911 3
    endloop
  endfacet
  facet normal 0.923848 -0.38276 0
    outer loop
      vertex -67.6315 -16.6911 0
      vertex -67.7033 -16.8644 3
      vertex -67.7033 -16.8644 0
    endloop
  endfacet
  facet normal 0.5376 -0.8432 0
    outer loop
      vertex -66.9161 -15.8385 0
      vertex -66.758 -15.7377 3
      vertex -66.9161 -15.8385 3
    endloop
  endfacet
  facet normal 0.5376 -0.8432 0
    outer loop
      vertex -66.758 -15.7377 3
      vertex -66.9161 -15.8385 0
      vertex -66.758 -15.7377 0
    endloop
  endfacet
  facet normal 0.793297 0.608834 0
    outer loop
      vertex -67.3299 -18.9817 3
      vertex -67.4441 -18.8329 0
      vertex -67.4441 -18.8329 3
    endloop
  endfacet
  facet normal 0.793297 0.608834 0
    outer loop
      vertex -67.4441 -18.8329 0
      vertex -67.3299 -18.9817 3
      vertex -67.3299 -18.9817 0
    endloop
  endfacet
  facet normal 0.537221 0.843442 -0
    outer loop
      vertex -66.758 -19.4616 0
      vertex -66.9161 -19.3609 3
      vertex -66.758 -19.4616 3
    endloop
  endfacet
  facet normal 0.537221 0.843442 0
    outer loop
      vertex -66.9161 -19.3609 3
      vertex -66.758 -19.4616 0
      vertex -66.9161 -19.3609 0
    endloop
  endfacet
  facet normal -0.300672 0.953728 0
    outer loop
      vertex -64.9476 -19.62 0
      vertex -65.1265 -19.6764 3
      vertex -64.9476 -19.62 3
    endloop
  endfacet
  facet normal -0.300672 0.953728 0
    outer loop
      vertex -65.1265 -19.6764 3
      vertex -64.9476 -19.62 0
      vertex -65.1265 -19.6764 0
    endloop
  endfacet
  facet normal -0.216479 -0.976287 0
    outer loop
      vertex -65.3096 -15.4824 0
      vertex -65.1265 -15.523 3
      vertex -65.3096 -15.4824 3
    endloop
  endfacet
  facet normal -0.216479 -0.976287 -0
    outer loop
      vertex -65.1265 -15.523 3
      vertex -65.3096 -15.4824 0
      vertex -65.1265 -15.523 0
    endloop
  endfacet
  facet normal 0.88706 -0.461655 0
    outer loop
      vertex -67.6315 -16.6911 3
      vertex -67.5449 -16.5247 0
      vertex -67.5449 -16.5247 3
    endloop
  endfacet
  facet normal 0.88706 -0.461655 0
    outer loop
      vertex -67.5449 -16.5247 0
      vertex -67.6315 -16.6911 3
      vertex -67.6315 -16.6911 0
    endloop
  endfacet
  facet normal -0.793297 -0.608834 0
    outer loop
      vertex 19.3609 -64.4498 0
      vertex 19.2467 -64.301 3
      vertex 19.2467 -64.301 0
    endloop
  endfacet
  facet normal -0.793297 -0.608834 0
    outer loop
      vertex 19.2467 -64.301 3
      vertex 19.3609 -64.4498 0
      vertex 19.3609 -64.4498 3
    endloop
  endfacet
  facet normal -0.991436 -0.130592 0
    outer loop
      vertex 19.7415 -65.4956 0
      vertex 19.717 -65.3096 3
      vertex 19.717 -65.3096 0
    endloop
  endfacet
  facet normal -0.991436 -0.130592 0
    outer loop
      vertex 19.717 -65.3096 3
      vertex 19.7415 -65.4956 0
      vertex 19.7415 -65.4956 3
    endloop
  endfacet
  facet normal -0.999044 -0.0437148 0
    outer loop
      vertex 19.7497 -65.683 0
      vertex 19.7415 -65.4956 3
      vertex 19.7415 -65.4956 0
    endloop
  endfacet
  facet normal -0.999044 -0.0437148 0
    outer loop
      vertex 19.7415 -65.4956 3
      vertex 19.7497 -65.683 0
      vertex 19.7497 -65.683 3
    endloop
  endfacet
  facet normal -0.976287 -0.216479 0
    outer loop
      vertex 19.717 -65.3096 0
      vertex 19.6764 -65.1265 3
      vertex 19.6764 -65.1265 0
    endloop
  endfacet
  facet normal -0.976287 -0.216479 0
    outer loop
      vertex 19.6764 -65.1265 3
      vertex 19.717 -65.3096 0
      vertex 19.717 -65.3096 3
    endloop
  endfacet
  facet normal -0.461655 -0.88706 0
    outer loop
      vertex 18.5083 -63.7344 0
      vertex 18.6747 -63.821 3
      vertex 18.5083 -63.7344 3
    endloop
  endfacet
  facet normal -0.461655 -0.88706 -0
    outer loop
      vertex 18.6747 -63.821 3
      vertex 18.5083 -63.7344 0
      vertex 18.6747 -63.821 0
    endloop
  endfacet
  facet normal 0.216366 0.976312 -0
    outer loop
      vertex 17.2264 -67.8003 0
      vertex 17.0432 -67.7597 3
      vertex 17.2264 -67.8003 3
    endloop
  endfacet
  facet normal 0.216366 0.976312 0
    outer loop
      vertex 17.0432 -67.7597 3
      vertex 17.2264 -67.8003 0
      vertex 17.0432 -67.7597 0
    endloop
  endfacet
  facet normal 0.0437148 0.999044 -0
    outer loop
      vertex 17.5997 -67.833 0
      vertex 17.4123 -67.8248 3
      vertex 17.5997 -67.833 3
    endloop
  endfacet
  facet normal 0.0437148 0.999044 0
    outer loop
      vertex 17.4123 -67.8248 3
      vertex 17.5997 -67.833 0
      vertex 17.4123 -67.8248 0
    endloop
  endfacet
  facet normal -0.999043 0.0437381 0
    outer loop
      vertex 19.7415 -65.8703 0
      vertex 19.7497 -65.683 3
      vertex 19.7497 -65.683 0
    endloop
  endfacet
  facet normal -0.999043 0.0437381 0
    outer loop
      vertex 19.7497 -65.683 3
      vertex 19.7415 -65.8703 0
      vertex 19.7415 -65.8703 3
    endloop
  endfacet
  facet normal -0.675507 0.737353 0
    outer loop
      vertex 19.12 -67.2032 0
      vertex 18.9817 -67.3299 3
      vertex 19.12 -67.2032 3
    endloop
  endfacet
  facet normal -0.675507 0.737353 0
    outer loop
      vertex 18.9817 -67.3299 3
      vertex 19.12 -67.2032 0
      vertex 18.9817 -67.3299 0
    endloop
  endfacet
  facet normal -0.793297 0.608834 0
    outer loop
      vertex 19.2467 -67.0649 0
      vertex 19.3609 -66.9161 3
      vertex 19.3609 -66.9161 0
    endloop
  endfacet
  facet normal -0.793297 0.608834 0
    outer loop
      vertex 19.3609 -66.9161 3
      vertex 19.2467 -67.0649 0
      vertex 19.2467 -67.0649 3
    endloop
  endfacet
  facet normal -0.886727 -0.462293 0
    outer loop
      vertex 19.5483 -64.7743 0
      vertex 19.4616 -64.608 3
      vertex 19.4616 -64.608 0
    endloop
  endfacet
  facet normal -0.886727 -0.462293 0
    outer loop
      vertex 19.4616 -64.608 3
      vertex 19.5483 -64.7743 0
      vertex 19.5483 -64.7743 3
    endloop
  endfacet
  facet normal -0.608834 -0.793297 0
    outer loop
      vertex 18.8329 -63.9218 0
      vertex 18.9817 -64.036 3
      vertex 18.8329 -63.9218 3
    endloop
  endfacet
  facet normal -0.608834 -0.793297 -0
    outer loop
      vertex 18.9817 -64.036 3
      vertex 18.8329 -63.9218 0
      vertex 18.9817 -64.036 0
    endloop
  endfacet
  facet normal 0.38276 0.923848 -0
    outer loop
      vertex 16.8644 -67.7033 0
      vertex 16.6911 -67.6315 3
      vertex 16.8644 -67.7033 3
    endloop
  endfacet
  facet normal 0.38276 0.923848 0
    outer loop
      vertex 16.6911 -67.6315 3
      vertex 16.8644 -67.7033 0
      vertex 16.6911 -67.6315 0
    endloop
  endfacet
  facet normal -0.0431827 -0.999067 0
    outer loop
      vertex 17.5997 -63.533 0
      vertex 17.7871 -63.5411 3
      vertex 17.5997 -63.533 3
    endloop
  endfacet
  facet normal -0.0431827 -0.999067 -0
    outer loop
      vertex 17.7871 -63.5411 3
      vertex 17.5997 -63.533 0
      vertex 17.7871 -63.5411 0
    endloop
  endfacet
  facet normal -0.216366 0.976312 0
    outer loop
      vertex 18.1562 -67.7597 0
      vertex 17.973 -67.8003 3
      vertex 18.1562 -67.7597 3
    endloop
  endfacet
  facet normal -0.216366 0.976312 0
    outer loop
      vertex 17.973 -67.8003 3
      vertex 18.1562 -67.7597 0
      vertex 17.973 -67.8003 0
    endloop
  endfacet
  facet normal -0.300825 -0.953679 0
    outer loop
      vertex 18.1562 -63.6062 0
      vertex 18.335 -63.6626 3
      vertex 18.1562 -63.6062 3
    endloop
  endfacet
  facet normal -0.300825 -0.953679 -0
    outer loop
      vertex 18.335 -63.6626 3
      vertex 18.1562 -63.6062 0
      vertex 18.335 -63.6626 0
    endloop
  endfacet
  facet normal 0.843354 -0.537358 0
    outer loop
      vertex 15.7377 -64.608 3
      vertex 15.8385 -64.4498 0
      vertex 15.8385 -64.4498 3
    endloop
  endfacet
  facet normal 0.843354 -0.537358 0
    outer loop
      vertex 15.8385 -64.4498 0
      vertex 15.7377 -64.608 3
      vertex 15.7377 -64.608 0
    endloop
  endfacet
  facet normal -0.737353 0.675507 0
    outer loop
      vertex 19.12 -67.2032 0
      vertex 19.2467 -67.0649 3
      vertex 19.2467 -67.0649 0
    endloop
  endfacet
  facet normal -0.737353 0.675507 0
    outer loop
      vertex 19.2467 -67.0649 3
      vertex 19.12 -67.2032 0
      vertex 19.12 -67.2032 3
    endloop
  endfacet
  facet normal -0.976287 0.216479 0
    outer loop
      vertex 19.6764 -66.2394 0
      vertex 19.717 -66.0563 3
      vertex 19.717 -66.0563 0
    endloop
  endfacet
  facet normal -0.976287 0.216479 0
    outer loop
      vertex 19.717 -66.0563 3
      vertex 19.6764 -66.2394 0
      vertex 19.6764 -66.2394 3
    endloop
  endfacet
  facet normal 0.675507 -0.737353 0
    outer loop
      vertex 16.0794 -64.1627 0
      vertex 16.2177 -64.036 3
      vertex 16.0794 -64.1627 3
    endloop
  endfacet
  facet normal 0.675507 -0.737353 0
    outer loop
      vertex 16.2177 -64.036 3
      vertex 16.0794 -64.1627 0
      vertex 16.2177 -64.036 0
    endloop
  endfacet
  facet normal 0.953728 -0.300672 0
    outer loop
      vertex 15.523 -65.1265 3
      vertex 15.5794 -64.9476 0
      vertex 15.5794 -64.9476 3
    endloop
  endfacet
  facet normal 0.953728 -0.300672 0
    outer loop
      vertex 15.5794 -64.9476 0
      vertex 15.523 -65.1265 3
      vertex 15.523 -65.1265 0
    endloop
  endfacet
  facet normal -0.991436 0.130592 0
    outer loop
      vertex 19.717 -66.0563 0
      vertex 19.7415 -65.8703 3
      vertex 19.7415 -65.8703 0
    endloop
  endfacet
  facet normal -0.991436 0.130592 0
    outer loop
      vertex 19.7415 -65.8703 3
      vertex 19.717 -66.0563 0
      vertex 19.717 -66.0563 3
    endloop
  endfacet
  facet normal 0.991436 -0.130592 0
    outer loop
      vertex 15.4579 -65.4956 3
      vertex 15.4824 -65.3096 0
      vertex 15.4824 -65.3096 3
    endloop
  endfacet
  facet normal 0.991436 -0.130592 0
    outer loop
      vertex 15.4824 -65.3096 0
      vertex 15.4579 -65.4956 3
      vertex 15.4579 -65.4956 0
    endloop
  endfacet
  facet normal 0.537432 -0.843307 0
    outer loop
      vertex 16.3665 -63.9218 0
      vertex 16.4743 -63.8531 3
      vertex 16.3665 -63.9218 3
    endloop
  endfacet
  facet normal 0.537432 -0.843307 0
    outer loop
      vertex 16.4743 -63.8531 3
      vertex 16.3665 -63.9218 0
      vertex 16.4743 -63.8531 0
    endloop
  endfacet
  facet normal 0.737353 -0.675507 0
    outer loop
      vertex 15.9527 -64.301 3
      vertex 16.0794 -64.1627 0
      vertex 16.0794 -64.1627 3
    endloop
  endfacet
  facet normal 0.737353 -0.675507 0
    outer loop
      vertex 16.0794 -64.1627 0
      vertex 15.9527 -64.301 3
      vertex 15.9527 -64.301 0
    endloop
  endfacet
  facet normal 0.0431827 -0.999067 0
    outer loop
      vertex 17.4123 -63.5411 0
      vertex 17.5997 -63.533 3
      vertex 17.4123 -63.5411 3
    endloop
  endfacet
  facet normal 0.0431827 -0.999067 0
    outer loop
      vertex 17.5997 -63.533 3
      vertex 17.4123 -63.5411 0
      vertex 17.5997 -63.533 0
    endloop
  endfacet
  facet normal 0.976287 0.216479 0
    outer loop
      vertex 15.523 -66.2394 3
      vertex 15.4824 -66.0563 0
      vertex 15.4824 -66.0563 3
    endloop
  endfacet
  facet normal 0.976287 0.216479 0
    outer loop
      vertex 15.4824 -66.0563 0
      vertex 15.523 -66.2394 3
      vertex 15.523 -66.2394 0
    endloop
  endfacet
  facet normal 0.924036 -0.382305 0
    outer loop
      vertex 15.5794 -64.9476 3
      vertex 15.6511 -64.7743 0
      vertex 15.6511 -64.7743 3
    endloop
  endfacet
  facet normal 0.924036 -0.382305 0
    outer loop
      vertex 15.6511 -64.7743 0
      vertex 15.5794 -64.9476 3
      vertex 15.5794 -64.9476 0
    endloop
  endfacet
  facet normal -0.953728 -0.300672 0
    outer loop
      vertex 19.6764 -65.1265 0
      vertex 19.62 -64.9476 3
      vertex 19.62 -64.9476 0
    endloop
  endfacet
  facet normal -0.953728 -0.300672 0
    outer loop
      vertex 19.62 -64.9476 3
      vertex 19.6764 -65.1265 0
      vertex 19.6764 -65.1265 3
    endloop
  endfacet
  facet normal -0.737353 -0.675507 0
    outer loop
      vertex 19.2467 -64.301 0
      vertex 19.12 -64.1627 3
      vertex 19.12 -64.1627 0
    endloop
  endfacet
  facet normal -0.737353 -0.675507 0
    outer loop
      vertex 19.12 -64.1627 3
      vertex 19.2467 -64.301 0
      vertex 19.2467 -64.301 3
    endloop
  endfacet
  facet normal 0.953728 0.300672 0
    outer loop
      vertex 15.5794 -66.4183 3
      vertex 15.523 -66.2394 0
      vertex 15.523 -66.2394 3
    endloop
  endfacet
  facet normal 0.953728 0.300672 0
    outer loop
      vertex 15.523 -66.2394 0
      vertex 15.5794 -66.4183 3
      vertex 15.5794 -66.4183 0
    endloop
  endfacet
  facet normal -0.537358 0.843354 0
    outer loop
      vertex 18.8329 -67.4441 0
      vertex 18.6747 -67.5449 3
      vertex 18.8329 -67.4441 3
    endloop
  endfacet
  facet normal -0.537358 0.843354 0
    outer loop
      vertex 18.6747 -67.5449 3
      vertex 18.8329 -67.4441 0
      vertex 18.6747 -67.5449 0
    endloop
  endfacet
  facet normal -0.924036 0.382305 0
    outer loop
      vertex 19.5483 -66.5916 0
      vertex 19.62 -66.4183 3
      vertex 19.62 -66.4183 0
    endloop
  endfacet
  facet normal -0.924036 0.382305 0
    outer loop
      vertex 19.62 -66.4183 3
      vertex 19.5483 -66.5916 0
      vertex 19.5483 -66.5916 3
    endloop
  endfacet
  facet normal -0.886841 0.462074 0
    outer loop
      vertex 19.4616 -66.758 0
      vertex 19.5483 -66.5916 3
      vertex 19.5483 -66.5916 0
    endloop
  endfacet
  facet normal -0.886841 0.462074 0
    outer loop
      vertex 19.5483 -66.5916 3
      vertex 19.4616 -66.758 0
      vertex 19.4616 -66.758 3
    endloop
  endfacet
  facet normal -0.843442 0.537221 0
    outer loop
      vertex 19.3609 -66.9161 0
      vertex 19.4616 -66.758 3
      vertex 19.4616 -66.758 0
    endloop
  endfacet
  facet normal -0.843442 0.537221 0
    outer loop
      vertex 19.4616 -66.758 3
      vertex 19.3609 -66.9161 0
      vertex 19.3609 -66.9161 3
    endloop
  endfacet
  facet normal 0.999043 0.0437381 0
    outer loop
      vertex 15.4579 -65.8703 3
      vertex 15.4497 -65.683 0
      vertex 15.4497 -65.683 3
    endloop
  endfacet
  facet normal 0.999043 0.0437381 0
    outer loop
      vertex 15.4497 -65.683 0
      vertex 15.4579 -65.8703 3
      vertex 15.4579 -65.8703 0
    endloop
  endfacet
  facet normal 0.793297 -0.608834 0
    outer loop
      vertex 15.8385 -64.4498 3
      vertex 15.9527 -64.301 0
      vertex 15.9527 -64.301 3
    endloop
  endfacet
  facet normal 0.793297 -0.608834 0
    outer loop
      vertex 15.9527 -64.301 0
      vertex 15.8385 -64.4498 3
      vertex 15.8385 -64.4498 0
    endloop
  endfacet
  facet normal -0.216366 -0.976312 0
    outer loop
      vertex 17.973 -63.5656 0
      vertex 18.1562 -63.6062 3
      vertex 17.973 -63.5656 3
    endloop
  endfacet
  facet normal -0.216366 -0.976312 -0
    outer loop
      vertex 18.1562 -63.6062 3
      vertex 17.973 -63.5656 0
      vertex 18.1562 -63.6062 0
    endloop
  endfacet
  facet normal -0.537358 -0.843354 0
    outer loop
      vertex 18.6747 -63.821 0
      vertex 18.8329 -63.9218 3
      vertex 18.6747 -63.821 3
    endloop
  endfacet
  facet normal -0.537358 -0.843354 -0
    outer loop
      vertex 18.8329 -63.9218 3
      vertex 18.6747 -63.821 0
      vertex 18.8329 -63.9218 0
    endloop
  endfacet
  facet normal -0.38276 -0.923848 0
    outer loop
      vertex 18.335 -63.6626 0
      vertex 18.5083 -63.7344 3
      vertex 18.335 -63.6626 3
    endloop
  endfacet
  facet normal -0.38276 -0.923848 -0
    outer loop
      vertex 18.5083 -63.7344 3
      vertex 18.335 -63.6626 0
      vertex 18.5083 -63.7344 0
    endloop
  endfacet
  facet normal -0.608834 0.793297 0
    outer loop
      vertex 18.9817 -67.3299 0
      vertex 18.8329 -67.4441 3
      vertex 18.9817 -67.3299 3
    endloop
  endfacet
  facet normal -0.608834 0.793297 0
    outer loop
      vertex 18.8329 -67.4441 3
      vertex 18.9817 -67.3299 0
      vertex 18.8329 -67.4441 0
    endloop
  endfacet
  facet normal -0.300825 0.953679 0
    outer loop
      vertex 18.335 -67.7033 0
      vertex 18.1562 -67.7597 3
      vertex 18.335 -67.7033 3
    endloop
  endfacet
  facet normal -0.300825 0.953679 0
    outer loop
      vertex 18.1562 -67.7597 3
      vertex 18.335 -67.7033 0
      vertex 18.1562 -67.7597 0
    endloop
  endfacet
  facet normal 0.608834 -0.793297 0
    outer loop
      vertex 16.2177 -64.036 0
      vertex 16.3665 -63.9218 3
      vertex 16.2177 -64.036 3
    endloop
  endfacet
  facet normal 0.608834 -0.793297 0
    outer loop
      vertex 16.3665 -63.9218 3
      vertex 16.2177 -64.036 0
      vertex 16.3665 -63.9218 0
    endloop
  endfacet
  facet normal 0.999044 -0.0437148 0
    outer loop
      vertex 15.4497 -65.683 3
      vertex 15.4579 -65.4956 0
      vertex 15.4579 -65.4956 3
    endloop
  endfacet
  facet normal 0.999044 -0.0437148 0
    outer loop
      vertex 15.4579 -65.4956 0
      vertex 15.4497 -65.683 3
      vertex 15.4497 -65.683 0
    endloop
  endfacet
  facet normal -0.130661 0.991427 0
    outer loop
      vertex 17.973 -67.8003 0
      vertex 17.7871 -67.8248 3
      vertex 17.973 -67.8003 3
    endloop
  endfacet
  facet normal -0.130661 0.991427 0
    outer loop
      vertex 17.7871 -67.8248 3
      vertex 17.973 -67.8003 0
      vertex 17.7871 -67.8248 0
    endloop
  endfacet
  facet normal -0.843596 -0.536979 0
    outer loop
      vertex 19.4616 -64.608 0
      vertex 19.3609 -64.4498 3
      vertex 19.3609 -64.4498 0
    endloop
  endfacet
  facet normal -0.843596 -0.536979 0
    outer loop
      vertex 19.3609 -64.4498 3
      vertex 19.4616 -64.608 0
      vertex 19.4616 -64.608 3
    endloop
  endfacet
  facet normal 0.675507 0.737353 -0
    outer loop
      vertex 16.2177 -67.3299 0
      vertex 16.0794 -67.2032 3
      vertex 16.2177 -67.3299 3
    endloop
  endfacet
  facet normal 0.675507 0.737353 0
    outer loop
      vertex 16.0794 -67.2032 3
      vertex 16.2177 -67.3299 0
      vertex 16.0794 -67.2032 0
    endloop
  endfacet
  facet normal -0.675507 -0.737353 0
    outer loop
      vertex 18.9817 -64.036 0
      vertex 19.12 -64.1627 3
      vertex 18.9817 -64.036 3
    endloop
  endfacet
  facet normal -0.675507 -0.737353 -0
    outer loop
      vertex 19.12 -64.1627 3
      vertex 18.9817 -64.036 0
      vertex 19.12 -64.1627 0
    endloop
  endfacet
  facet normal -0.924036 -0.382305 0
    outer loop
      vertex 19.62 -64.9476 0
      vertex 19.5483 -64.7743 3
      vertex 19.5483 -64.7743 0
    endloop
  endfacet
  facet normal -0.924036 -0.382305 0
    outer loop
      vertex 19.5483 -64.7743 3
      vertex 19.62 -64.9476 0
      vertex 19.62 -64.9476 3
    endloop
  endfacet
  facet normal 0.461655 0.88706 -0
    outer loop
      vertex 16.6911 -67.6315 0
      vertex 16.5247 -67.5449 3
      vertex 16.6911 -67.6315 3
    endloop
  endfacet
  facet normal 0.461655 0.88706 0
    outer loop
      vertex 16.5247 -67.5449 3
      vertex 16.6911 -67.6315 0
      vertex 16.5247 -67.5449 0
    endloop
  endfacet
  facet normal 0.793297 0.608834 0
    outer loop
      vertex 15.9527 -67.0649 3
      vertex 15.8385 -66.9161 0
      vertex 15.8385 -66.9161 3
    endloop
  endfacet
  facet normal 0.793297 0.608834 0
    outer loop
      vertex 15.8385 -66.9161 0
      vertex 15.9527 -67.0649 3
      vertex 15.9527 -67.0649 0
    endloop
  endfacet
  facet normal -0.38276 0.923848 0
    outer loop
      vertex 18.5083 -67.6315 0
      vertex 18.335 -67.7033 3
      vertex 18.5083 -67.6315 3
    endloop
  endfacet
  facet normal -0.38276 0.923848 0
    outer loop
      vertex 18.335 -67.7033 3
      vertex 18.5083 -67.6315 0
      vertex 18.335 -67.7033 0
    endloop
  endfacet
  facet normal 0.130661 -0.991427 0
    outer loop
      vertex 17.2264 -63.5656 0
      vertex 17.4123 -63.5411 3
      vertex 17.2264 -63.5656 3
    endloop
  endfacet
  facet normal 0.130661 -0.991427 0
    outer loop
      vertex 17.4123 -63.5411 3
      vertex 17.2264 -63.5656 0
      vertex 17.4123 -63.5411 0
    endloop
  endfacet
  facet normal 0.216652 -0.976249 0
    outer loop
      vertex 17.0777 -63.5986 0
      vertex 17.2264 -63.5656 3
      vertex 17.0777 -63.5986 3
    endloop
  endfacet
  facet normal 0.216652 -0.976249 0
    outer loop
      vertex 17.2264 -63.5656 3
      vertex 17.0777 -63.5986 0
      vertex 17.2264 -63.5656 0
    endloop
  endfacet
  facet normal 0.991436 0.130592 0
    outer loop
      vertex 15.4824 -66.0563 3
      vertex 15.4579 -65.8703 0
      vertex 15.4579 -65.8703 3
    endloop
  endfacet
  facet normal 0.991436 0.130592 0
    outer loop
      vertex 15.4579 -65.8703 0
      vertex 15.4824 -66.0563 3
      vertex 15.4824 -66.0563 0
    endloop
  endfacet
  facet normal 0.737353 0.675507 0
    outer loop
      vertex 16.0794 -67.2032 3
      vertex 15.9527 -67.0649 0
      vertex 15.9527 -67.0649 3
    endloop
  endfacet
  facet normal 0.737353 0.675507 0
    outer loop
      vertex 15.9527 -67.0649 0
      vertex 16.0794 -67.2032 3
      vertex 16.0794 -67.2032 0
    endloop
  endfacet
  facet normal 0.976287 -0.216479 0
    outer loop
      vertex 15.4824 -65.3096 3
      vertex 15.523 -65.1265 0
      vertex 15.523 -65.1265 3
    endloop
  endfacet
  facet normal 0.976287 -0.216479 0
    outer loop
      vertex 15.523 -65.1265 0
      vertex 15.4824 -65.3096 3
      vertex 15.4824 -65.3096 0
    endloop
  endfacet
  facet normal -0.0437148 0.999044 0
    outer loop
      vertex 17.7871 -67.8248 0
      vertex 17.5997 -67.833 3
      vertex 17.7871 -67.8248 3
    endloop
  endfacet
  facet normal -0.0437148 0.999044 0
    outer loop
      vertex 17.5997 -67.833 3
      vertex 17.7871 -67.8248 0
      vertex 17.5997 -67.833 0
    endloop
  endfacet
  facet normal -0.461655 0.88706 0
    outer loop
      vertex 18.6747 -67.5449 0
      vertex 18.5083 -67.6315 3
      vertex 18.6747 -67.5449 3
    endloop
  endfacet
  facet normal -0.461655 0.88706 0
    outer loop
      vertex 18.5083 -67.6315 3
      vertex 18.6747 -67.5449 0
      vertex 18.5083 -67.6315 0
    endloop
  endfacet
  facet normal 0.300825 0.953679 -0
    outer loop
      vertex 17.0432 -67.7597 0
      vertex 16.8644 -67.7033 3
      vertex 17.0432 -67.7597 3
    endloop
  endfacet
  facet normal 0.300825 0.953679 0
    outer loop
      vertex 16.8644 -67.7033 3
      vertex 17.0432 -67.7597 0
      vertex 16.8644 -67.7033 0
    endloop
  endfacet
  facet normal 0.608834 0.793297 -0
    outer loop
      vertex 16.3665 -67.4441 0
      vertex 16.2177 -67.3299 3
      vertex 16.3665 -67.4441 3
    endloop
  endfacet
  facet normal 0.608834 0.793297 0
    outer loop
      vertex 16.2177 -67.3299 3
      vertex 16.3665 -67.4441 0
      vertex 16.2177 -67.3299 0
    endloop
  endfacet
  facet normal -0.130661 -0.991427 0
    outer loop
      vertex 17.7871 -63.5411 0
      vertex 17.973 -63.5656 3
      vertex 17.7871 -63.5411 3
    endloop
  endfacet
  facet normal -0.130661 -0.991427 -0
    outer loop
      vertex 17.973 -63.5656 3
      vertex 17.7871 -63.5411 0
      vertex 17.973 -63.5656 0
    endloop
  endfacet
  facet normal 0.886946 -0.461873 0
    outer loop
      vertex 15.6511 -64.7743 3
      vertex 15.7377 -64.608 0
      vertex 15.7377 -64.608 3
    endloop
  endfacet
  facet normal 0.886946 -0.461873 0
    outer loop
      vertex 15.7377 -64.608 0
      vertex 15.6511 -64.7743 3
      vertex 15.6511 -64.7743 0
    endloop
  endfacet
  facet normal 0.924036 0.382305 0
    outer loop
      vertex 15.6511 -66.5916 3
      vertex 15.5794 -66.4183 0
      vertex 15.5794 -66.4183 3
    endloop
  endfacet
  facet normal 0.924036 0.382305 0
    outer loop
      vertex 15.5794 -66.4183 0
      vertex 15.6511 -66.5916 3
      vertex 15.6511 -66.5916 0
    endloop
  endfacet
  facet normal 0.537358 0.843354 -0
    outer loop
      vertex 16.5247 -67.5449 0
      vertex 16.3665 -67.4441 3
      vertex 16.5247 -67.5449 3
    endloop
  endfacet
  facet normal 0.537358 0.843354 0
    outer loop
      vertex 16.3665 -67.4441 3
      vertex 16.5247 -67.5449 0
      vertex 16.3665 -67.4441 0
    endloop
  endfacet
  facet normal 0.88706 0.461655 0
    outer loop
      vertex 15.7377 -66.758 3
      vertex 15.6511 -66.5916 0
      vertex 15.6511 -66.5916 3
    endloop
  endfacet
  facet normal 0.88706 0.461655 0
    outer loop
      vertex 15.6511 -66.5916 0
      vertex 15.7377 -66.758 3
      vertex 15.7377 -66.758 0
    endloop
  endfacet
  facet normal -0.953728 0.300672 0
    outer loop
      vertex 19.62 -66.4183 0
      vertex 19.6764 -66.2394 3
      vertex 19.6764 -66.2394 0
    endloop
  endfacet
  facet normal -0.953728 0.300672 0
    outer loop
      vertex 19.6764 -66.2394 3
      vertex 19.62 -66.4183 0
      vertex 19.62 -66.4183 3
    endloop
  endfacet
  facet normal 0.8432 0.5376 0
    outer loop
      vertex 15.8385 -66.9161 3
      vertex 15.7377 -66.758 0
      vertex 15.7377 -66.758 3
    endloop
  endfacet
  facet normal 0.8432 0.5376 0
    outer loop
      vertex 15.7377 -66.758 0
      vertex 15.8385 -66.9161 3
      vertex 15.8385 -66.9161 0
    endloop
  endfacet
  facet normal 0.130661 0.991427 -0
    outer loop
      vertex 17.4123 -67.8248 0
      vertex 17.2264 -67.8003 3
      vertex 17.4123 -67.8248 3
    endloop
  endfacet
  facet normal 0.130661 0.991427 0
    outer loop
      vertex 17.2264 -67.8003 3
      vertex 17.4123 -67.8248 0
      vertex 17.2264 -67.8003 0
    endloop
  endfacet
  facet normal -0.991468 -0.130351 0
    outer loop
      vertex 73.7433 0.152522 0
      vertex 73.7234 0.303884 3
      vertex 73.7234 0.303884 0
    endloop
  endfacet
  facet normal -0.991468 -0.130351 0
    outer loop
      vertex 73.7234 0.303884 3
      vertex 73.7433 0.152522 0
      vertex 73.7433 0.152522 3
    endloop
  endfacet
  facet normal -0.999037 -0.0438858 0
    outer loop
      vertex 73.75 0 0
      vertex 73.7433 0.152522 3
      vertex 73.7433 0.152522 0
    endloop
  endfacet
  facet normal -0.999037 -0.0438858 0
    outer loop
      vertex 73.7433 0.152522 3
      vertex 73.75 0 0
      vertex 73.75 0 3
    endloop
  endfacet
  facet normal -0.976356 -0.216169 0
    outer loop
      vertex 73.7234 0.303884 0
      vertex 73.6904 0.452933 3
      vertex 73.6904 0.452933 0
    endloop
  endfacet
  facet normal -0.976356 -0.216169 0
    outer loop
      vertex 73.6904 0.452933 3
      vertex 73.7234 0.303884 0
      vertex 73.7234 0.303884 3
    endloop
  endfacet
  facet normal -0.843478 -0.537164 0
    outer loop
      vertex 73.5155 0.875 0
      vertex 73.4335 1.00376 3
      vertex 73.4335 1.00376 0
    endloop
  endfacet
  facet normal -0.843478 -0.537164 0
    outer loop
      vertex 73.4335 1.00376 3
      vertex 73.5155 0.875 0
      vertex 73.5155 0.875 3
    endloop
  endfacet
  facet normal 0.461827 -0.88697 0
    outer loop
      vertex 71.125 1.51554 0
      vertex 71.2604 1.58604 3
      vertex 71.125 1.51554 3
    endloop
  endfacet
  facet normal 0.461827 -0.88697 0
    outer loop
      vertex 71.2604 1.58604 3
      vertex 71.125 1.51554 0
      vertex 71.2604 1.58604 0
    endloop
  endfacet
  facet normal 0.999037 -0.0438858 0
    outer loop
      vertex 70.25 0 3
      vertex 70.2567 0.152522 0
      vertex 70.2567 0.152522 3
    endloop
  endfacet
  facet normal 0.999037 -0.0438858 0
    outer loop
      vertex 70.2567 0.152522 0
      vertex 70.25 0 3
      vertex 70.25 0 0
    endloop
  endfacet
  facet normal -0.923702 -0.383113 0
    outer loop
      vertex 73.6445 0.598535 0
      vertex 73.586 0.739581 3
      vertex 73.586 0.739581 0
    endloop
  endfacet
  facet normal -0.923702 -0.383113 0
    outer loop
      vertex 73.586 0.739581 3
      vertex 73.6445 0.598535 0
      vertex 73.6445 0.598535 3
    endloop
  endfacet
  facet normal 0.953732 -0.300657 0
    outer loop
      vertex 70.3096 0.452933 3
      vertex 70.3555 0.598535 0
      vertex 70.3555 0.598535 3
    endloop
  endfacet
  facet normal 0.953732 -0.300657 0
    outer loop
      vertex 70.3555 0.598535 0
      vertex 70.3096 0.452933 3
      vertex 70.3096 0.452933 0
    endloop
  endfacet
  facet normal 0.130512 0.991447 -0
    outer loop
      vertex 71.8475 -1.74334 0
      vertex 71.6961 -1.72341 3
      vertex 71.8475 -1.74334 3
    endloop
  endfacet
  facet normal 0.130512 0.991447 0
    outer loop
      vertex 71.6961 -1.72341 3
      vertex 71.8475 -1.74334 0
      vertex 71.6961 -1.72341 0
    endloop
  endfacet
  facet normal 0.0436305 -0.999048 0
    outer loop
      vertex 71.8475 1.74334 0
      vertex 72 1.75 3
      vertex 71.8475 1.74334 3
    endloop
  endfacet
  facet normal 0.0436305 -0.999048 0
    outer loop
      vertex 72 1.75 3
      vertex 71.8475 1.74334 0
      vertex 72 1.75 0
    endloop
  endfacet
  facet normal 0.537138 0.843494 -0
    outer loop
      vertex 71.125 -1.51554 0
      vertex 70.9962 -1.43352 3
      vertex 71.125 -1.51554 3
    endloop
  endfacet
  facet normal 0.537138 0.843494 0
    outer loop
      vertex 70.9962 -1.43352 3
      vertex 71.125 -1.51554 0
      vertex 70.9962 -1.43352 0
    endloop
  endfacet
  facet normal 0.953732 0.300657 0
    outer loop
      vertex 70.3555 -0.598535 3
      vertex 70.3096 -0.452933 0
      vertex 70.3096 -0.452933 3
    endloop
  endfacet
  facet normal 0.953732 0.300657 0
    outer loop
      vertex 70.3096 -0.452933 0
      vertex 70.3555 -0.598535 3
      vertex 70.3555 -0.598535 0
    endloop
  endfacet
  facet normal 0.60883 0.7933 -0
    outer loop
      vertex 70.9962 -1.43352 0
      vertex 70.8751 -1.34058 3
      vertex 70.9962 -1.43352 3
    endloop
  endfacet
  facet normal 0.60883 0.7933 0
    outer loop
      vertex 70.8751 -1.34058 3
      vertex 70.9962 -1.43352 0
      vertex 70.8751 -1.34058 0
    endloop
  endfacet
  facet normal 0.537138 -0.843494 0
    outer loop
      vertex 70.9962 1.43352 0
      vertex 71.125 1.51554 3
      vertex 70.9962 1.43352 3
    endloop
  endfacet
  facet normal 0.537138 -0.843494 0
    outer loop
      vertex 71.125 1.51554 3
      vertex 70.9962 1.43352 0
      vertex 71.125 1.51554 0
    endloop
  endfacet
  facet normal -0.382541 -0.923939 0
    outer loop
      vertex 72.5985 1.64446 0
      vertex 72.7396 1.58604 3
      vertex 72.5985 1.64446 3
    endloop
  endfacet
  facet normal -0.382541 -0.923939 -0
    outer loop
      vertex 72.7396 1.58604 3
      vertex 72.5985 1.64446 0
      vertex 72.7396 1.58604 0
    endloop
  endfacet
  facet normal 0.976356 0.216169 0
    outer loop
      vertex 70.3096 -0.452933 3
      vertex 70.2766 -0.303884 0
      vertex 70.2766 -0.303884 3
    endloop
  endfacet
  facet normal 0.976356 0.216169 0
    outer loop
      vertex 70.2766 -0.303884 0
      vertex 70.3096 -0.452933 3
      vertex 70.3096 -0.452933 0
    endloop
  endfacet
  facet normal -0.793476 -0.608602 0
    outer loop
      vertex 73.4335 1.00376 0
      vertex 73.3406 1.12488 3
      vertex 73.3406 1.12488 0
    endloop
  endfacet
  facet normal -0.793476 -0.608602 0
    outer loop
      vertex 73.3406 1.12488 3
      vertex 73.4335 1.00376 0
      vertex 73.4335 1.00376 3
    endloop
  endfacet
  facet normal -0.675778 0.737105 0
    outer loop
      vertex 73.2374 -1.23744 0
      vertex 73.1249 -1.34058 3
      vertex 73.2374 -1.23744 3
    endloop
  endfacet
  facet normal -0.675778 0.737105 0
    outer loop
      vertex 73.1249 -1.34058 3
      vertex 73.2374 -1.23744 0
      vertex 73.1249 -1.34058 0
    endloop
  endfacet
  facet normal -0.976356 0.216169 0
    outer loop
      vertex 73.6904 -0.452933 0
      vertex 73.7234 -0.303884 3
      vertex 73.7234 -0.303884 0
    endloop
  endfacet
  facet normal -0.976356 0.216169 0
    outer loop
      vertex 73.7234 -0.303884 3
      vertex 73.6904 -0.452933 0
      vertex 73.6904 -0.452933 3
    endloop
  endfacet
  facet normal -0.793476 0.608602 0
    outer loop
      vertex 73.3406 -1.12488 0
      vertex 73.4335 -1.00376 3
      vertex 73.4335 -1.00376 0
    endloop
  endfacet
  facet normal -0.793476 0.608602 0
    outer loop
      vertex 73.4335 -1.00376 3
      vertex 73.3406 -1.12488 0
      vertex 73.3406 -1.12488 3
    endloop
  endfacet
  facet normal 0.675778 -0.737105 0
    outer loop
      vertex 70.7626 1.23744 0
      vertex 70.8751 1.34058 3
      vertex 70.7626 1.23744 3
    endloop
  endfacet
  facet normal 0.675778 -0.737105 0
    outer loop
      vertex 70.8751 1.34058 3
      vertex 70.7626 1.23744 0
      vertex 70.8751 1.34058 0
    endloop
  endfacet
  facet normal 0.300721 0.953712 -0
    outer loop
      vertex 71.5471 -1.69037 0
      vertex 71.4015 -1.64446 3
      vertex 71.5471 -1.69037 3
    endloop
  endfacet
  facet normal 0.300721 0.953712 0
    outer loop
      vertex 71.4015 -1.64446 3
      vertex 71.5471 -1.69037 0
      vertex 71.4015 -1.64446 0
    endloop
  endfacet
  facet normal 0.300721 -0.953712 0
    outer loop
      vertex 71.4015 1.64446 0
      vertex 71.5471 1.69037 3
      vertex 71.4015 1.64446 3
    endloop
  endfacet
  facet normal 0.300721 -0.953712 0
    outer loop
      vertex 71.5471 1.69037 3
      vertex 71.4015 1.64446 0
      vertex 71.5471 1.69037 0
    endloop
  endfacet
  facet normal 0.461827 0.88697 -0
    outer loop
      vertex 71.2604 -1.58604 0
      vertex 71.125 -1.51554 3
      vertex 71.2604 -1.58604 3
    endloop
  endfacet
  facet normal 0.461827 0.88697 0
    outer loop
      vertex 71.125 -1.51554 3
      vertex 71.2604 -1.58604 0
      vertex 71.125 -1.51554 0
    endloop
  endfacet
  facet normal -0.991468 0.130351 0
    outer loop
      vertex 73.7234 -0.303884 0
      vertex 73.7433 -0.152522 3
      vertex 73.7433 -0.152522 0
    endloop
  endfacet
  facet normal -0.991468 0.130351 0
    outer loop
      vertex 73.7433 -0.152522 3
      vertex 73.7234 -0.303884 0
      vertex 73.7234 -0.303884 3
    endloop
  endfacet
  facet normal -0.300721 -0.953712 0
    outer loop
      vertex 72.4529 1.69037 0
      vertex 72.5985 1.64446 3
      vertex 72.4529 1.69037 3
    endloop
  endfacet
  facet normal -0.300721 -0.953712 -0
    outer loop
      vertex 72.5985 1.64446 3
      vertex 72.4529 1.69037 0
      vertex 72.5985 1.64446 0
    endloop
  endfacet
  facet normal 0.382541 -0.923939 0
    outer loop
      vertex 71.2604 1.58604 0
      vertex 71.4015 1.64446 3
      vertex 71.2604 1.58604 3
    endloop
  endfacet
  facet normal 0.382541 -0.923939 0
    outer loop
      vertex 71.4015 1.64446 3
      vertex 71.2604 1.58604 0
      vertex 71.4015 1.64446 0
    endloop
  endfacet
  facet normal -0.923702 0.383113 0
    outer loop
      vertex 73.586 -0.739581 0
      vertex 73.6445 -0.598535 3
      vertex 73.6445 -0.598535 0
    endloop
  endfacet
  facet normal -0.923702 0.383113 0
    outer loop
      vertex 73.6445 -0.598535 3
      vertex 73.586 -0.739581 0
      vertex 73.586 -0.739581 3
    endloop
  endfacet
  facet normal -0.843478 0.537164 0
    outer loop
      vertex 73.4335 -1.00376 0
      vertex 73.5155 -0.875 3
      vertex 73.5155 -0.875 0
    endloop
  endfacet
  facet normal -0.843478 0.537164 0
    outer loop
      vertex 73.5155 -0.875 3
      vertex 73.4335 -1.00376 0
      vertex 73.4335 -1.00376 3
    endloop
  endfacet
  facet normal -0.537138 -0.843494 0
    outer loop
      vertex 72.875 1.51554 0
      vertex 73.0038 1.43352 3
      vertex 72.875 1.51554 3
    endloop
  endfacet
  facet normal -0.537138 -0.843494 -0
    outer loop
      vertex 73.0038 1.43352 3
      vertex 72.875 1.51554 0
      vertex 73.0038 1.43352 0
    endloop
  endfacet
  facet normal 0.991468 -0.130351 0
    outer loop
      vertex 70.2567 0.152522 3
      vertex 70.2766 0.303884 0
      vertex 70.2766 0.303884 3
    endloop
  endfacet
  facet normal 0.991468 -0.130351 0
    outer loop
      vertex 70.2766 0.303884 0
      vertex 70.2567 0.152522 3
      vertex 70.2567 0.152522 0
    endloop
  endfacet
  facet normal -0.537138 0.843494 0
    outer loop
      vertex 73.0038 -1.43352 0
      vertex 72.875 -1.51554 3
      vertex 73.0038 -1.43352 3
    endloop
  endfacet
  facet normal -0.537138 0.843494 0
    outer loop
      vertex 72.875 -1.51554 3
      vertex 73.0038 -1.43352 0
      vertex 72.875 -1.51554 0
    endloop
  endfacet
  facet normal 0.976356 -0.216169 0
    outer loop
      vertex 70.2766 0.303884 3
      vertex 70.3096 0.452933 0
      vertex 70.3096 0.452933 3
    endloop
  endfacet
  facet normal 0.976356 -0.216169 0
    outer loop
      vertex 70.3096 0.452933 0
      vertex 70.2766 0.303884 3
      vertex 70.2766 0.303884 0
    endloop
  endfacet
  facet normal 0.737089 0.675796 0
    outer loop
      vertex 70.7626 -1.23744 3
      vertex 70.6594 -1.12488 0
      vertex 70.6594 -1.12488 3
    endloop
  endfacet
  facet normal 0.737089 0.675796 0
    outer loop
      vertex 70.6594 -1.12488 0
      vertex 70.7626 -1.23744 3
      vertex 70.7626 -1.23744 0
    endloop
  endfacet
  facet normal -0.216486 -0.976286 0
    outer loop
      vertex 72.3039 1.72341 0
      vertex 72.4529 1.69037 3
      vertex 72.3039 1.72341 3
    endloop
  endfacet
  facet normal -0.216486 -0.976286 -0
    outer loop
      vertex 72.4529 1.69037 3
      vertex 72.3039 1.72341 0
      vertex 72.4529 1.69037 0
    endloop
  endfacet
  facet normal 0.886997 0.461776 0
    outer loop
      vertex 70.4845 -0.875 3
      vertex 70.414 -0.739581 0
      vertex 70.414 -0.739581 3
    endloop
  endfacet
  facet normal 0.886997 0.461776 0
    outer loop
      vertex 70.414 -0.739581 0
      vertex 70.4845 -0.875 3
      vertex 70.4845 -0.875 0
    endloop
  endfacet
  facet normal -0.60883 -0.7933 0
    outer loop
      vertex 73.0038 1.43352 0
      vertex 73.1249 1.34058 3
      vertex 73.0038 1.43352 3
    endloop
  endfacet
  facet normal -0.60883 -0.7933 -0
    outer loop
      vertex 73.1249 1.34058 3
      vertex 73.0038 1.43352 0
      vertex 73.1249 1.34058 0
    endloop
  endfacet
  facet normal 0.60883 -0.7933 0
    outer loop
      vertex 70.8751 1.34058 0
      vertex 70.9962 1.43352 3
      vertex 70.8751 1.34058 3
    endloop
  endfacet
  facet normal 0.60883 -0.7933 0
    outer loop
      vertex 70.9962 1.43352 3
      vertex 70.8751 1.34058 0
      vertex 70.9962 1.43352 0
    endloop
  endfacet
  facet normal -0.953732 -0.300657 0
    outer loop
      vertex 73.6904 0.452933 0
      vertex 73.6445 0.598535 3
      vertex 73.6445 0.598535 0
    endloop
  endfacet
  facet normal -0.953732 -0.300657 0
    outer loop
      vertex 73.6445 0.598535 3
      vertex 73.6904 0.452933 0
      vertex 73.6904 0.452933 3
    endloop
  endfacet
  facet normal -0.130512 0.991447 0
    outer loop
      vertex 72.3039 -1.72341 0
      vertex 72.1525 -1.74334 3
      vertex 72.3039 -1.72341 3
    endloop
  endfacet
  facet normal -0.130512 0.991447 0
    outer loop
      vertex 72.1525 -1.74334 3
      vertex 72.3039 -1.72341 0
      vertex 72.1525 -1.74334 0
    endloop
  endfacet
  facet normal -0.675778 -0.737105 0
    outer loop
      vertex 73.1249 1.34058 0
      vertex 73.2374 1.23744 3
      vertex 73.1249 1.34058 3
    endloop
  endfacet
  facet normal -0.675778 -0.737105 -0
    outer loop
      vertex 73.2374 1.23744 3
      vertex 73.1249 1.34058 0
      vertex 73.2374 1.23744 0
    endloop
  endfacet
  facet normal -0.216486 0.976286 0
    outer loop
      vertex 72.4529 -1.69037 0
      vertex 72.3039 -1.72341 3
      vertex 72.4529 -1.69037 3
    endloop
  endfacet
  facet normal -0.216486 0.976286 0
    outer loop
      vertex 72.3039 -1.72341 3
      vertex 72.4529 -1.69037 0
      vertex 72.3039 -1.72341 0
    endloop
  endfacet
  facet normal 0.0436305 0.999048 -0
    outer loop
      vertex 72 -1.75 0
      vertex 71.8475 -1.74334 3
      vertex 72 -1.75 3
    endloop
  endfacet
  facet normal 0.0436305 0.999048 0
    outer loop
      vertex 71.8475 -1.74334 3
      vertex 72 -1.75 0
      vertex 71.8475 -1.74334 0
    endloop
  endfacet
  facet normal -0.461827 -0.88697 0
    outer loop
      vertex 72.7396 1.58604 0
      vertex 72.875 1.51554 3
      vertex 72.7396 1.58604 3
    endloop
  endfacet
  facet normal -0.461827 -0.88697 -0
    outer loop
      vertex 72.875 1.51554 3
      vertex 72.7396 1.58604 0
      vertex 72.875 1.51554 0
    endloop
  endfacet
  facet normal -0.382541 0.923939 0
    outer loop
      vertex 72.7396 -1.58604 0
      vertex 72.5985 -1.64446 3
      vertex 72.7396 -1.58604 3
    endloop
  endfacet
  facet normal -0.382541 0.923939 0
    outer loop
      vertex 72.5985 -1.64446 3
      vertex 72.7396 -1.58604 0
      vertex 72.5985 -1.64446 0
    endloop
  endfacet
  facet normal 0.843478 0.537164 0
    outer loop
      vertex 70.5665 -1.00376 3
      vertex 70.4845 -0.875 0
      vertex 70.4845 -0.875 3
    endloop
  endfacet
  facet normal 0.843478 0.537164 0
    outer loop
      vertex 70.4845 -0.875 0
      vertex 70.5665 -1.00376 3
      vertex 70.5665 -1.00376 0
    endloop
  endfacet
  facet normal 0.923702 0.383113 0
    outer loop
      vertex 70.414 -0.739581 3
      vertex 70.3555 -0.598535 0
      vertex 70.3555 -0.598535 3
    endloop
  endfacet
  facet normal 0.923702 0.383113 0
    outer loop
      vertex 70.3555 -0.598535 0
      vertex 70.414 -0.739581 3
      vertex 70.414 -0.739581 0
    endloop
  endfacet
  facet normal -0.886997 0.461776 0
    outer loop
      vertex 73.5155 -0.875 0
      vertex 73.586 -0.739581 3
      vertex 73.586 -0.739581 0
    endloop
  endfacet
  facet normal -0.886997 0.461776 0
    outer loop
      vertex 73.586 -0.739581 3
      vertex 73.5155 -0.875 0
      vertex 73.5155 -0.875 3
    endloop
  endfacet
  facet normal -0.953732 0.300657 0
    outer loop
      vertex 73.6445 -0.598535 0
      vertex 73.6904 -0.452933 3
      vertex 73.6904 -0.452933 0
    endloop
  endfacet
  facet normal -0.953732 0.300657 0
    outer loop
      vertex 73.6904 -0.452933 3
      vertex 73.6445 -0.598535 0
      vertex 73.6445 -0.598535 3
    endloop
  endfacet
  facet normal -0.0436305 0.999048 0
    outer loop
      vertex 72.1525 -1.74334 0
      vertex 72 -1.75 3
      vertex 72.1525 -1.74334 3
    endloop
  endfacet
  facet normal -0.0436305 0.999048 0
    outer loop
      vertex 72 -1.75 3
      vertex 72.1525 -1.74334 0
      vertex 72 -1.75 0
    endloop
  endfacet
  facet normal 0.382541 0.923939 -0
    outer loop
      vertex 71.4015 -1.64446 0
      vertex 71.2604 -1.58604 3
      vertex 71.4015 -1.64446 3
    endloop
  endfacet
  facet normal 0.382541 0.923939 0
    outer loop
      vertex 71.2604 -1.58604 3
      vertex 71.4015 -1.64446 0
      vertex 71.2604 -1.58604 0
    endloop
  endfacet
  facet normal -0.999037 0.0438858 0
    outer loop
      vertex 73.7433 -0.152522 0
      vertex 73.75 0 3
      vertex 73.75 0 0
    endloop
  endfacet
  facet normal -0.999037 0.0438858 0
    outer loop
      vertex 73.75 0 3
      vertex 73.7433 -0.152522 0
      vertex 73.7433 -0.152522 3
    endloop
  endfacet
  facet normal -0.886997 -0.461776 0
    outer loop
      vertex 73.586 0.739581 0
      vertex 73.5155 0.875 3
      vertex 73.5155 0.875 0
    endloop
  endfacet
  facet normal -0.886997 -0.461776 0
    outer loop
      vertex 73.5155 0.875 3
      vertex 73.586 0.739581 0
      vertex 73.586 0.739581 3
    endloop
  endfacet
  facet normal -0.461827 0.88697 0
    outer loop
      vertex 72.875 -1.51554 0
      vertex 72.7396 -1.58604 3
      vertex 72.875 -1.51554 3
    endloop
  endfacet
  facet normal -0.461827 0.88697 0
    outer loop
      vertex 72.7396 -1.58604 3
      vertex 72.875 -1.51554 0
      vertex 72.7396 -1.58604 0
    endloop
  endfacet
  facet normal 0.923702 -0.383113 0
    outer loop
      vertex 70.3555 0.598535 3
      vertex 70.414 0.739581 0
      vertex 70.414 0.739581 3
    endloop
  endfacet
  facet normal 0.923702 -0.383113 0
    outer loop
      vertex 70.414 0.739581 0
      vertex 70.3555 0.598535 3
      vertex 70.3555 0.598535 0
    endloop
  endfacet
  facet normal 0.216486 0.976286 -0
    outer loop
      vertex 71.6961 -1.72341 0
      vertex 71.5471 -1.69037 3
      vertex 71.6961 -1.72341 3
    endloop
  endfacet
  facet normal 0.216486 0.976286 0
    outer loop
      vertex 71.5471 -1.69037 3
      vertex 71.6961 -1.72341 0
      vertex 71.5471 -1.69037 0
    endloop
  endfacet
  facet normal 0.130512 -0.991447 0
    outer loop
      vertex 71.6961 1.72341 0
      vertex 71.8475 1.74334 3
      vertex 71.6961 1.72341 3
    endloop
  endfacet
  facet normal 0.130512 -0.991447 0
    outer loop
      vertex 71.8475 1.74334 3
      vertex 71.6961 1.72341 0
      vertex 71.8475 1.74334 0
    endloop
  endfacet
  facet normal 0.216486 -0.976286 0
    outer loop
      vertex 71.5471 1.69037 0
      vertex 71.6961 1.72341 3
      vertex 71.5471 1.69037 3
    endloop
  endfacet
  facet normal 0.216486 -0.976286 0
    outer loop
      vertex 71.6961 1.72341 3
      vertex 71.5471 1.69037 0
      vertex 71.6961 1.72341 0
    endloop
  endfacet
  facet normal -0.130512 -0.991447 0
    outer loop
      vertex 72.1525 1.74334 0
      vertex 72.3039 1.72341 3
      vertex 72.1525 1.74334 3
    endloop
  endfacet
  facet normal -0.130512 -0.991447 -0
    outer loop
      vertex 72.3039 1.72341 3
      vertex 72.1525 1.74334 0
      vertex 72.3039 1.72341 0
    endloop
  endfacet
  facet normal 0.793476 0.608602 0
    outer loop
      vertex 70.6594 -1.12488 3
      vertex 70.5665 -1.00376 0
      vertex 70.5665 -1.00376 3
    endloop
  endfacet
  facet normal 0.793476 0.608602 0
    outer loop
      vertex 70.5665 -1.00376 0
      vertex 70.6594 -1.12488 3
      vertex 70.6594 -1.12488 0
    endloop
  endfacet
  facet normal 0.991468 0.130351 0
    outer loop
      vertex 70.2766 -0.303884 3
      vertex 70.2567 -0.152522 0
      vertex 70.2567 -0.152522 3
    endloop
  endfacet
  facet normal 0.991468 0.130351 0
    outer loop
      vertex 70.2567 -0.152522 0
      vertex 70.2766 -0.303884 3
      vertex 70.2766 -0.303884 0
    endloop
  endfacet
  facet normal -0.737089 0.675796 0
    outer loop
      vertex 73.2374 -1.23744 0
      vertex 73.3406 -1.12488 3
      vertex 73.3406 -1.12488 0
    endloop
  endfacet
  facet normal -0.737089 0.675796 0
    outer loop
      vertex 73.3406 -1.12488 3
      vertex 73.2374 -1.23744 0
      vertex 73.2374 -1.23744 3
    endloop
  endfacet
  facet normal 0.737089 -0.675796 0
    outer loop
      vertex 70.6594 1.12488 3
      vertex 70.7626 1.23744 0
      vertex 70.7626 1.23744 3
    endloop
  endfacet
  facet normal 0.737089 -0.675796 0
    outer loop
      vertex 70.7626 1.23744 0
      vertex 70.6594 1.12488 3
      vertex 70.6594 1.12488 0
    endloop
  endfacet
  facet normal -0.0436305 -0.999048 0
    outer loop
      vertex 72 1.75 0
      vertex 72.1525 1.74334 3
      vertex 72 1.75 3
    endloop
  endfacet
  facet normal -0.0436305 -0.999048 -0
    outer loop
      vertex 72.1525 1.74334 3
      vertex 72 1.75 0
      vertex 72.1525 1.74334 0
    endloop
  endfacet
  facet normal 0.793476 -0.608602 0
    outer loop
      vertex 70.5665 1.00376 3
      vertex 70.6594 1.12488 0
      vertex 70.6594 1.12488 3
    endloop
  endfacet
  facet normal 0.793476 -0.608602 0
    outer loop
      vertex 70.6594 1.12488 0
      vertex 70.5665 1.00376 3
      vertex 70.5665 1.00376 0
    endloop
  endfacet
  facet normal -0.300721 0.953712 0
    outer loop
      vertex 72.5985 -1.64446 0
      vertex 72.4529 -1.69037 3
      vertex 72.5985 -1.64446 3
    endloop
  endfacet
  facet normal -0.300721 0.953712 0
    outer loop
      vertex 72.4529 -1.69037 3
      vertex 72.5985 -1.64446 0
      vertex 72.4529 -1.69037 0
    endloop
  endfacet
  facet normal -0.60883 0.7933 0
    outer loop
      vertex 73.1249 -1.34058 0
      vertex 73.0038 -1.43352 3
      vertex 73.1249 -1.34058 3
    endloop
  endfacet
  facet normal -0.60883 0.7933 0
    outer loop
      vertex 73.0038 -1.43352 3
      vertex 73.1249 -1.34058 0
      vertex 73.0038 -1.43352 0
    endloop
  endfacet
  facet normal 0.886997 -0.461776 0
    outer loop
      vertex 70.414 0.739581 3
      vertex 70.4845 0.875 0
      vertex 70.4845 0.875 3
    endloop
  endfacet
  facet normal 0.886997 -0.461776 0
    outer loop
      vertex 70.4845 0.875 0
      vertex 70.414 0.739581 3
      vertex 70.414 0.739581 0
    endloop
  endfacet
  facet normal 0.675778 0.737105 -0
    outer loop
      vertex 70.8751 -1.34058 0
      vertex 70.7626 -1.23744 3
      vertex 70.8751 -1.34058 3
    endloop
  endfacet
  facet normal 0.675778 0.737105 0
    outer loop
      vertex 70.7626 -1.23744 3
      vertex 70.8751 -1.34058 0
      vertex 70.7626 -1.23744 0
    endloop
  endfacet
  facet normal -0.737089 -0.675796 0
    outer loop
      vertex 73.3406 1.12488 0
      vertex 73.2374 1.23744 3
      vertex 73.2374 1.23744 0
    endloop
  endfacet
  facet normal -0.737089 -0.675796 0
    outer loop
      vertex 73.2374 1.23744 3
      vertex 73.3406 1.12488 0
      vertex 73.3406 1.12488 3
    endloop
  endfacet
  facet normal 0.843478 -0.537164 0
    outer loop
      vertex 70.4845 0.875 3
      vertex 70.5665 1.00376 0
      vertex 70.5665 1.00376 3
    endloop
  endfacet
  facet normal 0.843478 -0.537164 0
    outer loop
      vertex 70.5665 1.00376 0
      vertex 70.4845 0.875 3
      vertex 70.4845 0.875 0
    endloop
  endfacet
  facet normal 0.999037 0.0438858 0
    outer loop
      vertex 70.2567 -0.152522 3
      vertex 70.25 0 0
      vertex 70.25 0 3
    endloop
  endfacet
  facet normal 0.999037 0.0438858 0
    outer loop
      vertex 70.25 0 0
      vertex 70.2567 -0.152522 3
      vertex 70.2567 -0.152522 0
    endloop
  endfacet
  facet normal -0.991461 -0.130404 0
    outer loop
      vertex 37.7433 62.5064 0
      vertex 37.7234 62.6577 3
      vertex 37.7234 62.6577 0
    endloop
  endfacet
  facet normal -0.991461 -0.130404 0
    outer loop
      vertex 37.7234 62.6577 3
      vertex 37.7433 62.5064 0
      vertex 37.7433 62.5064 3
    endloop
  endfacet
  facet normal -0.999038 -0.0438634 0
    outer loop
      vertex 37.75 62.3538 0
      vertex 37.7433 62.5064 3
      vertex 37.7433 62.5064 0
    endloop
  endfacet
  facet normal -0.999038 -0.0438634 0
    outer loop
      vertex 37.7433 62.5064 3
      vertex 37.75 62.3538 0
      vertex 37.75 62.3538 3
    endloop
  endfacet
  facet normal -0.976372 -0.216098 0
    outer loop
      vertex 37.7234 62.6577 0
      vertex 37.6904 62.8068 3
      vertex 37.6904 62.8068 0
    endloop
  endfacet
  facet normal -0.976372 -0.216098 0
    outer loop
      vertex 37.6904 62.8068 3
      vertex 37.7234 62.6577 0
      vertex 37.7234 62.6577 3
    endloop
  endfacet
  facet normal 0.382429 -0.923985 0
    outer loop
      vertex 35.2604 63.9399 0
      vertex 35.4015 63.9983 3
      vertex 35.2604 63.9399 3
    endloop
  endfacet
  facet normal 0.382429 -0.923985 0
    outer loop
      vertex 35.4015 63.9983 3
      vertex 35.2604 63.9399 0
      vertex 35.4015 63.9983 0
    endloop
  endfacet
  facet normal -0.843554 -0.537045 0
    outer loop
      vertex 37.5155 63.2288 0
      vertex 37.4335 63.3576 3
      vertex 37.4335 63.3576 0
    endloop
  endfacet
  facet normal -0.843554 -0.537045 0
    outer loop
      vertex 37.4335 63.3576 3
      vertex 37.5155 63.2288 0
      vertex 37.5155 63.2288 3
    endloop
  endfacet
  facet normal -0.537045 0.843554 0
    outer loop
      vertex 37.0038 60.9203 0
      vertex 36.875 60.8383 3
      vertex 37.0038 60.9203 3
    endloop
  endfacet
  facet normal -0.537045 0.843554 0
    outer loop
      vertex 36.875 60.8383 3
      vertex 37.0038 60.9203 0
      vertex 36.875 60.8383 0
    endloop
  endfacet
  facet normal 0.216861 0.976202 -0
    outer loop
      vertex 35.6961 60.6304 0
      vertex 35.5471 60.6635 3
      vertex 35.6961 60.6304 3
    endloop
  endfacet
  facet normal 0.216861 0.976202 0
    outer loop
      vertex 35.5471 60.6635 3
      vertex 35.6961 60.6304 0
      vertex 35.5471 60.6635 0
    endloop
  endfacet
  facet normal -0.923657 -0.38322 0
    outer loop
      vertex 37.6445 62.9524 0
      vertex 37.586 63.0934 3
      vertex 37.586 63.0934 0
    endloop
  endfacet
  facet normal -0.923657 -0.38322 0
    outer loop
      vertex 37.586 63.0934 3
      vertex 37.6445 62.9524 0
      vertex 37.6445 62.9524 3
    endloop
  endfacet
  facet normal -0.923753 0.382988 0
    outer loop
      vertex 37.586 61.6142 0
      vertex 37.6445 61.7553 3
      vertex 37.6445 61.7553 0
    endloop
  endfacet
  facet normal -0.923753 0.382988 0
    outer loop
      vertex 37.6445 61.7553 3
      vertex 37.586 61.6142 0
      vertex 37.586 61.6142 3
    endloop
  endfacet
  facet normal -0.88697 0.461827 0
    outer loop
      vertex 37.5155 61.4788 0
      vertex 37.586 61.6142 3
      vertex 37.586 61.6142 0
    endloop
  endfacet
  facet normal -0.88697 0.461827 0
    outer loop
      vertex 37.586 61.6142 3
      vertex 37.5155 61.4788 0
      vertex 37.5155 61.4788 3
    endloop
  endfacet
  facet normal -0.609078 0.793111 0
    outer loop
      vertex 37.1249 61.0133 0
      vertex 37.0038 60.9203 3
      vertex 37.1249 61.0133 3
    endloop
  endfacet
  facet normal -0.609078 0.793111 0
    outer loop
      vertex 37.0038 60.9203 3
      vertex 37.1249 61.0133 0
      vertex 37.0038 60.9203 0
    endloop
  endfacet
  facet normal 0.953731 0.300661 0
    outer loop
      vertex 34.3555 61.7553 3
      vertex 34.3096 61.9009 0
      vertex 34.3096 61.9009 3
    endloop
  endfacet
  facet normal 0.953731 0.300661 0
    outer loop
      vertex 34.3096 61.9009 0
      vertex 34.3555 61.7553 3
      vertex 34.3555 61.7553 0
    endloop
  endfacet
  facet normal 0.609078 0.793111 -0
    outer loop
      vertex 34.9962 60.9203 0
      vertex 34.8751 61.0133 3
      vertex 34.9962 60.9203 3
    endloop
  endfacet
  facet normal 0.609078 0.793111 0
    outer loop
      vertex 34.8751 61.0133 3
      vertex 34.9962 60.9203 0
      vertex 34.8751 61.0133 0
    endloop
  endfacet
  facet normal 0.976341 0.216237 0
    outer loop
      vertex 34.3096 61.9009 3
      vertex 34.2766 62.0499 0
      vertex 34.2766 62.0499 3
    endloop
  endfacet
  facet normal 0.976341 0.216237 0
    outer loop
      vertex 34.2766 62.0499 0
      vertex 34.3096 61.9009 3
      vertex 34.3096 61.9009 0
    endloop
  endfacet
  facet normal -0.675636 0.737236 0
    outer loop
      vertex 37.2374 61.1164 0
      vertex 37.1249 61.0133 3
      vertex 37.2374 61.1164 3
    endloop
  endfacet
  facet normal -0.675636 0.737236 0
    outer loop
      vertex 37.1249 61.0133 3
      vertex 37.2374 61.1164 0
      vertex 37.1249 61.0133 0
    endloop
  endfacet
  facet normal -0.976341 0.216237 0
    outer loop
      vertex 37.6904 61.9009 0
      vertex 37.7234 62.0499 3
      vertex 37.7234 62.0499 0
    endloop
  endfacet
  facet normal -0.976341 0.216237 0
    outer loop
      vertex 37.7234 62.0499 3
      vertex 37.6904 61.9009 0
      vertex 37.6904 61.9009 3
    endloop
  endfacet
  facet normal -0.675636 -0.737236 0
    outer loop
      vertex 37.1249 63.6944 0
      vertex 37.2374 63.5913 3
      vertex 37.1249 63.6944 3
    endloop
  endfacet
  facet normal -0.675636 -0.737236 -0
    outer loop
      vertex 37.2374 63.5913 3
      vertex 37.1249 63.6944 0
      vertex 37.2374 63.5913 0
    endloop
  endfacet
  facet normal 0.300661 0.953731 -0
    outer loop
      vertex 35.5471 60.6635 0
      vertex 35.4015 60.7094 3
      vertex 35.5471 60.6635 3
    endloop
  endfacet
  facet normal 0.300661 0.953731 0
    outer loop
      vertex 35.4015 60.7094 3
      vertex 35.5471 60.6635 0
      vertex 35.4015 60.7094 0
    endloop
  endfacet
  facet normal 0.300661 -0.953731 0
    outer loop
      vertex 35.4015 63.9983 0
      vertex 35.5471 64.0442 3
      vertex 35.4015 63.9983 3
    endloop
  endfacet
  facet normal 0.300661 -0.953731 0
    outer loop
      vertex 35.5471 64.0442 3
      vertex 35.4015 63.9983 0
      vertex 35.5471 64.0442 0
    endloop
  endfacet
  facet normal 0.537511 -0.843257 0
    outer loop
      vertex 34.9962 63.7873 0
      vertex 35.125 63.8694 3
      vertex 34.9962 63.7873 3
    endloop
  endfacet
  facet normal 0.537511 -0.843257 0
    outer loop
      vertex 35.125 63.8694 3
      vertex 34.9962 63.7873 0
      vertex 35.125 63.8694 0
    endloop
  endfacet
  facet normal 0.737208 -0.675665 0
    outer loop
      vertex 34.6594 63.4787 3
      vertex 34.7626 63.5913 0
      vertex 34.7626 63.5913 3
    endloop
  endfacet
  facet normal 0.737208 -0.675665 0
    outer loop
      vertex 34.7626 63.5913 0
      vertex 34.6594 63.4787 3
      vertex 34.6594 63.4787 0
    endloop
  endfacet
  facet normal 0.976372 -0.216098 0
    outer loop
      vertex 34.2766 62.6577 3
      vertex 34.3096 62.8068 0
      vertex 34.3096 62.8068 3
    endloop
  endfacet
  facet normal 0.976372 -0.216098 0
    outer loop
      vertex 34.3096 62.8068 0
      vertex 34.2766 62.6577 3
      vertex 34.2766 62.6577 0
    endloop
  endfacet
  facet normal 0.461827 0.88697 -0
    outer loop
      vertex 35.2604 60.7678 0
      vertex 35.125 60.8383 3
      vertex 35.2604 60.7678 3
    endloop
  endfacet
  facet normal 0.461827 0.88697 0
    outer loop
      vertex 35.125 60.8383 3
      vertex 35.2604 60.7678 0
      vertex 35.125 60.8383 0
    endloop
  endfacet
  facet normal 0.991461 -0.130404 0
    outer loop
      vertex 34.2567 62.5064 3
      vertex 34.2766 62.6577 0
      vertex 34.2766 62.6577 3
    endloop
  endfacet
  facet normal 0.991461 -0.130404 0
    outer loop
      vertex 34.2766 62.6577 0
      vertex 34.2567 62.5064 3
      vertex 34.2567 62.5064 0
    endloop
  endfacet
  facet normal -0.737208 0.675665 0
    outer loop
      vertex 37.2374 61.1164 0
      vertex 37.3406 61.229 3
      vertex 37.3406 61.229 0
    endloop
  endfacet
  facet normal -0.737208 0.675665 0
    outer loop
      vertex 37.3406 61.229 3
      vertex 37.2374 61.1164 0
      vertex 37.2374 61.1164 3
    endloop
  endfacet
  facet normal -0.537511 -0.843257 0
    outer loop
      vertex 36.875 63.8694 0
      vertex 37.0038 63.7873 3
      vertex 36.875 63.8694 3
    endloop
  endfacet
  facet normal -0.537511 -0.843257 -0
    outer loop
      vertex 37.0038 63.7873 3
      vertex 36.875 63.8694 0
      vertex 37.0038 63.7873 0
    endloop
  endfacet
  facet normal 0.537045 0.843554 -0
    outer loop
      vertex 35.125 60.8383 0
      vertex 34.9962 60.9203 3
      vertex 35.125 60.8383 3
    endloop
  endfacet
  facet normal 0.537045 0.843554 0
    outer loop
      vertex 34.9962 60.9203 3
      vertex 35.125 60.8383 0
      vertex 34.9962 60.9203 0
    endloop
  endfacet
  facet normal -0.793427 -0.608665 0
    outer loop
      vertex 37.4335 63.3576 0
      vertex 37.3406 63.4787 3
      vertex 37.3406 63.4787 0
    endloop
  endfacet
  facet normal -0.793427 -0.608665 0
    outer loop
      vertex 37.3406 63.4787 3
      vertex 37.4335 63.3576 0
      vertex 37.4335 63.3576 3
    endloop
  endfacet
  facet normal -0.130963 -0.991387 0
    outer loop
      vertex 36.1525 64.0972 0
      vertex 36.3039 64.0772 3
      vertex 36.1525 64.0972 3
    endloop
  endfacet
  facet normal -0.130963 -0.991387 -0
    outer loop
      vertex 36.3039 64.0772 3
      vertex 36.1525 64.0972 0
      vertex 36.3039 64.0772 0
    endloop
  endfacet
  facet normal -0.793427 0.608665 0
    outer loop
      vertex 37.3406 61.229 0
      vertex 37.4335 61.3501 3
      vertex 37.4335 61.3501 0
    endloop
  endfacet
  facet normal -0.793427 0.608665 0
    outer loop
      vertex 37.4335 61.3501 3
      vertex 37.3406 61.229 0
      vertex 37.3406 61.229 3
    endloop
  endfacet
  facet normal 0.382429 0.923985 -0
    outer loop
      vertex 35.4015 60.7094 0
      vertex 35.2604 60.7678 3
      vertex 35.4015 60.7094 3
    endloop
  endfacet
  facet normal 0.382429 0.923985 0
    outer loop
      vertex 35.2604 60.7678 3
      vertex 35.4015 60.7094 0
      vertex 35.2604 60.7678 0
    endloop
  endfacet
  facet normal -0.608665 -0.793427 0
    outer loop
      vertex 37.0038 63.7873 0
      vertex 37.1249 63.6944 3
      vertex 37.0038 63.7873 3
    endloop
  endfacet
  facet normal -0.608665 -0.793427 -0
    outer loop
      vertex 37.1249 63.6944 3
      vertex 37.0038 63.7873 0
      vertex 37.1249 63.6944 0
    endloop
  endfacet
  facet normal 0.675636 -0.737236 0
    outer loop
      vertex 34.7626 63.5913 0
      vertex 34.8751 63.6944 3
      vertex 34.7626 63.5913 3
    endloop
  endfacet
  facet normal 0.675636 -0.737236 0
    outer loop
      vertex 34.8751 63.6944 3
      vertex 34.7626 63.5913 0
      vertex 34.8751 63.6944 0
    endloop
  endfacet
  facet normal -0.0432382 -0.999065 0
    outer loop
      vertex 36 64.1038 0
      vertex 36.1525 64.0972 3
      vertex 36 64.1038 3
    endloop
  endfacet
  facet normal -0.0432382 -0.999065 -0
    outer loop
      vertex 36.1525 64.0972 3
      vertex 36 64.1038 0
      vertex 36.1525 64.0972 0
    endloop
  endfacet
  facet normal -0.461827 -0.88697 0
    outer loop
      vertex 36.7396 63.9399 0
      vertex 36.875 63.8694 3
      vertex 36.7396 63.9399 3
    endloop
  endfacet
  facet normal -0.461827 -0.88697 -0
    outer loop
      vertex 36.875 63.8694 3
      vertex 36.7396 63.9399 0
      vertex 36.875 63.8694 0
    endloop
  endfacet
  facet normal -0.953731 -0.300661 0
    outer loop
      vertex 37.6904 62.8068 0
      vertex 37.6445 62.9524 3
      vertex 37.6445 62.9524 0
    endloop
  endfacet
  facet normal -0.953731 -0.300661 0
    outer loop
      vertex 37.6445 62.9524 3
      vertex 37.6904 62.8068 0
      vertex 37.6904 62.8068 3
    endloop
  endfacet
  facet normal -0.130319 0.991472 0
    outer loop
      vertex 36.3039 60.6304 0
      vertex 36.1525 60.6105 3
      vertex 36.3039 60.6304 3
    endloop
  endfacet
  facet normal -0.130319 0.991472 0
    outer loop
      vertex 36.1525 60.6105 3
      vertex 36.3039 60.6304 0
      vertex 36.1525 60.6105 0
    endloop
  endfacet
  facet normal -0.216861 0.976202 0
    outer loop
      vertex 36.4529 60.6635 0
      vertex 36.3039 60.6304 3
      vertex 36.4529 60.6635 3
    endloop
  endfacet
  facet normal -0.216861 0.976202 0
    outer loop
      vertex 36.3039 60.6304 3
      vertex 36.4529 60.6635 0
      vertex 36.3039 60.6304 0
    endloop
  endfacet
  facet normal 0.999036 0.0438921 0
    outer loop
      vertex 34.2567 62.2013 3
      vertex 34.25 62.3538 0
      vertex 34.25 62.3538 3
    endloop
  endfacet
  facet normal 0.999036 0.0438921 0
    outer loop
      vertex 34.25 62.3538 0
      vertex 34.2567 62.2013 3
      vertex 34.2567 62.2013 0
    endloop
  endfacet
  facet normal -0.382429 0.923985 0
    outer loop
      vertex 36.7396 60.7678 0
      vertex 36.5985 60.7094 3
      vertex 36.7396 60.7678 3
    endloop
  endfacet
  facet normal -0.382429 0.923985 0
    outer loop
      vertex 36.5985 60.7094 3
      vertex 36.7396 60.7678 0
      vertex 36.5985 60.7094 0
    endloop
  endfacet
  facet normal 0.923753 0.382988 0
    outer loop
      vertex 34.414 61.6142 3
      vertex 34.3555 61.7553 0
      vertex 34.3555 61.7553 3
    endloop
  endfacet
  facet normal 0.923753 0.382988 0
    outer loop
      vertex 34.3555 61.7553 0
      vertex 34.414 61.6142 3
      vertex 34.414 61.6142 0
    endloop
  endfacet
  facet normal -0.991472 0.130319 0
    outer loop
      vertex 37.7234 62.0499 0
      vertex 37.7433 62.2013 3
      vertex 37.7433 62.2013 0
    endloop
  endfacet
  facet normal -0.991472 0.130319 0
    outer loop
      vertex 37.7433 62.2013 3
      vertex 37.7234 62.0499 0
      vertex 37.7234 62.0499 3
    endloop
  endfacet
  facet normal -0.999036 0.0438921 0
    outer loop
      vertex 37.7433 62.2013 0
      vertex 37.75 62.3538 3
      vertex 37.75 62.3538 0
    endloop
  endfacet
  facet normal -0.999036 0.0438921 0
    outer loop
      vertex 37.75 62.3538 3
      vertex 37.7433 62.2013 0
      vertex 37.7433 62.2013 3
    endloop
  endfacet
  facet normal -0.300661 -0.953731 0
    outer loop
      vertex 36.4529 64.0442 0
      vertex 36.5985 63.9983 3
      vertex 36.4529 64.0442 3
    endloop
  endfacet
  facet normal -0.300661 -0.953731 -0
    outer loop
      vertex 36.5985 63.9983 3
      vertex 36.4529 64.0442 0
      vertex 36.5985 63.9983 0
    endloop
  endfacet
  facet normal -0.0438921 0.999036 0
    outer loop
      vertex 36.1525 60.6105 0
      vertex 36 60.6038 3
      vertex 36.1525 60.6105 3
    endloop
  endfacet
  facet normal -0.0438921 0.999036 0
    outer loop
      vertex 36 60.6038 3
      vertex 36.1525 60.6105 0
      vertex 36 60.6038 0
    endloop
  endfacet
  facet normal 0.953731 -0.300661 0
    outer loop
      vertex 34.3096 62.8068 3
      vertex 34.3555 62.9524 0
      vertex 34.3555 62.9524 3
    endloop
  endfacet
  facet normal 0.953731 -0.300661 0
    outer loop
      vertex 34.3555 62.9524 0
      vertex 34.3096 62.8068 3
      vertex 34.3096 62.8068 0
    endloop
  endfacet
  facet normal -0.88697 -0.461827 0
    outer loop
      vertex 37.586 63.0934 0
      vertex 37.5155 63.2288 3
      vertex 37.5155 63.2288 0
    endloop
  endfacet
  facet normal -0.88697 -0.461827 0
    outer loop
      vertex 37.5155 63.2288 3
      vertex 37.586 63.0934 0
      vertex 37.586 63.0934 3
    endloop
  endfacet
  facet normal 0.88697 -0.461827 0
    outer loop
      vertex 34.414 63.0934 3
      vertex 34.4845 63.2288 0
      vertex 34.4845 63.2288 3
    endloop
  endfacet
  facet normal 0.88697 -0.461827 0
    outer loop
      vertex 34.4845 63.2288 0
      vertex 34.414 63.0934 3
      vertex 34.414 63.0934 0
    endloop
  endfacet
  facet normal -0.461827 0.88697 0
    outer loop
      vertex 36.875 60.8383 0
      vertex 36.7396 60.7678 3
      vertex 36.875 60.8383 3
    endloop
  endfacet
  facet normal -0.461827 0.88697 0
    outer loop
      vertex 36.7396 60.7678 3
      vertex 36.875 60.8383 0
      vertex 36.7396 60.7678 0
    endloop
  endfacet
  facet normal 0.130963 -0.991387 0
    outer loop
      vertex 35.6961 64.0772 0
      vertex 35.8475 64.0972 3
      vertex 35.6961 64.0772 3
    endloop
  endfacet
  facet normal 0.130963 -0.991387 0
    outer loop
      vertex 35.8475 64.0972 3
      vertex 35.6961 64.0772 0
      vertex 35.8475 64.0972 0
    endloop
  endfacet
  facet normal -0.953731 0.300661 0
    outer loop
      vertex 37.6445 61.7553 0
      vertex 37.6904 61.9009 3
      vertex 37.6904 61.9009 0
    endloop
  endfacet
  facet normal -0.953731 0.300661 0
    outer loop
      vertex 37.6904 61.9009 3
      vertex 37.6445 61.7553 0
      vertex 37.6445 61.7553 3
    endloop
  endfacet
  facet normal 0.923657 -0.38322 0
    outer loop
      vertex 34.3555 62.9524 3
      vertex 34.414 63.0934 0
      vertex 34.414 63.0934 3
    endloop
  endfacet
  facet normal 0.923657 -0.38322 0
    outer loop
      vertex 34.414 63.0934 0
      vertex 34.3555 62.9524 3
      vertex 34.3555 62.9524 0
    endloop
  endfacet
  facet normal 0.216237 -0.976341 0
    outer loop
      vertex 35.5471 64.0442 0
      vertex 35.6961 64.0772 3
      vertex 35.5471 64.0442 3
    endloop
  endfacet
  facet normal 0.216237 -0.976341 0
    outer loop
      vertex 35.6961 64.0772 3
      vertex 35.5471 64.0442 0
      vertex 35.6961 64.0772 0
    endloop
  endfacet
  facet normal -0.843365 0.537342 0
    outer loop
      vertex 37.4335 61.3501 0
      vertex 37.5155 61.4788 3
      vertex 37.5155 61.4788 0
    endloop
  endfacet
  facet normal -0.843365 0.537342 0
    outer loop
      vertex 37.5155 61.4788 3
      vertex 37.4335 61.3501 0
      vertex 37.4335 61.3501 3
    endloop
  endfacet
  facet normal 0.793427 0.608665 0
    outer loop
      vertex 34.6594 61.229 3
      vertex 34.5665 61.3501 0
      vertex 34.5665 61.3501 3
    endloop
  endfacet
  facet normal 0.793427 0.608665 0
    outer loop
      vertex 34.5665 61.3501 0
      vertex 34.6594 61.229 3
      vertex 34.6594 61.229 0
    endloop
  endfacet
  facet normal 0.991472 0.130319 0
    outer loop
      vertex 34.2766 62.0499 3
      vertex 34.2567 62.2013 0
      vertex 34.2567 62.2013 3
    endloop
  endfacet
  facet normal 0.991472 0.130319 0
    outer loop
      vertex 34.2567 62.2013 0
      vertex 34.2766 62.0499 3
      vertex 34.2766 62.0499 0
    endloop
  endfacet
  facet normal 0.461827 -0.88697 0
    outer loop
      vertex 35.125 63.8694 0
      vertex 35.2604 63.9399 3
      vertex 35.125 63.8694 3
    endloop
  endfacet
  facet normal 0.461827 -0.88697 0
    outer loop
      vertex 35.2604 63.9399 3
      vertex 35.125 63.8694 0
      vertex 35.2604 63.9399 0
    endloop
  endfacet
  facet normal -0.300661 0.953731 0
    outer loop
      vertex 36.5985 60.7094 0
      vertex 36.4529 60.6635 3
      vertex 36.5985 60.7094 3
    endloop
  endfacet
  facet normal -0.300661 0.953731 0
    outer loop
      vertex 36.4529 60.6635 3
      vertex 36.5985 60.7094 0
      vertex 36.4529 60.6635 0
    endloop
  endfacet
  facet normal 0.0432382 -0.999065 0
    outer loop
      vertex 35.8475 64.0972 0
      vertex 36 64.1038 3
      vertex 35.8475 64.0972 3
    endloop
  endfacet
  facet normal 0.0432382 -0.999065 0
    outer loop
      vertex 36 64.1038 3
      vertex 35.8475 64.0972 0
      vertex 36 64.1038 0
    endloop
  endfacet
  facet normal -0.216237 -0.976341 0
    outer loop
      vertex 36.3039 64.0772 0
      vertex 36.4529 64.0442 3
      vertex 36.3039 64.0772 3
    endloop
  endfacet
  facet normal -0.216237 -0.976341 -0
    outer loop
      vertex 36.4529 64.0442 3
      vertex 36.3039 64.0772 0
      vertex 36.4529 64.0442 0
    endloop
  endfacet
  facet normal 0.0438921 0.999036 -0
    outer loop
      vertex 36 60.6038 0
      vertex 35.8475 60.6105 3
      vertex 36 60.6038 3
    endloop
  endfacet
  facet normal 0.0438921 0.999036 0
    outer loop
      vertex 35.8475 60.6105 3
      vertex 36 60.6038 0
      vertex 35.8475 60.6105 0
    endloop
  endfacet
  facet normal 0.737208 0.675665 0
    outer loop
      vertex 34.7626 61.1164 3
      vertex 34.6594 61.229 0
      vertex 34.6594 61.229 3
    endloop
  endfacet
  facet normal 0.737208 0.675665 0
    outer loop
      vertex 34.6594 61.229 0
      vertex 34.7626 61.1164 3
      vertex 34.7626 61.1164 0
    endloop
  endfacet
  facet normal 0.675636 0.737236 -0
    outer loop
      vertex 34.8751 61.0133 0
      vertex 34.7626 61.1164 3
      vertex 34.8751 61.0133 3
    endloop
  endfacet
  facet normal 0.675636 0.737236 0
    outer loop
      vertex 34.7626 61.1164 3
      vertex 34.8751 61.0133 0
      vertex 34.7626 61.1164 0
    endloop
  endfacet
  facet normal 0.608665 -0.793427 0
    outer loop
      vertex 34.8751 63.6944 0
      vertex 34.9962 63.7873 3
      vertex 34.8751 63.6944 3
    endloop
  endfacet
  facet normal 0.608665 -0.793427 0
    outer loop
      vertex 34.9962 63.7873 3
      vertex 34.8751 63.6944 0
      vertex 34.9962 63.7873 0
    endloop
  endfacet
  facet normal 0.793427 -0.608665 0
    outer loop
      vertex 34.5665 63.3576 3
      vertex 34.6594 63.4787 0
      vertex 34.6594 63.4787 3
    endloop
  endfacet
  facet normal 0.793427 -0.608665 0
    outer loop
      vertex 34.6594 63.4787 0
      vertex 34.5665 63.3576 3
      vertex 34.5665 63.3576 0
    endloop
  endfacet
  facet normal 0.843365 0.537342 0
    outer loop
      vertex 34.5665 61.3501 3
      vertex 34.4845 61.4788 0
      vertex 34.4845 61.4788 3
    endloop
  endfacet
  facet normal 0.843365 0.537342 0
    outer loop
      vertex 34.4845 61.4788 0
      vertex 34.5665 61.3501 3
      vertex 34.5665 61.3501 0
    endloop
  endfacet
  facet normal 0.88697 0.461827 0
    outer loop
      vertex 34.4845 61.4788 3
      vertex 34.414 61.6142 0
      vertex 34.414 61.6142 3
    endloop
  endfacet
  facet normal 0.88697 0.461827 0
    outer loop
      vertex 34.414 61.6142 0
      vertex 34.4845 61.4788 3
      vertex 34.4845 61.4788 0
    endloop
  endfacet
  facet normal -0.737208 -0.675665 0
    outer loop
      vertex 37.3406 63.4787 0
      vertex 37.2374 63.5913 3
      vertex 37.2374 63.5913 0
    endloop
  endfacet
  facet normal -0.737208 -0.675665 0
    outer loop
      vertex 37.2374 63.5913 3
      vertex 37.3406 63.4787 0
      vertex 37.3406 63.4787 3
    endloop
  endfacet
  facet normal 0.130319 0.991472 -0
    outer loop
      vertex 35.8475 60.6105 0
      vertex 35.6961 60.6304 3
      vertex 35.8475 60.6105 3
    endloop
  endfacet
  facet normal 0.130319 0.991472 0
    outer loop
      vertex 35.6961 60.6304 3
      vertex 35.8475 60.6105 0
      vertex 35.6961 60.6304 0
    endloop
  endfacet
  facet normal 0.843554 -0.537045 0
    outer loop
      vertex 34.4845 63.2288 3
      vertex 34.5665 63.3576 0
      vertex 34.5665 63.3576 3
    endloop
  endfacet
  facet normal 0.843554 -0.537045 0
    outer loop
      vertex 34.5665 63.3576 0
      vertex 34.4845 63.2288 3
      vertex 34.4845 63.2288 0
    endloop
  endfacet
  facet normal 0.999038 -0.0438634 0
    outer loop
      vertex 34.25 62.3538 3
      vertex 34.2567 62.5064 0
      vertex 34.2567 62.5064 3
    endloop
  endfacet
  facet normal 0.999038 -0.0438634 0
    outer loop
      vertex 34.2567 62.5064 0
      vertex 34.25 62.3538 3
      vertex 34.25 62.3538 0
    endloop
  endfacet
  facet normal -0.382429 -0.923985 0
    outer loop
      vertex 36.5985 63.9983 0
      vertex 36.7396 63.9399 3
      vertex 36.5985 63.9983 3
    endloop
  endfacet
  facet normal -0.382429 -0.923985 -0
    outer loop
      vertex 36.7396 63.9399 3
      vertex 36.5985 63.9983 0
      vertex 36.7396 63.9399 0
    endloop
  endfacet
  facet normal -0.991461 -0.130404 0
    outer loop
      vertex -34.2567 62.5064 0
      vertex -34.2766 62.6577 3
      vertex -34.2766 62.6577 0
    endloop
  endfacet
  facet normal -0.991461 -0.130404 0
    outer loop
      vertex -34.2766 62.6577 3
      vertex -34.2567 62.5064 0
      vertex -34.2567 62.5064 3
    endloop
  endfacet
  facet normal -0.999038 -0.0438634 0
    outer loop
      vertex -34.25 62.3538 0
      vertex -34.2567 62.5064 3
      vertex -34.2567 62.5064 0
    endloop
  endfacet
  facet normal -0.999038 -0.0438634 0
    outer loop
      vertex -34.2567 62.5064 3
      vertex -34.25 62.3538 0
      vertex -34.25 62.3538 3
    endloop
  endfacet
  facet normal -0.976372 -0.216098 0
    outer loop
      vertex -34.2766 62.6577 0
      vertex -34.3096 62.8068 3
      vertex -34.3096 62.8068 0
    endloop
  endfacet
  facet normal -0.976372 -0.216098 0
    outer loop
      vertex -34.3096 62.8068 3
      vertex -34.2766 62.6577 0
      vertex -34.2766 62.6577 3
    endloop
  endfacet
  facet normal 0.923753 0.382988 0
    outer loop
      vertex -37.586 61.6142 3
      vertex -37.6445 61.7553 0
      vertex -37.6445 61.7553 3
    endloop
  endfacet
  facet normal 0.923753 0.382988 0
    outer loop
      vertex -37.6445 61.7553 0
      vertex -37.586 61.6142 3
      vertex -37.586 61.6142 0
    endloop
  endfacet
  facet normal 0.216861 0.976202 -0
    outer loop
      vertex -36.3039 60.6304 0
      vertex -36.4529 60.6635 3
      vertex -36.3039 60.6304 3
    endloop
  endfacet
  facet normal 0.216861 0.976202 0
    outer loop
      vertex -36.4529 60.6635 3
      vertex -36.3039 60.6304 0
      vertex -36.4529 60.6635 0
    endloop
  endfacet
  facet normal -0.216237 -0.976341 0
    outer loop
      vertex -35.6961 64.0772 0
      vertex -35.5471 64.0442 3
      vertex -35.6961 64.0772 3
    endloop
  endfacet
  facet normal -0.216237 -0.976341 -0
    outer loop
      vertex -35.5471 64.0442 3
      vertex -35.6961 64.0772 0
      vertex -35.5471 64.0442 0
    endloop
  endfacet
  facet normal 0.382429 -0.923985 0
    outer loop
      vertex -36.7396 63.9399 0
      vertex -36.5985 63.9983 3
      vertex -36.7396 63.9399 3
    endloop
  endfacet
  facet normal 0.382429 -0.923985 0
    outer loop
      vertex -36.5985 63.9983 3
      vertex -36.7396 63.9399 0
      vertex -36.5985 63.9983 0
    endloop
  endfacet
  facet normal 0.461827 0.88697 -0
    outer loop
      vertex -36.7396 60.7678 0
      vertex -36.875 60.8383 3
      vertex -36.7396 60.7678 3
    endloop
  endfacet
  facet normal 0.461827 0.88697 0
    outer loop
      vertex -36.875 60.8383 3
      vertex -36.7396 60.7678 0
      vertex -36.875 60.8383 0
    endloop
  endfacet
  facet normal -0.130319 0.991472 0
    outer loop
      vertex -35.6961 60.6304 0
      vertex -35.8475 60.6105 3
      vertex -35.6961 60.6304 3
    endloop
  endfacet
  facet normal -0.130319 0.991472 0
    outer loop
      vertex -35.8475 60.6105 3
      vertex -35.6961 60.6304 0
      vertex -35.8475 60.6105 0
    endloop
  endfacet
  facet normal -0.793427 -0.608665 0
    outer loop
      vertex -34.5665 63.3576 0
      vertex -34.6594 63.4787 3
      vertex -34.6594 63.4787 0
    endloop
  endfacet
  facet normal -0.793427 -0.608665 0
    outer loop
      vertex -34.6594 63.4787 3
      vertex -34.5665 63.3576 0
      vertex -34.5665 63.3576 3
    endloop
  endfacet
  facet normal 0.0438921 0.999036 -0
    outer loop
      vertex -36 60.6038 0
      vertex -36.1525 60.6105 3
      vertex -36 60.6038 3
    endloop
  endfacet
  facet normal 0.0438921 0.999036 0
    outer loop
      vertex -36.1525 60.6105 3
      vertex -36 60.6038 0
      vertex -36.1525 60.6105 0
    endloop
  endfacet
  facet normal -0.999036 0.0438921 0
    outer loop
      vertex -34.2567 62.2013 0
      vertex -34.25 62.3538 3
      vertex -34.25 62.3538 0
    endloop
  endfacet
  facet normal -0.999036 0.0438921 0
    outer loop
      vertex -34.25 62.3538 3
      vertex -34.2567 62.2013 0
      vertex -34.2567 62.2013 3
    endloop
  endfacet
  facet normal -0.382429 -0.923985 0
    outer loop
      vertex -35.4015 63.9983 0
      vertex -35.2604 63.9399 3
      vertex -35.4015 63.9983 3
    endloop
  endfacet
  facet normal -0.382429 -0.923985 -0
    outer loop
      vertex -35.2604 63.9399 3
      vertex -35.4015 63.9983 0
      vertex -35.2604 63.9399 0
    endloop
  endfacet
  facet normal -0.793427 0.608665 0
    outer loop
      vertex -34.6594 61.229 0
      vertex -34.5665 61.3501 3
      vertex -34.5665 61.3501 0
    endloop
  endfacet
  facet normal -0.793427 0.608665 0
    outer loop
      vertex -34.5665 61.3501 3
      vertex -34.6594 61.229 0
      vertex -34.6594 61.229 3
    endloop
  endfacet
  facet normal 0.130963 -0.991387 0
    outer loop
      vertex -36.3039 64.0772 0
      vertex -36.1525 64.0972 3
      vertex -36.3039 64.0772 3
    endloop
  endfacet
  facet normal 0.130963 -0.991387 0
    outer loop
      vertex -36.1525 64.0972 3
      vertex -36.3039 64.0772 0
      vertex -36.1525 64.0972 0
    endloop
  endfacet
  facet normal -0.923657 -0.38322 0
    outer loop
      vertex -34.3555 62.9524 0
      vertex -34.414 63.0934 3
      vertex -34.414 63.0934 0
    endloop
  endfacet
  facet normal -0.923657 -0.38322 0
    outer loop
      vertex -34.414 63.0934 3
      vertex -34.3555 62.9524 0
      vertex -34.3555 62.9524 3
    endloop
  endfacet
  facet normal -0.0432382 -0.999065 0
    outer loop
      vertex -36 64.1038 0
      vertex -35.8475 64.0972 3
      vertex -36 64.1038 3
    endloop
  endfacet
  facet normal -0.0432382 -0.999065 -0
    outer loop
      vertex -35.8475 64.0972 3
      vertex -36 64.1038 0
      vertex -35.8475 64.0972 0
    endloop
  endfacet
  facet normal -0.953731 -0.300661 0
    outer loop
      vertex -34.3096 62.8068 0
      vertex -34.3555 62.9524 3
      vertex -34.3555 62.9524 0
    endloop
  endfacet
  facet normal -0.953731 -0.300661 0
    outer loop
      vertex -34.3555 62.9524 3
      vertex -34.3096 62.8068 0
      vertex -34.3096 62.8068 3
    endloop
  endfacet
  facet normal -0.130963 -0.991387 0
    outer loop
      vertex -35.8475 64.0972 0
      vertex -35.6961 64.0772 3
      vertex -35.8475 64.0972 3
    endloop
  endfacet
  facet normal -0.130963 -0.991387 -0
    outer loop
      vertex -35.6961 64.0772 3
      vertex -35.8475 64.0972 0
      vertex -35.6961 64.0772 0
    endloop
  endfacet
  facet normal 0.923657 -0.38322 0
    outer loop
      vertex -37.6445 62.9524 3
      vertex -37.586 63.0934 0
      vertex -37.586 63.0934 3
    endloop
  endfacet
  facet normal 0.923657 -0.38322 0
    outer loop
      vertex -37.586 63.0934 0
      vertex -37.6445 62.9524 3
      vertex -37.6445 62.9524 0
    endloop
  endfacet
  facet normal 0.843365 0.537342 0
    outer loop
      vertex -37.4335 61.3501 3
      vertex -37.5155 61.4788 0
      vertex -37.5155 61.4788 3
    endloop
  endfacet
  facet normal 0.843365 0.537342 0
    outer loop
      vertex -37.5155 61.4788 0
      vertex -37.4335 61.3501 3
      vertex -37.4335 61.3501 0
    endloop
  endfacet
  facet normal 0.216237 -0.976341 0
    outer loop
      vertex -36.4529 64.0442 0
      vertex -36.3039 64.0772 3
      vertex -36.4529 64.0442 3
    endloop
  endfacet
  facet normal 0.216237 -0.976341 0
    outer loop
      vertex -36.3039 64.0772 3
      vertex -36.4529 64.0442 0
      vertex -36.3039 64.0772 0
    endloop
  endfacet
  facet normal -0.675636 0.737236 0
    outer loop
      vertex -34.7626 61.1164 0
      vertex -34.8751 61.0133 3
      vertex -34.7626 61.1164 3
    endloop
  endfacet
  facet normal -0.675636 0.737236 0
    outer loop
      vertex -34.8751 61.0133 3
      vertex -34.7626 61.1164 0
      vertex -34.8751 61.0133 0
    endloop
  endfacet
  facet normal -0.923753 0.382988 0
    outer loop
      vertex -34.414 61.6142 0
      vertex -34.3555 61.7553 3
      vertex -34.3555 61.7553 0
    endloop
  endfacet
  facet normal -0.923753 0.382988 0
    outer loop
      vertex -34.3555 61.7553 3
      vertex -34.414 61.6142 0
      vertex -34.414 61.6142 3
    endloop
  endfacet
  facet normal -0.537511 -0.843257 0
    outer loop
      vertex -35.125 63.8694 0
      vertex -34.9962 63.7873 3
      vertex -35.125 63.8694 3
    endloop
  endfacet
  facet normal -0.537511 -0.843257 -0
    outer loop
      vertex -34.9962 63.7873 3
      vertex -35.125 63.8694 0
      vertex -34.9962 63.7873 0
    endloop
  endfacet
  facet normal 0.609078 0.793111 -0
    outer loop
      vertex -37.0038 60.9203 0
      vertex -37.1249 61.0133 3
      vertex -37.0038 60.9203 3
    endloop
  endfacet
  facet normal 0.609078 0.793111 0
    outer loop
      vertex -37.1249 61.0133 3
      vertex -37.0038 60.9203 0
      vertex -37.1249 61.0133 0
    endloop
  endfacet
  facet normal -0.537045 0.843554 0
    outer loop
      vertex -34.9962 60.9203 0
      vertex -35.125 60.8383 3
      vertex -34.9962 60.9203 3
    endloop
  endfacet
  facet normal -0.537045 0.843554 0
    outer loop
      vertex -35.125 60.8383 3
      vertex -34.9962 60.9203 0
      vertex -35.125 60.8383 0
    endloop
  endfacet
  facet normal 0.976372 -0.216098 0
    outer loop
      vertex -37.7234 62.6577 3
      vertex -37.6904 62.8068 0
      vertex -37.6904 62.8068 3
    endloop
  endfacet
  facet normal 0.976372 -0.216098 0
    outer loop
      vertex -37.6904 62.8068 0
      vertex -37.7234 62.6577 3
      vertex -37.7234 62.6577 0
    endloop
  endfacet
  facet normal -0.461827 0.88697 0
    outer loop
      vertex -35.125 60.8383 0
      vertex -35.2604 60.7678 3
      vertex -35.125 60.8383 3
    endloop
  endfacet
  facet normal -0.461827 0.88697 0
    outer loop
      vertex -35.2604 60.7678 3
      vertex -35.125 60.8383 0
      vertex -35.2604 60.7678 0
    endloop
  endfacet
  facet normal -0.675636 -0.737236 0
    outer loop
      vertex -34.8751 63.6944 0
      vertex -34.7626 63.5913 3
      vertex -34.8751 63.6944 3
    endloop
  endfacet
  facet normal -0.675636 -0.737236 -0
    outer loop
      vertex -34.7626 63.5913 3
      vertex -34.8751 63.6944 0
      vertex -34.7626 63.5913 0
    endloop
  endfacet
  facet normal -0.843554 -0.537045 0
    outer loop
      vertex -34.4845 63.2288 0
      vertex -34.5665 63.3576 3
      vertex -34.5665 63.3576 0
    endloop
  endfacet
  facet normal -0.843554 -0.537045 0
    outer loop
      vertex -34.5665 63.3576 3
      vertex -34.4845 63.2288 0
      vertex -34.4845 63.2288 3
    endloop
  endfacet
  facet normal 0.793427 0.608665 0
    outer loop
      vertex -37.3406 61.229 3
      vertex -37.4335 61.3501 0
      vertex -37.4335 61.3501 3
    endloop
  endfacet
  facet normal 0.793427 0.608665 0
    outer loop
      vertex -37.4335 61.3501 0
      vertex -37.3406 61.229 3
      vertex -37.3406 61.229 0
    endloop
  endfacet
  facet normal 0.88697 0.461827 0
    outer loop
      vertex -37.5155 61.4788 3
      vertex -37.586 61.6142 0
      vertex -37.586 61.6142 3
    endloop
  endfacet
  facet normal 0.88697 0.461827 0
    outer loop
      vertex -37.586 61.6142 0
      vertex -37.5155 61.4788 3
      vertex -37.5155 61.4788 0
    endloop
  endfacet
  facet normal -0.953731 0.300661 0
    outer loop
      vertex -34.3555 61.7553 0
      vertex -34.3096 61.9009 3
      vertex -34.3096 61.9009 0
    endloop
  endfacet
  facet normal -0.953731 0.300661 0
    outer loop
      vertex -34.3096 61.9009 3
      vertex -34.3555 61.7553 0
      vertex -34.3555 61.7553 3
    endloop
  endfacet
  facet normal -0.976341 0.216237 0
    outer loop
      vertex -34.3096 61.9009 0
      vertex -34.2766 62.0499 3
      vertex -34.2766 62.0499 0
    endloop
  endfacet
  facet normal -0.976341 0.216237 0
    outer loop
      vertex -34.2766 62.0499 3
      vertex -34.3096 61.9009 0
      vertex -34.3096 61.9009 3
    endloop
  endfacet
  facet normal 0.953731 0.300661 0
    outer loop
      vertex -37.6445 61.7553 3
      vertex -37.6904 61.9009 0
      vertex -37.6904 61.9009 3
    endloop
  endfacet
  facet normal 0.953731 0.300661 0
    outer loop
      vertex -37.6904 61.9009 0
      vertex -37.6445 61.7553 3
      vertex -37.6445 61.7553 0
    endloop
  endfacet
  facet normal -0.608665 -0.793427 0
    outer loop
      vertex -34.9962 63.7873 0
      vertex -34.8751 63.6944 3
      vertex -34.9962 63.7873 3
    endloop
  endfacet
  facet normal -0.608665 -0.793427 -0
    outer loop
      vertex -34.8751 63.6944 3
      vertex -34.9962 63.7873 0
      vertex -34.8751 63.6944 0
    endloop
  endfacet
  facet normal -0.0438921 0.999036 0
    outer loop
      vertex -35.8475 60.6105 0
      vertex -36 60.6038 3
      vertex -35.8475 60.6105 3
    endloop
  endfacet
  facet normal -0.0438921 0.999036 0
    outer loop
      vertex -36 60.6038 3
      vertex -35.8475 60.6105 0
      vertex -36 60.6038 0
    endloop
  endfacet
  facet normal -0.843365 0.537342 0
    outer loop
      vertex -34.5665 61.3501 0
      vertex -34.4845 61.4788 3
      vertex -34.4845 61.4788 0
    endloop
  endfacet
  facet normal -0.843365 0.537342 0
    outer loop
      vertex -34.4845 61.4788 3
      vertex -34.5665 61.3501 0
      vertex -34.5665 61.3501 3
    endloop
  endfacet
  facet normal -0.609078 0.793111 0
    outer loop
      vertex -34.8751 61.0133 0
      vertex -34.9962 60.9203 3
      vertex -34.8751 61.0133 3
    endloop
  endfacet
  facet normal -0.609078 0.793111 0
    outer loop
      vertex -34.9962 60.9203 3
      vertex -34.8751 61.0133 0
      vertex -34.9962 60.9203 0
    endloop
  endfacet
  facet normal -0.461827 -0.88697 0
    outer loop
      vertex -35.2604 63.9399 0
      vertex -35.125 63.8694 3
      vertex -35.2604 63.9399 3
    endloop
  endfacet
  facet normal -0.461827 -0.88697 -0
    outer loop
      vertex -35.125 63.8694 3
      vertex -35.2604 63.9399 0
      vertex -35.125 63.8694 0
    endloop
  endfacet
  facet normal -0.991472 0.130319 0
    outer loop
      vertex -34.2766 62.0499 0
      vertex -34.2567 62.2013 3
      vertex -34.2567 62.2013 0
    endloop
  endfacet
  facet normal -0.991472 0.130319 0
    outer loop
      vertex -34.2567 62.2013 3
      vertex -34.2766 62.0499 0
      vertex -34.2766 62.0499 3
    endloop
  endfacet
  facet normal 0.991461 -0.130404 0
    outer loop
      vertex -37.7433 62.5064 3
      vertex -37.7234 62.6577 0
      vertex -37.7234 62.6577 3
    endloop
  endfacet
  facet normal 0.991461 -0.130404 0
    outer loop
      vertex -37.7234 62.6577 0
      vertex -37.7433 62.5064 3
      vertex -37.7433 62.5064 0
    endloop
  endfacet
  facet normal -0.88697 -0.461827 0
    outer loop
      vertex -34.414 63.0934 0
      vertex -34.4845 63.2288 3
      vertex -34.4845 63.2288 0
    endloop
  endfacet
  facet normal -0.88697 -0.461827 0
    outer loop
      vertex -34.4845 63.2288 3
      vertex -34.414 63.0934 0
      vertex -34.414 63.0934 3
    endloop
  endfacet
  facet normal 0.537511 -0.843257 0
    outer loop
      vertex -37.0038 63.7873 0
      vertex -36.875 63.8694 3
      vertex -37.0038 63.7873 3
    endloop
  endfacet
  facet normal 0.537511 -0.843257 0
    outer loop
      vertex -36.875 63.8694 3
      vertex -37.0038 63.7873 0
      vertex -36.875 63.8694 0
    endloop
  endfacet
  facet normal 0.88697 -0.461827 0
    outer loop
      vertex -37.586 63.0934 3
      vertex -37.5155 63.2288 0
      vertex -37.5155 63.2288 3
    endloop
  endfacet
  facet normal 0.88697 -0.461827 0
    outer loop
      vertex -37.5155 63.2288 0
      vertex -37.586 63.0934 3
      vertex -37.586 63.0934 0
    endloop
  endfacet
  facet normal 0.461827 -0.88697 0
    outer loop
      vertex -36.875 63.8694 0
      vertex -36.7396 63.9399 3
      vertex -36.875 63.8694 3
    endloop
  endfacet
  facet normal 0.461827 -0.88697 0
    outer loop
      vertex -36.7396 63.9399 3
      vertex -36.875 63.8694 0
      vertex -36.7396 63.9399 0
    endloop
  endfacet
  facet normal -0.382429 0.923985 0
    outer loop
      vertex -35.2604 60.7678 0
      vertex -35.4015 60.7094 3
      vertex -35.2604 60.7678 3
    endloop
  endfacet
  facet normal -0.382429 0.923985 0
    outer loop
      vertex -35.4015 60.7094 3
      vertex -35.2604 60.7678 0
      vertex -35.4015 60.7094 0
    endloop
  endfacet
  facet normal 0.675636 -0.737236 0
    outer loop
      vertex -37.2374 63.5913 0
      vertex -37.1249 63.6944 3
      vertex -37.2374 63.5913 3
    endloop
  endfacet
  facet normal 0.675636 -0.737236 0
    outer loop
      vertex -37.1249 63.6944 3
      vertex -37.2374 63.5913 0
      vertex -37.1249 63.6944 0
    endloop
  endfacet
  facet normal 0.300661 -0.953731 0
    outer loop
      vertex -36.5985 63.9983 0
      vertex -36.4529 64.0442 3
      vertex -36.5985 63.9983 3
    endloop
  endfacet
  facet normal 0.300661 -0.953731 0
    outer loop
      vertex -36.4529 64.0442 3
      vertex -36.5985 63.9983 0
      vertex -36.4529 64.0442 0
    endloop
  endfacet
  facet normal 0.999036 0.0438921 0
    outer loop
      vertex -37.7433 62.2013 3
      vertex -37.75 62.3538 0
      vertex -37.75 62.3538 3
    endloop
  endfacet
  facet normal 0.999036 0.0438921 0
    outer loop
      vertex -37.75 62.3538 0
      vertex -37.7433 62.2013 3
      vertex -37.7433 62.2013 0
    endloop
  endfacet
  facet normal 0.976341 0.216237 0
    outer loop
      vertex -37.6904 61.9009 3
      vertex -37.7234 62.0499 0
      vertex -37.7234 62.0499 3
    endloop
  endfacet
  facet normal 0.976341 0.216237 0
    outer loop
      vertex -37.7234 62.0499 0
      vertex -37.6904 61.9009 3
      vertex -37.6904 61.9009 0
    endloop
  endfacet
  facet normal 0.953731 -0.300661 0
    outer loop
      vertex -37.6904 62.8068 3
      vertex -37.6445 62.9524 0
      vertex -37.6445 62.9524 3
    endloop
  endfacet
  facet normal 0.953731 -0.300661 0
    outer loop
      vertex -37.6445 62.9524 0
      vertex -37.6904 62.8068 3
      vertex -37.6904 62.8068 0
    endloop
  endfacet
  facet normal 0.0432382 -0.999065 0
    outer loop
      vertex -36.1525 64.0972 0
      vertex -36 64.1038 3
      vertex -36.1525 64.0972 3
    endloop
  endfacet
  facet normal 0.0432382 -0.999065 0
    outer loop
      vertex -36 64.1038 3
      vertex -36.1525 64.0972 0
      vertex -36 64.1038 0
    endloop
  endfacet
  facet normal -0.300661 0.953731 0
    outer loop
      vertex -35.4015 60.7094 0
      vertex -35.5471 60.6635 3
      vertex -35.4015 60.7094 3
    endloop
  endfacet
  facet normal -0.300661 0.953731 0
    outer loop
      vertex -35.5471 60.6635 3
      vertex -35.4015 60.7094 0
      vertex -35.5471 60.6635 0
    endloop
  endfacet
  facet normal 0.793427 -0.608665 0
    outer loop
      vertex -37.4335 63.3576 3
      vertex -37.3406 63.4787 0
      vertex -37.3406 63.4787 3
    endloop
  endfacet
  facet normal 0.793427 -0.608665 0
    outer loop
      vertex -37.3406 63.4787 0
      vertex -37.4335 63.3576 3
      vertex -37.4335 63.3576 0
    endloop
  endfacet
  facet normal -0.216861 0.976202 0
    outer loop
      vertex -35.5471 60.6635 0
      vertex -35.6961 60.6304 3
      vertex -35.5471 60.6635 3
    endloop
  endfacet
  facet normal -0.216861 0.976202 0
    outer loop
      vertex -35.6961 60.6304 3
      vertex -35.5471 60.6635 0
      vertex -35.6961 60.6304 0
    endloop
  endfacet
  facet normal 0.300661 0.953731 -0
    outer loop
      vertex -36.4529 60.6635 0
      vertex -36.5985 60.7094 3
      vertex -36.4529 60.6635 3
    endloop
  endfacet
  facet normal 0.300661 0.953731 0
    outer loop
      vertex -36.5985 60.7094 3
      vertex -36.4529 60.6635 0
      vertex -36.5985 60.7094 0
    endloop
  endfacet
  facet normal 0.537045 0.843554 -0
    outer loop
      vertex -36.875 60.8383 0
      vertex -37.0038 60.9203 3
      vertex -36.875 60.8383 3
    endloop
  endfacet
  facet normal 0.537045 0.843554 0
    outer loop
      vertex -37.0038 60.9203 3
      vertex -36.875 60.8383 0
      vertex -37.0038 60.9203 0
    endloop
  endfacet
  facet normal 0.737208 0.675665 0
    outer loop
      vertex -37.2374 61.1164 3
      vertex -37.3406 61.229 0
      vertex -37.3406 61.229 3
    endloop
  endfacet
  facet normal 0.737208 0.675665 0
    outer loop
      vertex -37.3406 61.229 0
      vertex -37.2374 61.1164 3
      vertex -37.2374 61.1164 0
    endloop
  endfacet
  facet normal 0.991472 0.130319 0
    outer loop
      vertex -37.7234 62.0499 3
      vertex -37.7433 62.2013 0
      vertex -37.7433 62.2013 3
    endloop
  endfacet
  facet normal 0.991472 0.130319 0
    outer loop
      vertex -37.7433 62.2013 0
      vertex -37.7234 62.0499 3
      vertex -37.7234 62.0499 0
    endloop
  endfacet
  facet normal -0.88697 0.461827 0
    outer loop
      vertex -34.4845 61.4788 0
      vertex -34.414 61.6142 3
      vertex -34.414 61.6142 0
    endloop
  endfacet
  facet normal -0.88697 0.461827 0
    outer loop
      vertex -34.414 61.6142 3
      vertex -34.4845 61.4788 0
      vertex -34.4845 61.4788 3
    endloop
  endfacet
  facet normal 0.382429 0.923985 -0
    outer loop
      vertex -36.5985 60.7094 0
      vertex -36.7396 60.7678 3
      vertex -36.5985 60.7094 3
    endloop
  endfacet
  facet normal 0.382429 0.923985 0
    outer loop
      vertex -36.7396 60.7678 3
      vertex -36.5985 60.7094 0
      vertex -36.7396 60.7678 0
    endloop
  endfacet
  facet normal -0.737208 -0.675665 0
    outer loop
      vertex -34.6594 63.4787 0
      vertex -34.7626 63.5913 3
      vertex -34.7626 63.5913 0
    endloop
  endfacet
  facet normal -0.737208 -0.675665 0
    outer loop
      vertex -34.7626 63.5913 3
      vertex -34.6594 63.4787 0
      vertex -34.6594 63.4787 3
    endloop
  endfacet
  facet normal 0.675636 0.737236 -0
    outer loop
      vertex -37.1249 61.0133 0
      vertex -37.2374 61.1164 3
      vertex -37.1249 61.0133 3
    endloop
  endfacet
  facet normal 0.675636 0.737236 0
    outer loop
      vertex -37.2374 61.1164 3
      vertex -37.1249 61.0133 0
      vertex -37.2374 61.1164 0
    endloop
  endfacet
  facet normal 0.737208 -0.675665 0
    outer loop
      vertex -37.3406 63.4787 3
      vertex -37.2374 63.5913 0
      vertex -37.2374 63.5913 3
    endloop
  endfacet
  facet normal 0.737208 -0.675665 0
    outer loop
      vertex -37.2374 63.5913 0
      vertex -37.3406 63.4787 3
      vertex -37.3406 63.4787 0
    endloop
  endfacet
  facet normal 0.608665 -0.793427 0
    outer loop
      vertex -37.1249 63.6944 0
      vertex -37.0038 63.7873 3
      vertex -37.1249 63.6944 3
    endloop
  endfacet
  facet normal 0.608665 -0.793427 0
    outer loop
      vertex -37.0038 63.7873 3
      vertex -37.1249 63.6944 0
      vertex -37.0038 63.7873 0
    endloop
  endfacet
  facet normal 0.999038 -0.0438634 0
    outer loop
      vertex -37.75 62.3538 3
      vertex -37.7433 62.5064 0
      vertex -37.7433 62.5064 3
    endloop
  endfacet
  facet normal 0.999038 -0.0438634 0
    outer loop
      vertex -37.7433 62.5064 0
      vertex -37.75 62.3538 3
      vertex -37.75 62.3538 0
    endloop
  endfacet
  facet normal 0.843554 -0.537045 0
    outer loop
      vertex -37.5155 63.2288 3
      vertex -37.4335 63.3576 0
      vertex -37.4335 63.3576 3
    endloop
  endfacet
  facet normal 0.843554 -0.537045 0
    outer loop
      vertex -37.4335 63.3576 0
      vertex -37.5155 63.2288 3
      vertex -37.5155 63.2288 0
    endloop
  endfacet
  facet normal 0.130319 0.991472 -0
    outer loop
      vertex -36.1525 60.6105 0
      vertex -36.3039 60.6304 3
      vertex -36.1525 60.6105 3
    endloop
  endfacet
  facet normal 0.130319 0.991472 0
    outer loop
      vertex -36.3039 60.6304 3
      vertex -36.1525 60.6105 0
      vertex -36.3039 60.6304 0
    endloop
  endfacet
  facet normal -0.300661 -0.953731 0
    outer loop
      vertex -35.5471 64.0442 0
      vertex -35.4015 63.9983 3
      vertex -35.5471 64.0442 3
    endloop
  endfacet
  facet normal -0.300661 -0.953731 -0
    outer loop
      vertex -35.4015 63.9983 3
      vertex -35.5471 64.0442 0
      vertex -35.4015 63.9983 0
    endloop
  endfacet
  facet normal -0.737208 0.675665 0
    outer loop
      vertex -34.7626 61.1164 0
      vertex -34.6594 61.229 3
      vertex -34.6594 61.229 0
    endloop
  endfacet
  facet normal -0.737208 0.675665 0
    outer loop
      vertex -34.6594 61.229 3
      vertex -34.7626 61.1164 0
      vertex -34.7626 61.1164 3
    endloop
  endfacet
  facet normal -0.991468 -0.130351 0
    outer loop
      vertex -70.2567 0.152522 0
      vertex -70.2766 0.303884 3
      vertex -70.2766 0.303884 0
    endloop
  endfacet
  facet normal -0.991468 -0.130351 0
    outer loop
      vertex -70.2766 0.303884 3
      vertex -70.2567 0.152522 0
      vertex -70.2567 0.152522 3
    endloop
  endfacet
  facet normal -0.999037 -0.0438858 0
    outer loop
      vertex -70.25 0 0
      vertex -70.2567 0.152522 3
      vertex -70.2567 0.152522 0
    endloop
  endfacet
  facet normal -0.999037 -0.0438858 0
    outer loop
      vertex -70.2567 0.152522 3
      vertex -70.25 0 0
      vertex -70.25 0 3
    endloop
  endfacet
  facet normal -0.976356 -0.216169 0
    outer loop
      vertex -70.2766 0.303884 0
      vertex -70.3096 0.452933 3
      vertex -70.3096 0.452933 0
    endloop
  endfacet
  facet normal -0.976356 -0.216169 0
    outer loop
      vertex -70.3096 0.452933 3
      vertex -70.2766 0.303884 0
      vertex -70.2766 0.303884 3
    endloop
  endfacet
  facet normal -0.216486 -0.976286 0
    outer loop
      vertex -71.6961 1.72341 0
      vertex -71.5471 1.69037 3
      vertex -71.6961 1.72341 3
    endloop
  endfacet
  facet normal -0.216486 -0.976286 -0
    outer loop
      vertex -71.5471 1.69037 3
      vertex -71.6961 1.72341 0
      vertex -71.5471 1.69037 0
    endloop
  endfacet
  facet normal -0.675778 0.737105 0
    outer loop
      vertex -70.7626 -1.23744 0
      vertex -70.8751 -1.34058 3
      vertex -70.7626 -1.23744 3
    endloop
  endfacet
  facet normal -0.675778 0.737105 0
    outer loop
      vertex -70.8751 -1.34058 3
      vertex -70.7626 -1.23744 0
      vertex -70.8751 -1.34058 0
    endloop
  endfacet
  facet normal 0.216486 0.976286 -0
    outer loop
      vertex -72.3039 -1.72341 0
      vertex -72.4529 -1.69037 3
      vertex -72.3039 -1.72341 3
    endloop
  endfacet
  facet normal 0.216486 0.976286 0
    outer loop
      vertex -72.4529 -1.69037 3
      vertex -72.3039 -1.72341 0
      vertex -72.4529 -1.69037 0
    endloop
  endfacet
  facet normal -0.793476 -0.608602 0
    outer loop
      vertex -70.5665 1.00376 0
      vertex -70.6594 1.12488 3
      vertex -70.6594 1.12488 0
    endloop
  endfacet
  facet normal -0.793476 -0.608602 0
    outer loop
      vertex -70.6594 1.12488 3
      vertex -70.5665 1.00376 0
      vertex -70.5665 1.00376 3
    endloop
  endfacet
  facet normal 0.843478 0.537164 0
    outer loop
      vertex -73.4335 -1.00376 3
      vertex -73.5155 -0.875 0
      vertex -73.5155 -0.875 3
    endloop
  endfacet
  facet normal 0.843478 0.537164 0
    outer loop
      vertex -73.5155 -0.875 0
      vertex -73.4335 -1.00376 3
      vertex -73.4335 -1.00376 0
    endloop
  endfacet
  facet normal 0.300721 -0.953712 0
    outer loop
      vertex -72.5985 1.64446 0
      vertex -72.4529 1.69037 3
      vertex -72.5985 1.64446 3
    endloop
  endfacet
  facet normal 0.300721 -0.953712 0
    outer loop
      vertex -72.4529 1.69037 3
      vertex -72.5985 1.64446 0
      vertex -72.4529 1.69037 0
    endloop
  endfacet
  facet normal -0.130512 -0.991447 0
    outer loop
      vertex -71.8475 1.74334 0
      vertex -71.6961 1.72341 3
      vertex -71.8475 1.74334 3
    endloop
  endfacet
  facet normal -0.130512 -0.991447 -0
    outer loop
      vertex -71.6961 1.72341 3
      vertex -71.8475 1.74334 0
      vertex -71.6961 1.72341 0
    endloop
  endfacet
  facet normal -0.675778 -0.737105 0
    outer loop
      vertex -70.8751 1.34058 0
      vertex -70.7626 1.23744 3
      vertex -70.8751 1.34058 3
    endloop
  endfacet
  facet normal -0.675778 -0.737105 -0
    outer loop
      vertex -70.7626 1.23744 3
      vertex -70.8751 1.34058 0
      vertex -70.7626 1.23744 0
    endloop
  endfacet
  facet normal -0.737089 -0.675796 0
    outer loop
      vertex -70.6594 1.12488 0
      vertex -70.7626 1.23744 3
      vertex -70.7626 1.23744 0
    endloop
  endfacet
  facet normal -0.737089 -0.675796 0
    outer loop
      vertex -70.7626 1.23744 3
      vertex -70.6594 1.12488 0
      vertex -70.6594 1.12488 3
    endloop
  endfacet
  facet normal -0.130512 0.991447 0
    outer loop
      vertex -71.6961 -1.72341 0
      vertex -71.8475 -1.74334 3
      vertex -71.6961 -1.72341 3
    endloop
  endfacet
  facet normal -0.130512 0.991447 0
    outer loop
      vertex -71.8475 -1.74334 3
      vertex -71.6961 -1.72341 0
      vertex -71.8475 -1.74334 0
    endloop
  endfacet
  facet normal -0.999037 0.0438858 0
    outer loop
      vertex -70.2567 -0.152522 0
      vertex -70.25 0 3
      vertex -70.25 0 0
    endloop
  endfacet
  facet normal -0.999037 0.0438858 0
    outer loop
      vertex -70.25 0 3
      vertex -70.2567 -0.152522 0
      vertex -70.2567 -0.152522 3
    endloop
  endfacet
  facet normal -0.382541 -0.923939 0
    outer loop
      vertex -71.4015 1.64446 0
      vertex -71.2604 1.58604 3
      vertex -71.4015 1.64446 3
    endloop
  endfacet
  facet normal -0.382541 -0.923939 -0
    outer loop
      vertex -71.2604 1.58604 3
      vertex -71.4015 1.64446 0
      vertex -71.2604 1.58604 0
    endloop
  endfacet
  facet normal -0.793476 0.608602 0
    outer loop
      vertex -70.6594 -1.12488 0
      vertex -70.5665 -1.00376 3
      vertex -70.5665 -1.00376 0
    endloop
  endfacet
  facet normal -0.793476 0.608602 0
    outer loop
      vertex -70.5665 -1.00376 3
      vertex -70.6594 -1.12488 0
      vertex -70.6594 -1.12488 3
    endloop
  endfacet
  facet normal 0.130512 -0.991447 0
    outer loop
      vertex -72.3039 1.72341 0
      vertex -72.1525 1.74334 3
      vertex -72.3039 1.72341 3
    endloop
  endfacet
  facet normal 0.130512 -0.991447 0
    outer loop
      vertex -72.1525 1.74334 3
      vertex -72.3039 1.72341 0
      vertex -72.1525 1.74334 0
    endloop
  endfacet
  facet normal -0.537138 0.843494 0
    outer loop
      vertex -70.9962 -1.43352 0
      vertex -71.125 -1.51554 3
      vertex -70.9962 -1.43352 3
    endloop
  endfacet
  facet normal -0.537138 0.843494 0
    outer loop
      vertex -71.125 -1.51554 3
      vertex -70.9962 -1.43352 0
      vertex -71.125 -1.51554 0
    endloop
  endfacet
  facet normal -0.923702 -0.383113 0
    outer loop
      vertex -70.3555 0.598535 0
      vertex -70.414 0.739581 3
      vertex -70.414 0.739581 0
    endloop
  endfacet
  facet normal -0.923702 -0.383113 0
    outer loop
      vertex -70.414 0.739581 3
      vertex -70.3555 0.598535 0
      vertex -70.3555 0.598535 3
    endloop
  endfacet
  facet normal 0.976356 0.216169 0
    outer loop
      vertex -73.6904 -0.452933 3
      vertex -73.7234 -0.303884 0
      vertex -73.7234 -0.303884 3
    endloop
  endfacet
  facet normal 0.976356 0.216169 0
    outer loop
      vertex -73.7234 -0.303884 0
      vertex -73.6904 -0.452933 3
      vertex -73.6904 -0.452933 0
    endloop
  endfacet
  facet normal -0.953732 -0.300657 0
    outer loop
      vertex -70.3096 0.452933 0
      vertex -70.3555 0.598535 3
      vertex -70.3555 0.598535 0
    endloop
  endfacet
  facet normal -0.953732 -0.300657 0
    outer loop
      vertex -70.3555 0.598535 3
      vertex -70.3096 0.452933 0
      vertex -70.3096 0.452933 3
    endloop
  endfacet
  facet normal -0.382541 0.923939 0
    outer loop
      vertex -71.2604 -1.58604 0
      vertex -71.4015 -1.64446 3
      vertex -71.2604 -1.58604 3
    endloop
  endfacet
  facet normal -0.382541 0.923939 0
    outer loop
      vertex -71.4015 -1.64446 3
      vertex -71.2604 -1.58604 0
      vertex -71.4015 -1.64446 0
    endloop
  endfacet
  facet normal 0.976356 -0.216169 0
    outer loop
      vertex -73.7234 0.303884 3
      vertex -73.6904 0.452933 0
      vertex -73.6904 0.452933 3
    endloop
  endfacet
  facet normal 0.976356 -0.216169 0
    outer loop
      vertex -73.6904 0.452933 0
      vertex -73.7234 0.303884 3
      vertex -73.7234 0.303884 0
    endloop
  endfacet
  facet normal 0.216486 -0.976286 0
    outer loop
      vertex -72.4529 1.69037 0
      vertex -72.3039 1.72341 3
      vertex -72.4529 1.69037 3
    endloop
  endfacet
  facet normal 0.216486 -0.976286 0
    outer loop
      vertex -72.3039 1.72341 3
      vertex -72.4529 1.69037 0
      vertex -72.3039 1.72341 0
    endloop
  endfacet
  facet normal -0.300721 -0.953712 0
    outer loop
      vertex -71.5471 1.69037 0
      vertex -71.4015 1.64446 3
      vertex -71.5471 1.69037 3
    endloop
  endfacet
  facet normal -0.300721 -0.953712 -0
    outer loop
      vertex -71.4015 1.64446 3
      vertex -71.5471 1.69037 0
      vertex -71.4015 1.64446 0
    endloop
  endfacet
  facet normal -0.923702 0.383113 0
    outer loop
      vertex -70.414 -0.739581 0
      vertex -70.3555 -0.598535 3
      vertex -70.3555 -0.598535 0
    endloop
  endfacet
  facet normal -0.923702 0.383113 0
    outer loop
      vertex -70.3555 -0.598535 3
      vertex -70.414 -0.739581 0
      vertex -70.414 -0.739581 3
    endloop
  endfacet
  facet normal -0.60883 0.7933 0
    outer loop
      vertex -70.8751 -1.34058 0
      vertex -70.9962 -1.43352 3
      vertex -70.8751 -1.34058 3
    endloop
  endfacet
  facet normal -0.60883 0.7933 0
    outer loop
      vertex -70.9962 -1.43352 3
      vertex -70.8751 -1.34058 0
      vertex -70.9962 -1.43352 0
    endloop
  endfacet
  facet normal -0.537138 -0.843494 0
    outer loop
      vertex -71.125 1.51554 0
      vertex -70.9962 1.43352 3
      vertex -71.125 1.51554 3
    endloop
  endfacet
  facet normal -0.537138 -0.843494 -0
    outer loop
      vertex -70.9962 1.43352 3
      vertex -71.125 1.51554 0
      vertex -70.9962 1.43352 0
    endloop
  endfacet
  facet normal 0.0436305 0.999048 -0
    outer loop
      vertex -72 -1.75 0
      vertex -72.1525 -1.74334 3
      vertex -72 -1.75 3
    endloop
  endfacet
  facet normal 0.0436305 0.999048 0
    outer loop
      vertex -72.1525 -1.74334 3
      vertex -72 -1.75 0
      vertex -72.1525 -1.74334 0
    endloop
  endfacet
  facet normal 0.793476 -0.608602 0
    outer loop
      vertex -73.4335 1.00376 3
      vertex -73.3406 1.12488 0
      vertex -73.3406 1.12488 3
    endloop
  endfacet
  facet normal 0.793476 -0.608602 0
    outer loop
      vertex -73.3406 1.12488 0
      vertex -73.4335 1.00376 3
      vertex -73.4335 1.00376 0
    endloop
  endfacet
  facet normal 0.953732 0.300657 0
    outer loop
      vertex -73.6445 -0.598535 3
      vertex -73.6904 -0.452933 0
      vertex -73.6904 -0.452933 3
    endloop
  endfacet
  facet normal 0.953732 0.300657 0
    outer loop
      vertex -73.6904 -0.452933 0
      vertex -73.6445 -0.598535 3
      vertex -73.6445 -0.598535 0
    endloop
  endfacet
  facet normal -0.60883 -0.7933 0
    outer loop
      vertex -70.9962 1.43352 0
      vertex -70.8751 1.34058 3
      vertex -70.9962 1.43352 3
    endloop
  endfacet
  facet normal -0.60883 -0.7933 -0
    outer loop
      vertex -70.8751 1.34058 3
      vertex -70.9962 1.43352 0
      vertex -70.8751 1.34058 0
    endloop
  endfacet
  facet normal 0.953732 -0.300657 0
    outer loop
      vertex -73.6904 0.452933 3
      vertex -73.6445 0.598535 0
      vertex -73.6445 0.598535 3
    endloop
  endfacet
  facet normal 0.953732 -0.300657 0
    outer loop
      vertex -73.6445 0.598535 0
      vertex -73.6904 0.452933 3
      vertex -73.6904 0.452933 0
    endloop
  endfacet
  facet normal -0.300721 0.953712 0
    outer loop
      vertex -71.4015 -1.64446 0
      vertex -71.5471 -1.69037 3
      vertex -71.4015 -1.64446 3
    endloop
  endfacet
  facet normal -0.300721 0.953712 0
    outer loop
      vertex -71.5471 -1.69037 3
      vertex -71.4015 -1.64446 0
      vertex -71.5471 -1.69037 0
    endloop
  endfacet
  facet normal -0.843478 -0.537164 0
    outer loop
      vertex -70.4845 0.875 0
      vertex -70.5665 1.00376 3
      vertex -70.5665 1.00376 0
    endloop
  endfacet
  facet normal -0.843478 -0.537164 0
    outer loop
      vertex -70.5665 1.00376 3
      vertex -70.4845 0.875 0
      vertex -70.4845 0.875 3
    endloop
  endfacet
  facet normal 0.793476 0.608602 0
    outer loop
      vertex -73.3406 -1.12488 3
      vertex -73.4335 -1.00376 0
      vertex -73.4335 -1.00376 3
    endloop
  endfacet
  facet normal 0.793476 0.608602 0
    outer loop
      vertex -73.4335 -1.00376 0
      vertex -73.3406 -1.12488 3
      vertex -73.3406 -1.12488 0
    endloop
  endfacet
  facet normal -0.953732 0.300657 0
    outer loop
      vertex -70.3555 -0.598535 0
      vertex -70.3096 -0.452933 3
      vertex -70.3096 -0.452933 0
    endloop
  endfacet
  facet normal -0.953732 0.300657 0
    outer loop
      vertex -70.3096 -0.452933 3
      vertex -70.3555 -0.598535 0
      vertex -70.3555 -0.598535 3
    endloop
  endfacet
  facet normal -0.976356 0.216169 0
    outer loop
      vertex -70.3096 -0.452933 0
      vertex -70.2766 -0.303884 3
      vertex -70.2766 -0.303884 0
    endloop
  endfacet
  facet normal -0.976356 0.216169 0
    outer loop
      vertex -70.2766 -0.303884 3
      vertex -70.3096 -0.452933 0
      vertex -70.3096 -0.452933 3
    endloop
  endfacet
  facet normal -0.0436305 -0.999048 0
    outer loop
      vertex -72 1.75 0
      vertex -71.8475 1.74334 3
      vertex -72 1.75 3
    endloop
  endfacet
  facet normal -0.0436305 -0.999048 -0
    outer loop
      vertex -71.8475 1.74334 3
      vertex -72 1.75 0
      vertex -71.8475 1.74334 0
    endloop
  endfacet
  facet normal 0.60883 -0.7933 0
    outer loop
      vertex -73.1249 1.34058 0
      vertex -73.0038 1.43352 3
      vertex -73.1249 1.34058 3
    endloop
  endfacet
  facet normal 0.60883 -0.7933 0
    outer loop
      vertex -73.0038 1.43352 3
      vertex -73.1249 1.34058 0
      vertex -73.0038 1.43352 0
    endloop
  endfacet
  facet normal -0.0436305 0.999048 0
    outer loop
      vertex -71.8475 -1.74334 0
      vertex -72 -1.75 3
      vertex -71.8475 -1.74334 3
    endloop
  endfacet
  facet normal -0.0436305 0.999048 0
    outer loop
      vertex -72 -1.75 3
      vertex -71.8475 -1.74334 0
      vertex -72 -1.75 0
    endloop
  endfacet
  facet normal 0.382541 -0.923939 0
    outer loop
      vertex -72.7396 1.58604 0
      vertex -72.5985 1.64446 3
      vertex -72.7396 1.58604 3
    endloop
  endfacet
  facet normal 0.382541 -0.923939 0
    outer loop
      vertex -72.5985 1.64446 3
      vertex -72.7396 1.58604 0
      vertex -72.5985 1.64446 0
    endloop
  endfacet
  facet normal -0.843478 0.537164 0
    outer loop
      vertex -70.5665 -1.00376 0
      vertex -70.4845 -0.875 3
      vertex -70.4845 -0.875 0
    endloop
  endfacet
  facet normal -0.843478 0.537164 0
    outer loop
      vertex -70.4845 -0.875 3
      vertex -70.5665 -1.00376 0
      vertex -70.5665 -1.00376 3
    endloop
  endfacet
  facet normal 0.999037 -0.0438858 0
    outer loop
      vertex -73.75 0 3
      vertex -73.7433 0.152522 0
      vertex -73.7433 0.152522 3
    endloop
  endfacet
  facet normal 0.999037 -0.0438858 0
    outer loop
      vertex -73.7433 0.152522 0
      vertex -73.75 0 3
      vertex -73.75 0 0
    endloop
  endfacet
  facet normal 0.886997 0.461776 0
    outer loop
      vertex -73.5155 -0.875 3
      vertex -73.586 -0.739581 0
      vertex -73.586 -0.739581 3
    endloop
  endfacet
  facet normal 0.886997 0.461776 0
    outer loop
      vertex -73.586 -0.739581 0
      vertex -73.5155 -0.875 3
      vertex -73.5155 -0.875 0
    endloop
  endfacet
  facet normal -0.461827 -0.88697 0
    outer loop
      vertex -71.2604 1.58604 0
      vertex -71.125 1.51554 3
      vertex -71.2604 1.58604 3
    endloop
  endfacet
  facet normal -0.461827 -0.88697 -0
    outer loop
      vertex -71.125 1.51554 3
      vertex -71.2604 1.58604 0
      vertex -71.125 1.51554 0
    endloop
  endfacet
  facet normal -0.991468 0.130351 0
    outer loop
      vertex -70.2766 -0.303884 0
      vertex -70.2567 -0.152522 3
      vertex -70.2567 -0.152522 0
    endloop
  endfacet
  facet normal -0.991468 0.130351 0
    outer loop
      vertex -70.2567 -0.152522 3
      vertex -70.2766 -0.303884 0
      vertex -70.2766 -0.303884 3
    endloop
  endfacet
  facet normal 0.461827 -0.88697 0
    outer loop
      vertex -72.875 1.51554 0
      vertex -72.7396 1.58604 3
      vertex -72.875 1.51554 3
    endloop
  endfacet
  facet normal 0.461827 -0.88697 0
    outer loop
      vertex -72.7396 1.58604 3
      vertex -72.875 1.51554 0
      vertex -72.7396 1.58604 0
    endloop
  endfacet
  facet normal 0.923702 0.383113 0
    outer loop
      vertex -73.586 -0.739581 3
      vertex -73.6445 -0.598535 0
      vertex -73.6445 -0.598535 3
    endloop
  endfacet
  facet normal 0.923702 0.383113 0
    outer loop
      vertex -73.6445 -0.598535 0
      vertex -73.586 -0.739581 3
      vertex -73.586 -0.739581 0
    endloop
  endfacet
  facet normal -0.886997 -0.461776 0
    outer loop
      vertex -70.414 0.739581 0
      vertex -70.4845 0.875 3
      vertex -70.4845 0.875 0
    endloop
  endfacet
  facet normal -0.886997 -0.461776 0
    outer loop
      vertex -70.4845 0.875 3
      vertex -70.414 0.739581 0
      vertex -70.414 0.739581 3
    endloop
  endfacet
  facet normal 0.923702 -0.383113 0
    outer loop
      vertex -73.6445 0.598535 3
      vertex -73.586 0.739581 0
      vertex -73.586 0.739581 3
    endloop
  endfacet
  facet normal 0.923702 -0.383113 0
    outer loop
      vertex -73.586 0.739581 0
      vertex -73.6445 0.598535 3
      vertex -73.6445 0.598535 0
    endloop
  endfacet
  facet normal 0.130512 0.991447 -0
    outer loop
      vertex -72.1525 -1.74334 0
      vertex -72.3039 -1.72341 3
      vertex -72.1525 -1.74334 3
    endloop
  endfacet
  facet normal 0.130512 0.991447 0
    outer loop
      vertex -72.3039 -1.72341 3
      vertex -72.1525 -1.74334 0
      vertex -72.3039 -1.72341 0
    endloop
  endfacet
  facet normal -0.461827 0.88697 0
    outer loop
      vertex -71.125 -1.51554 0
      vertex -71.2604 -1.58604 3
      vertex -71.125 -1.51554 3
    endloop
  endfacet
  facet normal -0.461827 0.88697 0
    outer loop
      vertex -71.2604 -1.58604 3
      vertex -71.125 -1.51554 0
      vertex -71.2604 -1.58604 0
    endloop
  endfacet
  facet normal 0.675778 -0.737105 0
    outer loop
      vertex -73.2374 1.23744 0
      vertex -73.1249 1.34058 3
      vertex -73.2374 1.23744 3
    endloop
  endfacet
  facet normal 0.675778 -0.737105 0
    outer loop
      vertex -73.1249 1.34058 3
      vertex -73.2374 1.23744 0
      vertex -73.1249 1.34058 0
    endloop
  endfacet
  facet normal 0.461827 0.88697 -0
    outer loop
      vertex -72.7396 -1.58604 0
      vertex -72.875 -1.51554 3
      vertex -72.7396 -1.58604 3
    endloop
  endfacet
  facet normal 0.461827 0.88697 0
    outer loop
      vertex -72.875 -1.51554 3
      vertex -72.7396 -1.58604 0
      vertex -72.875 -1.51554 0
    endloop
  endfacet
  facet normal 0.999037 0.0438858 0
    outer loop
      vertex -73.7433 -0.152522 3
      vertex -73.75 0 0
      vertex -73.75 0 3
    endloop
  endfacet
  facet normal 0.999037 0.0438858 0
    outer loop
      vertex -73.75 0 0
      vertex -73.7433 -0.152522 3
      vertex -73.7433 -0.152522 0
    endloop
  endfacet
  facet normal 0.0436305 -0.999048 0
    outer loop
      vertex -72.1525 1.74334 0
      vertex -72 1.75 3
      vertex -72.1525 1.74334 3
    endloop
  endfacet
  facet normal 0.0436305 -0.999048 0
    outer loop
      vertex -72 1.75 3
      vertex -72.1525 1.74334 0
      vertex -72 1.75 0
    endloop
  endfacet
  facet normal 0.60883 0.7933 -0
    outer loop
      vertex -73.0038 -1.43352 0
      vertex -73.1249 -1.34058 3
      vertex -73.0038 -1.43352 3
    endloop
  endfacet
  facet normal 0.60883 0.7933 0
    outer loop
      vertex -73.1249 -1.34058 3
      vertex -73.0038 -1.43352 0
      vertex -73.1249 -1.34058 0
    endloop
  endfacet
  facet normal -0.216486 0.976286 0
    outer loop
      vertex -71.5471 -1.69037 0
      vertex -71.6961 -1.72341 3
      vertex -71.5471 -1.69037 3
    endloop
  endfacet
  facet normal -0.216486 0.976286 0
    outer loop
      vertex -71.6961 -1.72341 3
      vertex -71.5471 -1.69037 0
      vertex -71.6961 -1.72341 0
    endloop
  endfacet
  facet normal 0.886997 -0.461776 0
    outer loop
      vertex -73.586 0.739581 3
      vertex -73.5155 0.875 0
      vertex -73.5155 0.875 3
    endloop
  endfacet
  facet normal 0.886997 -0.461776 0
    outer loop
      vertex -73.5155 0.875 0
      vertex -73.586 0.739581 3
      vertex -73.586 0.739581 0
    endloop
  endfacet
  facet normal 0.737089 0.675796 0
    outer loop
      vertex -73.2374 -1.23744 3
      vertex -73.3406 -1.12488 0
      vertex -73.3406 -1.12488 3
    endloop
  endfacet
  facet normal 0.737089 0.675796 0
    outer loop
      vertex -73.3406 -1.12488 0
      vertex -73.2374 -1.23744 3
      vertex -73.2374 -1.23744 0
    endloop
  endfacet
  facet normal 0.991468 0.130351 0
    outer loop
      vertex -73.7234 -0.303884 3
      vertex -73.7433 -0.152522 0
      vertex -73.7433 -0.152522 3
    endloop
  endfacet
  facet normal 0.991468 0.130351 0
    outer loop
      vertex -73.7433 -0.152522 0
      vertex -73.7234 -0.303884 3
      vertex -73.7234 -0.303884 0
    endloop
  endfacet
  facet normal 0.537138 -0.843494 0
    outer loop
      vertex -73.0038 1.43352 0
      vertex -72.875 1.51554 3
      vertex -73.0038 1.43352 3
    endloop
  endfacet
  facet normal 0.537138 -0.843494 0
    outer loop
      vertex -72.875 1.51554 3
      vertex -73.0038 1.43352 0
      vertex -72.875 1.51554 0
    endloop
  endfacet
  facet normal -0.886997 0.461776 0
    outer loop
      vertex -70.4845 -0.875 0
      vertex -70.414 -0.739581 3
      vertex -70.414 -0.739581 0
    endloop
  endfacet
  facet normal -0.886997 0.461776 0
    outer loop
      vertex -70.414 -0.739581 3
      vertex -70.4845 -0.875 0
      vertex -70.4845 -0.875 3
    endloop
  endfacet
  facet normal 0.737089 -0.675796 0
    outer loop
      vertex -73.3406 1.12488 3
      vertex -73.2374 1.23744 0
      vertex -73.2374 1.23744 3
    endloop
  endfacet
  facet normal 0.737089 -0.675796 0
    outer loop
      vertex -73.2374 1.23744 0
      vertex -73.3406 1.12488 3
      vertex -73.3406 1.12488 0
    endloop
  endfacet
  facet normal 0.675778 0.737105 -0
    outer loop
      vertex -73.1249 -1.34058 0
      vertex -73.2374 -1.23744 3
      vertex -73.1249 -1.34058 3
    endloop
  endfacet
  facet normal 0.675778 0.737105 0
    outer loop
      vertex -73.2374 -1.23744 3
      vertex -73.1249 -1.34058 0
      vertex -73.2374 -1.23744 0
    endloop
  endfacet
  facet normal 0.991468 -0.130351 0
    outer loop
      vertex -73.7433 0.152522 3
      vertex -73.7234 0.303884 0
      vertex -73.7234 0.303884 3
    endloop
  endfacet
  facet normal 0.991468 -0.130351 0
    outer loop
      vertex -73.7234 0.303884 0
      vertex -73.7433 0.152522 3
      vertex -73.7433 0.152522 0
    endloop
  endfacet
  facet normal 0.382541 0.923939 -0
    outer loop
      vertex -72.5985 -1.64446 0
      vertex -72.7396 -1.58604 3
      vertex -72.5985 -1.64446 3
    endloop
  endfacet
  facet normal 0.382541 0.923939 0
    outer loop
      vertex -72.7396 -1.58604 3
      vertex -72.5985 -1.64446 0
      vertex -72.7396 -1.58604 0
    endloop
  endfacet
  facet normal 0.537138 0.843494 -0
    outer loop
      vertex -72.875 -1.51554 0
      vertex -73.0038 -1.43352 3
      vertex -72.875 -1.51554 3
    endloop
  endfacet
  facet normal 0.537138 0.843494 0
    outer loop
      vertex -73.0038 -1.43352 3
      vertex -72.875 -1.51554 0
      vertex -73.0038 -1.43352 0
    endloop
  endfacet
  facet normal 0.300721 0.953712 -0
    outer loop
      vertex -72.4529 -1.69037 0
      vertex -72.5985 -1.64446 3
      vertex -72.4529 -1.69037 3
    endloop
  endfacet
  facet normal 0.300721 0.953712 0
    outer loop
      vertex -72.5985 -1.64446 3
      vertex -72.4529 -1.69037 0
      vertex -72.5985 -1.64446 0
    endloop
  endfacet
  facet normal -0.737089 0.675796 0
    outer loop
      vertex -70.7626 -1.23744 0
      vertex -70.6594 -1.12488 3
      vertex -70.6594 -1.12488 0
    endloop
  endfacet
  facet normal -0.737089 0.675796 0
    outer loop
      vertex -70.6594 -1.12488 3
      vertex -70.7626 -1.23744 0
      vertex -70.7626 -1.23744 3
    endloop
  endfacet
  facet normal 0.843478 -0.537164 0
    outer loop
      vertex -73.5155 0.875 3
      vertex -73.4335 1.00376 0
      vertex -73.4335 1.00376 3
    endloop
  endfacet
  facet normal 0.843478 -0.537164 0
    outer loop
      vertex -73.4335 1.00376 0
      vertex -73.5155 0.875 3
      vertex -73.5155 0.875 0
    endloop
  endfacet
  facet normal -0.991472 -0.130319 0
    outer loop
      vertex -34.2567 -62.2013 0
      vertex -34.2766 -62.0499 3
      vertex -34.2766 -62.0499 0
    endloop
  endfacet
  facet normal -0.991472 -0.130319 0
    outer loop
      vertex -34.2766 -62.0499 3
      vertex -34.2567 -62.2013 0
      vertex -34.2567 -62.2013 3
    endloop
  endfacet
  facet normal -0.999036 -0.0438921 0
    outer loop
      vertex -34.25 -62.3538 0
      vertex -34.2567 -62.2013 3
      vertex -34.2567 -62.2013 0
    endloop
  endfacet
  facet normal -0.999036 -0.0438921 0
    outer loop
      vertex -34.2567 -62.2013 3
      vertex -34.25 -62.3538 0
      vertex -34.25 -62.3538 3
    endloop
  endfacet
  facet normal -0.976341 -0.216237 0
    outer loop
      vertex -34.2766 -62.0499 0
      vertex -34.3096 -61.9009 3
      vertex -34.3096 -61.9009 0
    endloop
  endfacet
  facet normal -0.976341 -0.216237 0
    outer loop
      vertex -34.3096 -61.9009 3
      vertex -34.2766 -62.0499 0
      vertex -34.2766 -62.0499 3
    endloop
  endfacet
  facet normal 0.923657 0.38322 0
    outer loop
      vertex -37.586 -63.0934 3
      vertex -37.6445 -62.9524 0
      vertex -37.6445 -62.9524 3
    endloop
  endfacet
  facet normal 0.923657 0.38322 0
    outer loop
      vertex -37.6445 -62.9524 0
      vertex -37.586 -63.0934 3
      vertex -37.586 -63.0934 0
    endloop
  endfacet
  facet normal 0.216237 0.976341 -0
    outer loop
      vertex -36.3039 -64.0772 0
      vertex -36.4529 -64.0442 3
      vertex -36.3039 -64.0772 3
    endloop
  endfacet
  facet normal 0.216237 0.976341 0
    outer loop
      vertex -36.4529 -64.0442 3
      vertex -36.3039 -64.0772 0
      vertex -36.4529 -64.0442 0
    endloop
  endfacet
  facet normal 0.461827 -0.88697 0
    outer loop
      vertex -36.875 -60.8383 0
      vertex -36.7396 -60.7678 3
      vertex -36.875 -60.8383 3
    endloop
  endfacet
  facet normal 0.461827 -0.88697 0
    outer loop
      vertex -36.7396 -60.7678 3
      vertex -36.875 -60.8383 0
      vertex -36.7396 -60.7678 0
    endloop
  endfacet
  facet normal -0.675636 -0.737236 0
    outer loop
      vertex -34.8751 -61.0133 0
      vertex -34.7626 -61.1164 3
      vertex -34.8751 -61.0133 3
    endloop
  endfacet
  facet normal -0.675636 -0.737236 -0
    outer loop
      vertex -34.7626 -61.1164 3
      vertex -34.8751 -61.0133 0
      vertex -34.7626 -61.1164 0
    endloop
  endfacet
  facet normal -0.675636 0.737236 0
    outer loop
      vertex -34.7626 -63.5913 0
      vertex -34.8751 -63.6944 3
      vertex -34.7626 -63.5913 3
    endloop
  endfacet
  facet normal -0.675636 0.737236 0
    outer loop
      vertex -34.8751 -63.6944 3
      vertex -34.7626 -63.5913 0
      vertex -34.8751 -63.6944 0
    endloop
  endfacet
  facet normal 0.0432382 0.999065 -0
    outer loop
      vertex -36 -64.1038 0
      vertex -36.1525 -64.0972 3
      vertex -36 -64.1038 3
    endloop
  endfacet
  facet normal 0.0432382 0.999065 0
    outer loop
      vertex -36.1525 -64.0972 3
      vertex -36 -64.1038 0
      vertex -36.1525 -64.0972 0
    endloop
  endfacet
  facet normal -0.999038 0.0438634 0
    outer loop
      vertex -34.2567 -62.5064 0
      vertex -34.25 -62.3538 3
      vertex -34.25 -62.3538 0
    endloop
  endfacet
  facet normal -0.999038 0.0438634 0
    outer loop
      vertex -34.25 -62.3538 3
      vertex -34.2567 -62.5064 0
      vertex -34.2567 -62.5064 3
    endloop
  endfacet
  facet normal -0.382429 -0.923985 0
    outer loop
      vertex -35.4015 -60.7094 0
      vertex -35.2604 -60.7678 3
      vertex -35.4015 -60.7094 3
    endloop
  endfacet
  facet normal -0.382429 -0.923985 -0
    outer loop
      vertex -35.2604 -60.7678 3
      vertex -35.4015 -60.7094 0
      vertex -35.2604 -60.7678 0
    endloop
  endfacet
  facet normal -0.793427 0.608665 0
    outer loop
      vertex -34.6594 -63.4787 0
      vertex -34.5665 -63.3576 3
      vertex -34.5665 -63.3576 0
    endloop
  endfacet
  facet normal -0.793427 0.608665 0
    outer loop
      vertex -34.5665 -63.3576 3
      vertex -34.6594 -63.4787 0
      vertex -34.6594 -63.4787 3
    endloop
  endfacet
  facet normal 0.130319 -0.991472 0
    outer loop
      vertex -36.3039 -60.6304 0
      vertex -36.1525 -60.6105 3
      vertex -36.3039 -60.6304 3
    endloop
  endfacet
  facet normal 0.130319 -0.991472 0
    outer loop
      vertex -36.1525 -60.6105 3
      vertex -36.3039 -60.6304 0
      vertex -36.1525 -60.6105 0
    endloop
  endfacet
  facet normal -0.923753 -0.382988 0
    outer loop
      vertex -34.3555 -61.7553 0
      vertex -34.414 -61.6142 3
      vertex -34.414 -61.6142 0
    endloop
  endfacet
  facet normal -0.923753 -0.382988 0
    outer loop
      vertex -34.414 -61.6142 3
      vertex -34.3555 -61.7553 0
      vertex -34.3555 -61.7553 3
    endloop
  endfacet
  facet normal -0.130319 -0.991472 0
    outer loop
      vertex -35.8475 -60.6105 0
      vertex -35.6961 -60.6304 3
      vertex -35.8475 -60.6105 3
    endloop
  endfacet
  facet normal -0.130319 -0.991472 -0
    outer loop
      vertex -35.6961 -60.6304 3
      vertex -35.8475 -60.6105 0
      vertex -35.6961 -60.6304 0
    endloop
  endfacet
  facet normal -0.953731 -0.300661 0
    outer loop
      vertex -34.3096 -61.9009 0
      vertex -34.3555 -61.7553 3
      vertex -34.3555 -61.7553 0
    endloop
  endfacet
  facet normal -0.953731 -0.300661 0
    outer loop
      vertex -34.3555 -61.7553 3
      vertex -34.3096 -61.9009 0
      vertex -34.3096 -61.9009 3
    endloop
  endfacet
  facet normal 0.953731 -0.300661 0
    outer loop
      vertex -37.6904 -61.9009 3
      vertex -37.6445 -61.7553 0
      vertex -37.6445 -61.7553 3
    endloop
  endfacet
  facet normal 0.953731 -0.300661 0
    outer loop
      vertex -37.6445 -61.7553 0
      vertex -37.6904 -61.9009 3
      vertex -37.6904 -61.9009 0
    endloop
  endfacet
  facet normal 0.216861 -0.976202 0
    outer loop
      vertex -36.4529 -60.6635 0
      vertex -36.3039 -60.6304 3
      vertex -36.4529 -60.6635 3
    endloop
  endfacet
  facet normal 0.216861 -0.976202 0
    outer loop
      vertex -36.3039 -60.6304 3
      vertex -36.4529 -60.6635 0
      vertex -36.3039 -60.6304 0
    endloop
  endfacet
  facet normal -0.0438921 -0.999036 0
    outer loop
      vertex -36 -60.6038 0
      vertex -35.8475 -60.6105 3
      vertex -36 -60.6038 3
    endloop
  endfacet
  facet normal -0.0438921 -0.999036 -0
    outer loop
      vertex -35.8475 -60.6105 3
      vertex -36 -60.6038 0
      vertex -35.8475 -60.6105 0
    endloop
  endfacet
  facet normal -0.923657 0.38322 0
    outer loop
      vertex -34.414 -63.0934 0
      vertex -34.3555 -62.9524 3
      vertex -34.3555 -62.9524 0
    endloop
  endfacet
  facet normal -0.923657 0.38322 0
    outer loop
      vertex -34.3555 -62.9524 3
      vertex -34.414 -63.0934 0
      vertex -34.414 -63.0934 3
    endloop
  endfacet
  facet normal -0.537045 -0.843554 0
    outer loop
      vertex -35.125 -60.8383 0
      vertex -34.9962 -60.9203 3
      vertex -35.125 -60.8383 3
    endloop
  endfacet
  facet normal -0.537045 -0.843554 -0
    outer loop
      vertex -34.9962 -60.9203 3
      vertex -35.125 -60.8383 0
      vertex -34.9962 -60.9203 0
    endloop
  endfacet
  facet normal -0.300661 -0.953731 0
    outer loop
      vertex -35.5471 -60.6635 0
      vertex -35.4015 -60.7094 3
      vertex -35.5471 -60.6635 3
    endloop
  endfacet
  facet normal -0.300661 -0.953731 -0
    outer loop
      vertex -35.4015 -60.7094 3
      vertex -35.5471 -60.6635 0
      vertex -35.4015 -60.7094 0
    endloop
  endfacet
  facet normal 0.737208 -0.675665 0
    outer loop
      vertex -37.3406 -61.229 3
      vertex -37.2374 -61.1164 0
      vertex -37.2374 -61.1164 3
    endloop
  endfacet
  facet normal 0.737208 -0.675665 0
    outer loop
      vertex -37.2374 -61.1164 0
      vertex -37.3406 -61.229 3
      vertex -37.3406 -61.229 0
    endloop
  endfacet
  facet normal -0.843365 -0.537342 0
    outer loop
      vertex -34.4845 -61.4788 0
      vertex -34.5665 -61.3501 3
      vertex -34.5665 -61.3501 0
    endloop
  endfacet
  facet normal -0.843365 -0.537342 0
    outer loop
      vertex -34.5665 -61.3501 3
      vertex -34.4845 -61.4788 0
      vertex -34.4845 -61.4788 3
    endloop
  endfacet
  facet normal 0.793427 0.608665 0
    outer loop
      vertex -37.3406 -63.4787 3
      vertex -37.4335 -63.3576 0
      vertex -37.4335 -63.3576 3
    endloop
  endfacet
  facet normal 0.793427 0.608665 0
    outer loop
      vertex -37.4335 -63.3576 0
      vertex -37.3406 -63.4787 3
      vertex -37.3406 -63.4787 0
    endloop
  endfacet
  facet normal -0.953731 0.300661 0
    outer loop
      vertex -34.3555 -62.9524 0
      vertex -34.3096 -62.8068 3
      vertex -34.3096 -62.8068 0
    endloop
  endfacet
  facet normal -0.953731 0.300661 0
    outer loop
      vertex -34.3096 -62.8068 3
      vertex -34.3555 -62.9524 0
      vertex -34.3555 -62.9524 3
    endloop
  endfacet
  facet normal -0.976372 0.216098 0
    outer loop
      vertex -34.3096 -62.8068 0
      vertex -34.2766 -62.6577 3
      vertex -34.2766 -62.6577 0
    endloop
  endfacet
  facet normal -0.976372 0.216098 0
    outer loop
      vertex -34.2766 -62.6577 3
      vertex -34.3096 -62.8068 0
      vertex -34.3096 -62.8068 3
    endloop
  endfacet
  facet normal -0.461827 0.88697 0
    outer loop
      vertex -35.125 -63.8694 0
      vertex -35.2604 -63.9399 3
      vertex -35.125 -63.8694 3
    endloop
  endfacet
  facet normal -0.461827 0.88697 0
    outer loop
      vertex -35.2604 -63.9399 3
      vertex -35.125 -63.8694 0
      vertex -35.2604 -63.9399 0
    endloop
  endfacet
  facet normal -0.609078 -0.793111 0
    outer loop
      vertex -34.9962 -60.9203 0
      vertex -34.8751 -61.0133 3
      vertex -34.9962 -60.9203 3
    endloop
  endfacet
  facet normal -0.609078 -0.793111 -0
    outer loop
      vertex -34.8751 -61.0133 3
      vertex -34.9962 -60.9203 0
      vertex -34.8751 -61.0133 0
    endloop
  endfacet
  facet normal 0.675636 0.737236 -0
    outer loop
      vertex -37.1249 -63.6944 0
      vertex -37.2374 -63.5913 3
      vertex -37.1249 -63.6944 3
    endloop
  endfacet
  facet normal 0.675636 0.737236 0
    outer loop
      vertex -37.2374 -63.5913 3
      vertex -37.1249 -63.6944 0
      vertex -37.2374 -63.5913 0
    endloop
  endfacet
  facet normal 0.609078 -0.793111 0
    outer loop
      vertex -37.1249 -61.0133 0
      vertex -37.0038 -60.9203 3
      vertex -37.1249 -61.0133 3
    endloop
  endfacet
  facet normal 0.609078 -0.793111 0
    outer loop
      vertex -37.0038 -60.9203 3
      vertex -37.1249 -61.0133 0
      vertex -37.0038 -60.9203 0
    endloop
  endfacet
  facet normal -0.0432382 0.999065 0
    outer loop
      vertex -35.8475 -64.0972 0
      vertex -36 -64.1038 3
      vertex -35.8475 -64.0972 3
    endloop
  endfacet
  facet normal -0.0432382 0.999065 0
    outer loop
      vertex -36 -64.1038 3
      vertex -35.8475 -64.0972 0
      vertex -36 -64.1038 0
    endloop
  endfacet
  facet normal -0.843554 0.537045 0
    outer loop
      vertex -34.5665 -63.3576 0
      vertex -34.4845 -63.2288 3
      vertex -34.4845 -63.2288 0
    endloop
  endfacet
  facet normal -0.843554 0.537045 0
    outer loop
      vertex -34.4845 -63.2288 3
      vertex -34.5665 -63.3576 0
      vertex -34.5665 -63.3576 3
    endloop
  endfacet
  facet normal -0.537511 0.843257 0
    outer loop
      vertex -34.9962 -63.7873 0
      vertex -35.125 -63.8694 3
      vertex -34.9962 -63.7873 3
    endloop
  endfacet
  facet normal -0.537511 0.843257 0
    outer loop
      vertex -35.125 -63.8694 3
      vertex -34.9962 -63.7873 0
      vertex -35.125 -63.8694 0
    endloop
  endfacet
  facet normal -0.461827 -0.88697 0
    outer loop
      vertex -35.2604 -60.7678 0
      vertex -35.125 -60.8383 3
      vertex -35.2604 -60.7678 3
    endloop
  endfacet
  facet normal -0.461827 -0.88697 -0
    outer loop
      vertex -35.125 -60.8383 3
      vertex -35.2604 -60.7678 0
      vertex -35.125 -60.8383 0
    endloop
  endfacet
  facet normal -0.991461 0.130404 0
    outer loop
      vertex -34.2766 -62.6577 0
      vertex -34.2567 -62.5064 3
      vertex -34.2567 -62.5064 0
    endloop
  endfacet
  facet normal -0.991461 0.130404 0
    outer loop
      vertex -34.2567 -62.5064 3
      vertex -34.2766 -62.6577 0
      vertex -34.2766 -62.6577 3
    endloop
  endfacet
  facet normal 0.461827 0.88697 -0
    outer loop
      vertex -36.7396 -63.9399 0
      vertex -36.875 -63.8694 3
      vertex -36.7396 -63.9399 3
    endloop
  endfacet
  facet normal 0.461827 0.88697 0
    outer loop
      vertex -36.875 -63.8694 3
      vertex -36.7396 -63.9399 0
      vertex -36.875 -63.8694 0
    endloop
  endfacet
  facet normal -0.88697 -0.461827 0
    outer loop
      vertex -34.414 -61.6142 0
      vertex -34.4845 -61.4788 3
      vertex -34.4845 -61.4788 0
    endloop
  endfacet
  facet normal -0.88697 -0.461827 0
    outer loop
      vertex -34.4845 -61.4788 3
      vertex -34.414 -61.6142 0
      vertex -34.414 -61.6142 3
    endloop
  endfacet
  facet normal 0.88697 0.461827 0
    outer loop
      vertex -37.5155 -63.2288 3
      vertex -37.586 -63.0934 0
      vertex -37.586 -63.0934 3
    endloop
  endfacet
  facet normal 0.88697 0.461827 0
    outer loop
      vertex -37.586 -63.0934 0
      vertex -37.5155 -63.2288 3
      vertex -37.5155 -63.2288 0
    endloop
  endfacet
  facet normal 0.537045 -0.843554 0
    outer loop
      vertex -37.0038 -60.9203 0
      vertex -36.875 -60.8383 3
      vertex -37.0038 -60.9203 3
    endloop
  endfacet
  facet normal 0.537045 -0.843554 0
    outer loop
      vertex -36.875 -60.8383 3
      vertex -37.0038 -60.9203 0
      vertex -36.875 -60.8383 0
    endloop
  endfacet
  facet normal 0.953731 0.300661 0
    outer loop
      vertex -37.6445 -62.9524 3
      vertex -37.6904 -62.8068 0
      vertex -37.6904 -62.8068 3
    endloop
  endfacet
  facet normal 0.953731 0.300661 0
    outer loop
      vertex -37.6904 -62.8068 0
      vertex -37.6445 -62.9524 3
      vertex -37.6445 -62.9524 0
    endloop
  endfacet
  facet normal 0.675636 -0.737236 0
    outer loop
      vertex -37.2374 -61.1164 0
      vertex -37.1249 -61.0133 3
      vertex -37.2374 -61.1164 3
    endloop
  endfacet
  facet normal 0.675636 -0.737236 0
    outer loop
      vertex -37.1249 -61.0133 3
      vertex -37.2374 -61.1164 0
      vertex -37.1249 -61.0133 0
    endloop
  endfacet
  facet normal 0.793427 -0.608665 0
    outer loop
      vertex -37.4335 -61.3501 3
      vertex -37.3406 -61.229 0
      vertex -37.3406 -61.229 3
    endloop
  endfacet
  facet normal 0.793427 -0.608665 0
    outer loop
      vertex -37.3406 -61.229 0
      vertex -37.4335 -61.3501 3
      vertex -37.4335 -61.3501 0
    endloop
  endfacet
  facet normal 0.976341 -0.216237 0
    outer loop
      vertex -37.7234 -62.0499 3
      vertex -37.6904 -61.9009 0
      vertex -37.6904 -61.9009 3
    endloop
  endfacet
  facet normal 0.976341 -0.216237 0
    outer loop
      vertex -37.6904 -61.9009 0
      vertex -37.7234 -62.0499 3
      vertex -37.7234 -62.0499 0
    endloop
  endfacet
  facet normal 0.999038 0.0438634 0
    outer loop
      vertex -37.7433 -62.5064 3
      vertex -37.75 -62.3538 0
      vertex -37.75 -62.3538 3
    endloop
  endfacet
  facet normal 0.999038 0.0438634 0
    outer loop
      vertex -37.75 -62.3538 0
      vertex -37.7433 -62.5064 3
      vertex -37.7433 -62.5064 0
    endloop
  endfacet
  facet normal 0.843365 -0.537342 0
    outer loop
      vertex -37.5155 -61.4788 3
      vertex -37.4335 -61.3501 0
      vertex -37.4335 -61.3501 3
    endloop
  endfacet
  facet normal 0.843365 -0.537342 0
    outer loop
      vertex -37.4335 -61.3501 0
      vertex -37.5155 -61.4788 3
      vertex -37.5155 -61.4788 0
    endloop
  endfacet
  facet normal 0.0438921 -0.999036 0
    outer loop
      vertex -36.1525 -60.6105 0
      vertex -36 -60.6038 3
      vertex -36.1525 -60.6105 3
    endloop
  endfacet
  facet normal 0.0438921 -0.999036 0
    outer loop
      vertex -36 -60.6038 3
      vertex -36.1525 -60.6105 0
      vertex -36 -60.6038 0
    endloop
  endfacet
  facet normal -0.793427 -0.608665 0
    outer loop
      vertex -34.5665 -61.3501 0
      vertex -34.6594 -61.229 3
      vertex -34.6594 -61.229 0
    endloop
  endfacet
  facet normal -0.793427 -0.608665 0
    outer loop
      vertex -34.6594 -61.229 3
      vertex -34.5665 -61.3501 0
      vertex -34.5665 -61.3501 3
    endloop
  endfacet
  facet normal 0.300661 -0.953731 0
    outer loop
      vertex -36.5985 -60.7094 0
      vertex -36.4529 -60.6635 3
      vertex -36.5985 -60.7094 3
    endloop
  endfacet
  facet normal 0.300661 -0.953731 0
    outer loop
      vertex -36.4529 -60.6635 3
      vertex -36.5985 -60.7094 0
      vertex -36.4529 -60.6635 0
    endloop
  endfacet
  facet normal -0.382429 0.923985 0
    outer loop
      vertex -35.2604 -63.9399 0
      vertex -35.4015 -63.9983 3
      vertex -35.2604 -63.9399 3
    endloop
  endfacet
  facet normal -0.382429 0.923985 0
    outer loop
      vertex -35.4015 -63.9983 3
      vertex -35.2604 -63.9399 0
      vertex -35.4015 -63.9983 0
    endloop
  endfacet
  facet normal -0.300661 0.953731 0
    outer loop
      vertex -35.4015 -63.9983 0
      vertex -35.5471 -64.0442 3
      vertex -35.4015 -63.9983 3
    endloop
  endfacet
  facet normal -0.300661 0.953731 0
    outer loop
      vertex -35.5471 -64.0442 3
      vertex -35.4015 -63.9983 0
      vertex -35.5471 -64.0442 0
    endloop
  endfacet
  facet normal 0.130963 0.991387 -0
    outer loop
      vertex -36.1525 -64.0972 0
      vertex -36.3039 -64.0772 3
      vertex -36.1525 -64.0972 3
    endloop
  endfacet
  facet normal 0.130963 0.991387 0
    outer loop
      vertex -36.3039 -64.0772 3
      vertex -36.1525 -64.0972 0
      vertex -36.3039 -64.0772 0
    endloop
  endfacet
  facet normal -0.216237 0.976341 0
    outer loop
      vertex -35.5471 -64.0442 0
      vertex -35.6961 -64.0772 3
      vertex -35.5471 -64.0442 3
    endloop
  endfacet
  facet normal -0.216237 0.976341 0
    outer loop
      vertex -35.6961 -64.0772 3
      vertex -35.5471 -64.0442 0
      vertex -35.6961 -64.0772 0
    endloop
  endfacet
  facet normal 0.923753 -0.382988 0
    outer loop
      vertex -37.6445 -61.7553 3
      vertex -37.586 -61.6142 0
      vertex -37.586 -61.6142 3
    endloop
  endfacet
  facet normal 0.923753 -0.382988 0
    outer loop
      vertex -37.586 -61.6142 0
      vertex -37.6445 -61.7553 3
      vertex -37.6445 -61.7553 0
    endloop
  endfacet
  facet normal 0.737208 0.675665 0
    outer loop
      vertex -37.2374 -63.5913 3
      vertex -37.3406 -63.4787 0
      vertex -37.3406 -63.4787 3
    endloop
  endfacet
  facet normal 0.737208 0.675665 0
    outer loop
      vertex -37.3406 -63.4787 0
      vertex -37.2374 -63.5913 3
      vertex -37.2374 -63.5913 0
    endloop
  endfacet
  facet normal -0.737208 0.675665 0
    outer loop
      vertex -34.7626 -63.5913 0
      vertex -34.6594 -63.4787 3
      vertex -34.6594 -63.4787 0
    endloop
  endfacet
  facet normal -0.737208 0.675665 0
    outer loop
      vertex -34.6594 -63.4787 3
      vertex -34.7626 -63.5913 0
      vertex -34.7626 -63.5913 3
    endloop
  endfacet
  facet normal 0.991461 0.130404 0
    outer loop
      vertex -37.7234 -62.6577 3
      vertex -37.7433 -62.5064 0
      vertex -37.7433 -62.5064 3
    endloop
  endfacet
  facet normal 0.991461 0.130404 0
    outer loop
      vertex -37.7433 -62.5064 0
      vertex -37.7234 -62.6577 3
      vertex -37.7234 -62.6577 0
    endloop
  endfacet
  facet normal -0.737208 -0.675665 0
    outer loop
      vertex -34.6594 -61.229 0
      vertex -34.7626 -61.1164 3
      vertex -34.7626 -61.1164 0
    endloop
  endfacet
  facet normal -0.737208 -0.675665 0
    outer loop
      vertex -34.7626 -61.1164 3
      vertex -34.6594 -61.229 0
      vertex -34.6594 -61.229 3
    endloop
  endfacet
  facet normal -0.130963 0.991387 0
    outer loop
      vertex -35.6961 -64.0772 0
      vertex -35.8475 -64.0972 3
      vertex -35.6961 -64.0772 3
    endloop
  endfacet
  facet normal -0.130963 0.991387 0
    outer loop
      vertex -35.8475 -64.0972 3
      vertex -35.6961 -64.0772 0
      vertex -35.8475 -64.0972 0
    endloop
  endfacet
  facet normal -0.88697 0.461827 0
    outer loop
      vertex -34.4845 -63.2288 0
      vertex -34.414 -63.0934 3
      vertex -34.414 -63.0934 0
    endloop
  endfacet
  facet normal -0.88697 0.461827 0
    outer loop
      vertex -34.414 -63.0934 3
      vertex -34.4845 -63.2288 0
      vertex -34.4845 -63.2288 3
    endloop
  endfacet
  facet normal -0.216861 -0.976202 0
    outer loop
      vertex -35.6961 -60.6304 0
      vertex -35.5471 -60.6635 3
      vertex -35.6961 -60.6304 3
    endloop
  endfacet
  facet normal -0.216861 -0.976202 -0
    outer loop
      vertex -35.5471 -60.6635 3
      vertex -35.6961 -60.6304 0
      vertex -35.5471 -60.6635 0
    endloop
  endfacet
  facet normal 0.382429 -0.923985 0
    outer loop
      vertex -36.7396 -60.7678 0
      vertex -36.5985 -60.7094 3
      vertex -36.7396 -60.7678 3
    endloop
  endfacet
  facet normal 0.382429 -0.923985 0
    outer loop
      vertex -36.5985 -60.7094 3
      vertex -36.7396 -60.7678 0
      vertex -36.5985 -60.7094 0
    endloop
  endfacet
  facet normal 0.843554 0.537045 0
    outer loop
      vertex -37.4335 -63.3576 3
      vertex -37.5155 -63.2288 0
      vertex -37.5155 -63.2288 3
    endloop
  endfacet
  facet normal 0.843554 0.537045 0
    outer loop
      vertex -37.5155 -63.2288 0
      vertex -37.4335 -63.3576 3
      vertex -37.4335 -63.3576 0
    endloop
  endfacet
  facet normal 0.991472 -0.130319 0
    outer loop
      vertex -37.7433 -62.2013 3
      vertex -37.7234 -62.0499 0
      vertex -37.7234 -62.0499 3
    endloop
  endfacet
  facet normal 0.991472 -0.130319 0
    outer loop
      vertex -37.7234 -62.0499 0
      vertex -37.7433 -62.2013 3
      vertex -37.7433 -62.2013 0
    endloop
  endfacet
  facet normal 0.999036 -0.0438921 0
    outer loop
      vertex -37.75 -62.3538 3
      vertex -37.7433 -62.2013 0
      vertex -37.7433 -62.2013 3
    endloop
  endfacet
  facet normal 0.999036 -0.0438921 0
    outer loop
      vertex -37.7433 -62.2013 0
      vertex -37.75 -62.3538 3
      vertex -37.75 -62.3538 0
    endloop
  endfacet
  facet normal 0.300661 0.953731 -0
    outer loop
      vertex -36.4529 -64.0442 0
      vertex -36.5985 -63.9983 3
      vertex -36.4529 -64.0442 3
    endloop
  endfacet
  facet normal 0.300661 0.953731 0
    outer loop
      vertex -36.5985 -63.9983 3
      vertex -36.4529 -64.0442 0
      vertex -36.5985 -63.9983 0
    endloop
  endfacet
  facet normal 0.976372 0.216098 0
    outer loop
      vertex -37.6904 -62.8068 3
      vertex -37.7234 -62.6577 0
      vertex -37.7234 -62.6577 3
    endloop
  endfacet
  facet normal 0.976372 0.216098 0
    outer loop
      vertex -37.7234 -62.6577 0
      vertex -37.6904 -62.8068 3
      vertex -37.6904 -62.8068 0
    endloop
  endfacet
  facet normal -0.608665 0.793427 0
    outer loop
      vertex -34.8751 -63.6944 0
      vertex -34.9962 -63.7873 3
      vertex -34.8751 -63.6944 3
    endloop
  endfacet
  facet normal -0.608665 0.793427 0
    outer loop
      vertex -34.9962 -63.7873 3
      vertex -34.8751 -63.6944 0
      vertex -34.9962 -63.7873 0
    endloop
  endfacet
  facet normal 0.88697 -0.461827 0
    outer loop
      vertex -37.586 -61.6142 3
      vertex -37.5155 -61.4788 0
      vertex -37.5155 -61.4788 3
    endloop
  endfacet
  facet normal 0.88697 -0.461827 0
    outer loop
      vertex -37.5155 -61.4788 0
      vertex -37.586 -61.6142 3
      vertex -37.586 -61.6142 0
    endloop
  endfacet
  facet normal 0.382429 0.923985 -0
    outer loop
      vertex -36.5985 -63.9983 0
      vertex -36.7396 -63.9399 3
      vertex -36.5985 -63.9983 3
    endloop
  endfacet
  facet normal 0.382429 0.923985 0
    outer loop
      vertex -36.7396 -63.9399 3
      vertex -36.5985 -63.9983 0
      vertex -36.7396 -63.9399 0
    endloop
  endfacet
  facet normal 0.537511 0.843257 -0
    outer loop
      vertex -36.875 -63.8694 0
      vertex -37.0038 -63.7873 3
      vertex -36.875 -63.8694 3
    endloop
  endfacet
  facet normal 0.537511 0.843257 0
    outer loop
      vertex -37.0038 -63.7873 3
      vertex -36.875 -63.8694 0
      vertex -37.0038 -63.7873 0
    endloop
  endfacet
  facet normal 0.608665 0.793427 -0
    outer loop
      vertex -37.0038 -63.7873 0
      vertex -37.1249 -63.6944 3
      vertex -37.0038 -63.7873 3
    endloop
  endfacet
  facet normal 0.608665 0.793427 0
    outer loop
      vertex -37.1249 -63.6944 3
      vertex -37.0038 -63.7873 0
      vertex -37.1249 -63.6944 0
    endloop
  endfacet
  facet normal -0.461827 -0.88697 0
    outer loop
      vertex 36.7396 -60.7678 0
      vertex 36.875 -60.8383 3
      vertex 36.7396 -60.7678 3
    endloop
  endfacet
  facet normal -0.461827 -0.88697 -0
    outer loop
      vertex 36.875 -60.8383 3
      vertex 36.7396 -60.7678 0
      vertex 36.875 -60.8383 0
    endloop
  endfacet
  facet normal -0.609078 -0.793111 0
    outer loop
      vertex 37.0038 -60.9203 0
      vertex 37.1249 -61.0133 3
      vertex 37.0038 -60.9203 3
    endloop
  endfacet
  facet normal -0.609078 -0.793111 -0
    outer loop
      vertex 37.1249 -61.0133 3
      vertex 37.0038 -60.9203 0
      vertex 37.1249 -61.0133 0
    endloop
  endfacet
  facet normal -0.991472 -0.130319 0
    outer loop
      vertex 37.7433 -62.2013 0
      vertex 37.7234 -62.0499 3
      vertex 37.7234 -62.0499 0
    endloop
  endfacet
  facet normal -0.991472 -0.130319 0
    outer loop
      vertex 37.7234 -62.0499 3
      vertex 37.7433 -62.2013 0
      vertex 37.7433 -62.2013 3
    endloop
  endfacet
  facet normal -0.999036 -0.0438921 0
    outer loop
      vertex 37.75 -62.3538 0
      vertex 37.7433 -62.2013 3
      vertex 37.7433 -62.2013 0
    endloop
  endfacet
  facet normal -0.999036 -0.0438921 0
    outer loop
      vertex 37.7433 -62.2013 3
      vertex 37.75 -62.3538 0
      vertex 37.75 -62.3538 3
    endloop
  endfacet
  facet normal -0.976341 -0.216237 0
    outer loop
      vertex 37.7234 -62.0499 0
      vertex 37.6904 -61.9009 3
      vertex 37.6904 -61.9009 0
    endloop
  endfacet
  facet normal -0.976341 -0.216237 0
    outer loop
      vertex 37.6904 -61.9009 3
      vertex 37.7234 -62.0499 0
      vertex 37.7234 -62.0499 3
    endloop
  endfacet
  facet normal 0.999038 0.0438634 0
    outer loop
      vertex 34.2567 -62.5064 3
      vertex 34.25 -62.3538 0
      vertex 34.25 -62.3538 3
    endloop
  endfacet
  facet normal 0.999038 0.0438634 0
    outer loop
      vertex 34.25 -62.3538 0
      vertex 34.2567 -62.5064 3
      vertex 34.2567 -62.5064 0
    endloop
  endfacet
  facet normal -0.793427 0.608665 0
    outer loop
      vertex 37.3406 -63.4787 0
      vertex 37.4335 -63.3576 3
      vertex 37.4335 -63.3576 0
    endloop
  endfacet
  facet normal -0.793427 0.608665 0
    outer loop
      vertex 37.4335 -63.3576 3
      vertex 37.3406 -63.4787 0
      vertex 37.3406 -63.4787 3
    endloop
  endfacet
  facet normal 0.300661 -0.953731 0
    outer loop
      vertex 35.4015 -60.7094 0
      vertex 35.5471 -60.6635 3
      vertex 35.4015 -60.7094 3
    endloop
  endfacet
  facet normal 0.300661 -0.953731 0
    outer loop
      vertex 35.5471 -60.6635 3
      vertex 35.4015 -60.7094 0
      vertex 35.5471 -60.6635 0
    endloop
  endfacet
  facet normal 0.991461 0.130404 0
    outer loop
      vertex 34.2766 -62.6577 3
      vertex 34.2567 -62.5064 0
      vertex 34.2567 -62.5064 3
    endloop
  endfacet
  facet normal 0.991461 0.130404 0
    outer loop
      vertex 34.2567 -62.5064 0
      vertex 34.2766 -62.6577 3
      vertex 34.2766 -62.6577 0
    endloop
  endfacet
  facet normal 0.843365 -0.537342 0
    outer loop
      vertex 34.4845 -61.4788 3
      vertex 34.5665 -61.3501 0
      vertex 34.5665 -61.3501 3
    endloop
  endfacet
  facet normal 0.843365 -0.537342 0
    outer loop
      vertex 34.5665 -61.3501 0
      vertex 34.4845 -61.4788 3
      vertex 34.4845 -61.4788 0
    endloop
  endfacet
  facet normal 0.675636 0.737236 -0
    outer loop
      vertex 34.8751 -63.6944 0
      vertex 34.7626 -63.5913 3
      vertex 34.8751 -63.6944 3
    endloop
  endfacet
  facet normal 0.675636 0.737236 0
    outer loop
      vertex 34.7626 -63.5913 3
      vertex 34.8751 -63.6944 0
      vertex 34.7626 -63.5913 0
    endloop
  endfacet
  facet normal -0.88697 0.461827 0
    outer loop
      vertex 37.5155 -63.2288 0
      vertex 37.586 -63.0934 3
      vertex 37.586 -63.0934 0
    endloop
  endfacet
  facet normal -0.88697 0.461827 0
    outer loop
      vertex 37.586 -63.0934 3
      vertex 37.5155 -63.2288 0
      vertex 37.5155 -63.2288 3
    endloop
  endfacet
  facet normal 0.843554 0.537045 0
    outer loop
      vertex 34.5665 -63.3576 3
      vertex 34.4845 -63.2288 0
      vertex 34.4845 -63.2288 3
    endloop
  endfacet
  facet normal 0.843554 0.537045 0
    outer loop
      vertex 34.4845 -63.2288 0
      vertex 34.5665 -63.3576 3
      vertex 34.5665 -63.3576 0
    endloop
  endfacet
  facet normal 0.923657 0.38322 0
    outer loop
      vertex 34.414 -63.0934 3
      vertex 34.3555 -62.9524 0
      vertex 34.3555 -62.9524 3
    endloop
  endfacet
  facet normal 0.923657 0.38322 0
    outer loop
      vertex 34.3555 -62.9524 0
      vertex 34.414 -63.0934 3
      vertex 34.414 -63.0934 0
    endloop
  endfacet
  facet normal 0.0438921 -0.999036 0
    outer loop
      vertex 35.8475 -60.6105 0
      vertex 36 -60.6038 3
      vertex 35.8475 -60.6105 3
    endloop
  endfacet
  facet normal 0.0438921 -0.999036 0
    outer loop
      vertex 36 -60.6038 3
      vertex 35.8475 -60.6105 0
      vertex 36 -60.6038 0
    endloop
  endfacet
  facet normal 0.737208 0.675665 0
    outer loop
      vertex 34.7626 -63.5913 3
      vertex 34.6594 -63.4787 0
      vertex 34.6594 -63.4787 3
    endloop
  endfacet
  facet normal 0.737208 0.675665 0
    outer loop
      vertex 34.6594 -63.4787 0
      vertex 34.7626 -63.5913 3
      vertex 34.7626 -63.5913 0
    endloop
  endfacet
  facet normal -0.999038 0.0438634 0
    outer loop
      vertex 37.7433 -62.5064 0
      vertex 37.75 -62.3538 3
      vertex 37.75 -62.3538 0
    endloop
  endfacet
  facet normal -0.999038 0.0438634 0
    outer loop
      vertex 37.75 -62.3538 3
      vertex 37.7433 -62.5064 0
      vertex 37.7433 -62.5064 3
    endloop
  endfacet
  facet normal 0.953731 -0.300661 0
    outer loop
      vertex 34.3096 -61.9009 3
      vertex 34.3555 -61.7553 0
      vertex 34.3555 -61.7553 3
    endloop
  endfacet
  facet normal 0.953731 -0.300661 0
    outer loop
      vertex 34.3555 -61.7553 0
      vertex 34.3096 -61.9009 3
      vertex 34.3096 -61.9009 0
    endloop
  endfacet
  facet normal -0.843554 0.537045 0
    outer loop
      vertex 37.4335 -63.3576 0
      vertex 37.5155 -63.2288 3
      vertex 37.5155 -63.2288 0
    endloop
  endfacet
  facet normal -0.843554 0.537045 0
    outer loop
      vertex 37.5155 -63.2288 3
      vertex 37.4335 -63.3576 0
      vertex 37.4335 -63.3576 3
    endloop
  endfacet
  facet normal 0.382429 0.923985 -0
    outer loop
      vertex 35.4015 -63.9983 0
      vertex 35.2604 -63.9399 3
      vertex 35.4015 -63.9983 3
    endloop
  endfacet
  facet normal 0.382429 0.923985 0
    outer loop
      vertex 35.2604 -63.9399 3
      vertex 35.4015 -63.9983 0
      vertex 35.2604 -63.9399 0
    endloop
  endfacet
  facet normal -0.675636 0.737236 0
    outer loop
      vertex 37.2374 -63.5913 0
      vertex 37.1249 -63.6944 3
      vertex 37.2374 -63.5913 3
    endloop
  endfacet
  facet normal -0.675636 0.737236 0
    outer loop
      vertex 37.1249 -63.6944 3
      vertex 37.2374 -63.5913 0
      vertex 37.1249 -63.6944 0
    endloop
  endfacet
  facet normal 0.976372 0.216098 0
    outer loop
      vertex 34.3096 -62.8068 3
      vertex 34.2766 -62.6577 0
      vertex 34.2766 -62.6577 3
    endloop
  endfacet
  facet normal 0.976372 0.216098 0
    outer loop
      vertex 34.2766 -62.6577 0
      vertex 34.3096 -62.8068 3
      vertex 34.3096 -62.8068 0
    endloop
  endfacet
  facet normal -0.976372 0.216098 0
    outer loop
      vertex 37.6904 -62.8068 0
      vertex 37.7234 -62.6577 3
      vertex 37.7234 -62.6577 0
    endloop
  endfacet
  facet normal -0.976372 0.216098 0
    outer loop
      vertex 37.7234 -62.6577 3
      vertex 37.6904 -62.8068 0
      vertex 37.6904 -62.8068 3
    endloop
  endfacet
  facet normal -0.461827 0.88697 0
    outer loop
      vertex 36.875 -63.8694 0
      vertex 36.7396 -63.9399 3
      vertex 36.875 -63.8694 3
    endloop
  endfacet
  facet normal -0.461827 0.88697 0
    outer loop
      vertex 36.7396 -63.9399 3
      vertex 36.875 -63.8694 0
      vertex 36.7396 -63.9399 0
    endloop
  endfacet
  facet normal 0.976341 -0.216237 0
    outer loop
      vertex 34.2766 -62.0499 3
      vertex 34.3096 -61.9009 0
      vertex 34.3096 -61.9009 3
    endloop
  endfacet
  facet normal 0.976341 -0.216237 0
    outer loop
      vertex 34.3096 -61.9009 0
      vertex 34.2766 -62.0499 3
      vertex 34.2766 -62.0499 0
    endloop
  endfacet
  facet normal -0.608665 0.793427 0
    outer loop
      vertex 37.1249 -63.6944 0
      vertex 37.0038 -63.7873 3
      vertex 37.1249 -63.6944 3
    endloop
  endfacet
  facet normal -0.608665 0.793427 0
    outer loop
      vertex 37.0038 -63.7873 3
      vertex 37.1249 -63.6944 0
      vertex 37.0038 -63.7873 0
    endloop
  endfacet
  facet normal 0.737208 -0.675665 0
    outer loop
      vertex 34.6594 -61.229 3
      vertex 34.7626 -61.1164 0
      vertex 34.7626 -61.1164 3
    endloop
  endfacet
  facet normal 0.737208 -0.675665 0
    outer loop
      vertex 34.7626 -61.1164 0
      vertex 34.6594 -61.229 3
      vertex 34.6594 -61.229 0
    endloop
  endfacet
  facet normal -0.300661 0.953731 0
    outer loop
      vertex 36.5985 -63.9983 0
      vertex 36.4529 -64.0442 3
      vertex 36.5985 -63.9983 3
    endloop
  endfacet
  facet normal -0.300661 0.953731 0
    outer loop
      vertex 36.4529 -64.0442 3
      vertex 36.5985 -63.9983 0
      vertex 36.4529 -64.0442 0
    endloop
  endfacet
  facet normal -0.216861 -0.976202 0
    outer loop
      vertex 36.3039 -60.6304 0
      vertex 36.4529 -60.6635 3
      vertex 36.3039 -60.6304 3
    endloop
  endfacet
  facet normal -0.216861 -0.976202 -0
    outer loop
      vertex 36.4529 -60.6635 3
      vertex 36.3039 -60.6304 0
      vertex 36.4529 -60.6635 0
    endloop
  endfacet
  facet normal -0.130963 0.991387 0
    outer loop
      vertex 36.3039 -64.0772 0
      vertex 36.1525 -64.0972 3
      vertex 36.3039 -64.0772 3
    endloop
  endfacet
  facet normal -0.130963 0.991387 0
    outer loop
      vertex 36.1525 -64.0972 3
      vertex 36.3039 -64.0772 0
      vertex 36.1525 -64.0972 0
    endloop
  endfacet
  facet normal -0.216237 0.976341 0
    outer loop
      vertex 36.4529 -64.0442 0
      vertex 36.3039 -64.0772 3
      vertex 36.4529 -64.0442 3
    endloop
  endfacet
  facet normal -0.216237 0.976341 0
    outer loop
      vertex 36.3039 -64.0772 3
      vertex 36.4529 -64.0442 0
      vertex 36.3039 -64.0772 0
    endloop
  endfacet
  facet normal -0.0432382 0.999065 0
    outer loop
      vertex 36.1525 -64.0972 0
      vertex 36 -64.1038 3
      vertex 36.1525 -64.0972 3
    endloop
  endfacet
  facet normal -0.0432382 0.999065 0
    outer loop
      vertex 36 -64.1038 3
      vertex 36.1525 -64.0972 0
      vertex 36 -64.1038 0
    endloop
  endfacet
  facet normal 0.88697 -0.461827 0
    outer loop
      vertex 34.414 -61.6142 3
      vertex 34.4845 -61.4788 0
      vertex 34.4845 -61.4788 3
    endloop
  endfacet
  facet normal 0.88697 -0.461827 0
    outer loop
      vertex 34.4845 -61.4788 0
      vertex 34.414 -61.6142 3
      vertex 34.414 -61.6142 0
    endloop
  endfacet
  facet normal -0.537045 -0.843554 0
    outer loop
      vertex 36.875 -60.8383 0
      vertex 37.0038 -60.9203 3
      vertex 36.875 -60.8383 3
    endloop
  endfacet
  facet normal -0.537045 -0.843554 -0
    outer loop
      vertex 37.0038 -60.9203 3
      vertex 36.875 -60.8383 0
      vertex 37.0038 -60.9203 0
    endloop
  endfacet
  facet normal -0.130319 -0.991472 0
    outer loop
      vertex 36.1525 -60.6105 0
      vertex 36.3039 -60.6304 3
      vertex 36.1525 -60.6105 3
    endloop
  endfacet
  facet normal -0.130319 -0.991472 -0
    outer loop
      vertex 36.3039 -60.6304 3
      vertex 36.1525 -60.6105 0
      vertex 36.3039 -60.6304 0
    endloop
  endfacet
  facet normal 0.991472 -0.130319 0
    outer loop
      vertex 34.2567 -62.2013 3
      vertex 34.2766 -62.0499 0
      vertex 34.2766 -62.0499 3
    endloop
  endfacet
  facet normal 0.991472 -0.130319 0
    outer loop
      vertex 34.2766 -62.0499 0
      vertex 34.2567 -62.2013 3
      vertex 34.2567 -62.2013 0
    endloop
  endfacet
  facet normal 0.793427 0.608665 0
    outer loop
      vertex 34.6594 -63.4787 3
      vertex 34.5665 -63.3576 0
      vertex 34.5665 -63.3576 3
    endloop
  endfacet
  facet normal 0.793427 0.608665 0
    outer loop
      vertex 34.5665 -63.3576 0
      vertex 34.6594 -63.4787 3
      vertex 34.6594 -63.4787 0
    endloop
  endfacet
  facet normal -0.537511 0.843257 0
    outer loop
      vertex 37.0038 -63.7873 0
      vertex 36.875 -63.8694 3
      vertex 37.0038 -63.7873 3
    endloop
  endfacet
  facet normal -0.537511 0.843257 0
    outer loop
      vertex 36.875 -63.8694 3
      vertex 37.0038 -63.7873 0
      vertex 36.875 -63.8694 0
    endloop
  endfacet
  facet normal -0.737208 0.675665 0
    outer loop
      vertex 37.2374 -63.5913 0
      vertex 37.3406 -63.4787 3
      vertex 37.3406 -63.4787 0
    endloop
  endfacet
  facet normal -0.737208 0.675665 0
    outer loop
      vertex 37.3406 -63.4787 3
      vertex 37.2374 -63.5913 0
      vertex 37.2374 -63.5913 3
    endloop
  endfacet
  facet normal -0.300661 -0.953731 0
    outer loop
      vertex 36.4529 -60.6635 0
      vertex 36.5985 -60.7094 3
      vertex 36.4529 -60.6635 3
    endloop
  endfacet
  facet normal -0.300661 -0.953731 -0
    outer loop
      vertex 36.5985 -60.7094 3
      vertex 36.4529 -60.6635 0
      vertex 36.5985 -60.7094 0
    endloop
  endfacet
  facet normal -0.923753 -0.382988 0
    outer loop
      vertex 37.6445 -61.7553 0
      vertex 37.586 -61.6142 3
      vertex 37.586 -61.6142 0
    endloop
  endfacet
  facet normal -0.923753 -0.382988 0
    outer loop
      vertex 37.586 -61.6142 3
      vertex 37.6445 -61.7553 0
      vertex 37.6445 -61.7553 3
    endloop
  endfacet
  facet normal 0.923753 -0.382988 0
    outer loop
      vertex 34.3555 -61.7553 3
      vertex 34.414 -61.6142 0
      vertex 34.414 -61.6142 3
    endloop
  endfacet
  facet normal 0.923753 -0.382988 0
    outer loop
      vertex 34.414 -61.6142 0
      vertex 34.3555 -61.7553 3
      vertex 34.3555 -61.7553 0
    endloop
  endfacet
  facet normal 0.300661 0.953731 -0
    outer loop
      vertex 35.5471 -64.0442 0
      vertex 35.4015 -63.9983 3
      vertex 35.5471 -64.0442 3
    endloop
  endfacet
  facet normal 0.300661 0.953731 0
    outer loop
      vertex 35.4015 -63.9983 3
      vertex 35.5471 -64.0442 0
      vertex 35.4015 -63.9983 0
    endloop
  endfacet
  facet normal -0.843365 -0.537342 0
    outer loop
      vertex 37.5155 -61.4788 0
      vertex 37.4335 -61.3501 3
      vertex 37.4335 -61.3501 0
    endloop
  endfacet
  facet normal -0.843365 -0.537342 0
    outer loop
      vertex 37.4335 -61.3501 3
      vertex 37.5155 -61.4788 0
      vertex 37.5155 -61.4788 3
    endloop
  endfacet
  facet normal 0.609078 -0.793111 0
    outer loop
      vertex 34.8751 -61.0133 0
      vertex 34.9962 -60.9203 3
      vertex 34.8751 -61.0133 3
    endloop
  endfacet
  facet normal 0.609078 -0.793111 0
    outer loop
      vertex 34.9962 -60.9203 3
      vertex 34.8751 -61.0133 0
      vertex 34.9962 -60.9203 0
    endloop
  endfacet
  facet normal -0.382429 -0.923985 0
    outer loop
      vertex 36.5985 -60.7094 0
      vertex 36.7396 -60.7678 3
      vertex 36.5985 -60.7094 3
    endloop
  endfacet
  facet normal -0.382429 -0.923985 -0
    outer loop
      vertex 36.7396 -60.7678 3
      vertex 36.5985 -60.7094 0
      vertex 36.7396 -60.7678 0
    endloop
  endfacet
  facet normal 0.130963 0.991387 -0
    outer loop
      vertex 35.8475 -64.0972 0
      vertex 35.6961 -64.0772 3
      vertex 35.8475 -64.0972 3
    endloop
  endfacet
  facet normal 0.130963 0.991387 0
    outer loop
      vertex 35.6961 -64.0772 3
      vertex 35.8475 -64.0972 0
      vertex 35.6961 -64.0772 0
    endloop
  endfacet
  facet normal 0.382429 -0.923985 0
    outer loop
      vertex 35.2604 -60.7678 0
      vertex 35.4015 -60.7094 3
      vertex 35.2604 -60.7678 3
    endloop
  endfacet
  facet normal 0.382429 -0.923985 0
    outer loop
      vertex 35.4015 -60.7094 3
      vertex 35.2604 -60.7678 0
      vertex 35.4015 -60.7094 0
    endloop
  endfacet
  facet normal 0.675636 -0.737236 0
    outer loop
      vertex 34.7626 -61.1164 0
      vertex 34.8751 -61.0133 3
      vertex 34.7626 -61.1164 3
    endloop
  endfacet
  facet normal 0.675636 -0.737236 0
    outer loop
      vertex 34.8751 -61.0133 3
      vertex 34.7626 -61.1164 0
      vertex 34.8751 -61.0133 0
    endloop
  endfacet
  facet normal -0.88697 -0.461827 0
    outer loop
      vertex 37.586 -61.6142 0
      vertex 37.5155 -61.4788 3
      vertex 37.5155 -61.4788 0
    endloop
  endfacet
  facet normal -0.88697 -0.461827 0
    outer loop
      vertex 37.5155 -61.4788 3
      vertex 37.586 -61.6142 0
      vertex 37.586 -61.6142 3
    endloop
  endfacet
  facet normal 0.953731 0.300661 0
    outer loop
      vertex 34.3555 -62.9524 3
      vertex 34.3096 -62.8068 0
      vertex 34.3096 -62.8068 3
    endloop
  endfacet
  facet normal 0.953731 0.300661 0
    outer loop
      vertex 34.3096 -62.8068 0
      vertex 34.3555 -62.9524 3
      vertex 34.3555 -62.9524 0
    endloop
  endfacet
  facet normal -0.953731 -0.300661 0
    outer loop
      vertex 37.6904 -61.9009 0
      vertex 37.6445 -61.7553 3
      vertex 37.6445 -61.7553 0
    endloop
  endfacet
  facet normal -0.953731 -0.300661 0
    outer loop
      vertex 37.6445 -61.7553 3
      vertex 37.6904 -61.9009 0
      vertex 37.6904 -61.9009 3
    endloop
  endfacet
  facet normal 0.216861 -0.976202 0
    outer loop
      vertex 35.5471 -60.6635 0
      vertex 35.6961 -60.6304 3
      vertex 35.5471 -60.6635 3
    endloop
  endfacet
  facet normal 0.216861 -0.976202 0
    outer loop
      vertex 35.6961 -60.6304 3
      vertex 35.5471 -60.6635 0
      vertex 35.6961 -60.6304 0
    endloop
  endfacet
  facet normal 0.461827 -0.88697 0
    outer loop
      vertex 35.125 -60.8383 0
      vertex 35.2604 -60.7678 3
      vertex 35.125 -60.8383 3
    endloop
  endfacet
  facet normal 0.461827 -0.88697 0
    outer loop
      vertex 35.2604 -60.7678 3
      vertex 35.125 -60.8383 0
      vertex 35.2604 -60.7678 0
    endloop
  endfacet
  facet normal 0.0432382 0.999065 -0
    outer loop
      vertex 36 -64.1038 0
      vertex 35.8475 -64.0972 3
      vertex 36 -64.1038 3
    endloop
  endfacet
  facet normal 0.0432382 0.999065 0
    outer loop
      vertex 35.8475 -64.0972 3
      vertex 36 -64.1038 0
      vertex 35.8475 -64.0972 0
    endloop
  endfacet
  facet normal -0.923657 0.38322 0
    outer loop
      vertex 37.586 -63.0934 0
      vertex 37.6445 -62.9524 3
      vertex 37.6445 -62.9524 0
    endloop
  endfacet
  facet normal -0.923657 0.38322 0
    outer loop
      vertex 37.6445 -62.9524 3
      vertex 37.586 -63.0934 0
      vertex 37.586 -63.0934 3
    endloop
  endfacet
  facet normal -0.953731 0.300661 0
    outer loop
      vertex 37.6445 -62.9524 0
      vertex 37.6904 -62.8068 3
      vertex 37.6904 -62.8068 0
    endloop
  endfacet
  facet normal -0.953731 0.300661 0
    outer loop
      vertex 37.6904 -62.8068 3
      vertex 37.6445 -62.9524 0
      vertex 37.6445 -62.9524 3
    endloop
  endfacet
  facet normal -0.382429 0.923985 0
    outer loop
      vertex 36.7396 -63.9399 0
      vertex 36.5985 -63.9983 3
      vertex 36.7396 -63.9399 3
    endloop
  endfacet
  facet normal -0.382429 0.923985 0
    outer loop
      vertex 36.5985 -63.9983 3
      vertex 36.7396 -63.9399 0
      vertex 36.5985 -63.9983 0
    endloop
  endfacet
  facet normal 0.130319 -0.991472 0
    outer loop
      vertex 35.6961 -60.6304 0
      vertex 35.8475 -60.6105 3
      vertex 35.6961 -60.6304 3
    endloop
  endfacet
  facet normal 0.130319 -0.991472 0
    outer loop
      vertex 35.8475 -60.6105 3
      vertex 35.6961 -60.6304 0
      vertex 35.8475 -60.6105 0
    endloop
  endfacet
  facet normal 0.793427 -0.608665 0
    outer loop
      vertex 34.5665 -61.3501 3
      vertex 34.6594 -61.229 0
      vertex 34.6594 -61.229 3
    endloop
  endfacet
  facet normal 0.793427 -0.608665 0
    outer loop
      vertex 34.6594 -61.229 0
      vertex 34.5665 -61.3501 3
      vertex 34.5665 -61.3501 0
    endloop
  endfacet
  facet normal -0.991461 0.130404 0
    outer loop
      vertex 37.7234 -62.6577 0
      vertex 37.7433 -62.5064 3
      vertex 37.7433 -62.5064 0
    endloop
  endfacet
  facet normal -0.991461 0.130404 0
    outer loop
      vertex 37.7433 -62.5064 3
      vertex 37.7234 -62.6577 0
      vertex 37.7234 -62.6577 3
    endloop
  endfacet
  facet normal 0.537511 0.843257 -0
    outer loop
      vertex 35.125 -63.8694 0
      vertex 34.9962 -63.7873 3
      vertex 35.125 -63.8694 3
    endloop
  endfacet
  facet normal 0.537511 0.843257 0
    outer loop
      vertex 34.9962 -63.7873 3
      vertex 35.125 -63.8694 0
      vertex 34.9962 -63.7873 0
    endloop
  endfacet
  facet normal -0.0438921 -0.999036 0
    outer loop
      vertex 36 -60.6038 0
      vertex 36.1525 -60.6105 3
      vertex 36 -60.6038 3
    endloop
  endfacet
  facet normal -0.0438921 -0.999036 -0
    outer loop
      vertex 36.1525 -60.6105 3
      vertex 36 -60.6038 0
      vertex 36.1525 -60.6105 0
    endloop
  endfacet
  facet normal -0.793427 -0.608665 0
    outer loop
      vertex 37.4335 -61.3501 0
      vertex 37.3406 -61.229 3
      vertex 37.3406 -61.229 0
    endloop
  endfacet
  facet normal -0.793427 -0.608665 0
    outer loop
      vertex 37.3406 -61.229 3
      vertex 37.4335 -61.3501 0
      vertex 37.4335 -61.3501 3
    endloop
  endfacet
  facet normal 0.608665 0.793427 -0
    outer loop
      vertex 34.9962 -63.7873 0
      vertex 34.8751 -63.6944 3
      vertex 34.9962 -63.7873 3
    endloop
  endfacet
  facet normal 0.608665 0.793427 0
    outer loop
      vertex 34.8751 -63.6944 3
      vertex 34.9962 -63.7873 0
      vertex 34.8751 -63.6944 0
    endloop
  endfacet
  facet normal 0.216237 0.976341 -0
    outer loop
      vertex 35.6961 -64.0772 0
      vertex 35.5471 -64.0442 3
      vertex 35.6961 -64.0772 3
    endloop
  endfacet
  facet normal 0.216237 0.976341 0
    outer loop
      vertex 35.5471 -64.0442 3
      vertex 35.6961 -64.0772 0
      vertex 35.5471 -64.0442 0
    endloop
  endfacet
  facet normal 0.88697 0.461827 0
    outer loop
      vertex 34.4845 -63.2288 3
      vertex 34.414 -63.0934 0
      vertex 34.414 -63.0934 3
    endloop
  endfacet
  facet normal 0.88697 0.461827 0
    outer loop
      vertex 34.414 -63.0934 0
      vertex 34.4845 -63.2288 3
      vertex 34.4845 -63.2288 0
    endloop
  endfacet
  facet normal -0.675636 -0.737236 0
    outer loop
      vertex 37.1249 -61.0133 0
      vertex 37.2374 -61.1164 3
      vertex 37.1249 -61.0133 3
    endloop
  endfacet
  facet normal -0.675636 -0.737236 -0
    outer loop
      vertex 37.2374 -61.1164 3
      vertex 37.1249 -61.0133 0
      vertex 37.2374 -61.1164 0
    endloop
  endfacet
  facet normal -0.737208 -0.675665 0
    outer loop
      vertex 37.3406 -61.229 0
      vertex 37.2374 -61.1164 3
      vertex 37.2374 -61.1164 0
    endloop
  endfacet
  facet normal -0.737208 -0.675665 0
    outer loop
      vertex 37.2374 -61.1164 3
      vertex 37.3406 -61.229 0
      vertex 37.3406 -61.229 3
    endloop
  endfacet
  facet normal 0.999036 -0.0438921 0
    outer loop
      vertex 34.25 -62.3538 3
      vertex 34.2567 -62.2013 0
      vertex 34.2567 -62.2013 3
    endloop
  endfacet
  facet normal 0.999036 -0.0438921 0
    outer loop
      vertex 34.2567 -62.2013 0
      vertex 34.25 -62.3538 3
      vertex 34.25 -62.3538 0
    endloop
  endfacet
  facet normal 0.461827 0.88697 -0
    outer loop
      vertex 35.2604 -63.9399 0
      vertex 35.125 -63.8694 3
      vertex 35.2604 -63.9399 3
    endloop
  endfacet
  facet normal 0.461827 0.88697 0
    outer loop
      vertex 35.125 -63.8694 3
      vertex 35.2604 -63.9399 0
      vertex 35.125 -63.8694 0
    endloop
  endfacet
  facet normal 0.537045 -0.843554 0
    outer loop
      vertex 34.9962 -60.9203 0
      vertex 35.125 -60.8383 3
      vertex 34.9962 -60.9203 3
    endloop
  endfacet
  facet normal 0.537045 -0.843554 0
    outer loop
      vertex 35.125 -60.8383 3
      vertex 34.9962 -60.9203 0
      vertex 35.125 -60.8383 0
    endloop
  endfacet
  facet normal 0.991445 0.130528 0
    outer loop
      vertex 77.7032 6.79815 3
      vertex 76.815 13.5446 0
      vertex 76.815 13.5446 3
    endloop
  endfacet
  facet normal 0.991445 0.130528 0
    outer loop
      vertex 76.815 13.5446 0
      vertex 77.7032 6.79815 3
      vertex 77.7032 6.79815 0
    endloop
  endfacet
  facet normal 0.999048 0.0436174 0
    outer loop
      vertex 78 0 3
      vertex 77.7032 6.79815 0
      vertex 77.7032 6.79815 3
    endloop
  endfacet
  facet normal 0.999048 0.0436174 0
    outer loop
      vertex 77.7032 6.79815 0
      vertex 78 0 3
      vertex 78 0 0
    endloop
  endfacet
  facet normal 0.976296 0.216442 0
    outer loop
      vertex 76.815 13.5446 3
      vertex 75.3422 20.1879 0
      vertex 75.3422 20.1879 3
    endloop
  endfacet
  facet normal 0.976296 0.216442 0
    outer loop
      vertex 75.3422 20.1879 0
      vertex 76.815 13.5446 3
      vertex 76.815 13.5446 0
    endloop
  endfacet
  facet normal 0.608767 0.793349 -0
    outer loop
      vertex 50.1374 59.7515 0
      vertex 44.739 63.8939 3
      vertex 50.1374 59.7515 3
    endloop
  endfacet
  facet normal 0.608767 0.793349 0
    outer loop
      vertex 44.739 63.8939 3
      vertex 50.1374 59.7515 0
      vertex 44.739 63.8939 0
    endloop
  endfacet
  facet normal -0.793349 -0.608767 0
    outer loop
      vertex -59.7515 -50.1374 0
      vertex -63.8939 -44.739 3
      vertex -63.8939 -44.739 0
    endloop
  endfacet
  facet normal -0.793349 -0.608767 0
    outer loop
      vertex -63.8939 -44.739 3
      vertex -59.7515 -50.1374 0
      vertex -59.7515 -50.1374 3
    endloop
  endfacet
  facet normal -0.130528 -0.991445 0
    outer loop
      vertex -13.5446 -76.815 0
      vertex -6.79815 -77.7032 3
      vertex -13.5446 -76.815 3
    endloop
  endfacet
  facet normal -0.130528 -0.991445 -0
    outer loop
      vertex -6.79815 -77.7032 3
      vertex -13.5446 -76.815 0
      vertex -6.79815 -77.7032 0
    endloop
  endfacet
  facet normal 0.737273 0.675595 0
    outer loop
      vertex 59.7515 50.1374 3
      vertex 55.1543 55.1543 0
      vertex 55.1543 55.1543 3
    endloop
  endfacet
  facet normal 0.737273 0.675595 0
    outer loop
      vertex 55.1543 55.1543 0
      vertex 59.7515 50.1374 3
      vertex 59.7515 50.1374 0
    endloop
  endfacet
  facet normal 0.300707 0.953717 -0
    outer loop
      vertex 26.6776 73.296 0
      vertex 20.1879 75.3422 3
      vertex 26.6776 73.296 3
    endloop
  endfacet
  facet normal 0.300707 0.953717 0
    outer loop
      vertex 20.1879 75.3422 3
      vertex 26.6776 73.296 0
      vertex 20.1879 75.3422 0
    endloop
  endfacet
  facet normal -0.976296 0.216442 0
    outer loop
      vertex -76.815 13.5446 0
      vertex -75.3422 20.1879 3
      vertex -75.3422 20.1879 0
    endloop
  endfacet
  facet normal -0.976296 0.216442 0
    outer loop
      vertex -75.3422 20.1879 3
      vertex -76.815 13.5446 0
      vertex -76.815 13.5446 3
    endloop
  endfacet
  facet normal -0.537295 0.843395 0
    outer loop
      vertex -39 67.55 0
      vertex -44.739 63.8939 3
      vertex -39 67.55 3
    endloop
  endfacet
  facet normal -0.537295 0.843395 0
    outer loop
      vertex -44.739 63.8939 3
      vertex -39 67.55 0
      vertex -44.739 63.8939 0
    endloop
  endfacet
  facet normal -0.216442 0.976296 0
    outer loop
      vertex -13.5446 76.815 0
      vertex -20.1879 75.3422 3
      vertex -13.5446 76.815 3
    endloop
  endfacet
  facet normal -0.216442 0.976296 0
    outer loop
      vertex -20.1879 75.3422 3
      vertex -13.5446 76.815 0
      vertex -20.1879 75.3422 0
    endloop
  endfacet
  facet normal 0.130528 -0.991445 0
    outer loop
      vertex 6.79815 -77.7032 0
      vertex 13.5446 -76.815 3
      vertex 6.79815 -77.7032 3
    endloop
  endfacet
  facet normal 0.130528 -0.991445 0
    outer loop
      vertex 13.5446 -76.815 3
      vertex 6.79815 -77.7032 0
      vertex 13.5446 -76.815 0
    endloop
  endfacet
  facet normal 0.999048 -0.0436174 0
    outer loop
      vertex 77.7032 -6.79815 3
      vertex 78 0 0
      vertex 78 0 3
    endloop
  endfacet
  facet normal 0.999048 -0.0436174 0
    outer loop
      vertex 78 0 0
      vertex 77.7032 -6.79815 3
      vertex 77.7032 -6.79815 0
    endloop
  endfacet
  facet normal 0.843395 -0.537295 0
    outer loop
      vertex 63.8939 -44.739 3
      vertex 67.55 -39 0
      vertex 67.55 -39 3
    endloop
  endfacet
  facet normal 0.843395 -0.537295 0
    outer loop
      vertex 67.55 -39 0
      vertex 63.8939 -44.739 3
      vertex 63.8939 -44.739 0
    endloop
  endfacet
  facet normal 0.608767 -0.793349 0
    outer loop
      vertex 44.739 -63.8939 0
      vertex 50.1374 -59.7515 3
      vertex 44.739 -63.8939 3
    endloop
  endfacet
  facet normal 0.608767 -0.793349 0
    outer loop
      vertex 50.1374 -59.7515 3
      vertex 44.739 -63.8939 0
      vertex 50.1374 -59.7515 0
    endloop
  endfacet
  facet normal 0.675595 0.737273 -0
    outer loop
      vertex 55.1543 55.1543 0
      vertex 50.1374 59.7515 3
      vertex 55.1543 55.1543 3
    endloop
  endfacet
  facet normal 0.675595 0.737273 0
    outer loop
      vertex 50.1374 59.7515 3
      vertex 55.1543 55.1543 0
      vertex 50.1374 59.7515 0
    endloop
  endfacet
  facet normal -0.608767 0.793349 0
    outer loop
      vertex -44.739 63.8939 0
      vertex -50.1374 59.7515 3
      vertex -44.739 63.8939 3
    endloop
  endfacet
  facet normal -0.608767 0.793349 0
    outer loop
      vertex -50.1374 59.7515 3
      vertex -44.739 63.8939 0
      vertex -50.1374 59.7515 0
    endloop
  endfacet
  facet normal -0.953717 -0.300707 0
    outer loop
      vertex -73.296 -26.6776 0
      vertex -75.3422 -20.1879 3
      vertex -75.3422 -20.1879 0
    endloop
  endfacet
  facet normal -0.953717 -0.300707 0
    outer loop
      vertex -75.3422 -20.1879 3
      vertex -73.296 -26.6776 0
      vertex -73.296 -26.6776 3
    endloop
  endfacet
  facet normal 0.737273 -0.675595 0
    outer loop
      vertex 55.1543 -55.1543 3
      vertex 59.7515 -50.1374 0
      vertex 59.7515 -50.1374 3
    endloop
  endfacet
  facet normal 0.737273 -0.675595 0
    outer loop
      vertex 59.7515 -50.1374 0
      vertex 55.1543 -55.1543 3
      vertex 55.1543 -55.1543 0
    endloop
  endfacet
  facet normal 0.843395 0.537295 0
    outer loop
      vertex 67.55 39 3
      vertex 63.8939 44.739 0
      vertex 63.8939 44.739 3
    endloop
  endfacet
  facet normal 0.843395 0.537295 0
    outer loop
      vertex 63.8939 44.739 0
      vertex 67.55 39 3
      vertex 67.55 39 0
    endloop
  endfacet
  facet normal -0.843395 -0.537295 0
    outer loop
      vertex -63.8939 -44.739 0
      vertex -67.55 -39 3
      vertex -67.55 -39 0
    endloop
  endfacet
  facet normal -0.843395 -0.537295 0
    outer loop
      vertex -67.55 -39 3
      vertex -63.8939 -44.739 0
      vertex -63.8939 -44.739 3
    endloop
  endfacet
  facet normal 0 0 -1
    outer loop
      vertex -63.9218 -16.3665 0
      vertex -63.8569 -16.4604 0
      vertex -63.8531 -16.4743 0
    endloop
  endfacet
  facet normal 0 0 -1
    outer loop
      vertex -63.9218 -16.3665 0
      vertex -64.61 -13.1985 0
      vertex -63.8569 -16.4604 0
    endloop
  endfacet
  facet normal 0 0 -1
    outer loop
      vertex -64.036 -16.2177 0
      vertex -64.61 -13.1985 0
      vertex -63.9218 -16.3665 0
    endloop
  endfacet
  facet normal 0 0 -1
    outer loop
      vertex -64.1627 -16.0794 0
      vertex -64.61 -13.1985 0
      vertex -64.036 -16.2177 0
    endloop
  endfacet
  facet normal 0 0 -1
    outer loop
      vertex -64.301 -15.9527 0
      vertex -64.61 -13.1985 0
      vertex -64.1627 -16.0794 0
    endloop
  endfacet
  facet normal 0 0 -1
    outer loop
      vertex -64.4498 -15.8385 0
      vertex -64.61 -13.1985 0
      vertex -64.301 -15.9527 0
    endloop
  endfacet
  facet normal 0 0 -1
    outer loop
      vertex -64.608 -15.7377 0
      vertex -64.61 -13.1985 0
      vertex -64.4498 -15.8385 0
    endloop
  endfacet
  facet normal 0 0 -1
    outer loop
      vertex -64.7743 -15.6511 0
      vertex -64.61 -13.1985 0
      vertex -64.608 -15.7377 0
    endloop
  endfacet
  facet normal 0 0 -1
    outer loop
      vertex -64.9476 -15.5794 0
      vertex -64.61 -13.1985 0
      vertex -64.7743 -15.6511 0
    endloop
  endfacet
  facet normal 0 0 -1
    outer loop
      vertex -65.1265 -15.523 0
      vertex -64.61 -13.1985 0
      vertex -64.9476 -15.5794 0
    endloop
  endfacet
  facet normal 0 0 -1
    outer loop
      vertex -65.3096 -15.4824 0
      vertex -64.61 -13.1985 0
      vertex -65.1265 -15.523 0
    endloop
  endfacet
  facet normal 0 0 -1
    outer loop
      vertex -65.4956 -15.4579 0
      vertex -64.61 -13.1985 0
      vertex -65.3096 -15.4824 0
    endloop
  endfacet
  facet normal 0 0 -1
    outer loop
      vertex -65.683 -15.4497 0
      vertex -64.61 -13.1985 0
      vertex -65.4956 -15.4579 0
    endloop
  endfacet
  facet normal 0 0 -1
    outer loop
      vertex -65.8703 -15.4579 0
      vertex -64.61 -13.1985 0
      vertex -65.683 -15.4497 0
    endloop
  endfacet
  facet normal 0 0 -1
    outer loop
      vertex -66.0563 -15.4824 0
      vertex -64.61 -13.1985 0
      vertex -65.8703 -15.4579 0
    endloop
  endfacet
  facet normal -0 0 -1
    outer loop
      vertex -64.61 -13.1985 0
      vertex -66.0563 -15.4824 0
      vertex -64.6309 -13.0959 0
    endloop
  endfacet
  facet normal 0 0 -1
    outer loop
      vertex -66.2394 -15.523 0
      vertex -64.6309 -13.0959 0
      vertex -66.0563 -15.4824 0
    endloop
  endfacet
  facet normal 0 0 -1
    outer loop
      vertex -66.4183 -15.5794 0
      vertex -64.6309 -13.0959 0
      vertex -66.2394 -15.523 0
    endloop
  endfacet
  facet normal 0 0 -1
    outer loop
      vertex -66.5916 -15.6511 0
      vertex -64.6309 -13.0959 0
      vertex -66.4183 -15.5794 0
    endloop
  endfacet
  facet normal -0 0 -1
    outer loop
      vertex -64.6309 -13.0959 0
      vertex -66.5916 -15.6511 0
      vertex -65.2122 -9.79897 0
    endloop
  endfacet
  facet normal 0 0 -1
    outer loop
      vertex -66.758 -15.7377 0
      vertex -65.2122 -9.79897 0
      vertex -66.5916 -15.6511 0
    endloop
  endfacet
  facet normal 0 0 -1
    outer loop
      vertex -66.9161 -15.8385 0
      vertex -65.2122 -9.79897 0
      vertex -66.758 -15.7377 0
    endloop
  endfacet
  facet normal 0 0 -1
    outer loop
      vertex -67.0649 -15.9527 0
      vertex -65.2122 -9.79897 0
      vertex -66.9161 -15.8385 0
    endloop
  endfacet
  facet normal 0 0 -1
    outer loop
      vertex -63.2189 15.6777 0
      vertex -63.1954 15.8572 0
      vertex -63.0853 15.7284 0
    endloop
  endfacet
  facet normal 0 0 -1
    outer loop
      vertex -63.3761 15.6019 0
      vertex -63.1954 15.8572 0
      vertex -63.2189 15.6777 0
    endloop
  endfacet
  facet normal -0 0 -1
    outer loop
      vertex -63.1954 15.8572 0
      vertex -63.3761 15.6019 0
      vertex -63.2967 15.9993 0
    endloop
  endfacet
  facet normal 0 0 -1
    outer loop
      vertex -63.526 15.5127 0
      vertex -63.2967 15.9993 0
      vertex -63.3761 15.6019 0
    endloop
  endfacet
  facet normal -0 0 -1
    outer loop
      vertex -63.2967 15.9993 0
      vertex -63.526 15.5127 0
      vertex -63.3852 16.1496 0
    endloop
  endfacet
  facet normal 0 0 -1
    outer loop
      vertex -63.6676 15.4107 0
      vertex -63.3852 16.1496 0
      vertex -63.526 15.5127 0
    endloop
  endfacet
  facet normal -0 0 -1
    outer loop
      vertex -63.3852 16.1496 0
      vertex -63.6676 15.4107 0
      vertex -63.4603 16.3071 0
    endloop
  endfacet
  facet normal 0 0 -1
    outer loop
      vertex -63.7998 15.2968 0
      vertex -63.4603 16.3071 0
      vertex -63.6676 15.4107 0
    endloop
  endfacet
  facet normal -0 0 -1
    outer loop
      vertex -63.4603 16.3071 0
      vertex -63.7998 15.2968 0
      vertex -63.5214 16.4705 0
    endloop
  endfacet
  facet normal 0 0 -1
    outer loop
      vertex -63.9215 15.1718 0
      vertex -63.5214 16.4705 0
      vertex -63.7998 15.2968 0
    endloop
  endfacet
  facet normal 0 0 -1
    outer loop
      vertex -64.0319 15.0367 0
      vertex -63.5681 16.6387 0
      vertex -63.9215 15.1718 0
    endloop
  endfacet
  facet normal -0 0 -1
    outer loop
      vertex -63.5214 16.4705 0
      vertex -63.9215 15.1718 0
      vertex -63.5681 16.6387 0
    endloop
  endfacet
  facet normal -0 0 -1
    outer loop
      vertex -46.8002 45.3304 0
      vertex -47.0844 45.1997 0
      vertex -46.8169 45.5041 0
    endloop
  endfacet
  facet normal 0 0 -1
    outer loop
      vertex -47.0844 45.1997 0
      vertex -46.8002 45.3304 0
      vertex -46.9103 45.1868 0
    endloop
  endfacet
  facet normal 0 0 -1
    outer loop
      vertex -46.9103 45.1868 0
      vertex -46.8002 45.3304 0
      vertex -46.7693 45.1638 0
    endloop
  endfacet
  facet normal -0 0 -1
    outer loop
      vertex -17.0998 63.5855 0
      vertex -17.2264 63.5656 0
      vertex -17.0777 63.5986 0
    endloop
  endfacet
  facet normal 0 0 -1
    outer loop
      vertex -17.2419 63.4842 0
      vertex -17.2264 63.5656 0
      vertex -17.0998 63.5855 0
    endloop
  endfacet
  facet normal 0 0 -1
    outer loop
      vertex -17.4123 63.5411 0
      vertex -17.2419 63.4842 0
      vertex -17.3745 63.3709 0
    endloop
  endfacet
  facet normal 0 0 -1
    outer loop
      vertex -17.2419 63.4842 0
      vertex -17.4123 63.5411 0
      vertex -17.2264 63.5656 0
    endloop
  endfacet
  facet normal 0 0 -1
    outer loop
      vertex -17.5997 63.533 0
      vertex -17.3745 63.3709 0
      vertex -17.4968 63.2464 0
    endloop
  endfacet
  facet normal 0 0 -1
    outer loop
      vertex -17.3745 63.3709 0
      vertex -17.5997 63.533 0
      vertex -17.4123 63.5411 0
    endloop
  endfacet
  facet normal 0 0 -1
    outer loop
      vertex -17.7871 63.5411 0
      vertex -17.4968 63.2464 0
      vertex -17.6078 63.1118 0
    endloop
  endfacet
  facet normal 0 0 -1
    outer loop
      vertex -17.973 63.5656 0
      vertex -17.6078 63.1118 0
      vertex -17.7066 62.968 0
    endloop
  endfacet
  facet normal 0 0 -1
    outer loop
      vertex -17.4968 63.2464 0
      vertex -17.7871 63.5411 0
      vertex -17.5997 63.533 0
    endloop
  endfacet
  facet normal 0 0 -1
    outer loop
      vertex -18.3286 62.7715 0
      vertex -17.7066 62.968 0
      vertex -17.7926 62.8162 0
    endloop
  endfacet
  facet normal 0 0 -1
    outer loop
      vertex -18.1764 62.6862 0
      vertex -17.7926 62.8162 0
      vertex -17.8649 62.6574 0
    endloop
  endfacet
  facet normal 0 0 -1
    outer loop
      vertex -18.0322 62.5881 0
      vertex -17.8649 62.6574 0
      vertex -17.9215 62.4977 0
    endloop
  endfacet
  facet normal 0 0 -1
    outer loop
      vertex -18.1764 62.6862 0
      vertex -17.8649 62.6574 0
      vertex -18.0322 62.5881 0
    endloop
  endfacet
  facet normal 0 0 -1
    outer loop
      vertex -18.3286 62.7715 0
      vertex -17.7926 62.8162 0
      vertex -18.1764 62.6862 0
    endloop
  endfacet
  facet normal 0 0 -1
    outer loop
      vertex -17.6078 63.1118 0
      vertex -17.973 63.5656 0
      vertex -17.7871 63.5411 0
    endloop
  endfacet
  facet normal -0 0 -1
    outer loop
      vertex -17.7066 62.968 0
      vertex -18.3286 62.7715 0
      vertex -17.973 63.5656 0
    endloop
  endfacet
  facet normal -0 0 -1
    outer loop
      vertex -17.973 63.5656 0
      vertex -18.3286 62.7715 0
      vertex -18.1562 63.6062 0
    endloop
  endfacet
  facet normal 0 0 -1
    outer loop
      vertex -18.4877 62.8431 0
      vertex -18.1562 63.6062 0
      vertex -18.3286 62.7715 0
    endloop
  endfacet
  facet normal -0 0 -1
    outer loop
      vertex -18.1562 63.6062 0
      vertex -18.4877 62.8431 0
      vertex -18.335 63.6626 0
    endloop
  endfacet
  facet normal 0 0 -1
    outer loop
      vertex -18.6525 62.9006 0
      vertex -18.335 63.6626 0
      vertex -18.4877 62.8431 0
    endloop
  endfacet
  facet normal -0 0 -1
    outer loop
      vertex -18.335 63.6626 0
      vertex -18.6525 62.9006 0
      vertex -18.5083 63.7344 0
    endloop
  endfacet
  facet normal 0 0 -1
    outer loop
      vertex -18.8216 62.9436 0
      vertex -18.5083 63.7344 0
      vertex -18.6525 62.9006 0
    endloop
  endfacet
  facet normal -0 0 -1
    outer loop
      vertex -18.5083 63.7344 0
      vertex -18.8216 62.9436 0
      vertex -18.6747 63.821 0
    endloop
  endfacet
  facet normal 0 0 -1
    outer loop
      vertex -18.9938 62.9716 0
      vertex -18.6747 63.821 0
      vertex -18.8216 62.9436 0
    endloop
  endfacet
  facet normal -0 0 -1
    outer loop
      vertex -18.6747 63.821 0
      vertex -18.9938 62.9716 0
      vertex -18.8329 63.9218 0
    endloop
  endfacet
  facet normal 0 0 -1
    outer loop
      vertex -19.1678 62.9845 0
      vertex -18.8329 63.9218 0
      vertex -18.9938 62.9716 0
    endloop
  endfacet
  facet normal -0 0 -1
    outer loop
      vertex -18.8329 63.9218 0
      vertex -19.1678 62.9845 0
      vertex -18.9817 64.036 0
    endloop
  endfacet
  facet normal 0 0 -1
    outer loop
      vertex -19.3422 62.9822 0
      vertex -18.9817 64.036 0
      vertex -19.1678 62.9845 0
    endloop
  endfacet
  facet normal -0 0 -1
    outer loop
      vertex -18.9817 64.036 0
      vertex -19.3422 62.9822 0
      vertex -19.12 64.1627 0
    endloop
  endfacet
  facet normal 0 0 -1
    outer loop
      vertex -19.5158 62.9647 0
      vertex -19.12 64.1627 0
      vertex -19.3422 62.9822 0
    endloop
  endfacet
  facet normal 0 0 -1
    outer loop
      vertex -19.6873 62.9321 0
      vertex -19.12 64.1627 0
      vertex -19.5158 62.9647 0
    endloop
  endfacet
  facet normal -0 0 -1
    outer loop
      vertex -19.12 64.1627 0
      vertex -19.6873 62.9321 0
      vertex -19.2467 64.301 0
    endloop
  endfacet
  facet normal -0 0 -1
    outer loop
      vertex -19.2467 64.301 0
      vertex -19.6873 62.9321 0
      vertex -19.3609 64.4498 0
    endloop
  endfacet
  facet normal 0 0 -1
    outer loop
      vertex -19.8798 62.8765 0
      vertex -19.3609 64.4498 0
      vertex -19.6873 62.9321 0
    endloop
  endfacet
  facet normal -0 0 -1
    outer loop
      vertex -19.3609 64.4498 0
      vertex -19.8798 62.8765 0
      vertex -19.4616 64.608 0
    endloop
  endfacet
  facet normal -0 0 -1
    outer loop
      vertex -19.4616 64.608 0
      vertex -19.8798 62.8765 0
      vertex -19.5483 64.7743 0
    endloop
  endfacet
  facet normal -0 0 -1
    outer loop
      vertex -19.5483 64.7743 0
      vertex -19.8798 62.8765 0
      vertex -19.62 64.9476 0
    endloop
  endfacet
  facet normal 0 0 -1
    outer loop
      vertex -23.0452 61.7865 0
      vertex -19.62 64.9476 0
      vertex -19.8798 62.8765 0
    endloop
  endfacet
  facet normal -0 0 -1
    outer loop
      vertex -19.62 64.9476 0
      vertex -23.0452 61.7865 0
      vertex -19.6764 65.1265 0
    endloop
  endfacet
  facet normal -0 0 -1
    outer loop
      vertex -19.6764 65.1265 0
      vertex -23.0452 61.7865 0
      vertex -19.717 65.3096 0
    endloop
  endfacet
  facet normal -0 0 -1
    outer loop
      vertex -19.717 65.3096 0
      vertex -23.0452 61.7865 0
      vertex -19.7415 65.4956 0
    endloop
  endfacet
  facet normal 0 0 -1
    outer loop
      vertex 19.717 -65.3096 0
      vertex 23.0452 -61.7865 0
      vertex 19.7415 -65.4956 0
    endloop
  endfacet
  facet normal 0 0 -1
    outer loop
      vertex 19.6764 -65.1265 0
      vertex 23.0452 -61.7865 0
      vertex 19.717 -65.3096 0
    endloop
  endfacet
  facet normal 0 0 -1
    outer loop
      vertex 19.62 -64.9476 0
      vertex 23.0452 -61.7865 0
      vertex 19.6764 -65.1265 0
    endloop
  endfacet
  facet normal 0 0 -1
    outer loop
      vertex 23.0452 -61.7865 0
      vertex 19.62 -64.9476 0
      vertex 19.8798 -62.8765 0
    endloop
  endfacet
  facet normal 0 0 -1
    outer loop
      vertex 19.5483 -64.7743 0
      vertex 19.8798 -62.8765 0
      vertex 19.62 -64.9476 0
    endloop
  endfacet
  facet normal 0 0 -1
    outer loop
      vertex 19.4616 -64.608 0
      vertex 19.8798 -62.8765 0
      vertex 19.5483 -64.7743 0
    endloop
  endfacet
  facet normal 0 0 -1
    outer loop
      vertex 19.3609 -64.4498 0
      vertex 19.8798 -62.8765 0
      vertex 19.4616 -64.608 0
    endloop
  endfacet
  facet normal 0 0 -1
    outer loop
      vertex 19.8798 -62.8765 0
      vertex 19.3609 -64.4498 0
      vertex 19.6873 -62.9321 0
    endloop
  endfacet
  facet normal 0 0 -1
    outer loop
      vertex 19.2467 -64.301 0
      vertex 19.6873 -62.9321 0
      vertex 19.3609 -64.4498 0
    endloop
  endfacet
  facet normal 0 0 -1
    outer loop
      vertex 19.12 -64.1627 0
      vertex 19.6873 -62.9321 0
      vertex 19.2467 -64.301 0
    endloop
  endfacet
  facet normal 0 0 -1
    outer loop
      vertex 19.6873 -62.9321 0
      vertex 19.12 -64.1627 0
      vertex 19.5158 -62.9647 0
    endloop
  endfacet
  facet normal 0 0 -1
    outer loop
      vertex 19.5158 -62.9647 0
      vertex 19.12 -64.1627 0
      vertex 19.3422 -62.9822 0
    endloop
  endfacet
  facet normal 0 0 -1
    outer loop
      vertex 18.9817 -64.036 0
      vertex 19.3422 -62.9822 0
      vertex 19.12 -64.1627 0
    endloop
  endfacet
  facet normal 0 0 -1
    outer loop
      vertex 19.3422 -62.9822 0
      vertex 18.9817 -64.036 0
      vertex 19.1678 -62.9845 0
    endloop
  endfacet
  facet normal 0 0 -1
    outer loop
      vertex 18.8329 -63.9218 0
      vertex 19.1678 -62.9845 0
      vertex 18.9817 -64.036 0
    endloop
  endfacet
  facet normal -0 0 -1
    outer loop
      vertex 19.1678 -62.9845 0
      vertex 18.8329 -63.9218 0
      vertex 18.9938 -62.9716 0
    endloop
  endfacet
  facet normal 0 0 -1
    outer loop
      vertex 18.6747 -63.821 0
      vertex 18.9938 -62.9716 0
      vertex 18.8329 -63.9218 0
    endloop
  endfacet
  facet normal -0 0 -1
    outer loop
      vertex 18.9938 -62.9716 0
      vertex 18.6747 -63.821 0
      vertex 18.8216 -62.9436 0
    endloop
  endfacet
  facet normal 0 0 -1
    outer loop
      vertex 18.5083 -63.7344 0
      vertex 18.8216 -62.9436 0
      vertex 18.6747 -63.821 0
    endloop
  endfacet
  facet normal -0 0 -1
    outer loop
      vertex 18.8216 -62.9436 0
      vertex 18.5083 -63.7344 0
      vertex 18.6525 -62.9006 0
    endloop
  endfacet
  facet normal 0 0 -1
    outer loop
      vertex 18.335 -63.6626 0
      vertex 18.6525 -62.9006 0
      vertex 18.5083 -63.7344 0
    endloop
  endfacet
  facet normal -0 0 -1
    outer loop
      vertex 18.6525 -62.9006 0
      vertex 18.335 -63.6626 0
      vertex 18.4877 -62.8431 0
    endloop
  endfacet
  facet normal 0 0 -1
    outer loop
      vertex 18.1562 -63.6062 0
      vertex 18.4877 -62.8431 0
      vertex 18.335 -63.6626 0
    endloop
  endfacet
  facet normal -0 0 -1
    outer loop
      vertex 18.4877 -62.8431 0
      vertex 18.1562 -63.6062 0
      vertex 18.3286 -62.7715 0
    endloop
  endfacet
  facet normal 0 0 -1
    outer loop
      vertex 17.973 -63.5656 0
      vertex 18.3286 -62.7715 0
      vertex 18.1562 -63.6062 0
    endloop
  endfacet
  facet normal 0 0 -1
    outer loop
      vertex 17.7066 -62.968 0
      vertex 18.3286 -62.7715 0
      vertex 17.973 -63.5656 0
    endloop
  endfacet
  facet normal 0 -0 -1
    outer loop
      vertex 17.7926 -62.8162 0
      vertex 18.3286 -62.7715 0
      vertex 17.7066 -62.968 0
    endloop
  endfacet
  facet normal 0 -0 -1
    outer loop
      vertex 17.8649 -62.6574 0
      vertex 18.1764 -62.6862 0
      vertex 17.7926 -62.8162 0
    endloop
  endfacet
  facet normal -0 0 -1
    outer loop
      vertex 18.0322 -62.5881 0
      vertex 17.8649 -62.6574 0
      vertex 17.9215 -62.4977 0
    endloop
  endfacet
  facet normal 0 0 -1
    outer loop
      vertex 18.1764 -62.6862 0
      vertex 17.8649 -62.6574 0
      vertex 18.0322 -62.5881 0
    endloop
  endfacet
  facet normal 0 0 -1
    outer loop
      vertex 17.6078 -63.1118 0
      vertex 17.973 -63.5656 0
      vertex 17.7871 -63.5411 0
    endloop
  endfacet
  facet normal -0 0 -1
    outer loop
      vertex 18.3286 -62.7715 0
      vertex 17.7926 -62.8162 0
      vertex 18.1764 -62.6862 0
    endloop
  endfacet
  facet normal 0 0 -1
    outer loop
      vertex 17.973 -63.5656 0
      vertex 17.6078 -63.1118 0
      vertex 17.7066 -62.968 0
    endloop
  endfacet
  facet normal 0 0 -1
    outer loop
      vertex 17.4968 -63.2464 0
      vertex 17.7871 -63.5411 0
      vertex 17.5997 -63.533 0
    endloop
  endfacet
  facet normal 0 0 -1
    outer loop
      vertex 17.7871 -63.5411 0
      vertex 17.4968 -63.2464 0
      vertex 17.6078 -63.1118 0
    endloop
  endfacet
  facet normal 0 0 -1
    outer loop
      vertex 17.3745 -63.3709 0
      vertex 17.5997 -63.533 0
      vertex 17.4123 -63.5411 0
    endloop
  endfacet
  facet normal 0 0 -1
    outer loop
      vertex 17.5997 -63.533 0
      vertex 17.3745 -63.3709 0
      vertex 17.4968 -63.2464 0
    endloop
  endfacet
  facet normal 0 0 -1
    outer loop
      vertex 17.4123 -63.5411 0
      vertex 17.2419 -63.4842 0
      vertex 17.3745 -63.3709 0
    endloop
  endfacet
  facet normal 0 0 -1
    outer loop
      vertex 17.2264 -63.5656 0
      vertex 17.2419 -63.4842 0
      vertex 17.4123 -63.5411 0
    endloop
  endfacet
  facet normal -0 0 -1
    outer loop
      vertex 17.2264 -63.5656 0
      vertex 17.0998 -63.5855 0
      vertex 17.2419 -63.4842 0
    endloop
  endfacet
  facet normal 0 -0 -1
    outer loop
      vertex 17.0998 -63.5855 0
      vertex 17.2264 -63.5656 0
      vertex 17.0777 -63.5986 0
    endloop
  endfacet
  facet normal 0 0 -1
    outer loop
      vertex 63.5855 17.0998 0
      vertex 63.5656 17.2264 0
      vertex 63.5986 17.0777 0
    endloop
  endfacet
  facet normal 0 0 -1
    outer loop
      vertex 63.3709 17.3745 0
      vertex 63.5411 17.4123 0
      vertex 63.4842 17.2419 0
    endloop
  endfacet
  facet normal 0 0 -1
    outer loop
      vertex 63.5656 17.2264 0
      vertex 63.4842 17.2419 0
      vertex 63.5411 17.4123 0
    endloop
  endfacet
  facet normal 0 0 -1
    outer loop
      vertex 63.4842 17.2419 0
      vertex 63.5656 17.2264 0
      vertex 63.5855 17.0998 0
    endloop
  endfacet
  facet normal 0 0 -1
    outer loop
      vertex 73.4335 -1.00376 0
      vertex 78 0 0
      vertex 77.7032 -6.79815 0
    endloop
  endfacet
  facet normal 0 0 -1
    outer loop
      vertex 65.5145 -7.51712 0
      vertex 77.7032 -6.79815 0
      vertex 76.815 -13.5446 0
    endloop
  endfacet
  facet normal 0 0 -1
    outer loop
      vertex 78 0 0
      vertex 73.6904 -0.452933 0
      vertex 73.7234 -0.303884 0
    endloop
  endfacet
  facet normal 0 0 -1
    outer loop
      vertex 64.3925 -14.2218 0
      vertex 76.815 -13.5446 0
      vertex 75.3422 -20.1879 0
    endloop
  endfacet
  facet normal 0 0 -1
    outer loop
      vertex 73.7433 0.152522 0
      vertex 78 0 0
      vertex 73.75 0 0
    endloop
  endfacet
  facet normal 0 0 -1
    outer loop
      vertex 73.6904 0.452933 0
      vertex 78 0 0
      vertex 73.7234 0.303884 0
    endloop
  endfacet
  facet normal 0 0 -1
    outer loop
      vertex 73.7234 0.303884 0
      vertex 78 0 0
      vertex 73.7433 0.152522 0
    endloop
  endfacet
  facet normal -0 0 -1
    outer loop
      vertex 78 0 0
      vertex 73.7433 -0.152522 0
      vertex 73.75 0 0
    endloop
  endfacet
  facet normal 0 0 -1
    outer loop
      vertex 78 0 0
      vertex 73.7234 -0.303884 0
      vertex 73.7433 -0.152522 0
    endloop
  endfacet
  facet normal 0 0 -1
    outer loop
      vertex 78 0 0
      vertex 73.6445 -0.598535 0
      vertex 73.6904 -0.452933 0
    endloop
  endfacet
  facet normal 0 0 -1
    outer loop
      vertex 78 0 0
      vertex 73.586 -0.739581 0
      vertex 73.6445 -0.598535 0
    endloop
  endfacet
  facet normal 0 0 -1
    outer loop
      vertex 78 0 0
      vertex 73.5155 -0.875 0
      vertex 73.586 -0.739581 0
    endloop
  endfacet
  facet normal 0 0 -1
    outer loop
      vertex 78 0 0
      vertex 73.4335 -1.00376 0
      vertex 73.5155 -0.875 0
    endloop
  endfacet
  facet normal 0 0 -1
    outer loop
      vertex 77.7032 -6.79815 0
      vertex 73.3406 -1.12488 0
      vertex 73.4335 -1.00376 0
    endloop
  endfacet
  facet normal 0 0 -1
    outer loop
      vertex 62.5532 -20.8748 0
      vertex 75.3422 -20.1879 0
      vertex 73.296 -26.6776 0
    endloop
  endfacet
  facet normal 0 0 -1
    outer loop
      vertex 77.7032 -6.79815 0
      vertex 73.2374 -1.23744 0
      vertex 73.3406 -1.12488 0
    endloop
  endfacet
  facet normal 0 0 -1
    outer loop
      vertex 77.7032 -6.79815 0
      vertex 73.1249 -1.34058 0
      vertex 73.2374 -1.23744 0
    endloop
  endfacet
  facet normal 0 0 -1
    outer loop
      vertex 77.7032 -6.79815 0
      vertex 73.0038 -1.43352 0
      vertex 73.1249 -1.34058 0
    endloop
  endfacet
  facet normal 0 0 -1
    outer loop
      vertex 77.7032 -6.79815 0
      vertex 72.875 -1.51554 0
      vertex 73.0038 -1.43352 0
    endloop
  endfacet
  facet normal 0 0 -1
    outer loop
      vertex 77.7032 -6.79815 0
      vertex 72.7396 -1.58604 0
      vertex 72.875 -1.51554 0
    endloop
  endfacet
  facet normal 0 0 -1
    outer loop
      vertex 76.815 -13.5446 0
      vertex 65.0313 -10.9356 0
      vertex 65.0486 -10.8323 0
    endloop
  endfacet
  facet normal 0 0 -1
    outer loop
      vertex 77.7032 -6.79815 0
      vertex 72.5985 -1.64446 0
      vertex 72.7396 -1.58604 0
    endloop
  endfacet
  facet normal 0 -0 -1
    outer loop
      vertex 65.5145 -7.51712 0
      vertex 76.815 -13.5446 0
      vertex 65.0486 -10.8323 0
    endloop
  endfacet
  facet normal 0 0 -1
    outer loop
      vertex 77.7032 -6.79815 0
      vertex 72.4529 -1.69037 0
      vertex 72.5985 -1.64446 0
    endloop
  endfacet
  facet normal 0 0 -1
    outer loop
      vertex 77.7032 -6.79815 0
      vertex 72.3039 -1.72341 0
      vertex 72.4529 -1.69037 0
    endloop
  endfacet
  facet normal 0 -0 -1
    outer loop
      vertex 65.5263 -7.41309 0
      vertex 77.7032 -6.79815 0
      vertex 65.5145 -7.51712 0
    endloop
  endfacet
  facet normal 0 0 -1
    outer loop
      vertex 77.7032 -6.79815 0
      vertex 72.1525 -1.74334 0
      vertex 72.3039 -1.72341 0
    endloop
  endfacet
  facet normal 0 0 -1
    outer loop
      vertex 77.7032 -6.79815 0
      vertex 72 -1.75 0
      vertex 72.1525 -1.74334 0
    endloop
  endfacet
  facet normal -0 0 -1
    outer loop
      vertex 77.7032 -6.79815 0
      vertex 65.5263 -7.41309 0
      vertex 72 -1.75 0
    endloop
  endfacet
  facet normal -0 0 -1
    outer loop
      vertex 72 -1.75 0
      vertex 65.5263 -7.41309 0
      vertex 71.8475 -1.74334 0
    endloop
  endfacet
  facet normal -0 0 -1
    outer loop
      vertex 71.8475 -1.74334 0
      vertex 65.5263 -7.41309 0
      vertex 71.6961 -1.72341 0
    endloop
  endfacet
  facet normal -0 0 -1
    outer loop
      vertex 71.6961 -1.72341 0
      vertex 65.5263 -7.41309 0
      vertex 71.5471 -1.69037 0
    endloop
  endfacet
  facet normal 0 -0 -1
    outer loop
      vertex 65.8181 -4.07806 0
      vertex 71.4015 -1.64446 0
      vertex 65.5263 -7.41309 0
    endloop
  endfacet
  facet normal -0 0 -1
    outer loop
      vertex 71.4015 -1.64446 0
      vertex 65.8181 -4.07806 0
      vertex 71.2604 -1.58604 0
    endloop
  endfacet
  facet normal 0 0 -1
    outer loop
      vertex 61.3366 -24.2174 0
      vertex 73.296 -26.6776 0
      vertex 70.692 -32.9642 0
    endloop
  endfacet
  facet normal -0 0 -1
    outer loop
      vertex 76.815 -13.5446 0
      vertex 64.3925 -14.2218 0
      vertex 65.0313 -10.9356 0
    endloop
  endfacet
  facet normal -0 0 -1
    outer loop
      vertex 71.2604 -1.58604 0
      vertex 65.8181 -4.07806 0
      vertex 71.125 -1.51554 0
    endloop
  endfacet
  facet normal -0 0 -1
    outer loop
      vertex 71.125 -1.51554 0
      vertex 65.8181 -4.07806 0
      vertex 70.9962 -1.43352 0
    endloop
  endfacet
  facet normal 0 -0 -1
    outer loop
      vertex 65.8245 -3.97354 0
      vertex 70.9962 -1.43352 0
      vertex 65.8181 -4.07806 0
    endloop
  endfacet
  facet normal -0 0 -1
    outer loop
      vertex 70.9962 -1.43352 0
      vertex 65.8245 -3.97354 0
      vertex 70.8751 -1.34058 0
    endloop
  endfacet
  facet normal -0 0 -1
    outer loop
      vertex 70.8751 -1.34058 0
      vertex 65.8245 -3.97354 0
      vertex 70.7626 -1.23744 0
    endloop
  endfacet
  facet normal -0 0 -1
    outer loop
      vertex 70.7626 -1.23744 0
      vertex 65.8245 -3.97354 0
      vertex 70.6594 -1.12488 0
    endloop
  endfacet
  facet normal -0 0 -1
    outer loop
      vertex 70.6594 -1.12488 0
      vertex 65.8245 -3.97354 0
      vertex 70.5665 -1.00376 0
    endloop
  endfacet
  facet normal -0 0 -1
    outer loop
      vertex 70.5665 -1.00376 0
      vertex 65.8245 -3.97354 0
      vertex 70.4845 -0.875 0
    endloop
  endfacet
  facet normal 0 -0 -1
    outer loop
      vertex 65.9413 -0.627808 0
      vertex 70.4845 -0.875 0
      vertex 65.8245 -3.97354 0
    endloop
  endfacet
  facet normal 0 0 -1
    outer loop
      vertex 70.25 0 0
      vertex 67.8248 17.4123 0
      vertex 67.833 17.5997 0
    endloop
  endfacet
  facet normal 0 0 -1
    outer loop
      vertex 70.25 0 0
      vertex 67.8003 17.2264 0
      vertex 67.8248 17.4123 0
    endloop
  endfacet
  facet normal -0 0 -1
    outer loop
      vertex 70.2567 -0.152522 0
      vertex 65.9422 -0.523102 0
      vertex 70.25 0 0
    endloop
  endfacet
  facet normal 0 0 -1
    outer loop
      vertex 65.8838 2.82414 0
      vertex 70.25 0 0
      vertex 65.9422 -0.523102 0
    endloop
  endfacet
  facet normal 0 0 -1
    outer loop
      vertex 70.25 0 0
      vertex 67.7597 17.0432 0
      vertex 67.8003 17.2264 0
    endloop
  endfacet
  facet normal 0 0 -1
    outer loop
      vertex 58.5175 -30.4033 0
      vertex 70.692 -32.9642 0
      vertex 67.55 -39 0
    endloop
  endfacet
  facet normal -0 0 -1
    outer loop
      vertex 70.2766 -0.303884 0
      vertex 65.9422 -0.523102 0
      vertex 70.2567 -0.152522 0
    endloop
  endfacet
  facet normal 0 0 -1
    outer loop
      vertex 70.25 0 0
      vertex 67.7033 16.8644 0
      vertex 67.7597 17.0432 0
    endloop
  endfacet
  facet normal 0 0 -1
    outer loop
      vertex 65.6457 6.26836 0
      vertex 70.25 0 0
      vertex 65.8793 2.92874 0
    endloop
  endfacet
  facet normal 0 0 -1
    outer loop
      vertex 70.25 0 0
      vertex 67.6315 16.6911 0
      vertex 67.7033 16.8644 0
    endloop
  endfacet
  facet normal 0 0 -1
    outer loop
      vertex 65.6357 6.37259 0
      vertex 70.25 0 0
      vertex 65.6457 6.26836 0
    endloop
  endfacet
  facet normal 0 0 -1
    outer loop
      vertex 70.25 0 0
      vertex 67.5449 16.5247 0
      vertex 67.6315 16.6911 0
    endloop
  endfacet
  facet normal 0 0 -1
    outer loop
      vertex 65.2277 9.6954 0
      vertex 70.25 0 0
      vertex 65.6357 6.37259 0
    endloop
  endfacet
  facet normal 0 0 -1
    outer loop
      vertex 70.25 0 0
      vertex 67.4441 16.3665 0
      vertex 67.5449 16.5247 0
    endloop
  endfacet
  facet normal 0 0 -1
    outer loop
      vertex 67.4441 16.3665 0
      vertex 65.2277 9.6954 0
      vertex 67.3299 16.2177 0
    endloop
  endfacet
  facet normal 0 0 -1
    outer loop
      vertex 67.3299 16.2177 0
      vertex 65.2277 9.6954 0
      vertex 67.2032 16.0794 0
    endloop
  endfacet
  facet normal 0 0 -1
    outer loop
      vertex 65.2122 9.79897 0
      vertex 67.2032 16.0794 0
      vertex 65.2277 9.6954 0
    endloop
  endfacet
  facet normal 0 0 -1
    outer loop
      vertex 67.2032 16.0794 0
      vertex 65.2122 9.79897 0
      vertex 67.0649 15.9527 0
    endloop
  endfacet
  facet normal 0 0 -1
    outer loop
      vertex 70.25 0 0
      vertex 65.2277 9.6954 0
      vertex 67.4441 16.3665 0
    endloop
  endfacet
  facet normal 0 0 -1
    outer loop
      vertex 65.8793 2.92874 0
      vertex 70.25 0 0
      vertex 65.8838 2.82414 0
    endloop
  endfacet
  facet normal 0 -0 -1
    outer loop
      vertex 65.9422 -0.523102 0
      vertex 70.2766 -0.303884 0
      vertex 65.9413 -0.627808 0
    endloop
  endfacet
  facet normal -0 0 -1
    outer loop
      vertex 70.3096 -0.452933 0
      vertex 65.9413 -0.627808 0
      vertex 70.2766 -0.303884 0
    endloop
  endfacet
  facet normal -0 0 -1
    outer loop
      vertex 70.3555 -0.598535 0
      vertex 65.9413 -0.627808 0
      vertex 70.3096 -0.452933 0
    endloop
  endfacet
  facet normal 0 0 -1
    outer loop
      vertex 70.414 -0.739581 0
      vertex 65.9413 -0.627808 0
      vertex 70.3555 -0.598535 0
    endloop
  endfacet
  facet normal 0 0 -1
    outer loop
      vertex 70.4845 -0.875 0
      vertex 65.9413 -0.627808 0
      vertex 70.414 -0.739581 0
    endloop
  endfacet
  facet normal -0 0 -1
    outer loop
      vertex 71.5471 -1.69037 0
      vertex 65.5263 -7.41309 0
      vertex 71.4015 -1.64446 0
    endloop
  endfacet
  facet normal 0 0 -1
    outer loop
      vertex 75.3422 -20.1879 0
      vertex 64.3445 -14.4164 0
      vertex 64.3925 -14.2218 0
    endloop
  endfacet
  facet normal 0 0 -1
    outer loop
      vertex 75.3422 -20.1879 0
      vertex 63.5756 -17.5044 0
      vertex 63.6044 -17.3323 0
    endloop
  endfacet
  facet normal 0 -0 -1
    outer loop
      vertex 63.6181 -17.1584 0
      vertex 75.3422 -20.1879 0
      vertex 63.6044 -17.3323 0
    endloop
  endfacet
  facet normal 0 0 -1
    outer loop
      vertex 75.3422 -20.1879 0
      vertex 64.2869 -14.5811 0
      vertex 64.3445 -14.4164 0
    endloop
  endfacet
  facet normal 0 0 -1
    outer loop
      vertex 75.3422 -20.1879 0
      vertex 64.2153 -14.7402 0
      vertex 64.2869 -14.5811 0
    endloop
  endfacet
  facet normal 0 0 -1
    outer loop
      vertex 63.6166 -16.9839 0
      vertex 64.2153 -14.7402 0
      vertex 63.6181 -17.1584 0
    endloop
  endfacet
  facet normal 0 0 -1
    outer loop
      vertex 55.0189 -36.3534 0
      vertex 67.55 -39 0
      vertex 63.8939 -44.739 0
    endloop
  endfacet
  facet normal 0 0 -1
    outer loop
      vertex 64.2153 -14.7402 0
      vertex 63.6166 -16.9839 0
      vertex 64.1301 -14.8925 0
    endloop
  endfacet
  facet normal 0 0 -1
    outer loop
      vertex 63.5999 -16.8102 0
      vertex 64.1301 -14.8925 0
      vertex 63.6166 -16.9839 0
    endloop
  endfacet
  facet normal 0 0 -1
    outer loop
      vertex 63.5681 -16.6387 0
      vertex 64.0319 -15.0367 0
      vertex 63.5999 -16.8102 0
    endloop
  endfacet
  facet normal 0 0 -1
    outer loop
      vertex 64.1301 -14.8925 0
      vertex 63.5999 -16.8102 0
      vertex 64.0319 -15.0367 0
    endloop
  endfacet
  facet normal 0 -0 -1
    outer loop
      vertex 64.2153 -14.7402 0
      vertex 75.3422 -20.1879 0
      vertex 63.6181 -17.1584 0
    endloop
  endfacet
  facet normal 0 0 -1
    outer loop
      vertex 75.3422 -20.1879 0
      vertex 63.532 -17.6733 0
      vertex 63.5756 -17.5044 0
    endloop
  endfacet
  facet normal -0 0 -1
    outer loop
      vertex 75.3422 -20.1879 0
      vertex 62.5532 -20.8748 0
      vertex 63.532 -17.6733 0
    endloop
  endfacet
  facet normal 0 0 -1
    outer loop
      vertex 73.296 -26.6776 0
      vertex 62.5199 -20.9741 0
      vertex 62.5532 -20.8748 0
    endloop
  endfacet
  facet normal 0 0 -1
    outer loop
      vertex 73.296 -26.6776 0
      vertex 61.3749 -24.12 0
      vertex 62.5199 -20.9741 0
    endloop
  endfacet
  facet normal 0 0 -1
    outer loop
      vertex 73.296 -26.6776 0
      vertex 61.3366 -24.2174 0
      vertex 61.3749 -24.12 0
    endloop
  endfacet
  facet normal 0 0 -1
    outer loop
      vertex 70.692 -32.9642 0
      vertex 60.0285 -27.299 0
      vertex 61.3366 -24.2174 0
    endloop
  endfacet
  facet normal 0 0 -1
    outer loop
      vertex 70.692 -32.9642 0
      vertex 59.9851 -27.3943 0
      vertex 60.0285 -27.299 0
    endloop
  endfacet
  facet normal 0 0 -1
    outer loop
      vertex 52.9786 -39.2673 0
      vertex 63.8939 -44.739 0
      vertex 59.7515 -50.1374 0
    endloop
  endfacet
  facet normal 0 0 -1
    outer loop
      vertex 70.692 -32.9642 0
      vertex 58.5175 -30.4033 0
      vertex 59.9851 -27.3943 0
    endloop
  endfacet
  facet normal 0 0 -1
    outer loop
      vertex 67.55 -39 0
      vertex 58.4691 -30.4961 0
      vertex 58.5175 -30.4033 0
    endloop
  endfacet
  facet normal 0 0 -1
    outer loop
      vertex 67.55 -39 0
      vertex 56.8461 -33.4241 0
      vertex 58.4691 -30.4961 0
    endloop
  endfacet
  facet normal 0 0 -1
    outer loop
      vertex 67.55 -39 0
      vertex 56.793 -33.5144 0
      vertex 56.8461 -33.4241 0
    endloop
  endfacet
  facet normal 0 0 -1
    outer loop
      vertex 48.6546 -44.5127 0
      vertex 59.7515 -50.1374 0
      vertex 55.1543 -55.1543 0
    endloop
  endfacet
  facet normal 0 0 -1
    outer loop
      vertex 67.55 -39 0
      vertex 55.0189 -36.3534 0
      vertex 56.793 -33.5144 0
    endloop
  endfacet
  facet normal 0 0 -1
    outer loop
      vertex 63.8939 -44.739 0
      vertex 54.9611 -36.4408 0
      vertex 55.0189 -36.3534 0
    endloop
  endfacet
  facet normal 0 0 -1
    outer loop
      vertex 63.8939 -44.739 0
      vertex 53.0409 -39.1831 0
      vertex 54.9611 -36.4408 0
    endloop
  endfacet
  facet normal 0 0 -1
    outer loop
      vertex 63.8939 -44.739 0
      vertex 52.9786 -39.2673 0
      vertex 53.0409 -39.1831 0
    endloop
  endfacet
  facet normal 0 0 -1
    outer loop
      vertex 59.7515 -50.1374 0
      vertex 50.9175 -41.9053 0
      vertex 52.9786 -39.2673 0
    endloop
  endfacet
  facet normal 0 0 -1
    outer loop
      vertex 59.7515 -50.1374 0
      vertex 50.851 -41.9861 0
      vertex 50.9175 -41.9053 0
    endloop
  endfacet
  facet normal 0 0 -1
    outer loop
      vertex 43.7352 -49.3547 0
      vertex 55.1543 -55.1543 0
      vertex 50.1374 -59.7515 0
    endloop
  endfacet
  facet normal 0 0 -1
    outer loop
      vertex 59.7515 -50.1374 0
      vertex 48.6546 -44.5127 0
      vertex 50.851 -41.9861 0
    endloop
  endfacet
  facet normal 0 0 -1
    outer loop
      vertex 55.1543 -55.1543 0
      vertex 48.5157 -44.6572 0
      vertex 48.6546 -44.5127 0
    endloop
  endfacet
  facet normal 0 0 -1
    outer loop
      vertex 55.1543 -55.1543 0
      vertex 48.3836 -44.7711 0
      vertex 48.5157 -44.6572 0
    endloop
  endfacet
  facet normal 0 -0 -1
    outer loop
      vertex 46.5157 -46.6686 0
      vertex 55.1543 -55.1543 0
      vertex 46.4169 -46.8124 0
    endloop
  endfacet
  facet normal 0 -0 -1
    outer loop
      vertex 48.242 -44.8731 0
      vertex 55.1543 -55.1543 0
      vertex 46.5157 -46.6686 0
    endloop
  endfacet
  facet normal 0 -0 -1
    outer loop
      vertex 46.6016 -46.5168 0
      vertex 48.242 -44.8731 0
      vertex 46.5157 -46.6686 0
    endloop
  endfacet
  facet normal 0 0 -1
    outer loop
      vertex 48.242 -44.8731 0
      vertex 46.6016 -46.5168 0
      vertex 48.092 -44.9623 0
    endloop
  endfacet
  facet normal 0 -0 -1
    outer loop
      vertex 46.674 -46.358 0
      vertex 48.092 -44.9623 0
      vertex 46.6016 -46.5168 0
    endloop
  endfacet
  facet normal 0 0 -1
    outer loop
      vertex 48.092 -44.9623 0
      vertex 46.674 -46.358 0
      vertex 47.9349 -45.0381 0
    endloop
  endfacet
  facet normal 0 0 -1
    outer loop
      vertex 47.9349 -45.0381 0
      vertex 46.7322 -46.1935 0
      vertex 47.7717 -45.0999 0
    endloop
  endfacet
  facet normal 0 0 -1
    outer loop
      vertex 47.7717 -45.0999 0
      vertex 46.7759 -46.0246 0
      vertex 47.6038 -45.1473 0
    endloop
  endfacet
  facet normal 0 0 -1
    outer loop
      vertex 47.6038 -45.1473 0
      vertex 46.8047 -45.8525 0
      vertex 47.4324 -45.1799 0
    endloop
  endfacet
  facet normal 0 0 -1
    outer loop
      vertex 46.8169 -45.5041 0
      vertex 47.2588 -45.1974 0
      vertex 46.8184 -45.6786 0
    endloop
  endfacet
  facet normal 0 0 -1
    outer loop
      vertex 47.2588 -45.1974 0
      vertex 46.8169 -45.5041 0
      vertex 47.0844 -45.1997 0
    endloop
  endfacet
  facet normal 0 0 -1
    outer loop
      vertex 47.4324 -45.1799 0
      vertex 46.8184 -45.6786 0
      vertex 47.2588 -45.1974 0
    endloop
  endfacet
  facet normal 0 -0 -1
    outer loop
      vertex 46.8184 -45.6786 0
      vertex 47.4324 -45.1799 0
      vertex 46.8047 -45.8525 0
    endloop
  endfacet
  facet normal 0 -0 -1
    outer loop
      vertex 46.8047 -45.8525 0
      vertex 47.6038 -45.1473 0
      vertex 46.7759 -46.0246 0
    endloop
  endfacet
  facet normal 0 -0 -1
    outer loop
      vertex 46.7759 -46.0246 0
      vertex 47.7717 -45.0999 0
      vertex 46.7322 -46.1935 0
    endloop
  endfacet
  facet normal 0 -0 -1
    outer loop
      vertex 46.7322 -46.1935 0
      vertex 47.9349 -45.0381 0
      vertex 46.674 -46.358 0
    endloop
  endfacet
  facet normal 0 0 -1
    outer loop
      vertex 55.1543 -55.1543 0
      vertex 48.242 -44.8731 0
      vertex 48.3836 -44.7711 0
    endloop
  endfacet
  facet normal 0 0 -1
    outer loop
      vertex 55.1543 -55.1543 0
      vertex 46.3059 -46.9471 0
      vertex 46.4169 -46.8124 0
    endloop
  endfacet
  facet normal 0 0 -1
    outer loop
      vertex 55.1543 -55.1543 0
      vertex 46.1836 -47.0715 0
      vertex 46.3059 -46.9471 0
    endloop
  endfacet
  facet normal 0 0 -1
    outer loop
      vertex 41.0103 -51.6411 0
      vertex 50.1374 -59.7515 0
      vertex 44.739 -63.8939 0
    endloop
  endfacet
  facet normal 0 0 -1
    outer loop
      vertex 55.1543 -55.1543 0
      vertex 43.7352 -49.3547 0
      vertex 46.1836 -47.0715 0
    endloop
  endfacet
  facet normal 0 0 -1
    outer loop
      vertex 50.1374 -59.7515 0
      vertex 43.6568 -49.424 0
      vertex 43.7352 -49.3547 0
    endloop
  endfacet
  facet normal 0 0 -1
    outer loop
      vertex 50.1374 -59.7515 0
      vertex 41.0923 -51.576 0
      vertex 43.6568 -49.424 0
    endloop
  endfacet
  facet normal 0 0 -1
    outer loop
      vertex 50.1374 -59.7515 0
      vertex 41.0103 -51.6411 0
      vertex 41.0923 -51.576 0
    endloop
  endfacet
  facet normal 0 0 -1
    outer loop
      vertex 37.6445 -62.9524 0
      vertex 44.739 -63.8939 0
      vertex 39 -67.55 0
    endloop
  endfacet
  facet normal 0 0 -1
    outer loop
      vertex 37.7234 -62.0499 0
      vertex 44.739 -63.8939 0
      vertex 37.7433 -62.2013 0
    endloop
  endfacet
  facet normal 0 0 -1
    outer loop
      vertex 37.6904 -61.9009 0
      vertex 44.739 -63.8939 0
      vertex 37.7234 -62.0499 0
    endloop
  endfacet
  facet normal 0 0 -1
    outer loop
      vertex 44.739 -63.8939 0
      vertex 37.75 -62.3538 0
      vertex 37.7433 -62.2013 0
    endloop
  endfacet
  facet normal 0 0 -1
    outer loop
      vertex 44.739 -63.8939 0
      vertex 37.7433 -62.5064 0
      vertex 37.75 -62.3538 0
    endloop
  endfacet
  facet normal 0 0 -1
    outer loop
      vertex 44.739 -63.8939 0
      vertex 37.7234 -62.6577 0
      vertex 37.7433 -62.5064 0
    endloop
  endfacet
  facet normal 0 0 -1
    outer loop
      vertex 44.739 -63.8939 0
      vertex 37.6904 -62.8068 0
      vertex 37.7234 -62.6577 0
    endloop
  endfacet
  facet normal 0 0 -1
    outer loop
      vertex 44.739 -63.8939 0
      vertex 37.6445 -62.9524 0
      vertex 37.6904 -62.8068 0
    endloop
  endfacet
  facet normal 0 0 -1
    outer loop
      vertex 39 -67.55 0
      vertex 37.586 -63.0934 0
      vertex 37.6445 -62.9524 0
    endloop
  endfacet
  facet normal 0 0 -1
    outer loop
      vertex 39 -67.55 0
      vertex 37.5155 -63.2288 0
      vertex 37.586 -63.0934 0
    endloop
  endfacet
  facet normal 0 0 -1
    outer loop
      vertex 39 -67.55 0
      vertex 37.4335 -63.3576 0
      vertex 37.5155 -63.2288 0
    endloop
  endfacet
  facet normal 0 0 -1
    outer loop
      vertex 39 -67.55 0
      vertex 37.3406 -63.4787 0
      vertex 37.4335 -63.3576 0
    endloop
  endfacet
  facet normal 0 0 -1
    outer loop
      vertex 39 -67.55 0
      vertex 37.2374 -63.5913 0
      vertex 37.3406 -63.4787 0
    endloop
  endfacet
  facet normal 0 0 -1
    outer loop
      vertex 39 -67.55 0
      vertex 37.1249 -63.6944 0
      vertex 37.2374 -63.5913 0
    endloop
  endfacet
  facet normal 0 0 -1
    outer loop
      vertex 39 -67.55 0
      vertex 37.0038 -63.7873 0
      vertex 37.1249 -63.6944 0
    endloop
  endfacet
  facet normal 0 0 -1
    outer loop
      vertex 39 -67.55 0
      vertex 36.875 -63.8694 0
      vertex 37.0038 -63.7873 0
    endloop
  endfacet
  facet normal 0 0 -1
    outer loop
      vertex 39 -67.55 0
      vertex 36.7396 -63.9399 0
      vertex 36.875 -63.8694 0
    endloop
  endfacet
  facet normal 0 0 -1
    outer loop
      vertex 39 -67.55 0
      vertex 36.5985 -63.9983 0
      vertex 36.7396 -63.9399 0
    endloop
  endfacet
  facet normal 0 0 -1
    outer loop
      vertex 39 -67.55 0
      vertex 36.4529 -64.0442 0
      vertex 36.5985 -63.9983 0
    endloop
  endfacet
  facet normal 0 0 -1
    outer loop
      vertex 39 -67.55 0
      vertex 36.3039 -64.0772 0
      vertex 36.4529 -64.0442 0
    endloop
  endfacet
  facet normal 0 0 -1
    outer loop
      vertex 39 -67.55 0
      vertex 36.1525 -64.0972 0
      vertex 36.3039 -64.0772 0
    endloop
  endfacet
  facet normal 0 0 -1
    outer loop
      vertex 39 -67.55 0
      vertex 36 -64.1038 0
      vertex 36.1525 -64.0972 0
    endloop
  endfacet
  facet normal 0 0 -1
    outer loop
      vertex 39 -67.55 0
      vertex 35.8475 -64.0972 0
      vertex 36 -64.1038 0
    endloop
  endfacet
  facet normal 0 0 -1
    outer loop
      vertex 39 -67.55 0
      vertex 35.6961 -64.0772 0
      vertex 35.8475 -64.0972 0
    endloop
  endfacet
  facet normal 0 0 -1
    outer loop
      vertex 32.9642 -70.692 0
      vertex 35.6961 -64.0772 0
      vertex 39 -67.55 0
    endloop
  endfacet
  facet normal -0 0 -1
    outer loop
      vertex 35.6961 -64.0772 0
      vertex 32.9642 -70.692 0
      vertex 35.5471 -64.0442 0
    endloop
  endfacet
  facet normal -0 0 -1
    outer loop
      vertex 35.5471 -64.0442 0
      vertex 32.9642 -70.692 0
      vertex 35.4015 -63.9983 0
    endloop
  endfacet
  facet normal -0 0 -1
    outer loop
      vertex 35.4015 -63.9983 0
      vertex 32.9642 -70.692 0
      vertex 35.2604 -63.9399 0
    endloop
  endfacet
  facet normal -0 0 -1
    outer loop
      vertex 35.2604 -63.9399 0
      vertex 32.9642 -70.692 0
      vertex 35.125 -63.8694 0
    endloop
  endfacet
  facet normal -0 0 -1
    outer loop
      vertex 35.125 -63.8694 0
      vertex 32.9642 -70.692 0
      vertex 34.9962 -63.7873 0
    endloop
  endfacet
  facet normal -0 0 -1
    outer loop
      vertex 34.9962 -63.7873 0
      vertex 32.9642 -70.692 0
      vertex 34.8751 -63.6944 0
    endloop
  endfacet
  facet normal 0 -0 -1
    outer loop
      vertex 29.3773 -59.0392 0
      vertex 34.2766 -62.6577 0
      vertex 26.3432 -60.454 0
    endloop
  endfacet
  facet normal 0 0 -1
    outer loop
      vertex 34.3096 -62.8068 0
      vertex 26.3432 -60.454 0
      vertex 34.2766 -62.6577 0
    endloop
  endfacet
  facet normal 0 0 -1
    outer loop
      vertex 34.3555 -62.9524 0
      vertex 26.3432 -60.454 0
      vertex 34.3096 -62.8068 0
    endloop
  endfacet
  facet normal 0 0 -1
    outer loop
      vertex 34.414 -63.0934 0
      vertex 26.3432 -60.454 0
      vertex 34.3555 -62.9524 0
    endloop
  endfacet
  facet normal 0 0 -1
    outer loop
      vertex 26.3432 -60.454 0
      vertex 34.414 -63.0934 0
      vertex 32.9642 -70.692 0
    endloop
  endfacet
  facet normal -0 0 -1
    outer loop
      vertex 34.4845 -63.2288 0
      vertex 32.9642 -70.692 0
      vertex 34.414 -63.0934 0
    endloop
  endfacet
  facet normal -0 0 -1
    outer loop
      vertex 34.5665 -63.3576 0
      vertex 32.9642 -70.692 0
      vertex 34.4845 -63.2288 0
    endloop
  endfacet
  facet normal -0 0 -1
    outer loop
      vertex 34.6594 -63.4787 0
      vertex 32.9642 -70.692 0
      vertex 34.5665 -63.3576 0
    endloop
  endfacet
  facet normal -0 0 -1
    outer loop
      vertex 34.7626 -63.5913 0
      vertex 32.9642 -70.692 0
      vertex 34.6594 -63.4787 0
    endloop
  endfacet
  facet normal -0 0 -1
    outer loop
      vertex 34.8751 -63.6944 0
      vertex 32.9642 -70.692 0
      vertex 34.7626 -63.5913 0
    endloop
  endfacet
  facet normal 0 0 -1
    outer loop
      vertex 73.6445 0.598535 0
      vertex 78 0 0
      vertex 73.6904 0.452933 0
    endloop
  endfacet
  facet normal 0 0 -1
    outer loop
      vertex 73.586 0.739581 0
      vertex 78 0 0
      vertex 73.6445 0.598535 0
    endloop
  endfacet
  facet normal 0 0 -1
    outer loop
      vertex 73.5155 0.875 0
      vertex 78 0 0
      vertex 73.586 0.739581 0
    endloop
  endfacet
  facet normal 0 0 -1
    outer loop
      vertex 73.4335 1.00376 0
      vertex 78 0 0
      vertex 73.5155 0.875 0
    endloop
  endfacet
  facet normal 0 0 -1
    outer loop
      vertex 78 0 0
      vertex 73.4335 1.00376 0
      vertex 77.7032 6.79815 0
    endloop
  endfacet
  facet normal 0 0 -1
    outer loop
      vertex 73.3406 1.12488 0
      vertex 77.7032 6.79815 0
      vertex 73.4335 1.00376 0
    endloop
  endfacet
  facet normal 0 0 -1
    outer loop
      vertex 73.2374 1.23744 0
      vertex 77.7032 6.79815 0
      vertex 73.3406 1.12488 0
    endloop
  endfacet
  facet normal 0 0 -1
    outer loop
      vertex 73.1249 1.34058 0
      vertex 77.7032 6.79815 0
      vertex 73.2374 1.23744 0
    endloop
  endfacet
  facet normal 0 0 -1
    outer loop
      vertex 73.0038 1.43352 0
      vertex 77.7032 6.79815 0
      vertex 73.1249 1.34058 0
    endloop
  endfacet
  facet normal 0 0 -1
    outer loop
      vertex 72.875 1.51554 0
      vertex 77.7032 6.79815 0
      vertex 73.0038 1.43352 0
    endloop
  endfacet
  facet normal 0 0 -1
    outer loop
      vertex 72.7396 1.58604 0
      vertex 77.7032 6.79815 0
      vertex 72.875 1.51554 0
    endloop
  endfacet
  facet normal 0 0 -1
    outer loop
      vertex 72.5985 1.64446 0
      vertex 77.7032 6.79815 0
      vertex 72.7396 1.58604 0
    endloop
  endfacet
  facet normal 0 0 -1
    outer loop
      vertex 72.4529 1.69037 0
      vertex 77.7032 6.79815 0
      vertex 72.5985 1.64446 0
    endloop
  endfacet
  facet normal 0 0 -1
    outer loop
      vertex 72.3039 1.72341 0
      vertex 77.7032 6.79815 0
      vertex 72.4529 1.69037 0
    endloop
  endfacet
  facet normal 0 0 -1
    outer loop
      vertex 72.1525 1.74334 0
      vertex 77.7032 6.79815 0
      vertex 72.3039 1.72341 0
    endloop
  endfacet
  facet normal 0 0 -1
    outer loop
      vertex 76.815 13.5446 0
      vertex 67.833 17.5997 0
      vertex 75.3422 20.1879 0
    endloop
  endfacet
  facet normal 0 0 -1
    outer loop
      vertex 72 1.75 0
      vertex 77.7032 6.79815 0
      vertex 72.1525 1.74334 0
    endloop
  endfacet
  facet normal 0 0 -1
    outer loop
      vertex 71.8475 1.74334 0
      vertex 77.7032 6.79815 0
      vertex 72 1.75 0
    endloop
  endfacet
  facet normal 0 0 -1
    outer loop
      vertex 71.6961 1.72341 0
      vertex 77.7032 6.79815 0
      vertex 71.8475 1.74334 0
    endloop
  endfacet
  facet normal -0 0 -1
    outer loop
      vertex 77.7032 6.79815 0
      vertex 71.6961 1.72341 0
      vertex 76.815 13.5446 0
    endloop
  endfacet
  facet normal 0 0 -1
    outer loop
      vertex 71.5471 1.69037 0
      vertex 76.815 13.5446 0
      vertex 71.6961 1.72341 0
    endloop
  endfacet
  facet normal -0 0 -1
    outer loop
      vertex 76.815 13.5446 0
      vertex 71.5471 1.69037 0
      vertex 67.833 17.5997 0
    endloop
  endfacet
  facet normal 0 0 -1
    outer loop
      vertex 67.833 17.5997 0
      vertex 71.5471 1.69037 0
      vertex 71.4015 1.64446 0
    endloop
  endfacet
  facet normal 0 0 -1
    outer loop
      vertex 67.833 17.5997 0
      vertex 71.4015 1.64446 0
      vertex 71.2604 1.58604 0
    endloop
  endfacet
  facet normal 0 0 -1
    outer loop
      vertex 67.833 17.5997 0
      vertex 71.2604 1.58604 0
      vertex 71.125 1.51554 0
    endloop
  endfacet
  facet normal 0 0 -1
    outer loop
      vertex 67.833 17.5997 0
      vertex 71.125 1.51554 0
      vertex 70.9962 1.43352 0
    endloop
  endfacet
  facet normal 0 0 -1
    outer loop
      vertex 67.833 17.5997 0
      vertex 70.9962 1.43352 0
      vertex 70.8751 1.34058 0
    endloop
  endfacet
  facet normal 0 0 -1
    outer loop
      vertex 67.833 17.5997 0
      vertex 70.8751 1.34058 0
      vertex 70.7626 1.23744 0
    endloop
  endfacet
  facet normal 0 0 -1
    outer loop
      vertex 67.8248 17.7871 0
      vertex 75.3422 20.1879 0
      vertex 67.833 17.5997 0
    endloop
  endfacet
  facet normal 0 0 -1
    outer loop
      vertex 67.833 17.5997 0
      vertex 70.7626 1.23744 0
      vertex 70.6594 1.12488 0
    endloop
  endfacet
  facet normal 0 0 -1
    outer loop
      vertex 67.833 17.5997 0
      vertex 70.6594 1.12488 0
      vertex 70.5665 1.00376 0
    endloop
  endfacet
  facet normal 0 0 -1
    outer loop
      vertex 67.833 17.5997 0
      vertex 70.5665 1.00376 0
      vertex 70.4845 0.875 0
    endloop
  endfacet
  facet normal 0 0 -1
    outer loop
      vertex 67.833 17.5997 0
      vertex 70.4845 0.875 0
      vertex 70.414 0.739581 0
    endloop
  endfacet
  facet normal 0 0 -1
    outer loop
      vertex 67.833 17.5997 0
      vertex 70.414 0.739581 0
      vertex 70.3555 0.598535 0
    endloop
  endfacet
  facet normal 0 0 -1
    outer loop
      vertex 67.833 17.5997 0
      vertex 70.3555 0.598535 0
      vertex 70.3096 0.452933 0
    endloop
  endfacet
  facet normal 0 0 -1
    outer loop
      vertex 67.833 17.5997 0
      vertex 70.3096 0.452933 0
      vertex 70.2766 0.303884 0
    endloop
  endfacet
  facet normal 0 0 -1
    outer loop
      vertex 67.833 17.5997 0
      vertex 70.2766 0.303884 0
      vertex 70.2567 0.152522 0
    endloop
  endfacet
  facet normal 0 0 -1
    outer loop
      vertex 67.833 17.5997 0
      vertex 70.2567 0.152522 0
      vertex 70.25 0 0
    endloop
  endfacet
  facet normal 0 0 -1
    outer loop
      vertex 67.8003 17.973 0
      vertex 75.3422 20.1879 0
      vertex 67.8248 17.7871 0
    endloop
  endfacet
  facet normal 0 0 -1
    outer loop
      vertex 67.7597 18.1562 0
      vertex 75.3422 20.1879 0
      vertex 67.8003 17.973 0
    endloop
  endfacet
  facet normal 0 0 -1
    outer loop
      vertex 67.7033 18.335 0
      vertex 75.3422 20.1879 0
      vertex 67.7597 18.1562 0
    endloop
  endfacet
  facet normal 0 0 -1
    outer loop
      vertex 67.6315 18.5083 0
      vertex 75.3422 20.1879 0
      vertex 67.7033 18.335 0
    endloop
  endfacet
  facet normal 0 0 -1
    outer loop
      vertex 67.5449 18.6747 0
      vertex 75.3422 20.1879 0
      vertex 67.6315 18.5083 0
    endloop
  endfacet
  facet normal 0 0 -1
    outer loop
      vertex 67.4441 18.8329 0
      vertex 75.3422 20.1879 0
      vertex 67.5449 18.6747 0
    endloop
  endfacet
  facet normal 0 0 -1
    outer loop
      vertex 67.3299 18.9817 0
      vertex 75.3422 20.1879 0
      vertex 67.4441 18.8329 0
    endloop
  endfacet
  facet normal -0 0 -1
    outer loop
      vertex 75.3422 20.1879 0
      vertex 67.3299 18.9817 0
      vertex 73.296 26.6776 0
    endloop
  endfacet
  facet normal 0 0 -1
    outer loop
      vertex 67.2032 19.12 0
      vertex 73.296 26.6776 0
      vertex 67.3299 18.9817 0
    endloop
  endfacet
  facet normal 0 0 -1
    outer loop
      vertex 67.0649 19.2467 0
      vertex 73.296 26.6776 0
      vertex 67.2032 19.12 0
    endloop
  endfacet
  facet normal 0 0 -1
    outer loop
      vertex 66.9161 19.3609 0
      vertex 73.296 26.6776 0
      vertex 67.0649 19.2467 0
    endloop
  endfacet
  facet normal 0 0 -1
    outer loop
      vertex 66.758 19.4616 0
      vertex 73.296 26.6776 0
      vertex 66.9161 19.3609 0
    endloop
  endfacet
  facet normal 0 0 -1
    outer loop
      vertex 66.5916 19.5483 0
      vertex 73.296 26.6776 0
      vertex 66.758 19.4616 0
    endloop
  endfacet
  facet normal 0 0 -1
    outer loop
      vertex 66.4183 19.62 0
      vertex 73.296 26.6776 0
      vertex 66.5916 19.5483 0
    endloop
  endfacet
  facet normal 0 0 -1
    outer loop
      vertex 66.2394 19.6764 0
      vertex 73.296 26.6776 0
      vertex 66.4183 19.62 0
    endloop
  endfacet
  facet normal 0 0 -1
    outer loop
      vertex 66.0563 19.717 0
      vertex 73.296 26.6776 0
      vertex 66.2394 19.6764 0
    endloop
  endfacet
  facet normal 0 0 -1
    outer loop
      vertex 60.4958 26.2472 0
      vertex 73.296 26.6776 0
      vertex 61.7499 23.1432 0
    endloop
  endfacet
  facet normal 0 0 -1
    outer loop
      vertex 73.296 26.6776 0
      vertex 66.0563 19.717 0
      vertex 61.7499 23.1432 0
    endloop
  endfacet
  facet normal 0 0 -1
    outer loop
      vertex 61.7499 23.1432 0
      vertex 66.0563 19.717 0
      vertex 65.8703 19.7415 0
    endloop
  endfacet
  facet normal 0 0 -1
    outer loop
      vertex 61.7865 23.0452 0
      vertex 65.8703 19.7415 0
      vertex 65.683 19.7497 0
    endloop
  endfacet
  facet normal 0 0 -1
    outer loop
      vertex 61.7865 23.0452 0
      vertex 65.683 19.7497 0
      vertex 65.4956 19.7415 0
    endloop
  endfacet
  facet normal 0 0 -1
    outer loop
      vertex 61.7865 23.0452 0
      vertex 65.4956 19.7415 0
      vertex 65.3096 19.717 0
    endloop
  endfacet
  facet normal 0 0 -1
    outer loop
      vertex 61.7865 23.0452 0
      vertex 65.3096 19.717 0
      vertex 65.1265 19.6764 0
    endloop
  endfacet
  facet normal 0 0 -1
    outer loop
      vertex 61.7865 23.0452 0
      vertex 65.1265 19.6764 0
      vertex 64.9476 19.62 0
    endloop
  endfacet
  facet normal 0 0 -1
    outer loop
      vertex 62.8765 19.8798 0
      vertex 64.9476 19.62 0
      vertex 64.7743 19.5483 0
    endloop
  endfacet
  facet normal 0 0 -1
    outer loop
      vertex 62.8765 19.8798 0
      vertex 64.7743 19.5483 0
      vertex 64.608 19.4616 0
    endloop
  endfacet
  facet normal 0 0 -1
    outer loop
      vertex 62.8765 19.8798 0
      vertex 64.608 19.4616 0
      vertex 64.4498 19.3609 0
    endloop
  endfacet
  facet normal 0 0 -1
    outer loop
      vertex 62.8765 19.8798 0
      vertex 64.4498 19.3609 0
      vertex 64.301 19.2467 0
    endloop
  endfacet
  facet normal 0 0 -1
    outer loop
      vertex 62.9321 19.6873 0
      vertex 64.301 19.2467 0
      vertex 64.1627 19.12 0
    endloop
  endfacet
  facet normal 0 0 -1
    outer loop
      vertex 62.9647 19.5158 0
      vertex 64.1627 19.12 0
      vertex 64.036 18.9817 0
    endloop
  endfacet
  facet normal 0 0 -1
    outer loop
      vertex 62.9845 19.1678 0
      vertex 64.036 18.9817 0
      vertex 63.9218 18.8329 0
    endloop
  endfacet
  facet normal 0 0 -1
    outer loop
      vertex 65.8703 19.7415 0
      vertex 61.7865 23.0452 0
      vertex 61.7499 23.1432 0
    endloop
  endfacet
  facet normal 0 0 -1
    outer loop
      vertex 62.9716 18.9938 0
      vertex 63.9218 18.8329 0
      vertex 63.821 18.6747 0
    endloop
  endfacet
  facet normal 0 0 -1
    outer loop
      vertex 62.9436 18.8216 0
      vertex 63.821 18.6747 0
      vertex 63.7344 18.5083 0
    endloop
  endfacet
  facet normal 0 0 -1
    outer loop
      vertex 62.9006 18.6525 0
      vertex 63.7344 18.5083 0
      vertex 63.6626 18.335 0
    endloop
  endfacet
  facet normal 0 0 -1
    outer loop
      vertex 62.8431 18.4877 0
      vertex 63.6626 18.335 0
      vertex 63.6062 18.1562 0
    endloop
  endfacet
  facet normal 0 0 -1
    outer loop
      vertex 62.7715 18.3286 0
      vertex 63.6062 18.1562 0
      vertex 63.5656 17.973 0
    endloop
  endfacet
  facet normal 0 0 -1
    outer loop
      vertex 63.1118 17.6078 0
      vertex 63.5656 17.973 0
      vertex 63.5411 17.7871 0
    endloop
  endfacet
  facet normal 0 0 -1
    outer loop
      vertex 63.2464 17.4968 0
      vertex 63.5411 17.7871 0
      vertex 63.533 17.5997 0
    endloop
  endfacet
  facet normal -0 0 -1
    outer loop
      vertex 63.5411 17.4123 0
      vertex 63.3709 17.3745 0
      vertex 63.533 17.5997 0
    endloop
  endfacet
  facet normal 0 0 -1
    outer loop
      vertex 63.2464 17.4968 0
      vertex 63.533 17.5997 0
      vertex 63.3709 17.3745 0
    endloop
  endfacet
  facet normal 0 0 -1
    outer loop
      vertex 63.5411 17.7871 0
      vertex 63.2464 17.4968 0
      vertex 63.1118 17.6078 0
    endloop
  endfacet
  facet normal 0 0 -1
    outer loop
      vertex 63.5656 17.973 0
      vertex 63.1118 17.6078 0
      vertex 62.968 17.7066 0
    endloop
  endfacet
  facet normal 0 0 -1
    outer loop
      vertex 64.036 18.9817 0
      vertex 62.9845 19.1678 0
      vertex 62.9822 19.3422 0
    endloop
  endfacet
  facet normal 0 0 -1
    outer loop
      vertex 64.036 18.9817 0
      vertex 62.9822 19.3422 0
      vertex 62.9647 19.5158 0
    endloop
  endfacet
  facet normal 0 0 -1
    outer loop
      vertex 64.1627 19.12 0
      vertex 62.9647 19.5158 0
      vertex 62.9321 19.6873 0
    endloop
  endfacet
  facet normal 0 0 -1
    outer loop
      vertex 64.301 19.2467 0
      vertex 62.9321 19.6873 0
      vertex 62.8765 19.8798 0
    endloop
  endfacet
  facet normal 0 0 -1
    outer loop
      vertex 64.9476 19.62 0
      vertex 62.8765 19.8798 0
      vertex 61.7865 23.0452 0
    endloop
  endfacet
  facet normal -0 0 -1
    outer loop
      vertex 73.296 26.6776 0
      vertex 60.4958 26.2472 0
      vertex 70.692 32.9642 0
    endloop
  endfacet
  facet normal 0 0 -1
    outer loop
      vertex 60.454 26.3432 0
      vertex 70.692 32.9642 0
      vertex 60.4958 26.2472 0
    endloop
  endfacet
  facet normal 0 0 -1
    outer loop
      vertex 59.0392 29.3773 0
      vertex 70.692 32.9642 0
      vertex 60.454 26.3432 0
    endloop
  endfacet
  facet normal 0 0 -1
    outer loop
      vertex 58.9925 29.4711 0
      vertex 70.692 32.9642 0
      vertex 59.0392 29.3773 0
    endloop
  endfacet
  facet normal -0 0 -1
    outer loop
      vertex 70.692 32.9642 0
      vertex 58.9925 29.4711 0
      vertex 67.55 39 0
    endloop
  endfacet
  facet normal 0 0 -1
    outer loop
      vertex 57.4208 32.427 0
      vertex 67.55 39 0
      vertex 58.9925 29.4711 0
    endloop
  endfacet
  facet normal 0 0 -1
    outer loop
      vertex 57.3692 32.5181 0
      vertex 67.55 39 0
      vertex 57.4208 32.427 0
    endloop
  endfacet
  facet normal 0 0 -1
    outer loop
      vertex 55.645 35.3877 0
      vertex 67.55 39 0
      vertex 57.3692 32.5181 0
    endloop
  endfacet
  facet normal -0 0 -1
    outer loop
      vertex 67.55 39 0
      vertex 55.645 35.3877 0
      vertex 63.8939 44.739 0
    endloop
  endfacet
  facet normal 0 0 -1
    outer loop
      vertex 55.5887 35.476 0
      vertex 63.8939 44.739 0
      vertex 55.645 35.3877 0
    endloop
  endfacet
  facet normal 0 0 -1
    outer loop
      vertex 53.7167 38.2514 0
      vertex 63.8939 44.739 0
      vertex 55.5887 35.476 0
    endloop
  endfacet
  facet normal 0 0 -1
    outer loop
      vertex 53.6559 38.3367 0
      vertex 63.8939 44.739 0
      vertex 53.7167 38.2514 0
    endloop
  endfacet
  facet normal 0 0 -1
    outer loop
      vertex 51.6411 41.0103 0
      vertex 63.8939 44.739 0
      vertex 53.6559 38.3367 0
    endloop
  endfacet
  facet normal -0 0 -1
    outer loop
      vertex 63.8939 44.739 0
      vertex 51.6411 41.0103 0
      vertex 59.7515 50.1374 0
    endloop
  endfacet
  facet normal 0 0 -1
    outer loop
      vertex 51.576 41.0923 0
      vertex 59.7515 50.1374 0
      vertex 51.6411 41.0103 0
    endloop
  endfacet
  facet normal 0 0 -1
    outer loop
      vertex 49.424 43.6568 0
      vertex 59.7515 50.1374 0
      vertex 51.576 41.0923 0
    endloop
  endfacet
  facet normal 0 0 -1
    outer loop
      vertex 49.3547 43.7352 0
      vertex 59.7515 50.1374 0
      vertex 49.424 43.6568 0
    endloop
  endfacet
  facet normal -0 0 -1
    outer loop
      vertex 59.7515 50.1374 0
      vertex 49.3547 43.7352 0
      vertex 55.1543 55.1543 0
    endloop
  endfacet
  facet normal 0 0 -1
    outer loop
      vertex 47.0715 46.1836 0
      vertex 55.1543 55.1543 0
      vertex 49.3547 43.7352 0
    endloop
  endfacet
  facet normal 0 0 -1
    outer loop
      vertex 46.9471 46.3059 0
      vertex 55.1543 55.1543 0
      vertex 47.0715 46.1836 0
    endloop
  endfacet
  facet normal 0 0 -1
    outer loop
      vertex 46.8124 46.4169 0
      vertex 55.1543 55.1543 0
      vertex 46.9471 46.3059 0
    endloop
  endfacet
  facet normal 0 0 -1
    outer loop
      vertex 46.6686 46.5157 0
      vertex 55.1543 55.1543 0
      vertex 46.8124 46.4169 0
    endloop
  endfacet
  facet normal 0 0 -1
    outer loop
      vertex 44.8731 48.242 0
      vertex 55.1543 55.1543 0
      vertex 46.6686 46.5157 0
    endloop
  endfacet
  facet normal 0 0 -1
    outer loop
      vertex 44.8731 48.242 0
      vertex 46.6686 46.5157 0
      vertex 46.5168 46.6016 0
    endloop
  endfacet
  facet normal 0 0 -1
    outer loop
      vertex 44.9623 48.092 0
      vertex 46.5168 46.6016 0
      vertex 46.358 46.674 0
    endloop
  endfacet
  facet normal 0 0 -1
    outer loop
      vertex 45.0381 47.9349 0
      vertex 46.358 46.674 0
      vertex 46.1935 46.7322 0
    endloop
  endfacet
  facet normal 0 0 -1
    outer loop
      vertex 45.0999 47.7717 0
      vertex 46.1935 46.7322 0
      vertex 46.0246 46.7759 0
    endloop
  endfacet
  facet normal 0 0 -1
    outer loop
      vertex 45.1473 47.6038 0
      vertex 46.0246 46.7759 0
      vertex 45.8525 46.8047 0
    endloop
  endfacet
  facet normal 0 0 -1
    outer loop
      vertex 45.1799 47.4324 0
      vertex 45.8525 46.8047 0
      vertex 45.6786 46.8184 0
    endloop
  endfacet
  facet normal 0 0 -1
    outer loop
      vertex 45.1974 47.2588 0
      vertex 45.6786 46.8184 0
      vertex 45.5041 46.8169 0
    endloop
  endfacet
  facet normal 0 0 -1
    outer loop
      vertex 45.1997 47.0844 0
      vertex 45.5041 46.8169 0
      vertex 45.3304 46.8002 0
    endloop
  endfacet
  facet normal 0 0 -1
    outer loop
      vertex 45.5041 46.8169 0
      vertex 45.1997 47.0844 0
      vertex 45.1974 47.2588 0
    endloop
  endfacet
  facet normal 0 0 -1
    outer loop
      vertex 45.6786 46.8184 0
      vertex 45.1974 47.2588 0
      vertex 45.1799 47.4324 0
    endloop
  endfacet
  facet normal 0 0 -1
    outer loop
      vertex 45.8525 46.8047 0
      vertex 45.1799 47.4324 0
      vertex 45.1473 47.6038 0
    endloop
  endfacet
  facet normal 0 0 -1
    outer loop
      vertex 46.0246 46.7759 0
      vertex 45.1473 47.6038 0
      vertex 45.0999 47.7717 0
    endloop
  endfacet
  facet normal 0 0 -1
    outer loop
      vertex 46.1935 46.7322 0
      vertex 45.0999 47.7717 0
      vertex 45.0381 47.9349 0
    endloop
  endfacet
  facet normal 0 0 -1
    outer loop
      vertex 46.358 46.674 0
      vertex 45.0381 47.9349 0
      vertex 44.9623 48.092 0
    endloop
  endfacet
  facet normal 0 0 -1
    outer loop
      vertex 46.5168 46.6016 0
      vertex 44.9623 48.092 0
      vertex 44.8731 48.242 0
    endloop
  endfacet
  facet normal 0 0 -1
    outer loop
      vertex 44.7711 48.3836 0
      vertex 55.1543 55.1543 0
      vertex 44.8731 48.242 0
    endloop
  endfacet
  facet normal 0 0 -1
    outer loop
      vertex 44.6572 48.5157 0
      vertex 55.1543 55.1543 0
      vertex 44.7711 48.3836 0
    endloop
  endfacet
  facet normal 0 0 -1
    outer loop
      vertex 44.5127 48.6546 0
      vertex 55.1543 55.1543 0
      vertex 44.6572 48.5157 0
    endloop
  endfacet
  facet normal -0 0 -1
    outer loop
      vertex 55.1543 55.1543 0
      vertex 44.5127 48.6546 0
      vertex 50.1374 59.7515 0
    endloop
  endfacet
  facet normal 0 0 -1
    outer loop
      vertex 41.9861 50.851 0
      vertex 50.1374 59.7515 0
      vertex 44.5127 48.6546 0
    endloop
  endfacet
  facet normal 0 0 -1
    outer loop
      vertex 41.9053 50.9175 0
      vertex 50.1374 59.7515 0
      vertex 41.9861 50.851 0
    endloop
  endfacet
  facet normal 0 0 -1
    outer loop
      vertex 39.2673 52.9786 0
      vertex 50.1374 59.7515 0
      vertex 41.9053 50.9175 0
    endloop
  endfacet
  facet normal -0 0 -1
    outer loop
      vertex 50.1374 59.7515 0
      vertex 39.2673 52.9786 0
      vertex 44.739 63.8939 0
    endloop
  endfacet
  facet normal 0 0 -1
    outer loop
      vertex 39.1831 53.0409 0
      vertex 44.739 63.8939 0
      vertex 39.2673 52.9786 0
    endloop
  endfacet
  facet normal 0 0 -1
    outer loop
      vertex 37.5155 61.4788 0
      vertex 44.739 63.8939 0
      vertex 39.1831 53.0409 0
    endloop
  endfacet
  facet normal 0 -0 -1
    outer loop
      vertex 37.75 62.3538 0
      vertex 44.739 63.8939 0
      vertex 37.7433 62.2013 0
    endloop
  endfacet
  facet normal 0 0 -1
    outer loop
      vertex 37.7433 62.5064 0
      vertex 44.739 63.8939 0
      vertex 37.75 62.3538 0
    endloop
  endfacet
  facet normal 0 0 -1
    outer loop
      vertex 44.739 63.8939 0
      vertex 37.7234 62.0499 0
      vertex 37.7433 62.2013 0
    endloop
  endfacet
  facet normal 0 0 -1
    outer loop
      vertex 44.739 63.8939 0
      vertex 37.6904 61.9009 0
      vertex 37.7234 62.0499 0
    endloop
  endfacet
  facet normal 0 0 -1
    outer loop
      vertex 44.739 63.8939 0
      vertex 37.6445 61.7553 0
      vertex 37.6904 61.9009 0
    endloop
  endfacet
  facet normal 0 0 -1
    outer loop
      vertex 44.739 63.8939 0
      vertex 37.586 61.6142 0
      vertex 37.6445 61.7553 0
    endloop
  endfacet
  facet normal 0 0 -1
    outer loop
      vertex 44.739 63.8939 0
      vertex 37.5155 61.4788 0
      vertex 37.586 61.6142 0
    endloop
  endfacet
  facet normal 0 0 -1
    outer loop
      vertex 39.1831 53.0409 0
      vertex 37.4335 61.3501 0
      vertex 37.5155 61.4788 0
    endloop
  endfacet
  facet normal 0 0 -1
    outer loop
      vertex 39.1831 53.0409 0
      vertex 37.3406 61.229 0
      vertex 37.4335 61.3501 0
    endloop
  endfacet
  facet normal 0 0 -1
    outer loop
      vertex 39.1831 53.0409 0
      vertex 37.2374 61.1164 0
      vertex 37.3406 61.229 0
    endloop
  endfacet
  facet normal 0 0 -1
    outer loop
      vertex 39.1831 53.0409 0
      vertex 37.1249 61.0133 0
      vertex 37.2374 61.1164 0
    endloop
  endfacet
  facet normal 0 0 -1
    outer loop
      vertex 36.4408 54.9611 0
      vertex 37.1249 61.0133 0
      vertex 39.1831 53.0409 0
    endloop
  endfacet
  facet normal 0 0 -1
    outer loop
      vertex 37.1249 61.0133 0
      vertex 36.4408 54.9611 0
      vertex 37.0038 60.9203 0
    endloop
  endfacet
  facet normal 0 0 -1
    outer loop
      vertex 37.0038 60.9203 0
      vertex 36.4408 54.9611 0
      vertex 36.875 60.8383 0
    endloop
  endfacet
  facet normal 0 0 -1
    outer loop
      vertex 36.875 60.8383 0
      vertex 36.4408 54.9611 0
      vertex 36.7396 60.7678 0
    endloop
  endfacet
  facet normal 0 0 -1
    outer loop
      vertex 36.3534 55.0189 0
      vertex 36.7396 60.7678 0
      vertex 36.4408 54.9611 0
    endloop
  endfacet
  facet normal 0 0 -1
    outer loop
      vertex 36.7396 60.7678 0
      vertex 36.3534 55.0189 0
      vertex 36.5985 60.7094 0
    endloop
  endfacet
  facet normal 0 0 -1
    outer loop
      vertex 36.5985 60.7094 0
      vertex 36.3534 55.0189 0
      vertex 36.4529 60.6635 0
    endloop
  endfacet
  facet normal 0 0 -1
    outer loop
      vertex 36.3534 55.0189 0
      vertex 36.3039 60.6304 0
      vertex 36.4529 60.6635 0
    endloop
  endfacet
  facet normal 0 0 -1
    outer loop
      vertex 36.3534 55.0189 0
      vertex 36.1525 60.6105 0
      vertex 36.3039 60.6304 0
    endloop
  endfacet
  facet normal 0 0 -1
    outer loop
      vertex 36.3534 55.0189 0
      vertex 36 60.6038 0
      vertex 36.1525 60.6105 0
    endloop
  endfacet
  facet normal 0 0 -1
    outer loop
      vertex 33.5144 56.793 0
      vertex 36 60.6038 0
      vertex 36.3534 55.0189 0
    endloop
  endfacet
  facet normal -0 0 -1
    outer loop
      vertex 36 60.6038 0
      vertex 33.5144 56.793 0
      vertex 35.8475 60.6105 0
    endloop
  endfacet
  facet normal -0 0 -1
    outer loop
      vertex 35.8475 60.6105 0
      vertex 33.5144 56.793 0
      vertex 35.6961 60.6304 0
    endloop
  endfacet
  facet normal -0 0 -1
    outer loop
      vertex 35.6961 60.6304 0
      vertex 33.5144 56.793 0
      vertex 35.5471 60.6635 0
    endloop
  endfacet
  facet normal -0 0 -1
    outer loop
      vertex 35.5471 60.6635 0
      vertex 33.5144 56.793 0
      vertex 35.4015 60.7094 0
    endloop
  endfacet
  facet normal 0 0 -1
    outer loop
      vertex 33.4241 56.8461 0
      vertex 35.4015 60.7094 0
      vertex 33.5144 56.793 0
    endloop
  endfacet
  facet normal -0 0 -1
    outer loop
      vertex 35.4015 60.7094 0
      vertex 33.4241 56.8461 0
      vertex 35.2604 60.7678 0
    endloop
  endfacet
  facet normal -0 0 -1
    outer loop
      vertex 35.2604 60.7678 0
      vertex 33.4241 56.8461 0
      vertex 35.125 60.8383 0
    endloop
  endfacet
  facet normal -0 0 -1
    outer loop
      vertex 35.125 60.8383 0
      vertex 33.4241 56.8461 0
      vertex 34.9962 60.9203 0
    endloop
  endfacet
  facet normal -0 0 -1
    outer loop
      vertex 34.9962 60.9203 0
      vertex 33.4241 56.8461 0
      vertex 34.8751 61.0133 0
    endloop
  endfacet
  facet normal -0 0 -1
    outer loop
      vertex 34.8751 61.0133 0
      vertex 33.4241 56.8461 0
      vertex 34.7626 61.1164 0
    endloop
  endfacet
  facet normal 0 0 -1
    outer loop
      vertex 30.4961 58.4691 0
      vertex 34.7626 61.1164 0
      vertex 33.4241 56.8461 0
    endloop
  endfacet
  facet normal -0 0 -1
    outer loop
      vertex 34.7626 61.1164 0
      vertex 30.4961 58.4691 0
      vertex 34.6594 61.229 0
    endloop
  endfacet
  facet normal -0 0 -1
    outer loop
      vertex 34.6594 61.229 0
      vertex 30.4961 58.4691 0
      vertex 34.5665 61.3501 0
    endloop
  endfacet
  facet normal -0 0 -1
    outer loop
      vertex 34.5665 61.3501 0
      vertex 30.4961 58.4691 0
      vertex 34.4845 61.4788 0
    endloop
  endfacet
  facet normal -0 0 -1
    outer loop
      vertex 34.3555 61.7553 0
      vertex 30.4033 58.5175 0
      vertex 34.3096 61.9009 0
    endloop
  endfacet
  facet normal 0 0 -1
    outer loop
      vertex 30.4033 58.5175 0
      vertex 34.3555 61.7553 0
      vertex 30.4961 58.4691 0
    endloop
  endfacet
  facet normal -0 0 -1
    outer loop
      vertex 34.414 61.6142 0
      vertex 30.4961 58.4691 0
      vertex 34.3555 61.7553 0
    endloop
  endfacet
  facet normal -0 0 -1
    outer loop
      vertex 34.4845 61.4788 0
      vertex 30.4961 58.4691 0
      vertex 34.414 61.6142 0
    endloop
  endfacet
  facet normal 0 0 -1
    outer loop
      vertex 67.0649 15.9527 0
      vertex 65.2122 9.79897 0
      vertex 66.9161 15.8385 0
    endloop
  endfacet
  facet normal 0 0 -1
    outer loop
      vertex 66.9161 15.8385 0
      vertex 65.2122 9.79897 0
      vertex 66.758 15.7377 0
    endloop
  endfacet
  facet normal 0 0 -1
    outer loop
      vertex 66.758 15.7377 0
      vertex 65.2122 9.79897 0
      vertex 66.5916 15.6511 0
    endloop
  endfacet
  facet normal 0 0 -1
    outer loop
      vertex 64.6309 13.0959 0
      vertex 66.5916 15.6511 0
      vertex 65.2122 9.79897 0
    endloop
  endfacet
  facet normal 0 0 -1
    outer loop
      vertex 66.5916 15.6511 0
      vertex 64.6309 13.0959 0
      vertex 66.4183 15.5794 0
    endloop
  endfacet
  facet normal 0 0 -1
    outer loop
      vertex 66.4183 15.5794 0
      vertex 64.6309 13.0959 0
      vertex 66.2394 15.523 0
    endloop
  endfacet
  facet normal 0 0 -1
    outer loop
      vertex 66.2394 15.523 0
      vertex 64.6309 13.0959 0
      vertex 66.0563 15.4824 0
    endloop
  endfacet
  facet normal 0 0 -1
    outer loop
      vertex 64.61 13.1985 0
      vertex 66.0563 15.4824 0
      vertex 64.6309 13.0959 0
    endloop
  endfacet
  facet normal 0 0 -1
    outer loop
      vertex 66.0563 15.4824 0
      vertex 64.61 13.1985 0
      vertex 65.8703 15.4579 0
    endloop
  endfacet
  facet normal 0 0 -1
    outer loop
      vertex 65.8703 15.4579 0
      vertex 64.61 13.1985 0
      vertex 65.683 15.4497 0
    endloop
  endfacet
  facet normal -0 0 -1
    outer loop
      vertex 65.683 15.4497 0
      vertex 64.61 13.1985 0
      vertex 65.4956 15.4579 0
    endloop
  endfacet
  facet normal -0 0 -1
    outer loop
      vertex 65.4956 15.4579 0
      vertex 64.61 13.1985 0
      vertex 65.3096 15.4824 0
    endloop
  endfacet
  facet normal -0 0 -1
    outer loop
      vertex 65.3096 15.4824 0
      vertex 64.61 13.1985 0
      vertex 65.1265 15.523 0
    endloop
  endfacet
  facet normal -0 0 -1
    outer loop
      vertex 65.1265 15.523 0
      vertex 64.61 13.1985 0
      vertex 64.9476 15.5794 0
    endloop
  endfacet
  facet normal -0 0 -1
    outer loop
      vertex 64.9476 15.5794 0
      vertex 64.61 13.1985 0
      vertex 64.7743 15.6511 0
    endloop
  endfacet
  facet normal 0 0 -1
    outer loop
      vertex 64.61 13.1985 0
      vertex 64.608 15.7377 0
      vertex 64.7743 15.6511 0
    endloop
  endfacet
  facet normal 0 0 -1
    outer loop
      vertex 64.61 13.1985 0
      vertex 64.4498 15.8385 0
      vertex 64.608 15.7377 0
    endloop
  endfacet
  facet normal 0 0 -1
    outer loop
      vertex 64.61 13.1985 0
      vertex 64.301 15.9527 0
      vertex 64.4498 15.8385 0
    endloop
  endfacet
  facet normal 0 0 -1
    outer loop
      vertex 64.61 13.1985 0
      vertex 64.1627 16.0794 0
      vertex 64.301 15.9527 0
    endloop
  endfacet
  facet normal 0 0 -1
    outer loop
      vertex 64.61 13.1985 0
      vertex 64.036 16.2177 0
      vertex 64.1627 16.0794 0
    endloop
  endfacet
  facet normal 0 0 -1
    outer loop
      vertex 64.61 13.1985 0
      vertex 63.9218 16.3665 0
      vertex 64.036 16.2177 0
    endloop
  endfacet
  facet normal 0 0 -1
    outer loop
      vertex 63.8569 16.4604 0
      vertex 63.9218 16.3665 0
      vertex 64.61 13.1985 0
    endloop
  endfacet
  facet normal 0 0 -1
    outer loop
      vertex 63.9218 16.3665 0
      vertex 63.8569 16.4604 0
      vertex 63.8531 16.4743 0
    endloop
  endfacet
  facet normal 0 0 -1
    outer loop
      vertex 64.0319 -15.0367 0
      vertex 63.5681 -16.6387 0
      vertex 63.9215 -15.1718 0
    endloop
  endfacet
  facet normal 0 0 -1
    outer loop
      vertex 63.5214 -16.4705 0
      vertex 63.9215 -15.1718 0
      vertex 63.5681 -16.6387 0
    endloop
  endfacet
  facet normal 0 0 -1
    outer loop
      vertex 63.9215 -15.1718 0
      vertex 63.5214 -16.4705 0
      vertex 63.7998 -15.2968 0
    endloop
  endfacet
  facet normal 0 0 -1
    outer loop
      vertex 63.4603 -16.3071 0
      vertex 63.7998 -15.2968 0
      vertex 63.5214 -16.4705 0
    endloop
  endfacet
  facet normal 0 0 -1
    outer loop
      vertex 63.7998 -15.2968 0
      vertex 63.4603 -16.3071 0
      vertex 63.6676 -15.4107 0
    endloop
  endfacet
  facet normal 0 0 -1
    outer loop
      vertex 63.3852 -16.1496 0
      vertex 63.6676 -15.4107 0
      vertex 63.4603 -16.3071 0
    endloop
  endfacet
  facet normal 0 0 -1
    outer loop
      vertex 63.6676 -15.4107 0
      vertex 63.3852 -16.1496 0
      vertex 63.526 -15.5127 0
    endloop
  endfacet
  facet normal 0 0 -1
    outer loop
      vertex 63.2967 -15.9993 0
      vertex 63.526 -15.5127 0
      vertex 63.3852 -16.1496 0
    endloop
  endfacet
  facet normal 0 0 -1
    outer loop
      vertex 63.526 -15.5127 0
      vertex 63.2967 -15.9993 0
      vertex 63.3761 -15.6019 0
    endloop
  endfacet
  facet normal 0 0 -1
    outer loop
      vertex 63.1954 -15.8572 0
      vertex 63.3761 -15.6019 0
      vertex 63.2967 -15.9993 0
    endloop
  endfacet
  facet normal 0 0 -1
    outer loop
      vertex 63.3761 -15.6019 0
      vertex 63.1954 -15.8572 0
      vertex 63.2189 -15.6777 0
    endloop
  endfacet
  facet normal 0 0 -1
    outer loop
      vertex 63.2189 -15.6777 0
      vertex 63.1954 -15.8572 0
      vertex 63.0853 -15.7284 0
    endloop
  endfacet
  facet normal 0 0 -1
    outer loop
      vertex 16.3665 -63.9218 0
      vertex 16.4604 -63.8569 0
      vertex 16.4743 -63.8531 0
    endloop
  endfacet
  facet normal 0 -0 -1
    outer loop
      vertex 13.1985 -64.61 0
      vertex 15.4824 -66.0563 0
      vertex 13.0959 -64.6309 0
    endloop
  endfacet
  facet normal 0 0 -1
    outer loop
      vertex 15.4824 -66.0563 0
      vertex 13.1985 -64.61 0
      vertex 15.4579 -65.8703 0
    endloop
  endfacet
  facet normal -0 0 -1
    outer loop
      vertex 16.3665 -63.9218 0
      vertex 13.1985 -64.61 0
      vertex 16.4604 -63.8569 0
    endloop
  endfacet
  facet normal -0 0 -1
    outer loop
      vertex 16.2177 -64.036 0
      vertex 13.1985 -64.61 0
      vertex 16.3665 -63.9218 0
    endloop
  endfacet
  facet normal -0 0 -1
    outer loop
      vertex 16.0794 -64.1627 0
      vertex 13.1985 -64.61 0
      vertex 16.2177 -64.036 0
    endloop
  endfacet
  facet normal -0 0 -1
    outer loop
      vertex 15.9527 -64.301 0
      vertex 13.1985 -64.61 0
      vertex 16.0794 -64.1627 0
    endloop
  endfacet
  facet normal -0 0 -1
    outer loop
      vertex 15.8385 -64.4498 0
      vertex 13.1985 -64.61 0
      vertex 15.9527 -64.301 0
    endloop
  endfacet
  facet normal -0 0 -1
    outer loop
      vertex 15.7377 -64.608 0
      vertex 13.1985 -64.61 0
      vertex 15.8385 -64.4498 0
    endloop
  endfacet
  facet normal 0 0 -1
    outer loop
      vertex 15.6511 -64.7743 0
      vertex 13.1985 -64.61 0
      vertex 15.7377 -64.608 0
    endloop
  endfacet
  facet normal 0 0 -1
    outer loop
      vertex 15.5794 -64.9476 0
      vertex 13.1985 -64.61 0
      vertex 15.6511 -64.7743 0
    endloop
  endfacet
  facet normal 0 0 -1
    outer loop
      vertex 15.523 -65.1265 0
      vertex 13.1985 -64.61 0
      vertex 15.5794 -64.9476 0
    endloop
  endfacet
  facet normal 0 0 -1
    outer loop
      vertex 15.4824 -65.3096 0
      vertex 13.1985 -64.61 0
      vertex 15.523 -65.1265 0
    endloop
  endfacet
  facet normal 0 0 -1
    outer loop
      vertex 15.4497 -65.683 0
      vertex 13.1985 -64.61 0
      vertex 15.4579 -65.4956 0
    endloop
  endfacet
  facet normal 0 0 -1
    outer loop
      vertex 15.4579 -65.4956 0
      vertex 13.1985 -64.61 0
      vertex 15.4824 -65.3096 0
    endloop
  endfacet
  facet normal 0 0 -1
    outer loop
      vertex 15.4579 -65.8703 0
      vertex 13.1985 -64.61 0
      vertex 15.4497 -65.683 0
    endloop
  endfacet
  facet normal 0 0 -1
    outer loop
      vertex 13.5446 -76.815 0
      vertex 9.6954 -65.2277 0
      vertex 9.79897 -65.2122 0
    endloop
  endfacet
  facet normal 0 0 -1
    outer loop
      vertex 6.79815 -77.7032 0
      vertex 9.6954 -65.2277 0
      vertex 13.5446 -76.815 0
    endloop
  endfacet
  facet normal 0 0 -1
    outer loop
      vertex 6.79815 -77.7032 0
      vertex 6.37259 -65.6357 0
      vertex 9.6954 -65.2277 0
    endloop
  endfacet
  facet normal 0 0 -1
    outer loop
      vertex 6.79815 -77.7032 0
      vertex 6.26836 -65.6457 0
      vertex 6.37259 -65.6357 0
    endloop
  endfacet
  facet normal 0 0 -1
    outer loop
      vertex 6.79815 -77.7032 0
      vertex 2.92874 -65.8793 0
      vertex 6.26836 -65.6457 0
    endloop
  endfacet
  facet normal 0 0 -1
    outer loop
      vertex 6.79815 -77.7032 0
      vertex 2.82414 -65.8838 0
      vertex 2.92874 -65.8793 0
    endloop
  endfacet
  facet normal 0 0 -1
    outer loop
      vertex 0 -78 0
      vertex 2.82414 -65.8838 0
      vertex 6.79815 -77.7032 0
    endloop
  endfacet
  facet normal 0 0 -1
    outer loop
      vertex 0 -78 0
      vertex -0.523102 -65.9422 0
      vertex 2.82414 -65.8838 0
    endloop
  endfacet
  facet normal 0 0 -1
    outer loop
      vertex 0 -78 0
      vertex -0.627808 -65.9413 0
      vertex -0.523102 -65.9422 0
    endloop
  endfacet
  facet normal 0 0 -1
    outer loop
      vertex 0 -78 0
      vertex -3.97354 -65.8245 0
      vertex -0.627808 -65.9413 0
    endloop
  endfacet
  facet normal 0 0 -1
    outer loop
      vertex -6.79815 -77.7032 0
      vertex -3.97354 -65.8245 0
      vertex 0 -78 0
    endloop
  endfacet
  facet normal -0 0 -1
    outer loop
      vertex -3.97354 -65.8245 0
      vertex -6.79815 -77.7032 0
      vertex -4.07806 -65.8181 0
    endloop
  endfacet
  facet normal 0 0 -1
    outer loop
      vertex -6.79815 -77.7032 0
      vertex -7.41309 -65.5263 0
      vertex -4.07806 -65.8181 0
    endloop
  endfacet
  facet normal 0 0 -1
    outer loop
      vertex -6.79815 -77.7032 0
      vertex -7.51712 -65.5145 0
      vertex -7.41309 -65.5263 0
    endloop
  endfacet
  facet normal 0 0 -1
    outer loop
      vertex -13.5446 -76.815 0
      vertex -7.51712 -65.5145 0
      vertex -6.79815 -77.7032 0
    endloop
  endfacet
  facet normal -0 0 -1
    outer loop
      vertex -7.51712 -65.5145 0
      vertex -13.5446 -76.815 0
      vertex -10.8323 -65.0486 0
    endloop
  endfacet
  facet normal -0 0 -1
    outer loop
      vertex -10.8323 -65.0486 0
      vertex -13.5446 -76.815 0
      vertex -10.9356 -65.0313 0
    endloop
  endfacet
  facet normal 0 0 -1
    outer loop
      vertex -13.5446 -76.815 0
      vertex -14.2218 -64.3925 0
      vertex -10.9356 -65.0313 0
    endloop
  endfacet
  facet normal 0 0 -1
    outer loop
      vertex -20.1879 -75.3422 0
      vertex -14.2218 -64.3925 0
      vertex -13.5446 -76.815 0
    endloop
  endfacet
  facet normal -0 0 -1
    outer loop
      vertex -14.2218 -64.3925 0
      vertex -20.1879 -75.3422 0
      vertex -14.4164 -64.3445 0
    endloop
  endfacet
  facet normal -0 0 -1
    outer loop
      vertex -14.4164 -64.3445 0
      vertex -20.1879 -75.3422 0
      vertex -14.5811 -64.2869 0
    endloop
  endfacet
  facet normal -0 0 -1
    outer loop
      vertex -14.5811 -64.2869 0
      vertex -20.1879 -75.3422 0
      vertex -14.7402 -64.2153 0
    endloop
  endfacet
  facet normal 0 -0 -1
    outer loop
      vertex -17.1584 -63.6181 0
      vertex -14.7402 -64.2153 0
      vertex -20.1879 -75.3422 0
    endloop
  endfacet
  facet normal 0 -0 -1
    outer loop
      vertex -16.9839 -63.6166 0
      vertex -14.7402 -64.2153 0
      vertex -17.1584 -63.6181 0
    endloop
  endfacet
  facet normal 0 0 -1
    outer loop
      vertex -14.7402 -64.2153 0
      vertex -16.9839 -63.6166 0
      vertex -14.8925 -64.1301 0
    endloop
  endfacet
  facet normal 0 -0 -1
    outer loop
      vertex -16.8102 -63.5999 0
      vertex -14.8925 -64.1301 0
      vertex -16.9839 -63.6166 0
    endloop
  endfacet
  facet normal 0 -0 -1
    outer loop
      vertex -16.6387 -63.5681 0
      vertex -15.0367 -64.0319 0
      vertex -16.8102 -63.5999 0
    endloop
  endfacet
  facet normal 0 0 -1
    outer loop
      vertex -15.0367 -64.0319 0
      vertex -16.6387 -63.5681 0
      vertex -15.1718 -63.9215 0
    endloop
  endfacet
  facet normal 0 0 -1
    outer loop
      vertex -15.2968 -63.7998 0
      vertex -16.3071 -63.4603 0
      vertex -15.4107 -63.6676 0
    endloop
  endfacet
  facet normal 0 -0 -1
    outer loop
      vertex -15.9993 -63.2967 0
      vertex -15.5127 -63.526 0
      vertex -16.1496 -63.3852 0
    endloop
  endfacet
  facet normal 0 0 -1
    outer loop
      vertex -15.6777 -63.2189 0
      vertex -15.8572 -63.1954 0
      vertex -15.7284 -63.0853 0
    endloop
  endfacet
  facet normal 0 0 -1
    outer loop
      vertex -15.6019 -63.3761 0
      vertex -15.8572 -63.1954 0
      vertex -15.6777 -63.2189 0
    endloop
  endfacet
  facet normal 0 -0 -1
    outer loop
      vertex -15.8572 -63.1954 0
      vertex -15.6019 -63.3761 0
      vertex -15.9993 -63.2967 0
    endloop
  endfacet
  facet normal 0 0 -1
    outer loop
      vertex -15.5127 -63.526 0
      vertex -15.9993 -63.2967 0
      vertex -15.6019 -63.3761 0
    endloop
  endfacet
  facet normal 0 0 -1
    outer loop
      vertex -15.4107 -63.6676 0
      vertex -16.1496 -63.3852 0
      vertex -15.5127 -63.526 0
    endloop
  endfacet
  facet normal 0 -0 -1
    outer loop
      vertex -16.1496 -63.3852 0
      vertex -15.4107 -63.6676 0
      vertex -16.3071 -63.4603 0
    endloop
  endfacet
  facet normal 0 -0 -1
    outer loop
      vertex -16.3071 -63.4603 0
      vertex -15.2968 -63.7998 0
      vertex -16.4705 -63.5214 0
    endloop
  endfacet
  facet normal 0 0 -1
    outer loop
      vertex -15.1718 -63.9215 0
      vertex -16.4705 -63.5214 0
      vertex -15.2968 -63.7998 0
    endloop
  endfacet
  facet normal 0 -0 -1
    outer loop
      vertex -16.4705 -63.5214 0
      vertex -15.1718 -63.9215 0
      vertex -16.6387 -63.5681 0
    endloop
  endfacet
  facet normal 0 0 -1
    outer loop
      vertex -14.8925 -64.1301 0
      vertex -16.8102 -63.5999 0
      vertex -15.0367 -64.0319 0
    endloop
  endfacet
  facet normal -0 0 -1
    outer loop
      vertex -17.1584 -63.6181 0
      vertex -20.1879 -75.3422 0
      vertex -17.3323 -63.6044 0
    endloop
  endfacet
  facet normal -0 0 -1
    outer loop
      vertex -17.3323 -63.6044 0
      vertex -20.1879 -75.3422 0
      vertex -17.5044 -63.5756 0
    endloop
  endfacet
  facet normal -0 0 -1
    outer loop
      vertex -17.5044 -63.5756 0
      vertex -20.1879 -75.3422 0
      vertex -17.6733 -63.532 0
    endloop
  endfacet
  facet normal 0 0 -1
    outer loop
      vertex -20.1879 -75.3422 0
      vertex -20.8748 -62.5532 0
      vertex -17.6733 -63.532 0
    endloop
  endfacet
  facet normal 0 0 -1
    outer loop
      vertex -26.6776 -73.296 0
      vertex -20.8748 -62.5532 0
      vertex -20.1879 -75.3422 0
    endloop
  endfacet
  facet normal -0 0 -1
    outer loop
      vertex -20.8748 -62.5532 0
      vertex -26.6776 -73.296 0
      vertex -20.9741 -62.5199 0
    endloop
  endfacet
  facet normal -0 0 -1
    outer loop
      vertex -20.9741 -62.5199 0
      vertex -26.6776 -73.296 0
      vertex -24.12 -61.3749 0
    endloop
  endfacet
  facet normal -0 0 -1
    outer loop
      vertex -24.12 -61.3749 0
      vertex -26.6776 -73.296 0
      vertex -24.2174 -61.3366 0
    endloop
  endfacet
  facet normal 0 0 -1
    outer loop
      vertex -32.9642 -70.692 0
      vertex -24.2174 -61.3366 0
      vertex -26.6776 -73.296 0
    endloop
  endfacet
  facet normal -0 0 -1
    outer loop
      vertex -24.2174 -61.3366 0
      vertex -32.9642 -70.692 0
      vertex -27.299 -60.0285 0
    endloop
  endfacet
  facet normal 0 0 -1
    outer loop
      vertex -34.414 -63.0934 0
      vertex -27.299 -60.0285 0
      vertex -32.9642 -70.692 0
    endloop
  endfacet
  facet normal 0 -0 -1
    outer loop
      vertex -34.3096 -62.8068 0
      vertex -27.3943 -59.9851 0
      vertex -34.3555 -62.9524 0
    endloop
  endfacet
  facet normal 0 -0 -1
    outer loop
      vertex -34.3555 -62.9524 0
      vertex -27.299 -60.0285 0
      vertex -34.414 -63.0934 0
    endloop
  endfacet
  facet normal 0 -0 -1
    outer loop
      vertex -34.2766 -62.6577 0
      vertex -27.3943 -59.9851 0
      vertex -34.3096 -62.8068 0
    endloop
  endfacet
  facet normal 0 0 -1
    outer loop
      vertex -34.2766 -62.0499 0
      vertex -30.4033 -58.5175 0
      vertex -34.2567 -62.2013 0
    endloop
  endfacet
  facet normal 0 0 -1
    outer loop
      vertex -34.3096 -61.9009 0
      vertex -30.4033 -58.5175 0
      vertex -34.2766 -62.0499 0
    endloop
  endfacet
  facet normal 0 0 -1
    outer loop
      vertex -34.2567 -62.2013 0
      vertex -30.4033 -58.5175 0
      vertex -34.25 -62.3538 0
    endloop
  endfacet
  facet normal -0 0 -1
    outer loop
      vertex -27.3943 -59.9851 0
      vertex -34.25 -62.3538 0
      vertex -30.4033 -58.5175 0
    endloop
  endfacet
  facet normal 0 -0 -1
    outer loop
      vertex -34.25 -62.3538 0
      vertex -27.3943 -59.9851 0
      vertex -34.2567 -62.5064 0
    endloop
  endfacet
  facet normal 0 -0 -1
    outer loop
      vertex -34.2567 -62.5064 0
      vertex -27.3943 -59.9851 0
      vertex -34.2766 -62.6577 0
    endloop
  endfacet
  facet normal -0 0 -1
    outer loop
      vertex -27.299 -60.0285 0
      vertex -34.3555 -62.9524 0
      vertex -27.3943 -59.9851 0
    endloop
  endfacet
  facet normal 0 0 -1
    outer loop
      vertex -32.9642 -70.692 0
      vertex -34.4845 -63.2288 0
      vertex -34.414 -63.0934 0
    endloop
  endfacet
  facet normal 0 0 -1
    outer loop
      vertex -32.9642 -70.692 0
      vertex -34.5665 -63.3576 0
      vertex -34.4845 -63.2288 0
    endloop
  endfacet
  facet normal 0 0 -1
    outer loop
      vertex -32.9642 -70.692 0
      vertex -34.6594 -63.4787 0
      vertex -34.5665 -63.3576 0
    endloop
  endfacet
  facet normal 0 0 -1
    outer loop
      vertex -32.9642 -70.692 0
      vertex -34.7626 -63.5913 0
      vertex -34.6594 -63.4787 0
    endloop
  endfacet
  facet normal 0 0 -1
    outer loop
      vertex -32.9642 -70.692 0
      vertex -34.8751 -63.6944 0
      vertex -34.7626 -63.5913 0
    endloop
  endfacet
  facet normal 0 0 -1
    outer loop
      vertex -32.9642 -70.692 0
      vertex -34.9962 -63.7873 0
      vertex -34.8751 -63.6944 0
    endloop
  endfacet
  facet normal 0 0 -1
    outer loop
      vertex -32.9642 -70.692 0
      vertex -35.125 -63.8694 0
      vertex -34.9962 -63.7873 0
    endloop
  endfacet
  facet normal 0 0 -1
    outer loop
      vertex -32.9642 -70.692 0
      vertex -35.2604 -63.9399 0
      vertex -35.125 -63.8694 0
    endloop
  endfacet
  facet normal 0 0 -1
    outer loop
      vertex -32.9642 -70.692 0
      vertex -35.4015 -63.9983 0
      vertex -35.2604 -63.9399 0
    endloop
  endfacet
  facet normal 0 0 -1
    outer loop
      vertex -32.9642 -70.692 0
      vertex -35.5471 -64.0442 0
      vertex -35.4015 -63.9983 0
    endloop
  endfacet
  facet normal 0 0 -1
    outer loop
      vertex -32.9642 -70.692 0
      vertex -35.6961 -64.0772 0
      vertex -35.5471 -64.0442 0
    endloop
  endfacet
  facet normal 0 0 -1
    outer loop
      vertex -32.9642 -70.692 0
      vertex -35.8475 -64.0972 0
      vertex -35.6961 -64.0772 0
    endloop
  endfacet
  facet normal 0 0 -1
    outer loop
      vertex -39 -67.55 0
      vertex -35.8475 -64.0972 0
      vertex -32.9642 -70.692 0
    endloop
  endfacet
  facet normal 0 0 -1
    outer loop
      vertex -35.8475 -64.0972 0
      vertex -39 -67.55 0
      vertex -36 -64.1038 0
    endloop
  endfacet
  facet normal -0 0 -1
    outer loop
      vertex -36 -64.1038 0
      vertex -39 -67.55 0
      vertex -36.1525 -64.0972 0
    endloop
  endfacet
  facet normal -0 0 -1
    outer loop
      vertex -36.1525 -64.0972 0
      vertex -39 -67.55 0
      vertex -36.3039 -64.0772 0
    endloop
  endfacet
  facet normal -0 0 -1
    outer loop
      vertex -36.3039 -64.0772 0
      vertex -39 -67.55 0
      vertex -36.4529 -64.0442 0
    endloop
  endfacet
  facet normal -0 0 -1
    outer loop
      vertex -36.4529 -64.0442 0
      vertex -39 -67.55 0
      vertex -36.5985 -63.9983 0
    endloop
  endfacet
  facet normal -0 0 -1
    outer loop
      vertex -36.5985 -63.9983 0
      vertex -39 -67.55 0
      vertex -36.7396 -63.9399 0
    endloop
  endfacet
  facet normal -0 0 -1
    outer loop
      vertex -36.7396 -63.9399 0
      vertex -39 -67.55 0
      vertex -36.875 -63.8694 0
    endloop
  endfacet
  facet normal -0 0 -1
    outer loop
      vertex -36.875 -63.8694 0
      vertex -39 -67.55 0
      vertex -37.0038 -63.7873 0
    endloop
  endfacet
  facet normal -0 0 -1
    outer loop
      vertex -37.0038 -63.7873 0
      vertex -39 -67.55 0
      vertex -37.1249 -63.6944 0
    endloop
  endfacet
  facet normal -0 0 -1
    outer loop
      vertex -37.1249 -63.6944 0
      vertex -39 -67.55 0
      vertex -37.2374 -63.5913 0
    endloop
  endfacet
  facet normal -0 0 -1
    outer loop
      vertex -37.2374 -63.5913 0
      vertex -39 -67.55 0
      vertex -37.3406 -63.4787 0
    endloop
  endfacet
  facet normal -0 0 -1
    outer loop
      vertex -37.3406 -63.4787 0
      vertex -39 -67.55 0
      vertex -37.4335 -63.3576 0
    endloop
  endfacet
  facet normal -0 0 -1
    outer loop
      vertex -37.7234 -62.6577 0
      vertex -44.739 -63.8939 0
      vertex -37.7433 -62.5064 0
    endloop
  endfacet
  facet normal -0 0 -1
    outer loop
      vertex -37.6904 -62.8068 0
      vertex -44.739 -63.8939 0
      vertex -37.7234 -62.6577 0
    endloop
  endfacet
  facet normal -0 0 -1
    outer loop
      vertex -37.6445 -62.9524 0
      vertex -44.739 -63.8939 0
      vertex -37.6904 -62.8068 0
    endloop
  endfacet
  facet normal 0 0 -1
    outer loop
      vertex -44.739 -63.8939 0
      vertex -37.6445 -62.9524 0
      vertex -39 -67.55 0
    endloop
  endfacet
  facet normal -0 0 -1
    outer loop
      vertex -37.586 -63.0934 0
      vertex -39 -67.55 0
      vertex -37.6445 -62.9524 0
    endloop
  endfacet
  facet normal -0 0 -1
    outer loop
      vertex -37.5155 -63.2288 0
      vertex -39 -67.55 0
      vertex -37.586 -63.0934 0
    endloop
  endfacet
  facet normal -0 0 -1
    outer loop
      vertex -37.4335 -63.3576 0
      vertex -39 -67.55 0
      vertex -37.5155 -63.2288 0
    endloop
  endfacet
  facet normal 0 0 -1
    outer loop
      vertex -15.523 66.2394 0
      vertex -13.0959 64.6309 0
      vertex -15.4824 66.0563 0
    endloop
  endfacet
  facet normal 0 0 -1
    outer loop
      vertex -15.5794 66.4183 0
      vertex -13.0959 64.6309 0
      vertex -15.523 66.2394 0
    endloop
  endfacet
  facet normal 0 0 -1
    outer loop
      vertex -15.6511 66.5916 0
      vertex -13.0959 64.6309 0
      vertex -15.5794 66.4183 0
    endloop
  endfacet
  facet normal 0 0 -1
    outer loop
      vertex -13.0959 64.6309 0
      vertex -15.6511 66.5916 0
      vertex -9.79897 65.2122 0
    endloop
  endfacet
  facet normal 0 0 -1
    outer loop
      vertex -15.7377 66.758 0
      vertex -9.79897 65.2122 0
      vertex -15.6511 66.5916 0
    endloop
  endfacet
  facet normal 0 0 -1
    outer loop
      vertex -15.8385 66.9161 0
      vertex -9.79897 65.2122 0
      vertex -15.7377 66.758 0
    endloop
  endfacet
  facet normal 0 0 -1
    outer loop
      vertex -15.9527 67.0649 0
      vertex -9.79897 65.2122 0
      vertex -15.8385 66.9161 0
    endloop
  endfacet
  facet normal 0 0 -1
    outer loop
      vertex -9.79897 65.2122 0
      vertex -15.9527 67.0649 0
      vertex -13.5446 76.815 0
    endloop
  endfacet
  facet normal 0 0 -1
    outer loop
      vertex -16.0794 67.2032 0
      vertex -13.5446 76.815 0
      vertex -15.9527 67.0649 0
    endloop
  endfacet
  facet normal 0 0 -1
    outer loop
      vertex -16.2177 67.3299 0
      vertex -13.5446 76.815 0
      vertex -16.0794 67.2032 0
    endloop
  endfacet
  facet normal 0 0 -1
    outer loop
      vertex -16.3665 67.4441 0
      vertex -13.5446 76.815 0
      vertex -16.2177 67.3299 0
    endloop
  endfacet
  facet normal 0 0 -1
    outer loop
      vertex -16.5247 67.5449 0
      vertex -13.5446 76.815 0
      vertex -16.3665 67.4441 0
    endloop
  endfacet
  facet normal 0 0 -1
    outer loop
      vertex -16.6911 67.6315 0
      vertex -13.5446 76.815 0
      vertex -16.5247 67.5449 0
    endloop
  endfacet
  facet normal 0 0 -1
    outer loop
      vertex -16.8644 67.7033 0
      vertex -13.5446 76.815 0
      vertex -16.6911 67.6315 0
    endloop
  endfacet
  facet normal 0 0 -1
    outer loop
      vertex -17.0432 67.7597 0
      vertex -13.5446 76.815 0
      vertex -16.8644 67.7033 0
    endloop
  endfacet
  facet normal 0 0 -1
    outer loop
      vertex -17.2264 67.8003 0
      vertex -13.5446 76.815 0
      vertex -17.0432 67.7597 0
    endloop
  endfacet
  facet normal 0 0 -1
    outer loop
      vertex -20.1879 75.3422 0
      vertex -17.2264 67.8003 0
      vertex -17.4123 67.8248 0
    endloop
  endfacet
  facet normal 0 0 -1
    outer loop
      vertex -20.1879 75.3422 0
      vertex -17.4123 67.8248 0
      vertex -17.5997 67.833 0
    endloop
  endfacet
  facet normal 0 0 -1
    outer loop
      vertex -20.1879 75.3422 0
      vertex -17.5997 67.833 0
      vertex -17.7871 67.8248 0
    endloop
  endfacet
  facet normal 0 0 -1
    outer loop
      vertex -20.1879 75.3422 0
      vertex -17.7871 67.8248 0
      vertex -17.973 67.8003 0
    endloop
  endfacet
  facet normal 0 0 -1
    outer loop
      vertex -20.1879 75.3422 0
      vertex -17.973 67.8003 0
      vertex -18.1562 67.7597 0
    endloop
  endfacet
  facet normal 0 0 -1
    outer loop
      vertex -20.1879 75.3422 0
      vertex -18.1562 67.7597 0
      vertex -18.335 67.7033 0
    endloop
  endfacet
  facet normal 0 0 -1
    outer loop
      vertex -20.1879 75.3422 0
      vertex -18.335 67.7033 0
      vertex -18.5083 67.6315 0
    endloop
  endfacet
  facet normal 0 0 -1
    outer loop
      vertex -20.1879 75.3422 0
      vertex -18.5083 67.6315 0
      vertex -18.6747 67.5449 0
    endloop
  endfacet
  facet normal 0 0 -1
    outer loop
      vertex -20.1879 75.3422 0
      vertex -18.6747 67.5449 0
      vertex -18.8329 67.4441 0
    endloop
  endfacet
  facet normal 0 0 -1
    outer loop
      vertex -20.1879 75.3422 0
      vertex -18.8329 67.4441 0
      vertex -18.9817 67.3299 0
    endloop
  endfacet
  facet normal 0 0 -1
    outer loop
      vertex -20.1879 75.3422 0
      vertex -18.9817 67.3299 0
      vertex -19.12 67.2032 0
    endloop
  endfacet
  facet normal 0 0 -1
    outer loop
      vertex -26.6776 73.296 0
      vertex -19.12 67.2032 0
      vertex -19.2467 67.0649 0
    endloop
  endfacet
  facet normal 0 0 -1
    outer loop
      vertex -26.6776 73.296 0
      vertex -19.2467 67.0649 0
      vertex -19.3609 66.9161 0
    endloop
  endfacet
  facet normal 0 0 -1
    outer loop
      vertex -26.6776 73.296 0
      vertex -19.3609 66.9161 0
      vertex -19.4616 66.758 0
    endloop
  endfacet
  facet normal -0 0 -1
    outer loop
      vertex -19.7415 65.4956 0
      vertex -23.0452 61.7865 0
      vertex -19.7497 65.683 0
    endloop
  endfacet
  facet normal 0 0 -1
    outer loop
      vertex -17.2264 67.8003 0
      vertex -20.1879 75.3422 0
      vertex -13.5446 76.815 0
    endloop
  endfacet
  facet normal 0 0 -1
    outer loop
      vertex -26.6776 73.296 0
      vertex -19.4616 66.758 0
      vertex -19.5483 66.5916 0
    endloop
  endfacet
  facet normal 0 0 -1
    outer loop
      vertex -26.6776 73.296 0
      vertex -19.5483 66.5916 0
      vertex -19.62 66.4183 0
    endloop
  endfacet
  facet normal 0 0 -1
    outer loop
      vertex -26.6776 73.296 0
      vertex -19.62 66.4183 0
      vertex -19.6764 66.2394 0
    endloop
  endfacet
  facet normal 0 0 -1
    outer loop
      vertex -26.6776 73.296 0
      vertex -19.6764 66.2394 0
      vertex -19.717 66.0563 0
    endloop
  endfacet
  facet normal 0 0 -1
    outer loop
      vertex -23.1432 61.7499 0
      vertex -19.717 66.0563 0
      vertex -19.7415 65.8703 0
    endloop
  endfacet
  facet normal -0 0 -1
    outer loop
      vertex -19.7497 65.683 0
      vertex -23.0452 61.7865 0
      vertex -19.7415 65.8703 0
    endloop
  endfacet
  facet normal 0 0 -1
    outer loop
      vertex -23.1432 61.7499 0
      vertex -19.7415 65.8703 0
      vertex -23.0452 61.7865 0
    endloop
  endfacet
  facet normal -0 0 -1
    outer loop
      vertex -19.717 66.0563 0
      vertex -23.1432 61.7499 0
      vertex -26.6776 73.296 0
    endloop
  endfacet
  facet normal 0 0 -1
    outer loop
      vertex -26.6776 73.296 0
      vertex -23.1432 61.7499 0
      vertex -26.2472 60.4958 0
    endloop
  endfacet
  facet normal 0 0 -1
    outer loop
      vertex -32.9642 70.692 0
      vertex -26.2472 60.4958 0
      vertex -26.3432 60.454 0
    endloop
  endfacet
  facet normal 0 0 -1
    outer loop
      vertex -19.12 67.2032 0
      vertex -26.6776 73.296 0
      vertex -20.1879 75.3422 0
    endloop
  endfacet
  facet normal 0 0 -1
    outer loop
      vertex -34.3096 62.8068 0
      vertex -26.3432 60.454 0
      vertex -29.3773 59.0392 0
    endloop
  endfacet
  facet normal 0 0 -1
    outer loop
      vertex -34.2567 62.2013 0
      vertex -29.3773 59.0392 0
      vertex -29.4711 58.9925 0
    endloop
  endfacet
  facet normal 0 0 -1
    outer loop
      vertex -34.4845 61.4788 0
      vertex -29.4711 58.9925 0
      vertex -32.427 57.4208 0
    endloop
  endfacet
  facet normal 0 0 -1
    outer loop
      vertex -34.8751 61.0133 0
      vertex -32.427 57.4208 0
      vertex -32.5181 57.3692 0
    endloop
  endfacet
  facet normal 0 0 -1
    outer loop
      vertex -29.3773 59.0392 0
      vertex -34.2567 62.5064 0
      vertex -34.2766 62.6577 0
    endloop
  endfacet
  facet normal 0 0 -1
    outer loop
      vertex -29.3773 59.0392 0
      vertex -34.25 62.3538 0
      vertex -34.2567 62.5064 0
    endloop
  endfacet
  facet normal 0 0 -1
    outer loop
      vertex -29.3773 59.0392 0
      vertex -34.2567 62.2013 0
      vertex -34.25 62.3538 0
    endloop
  endfacet
  facet normal 0 0 -1
    outer loop
      vertex -29.4711 58.9925 0
      vertex -34.2766 62.0499 0
      vertex -34.2567 62.2013 0
    endloop
  endfacet
  facet normal 0 0 -1
    outer loop
      vertex -29.4711 58.9925 0
      vertex -34.3096 61.9009 0
      vertex -34.2766 62.0499 0
    endloop
  endfacet
  facet normal 0 0 -1
    outer loop
      vertex -29.4711 58.9925 0
      vertex -34.3555 61.7553 0
      vertex -34.3096 61.9009 0
    endloop
  endfacet
  facet normal 0 0 -1
    outer loop
      vertex -29.4711 58.9925 0
      vertex -34.414 61.6142 0
      vertex -34.3555 61.7553 0
    endloop
  endfacet
  facet normal 0 0 -1
    outer loop
      vertex -29.4711 58.9925 0
      vertex -34.4845 61.4788 0
      vertex -34.414 61.6142 0
    endloop
  endfacet
  facet normal 0 0 -1
    outer loop
      vertex -32.427 57.4208 0
      vertex -34.5665 61.3501 0
      vertex -34.4845 61.4788 0
    endloop
  endfacet
  facet normal 0 0 -1
    outer loop
      vertex -32.427 57.4208 0
      vertex -34.6594 61.229 0
      vertex -34.5665 61.3501 0
    endloop
  endfacet
  facet normal 0 0 -1
    outer loop
      vertex -32.427 57.4208 0
      vertex -34.7626 61.1164 0
      vertex -34.6594 61.229 0
    endloop
  endfacet
  facet normal 0 0 -1
    outer loop
      vertex -32.427 57.4208 0
      vertex -34.8751 61.0133 0
      vertex -34.7626 61.1164 0
    endloop
  endfacet
  facet normal 0 0 -1
    outer loop
      vertex -32.5181 57.3692 0
      vertex -34.9962 60.9203 0
      vertex -34.8751 61.0133 0
    endloop
  endfacet
  facet normal 0 0 -1
    outer loop
      vertex -32.5181 57.3692 0
      vertex -35.125 60.8383 0
      vertex -34.9962 60.9203 0
    endloop
  endfacet
  facet normal 0 0 -1
    outer loop
      vertex -32.5181 57.3692 0
      vertex -35.2604 60.7678 0
      vertex -35.125 60.8383 0
    endloop
  endfacet
  facet normal 0 0 -1
    outer loop
      vertex -35.5471 60.6635 0
      vertex -32.5181 57.3692 0
      vertex -35.3877 55.645 0
    endloop
  endfacet
  facet normal 0 0 -1
    outer loop
      vertex -32.5181 57.3692 0
      vertex -35.4015 60.7094 0
      vertex -35.2604 60.7678 0
    endloop
  endfacet
  facet normal 0 0 -1
    outer loop
      vertex -36.3039 60.6304 0
      vertex -35.3877 55.645 0
      vertex -35.476 55.5887 0
    endloop
  endfacet
  facet normal 0 0 -1
    outer loop
      vertex -32.5181 57.3692 0
      vertex -35.5471 60.6635 0
      vertex -35.4015 60.7094 0
    endloop
  endfacet
  facet normal 0 0 -1
    outer loop
      vertex -35.3877 55.645 0
      vertex -35.6961 60.6304 0
      vertex -35.5471 60.6635 0
    endloop
  endfacet
  facet normal 0 0 -1
    outer loop
      vertex -35.3877 55.645 0
      vertex -35.8475 60.6105 0
      vertex -35.6961 60.6304 0
    endloop
  endfacet
  facet normal 0 0 -1
    outer loop
      vertex -35.3877 55.645 0
      vertex -36 60.6038 0
      vertex -35.8475 60.6105 0
    endloop
  endfacet
  facet normal 0 0 -1
    outer loop
      vertex -35.3877 55.645 0
      vertex -36.1525 60.6105 0
      vertex -36 60.6038 0
    endloop
  endfacet
  facet normal 0 0 -1
    outer loop
      vertex -35.3877 55.645 0
      vertex -36.3039 60.6304 0
      vertex -36.1525 60.6105 0
    endloop
  endfacet
  facet normal 0 0 -1
    outer loop
      vertex -35.476 55.5887 0
      vertex -36.4529 60.6635 0
      vertex -36.3039 60.6304 0
    endloop
  endfacet
  facet normal 0 0 -1
    outer loop
      vertex -35.476 55.5887 0
      vertex -36.5985 60.7094 0
      vertex -36.4529 60.6635 0
    endloop
  endfacet
  facet normal 0 0 -1
    outer loop
      vertex -35.476 55.5887 0
      vertex -36.7396 60.7678 0
      vertex -36.5985 60.7094 0
    endloop
  endfacet
  facet normal 0 0 -1
    outer loop
      vertex -35.476 55.5887 0
      vertex -36.875 60.8383 0
      vertex -36.7396 60.7678 0
    endloop
  endfacet
  facet normal 0 0 -1
    outer loop
      vertex -38.2514 53.7167 0
      vertex -36.875 60.8383 0
      vertex -35.476 55.5887 0
    endloop
  endfacet
  facet normal -0 0 -1
    outer loop
      vertex -36.875 60.8383 0
      vertex -38.2514 53.7167 0
      vertex -37.0038 60.9203 0
    endloop
  endfacet
  facet normal -0 0 -1
    outer loop
      vertex -37.0038 60.9203 0
      vertex -38.2514 53.7167 0
      vertex -37.1249 61.0133 0
    endloop
  endfacet
  facet normal -0 0 -1
    outer loop
      vertex -37.1249 61.0133 0
      vertex -38.2514 53.7167 0
      vertex -37.2374 61.1164 0
    endloop
  endfacet
  facet normal -0 0 -1
    outer loop
      vertex -37.2374 61.1164 0
      vertex -38.2514 53.7167 0
      vertex -37.3406 61.229 0
    endloop
  endfacet
  facet normal 0 0 -1
    outer loop
      vertex -38.3367 53.6559 0
      vertex -37.3406 61.229 0
      vertex -38.2514 53.7167 0
    endloop
  endfacet
  facet normal -0 0 -1
    outer loop
      vertex -37.3406 61.229 0
      vertex -38.3367 53.6559 0
      vertex -37.4335 61.3501 0
    endloop
  endfacet
  facet normal -0 0 -1
    outer loop
      vertex -37.4335 61.3501 0
      vertex -38.3367 53.6559 0
      vertex -37.5155 61.4788 0
    endloop
  endfacet
  facet normal 0 0 -1
    outer loop
      vertex -37.6904 61.9009 0
      vertex -44.739 63.8939 0
      vertex -37.7234 62.0499 0
    endloop
  endfacet
  facet normal 0 0 -1
    outer loop
      vertex -37.6445 61.7553 0
      vertex -44.739 63.8939 0
      vertex -37.6904 61.9009 0
    endloop
  endfacet
  facet normal 0 0 -1
    outer loop
      vertex -37.586 61.6142 0
      vertex -44.739 63.8939 0
      vertex -37.6445 61.7553 0
    endloop
  endfacet
  facet normal 0 0 -1
    outer loop
      vertex -37.5155 61.4788 0
      vertex -44.739 63.8939 0
      vertex -37.586 61.6142 0
    endloop
  endfacet
  facet normal 0 0 -1
    outer loop
      vertex -44.739 63.8939 0
      vertex -37.5155 61.4788 0
      vertex -38.3367 53.6559 0
    endloop
  endfacet
  facet normal 0 0 -1
    outer loop
      vertex -45.1868 -46.9103 0
      vertex -45.3304 -46.8002 0
      vertex -45.1638 -46.7693 0
    endloop
  endfacet
  facet normal 0 0 -1
    outer loop
      vertex -45.3304 -46.8002 0
      vertex -45.1868 -46.9103 0
      vertex -45.1997 -47.0844 0
    endloop
  endfacet
  facet normal 0 0 -1
    outer loop
      vertex -62.5881 -18.0322 0
      vertex -62.6574 -17.8649 0
      vertex -62.4977 -17.9215 0
    endloop
  endfacet
  facet normal 0 0 -1
    outer loop
      vertex -62.6862 -18.1764 0
      vertex -62.6574 -17.8649 0
      vertex -62.5881 -18.0322 0
    endloop
  endfacet
  facet normal 0 0 -1
    outer loop
      vertex -62.8162 -17.7926 0
      vertex -62.6862 -18.1764 0
      vertex -62.7715 -18.3286 0
    endloop
  endfacet
  facet normal 0 0 -1
    outer loop
      vertex -62.6862 -18.1764 0
      vertex -62.8162 -17.7926 0
      vertex -62.6574 -17.8649 0
    endloop
  endfacet
  facet normal 0 0 -1
    outer loop
      vertex -63.6062 -18.1562 0
      vertex -62.7715 -18.3286 0
      vertex -62.8431 -18.4877 0
    endloop
  endfacet
  facet normal 0 0 -1
    outer loop
      vertex -63.6626 -18.335 0
      vertex -62.8431 -18.4877 0
      vertex -62.9006 -18.6525 0
    endloop
  endfacet
  facet normal 0 0 -1
    outer loop
      vertex -63.7344 -18.5083 0
      vertex -62.9006 -18.6525 0
      vertex -62.9436 -18.8216 0
    endloop
  endfacet
  facet normal 0 0 -1
    outer loop
      vertex -62.7715 -18.3286 0
      vertex -63.6062 -18.1562 0
      vertex -63.5656 -17.973 0
    endloop
  endfacet
  facet normal 0 0 -1
    outer loop
      vertex -63.821 -18.6747 0
      vertex -62.9436 -18.8216 0
      vertex -62.9716 -18.9938 0
    endloop
  endfacet
  facet normal 0 0 -1
    outer loop
      vertex -63.9218 -18.8329 0
      vertex -62.9716 -18.9938 0
      vertex -62.9845 -19.1678 0
    endloop
  endfacet
  facet normal 0 0 -1
    outer loop
      vertex -62.7715 -18.3286 0
      vertex -63.5656 -17.973 0
      vertex -62.968 -17.7066 0
    endloop
  endfacet
  facet normal -0 0 -1
    outer loop
      vertex -63.3709 -17.3745 0
      vertex -63.5411 -17.4123 0
      vertex -63.4842 -17.2419 0
    endloop
  endfacet
  facet normal 0 0 -1
    outer loop
      vertex -63.5656 -17.2264 0
      vertex -63.4842 -17.2419 0
      vertex -63.5411 -17.4123 0
    endloop
  endfacet
  facet normal 0 0 -1
    outer loop
      vertex -63.5656 -17.2264 0
      vertex -63.5855 -17.0998 0
      vertex -63.4842 -17.2419 0
    endloop
  endfacet
  facet normal -0 -0 -1
    outer loop
      vertex -63.5855 -17.0998 0
      vertex -63.5656 -17.2264 0
      vertex -63.5986 -17.0777 0
    endloop
  endfacet
  facet normal 0 0 -1
    outer loop
      vertex -34.3555 -61.7553 0
      vertex -30.4033 -58.5175 0
      vertex -34.3096 -61.9009 0
    endloop
  endfacet
  facet normal -0 0 -1
    outer loop
      vertex -30.4033 -58.5175 0
      vertex -34.3555 -61.7553 0
      vertex -30.4961 -58.4691 0
    endloop
  endfacet
  facet normal 0 0 -1
    outer loop
      vertex -34.414 -61.6142 0
      vertex -30.4961 -58.4691 0
      vertex -34.3555 -61.7553 0
    endloop
  endfacet
  facet normal 0 0 -1
    outer loop
      vertex -34.4845 -61.4788 0
      vertex -30.4961 -58.4691 0
      vertex -34.414 -61.6142 0
    endloop
  endfacet
  facet normal 0 0 -1
    outer loop
      vertex -34.5665 -61.3501 0
      vertex -30.4961 -58.4691 0
      vertex -34.4845 -61.4788 0
    endloop
  endfacet
  facet normal 0 0 -1
    outer loop
      vertex -34.6594 -61.229 0
      vertex -30.4961 -58.4691 0
      vertex -34.5665 -61.3501 0
    endloop
  endfacet
  facet normal 0 0 -1
    outer loop
      vertex -34.7626 -61.1164 0
      vertex -30.4961 -58.4691 0
      vertex -34.6594 -61.229 0
    endloop
  endfacet
  facet normal -0 0 -1
    outer loop
      vertex -30.4961 -58.4691 0
      vertex -34.7626 -61.1164 0
      vertex -33.4241 -56.8461 0
    endloop
  endfacet
  facet normal 0 0 -1
    outer loop
      vertex -34.8751 -61.0133 0
      vertex -33.4241 -56.8461 0
      vertex -34.7626 -61.1164 0
    endloop
  endfacet
  facet normal 0 0 -1
    outer loop
      vertex -34.9962 -60.9203 0
      vertex -33.4241 -56.8461 0
      vertex -34.8751 -61.0133 0
    endloop
  endfacet
  facet normal 0 0 -1
    outer loop
      vertex -35.125 -60.8383 0
      vertex -33.4241 -56.8461 0
      vertex -34.9962 -60.9203 0
    endloop
  endfacet
  facet normal 0 0 -1
    outer loop
      vertex -35.2604 -60.7678 0
      vertex -33.4241 -56.8461 0
      vertex -35.125 -60.8383 0
    endloop
  endfacet
  facet normal 0 0 -1
    outer loop
      vertex -35.4015 -60.7094 0
      vertex -33.4241 -56.8461 0
      vertex -35.2604 -60.7678 0
    endloop
  endfacet
  facet normal -0 0 -1
    outer loop
      vertex -33.4241 -56.8461 0
      vertex -35.4015 -60.7094 0
      vertex -33.5144 -56.793 0
    endloop
  endfacet
  facet normal 0 0 -1
    outer loop
      vertex -35.5471 -60.6635 0
      vertex -33.5144 -56.793 0
      vertex -35.4015 -60.7094 0
    endloop
  endfacet
  facet normal 0 0 -1
    outer loop
      vertex -35.6961 -60.6304 0
      vertex -33.5144 -56.793 0
      vertex -35.5471 -60.6635 0
    endloop
  endfacet
  facet normal 0 0 -1
    outer loop
      vertex -35.8475 -60.6105 0
      vertex -33.5144 -56.793 0
      vertex -35.6961 -60.6304 0
    endloop
  endfacet
  facet normal 0 0 -1
    outer loop
      vertex -36 -60.6038 0
      vertex -33.5144 -56.793 0
      vertex -35.8475 -60.6105 0
    endloop
  endfacet
  facet normal 0 0 -1
    outer loop
      vertex -36.3534 -55.0189 0
      vertex -36 -60.6038 0
      vertex -36.1525 -60.6105 0
    endloop
  endfacet
  facet normal 0 0 -1
    outer loop
      vertex -36.3534 -55.0189 0
      vertex -36.1525 -60.6105 0
      vertex -36.3039 -60.6304 0
    endloop
  endfacet
  facet normal 0 0 -1
    outer loop
      vertex -36 -60.6038 0
      vertex -36.3534 -55.0189 0
      vertex -33.5144 -56.793 0
    endloop
  endfacet
  facet normal 0 0 -1
    outer loop
      vertex -36.4529 -60.6635 0
      vertex -36.3534 -55.0189 0
      vertex -36.3039 -60.6304 0
    endloop
  endfacet
  facet normal 0 0 -1
    outer loop
      vertex -36.5985 -60.7094 0
      vertex -36.3534 -55.0189 0
      vertex -36.4529 -60.6635 0
    endloop
  endfacet
  facet normal 0 0 -1
    outer loop
      vertex -36.7396 -60.7678 0
      vertex -36.3534 -55.0189 0
      vertex -36.5985 -60.7094 0
    endloop
  endfacet
  facet normal -0 0 -1
    outer loop
      vertex -36.3534 -55.0189 0
      vertex -36.7396 -60.7678 0
      vertex -36.4408 -54.9611 0
    endloop
  endfacet
  facet normal 0 0 -1
    outer loop
      vertex -36.875 -60.8383 0
      vertex -36.4408 -54.9611 0
      vertex -36.7396 -60.7678 0
    endloop
  endfacet
  facet normal 0 0 -1
    outer loop
      vertex -37.0038 -60.9203 0
      vertex -36.4408 -54.9611 0
      vertex -36.875 -60.8383 0
    endloop
  endfacet
  facet normal 0 0 -1
    outer loop
      vertex -37.1249 -61.0133 0
      vertex -36.4408 -54.9611 0
      vertex -37.0038 -60.9203 0
    endloop
  endfacet
  facet normal 0 0 -1
    outer loop
      vertex -37.2374 -61.1164 0
      vertex -36.4408 -54.9611 0
      vertex -37.1249 -61.0133 0
    endloop
  endfacet
  facet normal 0 0 -1
    outer loop
      vertex -39.1831 -53.0409 0
      vertex -37.2374 -61.1164 0
      vertex -37.3406 -61.229 0
    endloop
  endfacet
  facet normal 0 0 -1
    outer loop
      vertex -39.1831 -53.0409 0
      vertex -37.3406 -61.229 0
      vertex -37.4335 -61.3501 0
    endloop
  endfacet
  facet normal 0 0 -1
    outer loop
      vertex -39.1831 -53.0409 0
      vertex -37.4335 -61.3501 0
      vertex -37.5155 -61.4788 0
    endloop
  endfacet
  facet normal 0 0 -1
    outer loop
      vertex -44.739 -63.8939 0
      vertex -37.5155 -61.4788 0
      vertex -37.586 -61.6142 0
    endloop
  endfacet
  facet normal 0 0 -1
    outer loop
      vertex -44.739 -63.8939 0
      vertex -37.586 -61.6142 0
      vertex -37.6445 -61.7553 0
    endloop
  endfacet
  facet normal 0 0 -1
    outer loop
      vertex -44.739 -63.8939 0
      vertex -37.6445 -61.7553 0
      vertex -37.6904 -61.9009 0
    endloop
  endfacet
  facet normal 0 0 -1
    outer loop
      vertex -44.739 -63.8939 0
      vertex -37.6904 -61.9009 0
      vertex -37.7234 -62.0499 0
    endloop
  endfacet
  facet normal -0 0 -1
    outer loop
      vertex -37.7433 -62.5064 0
      vertex -44.739 -63.8939 0
      vertex -37.75 -62.3538 0
    endloop
  endfacet
  facet normal -0 0 -1
    outer loop
      vertex -37.75 -62.3538 0
      vertex -44.739 -63.8939 0
      vertex -37.7433 -62.2013 0
    endloop
  endfacet
  facet normal -0 0 -1
    outer loop
      vertex -37.7433 -62.2013 0
      vertex -44.739 -63.8939 0
      vertex -37.7234 -62.0499 0
    endloop
  endfacet
  facet normal -0 0 -1
    outer loop
      vertex -37.5155 -61.4788 0
      vertex -44.739 -63.8939 0
      vertex -39.1831 -53.0409 0
    endloop
  endfacet
  facet normal 0 0 -1
    outer loop
      vertex -37.2374 -61.1164 0
      vertex -39.1831 -53.0409 0
      vertex -36.4408 -54.9611 0
    endloop
  endfacet
  facet normal -0 0 -1
    outer loop
      vertex -39.1831 -53.0409 0
      vertex -44.739 -63.8939 0
      vertex -39.2673 -52.9786 0
    endloop
  endfacet
  facet normal 0 0 -1
    outer loop
      vertex -50.1374 -59.7515 0
      vertex -39.2673 -52.9786 0
      vertex -44.739 -63.8939 0
    endloop
  endfacet
  facet normal -0 0 -1
    outer loop
      vertex -39.2673 -52.9786 0
      vertex -50.1374 -59.7515 0
      vertex -41.9053 -50.9175 0
    endloop
  endfacet
  facet normal -0 0 -1
    outer loop
      vertex -41.9053 -50.9175 0
      vertex -50.1374 -59.7515 0
      vertex -41.9861 -50.851 0
    endloop
  endfacet
  facet normal -0 0 -1
    outer loop
      vertex -41.9861 -50.851 0
      vertex -50.1374 -59.7515 0
      vertex -44.5127 -48.6546 0
    endloop
  endfacet
  facet normal 0 0 -1
    outer loop
      vertex -55.1543 -55.1543 0
      vertex -44.5127 -48.6546 0
      vertex -50.1374 -59.7515 0
    endloop
  endfacet
  facet normal -0 0 -1
    outer loop
      vertex -44.5127 -48.6546 0
      vertex -55.1543 -55.1543 0
      vertex -44.6572 -48.5157 0
    endloop
  endfacet
  facet normal -0 0 -1
    outer loop
      vertex -44.6572 -48.5157 0
      vertex -55.1543 -55.1543 0
      vertex -44.7711 -48.3836 0
    endloop
  endfacet
  facet normal -0 0 -1
    outer loop
      vertex -44.7711 -48.3836 0
      vertex -55.1543 -55.1543 0
      vertex -44.8731 -48.242 0
    endloop
  endfacet
  facet normal 0 -0 -1
    outer loop
      vertex -46.6686 -46.5157 0
      vertex -44.8731 -48.242 0
      vertex -55.1543 -55.1543 0
    endloop
  endfacet
  facet normal -0 -0 -1
    outer loop
      vertex -46.5168 -46.6016 0
      vertex -44.8731 -48.242 0
      vertex -46.6686 -46.5157 0
    endloop
  endfacet
  facet normal 0 0 -1
    outer loop
      vertex -44.8731 -48.242 0
      vertex -46.5168 -46.6016 0
      vertex -44.9623 -48.092 0
    endloop
  endfacet
  facet normal -0 -0 -1
    outer loop
      vertex -46.358 -46.674 0
      vertex -44.9623 -48.092 0
      vertex -46.5168 -46.6016 0
    endloop
  endfacet
  facet normal 0 0 -1
    outer loop
      vertex -45.5041 -46.8169 0
      vertex -45.1997 -47.0844 0
      vertex -45.1974 -47.2588 0
    endloop
  endfacet
  facet normal -0 -0 -1
    outer loop
      vertex -46.1935 -46.7322 0
      vertex -45.0381 -47.9349 0
      vertex -46.358 -46.674 0
    endloop
  endfacet
  facet normal 0 0 -1
    outer loop
      vertex -45.0381 -47.9349 0
      vertex -46.1935 -46.7322 0
      vertex -45.0999 -47.7717 0
    endloop
  endfacet
  facet normal 0 0 -1
    outer loop
      vertex -45.1997 -47.0844 0
      vertex -45.5041 -46.8169 0
      vertex -45.3304 -46.8002 0
    endloop
  endfacet
  facet normal 0 0 -1
    outer loop
      vertex -45.1974 -47.2588 0
      vertex -45.6786 -46.8184 0
      vertex -45.5041 -46.8169 0
    endloop
  endfacet
  facet normal 0 0 -1
    outer loop
      vertex -45.1799 -47.4324 0
      vertex -45.6786 -46.8184 0
      vertex -45.1974 -47.2588 0
    endloop
  endfacet
  facet normal -0 -0 -1
    outer loop
      vertex -45.6786 -46.8184 0
      vertex -45.1799 -47.4324 0
      vertex -45.8525 -46.8047 0
    endloop
  endfacet
  facet normal 0 0 -1
    outer loop
      vertex -45.1473 -47.6038 0
      vertex -45.8525 -46.8047 0
      vertex -45.1799 -47.4324 0
    endloop
  endfacet
  facet normal -0 -0 -1
    outer loop
      vertex -45.8525 -46.8047 0
      vertex -45.1473 -47.6038 0
      vertex -46.0246 -46.7759 0
    endloop
  endfacet
  facet normal 0 0 -1
    outer loop
      vertex -45.0999 -47.7717 0
      vertex -46.0246 -46.7759 0
      vertex -45.1473 -47.6038 0
    endloop
  endfacet
  facet normal -0 -0 -1
    outer loop
      vertex -46.0246 -46.7759 0
      vertex -45.0999 -47.7717 0
      vertex -46.1935 -46.7322 0
    endloop
  endfacet
  facet normal 0 0 -1
    outer loop
      vertex -44.9623 -48.092 0
      vertex -46.358 -46.674 0
      vertex -45.0381 -47.9349 0
    endloop
  endfacet
  facet normal -0 0 -1
    outer loop
      vertex -46.6686 -46.5157 0
      vertex -55.1543 -55.1543 0
      vertex -46.8124 -46.4169 0
    endloop
  endfacet
  facet normal -0 0 -1
    outer loop
      vertex -46.8124 -46.4169 0
      vertex -55.1543 -55.1543 0
      vertex -46.9471 -46.3059 0
    endloop
  endfacet
  facet normal -0 0 -1
    outer loop
      vertex -46.9471 -46.3059 0
      vertex -55.1543 -55.1543 0
      vertex -47.0715 -46.1836 0
    endloop
  endfacet
  facet normal -0 0 -1
    outer loop
      vertex -47.0715 -46.1836 0
      vertex -55.1543 -55.1543 0
      vertex -49.3547 -43.7352 0
    endloop
  endfacet
  facet normal 0 0 -1
    outer loop
      vertex -59.7515 -50.1374 0
      vertex -49.3547 -43.7352 0
      vertex -55.1543 -55.1543 0
    endloop
  endfacet
  facet normal -0 0 -1
    outer loop
      vertex -49.3547 -43.7352 0
      vertex -59.7515 -50.1374 0
      vertex -49.424 -43.6568 0
    endloop
  endfacet
  facet normal -0 0 -1
    outer loop
      vertex -49.424 -43.6568 0
      vertex -59.7515 -50.1374 0
      vertex -51.576 -41.0923 0
    endloop
  endfacet
  facet normal -0 0 -1
    outer loop
      vertex -51.576 -41.0923 0
      vertex -59.7515 -50.1374 0
      vertex -51.6411 -41.0103 0
    endloop
  endfacet
  facet normal 0 0 -1
    outer loop
      vertex -63.8939 -44.739 0
      vertex -51.6411 -41.0103 0
      vertex -59.7515 -50.1374 0
    endloop
  endfacet
  facet normal -0 0 -1
    outer loop
      vertex -51.6411 -41.0103 0
      vertex -63.8939 -44.739 0
      vertex -53.6559 -38.3367 0
    endloop
  endfacet
  facet normal -0 0 -1
    outer loop
      vertex -53.6559 -38.3367 0
      vertex -63.8939 -44.739 0
      vertex -53.7167 -38.2514 0
    endloop
  endfacet
  facet normal -0 0 -1
    outer loop
      vertex -53.7167 -38.2514 0
      vertex -63.8939 -44.739 0
      vertex -55.5887 -35.476 0
    endloop
  endfacet
  facet normal -0 0 -1
    outer loop
      vertex -55.5887 -35.476 0
      vertex -63.8939 -44.739 0
      vertex -55.645 -35.3877 0
    endloop
  endfacet
  facet normal 0 0 -1
    outer loop
      vertex -67.55 -39 0
      vertex -55.645 -35.3877 0
      vertex -63.8939 -44.739 0
    endloop
  endfacet
  facet normal -0 0 -1
    outer loop
      vertex -55.645 -35.3877 0
      vertex -67.55 -39 0
      vertex -57.3692 -32.5181 0
    endloop
  endfacet
  facet normal -0 0 -1
    outer loop
      vertex -57.3692 -32.5181 0
      vertex -67.55 -39 0
      vertex -57.4208 -32.427 0
    endloop
  endfacet
  facet normal -0 0 -1
    outer loop
      vertex -57.4208 -32.427 0
      vertex -67.55 -39 0
      vertex -58.9925 -29.4711 0
    endloop
  endfacet
  facet normal 0 0 -1
    outer loop
      vertex -70.692 -32.9642 0
      vertex -58.9925 -29.4711 0
      vertex -67.55 -39 0
    endloop
  endfacet
  facet normal -0 0 -1
    outer loop
      vertex -58.9925 -29.4711 0
      vertex -70.692 -32.9642 0
      vertex -59.0392 -29.3773 0
    endloop
  endfacet
  facet normal -0 0 -1
    outer loop
      vertex -59.0392 -29.3773 0
      vertex -70.692 -32.9642 0
      vertex -60.454 -26.3432 0
    endloop
  endfacet
  facet normal -0 0 -1
    outer loop
      vertex -60.454 -26.3432 0
      vertex -70.692 -32.9642 0
      vertex -60.4958 -26.2472 0
    endloop
  endfacet
  facet normal 0 0 -1
    outer loop
      vertex -73.296 -26.6776 0
      vertex -60.4958 -26.2472 0
      vertex -70.692 -32.9642 0
    endloop
  endfacet
  facet normal -0 0 -1
    outer loop
      vertex -60.4958 -26.2472 0
      vertex -73.296 -26.6776 0
      vertex -61.7499 -23.1432 0
    endloop
  endfacet
  facet normal 0 0 -1
    outer loop
      vertex -64.036 -18.9817 0
      vertex -62.9845 -19.1678 0
      vertex -62.9822 -19.3422 0
    endloop
  endfacet
  facet normal 0 0 -1
    outer loop
      vertex -62.7715 -18.3286 0
      vertex -62.968 -17.7066 0
      vertex -62.8162 -17.7926 0
    endloop
  endfacet
  facet normal 0 0 -1
    outer loop
      vertex -64.036 -18.9817 0
      vertex -62.9822 -19.3422 0
      vertex -62.9647 -19.5158 0
    endloop
  endfacet
  facet normal 0 -0 -1
    outer loop
      vertex -66.0563 -19.717 0
      vertex -61.7499 -23.1432 0
      vertex -73.296 -26.6776 0
    endloop
  endfacet
  facet normal 0 0 -1
    outer loop
      vertex -62.9006 -18.6525 0
      vertex -63.7344 -18.5083 0
      vertex -63.6626 -18.335 0
    endloop
  endfacet
  facet normal 0 -0 -1
    outer loop
      vertex -63.5411 -17.7871 0
      vertex -63.1118 -17.6078 0
      vertex -63.5656 -17.973 0
    endloop
  endfacet
  facet normal -0 0 -1
    outer loop
      vertex -63.2464 -17.4968 0
      vertex -63.533 -17.5997 0
      vertex -63.3709 -17.3745 0
    endloop
  endfacet
  facet normal 0 0 -1
    outer loop
      vertex -63.5411 -17.4123 0
      vertex -63.3709 -17.3745 0
      vertex -63.533 -17.5997 0
    endloop
  endfacet
  facet normal 0 -0 -1
    outer loop
      vertex -63.533 -17.5997 0
      vertex -63.2464 -17.4968 0
      vertex -63.5411 -17.7871 0
    endloop
  endfacet
  facet normal -0 0 -1
    outer loop
      vertex -63.1118 -17.6078 0
      vertex -63.5411 -17.7871 0
      vertex -63.2464 -17.4968 0
    endloop
  endfacet
  facet normal -0 0 -1
    outer loop
      vertex -62.968 -17.7066 0
      vertex -63.5656 -17.973 0
      vertex -63.1118 -17.6078 0
    endloop
  endfacet
  facet normal 0 0 -1
    outer loop
      vertex -62.8431 -18.4877 0
      vertex -63.6626 -18.335 0
      vertex -63.6062 -18.1562 0
    endloop
  endfacet
  facet normal 0 0 -1
    outer loop
      vertex -62.9436 -18.8216 0
      vertex -63.821 -18.6747 0
      vertex -63.7344 -18.5083 0
    endloop
  endfacet
  facet normal 0 -0 -1
    outer loop
      vertex -65.3096 -19.717 0
      vertex -61.7865 -23.0452 0
      vertex -65.4956 -19.7415 0
    endloop
  endfacet
  facet normal 0 0 -1
    outer loop
      vertex -62.9716 -18.9938 0
      vertex -63.9218 -18.8329 0
      vertex -63.821 -18.6747 0
    endloop
  endfacet
  facet normal 0 0 -1
    outer loop
      vertex -62.9845 -19.1678 0
      vertex -64.036 -18.9817 0
      vertex -63.9218 -18.8329 0
    endloop
  endfacet
  facet normal 0 -0 -1
    outer loop
      vertex -64.9476 -19.62 0
      vertex -61.7865 -23.0452 0
      vertex -65.1265 -19.6764 0
    endloop
  endfacet
  facet normal 0 0 -1
    outer loop
      vertex -62.9647 -19.5158 0
      vertex -64.1627 -19.12 0
      vertex -64.036 -18.9817 0
    endloop
  endfacet
  facet normal 0 0 -1
    outer loop
      vertex -62.9321 -19.6873 0
      vertex -64.1627 -19.12 0
      vertex -62.9647 -19.5158 0
    endloop
  endfacet
  facet normal 0 -0 -1
    outer loop
      vertex -64.1627 -19.12 0
      vertex -62.9321 -19.6873 0
      vertex -64.301 -19.2467 0
    endloop
  endfacet
  facet normal 0 -0 -1
    outer loop
      vertex -64.301 -19.2467 0
      vertex -62.9321 -19.6873 0
      vertex -64.4498 -19.3609 0
    endloop
  endfacet
  facet normal 0 -0 -1
    outer loop
      vertex -64.7743 -19.5483 0
      vertex -62.8765 -19.8798 0
      vertex -64.9476 -19.62 0
    endloop
  endfacet
  facet normal 0 0 -1
    outer loop
      vertex -62.8765 -19.8798 0
      vertex -64.4498 -19.3609 0
      vertex -62.9321 -19.6873 0
    endloop
  endfacet
  facet normal 0 -0 -1
    outer loop
      vertex -64.4498 -19.3609 0
      vertex -62.8765 -19.8798 0
      vertex -64.608 -19.4616 0
    endloop
  endfacet
  facet normal 0 -0 -1
    outer loop
      vertex -64.608 -19.4616 0
      vertex -62.8765 -19.8798 0
      vertex -64.7743 -19.5483 0
    endloop
  endfacet
  facet normal 0 0 -1
    outer loop
      vertex -61.7865 -23.0452 0
      vertex -64.9476 -19.62 0
      vertex -62.8765 -19.8798 0
    endloop
  endfacet
  facet normal 0 -0 -1
    outer loop
      vertex -65.1265 -19.6764 0
      vertex -61.7865 -23.0452 0
      vertex -65.3096 -19.717 0
    endloop
  endfacet
  facet normal 0 0 -1
    outer loop
      vertex -61.7865 -23.0452 0
      vertex -65.683 -19.7497 0
      vertex -65.4956 -19.7415 0
    endloop
  endfacet
  facet normal 0 0 -1
    outer loop
      vertex -61.7499 -23.1432 0
      vertex -66.0563 -19.717 0
      vertex -61.7865 -23.0452 0
    endloop
  endfacet
  facet normal 0 0 -1
    outer loop
      vertex -61.7865 -23.0452 0
      vertex -65.8703 -19.7415 0
      vertex -65.683 -19.7497 0
    endloop
  endfacet
  facet normal 0 0 -1
    outer loop
      vertex -61.7865 -23.0452 0
      vertex -66.0563 -19.717 0
      vertex -65.8703 -19.7415 0
    endloop
  endfacet
  facet normal -0 0 -1
    outer loop
      vertex -66.0563 -19.717 0
      vertex -73.296 -26.6776 0
      vertex -66.2394 -19.6764 0
    endloop
  endfacet
  facet normal -0 0 -1
    outer loop
      vertex -66.2394 -19.6764 0
      vertex -73.296 -26.6776 0
      vertex -66.4183 -19.62 0
    endloop
  endfacet
  facet normal -0 0 -1
    outer loop
      vertex -66.4183 -19.62 0
      vertex -73.296 -26.6776 0
      vertex -66.5916 -19.5483 0
    endloop
  endfacet
  facet normal -0 0 -1
    outer loop
      vertex -66.5916 -19.5483 0
      vertex -73.296 -26.6776 0
      vertex -66.758 -19.4616 0
    endloop
  endfacet
  facet normal -0 0 -1
    outer loop
      vertex -66.758 -19.4616 0
      vertex -73.296 -26.6776 0
      vertex -66.9161 -19.3609 0
    endloop
  endfacet
  facet normal -0 0 -1
    outer loop
      vertex -66.9161 -19.3609 0
      vertex -73.296 -26.6776 0
      vertex -67.0649 -19.2467 0
    endloop
  endfacet
  facet normal -0 0 -1
    outer loop
      vertex -67.0649 -19.2467 0
      vertex -73.296 -26.6776 0
      vertex -67.2032 -19.12 0
    endloop
  endfacet
  facet normal -0 0 -1
    outer loop
      vertex -67.2032 -19.12 0
      vertex -73.296 -26.6776 0
      vertex -67.3299 -18.9817 0
    endloop
  endfacet
  facet normal 0 0 -1
    outer loop
      vertex -75.3422 -20.1879 0
      vertex -67.3299 -18.9817 0
      vertex -73.296 -26.6776 0
    endloop
  endfacet
  facet normal -0 0 -1
    outer loop
      vertex -67.3299 -18.9817 0
      vertex -75.3422 -20.1879 0
      vertex -67.4441 -18.8329 0
    endloop
  endfacet
  facet normal -0 0 -1
    outer loop
      vertex -67.4441 -18.8329 0
      vertex -75.3422 -20.1879 0
      vertex -67.5449 -18.6747 0
    endloop
  endfacet
  facet normal -0 0 -1
    outer loop
      vertex -67.5449 -18.6747 0
      vertex -75.3422 -20.1879 0
      vertex -67.6315 -18.5083 0
    endloop
  endfacet
  facet normal -0 0 -1
    outer loop
      vertex -67.6315 -18.5083 0
      vertex -75.3422 -20.1879 0
      vertex -67.7033 -18.335 0
    endloop
  endfacet
  facet normal -0 0 -1
    outer loop
      vertex -67.7033 -18.335 0
      vertex -75.3422 -20.1879 0
      vertex -67.7597 -18.1562 0
    endloop
  endfacet
  facet normal -0 0 -1
    outer loop
      vertex -67.7597 -18.1562 0
      vertex -75.3422 -20.1879 0
      vertex -67.8003 -17.973 0
    endloop
  endfacet
  facet normal 0 0 -1
    outer loop
      vertex -67.833 -17.5997 0
      vertex -70.2567 -0.152522 0
      vertex -70.25 0 0
    endloop
  endfacet
  facet normal 0 0 -1
    outer loop
      vertex -67.833 -17.5997 0
      vertex -70.2766 -0.303884 0
      vertex -70.2567 -0.152522 0
    endloop
  endfacet
  facet normal 0 0 -1
    outer loop
      vertex -67.833 -17.5997 0
      vertex -70.3096 -0.452933 0
      vertex -70.2766 -0.303884 0
    endloop
  endfacet
  facet normal 0 0 -1
    outer loop
      vertex -67.833 -17.5997 0
      vertex -70.3555 -0.598535 0
      vertex -70.3096 -0.452933 0
    endloop
  endfacet
  facet normal 0 0 -1
    outer loop
      vertex -67.833 -17.5997 0
      vertex -70.414 -0.739581 0
      vertex -70.3555 -0.598535 0
    endloop
  endfacet
  facet normal -0 0 -1
    outer loop
      vertex -67.8003 -17.973 0
      vertex -75.3422 -20.1879 0
      vertex -67.8248 -17.7871 0
    endloop
  endfacet
  facet normal 0 0 -1
    outer loop
      vertex -67.833 -17.5997 0
      vertex -70.4845 -0.875 0
      vertex -70.414 -0.739581 0
    endloop
  endfacet
  facet normal -0 0 -1
    outer loop
      vertex -67.8248 -17.7871 0
      vertex -75.3422 -20.1879 0
      vertex -67.833 -17.5997 0
    endloop
  endfacet
  facet normal 0 0 -1
    outer loop
      vertex -67.833 -17.5997 0
      vertex -70.5665 -1.00376 0
      vertex -70.4845 -0.875 0
    endloop
  endfacet
  facet normal 0 0 -1
    outer loop
      vertex -67.833 -17.5997 0
      vertex -70.6594 -1.12488 0
      vertex -70.5665 -1.00376 0
    endloop
  endfacet
  facet normal 0 0 -1
    outer loop
      vertex -76.815 -13.5446 0
      vertex -67.833 -17.5997 0
      vertex -75.3422 -20.1879 0
    endloop
  endfacet
  facet normal 0 0 -1
    outer loop
      vertex -67.833 -17.5997 0
      vertex -70.7626 -1.23744 0
      vertex -70.6594 -1.12488 0
    endloop
  endfacet
  facet normal 0 0 -1
    outer loop
      vertex -67.833 -17.5997 0
      vertex -70.8751 -1.34058 0
      vertex -70.7626 -1.23744 0
    endloop
  endfacet
  facet normal 0 -0 -1
    outer loop
      vertex -71.5471 -1.69037 0
      vertex -67.833 -17.5997 0
      vertex -76.815 -13.5446 0
    endloop
  endfacet
  facet normal 0 0 -1
    outer loop
      vertex -67.833 -17.5997 0
      vertex -70.9962 -1.43352 0
      vertex -70.8751 -1.34058 0
    endloop
  endfacet
  facet normal 0 0 -1
    outer loop
      vertex -67.833 -17.5997 0
      vertex -71.125 -1.51554 0
      vertex -70.9962 -1.43352 0
    endloop
  endfacet
  facet normal 0 0 -1
    outer loop
      vertex -67.833 -17.5997 0
      vertex -71.2604 -1.58604 0
      vertex -71.125 -1.51554 0
    endloop
  endfacet
  facet normal 0 0 -1
    outer loop
      vertex -67.833 -17.5997 0
      vertex -71.4015 -1.64446 0
      vertex -71.2604 -1.58604 0
    endloop
  endfacet
  facet normal 0 0 -1
    outer loop
      vertex -67.833 -17.5997 0
      vertex -71.5471 -1.69037 0
      vertex -71.4015 -1.64446 0
    endloop
  endfacet
  facet normal 0 0 -1
    outer loop
      vertex -71.5471 -1.69037 0
      vertex -76.815 -13.5446 0
      vertex -71.6961 -1.72341 0
    endloop
  endfacet
  facet normal 0 0 -1
    outer loop
      vertex -77.7032 -6.79815 0
      vertex -71.6961 -1.72341 0
      vertex -76.815 -13.5446 0
    endloop
  endfacet
  facet normal 0 0 -1
    outer loop
      vertex -71.6961 -1.72341 0
      vertex -77.7032 -6.79815 0
      vertex -71.8475 -1.74334 0
    endloop
  endfacet
  facet normal 0 0 -1
    outer loop
      vertex -71.8475 -1.74334 0
      vertex -77.7032 -6.79815 0
      vertex -72 -1.75 0
    endloop
  endfacet
  facet normal -0 0 -1
    outer loop
      vertex -72 -1.75 0
      vertex -77.7032 -6.79815 0
      vertex -72.1525 -1.74334 0
    endloop
  endfacet
  facet normal -0 0 -1
    outer loop
      vertex -72.1525 -1.74334 0
      vertex -77.7032 -6.79815 0
      vertex -72.3039 -1.72341 0
    endloop
  endfacet
  facet normal -0 0 -1
    outer loop
      vertex -72.3039 -1.72341 0
      vertex -77.7032 -6.79815 0
      vertex -72.4529 -1.69037 0
    endloop
  endfacet
  facet normal -0 0 -1
    outer loop
      vertex -72.4529 -1.69037 0
      vertex -77.7032 -6.79815 0
      vertex -72.5985 -1.64446 0
    endloop
  endfacet
  facet normal -0 0 -1
    outer loop
      vertex -72.5985 -1.64446 0
      vertex -77.7032 -6.79815 0
      vertex -72.7396 -1.58604 0
    endloop
  endfacet
  facet normal -0 0 -1
    outer loop
      vertex -72.7396 -1.58604 0
      vertex -77.7032 -6.79815 0
      vertex -72.875 -1.51554 0
    endloop
  endfacet
  facet normal -0 0 -1
    outer loop
      vertex -72.875 -1.51554 0
      vertex -77.7032 -6.79815 0
      vertex -73.0038 -1.43352 0
    endloop
  endfacet
  facet normal -0 0 -1
    outer loop
      vertex -73.0038 -1.43352 0
      vertex -77.7032 -6.79815 0
      vertex -73.1249 -1.34058 0
    endloop
  endfacet
  facet normal -0 0 -1
    outer loop
      vertex -73.1249 -1.34058 0
      vertex -77.7032 -6.79815 0
      vertex -73.2374 -1.23744 0
    endloop
  endfacet
  facet normal -0 0 -1
    outer loop
      vertex -73.2374 -1.23744 0
      vertex -77.7032 -6.79815 0
      vertex -73.3406 -1.12488 0
    endloop
  endfacet
  facet normal -0 0 -1
    outer loop
      vertex -73.3406 -1.12488 0
      vertex -77.7032 -6.79815 0
      vertex -73.4335 -1.00376 0
    endloop
  endfacet
  facet normal 0 0 -1
    outer loop
      vertex -78 0 0
      vertex -73.4335 -1.00376 0
      vertex -77.7032 -6.79815 0
    endloop
  endfacet
  facet normal 0 0 -1
    outer loop
      vertex -73.4335 -1.00376 0
      vertex -78 0 0
      vertex -73.5155 -0.875 0
    endloop
  endfacet
  facet normal 0 0 -1
    outer loop
      vertex -73.5155 -0.875 0
      vertex -78 0 0
      vertex -73.586 -0.739581 0
    endloop
  endfacet
  facet normal 0 0 -1
    outer loop
      vertex -73.586 -0.739581 0
      vertex -78 0 0
      vertex -73.6445 -0.598535 0
    endloop
  endfacet
  facet normal 0 0 -1
    outer loop
      vertex -73.6445 -0.598535 0
      vertex -78 0 0
      vertex -73.6904 -0.452933 0
    endloop
  endfacet
  facet normal 0 0 -1
    outer loop
      vertex -29.3773 59.0392 0
      vertex -34.2766 62.6577 0
      vertex -34.3096 62.8068 0
    endloop
  endfacet
  facet normal 0 0 -1
    outer loop
      vertex -26.3432 60.454 0
      vertex -34.3096 62.8068 0
      vertex -34.3555 62.9524 0
    endloop
  endfacet
  facet normal 0 0 -1
    outer loop
      vertex -26.3432 60.454 0
      vertex -34.3555 62.9524 0
      vertex -34.414 63.0934 0
    endloop
  endfacet
  facet normal 0 0 -1
    outer loop
      vertex -26.2472 60.4958 0
      vertex -32.9642 70.692 0
      vertex -26.6776 73.296 0
    endloop
  endfacet
  facet normal 0 0 -1
    outer loop
      vertex -26.3432 60.454 0
      vertex -34.414 63.0934 0
      vertex -32.9642 70.692 0
    endloop
  endfacet
  facet normal 0 0 -1
    outer loop
      vertex -34.4845 63.2288 0
      vertex -32.9642 70.692 0
      vertex -34.414 63.0934 0
    endloop
  endfacet
  facet normal 0 0 -1
    outer loop
      vertex -34.5665 63.3576 0
      vertex -32.9642 70.692 0
      vertex -34.4845 63.2288 0
    endloop
  endfacet
  facet normal 0 0 -1
    outer loop
      vertex -34.6594 63.4787 0
      vertex -32.9642 70.692 0
      vertex -34.5665 63.3576 0
    endloop
  endfacet
  facet normal 0 0 -1
    outer loop
      vertex -34.7626 63.5913 0
      vertex -32.9642 70.692 0
      vertex -34.6594 63.4787 0
    endloop
  endfacet
  facet normal 0 0 -1
    outer loop
      vertex -34.8751 63.6944 0
      vertex -32.9642 70.692 0
      vertex -34.7626 63.5913 0
    endloop
  endfacet
  facet normal 0 0 -1
    outer loop
      vertex -34.9962 63.7873 0
      vertex -32.9642 70.692 0
      vertex -34.8751 63.6944 0
    endloop
  endfacet
  facet normal 0 0 -1
    outer loop
      vertex -35.125 63.8694 0
      vertex -32.9642 70.692 0
      vertex -34.9962 63.7873 0
    endloop
  endfacet
  facet normal 0 0 -1
    outer loop
      vertex -35.2604 63.9399 0
      vertex -32.9642 70.692 0
      vertex -35.125 63.8694 0
    endloop
  endfacet
  facet normal 0 0 -1
    outer loop
      vertex -35.4015 63.9983 0
      vertex -32.9642 70.692 0
      vertex -35.2604 63.9399 0
    endloop
  endfacet
  facet normal 0 0 -1
    outer loop
      vertex -35.5471 64.0442 0
      vertex -32.9642 70.692 0
      vertex -35.4015 63.9983 0
    endloop
  endfacet
  facet normal 0 0 -1
    outer loop
      vertex -35.6961 64.0772 0
      vertex -32.9642 70.692 0
      vertex -35.5471 64.0442 0
    endloop
  endfacet
  facet normal 0 0 -1
    outer loop
      vertex -35.8475 64.0972 0
      vertex -32.9642 70.692 0
      vertex -35.6961 64.0772 0
    endloop
  endfacet
  facet normal 0 0 -1
    outer loop
      vertex -39 67.55 0
      vertex -35.8475 64.0972 0
      vertex -36 64.1038 0
    endloop
  endfacet
  facet normal 0 0 -1
    outer loop
      vertex -39 67.55 0
      vertex -36 64.1038 0
      vertex -36.1525 64.0972 0
    endloop
  endfacet
  facet normal 0 0 -1
    outer loop
      vertex -39 67.55 0
      vertex -36.1525 64.0972 0
      vertex -36.3039 64.0772 0
    endloop
  endfacet
  facet normal 0 0 -1
    outer loop
      vertex -39 67.55 0
      vertex -36.3039 64.0772 0
      vertex -36.4529 64.0442 0
    endloop
  endfacet
  facet normal 0 0 -1
    outer loop
      vertex -39 67.55 0
      vertex -36.4529 64.0442 0
      vertex -36.5985 63.9983 0
    endloop
  endfacet
  facet normal 0 0 -1
    outer loop
      vertex -39 67.55 0
      vertex -36.5985 63.9983 0
      vertex -36.7396 63.9399 0
    endloop
  endfacet
  facet normal 0 0 -1
    outer loop
      vertex -39 67.55 0
      vertex -36.7396 63.9399 0
      vertex -36.875 63.8694 0
    endloop
  endfacet
  facet normal 0 0 -1
    outer loop
      vertex -39 67.55 0
      vertex -36.875 63.8694 0
      vertex -37.0038 63.7873 0
    endloop
  endfacet
  facet normal 0 0 -1
    outer loop
      vertex -39 67.55 0
      vertex -37.0038 63.7873 0
      vertex -37.1249 63.6944 0
    endloop
  endfacet
  facet normal 0 0 -1
    outer loop
      vertex -39 67.55 0
      vertex -37.1249 63.6944 0
      vertex -37.2374 63.5913 0
    endloop
  endfacet
  facet normal 0 0 -1
    outer loop
      vertex -39 67.55 0
      vertex -37.2374 63.5913 0
      vertex -37.3406 63.4787 0
    endloop
  endfacet
  facet normal 0 0 -1
    outer loop
      vertex -39 67.55 0
      vertex -37.3406 63.4787 0
      vertex -37.4335 63.3576 0
    endloop
  endfacet
  facet normal 0 0 -1
    outer loop
      vertex -39 67.55 0
      vertex -37.4335 63.3576 0
      vertex -37.5155 63.2288 0
    endloop
  endfacet
  facet normal 0 0 -1
    outer loop
      vertex -37.7234 62.0499 0
      vertex -44.739 63.8939 0
      vertex -37.7433 62.2013 0
    endloop
  endfacet
  facet normal 0 0 -1
    outer loop
      vertex -37.7433 62.2013 0
      vertex -44.739 63.8939 0
      vertex -37.75 62.3538 0
    endloop
  endfacet
  facet normal 0 0 -1
    outer loop
      vertex -35.8475 64.0972 0
      vertex -39 67.55 0
      vertex -32.9642 70.692 0
    endloop
  endfacet
  facet normal 0 0 -1
    outer loop
      vertex -37.586 63.0934 0
      vertex -39 67.55 0
      vertex -37.5155 63.2288 0
    endloop
  endfacet
  facet normal 0 0 -1
    outer loop
      vertex -37.6445 62.9524 0
      vertex -39 67.55 0
      vertex -37.586 63.0934 0
    endloop
  endfacet
  facet normal 0 0 -1
    outer loop
      vertex -44.739 63.8939 0
      vertex -37.6445 62.9524 0
      vertex -37.6904 62.8068 0
    endloop
  endfacet
  facet normal 0 0 -1
    outer loop
      vertex -44.739 63.8939 0
      vertex -37.6904 62.8068 0
      vertex -37.7234 62.6577 0
    endloop
  endfacet
  facet normal 0 0 -1
    outer loop
      vertex -44.739 63.8939 0
      vertex -37.7234 62.6577 0
      vertex -37.7433 62.5064 0
    endloop
  endfacet
  facet normal 0 0 -1
    outer loop
      vertex -37.75 62.3538 0
      vertex -44.739 63.8939 0
      vertex -37.7433 62.5064 0
    endloop
  endfacet
  facet normal 0 0 -1
    outer loop
      vertex -44.739 63.8939 0
      vertex -38.3367 53.6559 0
      vertex -41.0103 51.6411 0
    endloop
  endfacet
  facet normal 0 0 -1
    outer loop
      vertex -50.1374 59.7515 0
      vertex -41.0103 51.6411 0
      vertex -41.0923 51.576 0
    endloop
  endfacet
  facet normal 0 0 -1
    outer loop
      vertex -50.1374 59.7515 0
      vertex -41.0923 51.576 0
      vertex -43.6568 49.424 0
    endloop
  endfacet
  facet normal 0 0 -1
    outer loop
      vertex -50.1374 59.7515 0
      vertex -43.6568 49.424 0
      vertex -43.7352 49.3547 0
    endloop
  endfacet
  facet normal 0 0 -1
    outer loop
      vertex -37.6445 62.9524 0
      vertex -44.739 63.8939 0
      vertex -39 67.55 0
    endloop
  endfacet
  facet normal 0 0 -1
    outer loop
      vertex -55.1543 55.1543 0
      vertex -43.7352 49.3547 0
      vertex -46.1836 47.0715 0
    endloop
  endfacet
  facet normal 0 0 -1
    outer loop
      vertex -55.1543 55.1543 0
      vertex -46.1836 47.0715 0
      vertex -46.3059 46.9471 0
    endloop
  endfacet
  facet normal 0 0 -1
    outer loop
      vertex -55.1543 55.1543 0
      vertex -46.3059 46.9471 0
      vertex -46.4169 46.8124 0
    endloop
  endfacet
  facet normal 0 0 -1
    outer loop
      vertex -55.1543 55.1543 0
      vertex -46.4169 46.8124 0
      vertex -46.5157 46.6686 0
    endloop
  endfacet
  facet normal 0 0 -1
    outer loop
      vertex -48.242 44.8731 0
      vertex -46.5157 46.6686 0
      vertex -46.6016 46.5168 0
    endloop
  endfacet
  facet normal 0 0 -1
    outer loop
      vertex -48.092 44.9623 0
      vertex -46.6016 46.5168 0
      vertex -46.674 46.358 0
    endloop
  endfacet
  facet normal 0 0 -1
    outer loop
      vertex -47.9349 45.0381 0
      vertex -46.674 46.358 0
      vertex -46.7322 46.1935 0
    endloop
  endfacet
  facet normal 0 0 -1
    outer loop
      vertex -47.7717 45.0999 0
      vertex -46.7322 46.1935 0
      vertex -46.7759 46.0246 0
    endloop
  endfacet
  facet normal 0 0 -1
    outer loop
      vertex -47.6038 45.1473 0
      vertex -46.7759 46.0246 0
      vertex -46.8047 45.8525 0
    endloop
  endfacet
  facet normal 0 0 -1
    outer loop
      vertex -47.2588 45.1974 0
      vertex -46.8169 45.5041 0
      vertex -47.0844 45.1997 0
    endloop
  endfacet
  facet normal -0 0 -1
    outer loop
      vertex -46.8169 45.5041 0
      vertex -47.2588 45.1974 0
      vertex -46.8184 45.6786 0
    endloop
  endfacet
  facet normal 0 0 -1
    outer loop
      vertex -47.4324 45.1799 0
      vertex -46.8184 45.6786 0
      vertex -47.2588 45.1974 0
    endloop
  endfacet
  facet normal -0 0 -1
    outer loop
      vertex -46.8184 45.6786 0
      vertex -47.4324 45.1799 0
      vertex -46.8047 45.8525 0
    endloop
  endfacet
  facet normal 0 0 -1
    outer loop
      vertex -47.6038 45.1473 0
      vertex -46.8047 45.8525 0
      vertex -47.4324 45.1799 0
    endloop
  endfacet
  facet normal 0 0 -1
    outer loop
      vertex -46.7759 46.0246 0
      vertex -47.6038 45.1473 0
      vertex -47.7717 45.0999 0
    endloop
  endfacet
  facet normal 0 0 -1
    outer loop
      vertex -46.7322 46.1935 0
      vertex -47.7717 45.0999 0
      vertex -47.9349 45.0381 0
    endloop
  endfacet
  facet normal 0 0 -1
    outer loop
      vertex -46.674 46.358 0
      vertex -47.9349 45.0381 0
      vertex -48.092 44.9623 0
    endloop
  endfacet
  facet normal 0 0 -1
    outer loop
      vertex -46.6016 46.5168 0
      vertex -48.092 44.9623 0
      vertex -48.242 44.8731 0
    endloop
  endfacet
  facet normal -0 0 -1
    outer loop
      vertex -46.5157 46.6686 0
      vertex -48.242 44.8731 0
      vertex -55.1543 55.1543 0
    endloop
  endfacet
  facet normal 0 0 -1
    outer loop
      vertex -55.1543 55.1543 0
      vertex -48.242 44.8731 0
      vertex -48.3836 44.7711 0
    endloop
  endfacet
  facet normal 0 0 -1
    outer loop
      vertex -55.1543 55.1543 0
      vertex -48.3836 44.7711 0
      vertex -48.5157 44.6572 0
    endloop
  endfacet
  facet normal 0 0 -1
    outer loop
      vertex -55.1543 55.1543 0
      vertex -48.5157 44.6572 0
      vertex -48.6546 44.5127 0
    endloop
  endfacet
  facet normal 0 0 -1
    outer loop
      vertex -41.0103 51.6411 0
      vertex -50.1374 59.7515 0
      vertex -44.739 63.8939 0
    endloop
  endfacet
  facet normal 0 0 -1
    outer loop
      vertex -59.7515 50.1374 0
      vertex -48.6546 44.5127 0
      vertex -50.851 41.9861 0
    endloop
  endfacet
  facet normal 0 0 -1
    outer loop
      vertex -59.7515 50.1374 0
      vertex -50.851 41.9861 0
      vertex -50.9175 41.9053 0
    endloop
  endfacet
  facet normal 0 0 -1
    outer loop
      vertex -59.7515 50.1374 0
      vertex -50.9175 41.9053 0
      vertex -52.9786 39.2673 0
    endloop
  endfacet
  facet normal 0 0 -1
    outer loop
      vertex -63.8939 44.739 0
      vertex -52.9786 39.2673 0
      vertex -53.0409 39.1831 0
    endloop
  endfacet
  facet normal 0 0 -1
    outer loop
      vertex -63.8939 44.739 0
      vertex -53.0409 39.1831 0
      vertex -54.9611 36.4408 0
    endloop
  endfacet
  facet normal 0 0 -1
    outer loop
      vertex -63.8939 44.739 0
      vertex -54.9611 36.4408 0
      vertex -55.0189 36.3534 0
    endloop
  endfacet
  facet normal 0 0 -1
    outer loop
      vertex -43.7352 49.3547 0
      vertex -55.1543 55.1543 0
      vertex -50.1374 59.7515 0
    endloop
  endfacet
  facet normal 0 0 -1
    outer loop
      vertex -67.55 39 0
      vertex -55.0189 36.3534 0
      vertex -56.793 33.5144 0
    endloop
  endfacet
  facet normal 0 0 -1
    outer loop
      vertex -67.55 39 0
      vertex -56.793 33.5144 0
      vertex -56.8461 33.4241 0
    endloop
  endfacet
  facet normal 0 0 -1
    outer loop
      vertex -67.55 39 0
      vertex -56.8461 33.4241 0
      vertex -58.4691 30.4961 0
    endloop
  endfacet
  facet normal 0 0 -1
    outer loop
      vertex -67.55 39 0
      vertex -58.4691 30.4961 0
      vertex -58.5175 30.4033 0
    endloop
  endfacet
  facet normal 0 0 -1
    outer loop
      vertex -48.6546 44.5127 0
      vertex -59.7515 50.1374 0
      vertex -55.1543 55.1543 0
    endloop
  endfacet
  facet normal 0 0 -1
    outer loop
      vertex -70.692 32.9642 0
      vertex -58.5175 30.4033 0
      vertex -59.9851 27.3943 0
    endloop
  endfacet
  facet normal 0 0 -1
    outer loop
      vertex -70.692 32.9642 0
      vertex -59.9851 27.3943 0
      vertex -60.0285 27.299 0
    endloop
  endfacet
  facet normal 0 0 -1
    outer loop
      vertex -70.692 32.9642 0
      vertex -60.0285 27.299 0
      vertex -61.3366 24.2174 0
    endloop
  endfacet
  facet normal 0 0 -1
    outer loop
      vertex -73.296 26.6776 0
      vertex -61.3366 24.2174 0
      vertex -61.3749 24.12 0
    endloop
  endfacet
  facet normal 0 0 -1
    outer loop
      vertex -73.296 26.6776 0
      vertex -61.3749 24.12 0
      vertex -62.5199 20.9741 0
    endloop
  endfacet
  facet normal 0 0 -1
    outer loop
      vertex -73.296 26.6776 0
      vertex -62.5199 20.9741 0
      vertex -62.5532 20.8748 0
    endloop
  endfacet
  facet normal 0 0 -1
    outer loop
      vertex -75.3422 20.1879 0
      vertex -62.5532 20.8748 0
      vertex -63.532 17.6733 0
    endloop
  endfacet
  facet normal 0 0 -1
    outer loop
      vertex -75.3422 20.1879 0
      vertex -63.532 17.6733 0
      vertex -63.5756 17.5044 0
    endloop
  endfacet
  facet normal 0 0 -1
    outer loop
      vertex -75.3422 20.1879 0
      vertex -63.5756 17.5044 0
      vertex -63.6044 17.3323 0
    endloop
  endfacet
  facet normal -0 0 -1
    outer loop
      vertex -63.5681 16.6387 0
      vertex -64.0319 15.0367 0
      vertex -63.5999 16.8102 0
    endloop
  endfacet
  facet normal 0 0 -1
    outer loop
      vertex -64.1301 14.8925 0
      vertex -63.5999 16.8102 0
      vertex -64.0319 15.0367 0
    endloop
  endfacet
  facet normal 0 0 -1
    outer loop
      vertex -52.9786 39.2673 0
      vertex -63.8939 44.739 0
      vertex -59.7515 50.1374 0
    endloop
  endfacet
  facet normal -0 0 -1
    outer loop
      vertex -63.5999 16.8102 0
      vertex -64.1301 14.8925 0
      vertex -63.6166 16.9839 0
    endloop
  endfacet
  facet normal 0 0 -1
    outer loop
      vertex -64.2153 14.7402 0
      vertex -63.6166 16.9839 0
      vertex -64.1301 14.8925 0
    endloop
  endfacet
  facet normal -0 0 -1
    outer loop
      vertex -63.6166 16.9839 0
      vertex -64.2153 14.7402 0
      vertex -63.6181 17.1584 0
    endloop
  endfacet
  facet normal 0 0 -1
    outer loop
      vertex -75.3422 20.1879 0
      vertex -63.6181 17.1584 0
      vertex -64.2153 14.7402 0
    endloop
  endfacet
  facet normal 0 0 -1
    outer loop
      vertex -63.6181 17.1584 0
      vertex -75.3422 20.1879 0
      vertex -63.6044 17.3323 0
    endloop
  endfacet
  facet normal 0 0 -1
    outer loop
      vertex -75.3422 20.1879 0
      vertex -64.2153 14.7402 0
      vertex -64.2869 14.5811 0
    endloop
  endfacet
  facet normal 0 0 -1
    outer loop
      vertex -75.3422 20.1879 0
      vertex -64.2869 14.5811 0
      vertex -64.3445 14.4164 0
    endloop
  endfacet
  facet normal 0 0 -1
    outer loop
      vertex -75.3422 20.1879 0
      vertex -64.3445 14.4164 0
      vertex -64.3925 14.2218 0
    endloop
  endfacet
  facet normal 0 0 -1
    outer loop
      vertex -76.815 13.5446 0
      vertex -64.3925 14.2218 0
      vertex -65.0313 10.9356 0
    endloop
  endfacet
  facet normal 0 0 -1
    outer loop
      vertex -76.815 13.5446 0
      vertex -65.0313 10.9356 0
      vertex -65.0486 10.8323 0
    endloop
  endfacet
  facet normal 0 0 -1
    outer loop
      vertex -76.815 13.5446 0
      vertex -65.0486 10.8323 0
      vertex -65.5145 7.51712 0
    endloop
  endfacet
  facet normal 0 0 -1
    outer loop
      vertex -77.7032 6.79815 0
      vertex -65.5145 7.51712 0
      vertex -65.5263 7.41309 0
    endloop
  endfacet
  facet normal 0 0 -1
    outer loop
      vertex -71.5471 1.69037 0
      vertex -65.5263 7.41309 0
      vertex -65.8181 4.07806 0
    endloop
  endfacet
  facet normal 0 0 -1
    outer loop
      vertex -70.9962 1.43352 0
      vertex -65.8181 4.07806 0
      vertex -65.8245 3.97354 0
    endloop
  endfacet
  facet normal 0 0 -1
    outer loop
      vertex -67.2032 -16.0794 0
      vertex -65.2122 -9.79897 0
      vertex -67.0649 -15.9527 0
    endloop
  endfacet
  facet normal 0 0 -1
    outer loop
      vertex -65.8838 -2.82414 0
      vertex -70.25 0 0
      vertex -65.9422 0.523102 0
    endloop
  endfacet
  facet normal -0 0 -1
    outer loop
      vertex -65.2122 -9.79897 0
      vertex -67.2032 -16.0794 0
      vertex -65.2277 -9.6954 0
    endloop
  endfacet
  facet normal 0 0 -1
    outer loop
      vertex -67.3299 -16.2177 0
      vertex -65.2277 -9.6954 0
      vertex -67.2032 -16.0794 0
    endloop
  endfacet
  facet normal 0 0 -1
    outer loop
      vertex -70.2567 0.152522 0
      vertex -65.9422 0.523102 0
      vertex -70.25 0 0
    endloop
  endfacet
  facet normal 0 0 -1
    outer loop
      vertex -67.4441 -16.3665 0
      vertex -65.2277 -9.6954 0
      vertex -67.3299 -16.2177 0
    endloop
  endfacet
  facet normal 0 0 -1
    outer loop
      vertex -65.6457 -6.26836 0
      vertex -70.25 0 0
      vertex -65.8793 -2.92874 0
    endloop
  endfacet
  facet normal 0 0 -1
    outer loop
      vertex -70.2766 0.303884 0
      vertex -65.9422 0.523102 0
      vertex -70.2567 0.152522 0
    endloop
  endfacet
  facet normal 0 0 -1
    outer loop
      vertex -65.8793 -2.92874 0
      vertex -70.25 0 0
      vertex -65.8838 -2.82414 0
    endloop
  endfacet
  facet normal 0 0 -1
    outer loop
      vertex -70.25 0 0
      vertex -65.2277 -9.6954 0
      vertex -67.4441 -16.3665 0
    endloop
  endfacet
  facet normal 0 0 -1
    outer loop
      vertex -65.2277 -9.6954 0
      vertex -70.25 0 0
      vertex -65.6357 -6.37259 0
    endloop
  endfacet
  facet normal 0 0 -1
    outer loop
      vertex -65.6357 -6.37259 0
      vertex -70.25 0 0
      vertex -65.6457 -6.26836 0
    endloop
  endfacet
  facet normal 0 0 -1
    outer loop
      vertex -70.25 0 0
      vertex -67.4441 -16.3665 0
      vertex -67.5449 -16.5247 0
    endloop
  endfacet
  facet normal 0 0 -1
    outer loop
      vertex -70.3096 0.452933 0
      vertex -65.9413 0.627808 0
      vertex -70.2766 0.303884 0
    endloop
  endfacet
  facet normal 0 0 -1
    outer loop
      vertex -70.25 0 0
      vertex -67.5449 -16.5247 0
      vertex -67.6315 -16.6911 0
    endloop
  endfacet
  facet normal 0 0 -1
    outer loop
      vertex -70.25 0 0
      vertex -67.6315 -16.6911 0
      vertex -67.7033 -16.8644 0
    endloop
  endfacet
  facet normal 0 0 -1
    outer loop
      vertex -70.25 0 0
      vertex -67.7033 -16.8644 0
      vertex -67.7597 -17.0432 0
    endloop
  endfacet
  facet normal 0 0 -1
    outer loop
      vertex -70.25 0 0
      vertex -67.7597 -17.0432 0
      vertex -67.8003 -17.2264 0
    endloop
  endfacet
  facet normal 0 0 -1
    outer loop
      vertex -70.25 0 0
      vertex -67.8003 -17.2264 0
      vertex -67.8248 -17.4123 0
    endloop
  endfacet
  facet normal 0 0 -1
    outer loop
      vertex -70.25 0 0
      vertex -67.8248 -17.4123 0
      vertex -67.833 -17.5997 0
    endloop
  endfacet
  facet normal -0 0 -1
    outer loop
      vertex -65.9422 0.523102 0
      vertex -70.2766 0.303884 0
      vertex -65.9413 0.627808 0
    endloop
  endfacet
  facet normal 0 0 -1
    outer loop
      vertex -70.3555 0.598535 0
      vertex -65.9413 0.627808 0
      vertex -70.3096 0.452933 0
    endloop
  endfacet
  facet normal 0 0 -1
    outer loop
      vertex -70.414 0.739581 0
      vertex -65.9413 0.627808 0
      vertex -70.3555 0.598535 0
    endloop
  endfacet
  facet normal 0 0 -1
    outer loop
      vertex -70.4845 0.875 0
      vertex -65.9413 0.627808 0
      vertex -70.414 0.739581 0
    endloop
  endfacet
  facet normal 0 0 -1
    outer loop
      vertex -55.0189 36.3534 0
      vertex -67.55 39 0
      vertex -63.8939 44.739 0
    endloop
  endfacet
  facet normal 0 0 -1
    outer loop
      vertex -65.9413 0.627808 0
      vertex -70.4845 0.875 0
      vertex -65.8245 3.97354 0
    endloop
  endfacet
  facet normal 0 0 -1
    outer loop
      vertex -70.5665 1.00376 0
      vertex -65.8245 3.97354 0
      vertex -70.4845 0.875 0
    endloop
  endfacet
  facet normal 0 0 -1
    outer loop
      vertex -70.6594 1.12488 0
      vertex -65.8245 3.97354 0
      vertex -70.5665 1.00376 0
    endloop
  endfacet
  facet normal 0 0 -1
    outer loop
      vertex -70.7626 1.23744 0
      vertex -65.8245 3.97354 0
      vertex -70.6594 1.12488 0
    endloop
  endfacet
  facet normal 0 0 -1
    outer loop
      vertex -58.5175 30.4033 0
      vertex -70.692 32.9642 0
      vertex -67.55 39 0
    endloop
  endfacet
  facet normal 0 0 -1
    outer loop
      vertex -70.8751 1.34058 0
      vertex -65.8245 3.97354 0
      vertex -70.7626 1.23744 0
    endloop
  endfacet
  facet normal 0 0 -1
    outer loop
      vertex -70.9962 1.43352 0
      vertex -65.8245 3.97354 0
      vertex -70.8751 1.34058 0
    endloop
  endfacet
  facet normal 0 0 -1
    outer loop
      vertex -65.8181 4.07806 0
      vertex -70.9962 1.43352 0
      vertex -71.125 1.51554 0
    endloop
  endfacet
  facet normal 0 0 -1
    outer loop
      vertex -65.8181 4.07806 0
      vertex -71.125 1.51554 0
      vertex -71.2604 1.58604 0
    endloop
  endfacet
  facet normal 0 0 -1
    outer loop
      vertex -65.8181 4.07806 0
      vertex -71.2604 1.58604 0
      vertex -71.4015 1.64446 0
    endloop
  endfacet
  facet normal 0 0 -1
    outer loop
      vertex -65.8181 4.07806 0
      vertex -71.4015 1.64446 0
      vertex -71.5471 1.69037 0
    endloop
  endfacet
  facet normal 0 0 -1
    outer loop
      vertex -65.5263 7.41309 0
      vertex -71.5471 1.69037 0
      vertex -71.6961 1.72341 0
    endloop
  endfacet
  facet normal 0 0 -1
    outer loop
      vertex -65.5263 7.41309 0
      vertex -71.6961 1.72341 0
      vertex -71.8475 1.74334 0
    endloop
  endfacet
  facet normal 0 0 -1
    outer loop
      vertex -65.5263 7.41309 0
      vertex -71.8475 1.74334 0
      vertex -77.7032 6.79815 0
    endloop
  endfacet
  facet normal 0 0 -1
    outer loop
      vertex -77.7032 6.79815 0
      vertex -71.8475 1.74334 0
      vertex -72 1.75 0
    endloop
  endfacet
  facet normal 0 0 -1
    outer loop
      vertex -77.7032 6.79815 0
      vertex -72 1.75 0
      vertex -72.1525 1.74334 0
    endloop
  endfacet
  facet normal 0 0 -1
    outer loop
      vertex -77.7032 6.79815 0
      vertex -72.1525 1.74334 0
      vertex -72.3039 1.72341 0
    endloop
  endfacet
  facet normal 0 0 -1
    outer loop
      vertex -77.7032 6.79815 0
      vertex -72.3039 1.72341 0
      vertex -72.4529 1.69037 0
    endloop
  endfacet
  facet normal 0 0 -1
    outer loop
      vertex -77.7032 6.79815 0
      vertex -72.4529 1.69037 0
      vertex -72.5985 1.64446 0
    endloop
  endfacet
  facet normal 0 0 -1
    outer loop
      vertex -77.7032 6.79815 0
      vertex -72.5985 1.64446 0
      vertex -72.7396 1.58604 0
    endloop
  endfacet
  facet normal 0 0 -1
    outer loop
      vertex -77.7032 6.79815 0
      vertex -72.7396 1.58604 0
      vertex -72.875 1.51554 0
    endloop
  endfacet
  facet normal 0 0 -1
    outer loop
      vertex -77.7032 6.79815 0
      vertex -72.875 1.51554 0
      vertex -73.0038 1.43352 0
    endloop
  endfacet
  facet normal 0 0 -1
    outer loop
      vertex -77.7032 6.79815 0
      vertex -73.0038 1.43352 0
      vertex -73.1249 1.34058 0
    endloop
  endfacet
  facet normal 0 0 -1
    outer loop
      vertex -77.7032 6.79815 0
      vertex -73.1249 1.34058 0
      vertex -73.2374 1.23744 0
    endloop
  endfacet
  facet normal 0 0 -1
    outer loop
      vertex -61.3366 24.2174 0
      vertex -73.296 26.6776 0
      vertex -70.692 32.9642 0
    endloop
  endfacet
  facet normal 0 0 -1
    outer loop
      vertex -77.7032 6.79815 0
      vertex -73.2374 1.23744 0
      vertex -73.3406 1.12488 0
    endloop
  endfacet
  facet normal 0 0 -1
    outer loop
      vertex -77.7032 6.79815 0
      vertex -73.3406 1.12488 0
      vertex -73.4335 1.00376 0
    endloop
  endfacet
  facet normal 0 0 -1
    outer loop
      vertex -78 0 0
      vertex -73.4335 1.00376 0
      vertex -73.5155 0.875 0
    endloop
  endfacet
  facet normal 0 0 -1
    outer loop
      vertex -78 0 0
      vertex -73.5155 0.875 0
      vertex -73.586 0.739581 0
    endloop
  endfacet
  facet normal 0 0 -1
    outer loop
      vertex -78 0 0
      vertex -73.586 0.739581 0
      vertex -73.6445 0.598535 0
    endloop
  endfacet
  facet normal 0 0 -1
    outer loop
      vertex -78 0 0
      vertex -73.6445 0.598535 0
      vertex -73.6904 0.452933 0
    endloop
  endfacet
  facet normal 0 0 -1
    outer loop
      vertex -78 0 0
      vertex -73.6904 0.452933 0
      vertex -73.7234 0.303884 0
    endloop
  endfacet
  facet normal 0 0 -1
    outer loop
      vertex -78 0 0
      vertex -73.7234 0.303884 0
      vertex -73.7433 0.152522 0
    endloop
  endfacet
  facet normal 0 0 -1
    outer loop
      vertex -78 0 0
      vertex -73.7433 0.152522 0
      vertex -73.75 0 0
    endloop
  endfacet
  facet normal 0 0 -1
    outer loop
      vertex -73.6904 -0.452933 0
      vertex -78 0 0
      vertex -73.7234 -0.303884 0
    endloop
  endfacet
  facet normal -0 0 -1
    outer loop
      vertex -62.5532 20.8748 0
      vertex -75.3422 20.1879 0
      vertex -73.296 26.6776 0
    endloop
  endfacet
  facet normal 0 0 -1
    outer loop
      vertex -73.7234 -0.303884 0
      vertex -78 0 0
      vertex -73.7433 -0.152522 0
    endloop
  endfacet
  facet normal -0 0 -1
    outer loop
      vertex -64.3925 14.2218 0
      vertex -76.815 13.5446 0
      vertex -75.3422 20.1879 0
    endloop
  endfacet
  facet normal 0 0 -1
    outer loop
      vertex -73.7433 -0.152522 0
      vertex -78 0 0
      vertex -73.75 0 0
    endloop
  endfacet
  facet normal -0 0 -1
    outer loop
      vertex -65.5145 7.51712 0
      vertex -77.7032 6.79815 0
      vertex -76.815 13.5446 0
    endloop
  endfacet
  facet normal -0 0 -1
    outer loop
      vertex -73.4335 1.00376 0
      vertex -78 0 0
      vertex -77.7032 6.79815 0
    endloop
  endfacet
  facet normal 0 0 -1
    outer loop
      vertex 45.3304 46.8002 0
      vertex 45.1868 46.9103 0
      vertex 45.1997 47.0844 0
    endloop
  endfacet
  facet normal 0 -0 -1
    outer loop
      vertex 45.1868 46.9103 0
      vertex 45.3304 46.8002 0
      vertex 45.1638 46.7693 0
    endloop
  endfacet
  facet normal 0 0 -1
    outer loop
      vertex 63.9218 18.8329 0
      vertex 62.9716 18.9938 0
      vertex 62.9845 19.1678 0
    endloop
  endfacet
  facet normal -0 0 -1
    outer loop
      vertex 63.5656 17.973 0
      vertex 62.968 17.7066 0
      vertex 62.7715 18.3286 0
    endloop
  endfacet
  facet normal 0 0 -1
    outer loop
      vertex 63.821 18.6747 0
      vertex 62.9436 18.8216 0
      vertex 62.9716 18.9938 0
    endloop
  endfacet
  facet normal 0 0 -1
    outer loop
      vertex 63.7344 18.5083 0
      vertex 62.9006 18.6525 0
      vertex 62.9436 18.8216 0
    endloop
  endfacet
  facet normal 0 0 -1
    outer loop
      vertex 63.6626 18.335 0
      vertex 62.8431 18.4877 0
      vertex 62.9006 18.6525 0
    endloop
  endfacet
  facet normal 0 0 -1
    outer loop
      vertex 62.7715 18.3286 0
      vertex 62.968 17.7066 0
      vertex 62.8162 17.7926 0
    endloop
  endfacet
  facet normal 0 0 -1
    outer loop
      vertex 63.6062 18.1562 0
      vertex 62.7715 18.3286 0
      vertex 62.8431 18.4877 0
    endloop
  endfacet
  facet normal 0 0 -1
    outer loop
      vertex 62.8162 17.7926 0
      vertex 62.6862 18.1764 0
      vertex 62.7715 18.3286 0
    endloop
  endfacet
  facet normal 0 0 -1
    outer loop
      vertex 62.6574 17.8649 0
      vertex 62.6862 18.1764 0
      vertex 62.8162 17.7926 0
    endloop
  endfacet
  facet normal 0 0 -1
    outer loop
      vertex 62.6574 17.8649 0
      vertex 62.5881 18.0322 0
      vertex 62.6862 18.1764 0
    endloop
  endfacet
  facet normal 0 -0 -1
    outer loop
      vertex 62.5881 18.0322 0
      vertex 62.6574 17.8649 0
      vertex 62.4977 17.9215 0
    endloop
  endfacet
  facet normal 0 0 -1
    outer loop
      vertex 46.8002 -45.3304 0
      vertex 47.0844 -45.1997 0
      vertex 46.8169 -45.5041 0
    endloop
  endfacet
  facet normal -0 0 -1
    outer loop
      vertex 47.0844 -45.1997 0
      vertex 46.8002 -45.3304 0
      vertex 46.9103 -45.1868 0
    endloop
  endfacet
  facet normal -0 0 -1
    outer loop
      vertex 46.9103 -45.1868 0
      vertex 46.8002 -45.3304 0
      vertex 46.7693 -45.1638 0
    endloop
  endfacet
  facet normal 0 0 -1
    outer loop
      vertex 37.6445 -61.7553 0
      vertex 44.739 -63.8939 0
      vertex 37.6904 -61.9009 0
    endloop
  endfacet
  facet normal 0 0 -1
    outer loop
      vertex 37.586 -61.6142 0
      vertex 44.739 -63.8939 0
      vertex 37.6445 -61.7553 0
    endloop
  endfacet
  facet normal 0 0 -1
    outer loop
      vertex 37.5155 -61.4788 0
      vertex 44.739 -63.8939 0
      vertex 37.586 -61.6142 0
    endloop
  endfacet
  facet normal 0 0 -1
    outer loop
      vertex 44.739 -63.8939 0
      vertex 38.3367 -53.6559 0
      vertex 41.0103 -51.6411 0
    endloop
  endfacet
  facet normal 0 0 -1
    outer loop
      vertex 44.739 -63.8939 0
      vertex 37.5155 -61.4788 0
      vertex 38.3367 -53.6559 0
    endloop
  endfacet
  facet normal 0 0 -1
    outer loop
      vertex 37.4335 -61.3501 0
      vertex 38.3367 -53.6559 0
      vertex 37.5155 -61.4788 0
    endloop
  endfacet
  facet normal 0 0 -1
    outer loop
      vertex 37.3406 -61.229 0
      vertex 38.3367 -53.6559 0
      vertex 37.4335 -61.3501 0
    endloop
  endfacet
  facet normal 0 0 -1
    outer loop
      vertex 38.3367 -53.6559 0
      vertex 37.3406 -61.229 0
      vertex 38.2514 -53.7167 0
    endloop
  endfacet
  facet normal 0 0 -1
    outer loop
      vertex 37.2374 -61.1164 0
      vertex 38.2514 -53.7167 0
      vertex 37.3406 -61.229 0
    endloop
  endfacet
  facet normal 0 0 -1
    outer loop
      vertex 37.1249 -61.0133 0
      vertex 38.2514 -53.7167 0
      vertex 37.2374 -61.1164 0
    endloop
  endfacet
  facet normal 0 0 -1
    outer loop
      vertex 37.0038 -60.9203 0
      vertex 38.2514 -53.7167 0
      vertex 37.1249 -61.0133 0
    endloop
  endfacet
  facet normal 0 0 -1
    outer loop
      vertex 36.875 -60.8383 0
      vertex 38.2514 -53.7167 0
      vertex 37.0038 -60.9203 0
    endloop
  endfacet
  facet normal 0 0 -1
    outer loop
      vertex 35.476 -55.5887 0
      vertex 36.875 -60.8383 0
      vertex 36.7396 -60.7678 0
    endloop
  endfacet
  facet normal 0 0 -1
    outer loop
      vertex 35.476 -55.5887 0
      vertex 36.7396 -60.7678 0
      vertex 36.5985 -60.7094 0
    endloop
  endfacet
  facet normal 0 0 -1
    outer loop
      vertex 35.476 -55.5887 0
      vertex 36.5985 -60.7094 0
      vertex 36.4529 -60.6635 0
    endloop
  endfacet
  facet normal 0 0 -1
    outer loop
      vertex 35.476 -55.5887 0
      vertex 36.4529 -60.6635 0
      vertex 36.3039 -60.6304 0
    endloop
  endfacet
  facet normal 0 0 -1
    outer loop
      vertex 35.3877 -55.645 0
      vertex 36.3039 -60.6304 0
      vertex 36.1525 -60.6105 0
    endloop
  endfacet
  facet normal 0 0 -1
    outer loop
      vertex 35.3877 -55.645 0
      vertex 36.1525 -60.6105 0
      vertex 36 -60.6038 0
    endloop
  endfacet
  facet normal 0 0 -1
    outer loop
      vertex 35.3877 -55.645 0
      vertex 36 -60.6038 0
      vertex 35.8475 -60.6105 0
    endloop
  endfacet
  facet normal 0 0 -1
    outer loop
      vertex 35.3877 -55.645 0
      vertex 35.8475 -60.6105 0
      vertex 35.6961 -60.6304 0
    endloop
  endfacet
  facet normal 0 0 -1
    outer loop
      vertex 35.3877 -55.645 0
      vertex 35.6961 -60.6304 0
      vertex 35.5471 -60.6635 0
    endloop
  endfacet
  facet normal 0 0 -1
    outer loop
      vertex 36.875 -60.8383 0
      vertex 35.476 -55.5887 0
      vertex 38.2514 -53.7167 0
    endloop
  endfacet
  facet normal 0 0 -1
    outer loop
      vertex 32.5181 -57.3692 0
      vertex 35.5471 -60.6635 0
      vertex 35.4015 -60.7094 0
    endloop
  endfacet
  facet normal 0 0 -1
    outer loop
      vertex 36.3039 -60.6304 0
      vertex 35.3877 -55.645 0
      vertex 35.476 -55.5887 0
    endloop
  endfacet
  facet normal 0 0 -1
    outer loop
      vertex 32.5181 -57.3692 0
      vertex 35.4015 -60.7094 0
      vertex 35.2604 -60.7678 0
    endloop
  endfacet
  facet normal 0 0 -1
    outer loop
      vertex 32.5181 -57.3692 0
      vertex 35.2604 -60.7678 0
      vertex 35.125 -60.8383 0
    endloop
  endfacet
  facet normal 0 0 -1
    outer loop
      vertex 32.5181 -57.3692 0
      vertex 35.125 -60.8383 0
      vertex 34.9962 -60.9203 0
    endloop
  endfacet
  facet normal 0 0 -1
    outer loop
      vertex 32.5181 -57.3692 0
      vertex 34.9962 -60.9203 0
      vertex 34.8751 -61.0133 0
    endloop
  endfacet
  facet normal 0 0 -1
    outer loop
      vertex 32.427 -57.4208 0
      vertex 34.8751 -61.0133 0
      vertex 34.7626 -61.1164 0
    endloop
  endfacet
  facet normal 0 0 -1
    outer loop
      vertex 32.427 -57.4208 0
      vertex 34.7626 -61.1164 0
      vertex 34.6594 -61.229 0
    endloop
  endfacet
  facet normal 0 0 -1
    outer loop
      vertex 32.427 -57.4208 0
      vertex 34.6594 -61.229 0
      vertex 34.5665 -61.3501 0
    endloop
  endfacet
  facet normal 0 0 -1
    outer loop
      vertex 32.427 -57.4208 0
      vertex 34.5665 -61.3501 0
      vertex 34.4845 -61.4788 0
    endloop
  endfacet
  facet normal 0 0 -1
    outer loop
      vertex 29.4711 -58.9925 0
      vertex 34.4845 -61.4788 0
      vertex 34.414 -61.6142 0
    endloop
  endfacet
  facet normal 0 0 -1
    outer loop
      vertex 29.4711 -58.9925 0
      vertex 34.414 -61.6142 0
      vertex 34.3555 -61.7553 0
    endloop
  endfacet
  facet normal 0 0 -1
    outer loop
      vertex 29.4711 -58.9925 0
      vertex 34.3555 -61.7553 0
      vertex 34.3096 -61.9009 0
    endloop
  endfacet
  facet normal 0 0 -1
    outer loop
      vertex 29.4711 -58.9925 0
      vertex 34.3096 -61.9009 0
      vertex 34.2766 -62.0499 0
    endloop
  endfacet
  facet normal 0 0 -1
    outer loop
      vertex 34.2766 -62.6577 0
      vertex 29.3773 -59.0392 0
      vertex 34.2567 -62.5064 0
    endloop
  endfacet
  facet normal 0 0 -1
    outer loop
      vertex 34.2567 -62.5064 0
      vertex 29.3773 -59.0392 0
      vertex 34.25 -62.3538 0
    endloop
  endfacet
  facet normal 0 0 -1
    outer loop
      vertex 35.5471 -60.6635 0
      vertex 32.5181 -57.3692 0
      vertex 35.3877 -55.645 0
    endloop
  endfacet
  facet normal 0 0 -1
    outer loop
      vertex 34.25 -62.3538 0
      vertex 29.3773 -59.0392 0
      vertex 34.2567 -62.2013 0
    endloop
  endfacet
  facet normal 0 0 -1
    outer loop
      vertex 34.8751 -61.0133 0
      vertex 32.427 -57.4208 0
      vertex 32.5181 -57.3692 0
    endloop
  endfacet
  facet normal 0 0 -1
    outer loop
      vertex 34.4845 -61.4788 0
      vertex 29.4711 -58.9925 0
      vertex 32.427 -57.4208 0
    endloop
  endfacet
  facet normal 0 0 -1
    outer loop
      vertex 34.2567 -62.2013 0
      vertex 29.4711 -58.9925 0
      vertex 34.2766 -62.0499 0
    endloop
  endfacet
  facet normal 0 0 -1
    outer loop
      vertex 26.2472 -60.4958 0
      vertex 32.9642 -70.692 0
      vertex 26.6776 -73.296 0
    endloop
  endfacet
  facet normal 0 -0 -1
    outer loop
      vertex 29.4711 -58.9925 0
      vertex 34.2567 -62.2013 0
      vertex 29.3773 -59.0392 0
    endloop
  endfacet
  facet normal 0 0 -1
    outer loop
      vertex 32.9642 -70.692 0
      vertex 26.2472 -60.4958 0
      vertex 26.3432 -60.454 0
    endloop
  endfacet
  facet normal 0 0 -1
    outer loop
      vertex 26.6776 -73.296 0
      vertex 23.1432 -61.7499 0
      vertex 26.2472 -60.4958 0
    endloop
  endfacet
  facet normal 0 0 -1
    outer loop
      vertex 19.717 -66.0563 0
      vertex 23.1432 -61.7499 0
      vertex 26.6776 -73.296 0
    endloop
  endfacet
  facet normal 0 0 -1
    outer loop
      vertex 19.12 -67.2032 0
      vertex 26.6776 -73.296 0
      vertex 20.1879 -75.3422 0
    endloop
  endfacet
  facet normal 0 -0 -1
    outer loop
      vertex 19.6764 -66.2394 0
      vertex 26.6776 -73.296 0
      vertex 19.62 -66.4183 0
    endloop
  endfacet
  facet normal 0 0 -1
    outer loop
      vertex 19.7415 -65.4956 0
      vertex 23.0452 -61.7865 0
      vertex 19.7497 -65.683 0
    endloop
  endfacet
  facet normal 0 0 -1
    outer loop
      vertex 23.0452 -61.7865 0
      vertex 19.7415 -65.8703 0
      vertex 19.7497 -65.683 0
    endloop
  endfacet
  facet normal 0 0 -1
    outer loop
      vertex 23.0452 -61.7865 0
      vertex 19.717 -66.0563 0
      vertex 19.7415 -65.8703 0
    endloop
  endfacet
  facet normal 0 0 -1
    outer loop
      vertex 23.1432 -61.7499 0
      vertex 19.717 -66.0563 0
      vertex 23.0452 -61.7865 0
    endloop
  endfacet
  facet normal 0 -0 -1
    outer loop
      vertex 19.717 -66.0563 0
      vertex 26.6776 -73.296 0
      vertex 19.6764 -66.2394 0
    endloop
  endfacet
  facet normal 0 0 -1
    outer loop
      vertex 26.6776 -73.296 0
      vertex 19.5483 -66.5916 0
      vertex 19.62 -66.4183 0
    endloop
  endfacet
  facet normal 0 0 -1
    outer loop
      vertex 26.6776 -73.296 0
      vertex 19.4616 -66.758 0
      vertex 19.5483 -66.5916 0
    endloop
  endfacet
  facet normal 0 0 -1
    outer loop
      vertex 26.6776 -73.296 0
      vertex 19.3609 -66.9161 0
      vertex 19.4616 -66.758 0
    endloop
  endfacet
  facet normal 0 0 -1
    outer loop
      vertex 26.6776 -73.296 0
      vertex 19.2467 -67.0649 0
      vertex 19.3609 -66.9161 0
    endloop
  endfacet
  facet normal 0 0 -1
    outer loop
      vertex 26.6776 -73.296 0
      vertex 19.12 -67.2032 0
      vertex 19.2467 -67.0649 0
    endloop
  endfacet
  facet normal 0 0 -1
    outer loop
      vertex 20.1879 -75.3422 0
      vertex 18.9817 -67.3299 0
      vertex 19.12 -67.2032 0
    endloop
  endfacet
  facet normal 0 0 -1
    outer loop
      vertex 20.1879 -75.3422 0
      vertex 18.8329 -67.4441 0
      vertex 18.9817 -67.3299 0
    endloop
  endfacet
  facet normal 0 0 -1
    outer loop
      vertex 20.1879 -75.3422 0
      vertex 18.6747 -67.5449 0
      vertex 18.8329 -67.4441 0
    endloop
  endfacet
  facet normal 0 0 -1
    outer loop
      vertex 20.1879 -75.3422 0
      vertex 18.5083 -67.6315 0
      vertex 18.6747 -67.5449 0
    endloop
  endfacet
  facet normal 0 0 -1
    outer loop
      vertex 20.1879 -75.3422 0
      vertex 18.335 -67.7033 0
      vertex 18.5083 -67.6315 0
    endloop
  endfacet
  facet normal 0 0 -1
    outer loop
      vertex 20.1879 -75.3422 0
      vertex 18.1562 -67.7597 0
      vertex 18.335 -67.7033 0
    endloop
  endfacet
  facet normal 0 0 -1
    outer loop
      vertex 20.1879 -75.3422 0
      vertex 17.973 -67.8003 0
      vertex 18.1562 -67.7597 0
    endloop
  endfacet
  facet normal 0 0 -1
    outer loop
      vertex 20.1879 -75.3422 0
      vertex 17.7871 -67.8248 0
      vertex 17.973 -67.8003 0
    endloop
  endfacet
  facet normal 0 0 -1
    outer loop
      vertex 20.1879 -75.3422 0
      vertex 17.5997 -67.833 0
      vertex 17.7871 -67.8248 0
    endloop
  endfacet
  facet normal 0 0 -1
    outer loop
      vertex 20.1879 -75.3422 0
      vertex 17.4123 -67.8248 0
      vertex 17.5997 -67.833 0
    endloop
  endfacet
  facet normal 0 0 -1
    outer loop
      vertex 20.1879 -75.3422 0
      vertex 17.2264 -67.8003 0
      vertex 17.4123 -67.8248 0
    endloop
  endfacet
  facet normal 0 0 -1
    outer loop
      vertex 20.1879 -75.3422 0
      vertex 17.0432 -67.7597 0
      vertex 17.2264 -67.8003 0
    endloop
  endfacet
  facet normal 0 0 -1
    outer loop
      vertex 13.5446 -76.815 0
      vertex 17.0432 -67.7597 0
      vertex 20.1879 -75.3422 0
    endloop
  endfacet
  facet normal -0 0 -1
    outer loop
      vertex 17.0432 -67.7597 0
      vertex 13.5446 -76.815 0
      vertex 16.8644 -67.7033 0
    endloop
  endfacet
  facet normal -0 0 -1
    outer loop
      vertex 16.8644 -67.7033 0
      vertex 13.5446 -76.815 0
      vertex 16.6911 -67.6315 0
    endloop
  endfacet
  facet normal -0 0 -1
    outer loop
      vertex 16.6911 -67.6315 0
      vertex 13.5446 -76.815 0
      vertex 16.5247 -67.5449 0
    endloop
  endfacet
  facet normal -0 0 -1
    outer loop
      vertex 16.5247 -67.5449 0
      vertex 13.5446 -76.815 0
      vertex 16.3665 -67.4441 0
    endloop
  endfacet
  facet normal -0 0 -1
    outer loop
      vertex 16.3665 -67.4441 0
      vertex 13.5446 -76.815 0
      vertex 16.2177 -67.3299 0
    endloop
  endfacet
  facet normal -0 0 -1
    outer loop
      vertex 16.2177 -67.3299 0
      vertex 13.5446 -76.815 0
      vertex 16.0794 -67.2032 0
    endloop
  endfacet
  facet normal -0 0 -1
    outer loop
      vertex 16.0794 -67.2032 0
      vertex 13.5446 -76.815 0
      vertex 15.9527 -67.0649 0
    endloop
  endfacet
  facet normal 0 0 -1
    outer loop
      vertex 9.79897 -65.2122 0
      vertex 15.9527 -67.0649 0
      vertex 13.5446 -76.815 0
    endloop
  endfacet
  facet normal 0 0 -1
    outer loop
      vertex 15.9527 -67.0649 0
      vertex 9.79897 -65.2122 0
      vertex 15.8385 -66.9161 0
    endloop
  endfacet
  facet normal 0 0 -1
    outer loop
      vertex 15.523 -66.2394 0
      vertex 13.0959 -64.6309 0
      vertex 15.4824 -66.0563 0
    endloop
  endfacet
  facet normal 0 0 -1
    outer loop
      vertex 15.5794 -66.4183 0
      vertex 13.0959 -64.6309 0
      vertex 15.523 -66.2394 0
    endloop
  endfacet
  facet normal 0 0 -1
    outer loop
      vertex 15.6511 -66.5916 0
      vertex 13.0959 -64.6309 0
      vertex 15.5794 -66.4183 0
    endloop
  endfacet
  facet normal 0 -0 -1
    outer loop
      vertex 13.0959 -64.6309 0
      vertex 15.6511 -66.5916 0
      vertex 9.79897 -65.2122 0
    endloop
  endfacet
  facet normal 0 0 -1
    outer loop
      vertex 15.7377 -66.758 0
      vertex 9.79897 -65.2122 0
      vertex 15.6511 -66.5916 0
    endloop
  endfacet
  facet normal 0 0 -1
    outer loop
      vertex 15.8385 -66.9161 0
      vertex 9.79897 -65.2122 0
      vertex 15.7377 -66.758 0
    endloop
  endfacet
  facet normal 0 0 -1
    outer loop
      vertex 37.7234 62.6577 0
      vertex 44.739 63.8939 0
      vertex 37.7433 62.5064 0
    endloop
  endfacet
  facet normal 0 0 -1
    outer loop
      vertex 37.6904 62.8068 0
      vertex 44.739 63.8939 0
      vertex 37.7234 62.6577 0
    endloop
  endfacet
  facet normal 0 0 -1
    outer loop
      vertex 37.6445 62.9524 0
      vertex 44.739 63.8939 0
      vertex 37.6904 62.8068 0
    endloop
  endfacet
  facet normal -0 0 -1
    outer loop
      vertex 44.739 63.8939 0
      vertex 37.6445 62.9524 0
      vertex 39 67.55 0
    endloop
  endfacet
  facet normal 0 0 -1
    outer loop
      vertex 37.586 63.0934 0
      vertex 39 67.55 0
      vertex 37.6445 62.9524 0
    endloop
  endfacet
  facet normal 0 0 -1
    outer loop
      vertex 37.5155 63.2288 0
      vertex 39 67.55 0
      vertex 37.586 63.0934 0
    endloop
  endfacet
  facet normal 0 0 -1
    outer loop
      vertex 37.4335 63.3576 0
      vertex 39 67.55 0
      vertex 37.5155 63.2288 0
    endloop
  endfacet
  facet normal 0 0 -1
    outer loop
      vertex 37.3406 63.4787 0
      vertex 39 67.55 0
      vertex 37.4335 63.3576 0
    endloop
  endfacet
  facet normal 0 0 -1
    outer loop
      vertex 37.2374 63.5913 0
      vertex 39 67.55 0
      vertex 37.3406 63.4787 0
    endloop
  endfacet
  facet normal 0 0 -1
    outer loop
      vertex 37.1249 63.6944 0
      vertex 39 67.55 0
      vertex 37.2374 63.5913 0
    endloop
  endfacet
  facet normal 0 0 -1
    outer loop
      vertex 37.0038 63.7873 0
      vertex 39 67.55 0
      vertex 37.1249 63.6944 0
    endloop
  endfacet
  facet normal 0 0 -1
    outer loop
      vertex 36.875 63.8694 0
      vertex 39 67.55 0
      vertex 37.0038 63.7873 0
    endloop
  endfacet
  facet normal 0 0 -1
    outer loop
      vertex 36.7396 63.9399 0
      vertex 39 67.55 0
      vertex 36.875 63.8694 0
    endloop
  endfacet
  facet normal 0 0 -1
    outer loop
      vertex 36.5985 63.9983 0
      vertex 39 67.55 0
      vertex 36.7396 63.9399 0
    endloop
  endfacet
  facet normal 0 0 -1
    outer loop
      vertex 36.4529 64.0442 0
      vertex 39 67.55 0
      vertex 36.5985 63.9983 0
    endloop
  endfacet
  facet normal 0 0 -1
    outer loop
      vertex 36.3039 64.0772 0
      vertex 39 67.55 0
      vertex 36.4529 64.0442 0
    endloop
  endfacet
  facet normal 0 0 -1
    outer loop
      vertex 36.1525 64.0972 0
      vertex 39 67.55 0
      vertex 36.3039 64.0772 0
    endloop
  endfacet
  facet normal 0 0 -1
    outer loop
      vertex 36 64.1038 0
      vertex 39 67.55 0
      vertex 36.1525 64.0972 0
    endloop
  endfacet
  facet normal 0 0 -1
    outer loop
      vertex 35.8475 64.0972 0
      vertex 39 67.55 0
      vertex 36 64.1038 0
    endloop
  endfacet
  facet normal 0 0 -1
    outer loop
      vertex 35.6961 64.0772 0
      vertex 39 67.55 0
      vertex 35.8475 64.0972 0
    endloop
  endfacet
  facet normal 0 0 -1
    outer loop
      vertex 32.9642 70.692 0
      vertex 35.6961 64.0772 0
      vertex 35.5471 64.0442 0
    endloop
  endfacet
  facet normal 0 0 -1
    outer loop
      vertex 32.9642 70.692 0
      vertex 35.5471 64.0442 0
      vertex 35.4015 63.9983 0
    endloop
  endfacet
  facet normal 0 0 -1
    outer loop
      vertex 32.9642 70.692 0
      vertex 35.4015 63.9983 0
      vertex 35.2604 63.9399 0
    endloop
  endfacet
  facet normal 0 0 -1
    outer loop
      vertex 32.9642 70.692 0
      vertex 35.2604 63.9399 0
      vertex 35.125 63.8694 0
    endloop
  endfacet
  facet normal 0 0 -1
    outer loop
      vertex 32.9642 70.692 0
      vertex 35.125 63.8694 0
      vertex 34.9962 63.7873 0
    endloop
  endfacet
  facet normal 0 0 -1
    outer loop
      vertex 32.9642 70.692 0
      vertex 34.9962 63.7873 0
      vertex 34.8751 63.6944 0
    endloop
  endfacet
  facet normal 0 0 -1
    outer loop
      vertex 32.9642 70.692 0
      vertex 34.8751 63.6944 0
      vertex 34.7626 63.5913 0
    endloop
  endfacet
  facet normal -0 0 -1
    outer loop
      vertex 34.3096 61.9009 0
      vertex 30.4033 58.5175 0
      vertex 34.2766 62.0499 0
    endloop
  endfacet
  facet normal -0 0 -1
    outer loop
      vertex 34.2766 62.0499 0
      vertex 30.4033 58.5175 0
      vertex 34.2567 62.2013 0
    endloop
  endfacet
  facet normal -0 0 -1
    outer loop
      vertex 34.2567 62.2013 0
      vertex 30.4033 58.5175 0
      vertex 34.25 62.3538 0
    endloop
  endfacet
  facet normal 0 0 -1
    outer loop
      vertex 35.6961 64.0772 0
      vertex 32.9642 70.692 0
      vertex 39 67.55 0
    endloop
  endfacet
  facet normal 0 0 -1
    outer loop
      vertex 34.6594 63.4787 0
      vertex 32.9642 70.692 0
      vertex 34.7626 63.5913 0
    endloop
  endfacet
  facet normal 0 0 -1
    outer loop
      vertex 34.5665 63.3576 0
      vertex 32.9642 70.692 0
      vertex 34.6594 63.4787 0
    endloop
  endfacet
  facet normal 0 0 -1
    outer loop
      vertex 34.4845 63.2288 0
      vertex 32.9642 70.692 0
      vertex 34.5665 63.3576 0
    endloop
  endfacet
  facet normal 0 0 -1
    outer loop
      vertex 34.414 63.0934 0
      vertex 32.9642 70.692 0
      vertex 34.4845 63.2288 0
    endloop
  endfacet
  facet normal 0 0 -1
    outer loop
      vertex 27.299 60.0285 0
      vertex 34.414 63.0934 0
      vertex 34.3555 62.9524 0
    endloop
  endfacet
  facet normal 0 0 -1
    outer loop
      vertex 27.3943 59.9851 0
      vertex 34.3555 62.9524 0
      vertex 34.3096 62.8068 0
    endloop
  endfacet
  facet normal 0 0 -1
    outer loop
      vertex 27.3943 59.9851 0
      vertex 34.3096 62.8068 0
      vertex 34.2766 62.6577 0
    endloop
  endfacet
  facet normal 0 0 -1
    outer loop
      vertex 27.3943 59.9851 0
      vertex 34.25 62.3538 0
      vertex 30.4033 58.5175 0
    endloop
  endfacet
  facet normal -0 0 -1
    outer loop
      vertex 34.25 62.3538 0
      vertex 27.3943 59.9851 0
      vertex 34.2567 62.5064 0
    endloop
  endfacet
  facet normal -0 0 -1
    outer loop
      vertex 34.2567 62.5064 0
      vertex 27.3943 59.9851 0
      vertex 34.2766 62.6577 0
    endloop
  endfacet
  facet normal 0 0 -1
    outer loop
      vertex 34.3555 62.9524 0
      vertex 27.3943 59.9851 0
      vertex 27.299 60.0285 0
    endloop
  endfacet
  facet normal -0 0 -1
    outer loop
      vertex 34.414 63.0934 0
      vertex 27.299 60.0285 0
      vertex 32.9642 70.692 0
    endloop
  endfacet
  facet normal 0 0 -1
    outer loop
      vertex 24.2174 61.3366 0
      vertex 32.9642 70.692 0
      vertex 27.299 60.0285 0
    endloop
  endfacet
  facet normal -0 0 -1
    outer loop
      vertex 32.9642 70.692 0
      vertex 24.2174 61.3366 0
      vertex 26.6776 73.296 0
    endloop
  endfacet
  facet normal 0 0 -1
    outer loop
      vertex 24.12 61.3749 0
      vertex 26.6776 73.296 0
      vertex 24.2174 61.3366 0
    endloop
  endfacet
  facet normal 0 0 -1
    outer loop
      vertex 20.9741 62.5199 0
      vertex 26.6776 73.296 0
      vertex 24.12 61.3749 0
    endloop
  endfacet
  facet normal 0 0 -1
    outer loop
      vertex 20.8748 62.5532 0
      vertex 26.6776 73.296 0
      vertex 20.9741 62.5199 0
    endloop
  endfacet
  facet normal 0 0 -1
    outer loop
      vertex 20.8748 62.5532 0
      vertex 20.1879 75.3422 0
      vertex 26.6776 73.296 0
    endloop
  endfacet
  facet normal 0 0 -1
    outer loop
      vertex 17.6733 63.532 0
      vertex 20.1879 75.3422 0
      vertex 20.8748 62.5532 0
    endloop
  endfacet
  facet normal 0 0 -1
    outer loop
      vertex 17.5044 63.5756 0
      vertex 20.1879 75.3422 0
      vertex 17.6733 63.532 0
    endloop
  endfacet
  facet normal 0 0 -1
    outer loop
      vertex 17.3323 63.6044 0
      vertex 20.1879 75.3422 0
      vertex 17.5044 63.5756 0
    endloop
  endfacet
  facet normal 0 0 -1
    outer loop
      vertex 17.1584 63.6181 0
      vertex 20.1879 75.3422 0
      vertex 17.3323 63.6044 0
    endloop
  endfacet
  facet normal 0 0 -1
    outer loop
      vertex 14.7402 64.2153 0
      vertex 17.1584 63.6181 0
      vertex 16.9839 63.6166 0
    endloop
  endfacet
  facet normal 0 0 -1
    outer loop
      vertex 14.8925 64.1301 0
      vertex 16.9839 63.6166 0
      vertex 16.8102 63.5999 0
    endloop
  endfacet
  facet normal 0 0 -1
    outer loop
      vertex 15.0367 64.0319 0
      vertex 16.8102 63.5999 0
      vertex 16.6387 63.5681 0
    endloop
  endfacet
  facet normal 0 0 -1
    outer loop
      vertex 15.1718 63.9215 0
      vertex 16.6387 63.5681 0
      vertex 16.4705 63.5214 0
    endloop
  endfacet
  facet normal 0 0 -1
    outer loop
      vertex 15.2968 63.7998 0
      vertex 16.4705 63.5214 0
      vertex 16.3071 63.4603 0
    endloop
  endfacet
  facet normal 0 0 -1
    outer loop
      vertex 15.4107 63.6676 0
      vertex 16.3071 63.4603 0
      vertex 16.1496 63.3852 0
    endloop
  endfacet
  facet normal 0 0 -1
    outer loop
      vertex 15.5127 63.526 0
      vertex 16.1496 63.3852 0
      vertex 15.9993 63.2967 0
    endloop
  endfacet
  facet normal 0 0 -1
    outer loop
      vertex 15.6019 63.3761 0
      vertex 15.9993 63.2967 0
      vertex 15.8572 63.1954 0
    endloop
  endfacet
  facet normal 0 0 -1
    outer loop
      vertex 15.6777 63.2189 0
      vertex 15.8572 63.1954 0
      vertex 15.7284 63.0853 0
    endloop
  endfacet
  facet normal 0 0 -1
    outer loop
      vertex 15.6019 63.3761 0
      vertex 15.8572 63.1954 0
      vertex 15.6777 63.2189 0
    endloop
  endfacet
  facet normal 0 0 -1
    outer loop
      vertex 15.9993 63.2967 0
      vertex 15.6019 63.3761 0
      vertex 15.5127 63.526 0
    endloop
  endfacet
  facet normal 0 0 -1
    outer loop
      vertex 16.1496 63.3852 0
      vertex 15.5127 63.526 0
      vertex 15.4107 63.6676 0
    endloop
  endfacet
  facet normal 0 0 -1
    outer loop
      vertex 16.3071 63.4603 0
      vertex 15.4107 63.6676 0
      vertex 15.2968 63.7998 0
    endloop
  endfacet
  facet normal 0 0 -1
    outer loop
      vertex 16.4705 63.5214 0
      vertex 15.2968 63.7998 0
      vertex 15.1718 63.9215 0
    endloop
  endfacet
  facet normal 0 0 -1
    outer loop
      vertex 16.6387 63.5681 0
      vertex 15.1718 63.9215 0
      vertex 15.0367 64.0319 0
    endloop
  endfacet
  facet normal 0 0 -1
    outer loop
      vertex 16.8102 63.5999 0
      vertex 15.0367 64.0319 0
      vertex 14.8925 64.1301 0
    endloop
  endfacet
  facet normal 0 0 -1
    outer loop
      vertex 16.9839 63.6166 0
      vertex 14.8925 64.1301 0
      vertex 14.7402 64.2153 0
    endloop
  endfacet
  facet normal 0 0 -1
    outer loop
      vertex 17.1584 63.6181 0
      vertex 14.7402 64.2153 0
      vertex 20.1879 75.3422 0
    endloop
  endfacet
  facet normal 0 0 -1
    outer loop
      vertex 14.5811 64.2869 0
      vertex 20.1879 75.3422 0
      vertex 14.7402 64.2153 0
    endloop
  endfacet
  facet normal 0 0 -1
    outer loop
      vertex 14.4164 64.3445 0
      vertex 20.1879 75.3422 0
      vertex 14.5811 64.2869 0
    endloop
  endfacet
  facet normal 0 0 -1
    outer loop
      vertex 14.2218 64.3925 0
      vertex 20.1879 75.3422 0
      vertex 14.4164 64.3445 0
    endloop
  endfacet
  facet normal 0 0 -1
    outer loop
      vertex 14.2218 64.3925 0
      vertex 13.5446 76.815 0
      vertex 20.1879 75.3422 0
    endloop
  endfacet
  facet normal 0 0 -1
    outer loop
      vertex 10.9356 65.0313 0
      vertex 13.5446 76.815 0
      vertex 14.2218 64.3925 0
    endloop
  endfacet
  facet normal 0 0 -1
    outer loop
      vertex 10.8323 65.0486 0
      vertex 13.5446 76.815 0
      vertex 10.9356 65.0313 0
    endloop
  endfacet
  facet normal 0 0 -1
    outer loop
      vertex 7.51712 65.5145 0
      vertex 13.5446 76.815 0
      vertex 10.8323 65.0486 0
    endloop
  endfacet
  facet normal 0 0 -1
    outer loop
      vertex 6.79815 77.7032 0
      vertex 7.51712 65.5145 0
      vertex 7.41309 65.5263 0
    endloop
  endfacet
  facet normal 0 0 -1
    outer loop
      vertex 7.51712 65.5145 0
      vertex 6.79815 77.7032 0
      vertex 13.5446 76.815 0
    endloop
  endfacet
  facet normal 0 0 -1
    outer loop
      vertex 4.07806 65.8181 0
      vertex 6.79815 77.7032 0
      vertex 7.41309 65.5263 0
    endloop
  endfacet
  facet normal 0 0 -1
    outer loop
      vertex 3.97354 65.8245 0
      vertex 6.79815 77.7032 0
      vertex 4.07806 65.8181 0
    endloop
  endfacet
  facet normal 0 0 -1
    outer loop
      vertex 0 78 0
      vertex 3.97354 65.8245 0
      vertex 0.627808 65.9413 0
    endloop
  endfacet
  facet normal 0 0 -1
    outer loop
      vertex 0 78 0
      vertex 0.627808 65.9413 0
      vertex 0.523102 65.9422 0
    endloop
  endfacet
  facet normal 0 0 -1
    outer loop
      vertex 3.97354 65.8245 0
      vertex 0 78 0
      vertex 6.79815 77.7032 0
    endloop
  endfacet
  facet normal 0 0 -1
    outer loop
      vertex -2.82414 65.8838 0
      vertex 0 78 0
      vertex 0.523102 65.9422 0
    endloop
  endfacet
  facet normal 0 0 -1
    outer loop
      vertex -2.92874 65.8793 0
      vertex 0 78 0
      vertex -2.82414 65.8838 0
    endloop
  endfacet
  facet normal 0 0 -1
    outer loop
      vertex -6.79815 77.7032 0
      vertex -2.92874 65.8793 0
      vertex -6.26836 65.6457 0
    endloop
  endfacet
  facet normal 0 0 -1
    outer loop
      vertex -6.79815 77.7032 0
      vertex -6.26836 65.6457 0
      vertex -6.37259 65.6357 0
    endloop
  endfacet
  facet normal 0 0 -1
    outer loop
      vertex -2.92874 65.8793 0
      vertex -6.79815 77.7032 0
      vertex 0 78 0
    endloop
  endfacet
  facet normal 0 0 -1
    outer loop
      vertex -9.6954 65.2277 0
      vertex -6.79815 77.7032 0
      vertex -6.37259 65.6357 0
    endloop
  endfacet
  facet normal 0 0 -1
    outer loop
      vertex -13.5446 76.815 0
      vertex -9.6954 65.2277 0
      vertex -9.79897 65.2122 0
    endloop
  endfacet
  facet normal 0 0 -1
    outer loop
      vertex -15.4824 66.0563 0
      vertex -13.1985 64.61 0
      vertex -15.4579 65.8703 0
    endloop
  endfacet
  facet normal 0 0 -1
    outer loop
      vertex -15.4579 65.8703 0
      vertex -13.1985 64.61 0
      vertex -15.4497 65.683 0
    endloop
  endfacet
  facet normal 0 0 -1
    outer loop
      vertex -9.6954 65.2277 0
      vertex -13.5446 76.815 0
      vertex -6.79815 77.7032 0
    endloop
  endfacet
  facet normal 0 0 -1
    outer loop
      vertex -13.1985 64.61 0
      vertex -15.4824 66.0563 0
      vertex -13.0959 64.6309 0
    endloop
  endfacet
  facet normal 0 0 -1
    outer loop
      vertex -13.1985 64.61 0
      vertex -15.4579 65.4956 0
      vertex -15.4497 65.683 0
    endloop
  endfacet
  facet normal 0 0 -1
    outer loop
      vertex -13.1985 64.61 0
      vertex -15.4824 65.3096 0
      vertex -15.4579 65.4956 0
    endloop
  endfacet
  facet normal 0 0 -1
    outer loop
      vertex -13.1985 64.61 0
      vertex -15.523 65.1265 0
      vertex -15.4824 65.3096 0
    endloop
  endfacet
  facet normal 0 0 -1
    outer loop
      vertex -13.1985 64.61 0
      vertex -15.5794 64.9476 0
      vertex -15.523 65.1265 0
    endloop
  endfacet
  facet normal 0 0 -1
    outer loop
      vertex -13.1985 64.61 0
      vertex -15.6511 64.7743 0
      vertex -15.5794 64.9476 0
    endloop
  endfacet
  facet normal -0 0 -1
    outer loop
      vertex -13.1985 64.61 0
      vertex -15.7377 64.608 0
      vertex -15.6511 64.7743 0
    endloop
  endfacet
  facet normal 0 0 -1
    outer loop
      vertex -13.1985 64.61 0
      vertex -15.8385 64.4498 0
      vertex -15.7377 64.608 0
    endloop
  endfacet
  facet normal 0 0 -1
    outer loop
      vertex -13.1985 64.61 0
      vertex -15.9527 64.301 0
      vertex -15.8385 64.4498 0
    endloop
  endfacet
  facet normal 0 0 -1
    outer loop
      vertex -13.1985 64.61 0
      vertex -16.0794 64.1627 0
      vertex -15.9527 64.301 0
    endloop
  endfacet
  facet normal 0 0 -1
    outer loop
      vertex -13.1985 64.61 0
      vertex -16.2177 64.036 0
      vertex -16.0794 64.1627 0
    endloop
  endfacet
  facet normal 0 0 -1
    outer loop
      vertex -13.1985 64.61 0
      vertex -16.3665 63.9218 0
      vertex -16.2177 64.036 0
    endloop
  endfacet
  facet normal 0 0 -1
    outer loop
      vertex -16.4604 63.8569 0
      vertex -16.3665 63.9218 0
      vertex -13.1985 64.61 0
    endloop
  endfacet
  facet normal 0 0 -1
    outer loop
      vertex -16.3665 63.9218 0
      vertex -16.4604 63.8569 0
      vertex -16.4743 63.8531 0
    endloop
  endfacet
  facet normal 0.976296 -0.216442 0
    outer loop
      vertex 75.3422 -20.1879 3
      vertex 76.815 -13.5446 0
      vertex 76.815 -13.5446 3
    endloop
  endfacet
  facet normal 0.976296 -0.216442 0
    outer loop
      vertex 76.815 -13.5446 0
      vertex 75.3422 -20.1879 3
      vertex 75.3422 -20.1879 0
    endloop
  endfacet
  facet normal -0.737273 0.675595 0
    outer loop
      vertex -59.7515 50.1374 0
      vertex -55.1543 55.1543 3
      vertex -55.1543 55.1543 0
    endloop
  endfacet
  facet normal -0.737273 0.675595 0
    outer loop
      vertex -55.1543 55.1543 3
      vertex -59.7515 50.1374 0
      vertex -59.7515 50.1374 3
    endloop
  endfacet
  facet normal 0.461744 0.887013 -0
    outer loop
      vertex 39 67.55 0
      vertex 32.9642 70.692 3
      vertex 39 67.55 3
    endloop
  endfacet
  facet normal 0.461744 0.887013 0
    outer loop
      vertex 32.9642 70.692 3
      vertex 39 67.55 0
      vertex 32.9642 70.692 0
    endloop
  endfacet
  facet normal -0.382684 0.923879 0
    outer loop
      vertex -26.6776 73.296 0
      vertex -32.9642 70.692 3
      vertex -26.6776 73.296 3
    endloop
  endfacet
  facet normal -0.382684 0.923879 0
    outer loop
      vertex -32.9642 70.692 3
      vertex -26.6776 73.296 0
      vertex -32.9642 70.692 0
    endloop
  endfacet
  facet normal -0.537295 -0.843395 0
    outer loop
      vertex -44.739 -63.8939 0
      vertex -39 -67.55 3
      vertex -44.739 -63.8939 3
    endloop
  endfacet
  facet normal -0.537295 -0.843395 -0
    outer loop
      vertex -39 -67.55 3
      vertex -44.739 -63.8939 0
      vertex -39 -67.55 0
    endloop
  endfacet
  facet normal 0.953717 0.300707 0
    outer loop
      vertex 75.3422 20.1879 3
      vertex 73.296 26.6776 0
      vertex 73.296 26.6776 3
    endloop
  endfacet
  facet normal 0.953717 0.300707 0
    outer loop
      vertex 73.296 26.6776 0
      vertex 75.3422 20.1879 3
      vertex 75.3422 20.1879 0
    endloop
  endfacet
  facet normal 0.382684 0.923879 -0
    outer loop
      vertex 32.9642 70.692 0
      vertex 26.6776 73.296 3
      vertex 32.9642 70.692 3
    endloop
  endfacet
  facet normal 0.382684 0.923879 0
    outer loop
      vertex 26.6776 73.296 3
      vertex 32.9642 70.692 0
      vertex 26.6776 73.296 0
    endloop
  endfacet
  facet normal 0.216442 0.976296 -0
    outer loop
      vertex 20.1879 75.3422 0
      vertex 13.5446 76.815 3
      vertex 20.1879 75.3422 3
    endloop
  endfacet
  facet normal 0.216442 0.976296 0
    outer loop
      vertex 13.5446 76.815 3
      vertex 20.1879 75.3422 0
      vertex 13.5446 76.815 0
    endloop
  endfacet
  facet normal 0 0 1
    outer loop
      vertex -63.3709 -17.3745 3
      vertex -63.5411 -17.4123 3
      vertex -63.533 -17.5997 3
    endloop
  endfacet
  facet normal 0 0 1
    outer loop
      vertex -63.4842 -17.2419 3
      vertex -63.5656 -17.2264 3
      vertex -63.5411 -17.4123 3
    endloop
  endfacet
  facet normal 0 0 1
    outer loop
      vertex -63.5855 -17.0998 3
      vertex -63.5656 -17.2264 3
      vertex -63.4842 -17.2419 3
    endloop
  endfacet
  facet normal 0 0 1
    outer loop
      vertex -63.5656 -17.2264 3
      vertex -63.5855 -17.0998 3
      vertex -63.5986 -17.0777 3
    endloop
  endfacet
  facet normal 0 0 1
    outer loop
      vertex -63.1954 15.8572 3
      vertex -63.2189 15.6777 3
      vertex -63.0853 15.7284 3
    endloop
  endfacet
  facet normal 0 0 1
    outer loop
      vertex -63.3761 15.6019 3
      vertex -63.1954 15.8572 3
      vertex -63.2967 15.9993 3
    endloop
  endfacet
  facet normal 0 0 1
    outer loop
      vertex -63.1954 15.8572 3
      vertex -63.3761 15.6019 3
      vertex -63.2189 15.6777 3
    endloop
  endfacet
  facet normal 0 0 1
    outer loop
      vertex -63.526 15.5127 3
      vertex -63.2967 15.9993 3
      vertex -63.3852 16.1496 3
    endloop
  endfacet
  facet normal 0 0 1
    outer loop
      vertex -63.6676 15.4107 3
      vertex -63.3852 16.1496 3
      vertex -63.4603 16.3071 3
    endloop
  endfacet
  facet normal 0 0 1
    outer loop
      vertex -63.7998 15.2968 3
      vertex -63.4603 16.3071 3
      vertex -63.5214 16.4705 3
    endloop
  endfacet
  facet normal 0 0 1
    outer loop
      vertex -63.2967 15.9993 3
      vertex -63.526 15.5127 3
      vertex -63.3761 15.6019 3
    endloop
  endfacet
  facet normal 0 0 1
    outer loop
      vertex -63.9215 15.1718 3
      vertex -63.5214 16.4705 3
      vertex -63.5681 16.6387 3
    endloop
  endfacet
  facet normal 0 0 1
    outer loop
      vertex -64.0319 15.0367 3
      vertex -63.5681 16.6387 3
      vertex -63.5999 16.8102 3
    endloop
  endfacet
  facet normal 0 0 1
    outer loop
      vertex -64.1301 14.8925 3
      vertex -63.5999 16.8102 3
      vertex -63.6166 16.9839 3
    endloop
  endfacet
  facet normal 0 0 1
    outer loop
      vertex -63.3852 16.1496 3
      vertex -63.6676 15.4107 3
      vertex -63.526 15.5127 3
    endloop
  endfacet
  facet normal 0 0 1
    outer loop
      vertex -64.2153 14.7402 3
      vertex -63.6166 16.9839 3
      vertex -63.6181 17.1584 3
    endloop
  endfacet
  facet normal 0 0 1
    outer loop
      vertex -63.8569 -16.4604 3
      vertex -63.9218 -16.3665 3
      vertex -63.8531 -16.4743 3
    endloop
  endfacet
  facet normal 0 0 1
    outer loop
      vertex -64.61 -13.1985 3
      vertex -63.9218 -16.3665 3
      vertex -63.8569 -16.4604 3
    endloop
  endfacet
  facet normal 0 0 1
    outer loop
      vertex -64.61 -13.1985 3
      vertex -64.036 -16.2177 3
      vertex -63.9218 -16.3665 3
    endloop
  endfacet
  facet normal 0 0 1
    outer loop
      vertex -64.61 -13.1985 3
      vertex -64.1627 -16.0794 3
      vertex -64.036 -16.2177 3
    endloop
  endfacet
  facet normal 0 0 1
    outer loop
      vertex -64.61 -13.1985 3
      vertex -64.301 -15.9527 3
      vertex -64.1627 -16.0794 3
    endloop
  endfacet
  facet normal 0 0 1
    outer loop
      vertex -64.61 -13.1985 3
      vertex -64.4498 -15.8385 3
      vertex -64.301 -15.9527 3
    endloop
  endfacet
  facet normal 0 0 1
    outer loop
      vertex -64.61 -13.1985 3
      vertex -64.608 -15.7377 3
      vertex -64.4498 -15.8385 3
    endloop
  endfacet
  facet normal 0 0 1
    outer loop
      vertex -66.0563 -15.4824 3
      vertex -64.61 -13.1985 3
      vertex -64.6309 -13.0959 3
    endloop
  endfacet
  facet normal 0 0 1
    outer loop
      vertex -64.61 -13.1985 3
      vertex -64.7743 -15.6511 3
      vertex -64.608 -15.7377 3
    endloop
  endfacet
  facet normal 0 0 1
    outer loop
      vertex -64.61 -13.1985 3
      vertex -64.9476 -15.5794 3
      vertex -64.7743 -15.6511 3
    endloop
  endfacet
  facet normal 0 0 1
    outer loop
      vertex -64.61 -13.1985 3
      vertex -65.1265 -15.523 3
      vertex -64.9476 -15.5794 3
    endloop
  endfacet
  facet normal 0 0 1
    outer loop
      vertex -66.5916 -15.6511 3
      vertex -64.6309 -13.0959 3
      vertex -65.2122 -9.79897 3
    endloop
  endfacet
  facet normal 0 0 1
    outer loop
      vertex -76.815 -13.5446 3
      vertex -65.2122 -9.79897 3
      vertex -65.2277 -9.6954 3
    endloop
  endfacet
  facet normal 0 0 1
    outer loop
      vertex -64.61 -13.1985 3
      vertex -65.3096 -15.4824 3
      vertex -65.1265 -15.523 3
    endloop
  endfacet
  facet normal 0 0 1
    outer loop
      vertex -64.61 -13.1985 3
      vertex -65.4956 -15.4579 3
      vertex -65.3096 -15.4824 3
    endloop
  endfacet
  facet normal -0 0 1
    outer loop
      vertex -77.7032 -6.79815 3
      vertex -65.2277 -9.6954 3
      vertex -65.6357 -6.37259 3
    endloop
  endfacet
  facet normal 0 0 1
    outer loop
      vertex -71.6961 -1.72341 3
      vertex -65.6357 -6.37259 3
      vertex -65.6457 -6.26836 3
    endloop
  endfacet
  facet normal 0 0 1
    outer loop
      vertex -64.61 -13.1985 3
      vertex -65.683 -15.4497 3
      vertex -65.4956 -15.4579 3
    endloop
  endfacet
  facet normal 0 0 1
    outer loop
      vertex -64.61 -13.1985 3
      vertex -65.8703 -15.4579 3
      vertex -65.683 -15.4497 3
    endloop
  endfacet
  facet normal 0 0 1
    outer loop
      vertex -71.125 -1.51554 3
      vertex -65.6457 -6.26836 3
      vertex -65.8793 -2.92874 3
    endloop
  endfacet
  facet normal 0 0 1
    outer loop
      vertex -70.6594 -1.12488 3
      vertex -65.8793 -2.92874 3
      vertex -65.8838 -2.82414 3
    endloop
  endfacet
  facet normal -0 0 1
    outer loop
      vertex -70.3096 -0.452933 3
      vertex -65.8838 -2.82414 3
      vertex -65.9422 0.523102 3
    endloop
  endfacet
  facet normal 0 0 1
    outer loop
      vertex -65.8793 -2.92874 3
      vertex -70.8751 -1.34058 3
      vertex -70.9962 -1.43352 3
    endloop
  endfacet
  facet normal 0 0 1
    outer loop
      vertex -62.6574 -17.8649 3
      vertex -62.5881 -18.0322 3
      vertex -62.4977 -17.9215 3
    endloop
  endfacet
  facet normal 0 0 1
    outer loop
      vertex -62.6574 -17.8649 3
      vertex -62.6862 -18.1764 3
      vertex -62.5881 -18.0322 3
    endloop
  endfacet
  facet normal 0 0 1
    outer loop
      vertex -62.8162 -17.7926 3
      vertex -62.6862 -18.1764 3
      vertex -62.6574 -17.8649 3
    endloop
  endfacet
  facet normal 0 0 1
    outer loop
      vertex -62.6862 -18.1764 3
      vertex -62.8162 -17.7926 3
      vertex -62.7715 -18.3286 3
    endloop
  endfacet
  facet normal 0 0 1
    outer loop
      vertex -62.968 -17.7066 3
      vertex -62.7715 -18.3286 3
      vertex -62.8162 -17.7926 3
    endloop
  endfacet
  facet normal -0 0 1
    outer loop
      vertex -63.5656 -17.973 3
      vertex -62.7715 -18.3286 3
      vertex -62.968 -17.7066 3
    endloop
  endfacet
  facet normal -0 0 1
    outer loop
      vertex -63.6626 -18.335 3
      vertex -62.8431 -18.4877 3
      vertex -63.6062 -18.1562 3
    endloop
  endfacet
  facet normal -0 0 1
    outer loop
      vertex -63.6062 -18.1562 3
      vertex -62.7715 -18.3286 3
      vertex -63.5656 -17.973 3
    endloop
  endfacet
  facet normal 0 0 1
    outer loop
      vertex -62.8431 -18.4877 3
      vertex -63.6626 -18.335 3
      vertex -62.9006 -18.6525 3
    endloop
  endfacet
  facet normal -0 0 1
    outer loop
      vertex -63.7344 -18.5083 3
      vertex -62.9006 -18.6525 3
      vertex -63.6626 -18.335 3
    endloop
  endfacet
  facet normal 0 0 1
    outer loop
      vertex -63.5656 -17.973 3
      vertex -62.968 -17.7066 3
      vertex -63.1118 -17.6078 3
    endloop
  endfacet
  facet normal 0 0 1
    outer loop
      vertex -45.1868 -46.9103 3
      vertex -45.3304 -46.8002 3
      vertex -45.1997 -47.0844 3
    endloop
  endfacet
  facet normal -0 0 1
    outer loop
      vertex -45.3304 -46.8002 3
      vertex -45.1868 -46.9103 3
      vertex -45.1638 -46.7693 3
    endloop
  endfacet
  facet normal 0 0 1
    outer loop
      vertex -30.4033 -58.5175 3
      vertex -34.2567 -62.2013 3
      vertex -34.25 -62.3538 3
    endloop
  endfacet
  facet normal 0 0 1
    outer loop
      vertex -33.4241 -56.8461 3
      vertex -34.2766 -62.0499 3
      vertex -34.2567 -62.2013 3
    endloop
  endfacet
  facet normal 0 0 1
    outer loop
      vertex -33.4241 -56.8461 3
      vertex -34.3096 -61.9009 3
      vertex -34.2766 -62.0499 3
    endloop
  endfacet
  facet normal 0 0 1
    outer loop
      vertex -33.4241 -56.8461 3
      vertex -34.3555 -61.7553 3
      vertex -34.3096 -61.9009 3
    endloop
  endfacet
  facet normal 0 0 1
    outer loop
      vertex -33.4241 -56.8461 3
      vertex -34.414 -61.6142 3
      vertex -34.3555 -61.7553 3
    endloop
  endfacet
  facet normal 0 0 1
    outer loop
      vertex -33.4241 -56.8461 3
      vertex -34.4845 -61.4788 3
      vertex -34.414 -61.6142 3
    endloop
  endfacet
  facet normal 0 0 1
    outer loop
      vertex -33.4241 -56.8461 3
      vertex -34.5665 -61.3501 3
      vertex -34.4845 -61.4788 3
    endloop
  endfacet
  facet normal 0 0 1
    outer loop
      vertex -33.4241 -56.8461 3
      vertex -34.6594 -61.229 3
      vertex -34.5665 -61.3501 3
    endloop
  endfacet
  facet normal 0 0 1
    outer loop
      vertex -33.4241 -56.8461 3
      vertex -34.7626 -61.1164 3
      vertex -34.6594 -61.229 3
    endloop
  endfacet
  facet normal 0 0 1
    outer loop
      vertex -33.4241 -56.8461 3
      vertex -34.8751 -61.0133 3
      vertex -34.7626 -61.1164 3
    endloop
  endfacet
  facet normal 0 0 1
    outer loop
      vertex -33.4241 -56.8461 3
      vertex -34.9962 -60.9203 3
      vertex -34.8751 -61.0133 3
    endloop
  endfacet
  facet normal 0 0 1
    outer loop
      vertex -33.4241 -56.8461 3
      vertex -35.125 -60.8383 3
      vertex -34.9962 -60.9203 3
    endloop
  endfacet
  facet normal 0 0 1
    outer loop
      vertex -33.4241 -56.8461 3
      vertex -35.2604 -60.7678 3
      vertex -35.125 -60.8383 3
    endloop
  endfacet
  facet normal 0 0 1
    outer loop
      vertex -33.4241 -56.8461 3
      vertex -35.4015 -60.7094 3
      vertex -35.2604 -60.7678 3
    endloop
  endfacet
  facet normal 0 0 1
    outer loop
      vertex -33.5144 -56.793 3
      vertex -35.5471 -60.6635 3
      vertex -35.4015 -60.7094 3
    endloop
  endfacet
  facet normal 0 0 1
    outer loop
      vertex -33.5144 -56.793 3
      vertex -35.6961 -60.6304 3
      vertex -35.5471 -60.6635 3
    endloop
  endfacet
  facet normal 0 0 1
    outer loop
      vertex -33.5144 -56.793 3
      vertex -35.8475 -60.6105 3
      vertex -35.6961 -60.6304 3
    endloop
  endfacet
  facet normal 0 0 1
    outer loop
      vertex -33.5144 -56.793 3
      vertex -36 -60.6038 3
      vertex -35.8475 -60.6105 3
    endloop
  endfacet
  facet normal 0 0 1
    outer loop
      vertex -36.3534 -55.0189 3
      vertex -36 -60.6038 3
      vertex -33.5144 -56.793 3
    endloop
  endfacet
  facet normal 0 0 1
    outer loop
      vertex -36 -60.6038 3
      vertex -36.3534 -55.0189 3
      vertex -36.1525 -60.6105 3
    endloop
  endfacet
  facet normal 0 0 1
    outer loop
      vertex -36.1525 -60.6105 3
      vertex -36.3534 -55.0189 3
      vertex -36.3039 -60.6304 3
    endloop
  endfacet
  facet normal 0 0 1
    outer loop
      vertex -36.7396 -60.7678 3
      vertex -36.3534 -55.0189 3
      vertex -36.4408 -54.9611 3
    endloop
  endfacet
  facet normal 0 0 1
    outer loop
      vertex -36.3534 -55.0189 3
      vertex -36.4529 -60.6635 3
      vertex -36.3039 -60.6304 3
    endloop
  endfacet
  facet normal 0 0 1
    outer loop
      vertex -36.3534 -55.0189 3
      vertex -36.5985 -60.7094 3
      vertex -36.4529 -60.6635 3
    endloop
  endfacet
  facet normal 0 0 1
    outer loop
      vertex -36.3534 -55.0189 3
      vertex -36.7396 -60.7678 3
      vertex -36.5985 -60.7094 3
    endloop
  endfacet
  facet normal 0 0 1
    outer loop
      vertex -36.4408 -54.9611 3
      vertex -36.875 -60.8383 3
      vertex -36.7396 -60.7678 3
    endloop
  endfacet
  facet normal 0 0 1
    outer loop
      vertex -36.4408 -54.9611 3
      vertex -37.0038 -60.9203 3
      vertex -36.875 -60.8383 3
    endloop
  endfacet
  facet normal 0 0 1
    outer loop
      vertex -36.4408 -54.9611 3
      vertex -37.1249 -61.0133 3
      vertex -37.0038 -60.9203 3
    endloop
  endfacet
  facet normal 0 0 1
    outer loop
      vertex -36.4408 -54.9611 3
      vertex -37.2374 -61.1164 3
      vertex -37.1249 -61.0133 3
    endloop
  endfacet
  facet normal 0 0 1
    outer loop
      vertex -39.1831 -53.0409 3
      vertex -37.2374 -61.1164 3
      vertex -36.4408 -54.9611 3
    endloop
  endfacet
  facet normal 0 0 1
    outer loop
      vertex -37.2374 -61.1164 3
      vertex -39.1831 -53.0409 3
      vertex -37.3406 -61.229 3
    endloop
  endfacet
  facet normal 0 0 1
    outer loop
      vertex -37.3406 -61.229 3
      vertex -39.1831 -53.0409 3
      vertex -37.4335 -61.3501 3
    endloop
  endfacet
  facet normal 0 0 1
    outer loop
      vertex -37.4335 -61.3501 3
      vertex -39.1831 -53.0409 3
      vertex -37.5155 -61.4788 3
    endloop
  endfacet
  facet normal 0 0 1
    outer loop
      vertex -44.739 -63.8939 3
      vertex -37.5155 -61.4788 3
      vertex -39.1831 -53.0409 3
    endloop
  endfacet
  facet normal 0 0 1
    outer loop
      vertex -37.5155 -61.4788 3
      vertex -44.739 -63.8939 3
      vertex -37.586 -61.6142 3
    endloop
  endfacet
  facet normal 0 0 1
    outer loop
      vertex -37.586 -61.6142 3
      vertex -44.739 -63.8939 3
      vertex -37.6445 -61.7553 3
    endloop
  endfacet
  facet normal 0 0 1
    outer loop
      vertex -44.739 -63.8939 3
      vertex -37.75 -62.3538 3
      vertex -37.7433 -62.2013 3
    endloop
  endfacet
  facet normal 0 0 1
    outer loop
      vertex -44.739 -63.8939 3
      vertex -37.7433 -62.2013 3
      vertex -37.7234 -62.0499 3
    endloop
  endfacet
  facet normal 0 0 1
    outer loop
      vertex -37.6445 -61.7553 3
      vertex -44.739 -63.8939 3
      vertex -37.6904 -61.9009 3
    endloop
  endfacet
  facet normal 0 0 1
    outer loop
      vertex -37.6904 -61.9009 3
      vertex -44.739 -63.8939 3
      vertex -37.7234 -62.0499 3
    endloop
  endfacet
  facet normal 0 0 1
    outer loop
      vertex -44.739 -63.8939 3
      vertex -39.1831 -53.0409 3
      vertex -39.2673 -52.9786 3
    endloop
  endfacet
  facet normal 0 0 1
    outer loop
      vertex -50.1374 -59.7515 3
      vertex -39.2673 -52.9786 3
      vertex -41.9053 -50.9175 3
    endloop
  endfacet
  facet normal 0 0 1
    outer loop
      vertex -50.1374 -59.7515 3
      vertex -41.9053 -50.9175 3
      vertex -41.9861 -50.851 3
    endloop
  endfacet
  facet normal 0 0 1
    outer loop
      vertex -50.1374 -59.7515 3
      vertex -41.9861 -50.851 3
      vertex -44.5127 -48.6546 3
    endloop
  endfacet
  facet normal 0 0 1
    outer loop
      vertex -55.1543 -55.1543 3
      vertex -44.5127 -48.6546 3
      vertex -44.6572 -48.5157 3
    endloop
  endfacet
  facet normal 0 0 1
    outer loop
      vertex -37.75 -62.3538 3
      vertex -44.739 -63.8939 3
      vertex -39 -67.55 3
    endloop
  endfacet
  facet normal 0 0 1
    outer loop
      vertex -55.1543 -55.1543 3
      vertex -44.6572 -48.5157 3
      vertex -44.7711 -48.3836 3
    endloop
  endfacet
  facet normal 0 0 1
    outer loop
      vertex -55.1543 -55.1543 3
      vertex -44.7711 -48.3836 3
      vertex -44.8731 -48.242 3
    endloop
  endfacet
  facet normal 0 0 1
    outer loop
      vertex -46.5168 -46.6016 3
      vertex -44.8731 -48.242 3
      vertex -44.9623 -48.092 3
    endloop
  endfacet
  facet normal 0 0 1
    outer loop
      vertex -46.358 -46.674 3
      vertex -44.9623 -48.092 3
      vertex -45.0381 -47.9349 3
    endloop
  endfacet
  facet normal 0 0 1
    outer loop
      vertex -46.1935 -46.7322 3
      vertex -45.0381 -47.9349 3
      vertex -45.0999 -47.7717 3
    endloop
  endfacet
  facet normal 0 0 1
    outer loop
      vertex -46.0246 -46.7759 3
      vertex -45.0999 -47.7717 3
      vertex -45.1473 -47.6038 3
    endloop
  endfacet
  facet normal 0 0 1
    outer loop
      vertex -45.8525 -46.8047 3
      vertex -45.1473 -47.6038 3
      vertex -45.1799 -47.4324 3
    endloop
  endfacet
  facet normal 0 0 1
    outer loop
      vertex -45.6786 -46.8184 3
      vertex -45.1799 -47.4324 3
      vertex -45.1974 -47.2588 3
    endloop
  endfacet
  facet normal -0 0 1
    outer loop
      vertex -45.5041 -46.8169 3
      vertex -45.1997 -47.0844 3
      vertex -45.3304 -46.8002 3
    endloop
  endfacet
  facet normal 0 0 1
    outer loop
      vertex -45.1997 -47.0844 3
      vertex -45.5041 -46.8169 3
      vertex -45.1974 -47.2588 3
    endloop
  endfacet
  facet normal -0 0 1
    outer loop
      vertex -45.6786 -46.8184 3
      vertex -45.1974 -47.2588 3
      vertex -45.5041 -46.8169 3
    endloop
  endfacet
  facet normal 0 0 1
    outer loop
      vertex -45.1799 -47.4324 3
      vertex -45.6786 -46.8184 3
      vertex -45.8525 -46.8047 3
    endloop
  endfacet
  facet normal 0 0 1
    outer loop
      vertex -45.1473 -47.6038 3
      vertex -45.8525 -46.8047 3
      vertex -46.0246 -46.7759 3
    endloop
  endfacet
  facet normal 0 0 1
    outer loop
      vertex -45.0999 -47.7717 3
      vertex -46.0246 -46.7759 3
      vertex -46.1935 -46.7322 3
    endloop
  endfacet
  facet normal 0 0 1
    outer loop
      vertex -45.0381 -47.9349 3
      vertex -46.1935 -46.7322 3
      vertex -46.358 -46.674 3
    endloop
  endfacet
  facet normal 0 0 1
    outer loop
      vertex -44.9623 -48.092 3
      vertex -46.358 -46.674 3
      vertex -46.5168 -46.6016 3
    endloop
  endfacet
  facet normal 0 0 1
    outer loop
      vertex -44.8731 -48.242 3
      vertex -46.5168 -46.6016 3
      vertex -46.6686 -46.5157 3
    endloop
  endfacet
  facet normal 0 0 1
    outer loop
      vertex -44.8731 -48.242 3
      vertex -46.6686 -46.5157 3
      vertex -55.1543 -55.1543 3
    endloop
  endfacet
  facet normal 0 0 1
    outer loop
      vertex -55.1543 -55.1543 3
      vertex -46.6686 -46.5157 3
      vertex -46.8124 -46.4169 3
    endloop
  endfacet
  facet normal 0 0 1
    outer loop
      vertex -55.1543 -55.1543 3
      vertex -46.8124 -46.4169 3
      vertex -46.9471 -46.3059 3
    endloop
  endfacet
  facet normal 0 0 1
    outer loop
      vertex -55.1543 -55.1543 3
      vertex -46.9471 -46.3059 3
      vertex -47.0715 -46.1836 3
    endloop
  endfacet
  facet normal 0 0 1
    outer loop
      vertex -55.1543 -55.1543 3
      vertex -47.0715 -46.1836 3
      vertex -49.3547 -43.7352 3
    endloop
  endfacet
  facet normal 0 0 1
    outer loop
      vertex -59.7515 -50.1374 3
      vertex -49.3547 -43.7352 3
      vertex -49.424 -43.6568 3
    endloop
  endfacet
  facet normal 0 0 1
    outer loop
      vertex -39.2673 -52.9786 3
      vertex -50.1374 -59.7515 3
      vertex -44.739 -63.8939 3
    endloop
  endfacet
  facet normal 0 0 1
    outer loop
      vertex -59.7515 -50.1374 3
      vertex -49.424 -43.6568 3
      vertex -51.576 -41.0923 3
    endloop
  endfacet
  facet normal 0 0 1
    outer loop
      vertex -59.7515 -50.1374 3
      vertex -51.576 -41.0923 3
      vertex -51.6411 -41.0103 3
    endloop
  endfacet
  facet normal 0 0 1
    outer loop
      vertex -63.8939 -44.739 3
      vertex -51.6411 -41.0103 3
      vertex -53.6559 -38.3367 3
    endloop
  endfacet
  facet normal 0 0 1
    outer loop
      vertex -63.8939 -44.739 3
      vertex -53.6559 -38.3367 3
      vertex -53.7167 -38.2514 3
    endloop
  endfacet
  facet normal 0 0 1
    outer loop
      vertex -44.5127 -48.6546 3
      vertex -55.1543 -55.1543 3
      vertex -50.1374 -59.7515 3
    endloop
  endfacet
  facet normal 0 0 1
    outer loop
      vertex -63.8939 -44.739 3
      vertex -53.7167 -38.2514 3
      vertex -55.5887 -35.476 3
    endloop
  endfacet
  facet normal 0 0 1
    outer loop
      vertex -63.8939 -44.739 3
      vertex -55.5887 -35.476 3
      vertex -55.645 -35.3877 3
    endloop
  endfacet
  facet normal 0 0 1
    outer loop
      vertex -67.55 -39 3
      vertex -55.645 -35.3877 3
      vertex -57.3692 -32.5181 3
    endloop
  endfacet
  facet normal 0 0 1
    outer loop
      vertex -67.55 -39 3
      vertex -57.3692 -32.5181 3
      vertex -57.4208 -32.427 3
    endloop
  endfacet
  facet normal 0 0 1
    outer loop
      vertex -67.55 -39 3
      vertex -57.4208 -32.427 3
      vertex -58.9925 -29.4711 3
    endloop
  endfacet
  facet normal 0 0 1
    outer loop
      vertex -70.692 -32.9642 3
      vertex -58.9925 -29.4711 3
      vertex -59.0392 -29.3773 3
    endloop
  endfacet
  facet normal 0 0 1
    outer loop
      vertex -49.3547 -43.7352 3
      vertex -59.7515 -50.1374 3
      vertex -55.1543 -55.1543 3
    endloop
  endfacet
  facet normal 0 0 1
    outer loop
      vertex -70.692 -32.9642 3
      vertex -59.0392 -29.3773 3
      vertex -60.454 -26.3432 3
    endloop
  endfacet
  facet normal 0 0 1
    outer loop
      vertex -70.692 -32.9642 3
      vertex -60.454 -26.3432 3
      vertex -60.4958 -26.2472 3
    endloop
  endfacet
  facet normal 0 0 1
    outer loop
      vertex -73.296 -26.6776 3
      vertex -60.4958 -26.2472 3
      vertex -61.7499 -23.1432 3
    endloop
  endfacet
  facet normal 0 0 1
    outer loop
      vertex -66.0563 -19.717 3
      vertex -61.7499 -23.1432 3
      vertex -61.7865 -23.0452 3
    endloop
  endfacet
  facet normal 0 0 1
    outer loop
      vertex -64.9476 -19.62 3
      vertex -61.7865 -23.0452 3
      vertex -62.8765 -19.8798 3
    endloop
  endfacet
  facet normal 0 0 1
    outer loop
      vertex -64.4498 -19.3609 3
      vertex -62.8765 -19.8798 3
      vertex -62.9321 -19.6873 3
    endloop
  endfacet
  facet normal 0 0 1
    outer loop
      vertex -64.1627 -19.12 3
      vertex -62.9321 -19.6873 3
      vertex -62.9647 -19.5158 3
    endloop
  endfacet
  facet normal 0 0 1
    outer loop
      vertex -62.9006 -18.6525 3
      vertex -63.7344 -18.5083 3
      vertex -62.9436 -18.8216 3
    endloop
  endfacet
  facet normal 0 0 1
    outer loop
      vertex -63.5411 -17.7871 3
      vertex -63.1118 -17.6078 3
      vertex -63.2464 -17.4968 3
    endloop
  endfacet
  facet normal -0 0 1
    outer loop
      vertex -63.821 -18.6747 3
      vertex -62.9436 -18.8216 3
      vertex -63.7344 -18.5083 3
    endloop
  endfacet
  facet normal 0 0 1
    outer loop
      vertex -62.9436 -18.8216 3
      vertex -63.821 -18.6747 3
      vertex -62.9716 -18.9938 3
    endloop
  endfacet
  facet normal 0 0 1
    outer loop
      vertex -63.533 -17.5997 3
      vertex -63.2464 -17.4968 3
      vertex -63.3709 -17.3745 3
    endloop
  endfacet
  facet normal 0 0 1
    outer loop
      vertex -63.5411 -17.4123 3
      vertex -63.3709 -17.3745 3
      vertex -63.4842 -17.2419 3
    endloop
  endfacet
  facet normal 0 0 1
    outer loop
      vertex -63.2464 -17.4968 3
      vertex -63.533 -17.5997 3
      vertex -63.5411 -17.7871 3
    endloop
  endfacet
  facet normal 0 0 1
    outer loop
      vertex -63.1118 -17.6078 3
      vertex -63.5411 -17.7871 3
      vertex -63.5656 -17.973 3
    endloop
  endfacet
  facet normal 0 0 1
    outer loop
      vertex -62.7715 -18.3286 3
      vertex -63.6062 -18.1562 3
      vertex -62.8431 -18.4877 3
    endloop
  endfacet
  facet normal -0 0 1
    outer loop
      vertex -63.9218 -18.8329 3
      vertex -62.9716 -18.9938 3
      vertex -63.821 -18.6747 3
    endloop
  endfacet
  facet normal 0 0 1
    outer loop
      vertex -62.9716 -18.9938 3
      vertex -63.9218 -18.8329 3
      vertex -62.9845 -19.1678 3
    endloop
  endfacet
  facet normal -0 0 1
    outer loop
      vertex -64.036 -18.9817 3
      vertex -62.9845 -19.1678 3
      vertex -63.9218 -18.8329 3
    endloop
  endfacet
  facet normal 0 0 1
    outer loop
      vertex -62.9845 -19.1678 3
      vertex -64.036 -18.9817 3
      vertex -62.9822 -19.3422 3
    endloop
  endfacet
  facet normal 0 0 1
    outer loop
      vertex -51.6411 -41.0103 3
      vertex -63.8939 -44.739 3
      vertex -59.7515 -50.1374 3
    endloop
  endfacet
  facet normal 0 0 1
    outer loop
      vertex -62.9822 -19.3422 3
      vertex -64.036 -18.9817 3
      vertex -62.9647 -19.5158 3
    endloop
  endfacet
  facet normal -0 0 1
    outer loop
      vertex -64.1627 -19.12 3
      vertex -62.9647 -19.5158 3
      vertex -64.036 -18.9817 3
    endloop
  endfacet
  facet normal 0 0 1
    outer loop
      vertex -62.9321 -19.6873 3
      vertex -64.1627 -19.12 3
      vertex -64.301 -19.2467 3
    endloop
  endfacet
  facet normal 0 0 1
    outer loop
      vertex -62.9321 -19.6873 3
      vertex -64.301 -19.2467 3
      vertex -64.4498 -19.3609 3
    endloop
  endfacet
  facet normal 0 0 1
    outer loop
      vertex -62.8765 -19.8798 3
      vertex -64.4498 -19.3609 3
      vertex -64.608 -19.4616 3
    endloop
  endfacet
  facet normal 0 0 1
    outer loop
      vertex -62.8765 -19.8798 3
      vertex -64.608 -19.4616 3
      vertex -64.7743 -19.5483 3
    endloop
  endfacet
  facet normal 0 0 1
    outer loop
      vertex -62.8765 -19.8798 3
      vertex -64.7743 -19.5483 3
      vertex -64.9476 -19.62 3
    endloop
  endfacet
  facet normal 0 0 1
    outer loop
      vertex -61.7865 -23.0452 3
      vertex -64.9476 -19.62 3
      vertex -65.1265 -19.6764 3
    endloop
  endfacet
  facet normal 0 0 1
    outer loop
      vertex -61.7865 -23.0452 3
      vertex -65.1265 -19.6764 3
      vertex -65.3096 -19.717 3
    endloop
  endfacet
  facet normal 0 0 1
    outer loop
      vertex -61.7865 -23.0452 3
      vertex -65.3096 -19.717 3
      vertex -65.4956 -19.7415 3
    endloop
  endfacet
  facet normal -0 0 1
    outer loop
      vertex -65.683 -19.7497 3
      vertex -61.7865 -23.0452 3
      vertex -65.4956 -19.7415 3
    endloop
  endfacet
  facet normal 0 0 1
    outer loop
      vertex -65.8703 -19.7415 3
      vertex -61.7865 -23.0452 3
      vertex -65.683 -19.7497 3
    endloop
  endfacet
  facet normal 0 0 1
    outer loop
      vertex -66.0563 -19.717 3
      vertex -61.7865 -23.0452 3
      vertex -65.8703 -19.7415 3
    endloop
  endfacet
  facet normal 0 0 1
    outer loop
      vertex -61.7499 -23.1432 3
      vertex -66.0563 -19.717 3
      vertex -73.296 -26.6776 3
    endloop
  endfacet
  facet normal 0 0 1
    outer loop
      vertex -73.296 -26.6776 3
      vertex -66.0563 -19.717 3
      vertex -66.2394 -19.6764 3
    endloop
  endfacet
  facet normal 0 0 1
    outer loop
      vertex -73.296 -26.6776 3
      vertex -66.2394 -19.6764 3
      vertex -66.4183 -19.62 3
    endloop
  endfacet
  facet normal 0 0 1
    outer loop
      vertex -73.296 -26.6776 3
      vertex -66.4183 -19.62 3
      vertex -66.5916 -19.5483 3
    endloop
  endfacet
  facet normal 0 0 1
    outer loop
      vertex -73.296 -26.6776 3
      vertex -66.5916 -19.5483 3
      vertex -66.758 -19.4616 3
    endloop
  endfacet
  facet normal 0 0 1
    outer loop
      vertex -73.296 -26.6776 3
      vertex -66.758 -19.4616 3
      vertex -66.9161 -19.3609 3
    endloop
  endfacet
  facet normal 0 0 1
    outer loop
      vertex -73.296 -26.6776 3
      vertex -66.9161 -19.3609 3
      vertex -67.0649 -19.2467 3
    endloop
  endfacet
  facet normal 0 0 1
    outer loop
      vertex -73.296 -26.6776 3
      vertex -67.0649 -19.2467 3
      vertex -67.2032 -19.12 3
    endloop
  endfacet
  facet normal 0 0 1
    outer loop
      vertex -73.296 -26.6776 3
      vertex -67.2032 -19.12 3
      vertex -67.3299 -18.9817 3
    endloop
  endfacet
  facet normal 0 0 1
    outer loop
      vertex -75.3422 -20.1879 3
      vertex -67.3299 -18.9817 3
      vertex -67.4441 -18.8329 3
    endloop
  endfacet
  facet normal 0 0 1
    outer loop
      vertex -75.3422 -20.1879 3
      vertex -67.4441 -18.8329 3
      vertex -67.5449 -18.6747 3
    endloop
  endfacet
  facet normal 0 0 1
    outer loop
      vertex -55.645 -35.3877 3
      vertex -67.55 -39 3
      vertex -63.8939 -44.739 3
    endloop
  endfacet
  facet normal 0 0 1
    outer loop
      vertex -75.3422 -20.1879 3
      vertex -67.5449 -18.6747 3
      vertex -67.6315 -18.5083 3
    endloop
  endfacet
  facet normal 0 0 1
    outer loop
      vertex -75.3422 -20.1879 3
      vertex -67.6315 -18.5083 3
      vertex -67.7033 -18.335 3
    endloop
  endfacet
  facet normal 0 0 1
    outer loop
      vertex -75.3422 -20.1879 3
      vertex -67.7033 -18.335 3
      vertex -67.7597 -18.1562 3
    endloop
  endfacet
  facet normal 0 0 1
    outer loop
      vertex -75.3422 -20.1879 3
      vertex -67.7597 -18.1562 3
      vertex -67.8003 -17.973 3
    endloop
  endfacet
  facet normal 0 0 1
    outer loop
      vertex -75.3422 -20.1879 3
      vertex -67.8003 -17.973 3
      vertex -67.8248 -17.7871 3
    endloop
  endfacet
  facet normal 0 0 1
    outer loop
      vertex -75.3422 -20.1879 3
      vertex -67.8248 -17.7871 3
      vertex -67.833 -17.5997 3
    endloop
  endfacet
  facet normal 0 0 1
    outer loop
      vertex -65.6457 -6.26836 3
      vertex -71.5471 -1.69037 3
      vertex -71.6961 -1.72341 3
    endloop
  endfacet
  facet normal 0 0 1
    outer loop
      vertex -64.6309 -13.0959 3
      vertex -66.5916 -15.6511 3
      vertex -66.4183 -15.5794 3
    endloop
  endfacet
  facet normal 0 0 1
    outer loop
      vertex -65.6357 -6.37259 3
      vertex -71.6961 -1.72341 3
      vertex -71.8475 -1.74334 3
    endloop
  endfacet
  facet normal 0 0 1
    outer loop
      vertex -65.2122 -9.79897 3
      vertex -66.758 -15.7377 3
      vertex -66.5916 -15.6511 3
    endloop
  endfacet
  facet normal 0 0 1
    outer loop
      vertex -65.2277 -9.6954 3
      vertex -77.7032 -6.79815 3
      vertex -76.815 -13.5446 3
    endloop
  endfacet
  facet normal 0 0 1
    outer loop
      vertex -65.2122 -9.79897 3
      vertex -76.815 -13.5446 3
      vertex -67.0649 -15.9527 3
    endloop
  endfacet
  facet normal 0 0 1
    outer loop
      vertex -65.2122 -9.79897 3
      vertex -66.9161 -15.8385 3
      vertex -66.758 -15.7377 3
    endloop
  endfacet
  facet normal 0 0 1
    outer loop
      vertex -67.0649 -15.9527 3
      vertex -76.815 -13.5446 3
      vertex -67.2032 -16.0794 3
    endloop
  endfacet
  facet normal 0 0 1
    outer loop
      vertex -67.2032 -16.0794 3
      vertex -76.815 -13.5446 3
      vertex -67.3299 -16.2177 3
    endloop
  endfacet
  facet normal 0 0 1
    outer loop
      vertex -58.9925 -29.4711 3
      vertex -70.692 -32.9642 3
      vertex -67.55 -39 3
    endloop
  endfacet
  facet normal 0 0 1
    outer loop
      vertex -67.3299 -16.2177 3
      vertex -76.815 -13.5446 3
      vertex -67.4441 -16.3665 3
    endloop
  endfacet
  facet normal 0 0 1
    outer loop
      vertex -67.4441 -16.3665 3
      vertex -76.815 -13.5446 3
      vertex -67.5449 -16.5247 3
    endloop
  endfacet
  facet normal 0 0 1
    outer loop
      vertex -67.5449 -16.5247 3
      vertex -76.815 -13.5446 3
      vertex -67.6315 -16.6911 3
    endloop
  endfacet
  facet normal 0 0 1
    outer loop
      vertex -67.6315 -16.6911 3
      vertex -76.815 -13.5446 3
      vertex -67.7033 -16.8644 3
    endloop
  endfacet
  facet normal 0 0 1
    outer loop
      vertex -67.7597 -17.0432 3
      vertex -76.815 -13.5446 3
      vertex -67.8003 -17.2264 3
    endloop
  endfacet
  facet normal 0 -0 1
    outer loop
      vertex -75.3422 -20.1879 3
      vertex -67.8003 -17.2264 3
      vertex -76.815 -13.5446 3
    endloop
  endfacet
  facet normal 0 0 1
    outer loop
      vertex -67.8003 -17.2264 3
      vertex -75.3422 -20.1879 3
      vertex -67.8248 -17.4123 3
    endloop
  endfacet
  facet normal 0 0 1
    outer loop
      vertex -67.7033 -16.8644 3
      vertex -76.815 -13.5446 3
      vertex -67.7597 -17.0432 3
    endloop
  endfacet
  facet normal 0 0 1
    outer loop
      vertex -65.6357 -6.37259 3
      vertex -71.8475 -1.74334 3
      vertex -77.7032 -6.79815 3
    endloop
  endfacet
  facet normal 0 0 1
    outer loop
      vertex -77.7032 -6.79815 3
      vertex -71.8475 -1.74334 3
      vertex -72 -1.75 3
    endloop
  endfacet
  facet normal 0 0 1
    outer loop
      vertex -77.7032 -6.79815 3
      vertex -72 -1.75 3
      vertex -72.1525 -1.74334 3
    endloop
  endfacet
  facet normal 0 0 1
    outer loop
      vertex -77.7032 -6.79815 3
      vertex -72.1525 -1.74334 3
      vertex -72.3039 -1.72341 3
    endloop
  endfacet
  facet normal 0 0 1
    outer loop
      vertex -77.7032 -6.79815 3
      vertex -72.3039 -1.72341 3
      vertex -72.4529 -1.69037 3
    endloop
  endfacet
  facet normal 0 0 1
    outer loop
      vertex -77.7032 -6.79815 3
      vertex -72.4529 -1.69037 3
      vertex -72.5985 -1.64446 3
    endloop
  endfacet
  facet normal 0 0 1
    outer loop
      vertex -77.7032 -6.79815 3
      vertex -72.5985 -1.64446 3
      vertex -72.7396 -1.58604 3
    endloop
  endfacet
  facet normal 0 0 1
    outer loop
      vertex -77.7032 -6.79815 3
      vertex -72.7396 -1.58604 3
      vertex -72.875 -1.51554 3
    endloop
  endfacet
  facet normal 0 0 1
    outer loop
      vertex -77.7032 -6.79815 3
      vertex -72.875 -1.51554 3
      vertex -73.0038 -1.43352 3
    endloop
  endfacet
  facet normal 0 0 1
    outer loop
      vertex -77.7032 -6.79815 3
      vertex -73.0038 -1.43352 3
      vertex -73.1249 -1.34058 3
    endloop
  endfacet
  facet normal 0 0 1
    outer loop
      vertex -77.7032 -6.79815 3
      vertex -73.1249 -1.34058 3
      vertex -73.2374 -1.23744 3
    endloop
  endfacet
  facet normal 0 0 1
    outer loop
      vertex -60.4958 -26.2472 3
      vertex -73.296 -26.6776 3
      vertex -70.692 -32.9642 3
    endloop
  endfacet
  facet normal 0 0 1
    outer loop
      vertex -77.7032 -6.79815 3
      vertex -73.2374 -1.23744 3
      vertex -73.3406 -1.12488 3
    endloop
  endfacet
  facet normal 0 0 1
    outer loop
      vertex -77.7032 -6.79815 3
      vertex -73.3406 -1.12488 3
      vertex -73.4335 -1.00376 3
    endloop
  endfacet
  facet normal 0 0 1
    outer loop
      vertex -78 0 3
      vertex -73.4335 -1.00376 3
      vertex -73.5155 -0.875 3
    endloop
  endfacet
  facet normal 0 0 1
    outer loop
      vertex -78 0 3
      vertex -73.5155 -0.875 3
      vertex -73.586 -0.739581 3
    endloop
  endfacet
  facet normal 0 0 1
    outer loop
      vertex -78 0 3
      vertex -73.586 -0.739581 3
      vertex -73.6445 -0.598535 3
    endloop
  endfacet
  facet normal 0 0 1
    outer loop
      vertex -78 0 3
      vertex -73.6445 -0.598535 3
      vertex -73.6904 -0.452933 3
    endloop
  endfacet
  facet normal 0 0 1
    outer loop
      vertex -78 0 3
      vertex -73.6904 -0.452933 3
      vertex -73.7234 -0.303884 3
    endloop
  endfacet
  facet normal 0 0 1
    outer loop
      vertex -78 0 3
      vertex -73.7234 -0.303884 3
      vertex -73.7433 -0.152522 3
    endloop
  endfacet
  facet normal -0 0 1
    outer loop
      vertex -78 0 3
      vertex -73.7433 -0.152522 3
      vertex -73.75 0 3
    endloop
  endfacet
  facet normal 0 0 1
    outer loop
      vertex -73.6904 0.452933 3
      vertex -78 0 3
      vertex -73.7234 0.303884 3
    endloop
  endfacet
  facet normal 0 0 1
    outer loop
      vertex -67.3299 -18.9817 3
      vertex -75.3422 -20.1879 3
      vertex -73.296 -26.6776 3
    endloop
  endfacet
  facet normal 0 0 1
    outer loop
      vertex -73.7234 0.303884 3
      vertex -78 0 3
      vertex -73.7433 0.152522 3
    endloop
  endfacet
  facet normal 0 0 1
    outer loop
      vertex -67.8248 -17.4123 3
      vertex -75.3422 -20.1879 3
      vertex -67.833 -17.5997 3
    endloop
  endfacet
  facet normal 0 0 1
    outer loop
      vertex -73.7433 0.152522 3
      vertex -78 0 3
      vertex -73.75 0 3
    endloop
  endfacet
  facet normal 0 0 1
    outer loop
      vertex -65.2122 -9.79897 3
      vertex -67.0649 -15.9527 3
      vertex -66.9161 -15.8385 3
    endloop
  endfacet
  facet normal 0 0 1
    outer loop
      vertex -73.4335 -1.00376 3
      vertex -78 0 3
      vertex -77.7032 -6.79815 3
    endloop
  endfacet
  facet normal 0 0 1
    outer loop
      vertex -29.3773 59.0392 3
      vertex -34.2567 62.5064 3
      vertex -34.25 62.3538 3
    endloop
  endfacet
  facet normal 0 0 1
    outer loop
      vertex -26.3432 60.454 3
      vertex -34.2766 62.6577 3
      vertex -34.2567 62.5064 3
    endloop
  endfacet
  facet normal 0 0 1
    outer loop
      vertex -26.3432 60.454 3
      vertex -34.3096 62.8068 3
      vertex -34.2766 62.6577 3
    endloop
  endfacet
  facet normal 0 0 1
    outer loop
      vertex -26.3432 60.454 3
      vertex -34.3555 62.9524 3
      vertex -34.3096 62.8068 3
    endloop
  endfacet
  facet normal 0 0 1
    outer loop
      vertex -26.3432 60.454 3
      vertex -34.414 63.0934 3
      vertex -34.3555 62.9524 3
    endloop
  endfacet
  facet normal 0 0 1
    outer loop
      vertex -32.9642 70.692 3
      vertex -34.4845 63.2288 3
      vertex -34.414 63.0934 3
    endloop
  endfacet
  facet normal 0 0 1
    outer loop
      vertex -32.9642 70.692 3
      vertex -34.5665 63.3576 3
      vertex -34.4845 63.2288 3
    endloop
  endfacet
  facet normal 0 0 1
    outer loop
      vertex -32.9642 70.692 3
      vertex -34.6594 63.4787 3
      vertex -34.5665 63.3576 3
    endloop
  endfacet
  facet normal 0 0 1
    outer loop
      vertex -32.9642 70.692 3
      vertex -34.7626 63.5913 3
      vertex -34.6594 63.4787 3
    endloop
  endfacet
  facet normal 0 0 1
    outer loop
      vertex -32.9642 70.692 3
      vertex -34.8751 63.6944 3
      vertex -34.7626 63.5913 3
    endloop
  endfacet
  facet normal 0 0 1
    outer loop
      vertex -32.9642 70.692 3
      vertex -34.9962 63.7873 3
      vertex -34.8751 63.6944 3
    endloop
  endfacet
  facet normal 0 0 1
    outer loop
      vertex -32.9642 70.692 3
      vertex -35.125 63.8694 3
      vertex -34.9962 63.7873 3
    endloop
  endfacet
  facet normal 0 0 1
    outer loop
      vertex -32.9642 70.692 3
      vertex -35.2604 63.9399 3
      vertex -35.125 63.8694 3
    endloop
  endfacet
  facet normal 0 0 1
    outer loop
      vertex -32.9642 70.692 3
      vertex -35.4015 63.9983 3
      vertex -35.2604 63.9399 3
    endloop
  endfacet
  facet normal 0 0 1
    outer loop
      vertex -32.9642 70.692 3
      vertex -35.5471 64.0442 3
      vertex -35.4015 63.9983 3
    endloop
  endfacet
  facet normal 0 0 1
    outer loop
      vertex -32.9642 70.692 3
      vertex -35.6961 64.0772 3
      vertex -35.5471 64.0442 3
    endloop
  endfacet
  facet normal 0 0 1
    outer loop
      vertex -32.9642 70.692 3
      vertex -35.8475 64.0972 3
      vertex -35.6961 64.0772 3
    endloop
  endfacet
  facet normal -0 0 1
    outer loop
      vertex -39 67.55 3
      vertex -35.8475 64.0972 3
      vertex -32.9642 70.692 3
    endloop
  endfacet
  facet normal 0 0 1
    outer loop
      vertex -35.8475 64.0972 3
      vertex -39 67.55 3
      vertex -36 64.1038 3
    endloop
  endfacet
  facet normal 0 0 1
    outer loop
      vertex -36 64.1038 3
      vertex -39 67.55 3
      vertex -36.1525 64.0972 3
    endloop
  endfacet
  facet normal 0 0 1
    outer loop
      vertex -36.1525 64.0972 3
      vertex -39 67.55 3
      vertex -36.3039 64.0772 3
    endloop
  endfacet
  facet normal 0 0 1
    outer loop
      vertex -36.3039 64.0772 3
      vertex -39 67.55 3
      vertex -36.4529 64.0442 3
    endloop
  endfacet
  facet normal 0 0 1
    outer loop
      vertex -36.4529 64.0442 3
      vertex -39 67.55 3
      vertex -36.5985 63.9983 3
    endloop
  endfacet
  facet normal 0 0 1
    outer loop
      vertex -36.5985 63.9983 3
      vertex -39 67.55 3
      vertex -36.7396 63.9399 3
    endloop
  endfacet
  facet normal 0 0 1
    outer loop
      vertex -36.7396 63.9399 3
      vertex -39 67.55 3
      vertex -36.875 63.8694 3
    endloop
  endfacet
  facet normal 0 0 1
    outer loop
      vertex -36.875 63.8694 3
      vertex -39 67.55 3
      vertex -37.0038 63.7873 3
    endloop
  endfacet
  facet normal 0 0 1
    outer loop
      vertex -37.0038 63.7873 3
      vertex -39 67.55 3
      vertex -37.1249 63.6944 3
    endloop
  endfacet
  facet normal 0 0 1
    outer loop
      vertex -37.1249 63.6944 3
      vertex -39 67.55 3
      vertex -37.2374 63.5913 3
    endloop
  endfacet
  facet normal 0 0 1
    outer loop
      vertex -37.2374 63.5913 3
      vertex -39 67.55 3
      vertex -37.3406 63.4787 3
    endloop
  endfacet
  facet normal 0 0 1
    outer loop
      vertex -37.3406 63.4787 3
      vertex -39 67.55 3
      vertex -37.4335 63.3576 3
    endloop
  endfacet
  facet normal 0 0 1
    outer loop
      vertex -44.739 63.8939 3
      vertex -37.75 62.3538 3
      vertex -37.7433 62.5064 3
    endloop
  endfacet
  facet normal 0 0 1
    outer loop
      vertex -37.75 62.3538 3
      vertex -38.3367 53.6559 3
      vertex -38.2514 53.7167 3
    endloop
  endfacet
  facet normal 0 0 1
    outer loop
      vertex -37.4335 63.3576 3
      vertex -39 67.55 3
      vertex -37.5155 63.2288 3
    endloop
  endfacet
  facet normal 0 0 1
    outer loop
      vertex -39 67.55 3
      vertex -37.586 63.0934 3
      vertex -37.5155 63.2288 3
    endloop
  endfacet
  facet normal 0 0 1
    outer loop
      vertex -39 67.55 3
      vertex -37.6445 62.9524 3
      vertex -37.586 63.0934 3
    endloop
  endfacet
  facet normal -0 0 1
    outer loop
      vertex -44.739 63.8939 3
      vertex -37.6445 62.9524 3
      vertex -39 67.55 3
    endloop
  endfacet
  facet normal 0 0 1
    outer loop
      vertex -37.6445 62.9524 3
      vertex -44.739 63.8939 3
      vertex -37.6904 62.8068 3
    endloop
  endfacet
  facet normal 0 0 1
    outer loop
      vertex -37.6904 62.8068 3
      vertex -44.739 63.8939 3
      vertex -37.7234 62.6577 3
    endloop
  endfacet
  facet normal 0 0 1
    outer loop
      vertex -37.7234 62.6577 3
      vertex -44.739 63.8939 3
      vertex -37.7433 62.5064 3
    endloop
  endfacet
  facet normal 0 0 1
    outer loop
      vertex -37.75 62.3538 3
      vertex -44.739 63.8939 3
      vertex -38.3367 53.6559 3
    endloop
  endfacet
  facet normal 0 0 1
    outer loop
      vertex -38.3367 53.6559 3
      vertex -44.739 63.8939 3
      vertex -41.0103 51.6411 3
    endloop
  endfacet
  facet normal -0 0 1
    outer loop
      vertex -50.1374 59.7515 3
      vertex -41.0103 51.6411 3
      vertex -44.739 63.8939 3
    endloop
  endfacet
  facet normal 0 0 1
    outer loop
      vertex -41.0103 51.6411 3
      vertex -50.1374 59.7515 3
      vertex -41.0923 51.576 3
    endloop
  endfacet
  facet normal 0 0 1
    outer loop
      vertex -41.0923 51.576 3
      vertex -50.1374 59.7515 3
      vertex -43.6568 49.424 3
    endloop
  endfacet
  facet normal 0 0 1
    outer loop
      vertex -43.6568 49.424 3
      vertex -50.1374 59.7515 3
      vertex -43.7352 49.3547 3
    endloop
  endfacet
  facet normal -0 0 1
    outer loop
      vertex -55.1543 55.1543 3
      vertex -43.7352 49.3547 3
      vertex -50.1374 59.7515 3
    endloop
  endfacet
  facet normal 0 0 1
    outer loop
      vertex -43.7352 49.3547 3
      vertex -55.1543 55.1543 3
      vertex -46.1836 47.0715 3
    endloop
  endfacet
  facet normal 0 0 1
    outer loop
      vertex -46.1836 47.0715 3
      vertex -55.1543 55.1543 3
      vertex -46.3059 46.9471 3
    endloop
  endfacet
  facet normal 0 0 1
    outer loop
      vertex -46.3059 46.9471 3
      vertex -55.1543 55.1543 3
      vertex -46.4169 46.8124 3
    endloop
  endfacet
  facet normal 0 0 1
    outer loop
      vertex -46.4169 46.8124 3
      vertex -55.1543 55.1543 3
      vertex -46.5157 46.6686 3
    endloop
  endfacet
  facet normal 0 -0 1
    outer loop
      vertex -48.242 44.8731 3
      vertex -46.5157 46.6686 3
      vertex -55.1543 55.1543 3
    endloop
  endfacet
  facet normal 0 0 1
    outer loop
      vertex -46.5157 46.6686 3
      vertex -48.242 44.8731 3
      vertex -46.6016 46.5168 3
    endloop
  endfacet
  facet normal 0 -0 1
    outer loop
      vertex -48.092 44.9623 3
      vertex -46.6016 46.5168 3
      vertex -48.242 44.8731 3
    endloop
  endfacet
  facet normal 0 0 1
    outer loop
      vertex -47.4324 45.1799 3
      vertex -46.8184 45.6786 3
      vertex -46.8047 45.8525 3
    endloop
  endfacet
  facet normal 0 0 1
    outer loop
      vertex -46.6016 46.5168 3
      vertex -48.092 44.9623 3
      vertex -46.674 46.358 3
    endloop
  endfacet
  facet normal 0 0 1
    outer loop
      vertex -46.674 46.358 3
      vertex -47.9349 45.0381 3
      vertex -46.7322 46.1935 3
    endloop
  endfacet
  facet normal 0 0 1
    outer loop
      vertex -46.8184 45.6786 3
      vertex -47.0844 45.1997 3
      vertex -46.9103 45.1868 3
    endloop
  endfacet
  facet normal 0 0 1
    outer loop
      vertex -46.8184 45.6786 3
      vertex -47.2588 45.1974 3
      vertex -47.0844 45.1997 3
    endloop
  endfacet
  facet normal 0 0 1
    outer loop
      vertex -46.8184 45.6786 3
      vertex -47.4324 45.1799 3
      vertex -47.2588 45.1974 3
    endloop
  endfacet
  facet normal 0 -0 1
    outer loop
      vertex -47.7717 45.0999 3
      vertex -46.7322 46.1935 3
      vertex -47.9349 45.0381 3
    endloop
  endfacet
  facet normal 0 0 1
    outer loop
      vertex -46.8047 45.8525 3
      vertex -47.6038 45.1473 3
      vertex -47.4324 45.1799 3
    endloop
  endfacet
  facet normal 0 0 1
    outer loop
      vertex -46.7759 46.0246 3
      vertex -47.6038 45.1473 3
      vertex -46.8047 45.8525 3
    endloop
  endfacet
  facet normal 0 -0 1
    outer loop
      vertex -47.6038 45.1473 3
      vertex -46.7759 46.0246 3
      vertex -47.7717 45.0999 3
    endloop
  endfacet
  facet normal 0 0 1
    outer loop
      vertex -46.7322 46.1935 3
      vertex -47.7717 45.0999 3
      vertex -46.7759 46.0246 3
    endloop
  endfacet
  facet normal 0 -0 1
    outer loop
      vertex -47.9349 45.0381 3
      vertex -46.674 46.358 3
      vertex -48.092 44.9623 3
    endloop
  endfacet
  facet normal 0 0 1
    outer loop
      vertex -48.242 44.8731 3
      vertex -55.1543 55.1543 3
      vertex -48.3836 44.7711 3
    endloop
  endfacet
  facet normal 0 0 1
    outer loop
      vertex -48.3836 44.7711 3
      vertex -55.1543 55.1543 3
      vertex -48.5157 44.6572 3
    endloop
  endfacet
  facet normal 0 0 1
    outer loop
      vertex -48.5157 44.6572 3
      vertex -55.1543 55.1543 3
      vertex -48.6546 44.5127 3
    endloop
  endfacet
  facet normal -0 0 1
    outer loop
      vertex -59.7515 50.1374 3
      vertex -48.6546 44.5127 3
      vertex -55.1543 55.1543 3
    endloop
  endfacet
  facet normal 0 0 1
    outer loop
      vertex -48.6546 44.5127 3
      vertex -59.7515 50.1374 3
      vertex -50.851 41.9861 3
    endloop
  endfacet
  facet normal 0 0 1
    outer loop
      vertex -50.851 41.9861 3
      vertex -59.7515 50.1374 3
      vertex -50.9175 41.9053 3
    endloop
  endfacet
  facet normal 0 0 1
    outer loop
      vertex -50.9175 41.9053 3
      vertex -59.7515 50.1374 3
      vertex -52.9786 39.2673 3
    endloop
  endfacet
  facet normal -0 0 1
    outer loop
      vertex -63.8939 44.739 3
      vertex -52.9786 39.2673 3
      vertex -59.7515 50.1374 3
    endloop
  endfacet
  facet normal 0 0 1
    outer loop
      vertex -52.9786 39.2673 3
      vertex -63.8939 44.739 3
      vertex -53.0409 39.1831 3
    endloop
  endfacet
  facet normal 0 0 1
    outer loop
      vertex -53.0409 39.1831 3
      vertex -63.8939 44.739 3
      vertex -54.9611 36.4408 3
    endloop
  endfacet
  facet normal 0 0 1
    outer loop
      vertex -54.9611 36.4408 3
      vertex -63.8939 44.739 3
      vertex -55.0189 36.3534 3
    endloop
  endfacet
  facet normal -0 0 1
    outer loop
      vertex -67.55 39 3
      vertex -55.0189 36.3534 3
      vertex -63.8939 44.739 3
    endloop
  endfacet
  facet normal 0 0 1
    outer loop
      vertex -55.0189 36.3534 3
      vertex -67.55 39 3
      vertex -56.793 33.5144 3
    endloop
  endfacet
  facet normal 0 0 1
    outer loop
      vertex -56.793 33.5144 3
      vertex -67.55 39 3
      vertex -56.8461 33.4241 3
    endloop
  endfacet
  facet normal 0 0 1
    outer loop
      vertex -56.8461 33.4241 3
      vertex -67.55 39 3
      vertex -58.4691 30.4961 3
    endloop
  endfacet
  facet normal 0 0 1
    outer loop
      vertex -58.4691 30.4961 3
      vertex -67.55 39 3
      vertex -58.5175 30.4033 3
    endloop
  endfacet
  facet normal -0 0 1
    outer loop
      vertex -70.692 32.9642 3
      vertex -58.5175 30.4033 3
      vertex -67.55 39 3
    endloop
  endfacet
  facet normal 0 0 1
    outer loop
      vertex -58.5175 30.4033 3
      vertex -70.692 32.9642 3
      vertex -59.9851 27.3943 3
    endloop
  endfacet
  facet normal 0 0 1
    outer loop
      vertex -59.9851 27.3943 3
      vertex -70.692 32.9642 3
      vertex -60.0285 27.299 3
    endloop
  endfacet
  facet normal 0 0 1
    outer loop
      vertex -60.0285 27.299 3
      vertex -70.692 32.9642 3
      vertex -61.3366 24.2174 3
    endloop
  endfacet
  facet normal -0 0 1
    outer loop
      vertex -73.296 26.6776 3
      vertex -61.3366 24.2174 3
      vertex -70.692 32.9642 3
    endloop
  endfacet
  facet normal 0 0 1
    outer loop
      vertex -61.3366 24.2174 3
      vertex -73.296 26.6776 3
      vertex -61.3749 24.12 3
    endloop
  endfacet
  facet normal 0 0 1
    outer loop
      vertex -61.3749 24.12 3
      vertex -73.296 26.6776 3
      vertex -62.5199 20.9741 3
    endloop
  endfacet
  facet normal 0 0 1
    outer loop
      vertex -63.4603 16.3071 3
      vertex -63.7998 15.2968 3
      vertex -63.6676 15.4107 3
    endloop
  endfacet
  facet normal 0 0 1
    outer loop
      vertex -75.3422 20.1879 3
      vertex -63.6181 17.1584 3
      vertex -63.6044 17.3323 3
    endloop
  endfacet
  facet normal 0 0 1
    outer loop
      vertex -62.5199 20.9741 3
      vertex -73.296 26.6776 3
      vertex -62.5532 20.8748 3
    endloop
  endfacet
  facet normal 0 0 1
    outer loop
      vertex -75.3422 20.1879 3
      vertex -62.5532 20.8748 3
      vertex -73.296 26.6776 3
    endloop
  endfacet
  facet normal 0 0 1
    outer loop
      vertex -62.5532 20.8748 3
      vertex -75.3422 20.1879 3
      vertex -63.532 17.6733 3
    endloop
  endfacet
  facet normal 0 0 1
    outer loop
      vertex -63.532 17.6733 3
      vertex -75.3422 20.1879 3
      vertex -63.5756 17.5044 3
    endloop
  endfacet
  facet normal 0 0 1
    outer loop
      vertex -63.5756 17.5044 3
      vertex -75.3422 20.1879 3
      vertex -63.6044 17.3323 3
    endloop
  endfacet
  facet normal 0 0 1
    outer loop
      vertex -63.6181 17.1584 3
      vertex -75.3422 20.1879 3
      vertex -64.2153 14.7402 3
    endloop
  endfacet
  facet normal 0 0 1
    outer loop
      vertex -63.5214 16.4705 3
      vertex -63.9215 15.1718 3
      vertex -63.7998 15.2968 3
    endloop
  endfacet
  facet normal 0 0 1
    outer loop
      vertex -63.5681 16.6387 3
      vertex -64.0319 15.0367 3
      vertex -63.9215 15.1718 3
    endloop
  endfacet
  facet normal 0 0 1
    outer loop
      vertex -63.5999 16.8102 3
      vertex -64.1301 14.8925 3
      vertex -64.0319 15.0367 3
    endloop
  endfacet
  facet normal 0 0 1
    outer loop
      vertex -63.6166 16.9839 3
      vertex -64.2153 14.7402 3
      vertex -64.1301 14.8925 3
    endloop
  endfacet
  facet normal 0 0 1
    outer loop
      vertex -64.2153 14.7402 3
      vertex -75.3422 20.1879 3
      vertex -64.2869 14.5811 3
    endloop
  endfacet
  facet normal 0 0 1
    outer loop
      vertex -64.2869 14.5811 3
      vertex -75.3422 20.1879 3
      vertex -64.3445 14.4164 3
    endloop
  endfacet
  facet normal 0 0 1
    outer loop
      vertex -64.3445 14.4164 3
      vertex -75.3422 20.1879 3
      vertex -64.3925 14.2218 3
    endloop
  endfacet
  facet normal 0 0 1
    outer loop
      vertex -76.815 13.5446 3
      vertex -64.3925 14.2218 3
      vertex -75.3422 20.1879 3
    endloop
  endfacet
  facet normal 0 0 1
    outer loop
      vertex -64.3925 14.2218 3
      vertex -76.815 13.5446 3
      vertex -65.0313 10.9356 3
    endloop
  endfacet
  facet normal 0 0 1
    outer loop
      vertex -70.2567 -0.152522 3
      vertex -65.9422 0.523102 3
      vertex -70.25 0 3
    endloop
  endfacet
  facet normal 0 0 1
    outer loop
      vertex -70.2766 0.303884 3
      vertex -65.9422 0.523102 3
      vertex -65.9413 0.627808 3
    endloop
  endfacet
  facet normal 0 0 1
    outer loop
      vertex -70.2766 -0.303884 3
      vertex -65.9422 0.523102 3
      vertex -70.2567 -0.152522 3
    endloop
  endfacet
  facet normal 0 0 1
    outer loop
      vertex -70.3096 -0.452933 3
      vertex -65.9422 0.523102 3
      vertex -70.2766 -0.303884 3
    endloop
  endfacet
  facet normal -0 0 1
    outer loop
      vertex -70.4845 0.875 3
      vertex -65.9413 0.627808 3
      vertex -65.8245 3.97354 3
    endloop
  endfacet
  facet normal 0 0 1
    outer loop
      vertex -65.8838 -2.82414 3
      vertex -70.3096 -0.452933 3
      vertex -70.3555 -0.598535 3
    endloop
  endfacet
  facet normal 0 0 1
    outer loop
      vertex -65.8838 -2.82414 3
      vertex -70.3555 -0.598535 3
      vertex -70.414 -0.739581 3
    endloop
  endfacet
  facet normal 0 0 1
    outer loop
      vertex -65.0313 10.9356 3
      vertex -76.815 13.5446 3
      vertex -65.0486 10.8323 3
    endloop
  endfacet
  facet normal 0 0 1
    outer loop
      vertex -65.9422 0.523102 3
      vertex -70.2567 0.152522 3
      vertex -70.25 0 3
    endloop
  endfacet
  facet normal 0 0 1
    outer loop
      vertex -65.8838 -2.82414 3
      vertex -70.414 -0.739581 3
      vertex -70.4845 -0.875 3
    endloop
  endfacet
  facet normal 0 0 1
    outer loop
      vertex -65.8838 -2.82414 3
      vertex -70.4845 -0.875 3
      vertex -70.5665 -1.00376 3
    endloop
  endfacet
  facet normal 0 0 1
    outer loop
      vertex -65.8838 -2.82414 3
      vertex -70.5665 -1.00376 3
      vertex -70.6594 -1.12488 3
    endloop
  endfacet
  facet normal 0 0 1
    outer loop
      vertex -65.8793 -2.92874 3
      vertex -70.6594 -1.12488 3
      vertex -70.7626 -1.23744 3
    endloop
  endfacet
  facet normal 0 0 1
    outer loop
      vertex -76.815 13.5446 3
      vertex -65.5145 7.51712 3
      vertex -65.0486 10.8323 3
    endloop
  endfacet
  facet normal 0 0 1
    outer loop
      vertex -65.8793 -2.92874 3
      vertex -70.7626 -1.23744 3
      vertex -70.8751 -1.34058 3
    endloop
  endfacet
  facet normal 0 0 1
    outer loop
      vertex -65.8793 -2.92874 3
      vertex -70.9962 -1.43352 3
      vertex -71.125 -1.51554 3
    endloop
  endfacet
  facet normal 0 0 1
    outer loop
      vertex -64.61 -13.1985 3
      vertex -66.0563 -15.4824 3
      vertex -65.8703 -15.4579 3
    endloop
  endfacet
  facet normal 0 0 1
    outer loop
      vertex -65.6457 -6.26836 3
      vertex -71.125 -1.51554 3
      vertex -71.2604 -1.58604 3
    endloop
  endfacet
  facet normal 0 0 1
    outer loop
      vertex -64.6309 -13.0959 3
      vertex -66.2394 -15.523 3
      vertex -66.0563 -15.4824 3
    endloop
  endfacet
  facet normal 0 0 1
    outer loop
      vertex -65.6457 -6.26836 3
      vertex -71.2604 -1.58604 3
      vertex -71.4015 -1.64446 3
    endloop
  endfacet
  facet normal 0 0 1
    outer loop
      vertex -64.6309 -13.0959 3
      vertex -66.4183 -15.5794 3
      vertex -66.2394 -15.523 3
    endloop
  endfacet
  facet normal 0 0 1
    outer loop
      vertex -65.6457 -6.26836 3
      vertex -71.4015 -1.64446 3
      vertex -71.5471 -1.69037 3
    endloop
  endfacet
  facet normal 0 0 1
    outer loop
      vertex -65.9422 0.523102 3
      vertex -70.2766 0.303884 3
      vertex -70.2567 0.152522 3
    endloop
  endfacet
  facet normal 0 0 1
    outer loop
      vertex -65.9413 0.627808 3
      vertex -70.3096 0.452933 3
      vertex -70.2766 0.303884 3
    endloop
  endfacet
  facet normal 0 0 1
    outer loop
      vertex -65.9413 0.627808 3
      vertex -70.3555 0.598535 3
      vertex -70.3096 0.452933 3
    endloop
  endfacet
  facet normal 0 0 1
    outer loop
      vertex -65.9413 0.627808 3
      vertex -70.414 0.739581 3
      vertex -70.3555 0.598535 3
    endloop
  endfacet
  facet normal 0 0 1
    outer loop
      vertex -65.5263 7.41309 3
      vertex -77.7032 6.79815 3
      vertex -72 1.75 3
    endloop
  endfacet
  facet normal 0 0 1
    outer loop
      vertex -65.9413 0.627808 3
      vertex -70.4845 0.875 3
      vertex -70.414 0.739581 3
    endloop
  endfacet
  facet normal 0 -0 1
    outer loop
      vertex -71.8475 1.74334 3
      vertex -65.5263 7.41309 3
      vertex -72 1.75 3
    endloop
  endfacet
  facet normal 0 0 1
    outer loop
      vertex -65.8245 3.97354 3
      vertex -70.5665 1.00376 3
      vertex -70.4845 0.875 3
    endloop
  endfacet
  facet normal 0 0 1
    outer loop
      vertex -65.8245 3.97354 3
      vertex -70.6594 1.12488 3
      vertex -70.5665 1.00376 3
    endloop
  endfacet
  facet normal 0 -0 1
    outer loop
      vertex -71.6961 1.72341 3
      vertex -65.5263 7.41309 3
      vertex -71.8475 1.74334 3
    endloop
  endfacet
  facet normal 0 0 1
    outer loop
      vertex -65.8245 3.97354 3
      vertex -70.7626 1.23744 3
      vertex -70.6594 1.12488 3
    endloop
  endfacet
  facet normal 0 0 1
    outer loop
      vertex -65.8245 3.97354 3
      vertex -70.8751 1.34058 3
      vertex -70.7626 1.23744 3
    endloop
  endfacet
  facet normal 0 0 1
    outer loop
      vertex -65.8245 3.97354 3
      vertex -70.9962 1.43352 3
      vertex -70.8751 1.34058 3
    endloop
  endfacet
  facet normal 0 0 1
    outer loop
      vertex -65.8181 4.07806 3
      vertex -70.9962 1.43352 3
      vertex -65.8245 3.97354 3
    endloop
  endfacet
  facet normal 0 -0 1
    outer loop
      vertex -70.9962 1.43352 3
      vertex -65.8181 4.07806 3
      vertex -71.125 1.51554 3
    endloop
  endfacet
  facet normal 0 -0 1
    outer loop
      vertex -71.125 1.51554 3
      vertex -65.8181 4.07806 3
      vertex -71.2604 1.58604 3
    endloop
  endfacet
  facet normal 0 -0 1
    outer loop
      vertex -71.2604 1.58604 3
      vertex -65.8181 4.07806 3
      vertex -71.4015 1.64446 3
    endloop
  endfacet
  facet normal 0 -0 1
    outer loop
      vertex -71.4015 1.64446 3
      vertex -65.8181 4.07806 3
      vertex -71.5471 1.69037 3
    endloop
  endfacet
  facet normal 0 0 1
    outer loop
      vertex -65.5263 7.41309 3
      vertex -71.5471 1.69037 3
      vertex -65.8181 4.07806 3
    endloop
  endfacet
  facet normal 0 -0 1
    outer loop
      vertex -71.5471 1.69037 3
      vertex -65.5263 7.41309 3
      vertex -71.6961 1.72341 3
    endloop
  endfacet
  facet normal 0 0 1
    outer loop
      vertex -77.7032 6.79815 3
      vertex -65.5263 7.41309 3
      vertex -65.5145 7.51712 3
    endloop
  endfacet
  facet normal 0 0 1
    outer loop
      vertex -77.7032 6.79815 3
      vertex -65.5145 7.51712 3
      vertex -76.815 13.5446 3
    endloop
  endfacet
  facet normal 0 0 1
    outer loop
      vertex -72 1.75 3
      vertex -77.7032 6.79815 3
      vertex -72.1525 1.74334 3
    endloop
  endfacet
  facet normal 0 0 1
    outer loop
      vertex -72.1525 1.74334 3
      vertex -77.7032 6.79815 3
      vertex -72.3039 1.72341 3
    endloop
  endfacet
  facet normal 0 0 1
    outer loop
      vertex -72.3039 1.72341 3
      vertex -77.7032 6.79815 3
      vertex -72.4529 1.69037 3
    endloop
  endfacet
  facet normal 0 0 1
    outer loop
      vertex -72.4529 1.69037 3
      vertex -77.7032 6.79815 3
      vertex -72.5985 1.64446 3
    endloop
  endfacet
  facet normal 0 0 1
    outer loop
      vertex -72.5985 1.64446 3
      vertex -77.7032 6.79815 3
      vertex -72.7396 1.58604 3
    endloop
  endfacet
  facet normal 0 0 1
    outer loop
      vertex -72.7396 1.58604 3
      vertex -77.7032 6.79815 3
      vertex -72.875 1.51554 3
    endloop
  endfacet
  facet normal 0 0 1
    outer loop
      vertex -72.875 1.51554 3
      vertex -77.7032 6.79815 3
      vertex -73.0038 1.43352 3
    endloop
  endfacet
  facet normal 0 0 1
    outer loop
      vertex -73.0038 1.43352 3
      vertex -77.7032 6.79815 3
      vertex -73.1249 1.34058 3
    endloop
  endfacet
  facet normal 0 0 1
    outer loop
      vertex -73.1249 1.34058 3
      vertex -77.7032 6.79815 3
      vertex -73.2374 1.23744 3
    endloop
  endfacet
  facet normal 0 0 1
    outer loop
      vertex -73.2374 1.23744 3
      vertex -77.7032 6.79815 3
      vertex -73.3406 1.12488 3
    endloop
  endfacet
  facet normal 0 0 1
    outer loop
      vertex -73.3406 1.12488 3
      vertex -77.7032 6.79815 3
      vertex -73.4335 1.00376 3
    endloop
  endfacet
  facet normal 0 0 1
    outer loop
      vertex -78 0 3
      vertex -73.4335 1.00376 3
      vertex -77.7032 6.79815 3
    endloop
  endfacet
  facet normal 0 0 1
    outer loop
      vertex -73.4335 1.00376 3
      vertex -78 0 3
      vertex -73.5155 0.875 3
    endloop
  endfacet
  facet normal 0 0 1
    outer loop
      vertex -73.5155 0.875 3
      vertex -78 0 3
      vertex -73.586 0.739581 3
    endloop
  endfacet
  facet normal 0 0 1
    outer loop
      vertex -73.586 0.739581 3
      vertex -78 0 3
      vertex -73.6445 0.598535 3
    endloop
  endfacet
  facet normal 0 0 1
    outer loop
      vertex -73.6445 0.598535 3
      vertex -78 0 3
      vertex -73.6904 0.452933 3
    endloop
  endfacet
  facet normal 0 0 1
    outer loop
      vertex -13.1985 64.61 3
      vertex -15.4579 65.8703 3
      vertex -15.4497 65.683 3
    endloop
  endfacet
  facet normal 0 0 1
    outer loop
      vertex -9.79897 65.2122 3
      vertex -15.4824 66.0563 3
      vertex -15.4579 65.8703 3
    endloop
  endfacet
  facet normal 0 0 1
    outer loop
      vertex -9.79897 65.2122 3
      vertex -15.523 66.2394 3
      vertex -15.4824 66.0563 3
    endloop
  endfacet
  facet normal 0 0 1
    outer loop
      vertex -9.79897 65.2122 3
      vertex -15.5794 66.4183 3
      vertex -15.523 66.2394 3
    endloop
  endfacet
  facet normal 0 0 1
    outer loop
      vertex -9.79897 65.2122 3
      vertex -15.6511 66.5916 3
      vertex -15.5794 66.4183 3
    endloop
  endfacet
  facet normal 0 0 1
    outer loop
      vertex -9.79897 65.2122 3
      vertex -15.7377 66.758 3
      vertex -15.6511 66.5916 3
    endloop
  endfacet
  facet normal 0 0 1
    outer loop
      vertex -9.79897 65.2122 3
      vertex -15.8385 66.9161 3
      vertex -15.7377 66.758 3
    endloop
  endfacet
  facet normal 0 0 1
    outer loop
      vertex -9.79897 65.2122 3
      vertex -15.9527 67.0649 3
      vertex -15.8385 66.9161 3
    endloop
  endfacet
  facet normal 0 0 1
    outer loop
      vertex -13.5446 76.815 3
      vertex -16.0794 67.2032 3
      vertex -15.9527 67.0649 3
    endloop
  endfacet
  facet normal 0 0 1
    outer loop
      vertex -13.5446 76.815 3
      vertex -16.2177 67.3299 3
      vertex -16.0794 67.2032 3
    endloop
  endfacet
  facet normal 0 0 1
    outer loop
      vertex -13.5446 76.815 3
      vertex -16.3665 67.4441 3
      vertex -16.2177 67.3299 3
    endloop
  endfacet
  facet normal 0 0 1
    outer loop
      vertex -13.5446 76.815 3
      vertex -16.5247 67.5449 3
      vertex -16.3665 67.4441 3
    endloop
  endfacet
  facet normal 0 0 1
    outer loop
      vertex -13.5446 76.815 3
      vertex -16.6911 67.6315 3
      vertex -16.5247 67.5449 3
    endloop
  endfacet
  facet normal 0 0 1
    outer loop
      vertex -13.5446 76.815 3
      vertex -16.8644 67.7033 3
      vertex -16.6911 67.6315 3
    endloop
  endfacet
  facet normal 0 0 1
    outer loop
      vertex -13.5446 76.815 3
      vertex -17.0432 67.7597 3
      vertex -16.8644 67.7033 3
    endloop
  endfacet
  facet normal 0 0 1
    outer loop
      vertex -13.5446 76.815 3
      vertex -17.2264 67.8003 3
      vertex -17.0432 67.7597 3
    endloop
  endfacet
  facet normal -0 0 1
    outer loop
      vertex -20.1879 75.3422 3
      vertex -17.2264 67.8003 3
      vertex -13.5446 76.815 3
    endloop
  endfacet
  facet normal 0 0 1
    outer loop
      vertex -17.2264 67.8003 3
      vertex -20.1879 75.3422 3
      vertex -17.4123 67.8248 3
    endloop
  endfacet
  facet normal 0 0 1
    outer loop
      vertex -17.4123 67.8248 3
      vertex -20.1879 75.3422 3
      vertex -17.5997 67.833 3
    endloop
  endfacet
  facet normal 0 0 1
    outer loop
      vertex -17.5997 67.833 3
      vertex -20.1879 75.3422 3
      vertex -17.7871 67.8248 3
    endloop
  endfacet
  facet normal 0 0 1
    outer loop
      vertex -17.7871 67.8248 3
      vertex -20.1879 75.3422 3
      vertex -17.973 67.8003 3
    endloop
  endfacet
  facet normal 0 0 1
    outer loop
      vertex -17.973 67.8003 3
      vertex -20.1879 75.3422 3
      vertex -18.1562 67.7597 3
    endloop
  endfacet
  facet normal 0 0 1
    outer loop
      vertex -18.1562 67.7597 3
      vertex -20.1879 75.3422 3
      vertex -18.335 67.7033 3
    endloop
  endfacet
  facet normal 0 0 1
    outer loop
      vertex -18.335 67.7033 3
      vertex -20.1879 75.3422 3
      vertex -18.5083 67.6315 3
    endloop
  endfacet
  facet normal 0 0 1
    outer loop
      vertex -18.5083 67.6315 3
      vertex -20.1879 75.3422 3
      vertex -18.6747 67.5449 3
    endloop
  endfacet
  facet normal 0 0 1
    outer loop
      vertex -18.6747 67.5449 3
      vertex -20.1879 75.3422 3
      vertex -18.8329 67.4441 3
    endloop
  endfacet
  facet normal 0 0 1
    outer loop
      vertex -18.8329 67.4441 3
      vertex -20.1879 75.3422 3
      vertex -18.9817 67.3299 3
    endloop
  endfacet
  facet normal 0 0 1
    outer loop
      vertex -18.9817 67.3299 3
      vertex -20.1879 75.3422 3
      vertex -19.12 67.2032 3
    endloop
  endfacet
  facet normal -0 0 1
    outer loop
      vertex -26.6776 73.296 3
      vertex -19.12 67.2032 3
      vertex -20.1879 75.3422 3
    endloop
  endfacet
  facet normal 0 0 1
    outer loop
      vertex -19.12 67.2032 3
      vertex -26.6776 73.296 3
      vertex -19.2467 67.0649 3
    endloop
  endfacet
  facet normal 0 0 1
    outer loop
      vertex -23.0452 61.7865 3
      vertex -19.7497 65.683 3
      vertex -19.7415 65.8703 3
    endloop
  endfacet
  facet normal 0 0 1
    outer loop
      vertex -19.2467 67.0649 3
      vertex -26.6776 73.296 3
      vertex -19.3609 66.9161 3
    endloop
  endfacet
  facet normal 0 0 1
    outer loop
      vertex -19.3609 66.9161 3
      vertex -26.6776 73.296 3
      vertex -19.4616 66.758 3
    endloop
  endfacet
  facet normal 0 0 1
    outer loop
      vertex -19.4616 66.758 3
      vertex -26.6776 73.296 3
      vertex -19.5483 66.5916 3
    endloop
  endfacet
  facet normal 0 0 1
    outer loop
      vertex -19.5483 66.5916 3
      vertex -26.6776 73.296 3
      vertex -19.62 66.4183 3
    endloop
  endfacet
  facet normal 0 0 1
    outer loop
      vertex -19.62 66.4183 3
      vertex -26.6776 73.296 3
      vertex -19.6764 66.2394 3
    endloop
  endfacet
  facet normal 0 0 1
    outer loop
      vertex -19.6764 66.2394 3
      vertex -26.6776 73.296 3
      vertex -19.717 66.0563 3
    endloop
  endfacet
  facet normal 0 -0 1
    outer loop
      vertex -23.1432 61.7499 3
      vertex -19.717 66.0563 3
      vertex -26.6776 73.296 3
    endloop
  endfacet
  facet normal 0 0 1
    outer loop
      vertex -19.717 66.0563 3
      vertex -23.1432 61.7499 3
      vertex -19.7415 65.8703 3
    endloop
  endfacet
  facet normal 0 0 1
    outer loop
      vertex -19.7497 65.683 3
      vertex -23.0452 61.7865 3
      vertex -19.8798 62.8765 3
    endloop
  endfacet
  facet normal 0 0 1
    outer loop
      vertex -19.7415 65.8703 3
      vertex -23.1432 61.7499 3
      vertex -23.0452 61.7865 3
    endloop
  endfacet
  facet normal 0 0 1
    outer loop
      vertex -23.1432 61.7499 3
      vertex -26.6776 73.296 3
      vertex -26.2472 60.4958 3
    endloop
  endfacet
  facet normal -0 0 1
    outer loop
      vertex -32.9642 70.692 3
      vertex -26.2472 60.4958 3
      vertex -26.6776 73.296 3
    endloop
  endfacet
  facet normal 0 0 1
    outer loop
      vertex -26.2472 60.4958 3
      vertex -32.9642 70.692 3
      vertex -26.3432 60.454 3
    endloop
  endfacet
  facet normal -0 0 1
    outer loop
      vertex -34.414 63.0934 3
      vertex -26.3432 60.454 3
      vertex -32.9642 70.692 3
    endloop
  endfacet
  facet normal 0 0 1
    outer loop
      vertex -34.2567 62.5064 3
      vertex -29.3773 59.0392 3
      vertex -26.3432 60.454 3
    endloop
  endfacet
  facet normal 0 0 1
    outer loop
      vertex -29.3773 59.0392 3
      vertex -34.2567 62.2013 3
      vertex -29.4711 58.9925 3
    endloop
  endfacet
  facet normal -0 0 1
    outer loop
      vertex -34.2567 62.2013 3
      vertex -29.3773 59.0392 3
      vertex -34.25 62.3538 3
    endloop
  endfacet
  facet normal -0 0 1
    outer loop
      vertex -34.2766 62.0499 3
      vertex -29.4711 58.9925 3
      vertex -34.2567 62.2013 3
    endloop
  endfacet
  facet normal -0 0 1
    outer loop
      vertex -34.3096 61.9009 3
      vertex -29.4711 58.9925 3
      vertex -34.2766 62.0499 3
    endloop
  endfacet
  facet normal -0 0 1
    outer loop
      vertex -34.3555 61.7553 3
      vertex -29.4711 58.9925 3
      vertex -34.3096 61.9009 3
    endloop
  endfacet
  facet normal -0 0 1
    outer loop
      vertex -34.414 61.6142 3
      vertex -29.4711 58.9925 3
      vertex -34.3555 61.7553 3
    endloop
  endfacet
  facet normal -0 0 1
    outer loop
      vertex -34.4845 61.4788 3
      vertex -29.4711 58.9925 3
      vertex -34.414 61.6142 3
    endloop
  endfacet
  facet normal 0 0 1
    outer loop
      vertex -29.4711 58.9925 3
      vertex -34.4845 61.4788 3
      vertex -32.427 57.4208 3
    endloop
  endfacet
  facet normal -0 0 1
    outer loop
      vertex -34.5665 61.3501 3
      vertex -32.427 57.4208 3
      vertex -34.4845 61.4788 3
    endloop
  endfacet
  facet normal -0 0 1
    outer loop
      vertex -34.6594 61.229 3
      vertex -32.427 57.4208 3
      vertex -34.5665 61.3501 3
    endloop
  endfacet
  facet normal -0 0 1
    outer loop
      vertex -34.7626 61.1164 3
      vertex -32.427 57.4208 3
      vertex -34.6594 61.229 3
    endloop
  endfacet
  facet normal -0 0 1
    outer loop
      vertex -34.8751 61.0133 3
      vertex -32.427 57.4208 3
      vertex -34.7626 61.1164 3
    endloop
  endfacet
  facet normal 0 0 1
    outer loop
      vertex -32.427 57.4208 3
      vertex -34.8751 61.0133 3
      vertex -32.5181 57.3692 3
    endloop
  endfacet
  facet normal -0 0 1
    outer loop
      vertex -34.9962 60.9203 3
      vertex -32.5181 57.3692 3
      vertex -34.8751 61.0133 3
    endloop
  endfacet
  facet normal -0 0 1
    outer loop
      vertex -35.125 60.8383 3
      vertex -32.5181 57.3692 3
      vertex -34.9962 60.9203 3
    endloop
  endfacet
  facet normal -0 0 1
    outer loop
      vertex -35.2604 60.7678 3
      vertex -32.5181 57.3692 3
      vertex -35.125 60.8383 3
    endloop
  endfacet
  facet normal -0 0 1
    outer loop
      vertex -35.4015 60.7094 3
      vertex -32.5181 57.3692 3
      vertex -35.2604 60.7678 3
    endloop
  endfacet
  facet normal -0 0 1
    outer loop
      vertex -35.5471 60.6635 3
      vertex -32.5181 57.3692 3
      vertex -35.4015 60.7094 3
    endloop
  endfacet
  facet normal 0 0 1
    outer loop
      vertex -32.5181 57.3692 3
      vertex -35.5471 60.6635 3
      vertex -35.3877 55.645 3
    endloop
  endfacet
  facet normal -0 0 1
    outer loop
      vertex -35.6961 60.6304 3
      vertex -35.3877 55.645 3
      vertex -35.5471 60.6635 3
    endloop
  endfacet
  facet normal -0 0 1
    outer loop
      vertex -35.8475 60.6105 3
      vertex -35.3877 55.645 3
      vertex -35.6961 60.6304 3
    endloop
  endfacet
  facet normal -0 0 1
    outer loop
      vertex -36 60.6038 3
      vertex -35.3877 55.645 3
      vertex -35.8475 60.6105 3
    endloop
  endfacet
  facet normal 0 0 1
    outer loop
      vertex -36.1525 60.6105 3
      vertex -35.3877 55.645 3
      vertex -36 60.6038 3
    endloop
  endfacet
  facet normal 0 0 1
    outer loop
      vertex -36.3039 60.6304 3
      vertex -35.3877 55.645 3
      vertex -36.1525 60.6105 3
    endloop
  endfacet
  facet normal 0 0 1
    outer loop
      vertex -35.3877 55.645 3
      vertex -36.3039 60.6304 3
      vertex -35.476 55.5887 3
    endloop
  endfacet
  facet normal 0 0 1
    outer loop
      vertex -36.4529 60.6635 3
      vertex -35.476 55.5887 3
      vertex -36.3039 60.6304 3
    endloop
  endfacet
  facet normal 0 0 1
    outer loop
      vertex -36.5985 60.7094 3
      vertex -35.476 55.5887 3
      vertex -36.4529 60.6635 3
    endloop
  endfacet
  facet normal 0 0 1
    outer loop
      vertex -36.7396 60.7678 3
      vertex -35.476 55.5887 3
      vertex -36.5985 60.7094 3
    endloop
  endfacet
  facet normal 0 0 1
    outer loop
      vertex -36.875 60.8383 3
      vertex -35.476 55.5887 3
      vertex -36.7396 60.7678 3
    endloop
  endfacet
  facet normal 0 0 1
    outer loop
      vertex -38.2514 53.7167 3
      vertex -36.875 60.8383 3
      vertex -37.0038 60.9203 3
    endloop
  endfacet
  facet normal 0 0 1
    outer loop
      vertex -38.2514 53.7167 3
      vertex -37.0038 60.9203 3
      vertex -37.1249 61.0133 3
    endloop
  endfacet
  facet normal 0 0 1
    outer loop
      vertex -38.2514 53.7167 3
      vertex -37.1249 61.0133 3
      vertex -37.2374 61.1164 3
    endloop
  endfacet
  facet normal 0 0 1
    outer loop
      vertex -38.2514 53.7167 3
      vertex -37.2374 61.1164 3
      vertex -37.3406 61.229 3
    endloop
  endfacet
  facet normal 0 0 1
    outer loop
      vertex -38.2514 53.7167 3
      vertex -37.3406 61.229 3
      vertex -37.4335 61.3501 3
    endloop
  endfacet
  facet normal 0 0 1
    outer loop
      vertex -38.2514 53.7167 3
      vertex -37.4335 61.3501 3
      vertex -37.5155 61.4788 3
    endloop
  endfacet
  facet normal 0 0 1
    outer loop
      vertex -38.2514 53.7167 3
      vertex -37.5155 61.4788 3
      vertex -37.586 61.6142 3
    endloop
  endfacet
  facet normal 0 0 1
    outer loop
      vertex -38.2514 53.7167 3
      vertex -37.586 61.6142 3
      vertex -37.6445 61.7553 3
    endloop
  endfacet
  facet normal 0 0 1
    outer loop
      vertex -36.875 60.8383 3
      vertex -38.2514 53.7167 3
      vertex -35.476 55.5887 3
    endloop
  endfacet
  facet normal 0 0 1
    outer loop
      vertex -37.6904 61.9009 3
      vertex -38.2514 53.7167 3
      vertex -37.6445 61.7553 3
    endloop
  endfacet
  facet normal 0 0 1
    outer loop
      vertex -37.7234 62.0499 3
      vertex -38.2514 53.7167 3
      vertex -37.6904 61.9009 3
    endloop
  endfacet
  facet normal 0 0 1
    outer loop
      vertex -37.7433 62.2013 3
      vertex -38.2514 53.7167 3
      vertex -37.7234 62.0499 3
    endloop
  endfacet
  facet normal 0 0 1
    outer loop
      vertex -38.2514 53.7167 3
      vertex -37.7433 62.2013 3
      vertex -37.75 62.3538 3
    endloop
  endfacet
  facet normal -0 0 1
    outer loop
      vertex 16.4604 -63.8569 3
      vertex 16.3665 -63.9218 3
      vertex 16.4743 -63.8531 3
    endloop
  endfacet
  facet normal 0 0 1
    outer loop
      vertex 13.1985 -64.61 3
      vertex 15.4497 -65.683 3
      vertex 15.4579 -65.4956 3
    endloop
  endfacet
  facet normal 0 0 1
    outer loop
      vertex 13.1985 -64.61 3
      vertex 15.4579 -65.4956 3
      vertex 15.4824 -65.3096 3
    endloop
  endfacet
  facet normal 0 0 1
    outer loop
      vertex 13.1985 -64.61 3
      vertex 16.3665 -63.9218 3
      vertex 16.4604 -63.8569 3
    endloop
  endfacet
  facet normal 0 0 1
    outer loop
      vertex 13.1985 -64.61 3
      vertex 16.2177 -64.036 3
      vertex 16.3665 -63.9218 3
    endloop
  endfacet
  facet normal 0 0 1
    outer loop
      vertex 13.1985 -64.61 3
      vertex 16.0794 -64.1627 3
      vertex 16.2177 -64.036 3
    endloop
  endfacet
  facet normal 0 0 1
    outer loop
      vertex 13.1985 -64.61 3
      vertex 15.9527 -64.301 3
      vertex 16.0794 -64.1627 3
    endloop
  endfacet
  facet normal 0 0 1
    outer loop
      vertex 13.1985 -64.61 3
      vertex 15.8385 -64.4498 3
      vertex 15.9527 -64.301 3
    endloop
  endfacet
  facet normal 0 0 1
    outer loop
      vertex 13.1985 -64.61 3
      vertex 15.7377 -64.608 3
      vertex 15.8385 -64.4498 3
    endloop
  endfacet
  facet normal -0 0 1
    outer loop
      vertex 13.1985 -64.61 3
      vertex 15.6511 -64.7743 3
      vertex 15.7377 -64.608 3
    endloop
  endfacet
  facet normal 0 0 1
    outer loop
      vertex 13.1985 -64.61 3
      vertex 15.5794 -64.9476 3
      vertex 15.6511 -64.7743 3
    endloop
  endfacet
  facet normal 0 0 1
    outer loop
      vertex 13.1985 -64.61 3
      vertex 15.523 -65.1265 3
      vertex 15.5794 -64.9476 3
    endloop
  endfacet
  facet normal 0 0 1
    outer loop
      vertex 13.1985 -64.61 3
      vertex 15.4824 -65.3096 3
      vertex 15.523 -65.1265 3
    endloop
  endfacet
  facet normal 0 0 1
    outer loop
      vertex 15.4497 -65.683 3
      vertex 13.1985 -64.61 3
      vertex 13.0959 -64.6309 3
    endloop
  endfacet
  facet normal 0 0 1
    outer loop
      vertex 15.4497 -65.683 3
      vertex 13.0959 -64.6309 3
      vertex 9.79897 -65.2122 3
    endloop
  endfacet
  facet normal 0 0 1
    outer loop
      vertex 15.4497 -65.683 3
      vertex 9.79897 -65.2122 3
      vertex 13.5446 -76.815 3
    endloop
  endfacet
  facet normal -0 0 1
    outer loop
      vertex 9.6954 -65.2277 3
      vertex 13.5446 -76.815 3
      vertex 9.79897 -65.2122 3
    endloop
  endfacet
  facet normal 0 0 1
    outer loop
      vertex 9.6954 -65.2277 3
      vertex 6.79815 -77.7032 3
      vertex 13.5446 -76.815 3
    endloop
  endfacet
  facet normal -0 0 1
    outer loop
      vertex 6.37259 -65.6357 3
      vertex 6.79815 -77.7032 3
      vertex 9.6954 -65.2277 3
    endloop
  endfacet
  facet normal -0 0 1
    outer loop
      vertex 6.26836 -65.6457 3
      vertex 6.79815 -77.7032 3
      vertex 6.37259 -65.6357 3
    endloop
  endfacet
  facet normal -0 0 1
    outer loop
      vertex 2.92874 -65.8793 3
      vertex 6.79815 -77.7032 3
      vertex 6.26836 -65.6457 3
    endloop
  endfacet
  facet normal -0 0 1
    outer loop
      vertex 2.82414 -65.8838 3
      vertex 6.79815 -77.7032 3
      vertex 2.92874 -65.8793 3
    endloop
  endfacet
  facet normal 0 0 1
    outer loop
      vertex 2.82414 -65.8838 3
      vertex 0 -78 3
      vertex 6.79815 -77.7032 3
    endloop
  endfacet
  facet normal -0 0 1
    outer loop
      vertex -0.523102 -65.9422 3
      vertex 0 -78 3
      vertex 2.82414 -65.8838 3
    endloop
  endfacet
  facet normal 0 0 1
    outer loop
      vertex -0.627808 -65.9413 3
      vertex 0 -78 3
      vertex -0.523102 -65.9422 3
    endloop
  endfacet
  facet normal 0 0 1
    outer loop
      vertex -3.97354 -65.8245 3
      vertex 0 -78 3
      vertex -0.627808 -65.9413 3
    endloop
  endfacet
  facet normal 0 0 1
    outer loop
      vertex -6.79815 -77.7032 3
      vertex -3.97354 -65.8245 3
      vertex -4.07806 -65.8181 3
    endloop
  endfacet
  facet normal 0 0 1
    outer loop
      vertex -3.97354 -65.8245 3
      vertex -6.79815 -77.7032 3
      vertex 0 -78 3
    endloop
  endfacet
  facet normal 0 0 1
    outer loop
      vertex -7.41309 -65.5263 3
      vertex -6.79815 -77.7032 3
      vertex -4.07806 -65.8181 3
    endloop
  endfacet
  facet normal 0 0 1
    outer loop
      vertex -7.51712 -65.5145 3
      vertex -6.79815 -77.7032 3
      vertex -7.41309 -65.5263 3
    endloop
  endfacet
  facet normal 0 0 1
    outer loop
      vertex -13.5446 -76.815 3
      vertex -7.51712 -65.5145 3
      vertex -10.8323 -65.0486 3
    endloop
  endfacet
  facet normal 0 0 1
    outer loop
      vertex -13.5446 -76.815 3
      vertex -10.8323 -65.0486 3
      vertex -10.9356 -65.0313 3
    endloop
  endfacet
  facet normal 0 0 1
    outer loop
      vertex -7.51712 -65.5145 3
      vertex -13.5446 -76.815 3
      vertex -6.79815 -77.7032 3
    endloop
  endfacet
  facet normal 0 0 1
    outer loop
      vertex -14.2218 -64.3925 3
      vertex -13.5446 -76.815 3
      vertex -10.9356 -65.0313 3
    endloop
  endfacet
  facet normal 0 0 1
    outer loop
      vertex -20.1879 -75.3422 3
      vertex -14.2218 -64.3925 3
      vertex -14.4164 -64.3445 3
    endloop
  endfacet
  facet normal 0 0 1
    outer loop
      vertex -20.1879 -75.3422 3
      vertex -14.4164 -64.3445 3
      vertex -14.5811 -64.2869 3
    endloop
  endfacet
  facet normal 0 0 1
    outer loop
      vertex -20.1879 -75.3422 3
      vertex -14.5811 -64.2869 3
      vertex -14.7402 -64.2153 3
    endloop
  endfacet
  facet normal 0 0 1
    outer loop
      vertex -16.9839 -63.6166 3
      vertex -14.7402 -64.2153 3
      vertex -14.8925 -64.1301 3
    endloop
  endfacet
  facet normal 0 0 1
    outer loop
      vertex -16.8102 -63.5999 3
      vertex -14.8925 -64.1301 3
      vertex -15.0367 -64.0319 3
    endloop
  endfacet
  facet normal 0 0 1
    outer loop
      vertex -16.6387 -63.5681 3
      vertex -15.0367 -64.0319 3
      vertex -15.1718 -63.9215 3
    endloop
  endfacet
  facet normal 0 0 1
    outer loop
      vertex -16.4705 -63.5214 3
      vertex -15.1718 -63.9215 3
      vertex -15.2968 -63.7998 3
    endloop
  endfacet
  facet normal 0 0 1
    outer loop
      vertex -16.3071 -63.4603 3
      vertex -15.2968 -63.7998 3
      vertex -15.4107 -63.6676 3
    endloop
  endfacet
  facet normal 0 0 1
    outer loop
      vertex -16.1496 -63.3852 3
      vertex -15.4107 -63.6676 3
      vertex -15.5127 -63.526 3
    endloop
  endfacet
  facet normal 0 0 1
    outer loop
      vertex -15.9993 -63.2967 3
      vertex -15.5127 -63.526 3
      vertex -15.6019 -63.3761 3
    endloop
  endfacet
  facet normal 0 0 1
    outer loop
      vertex -15.8572 -63.1954 3
      vertex -15.6019 -63.3761 3
      vertex -15.6777 -63.2189 3
    endloop
  endfacet
  facet normal -0 0 1
    outer loop
      vertex -15.8572 -63.1954 3
      vertex -15.6777 -63.2189 3
      vertex -15.7284 -63.0853 3
    endloop
  endfacet
  facet normal 0 0 1
    outer loop
      vertex -15.6019 -63.3761 3
      vertex -15.8572 -63.1954 3
      vertex -15.9993 -63.2967 3
    endloop
  endfacet
  facet normal 0 0 1
    outer loop
      vertex -15.5127 -63.526 3
      vertex -15.9993 -63.2967 3
      vertex -16.1496 -63.3852 3
    endloop
  endfacet
  facet normal 0 0 1
    outer loop
      vertex -15.4107 -63.6676 3
      vertex -16.1496 -63.3852 3
      vertex -16.3071 -63.4603 3
    endloop
  endfacet
  facet normal 0 0 1
    outer loop
      vertex -15.2968 -63.7998 3
      vertex -16.3071 -63.4603 3
      vertex -16.4705 -63.5214 3
    endloop
  endfacet
  facet normal 0 0 1
    outer loop
      vertex -15.1718 -63.9215 3
      vertex -16.4705 -63.5214 3
      vertex -16.6387 -63.5681 3
    endloop
  endfacet
  facet normal 0 0 1
    outer loop
      vertex -15.0367 -64.0319 3
      vertex -16.6387 -63.5681 3
      vertex -16.8102 -63.5999 3
    endloop
  endfacet
  facet normal 0 0 1
    outer loop
      vertex -14.8925 -64.1301 3
      vertex -16.8102 -63.5999 3
      vertex -16.9839 -63.6166 3
    endloop
  endfacet
  facet normal 0 0 1
    outer loop
      vertex -14.7402 -64.2153 3
      vertex -16.9839 -63.6166 3
      vertex -17.1584 -63.6181 3
    endloop
  endfacet
  facet normal 0 0 1
    outer loop
      vertex -14.7402 -64.2153 3
      vertex -17.1584 -63.6181 3
      vertex -20.1879 -75.3422 3
    endloop
  endfacet
  facet normal 0 0 1
    outer loop
      vertex -20.1879 -75.3422 3
      vertex -17.1584 -63.6181 3
      vertex -17.3323 -63.6044 3
    endloop
  endfacet
  facet normal 0 0 1
    outer loop
      vertex -20.1879 -75.3422 3
      vertex -17.3323 -63.6044 3
      vertex -17.5044 -63.5756 3
    endloop
  endfacet
  facet normal 0 0 1
    outer loop
      vertex -20.1879 -75.3422 3
      vertex -17.5044 -63.5756 3
      vertex -17.6733 -63.532 3
    endloop
  endfacet
  facet normal 0 0 1
    outer loop
      vertex -14.2218 -64.3925 3
      vertex -20.1879 -75.3422 3
      vertex -13.5446 -76.815 3
    endloop
  endfacet
  facet normal 0 0 1
    outer loop
      vertex -20.8748 -62.5532 3
      vertex -20.1879 -75.3422 3
      vertex -17.6733 -63.532 3
    endloop
  endfacet
  facet normal 0 0 1
    outer loop
      vertex -26.6776 -73.296 3
      vertex -20.8748 -62.5532 3
      vertex -20.9741 -62.5199 3
    endloop
  endfacet
  facet normal 0 0 1
    outer loop
      vertex -26.6776 -73.296 3
      vertex -20.9741 -62.5199 3
      vertex -24.12 -61.3749 3
    endloop
  endfacet
  facet normal 0 0 1
    outer loop
      vertex -26.6776 -73.296 3
      vertex -24.12 -61.3749 3
      vertex -24.2174 -61.3366 3
    endloop
  endfacet
  facet normal 0 0 1
    outer loop
      vertex -20.8748 -62.5532 3
      vertex -26.6776 -73.296 3
      vertex -20.1879 -75.3422 3
    endloop
  endfacet
  facet normal 0 0 1
    outer loop
      vertex -32.9642 -70.692 3
      vertex -24.2174 -61.3366 3
      vertex -27.299 -60.0285 3
    endloop
  endfacet
  facet normal 0 0 1
    outer loop
      vertex -34.3555 -62.9524 3
      vertex -27.299 -60.0285 3
      vertex -27.3943 -59.9851 3
    endloop
  endfacet
  facet normal 0 0 1
    outer loop
      vertex -34.25 -62.3538 3
      vertex -27.3943 -59.9851 3
      vertex -30.4033 -58.5175 3
    endloop
  endfacet
  facet normal 0 0 1
    outer loop
      vertex -34.2567 -62.2013 3
      vertex -30.4033 -58.5175 3
      vertex -30.4961 -58.4691 3
    endloop
  endfacet
  facet normal 0 0 1
    outer loop
      vertex -27.299 -60.0285 3
      vertex -34.3555 -62.9524 3
      vertex -34.414 -63.0934 3
    endloop
  endfacet
  facet normal 0 0 1
    outer loop
      vertex -34.2567 -62.2013 3
      vertex -30.4961 -58.4691 3
      vertex -33.4241 -56.8461 3
    endloop
  endfacet
  facet normal 0 0 1
    outer loop
      vertex -35.4015 -60.7094 3
      vertex -33.4241 -56.8461 3
      vertex -33.5144 -56.793 3
    endloop
  endfacet
  facet normal 0 0 1
    outer loop
      vertex -27.3943 -59.9851 3
      vertex -34.25 -62.3538 3
      vertex -34.2567 -62.5064 3
    endloop
  endfacet
  facet normal 0 0 1
    outer loop
      vertex -27.3943 -59.9851 3
      vertex -34.2567 -62.5064 3
      vertex -34.2766 -62.6577 3
    endloop
  endfacet
  facet normal 0 0 1
    outer loop
      vertex -27.3943 -59.9851 3
      vertex -34.2766 -62.6577 3
      vertex -34.3096 -62.8068 3
    endloop
  endfacet
  facet normal 0 0 1
    outer loop
      vertex -27.3943 -59.9851 3
      vertex -34.3096 -62.8068 3
      vertex -34.3555 -62.9524 3
    endloop
  endfacet
  facet normal 0 0 1
    outer loop
      vertex -24.2174 -61.3366 3
      vertex -32.9642 -70.692 3
      vertex -26.6776 -73.296 3
    endloop
  endfacet
  facet normal 0 0 1
    outer loop
      vertex -27.299 -60.0285 3
      vertex -34.414 -63.0934 3
      vertex -32.9642 -70.692 3
    endloop
  endfacet
  facet normal -0 0 1
    outer loop
      vertex -34.4845 -63.2288 3
      vertex -32.9642 -70.692 3
      vertex -34.414 -63.0934 3
    endloop
  endfacet
  facet normal -0 0 1
    outer loop
      vertex -34.5665 -63.3576 3
      vertex -32.9642 -70.692 3
      vertex -34.4845 -63.2288 3
    endloop
  endfacet
  facet normal -0 0 1
    outer loop
      vertex -34.6594 -63.4787 3
      vertex -32.9642 -70.692 3
      vertex -34.5665 -63.3576 3
    endloop
  endfacet
  facet normal -0 0 1
    outer loop
      vertex -34.7626 -63.5913 3
      vertex -32.9642 -70.692 3
      vertex -34.6594 -63.4787 3
    endloop
  endfacet
  facet normal -0 0 1
    outer loop
      vertex -34.8751 -63.6944 3
      vertex -32.9642 -70.692 3
      vertex -34.7626 -63.5913 3
    endloop
  endfacet
  facet normal -0 0 1
    outer loop
      vertex -34.9962 -63.7873 3
      vertex -32.9642 -70.692 3
      vertex -34.8751 -63.6944 3
    endloop
  endfacet
  facet normal -0 0 1
    outer loop
      vertex -35.125 -63.8694 3
      vertex -32.9642 -70.692 3
      vertex -34.9962 -63.7873 3
    endloop
  endfacet
  facet normal -0 0 1
    outer loop
      vertex -35.2604 -63.9399 3
      vertex -32.9642 -70.692 3
      vertex -35.125 -63.8694 3
    endloop
  endfacet
  facet normal -0 0 1
    outer loop
      vertex -35.4015 -63.9983 3
      vertex -32.9642 -70.692 3
      vertex -35.2604 -63.9399 3
    endloop
  endfacet
  facet normal -0 0 1
    outer loop
      vertex -35.5471 -64.0442 3
      vertex -32.9642 -70.692 3
      vertex -35.4015 -63.9983 3
    endloop
  endfacet
  facet normal -0 0 1
    outer loop
      vertex -35.6961 -64.0772 3
      vertex -32.9642 -70.692 3
      vertex -35.5471 -64.0442 3
    endloop
  endfacet
  facet normal -0 0 1
    outer loop
      vertex -35.8475 -64.0972 3
      vertex -32.9642 -70.692 3
      vertex -35.6961 -64.0772 3
    endloop
  endfacet
  facet normal 0 0 1
    outer loop
      vertex -39 -67.55 3
      vertex -35.8475 -64.0972 3
      vertex -36 -64.1038 3
    endloop
  endfacet
  facet normal 0 0 1
    outer loop
      vertex -39 -67.55 3
      vertex -36 -64.1038 3
      vertex -36.1525 -64.0972 3
    endloop
  endfacet
  facet normal 0 0 1
    outer loop
      vertex -39 -67.55 3
      vertex -36.1525 -64.0972 3
      vertex -36.3039 -64.0772 3
    endloop
  endfacet
  facet normal 0 0 1
    outer loop
      vertex -39 -67.55 3
      vertex -36.3039 -64.0772 3
      vertex -36.4529 -64.0442 3
    endloop
  endfacet
  facet normal 0 0 1
    outer loop
      vertex -39 -67.55 3
      vertex -36.4529 -64.0442 3
      vertex -36.5985 -63.9983 3
    endloop
  endfacet
  facet normal 0 0 1
    outer loop
      vertex -39 -67.55 3
      vertex -36.5985 -63.9983 3
      vertex -36.7396 -63.9399 3
    endloop
  endfacet
  facet normal 0 0 1
    outer loop
      vertex -39 -67.55 3
      vertex -36.7396 -63.9399 3
      vertex -36.875 -63.8694 3
    endloop
  endfacet
  facet normal 0 0 1
    outer loop
      vertex -39 -67.55 3
      vertex -36.875 -63.8694 3
      vertex -37.0038 -63.7873 3
    endloop
  endfacet
  facet normal 0 0 1
    outer loop
      vertex -39 -67.55 3
      vertex -37.0038 -63.7873 3
      vertex -37.1249 -63.6944 3
    endloop
  endfacet
  facet normal 0 0 1
    outer loop
      vertex -39 -67.55 3
      vertex -37.1249 -63.6944 3
      vertex -37.2374 -63.5913 3
    endloop
  endfacet
  facet normal 0 0 1
    outer loop
      vertex -39 -67.55 3
      vertex -37.2374 -63.5913 3
      vertex -37.3406 -63.4787 3
    endloop
  endfacet
  facet normal 0 0 1
    outer loop
      vertex -39 -67.55 3
      vertex -37.3406 -63.4787 3
      vertex -37.4335 -63.3576 3
    endloop
  endfacet
  facet normal 0 0 1
    outer loop
      vertex -39 -67.55 3
      vertex -37.4335 -63.3576 3
      vertex -37.5155 -63.2288 3
    endloop
  endfacet
  facet normal 0 0 1
    outer loop
      vertex -35.8475 -64.0972 3
      vertex -39 -67.55 3
      vertex -32.9642 -70.692 3
    endloop
  endfacet
  facet normal 0 0 1
    outer loop
      vertex -37.586 -63.0934 3
      vertex -39 -67.55 3
      vertex -37.5155 -63.2288 3
    endloop
  endfacet
  facet normal 0 0 1
    outer loop
      vertex -37.6445 -62.9524 3
      vertex -39 -67.55 3
      vertex -37.586 -63.0934 3
    endloop
  endfacet
  facet normal 0 0 1
    outer loop
      vertex -37.6904 -62.8068 3
      vertex -39 -67.55 3
      vertex -37.6445 -62.9524 3
    endloop
  endfacet
  facet normal 0 0 1
    outer loop
      vertex -37.7234 -62.6577 3
      vertex -39 -67.55 3
      vertex -37.6904 -62.8068 3
    endloop
  endfacet
  facet normal 0 0 1
    outer loop
      vertex -37.7433 -62.5064 3
      vertex -39 -67.55 3
      vertex -37.7234 -62.6577 3
    endloop
  endfacet
  facet normal 0 0 1
    outer loop
      vertex -39 -67.55 3
      vertex -37.7433 -62.5064 3
      vertex -37.75 -62.3538 3
    endloop
  endfacet
  facet normal 0 0 1
    outer loop
      vertex 23.0452 -61.7865 3
      vertex 19.7415 -65.4956 3
      vertex 19.7497 -65.683 3
    endloop
  endfacet
  facet normal 0 0 1
    outer loop
      vertex 23.0452 -61.7865 3
      vertex 19.717 -65.3096 3
      vertex 19.7415 -65.4956 3
    endloop
  endfacet
  facet normal 0 0 1
    outer loop
      vertex 19.3609 -64.4498 3
      vertex 19.8798 -62.8765 3
      vertex 19.6873 -62.9321 3
    endloop
  endfacet
  facet normal 0 0 1
    outer loop
      vertex 23.0452 -61.7865 3
      vertex 19.6764 -65.1265 3
      vertex 19.717 -65.3096 3
    endloop
  endfacet
  facet normal 0 0 1
    outer loop
      vertex 23.0452 -61.7865 3
      vertex 19.62 -64.9476 3
      vertex 19.6764 -65.1265 3
    endloop
  endfacet
  facet normal 0 0 1
    outer loop
      vertex 19.8798 -62.8765 3
      vertex 19.5483 -64.7743 3
      vertex 19.62 -64.9476 3
    endloop
  endfacet
  facet normal 0 0 1
    outer loop
      vertex 19.12 -64.1627 3
      vertex 19.6873 -62.9321 3
      vertex 19.5158 -62.9647 3
    endloop
  endfacet
  facet normal 0 0 1
    outer loop
      vertex 19.8798 -62.8765 3
      vertex 19.4616 -64.608 3
      vertex 19.5483 -64.7743 3
    endloop
  endfacet
  facet normal 0 0 1
    outer loop
      vertex 19.8798 -62.8765 3
      vertex 19.3609 -64.4498 3
      vertex 19.4616 -64.608 3
    endloop
  endfacet
  facet normal 0 0 1
    outer loop
      vertex 19.12 -64.1627 3
      vertex 19.5158 -62.9647 3
      vertex 19.3422 -62.9822 3
    endloop
  endfacet
  facet normal 0 0 1
    outer loop
      vertex 19.6873 -62.9321 3
      vertex 19.2467 -64.301 3
      vertex 19.3609 -64.4498 3
    endloop
  endfacet
  facet normal 0 0 1
    outer loop
      vertex 18.9817 -64.036 3
      vertex 19.3422 -62.9822 3
      vertex 19.1678 -62.9845 3
    endloop
  endfacet
  facet normal 0 0 1
    outer loop
      vertex 19.6873 -62.9321 3
      vertex 19.12 -64.1627 3
      vertex 19.2467 -64.301 3
    endloop
  endfacet
  facet normal 0 0 1
    outer loop
      vertex 18.8329 -63.9218 3
      vertex 19.1678 -62.9845 3
      vertex 18.9938 -62.9716 3
    endloop
  endfacet
  facet normal 0 0 1
    outer loop
      vertex 19.3422 -62.9822 3
      vertex 18.9817 -64.036 3
      vertex 19.12 -64.1627 3
    endloop
  endfacet
  facet normal 0 0 1
    outer loop
      vertex 19.1678 -62.9845 3
      vertex 18.8329 -63.9218 3
      vertex 18.9817 -64.036 3
    endloop
  endfacet
  facet normal 0 0 1
    outer loop
      vertex 18.6747 -63.821 3
      vertex 18.9938 -62.9716 3
      vertex 18.8216 -62.9436 3
    endloop
  endfacet
  facet normal 0 0 1
    outer loop
      vertex 18.9938 -62.9716 3
      vertex 18.6747 -63.821 3
      vertex 18.8329 -63.9218 3
    endloop
  endfacet
  facet normal 0 0 1
    outer loop
      vertex 18.5083 -63.7344 3
      vertex 18.8216 -62.9436 3
      vertex 18.6525 -62.9006 3
    endloop
  endfacet
  facet normal 0 0 1
    outer loop
      vertex 18.8216 -62.9436 3
      vertex 18.5083 -63.7344 3
      vertex 18.6747 -63.821 3
    endloop
  endfacet
  facet normal 0 0 1
    outer loop
      vertex 18.335 -63.6626 3
      vertex 18.6525 -62.9006 3
      vertex 18.4877 -62.8431 3
    endloop
  endfacet
  facet normal 0 0 1
    outer loop
      vertex 18.6525 -62.9006 3
      vertex 18.335 -63.6626 3
      vertex 18.5083 -63.7344 3
    endloop
  endfacet
  facet normal 0 0 1
    outer loop
      vertex 18.1562 -63.6062 3
      vertex 18.4877 -62.8431 3
      vertex 18.3286 -62.7715 3
    endloop
  endfacet
  facet normal 0 0 1
    outer loop
      vertex 17.7926 -62.8162 3
      vertex 18.3286 -62.7715 3
      vertex 18.1764 -62.6862 3
    endloop
  endfacet
  facet normal 0 0 1
    outer loop
      vertex 18.4877 -62.8431 3
      vertex 18.1562 -63.6062 3
      vertex 18.335 -63.6626 3
    endloop
  endfacet
  facet normal -0 0 1
    outer loop
      vertex 17.8649 -62.6574 3
      vertex 18.1764 -62.6862 3
      vertex 18.0322 -62.5881 3
    endloop
  endfacet
  facet normal 0 0 1
    outer loop
      vertex 18.3286 -62.7715 3
      vertex 17.7926 -62.8162 3
      vertex 17.7066 -62.968 3
    endloop
  endfacet
  facet normal 0 0 1
    outer loop
      vertex 17.8649 -62.6574 3
      vertex 18.0322 -62.5881 3
      vertex 17.9215 -62.4977 3
    endloop
  endfacet
  facet normal 0 0 1
    outer loop
      vertex 18.1764 -62.6862 3
      vertex 17.8649 -62.6574 3
      vertex 17.7926 -62.8162 3
    endloop
  endfacet
  facet normal 0 0 1
    outer loop
      vertex 18.3286 -62.7715 3
      vertex 17.973 -63.5656 3
      vertex 18.1562 -63.6062 3
    endloop
  endfacet
  facet normal 0 0 1
    outer loop
      vertex 18.3286 -62.7715 3
      vertex 17.7066 -62.968 3
      vertex 17.973 -63.5656 3
    endloop
  endfacet
  facet normal -0 0 1
    outer loop
      vertex 17.6078 -63.1118 3
      vertex 17.973 -63.5656 3
      vertex 17.7066 -62.968 3
    endloop
  endfacet
  facet normal 0 0 1
    outer loop
      vertex 17.973 -63.5656 3
      vertex 17.6078 -63.1118 3
      vertex 17.7871 -63.5411 3
    endloop
  endfacet
  facet normal -0 0 1
    outer loop
      vertex 17.4968 -63.2464 3
      vertex 17.7871 -63.5411 3
      vertex 17.6078 -63.1118 3
    endloop
  endfacet
  facet normal 0 0 1
    outer loop
      vertex 17.7871 -63.5411 3
      vertex 17.4968 -63.2464 3
      vertex 17.5997 -63.533 3
    endloop
  endfacet
  facet normal -0 0 1
    outer loop
      vertex 17.3745 -63.3709 3
      vertex 17.5997 -63.533 3
      vertex 17.4968 -63.2464 3
    endloop
  endfacet
  facet normal 0 0 1
    outer loop
      vertex 17.5997 -63.533 3
      vertex 17.3745 -63.3709 3
      vertex 17.4123 -63.5411 3
    endloop
  endfacet
  facet normal -0 0 1
    outer loop
      vertex 17.2419 -63.4842 3
      vertex 17.4123 -63.5411 3
      vertex 17.3745 -63.3709 3
    endloop
  endfacet
  facet normal 0 0 1
    outer loop
      vertex 17.2419 -63.4842 3
      vertex 17.2264 -63.5656 3
      vertex 17.4123 -63.5411 3
    endloop
  endfacet
  facet normal 0 0 1
    outer loop
      vertex 17.0998 -63.5855 3
      vertex 17.2264 -63.5656 3
      vertex 17.2419 -63.4842 3
    endloop
  endfacet
  facet normal 0 0 1
    outer loop
      vertex 17.2264 -63.5656 3
      vertex 17.0998 -63.5855 3
      vertex 17.0777 -63.5986 3
    endloop
  endfacet
  facet normal 0 0 1
    outer loop
      vertex 44.739 -63.8939 3
      vertex 37.7433 -62.2013 3
      vertex 37.75 -62.3538 3
    endloop
  endfacet
  facet normal 0 0 1
    outer loop
      vertex 38.3367 -53.6559 3
      vertex 37.7234 -62.0499 3
      vertex 37.7433 -62.2013 3
    endloop
  endfacet
  facet normal 0 0 1
    outer loop
      vertex 38.3367 -53.6559 3
      vertex 37.6904 -61.9009 3
      vertex 37.7234 -62.0499 3
    endloop
  endfacet
  facet normal 0 0 1
    outer loop
      vertex 38.3367 -53.6559 3
      vertex 37.6445 -61.7553 3
      vertex 37.6904 -61.9009 3
    endloop
  endfacet
  facet normal 0 0 1
    outer loop
      vertex 38.3367 -53.6559 3
      vertex 37.586 -61.6142 3
      vertex 37.6445 -61.7553 3
    endloop
  endfacet
  facet normal 0 0 1
    outer loop
      vertex 38.3367 -53.6559 3
      vertex 37.5155 -61.4788 3
      vertex 37.586 -61.6142 3
    endloop
  endfacet
  facet normal 0 0 1
    outer loop
      vertex 38.3367 -53.6559 3
      vertex 37.4335 -61.3501 3
      vertex 37.5155 -61.4788 3
    endloop
  endfacet
  facet normal 0 0 1
    outer loop
      vertex 38.3367 -53.6559 3
      vertex 37.3406 -61.229 3
      vertex 37.4335 -61.3501 3
    endloop
  endfacet
  facet normal 0 0 1
    outer loop
      vertex 38.2514 -53.7167 3
      vertex 37.2374 -61.1164 3
      vertex 37.3406 -61.229 3
    endloop
  endfacet
  facet normal 0 0 1
    outer loop
      vertex 38.2514 -53.7167 3
      vertex 37.1249 -61.0133 3
      vertex 37.2374 -61.1164 3
    endloop
  endfacet
  facet normal 0 0 1
    outer loop
      vertex 38.2514 -53.7167 3
      vertex 37.0038 -60.9203 3
      vertex 37.1249 -61.0133 3
    endloop
  endfacet
  facet normal 0 0 1
    outer loop
      vertex 38.2514 -53.7167 3
      vertex 36.875 -60.8383 3
      vertex 37.0038 -60.9203 3
    endloop
  endfacet
  facet normal -0 0 1
    outer loop
      vertex 35.476 -55.5887 3
      vertex 36.875 -60.8383 3
      vertex 38.2514 -53.7167 3
    endloop
  endfacet
  facet normal 0 0 1
    outer loop
      vertex 36.875 -60.8383 3
      vertex 35.476 -55.5887 3
      vertex 36.7396 -60.7678 3
    endloop
  endfacet
  facet normal 0 0 1
    outer loop
      vertex 36.7396 -60.7678 3
      vertex 35.476 -55.5887 3
      vertex 36.5985 -60.7094 3
    endloop
  endfacet
  facet normal 0 0 1
    outer loop
      vertex 36.5985 -60.7094 3
      vertex 35.476 -55.5887 3
      vertex 36.4529 -60.6635 3
    endloop
  endfacet
  facet normal 0 0 1
    outer loop
      vertex 36.4529 -60.6635 3
      vertex 35.476 -55.5887 3
      vertex 36.3039 -60.6304 3
    endloop
  endfacet
  facet normal -0 0 1
    outer loop
      vertex 35.3877 -55.645 3
      vertex 36.3039 -60.6304 3
      vertex 35.476 -55.5887 3
    endloop
  endfacet
  facet normal 0 0 1
    outer loop
      vertex 36.3039 -60.6304 3
      vertex 35.3877 -55.645 3
      vertex 36.1525 -60.6105 3
    endloop
  endfacet
  facet normal 0 0 1
    outer loop
      vertex 36.1525 -60.6105 3
      vertex 35.3877 -55.645 3
      vertex 36 -60.6038 3
    endloop
  endfacet
  facet normal 0 0 1
    outer loop
      vertex 36 -60.6038 3
      vertex 35.3877 -55.645 3
      vertex 35.8475 -60.6105 3
    endloop
  endfacet
  facet normal 0 0 1
    outer loop
      vertex 35.8475 -60.6105 3
      vertex 35.3877 -55.645 3
      vertex 35.6961 -60.6304 3
    endloop
  endfacet
  facet normal 0 0 1
    outer loop
      vertex 35.6961 -60.6304 3
      vertex 35.3877 -55.645 3
      vertex 35.5471 -60.6635 3
    endloop
  endfacet
  facet normal -0 0 1
    outer loop
      vertex 32.5181 -57.3692 3
      vertex 35.5471 -60.6635 3
      vertex 35.3877 -55.645 3
    endloop
  endfacet
  facet normal 0 0 1
    outer loop
      vertex 35.5471 -60.6635 3
      vertex 32.5181 -57.3692 3
      vertex 35.4015 -60.7094 3
    endloop
  endfacet
  facet normal 0 0 1
    outer loop
      vertex 35.4015 -60.7094 3
      vertex 32.5181 -57.3692 3
      vertex 35.2604 -60.7678 3
    endloop
  endfacet
  facet normal 0 0 1
    outer loop
      vertex 35.2604 -60.7678 3
      vertex 32.5181 -57.3692 3
      vertex 35.125 -60.8383 3
    endloop
  endfacet
  facet normal 0 0 1
    outer loop
      vertex 35.125 -60.8383 3
      vertex 32.5181 -57.3692 3
      vertex 34.9962 -60.9203 3
    endloop
  endfacet
  facet normal 0 0 1
    outer loop
      vertex 34.9962 -60.9203 3
      vertex 32.5181 -57.3692 3
      vertex 34.8751 -61.0133 3
    endloop
  endfacet
  facet normal -0 0 1
    outer loop
      vertex 32.427 -57.4208 3
      vertex 34.8751 -61.0133 3
      vertex 32.5181 -57.3692 3
    endloop
  endfacet
  facet normal 0 0 1
    outer loop
      vertex 34.8751 -61.0133 3
      vertex 32.427 -57.4208 3
      vertex 34.7626 -61.1164 3
    endloop
  endfacet
  facet normal 0 0 1
    outer loop
      vertex 34.7626 -61.1164 3
      vertex 32.427 -57.4208 3
      vertex 34.6594 -61.229 3
    endloop
  endfacet
  facet normal 0 0 1
    outer loop
      vertex 34.6594 -61.229 3
      vertex 32.427 -57.4208 3
      vertex 34.5665 -61.3501 3
    endloop
  endfacet
  facet normal 0 0 1
    outer loop
      vertex 34.5665 -61.3501 3
      vertex 32.427 -57.4208 3
      vertex 34.4845 -61.4788 3
    endloop
  endfacet
  facet normal -0 0 1
    outer loop
      vertex 29.4711 -58.9925 3
      vertex 34.4845 -61.4788 3
      vertex 32.427 -57.4208 3
    endloop
  endfacet
  facet normal 0 0 1
    outer loop
      vertex 34.4845 -61.4788 3
      vertex 29.4711 -58.9925 3
      vertex 34.414 -61.6142 3
    endloop
  endfacet
  facet normal 0 0 1
    outer loop
      vertex 29.3773 -59.0392 3
      vertex 34.25 -62.3538 3
      vertex 34.2567 -62.2013 3
    endloop
  endfacet
  facet normal 0 0 1
    outer loop
      vertex 29.4711 -58.9925 3
      vertex 34.2567 -62.2013 3
      vertex 34.2766 -62.0499 3
    endloop
  endfacet
  facet normal 0 0 1
    outer loop
      vertex 34.414 -61.6142 3
      vertex 29.4711 -58.9925 3
      vertex 34.3555 -61.7553 3
    endloop
  endfacet
  facet normal 0 0 1
    outer loop
      vertex 34.3555 -61.7553 3
      vertex 29.4711 -58.9925 3
      vertex 34.3096 -61.9009 3
    endloop
  endfacet
  facet normal 0 0 1
    outer loop
      vertex 34.3096 -61.9009 3
      vertex 29.4711 -58.9925 3
      vertex 34.2766 -62.0499 3
    endloop
  endfacet
  facet normal 0 0 1
    outer loop
      vertex 34.2567 -62.2013 3
      vertex 29.4711 -58.9925 3
      vertex 29.3773 -59.0392 3
    endloop
  endfacet
  facet normal 0 0 1
    outer loop
      vertex 34.25 -62.3538 3
      vertex 29.3773 -59.0392 3
      vertex 26.3432 -60.454 3
    endloop
  endfacet
  facet normal 0 0 1
    outer loop
      vertex 34.25 -62.3538 3
      vertex 26.3432 -60.454 3
      vertex 32.9642 -70.692 3
    endloop
  endfacet
  facet normal -0 0 1
    outer loop
      vertex 26.2472 -60.4958 3
      vertex 32.9642 -70.692 3
      vertex 26.3432 -60.454 3
    endloop
  endfacet
  facet normal 0 0 1
    outer loop
      vertex 32.9642 -70.692 3
      vertex 26.2472 -60.4958 3
      vertex 26.6776 -73.296 3
    endloop
  endfacet
  facet normal -0 0 1
    outer loop
      vertex 23.1432 -61.7499 3
      vertex 26.6776 -73.296 3
      vertex 26.2472 -60.4958 3
    endloop
  endfacet
  facet normal 0 0 1
    outer loop
      vertex 19.717 -66.0563 3
      vertex 23.1432 -61.7499 3
      vertex 23.0452 -61.7865 3
    endloop
  endfacet
  facet normal 0 0 1
    outer loop
      vertex 23.1432 -61.7499 3
      vertex 19.717 -66.0563 3
      vertex 26.6776 -73.296 3
    endloop
  endfacet
  facet normal 0 0 1
    outer loop
      vertex 19.62 -64.9476 3
      vertex 23.0452 -61.7865 3
      vertex 19.8798 -62.8765 3
    endloop
  endfacet
  facet normal 0 0 1
    outer loop
      vertex 19.7415 -65.8703 3
      vertex 23.0452 -61.7865 3
      vertex 19.7497 -65.683 3
    endloop
  endfacet
  facet normal 0 0 1
    outer loop
      vertex 19.717 -66.0563 3
      vertex 23.0452 -61.7865 3
      vertex 19.7415 -65.8703 3
    endloop
  endfacet
  facet normal 0 0 1
    outer loop
      vertex 26.6776 -73.296 3
      vertex 19.717 -66.0563 3
      vertex 19.6764 -66.2394 3
    endloop
  endfacet
  facet normal 0 0 1
    outer loop
      vertex 26.6776 -73.296 3
      vertex 19.6764 -66.2394 3
      vertex 19.62 -66.4183 3
    endloop
  endfacet
  facet normal -0 0 1
    outer loop
      vertex 19.5483 -66.5916 3
      vertex 26.6776 -73.296 3
      vertex 19.62 -66.4183 3
    endloop
  endfacet
  facet normal -0 0 1
    outer loop
      vertex 19.4616 -66.758 3
      vertex 26.6776 -73.296 3
      vertex 19.5483 -66.5916 3
    endloop
  endfacet
  facet normal -0 0 1
    outer loop
      vertex 19.3609 -66.9161 3
      vertex 26.6776 -73.296 3
      vertex 19.4616 -66.758 3
    endloop
  endfacet
  facet normal -0 0 1
    outer loop
      vertex 19.2467 -67.0649 3
      vertex 26.6776 -73.296 3
      vertex 19.3609 -66.9161 3
    endloop
  endfacet
  facet normal -0 0 1
    outer loop
      vertex 19.12 -67.2032 3
      vertex 26.6776 -73.296 3
      vertex 19.2467 -67.0649 3
    endloop
  endfacet
  facet normal 0 0 1
    outer loop
      vertex 26.6776 -73.296 3
      vertex 19.12 -67.2032 3
      vertex 20.1879 -75.3422 3
    endloop
  endfacet
  facet normal -0 0 1
    outer loop
      vertex 18.9817 -67.3299 3
      vertex 20.1879 -75.3422 3
      vertex 19.12 -67.2032 3
    endloop
  endfacet
  facet normal -0 0 1
    outer loop
      vertex 18.8329 -67.4441 3
      vertex 20.1879 -75.3422 3
      vertex 18.9817 -67.3299 3
    endloop
  endfacet
  facet normal -0 0 1
    outer loop
      vertex 18.6747 -67.5449 3
      vertex 20.1879 -75.3422 3
      vertex 18.8329 -67.4441 3
    endloop
  endfacet
  facet normal -0 0 1
    outer loop
      vertex 18.5083 -67.6315 3
      vertex 20.1879 -75.3422 3
      vertex 18.6747 -67.5449 3
    endloop
  endfacet
  facet normal -0 0 1
    outer loop
      vertex 18.335 -67.7033 3
      vertex 20.1879 -75.3422 3
      vertex 18.5083 -67.6315 3
    endloop
  endfacet
  facet normal -0 0 1
    outer loop
      vertex 18.1562 -67.7597 3
      vertex 20.1879 -75.3422 3
      vertex 18.335 -67.7033 3
    endloop
  endfacet
  facet normal -0 0 1
    outer loop
      vertex 17.973 -67.8003 3
      vertex 20.1879 -75.3422 3
      vertex 18.1562 -67.7597 3
    endloop
  endfacet
  facet normal -0 0 1
    outer loop
      vertex 17.7871 -67.8248 3
      vertex 20.1879 -75.3422 3
      vertex 17.973 -67.8003 3
    endloop
  endfacet
  facet normal -0 0 1
    outer loop
      vertex 17.5997 -67.833 3
      vertex 20.1879 -75.3422 3
      vertex 17.7871 -67.8248 3
    endloop
  endfacet
  facet normal 0 0 1
    outer loop
      vertex 17.4123 -67.8248 3
      vertex 20.1879 -75.3422 3
      vertex 17.5997 -67.833 3
    endloop
  endfacet
  facet normal 0 0 1
    outer loop
      vertex 17.2264 -67.8003 3
      vertex 20.1879 -75.3422 3
      vertex 17.4123 -67.8248 3
    endloop
  endfacet
  facet normal 0 0 1
    outer loop
      vertex 17.0432 -67.7597 3
      vertex 20.1879 -75.3422 3
      vertex 17.2264 -67.8003 3
    endloop
  endfacet
  facet normal 0 0 1
    outer loop
      vertex 13.5446 -76.815 3
      vertex 17.0432 -67.7597 3
      vertex 16.8644 -67.7033 3
    endloop
  endfacet
  facet normal 0 0 1
    outer loop
      vertex 13.5446 -76.815 3
      vertex 16.8644 -67.7033 3
      vertex 16.6911 -67.6315 3
    endloop
  endfacet
  facet normal 0 0 1
    outer loop
      vertex 13.5446 -76.815 3
      vertex 16.6911 -67.6315 3
      vertex 16.5247 -67.5449 3
    endloop
  endfacet
  facet normal 0 0 1
    outer loop
      vertex 13.5446 -76.815 3
      vertex 16.5247 -67.5449 3
      vertex 16.3665 -67.4441 3
    endloop
  endfacet
  facet normal 0 0 1
    outer loop
      vertex 13.5446 -76.815 3
      vertex 16.3665 -67.4441 3
      vertex 16.2177 -67.3299 3
    endloop
  endfacet
  facet normal 0 0 1
    outer loop
      vertex 13.5446 -76.815 3
      vertex 16.2177 -67.3299 3
      vertex 16.0794 -67.2032 3
    endloop
  endfacet
  facet normal 0 0 1
    outer loop
      vertex 13.5446 -76.815 3
      vertex 16.0794 -67.2032 3
      vertex 15.9527 -67.0649 3
    endloop
  endfacet
  facet normal 0 0 1
    outer loop
      vertex 13.5446 -76.815 3
      vertex 15.9527 -67.0649 3
      vertex 15.8385 -66.9161 3
    endloop
  endfacet
  facet normal 0 0 1
    outer loop
      vertex 13.5446 -76.815 3
      vertex 15.8385 -66.9161 3
      vertex 15.7377 -66.758 3
    endloop
  endfacet
  facet normal 0 0 1
    outer loop
      vertex 13.5446 -76.815 3
      vertex 15.7377 -66.758 3
      vertex 15.6511 -66.5916 3
    endloop
  endfacet
  facet normal 0 0 1
    outer loop
      vertex 17.0432 -67.7597 3
      vertex 13.5446 -76.815 3
      vertex 20.1879 -75.3422 3
    endloop
  endfacet
  facet normal 0 0 1
    outer loop
      vertex 15.5794 -66.4183 3
      vertex 13.5446 -76.815 3
      vertex 15.6511 -66.5916 3
    endloop
  endfacet
  facet normal 0 0 1
    outer loop
      vertex 15.523 -66.2394 3
      vertex 13.5446 -76.815 3
      vertex 15.5794 -66.4183 3
    endloop
  endfacet
  facet normal 0 0 1
    outer loop
      vertex 15.4824 -66.0563 3
      vertex 13.5446 -76.815 3
      vertex 15.523 -66.2394 3
    endloop
  endfacet
  facet normal 0 0 1
    outer loop
      vertex 15.4579 -65.8703 3
      vertex 13.5446 -76.815 3
      vertex 15.4824 -66.0563 3
    endloop
  endfacet
  facet normal 0 0 1
    outer loop
      vertex 13.5446 -76.815 3
      vertex 15.4579 -65.8703 3
      vertex 15.4497 -65.683 3
    endloop
  endfacet
  facet normal 0 0 1
    outer loop
      vertex 44.739 63.8939 3
      vertex 37.7433 62.5064 3
      vertex 37.75 62.3538 3
    endloop
  endfacet
  facet normal 0 0 1
    outer loop
      vertex 44.739 63.8939 3
      vertex 37.7234 62.6577 3
      vertex 37.7433 62.5064 3
    endloop
  endfacet
  facet normal 0 0 1
    outer loop
      vertex 44.739 63.8939 3
      vertex 37.6904 62.8068 3
      vertex 37.7234 62.6577 3
    endloop
  endfacet
  facet normal 0 0 1
    outer loop
      vertex 44.739 63.8939 3
      vertex 37.6445 62.9524 3
      vertex 37.6904 62.8068 3
    endloop
  endfacet
  facet normal 0 0 1
    outer loop
      vertex 39 67.55 3
      vertex 37.586 63.0934 3
      vertex 37.6445 62.9524 3
    endloop
  endfacet
  facet normal 0 0 1
    outer loop
      vertex 39 67.55 3
      vertex 37.5155 63.2288 3
      vertex 37.586 63.0934 3
    endloop
  endfacet
  facet normal 0 0 1
    outer loop
      vertex 39 67.55 3
      vertex 37.4335 63.3576 3
      vertex 37.5155 63.2288 3
    endloop
  endfacet
  facet normal 0 0 1
    outer loop
      vertex 39 67.55 3
      vertex 37.3406 63.4787 3
      vertex 37.4335 63.3576 3
    endloop
  endfacet
  facet normal 0 0 1
    outer loop
      vertex 39 67.55 3
      vertex 37.2374 63.5913 3
      vertex 37.3406 63.4787 3
    endloop
  endfacet
  facet normal 0 0 1
    outer loop
      vertex 39 67.55 3
      vertex 37.1249 63.6944 3
      vertex 37.2374 63.5913 3
    endloop
  endfacet
  facet normal 0 0 1
    outer loop
      vertex 39 67.55 3
      vertex 37.0038 63.7873 3
      vertex 37.1249 63.6944 3
    endloop
  endfacet
  facet normal 0 0 1
    outer loop
      vertex 39 67.55 3
      vertex 36.875 63.8694 3
      vertex 37.0038 63.7873 3
    endloop
  endfacet
  facet normal 0 0 1
    outer loop
      vertex 39 67.55 3
      vertex 36.7396 63.9399 3
      vertex 36.875 63.8694 3
    endloop
  endfacet
  facet normal 0 0 1
    outer loop
      vertex 39 67.55 3
      vertex 36.5985 63.9983 3
      vertex 36.7396 63.9399 3
    endloop
  endfacet
  facet normal 0 0 1
    outer loop
      vertex 39 67.55 3
      vertex 36.4529 64.0442 3
      vertex 36.5985 63.9983 3
    endloop
  endfacet
  facet normal 0 0 1
    outer loop
      vertex 39 67.55 3
      vertex 36.3039 64.0772 3
      vertex 36.4529 64.0442 3
    endloop
  endfacet
  facet normal 0 0 1
    outer loop
      vertex 39 67.55 3
      vertex 36.1525 64.0972 3
      vertex 36.3039 64.0772 3
    endloop
  endfacet
  facet normal 0 0 1
    outer loop
      vertex 39 67.55 3
      vertex 36 64.1038 3
      vertex 36.1525 64.0972 3
    endloop
  endfacet
  facet normal 0 0 1
    outer loop
      vertex 39 67.55 3
      vertex 35.8475 64.0972 3
      vertex 36 64.1038 3
    endloop
  endfacet
  facet normal 0 0 1
    outer loop
      vertex 39 67.55 3
      vertex 35.6961 64.0772 3
      vertex 35.8475 64.0972 3
    endloop
  endfacet
  facet normal 0 0 1
    outer loop
      vertex 32.9642 70.692 3
      vertex 35.6961 64.0772 3
      vertex 39 67.55 3
    endloop
  endfacet
  facet normal 0 0 1
    outer loop
      vertex 35.6961 64.0772 3
      vertex 32.9642 70.692 3
      vertex 35.5471 64.0442 3
    endloop
  endfacet
  facet normal 0 0 1
    outer loop
      vertex 35.5471 64.0442 3
      vertex 32.9642 70.692 3
      vertex 35.4015 63.9983 3
    endloop
  endfacet
  facet normal 0 0 1
    outer loop
      vertex 35.4015 63.9983 3
      vertex 32.9642 70.692 3
      vertex 35.2604 63.9399 3
    endloop
  endfacet
  facet normal 0 0 1
    outer loop
      vertex 35.2604 63.9399 3
      vertex 32.9642 70.692 3
      vertex 35.125 63.8694 3
    endloop
  endfacet
  facet normal 0 0 1
    outer loop
      vertex 35.125 63.8694 3
      vertex 32.9642 70.692 3
      vertex 34.9962 63.7873 3
    endloop
  endfacet
  facet normal 0 0 1
    outer loop
      vertex 34.9962 63.7873 3
      vertex 32.9642 70.692 3
      vertex 34.8751 63.6944 3
    endloop
  endfacet
  facet normal 0 0 1
    outer loop
      vertex 27.3943 59.9851 3
      vertex 34.25 62.3538 3
      vertex 34.2567 62.5064 3
    endloop
  endfacet
  facet normal 0 0 1
    outer loop
      vertex 34.25 62.3538 3
      vertex 33.4241 56.8461 3
      vertex 33.5144 56.793 3
    endloop
  endfacet
  facet normal 0 0 1
    outer loop
      vertex 27.3943 59.9851 3
      vertex 34.2567 62.5064 3
      vertex 34.2766 62.6577 3
    endloop
  endfacet
  facet normal 0 0 1
    outer loop
      vertex 34.8751 63.6944 3
      vertex 32.9642 70.692 3
      vertex 34.7626 63.5913 3
    endloop
  endfacet
  facet normal 0 0 1
    outer loop
      vertex 32.9642 70.692 3
      vertex 34.6594 63.4787 3
      vertex 34.7626 63.5913 3
    endloop
  endfacet
  facet normal 0 0 1
    outer loop
      vertex 32.9642 70.692 3
      vertex 34.5665 63.3576 3
      vertex 34.6594 63.4787 3
    endloop
  endfacet
  facet normal 0 0 1
    outer loop
      vertex 32.9642 70.692 3
      vertex 34.4845 63.2288 3
      vertex 34.5665 63.3576 3
    endloop
  endfacet
  facet normal 0 0 1
    outer loop
      vertex 32.9642 70.692 3
      vertex 34.414 63.0934 3
      vertex 34.4845 63.2288 3
    endloop
  endfacet
  facet normal 0 0 1
    outer loop
      vertex 27.299 60.0285 3
      vertex 34.414 63.0934 3
      vertex 32.9642 70.692 3
    endloop
  endfacet
  facet normal 0 0 1
    outer loop
      vertex 34.414 63.0934 3
      vertex 27.299 60.0285 3
      vertex 34.3555 62.9524 3
    endloop
  endfacet
  facet normal 0 -0 1
    outer loop
      vertex 27.3943 59.9851 3
      vertex 34.3555 62.9524 3
      vertex 27.299 60.0285 3
    endloop
  endfacet
  facet normal 0 0 1
    outer loop
      vertex 34.3555 62.9524 3
      vertex 27.3943 59.9851 3
      vertex 34.3096 62.8068 3
    endloop
  endfacet
  facet normal 0 0 1
    outer loop
      vertex 34.25 62.3538 3
      vertex 30.4961 58.4691 3
      vertex 33.4241 56.8461 3
    endloop
  endfacet
  facet normal 0 0 1
    outer loop
      vertex 34.25 62.3538 3
      vertex 30.4033 58.5175 3
      vertex 30.4961 58.4691 3
    endloop
  endfacet
  facet normal 0 0 1
    outer loop
      vertex 34.25 62.3538 3
      vertex 27.3943 59.9851 3
      vertex 30.4033 58.5175 3
    endloop
  endfacet
  facet normal 0 0 1
    outer loop
      vertex 34.3096 62.8068 3
      vertex 27.3943 59.9851 3
      vertex 34.2766 62.6577 3
    endloop
  endfacet
  facet normal 0 0 1
    outer loop
      vertex 24.2174 61.3366 3
      vertex 32.9642 70.692 3
      vertex 26.6776 73.296 3
    endloop
  endfacet
  facet normal 0 0 1
    outer loop
      vertex 32.9642 70.692 3
      vertex 24.2174 61.3366 3
      vertex 27.299 60.0285 3
    endloop
  endfacet
  facet normal 0 0 1
    outer loop
      vertex 26.6776 73.296 3
      vertex 24.12 61.3749 3
      vertex 24.2174 61.3366 3
    endloop
  endfacet
  facet normal 0 0 1
    outer loop
      vertex 26.6776 73.296 3
      vertex 20.9741 62.5199 3
      vertex 24.12 61.3749 3
    endloop
  endfacet
  facet normal 0 0 1
    outer loop
      vertex 26.6776 73.296 3
      vertex 20.8748 62.5532 3
      vertex 20.9741 62.5199 3
    endloop
  endfacet
  facet normal 0 0 1
    outer loop
      vertex 20.1879 75.3422 3
      vertex 20.8748 62.5532 3
      vertex 26.6776 73.296 3
    endloop
  endfacet
  facet normal 0 0 1
    outer loop
      vertex 20.1879 75.3422 3
      vertex 17.6733 63.532 3
      vertex 20.8748 62.5532 3
    endloop
  endfacet
  facet normal 0 0 1
    outer loop
      vertex 20.1879 75.3422 3
      vertex 17.5044 63.5756 3
      vertex 17.6733 63.532 3
    endloop
  endfacet
  facet normal 0 0 1
    outer loop
      vertex 20.1879 75.3422 3
      vertex 17.3323 63.6044 3
      vertex 17.5044 63.5756 3
    endloop
  endfacet
  facet normal 0 0 1
    outer loop
      vertex 20.1879 75.3422 3
      vertex 17.1584 63.6181 3
      vertex 17.3323 63.6044 3
    endloop
  endfacet
  facet normal -0 0 1
    outer loop
      vertex 14.7402 64.2153 3
      vertex 17.1584 63.6181 3
      vertex 20.1879 75.3422 3
    endloop
  endfacet
  facet normal 0 0 1
    outer loop
      vertex 17.1584 63.6181 3
      vertex 14.7402 64.2153 3
      vertex 16.9839 63.6166 3
    endloop
  endfacet
  facet normal -0 -0 1
    outer loop
      vertex 14.8925 64.1301 3
      vertex 16.9839 63.6166 3
      vertex 14.7402 64.2153 3
    endloop
  endfacet
  facet normal 0 0 1
    outer loop
      vertex 16.9839 63.6166 3
      vertex 14.8925 64.1301 3
      vertex 16.8102 63.5999 3
    endloop
  endfacet
  facet normal 0 0 1
    outer loop
      vertex 16.8102 63.5999 3
      vertex 15.0367 64.0319 3
      vertex 16.6387 63.5681 3
    endloop
  endfacet
  facet normal -0 -0 1
    outer loop
      vertex 15.1718 63.9215 3
      vertex 16.6387 63.5681 3
      vertex 15.0367 64.0319 3
    endloop
  endfacet
  facet normal -0 -0 1
    outer loop
      vertex 15.2968 63.7998 3
      vertex 16.4705 63.5214 3
      vertex 15.1718 63.9215 3
    endloop
  endfacet
  facet normal -0 -0 1
    outer loop
      vertex 15.4107 63.6676 3
      vertex 16.3071 63.4603 3
      vertex 15.2968 63.7998 3
    endloop
  endfacet
  facet normal 0 0 1
    outer loop
      vertex 16.1496 63.3852 3
      vertex 15.5127 63.526 3
      vertex 15.9993 63.2967 3
    endloop
  endfacet
  facet normal 0 0 1
    outer loop
      vertex 15.8572 63.1954 3
      vertex 15.6777 63.2189 3
      vertex 15.7284 63.0853 3
    endloop
  endfacet
  facet normal 0 0 1
    outer loop
      vertex 15.8572 63.1954 3
      vertex 15.6019 63.3761 3
      vertex 15.6777 63.2189 3
    endloop
  endfacet
  facet normal 0 0 1
    outer loop
      vertex 15.9993 63.2967 3
      vertex 15.6019 63.3761 3
      vertex 15.8572 63.1954 3
    endloop
  endfacet
  facet normal -0 -0 1
    outer loop
      vertex 15.6019 63.3761 3
      vertex 15.9993 63.2967 3
      vertex 15.5127 63.526 3
    endloop
  endfacet
  facet normal -0 -0 1
    outer loop
      vertex 15.5127 63.526 3
      vertex 16.1496 63.3852 3
      vertex 15.4107 63.6676 3
    endloop
  endfacet
  facet normal 0 0 1
    outer loop
      vertex 16.3071 63.4603 3
      vertex 15.4107 63.6676 3
      vertex 16.1496 63.3852 3
    endloop
  endfacet
  facet normal 0 0 1
    outer loop
      vertex 16.4705 63.5214 3
      vertex 15.2968 63.7998 3
      vertex 16.3071 63.4603 3
    endloop
  endfacet
  facet normal 0 0 1
    outer loop
      vertex 16.6387 63.5681 3
      vertex 15.1718 63.9215 3
      vertex 16.4705 63.5214 3
    endloop
  endfacet
  facet normal -0 -0 1
    outer loop
      vertex 15.0367 64.0319 3
      vertex 16.8102 63.5999 3
      vertex 14.8925 64.1301 3
    endloop
  endfacet
  facet normal 0 0 1
    outer loop
      vertex 20.1879 75.3422 3
      vertex 14.5811 64.2869 3
      vertex 14.7402 64.2153 3
    endloop
  endfacet
  facet normal 0 0 1
    outer loop
      vertex 20.1879 75.3422 3
      vertex 14.4164 64.3445 3
      vertex 14.5811 64.2869 3
    endloop
  endfacet
  facet normal 0 0 1
    outer loop
      vertex 20.1879 75.3422 3
      vertex 14.2218 64.3925 3
      vertex 14.4164 64.3445 3
    endloop
  endfacet
  facet normal 0 0 1
    outer loop
      vertex 13.5446 76.815 3
      vertex 14.2218 64.3925 3
      vertex 20.1879 75.3422 3
    endloop
  endfacet
  facet normal 0 0 1
    outer loop
      vertex 13.5446 76.815 3
      vertex 10.9356 65.0313 3
      vertex 14.2218 64.3925 3
    endloop
  endfacet
  facet normal 0 0 1
    outer loop
      vertex 13.5446 76.815 3
      vertex 10.8323 65.0486 3
      vertex 10.9356 65.0313 3
    endloop
  endfacet
  facet normal 0 0 1
    outer loop
      vertex 13.5446 76.815 3
      vertex 7.51712 65.5145 3
      vertex 10.8323 65.0486 3
    endloop
  endfacet
  facet normal 0 0 1
    outer loop
      vertex 6.79815 77.7032 3
      vertex 7.51712 65.5145 3
      vertex 13.5446 76.815 3
    endloop
  endfacet
  facet normal 0 0 1
    outer loop
      vertex 7.51712 65.5145 3
      vertex 6.79815 77.7032 3
      vertex 7.41309 65.5263 3
    endloop
  endfacet
  facet normal 0 0 1
    outer loop
      vertex 6.79815 77.7032 3
      vertex 4.07806 65.8181 3
      vertex 7.41309 65.5263 3
    endloop
  endfacet
  facet normal 0 0 1
    outer loop
      vertex 6.79815 77.7032 3
      vertex 3.97354 65.8245 3
      vertex 4.07806 65.8181 3
    endloop
  endfacet
  facet normal 0 0 1
    outer loop
      vertex 0 78 3
      vertex 3.97354 65.8245 3
      vertex 6.79815 77.7032 3
    endloop
  endfacet
  facet normal 0 0 1
    outer loop
      vertex 3.97354 65.8245 3
      vertex 0 78 3
      vertex 0.627808 65.9413 3
    endloop
  endfacet
  facet normal 0 0 1
    outer loop
      vertex 0.627808 65.9413 3
      vertex 0 78 3
      vertex 0.523102 65.9422 3
    endloop
  endfacet
  facet normal 0 0 1
    outer loop
      vertex 0 78 3
      vertex -2.82414 65.8838 3
      vertex 0.523102 65.9422 3
    endloop
  endfacet
  facet normal 0 0 1
    outer loop
      vertex 0 78 3
      vertex -2.92874 65.8793 3
      vertex -2.82414 65.8838 3
    endloop
  endfacet
  facet normal -0 0 1
    outer loop
      vertex -6.79815 77.7032 3
      vertex -2.92874 65.8793 3
      vertex 0 78 3
    endloop
  endfacet
  facet normal 0 0 1
    outer loop
      vertex -2.92874 65.8793 3
      vertex -6.79815 77.7032 3
      vertex -6.26836 65.6457 3
    endloop
  endfacet
  facet normal 0 0 1
    outer loop
      vertex -6.26836 65.6457 3
      vertex -6.79815 77.7032 3
      vertex -6.37259 65.6357 3
    endloop
  endfacet
  facet normal 0 0 1
    outer loop
      vertex -6.79815 77.7032 3
      vertex -9.6954 65.2277 3
      vertex -6.37259 65.6357 3
    endloop
  endfacet
  facet normal -0 0 1
    outer loop
      vertex -13.5446 76.815 3
      vertex -9.6954 65.2277 3
      vertex -6.79815 77.7032 3
    endloop
  endfacet
  facet normal 0 0 1
    outer loop
      vertex -9.6954 65.2277 3
      vertex -13.5446 76.815 3
      vertex -9.79897 65.2122 3
    endloop
  endfacet
  facet normal -0 0 1
    outer loop
      vertex -15.9527 67.0649 3
      vertex -9.79897 65.2122 3
      vertex -13.5446 76.815 3
    endloop
  endfacet
  facet normal 0 0 1
    outer loop
      vertex -15.4579 65.8703 3
      vertex -13.0959 64.6309 3
      vertex -9.79897 65.2122 3
    endloop
  endfacet
  facet normal 0 0 1
    outer loop
      vertex -15.4579 65.8703 3
      vertex -13.1985 64.61 3
      vertex -13.0959 64.6309 3
    endloop
  endfacet
  facet normal -0 0 1
    outer loop
      vertex -15.4579 65.4956 3
      vertex -13.1985 64.61 3
      vertex -15.4497 65.683 3
    endloop
  endfacet
  facet normal -0 0 1
    outer loop
      vertex -15.4824 65.3096 3
      vertex -13.1985 64.61 3
      vertex -15.4579 65.4956 3
    endloop
  endfacet
  facet normal -0 0 1
    outer loop
      vertex -15.523 65.1265 3
      vertex -13.1985 64.61 3
      vertex -15.4824 65.3096 3
    endloop
  endfacet
  facet normal -0 0 1
    outer loop
      vertex -15.5794 64.9476 3
      vertex -13.1985 64.61 3
      vertex -15.523 65.1265 3
    endloop
  endfacet
  facet normal -0 0 1
    outer loop
      vertex -15.6511 64.7743 3
      vertex -13.1985 64.61 3
      vertex -15.5794 64.9476 3
    endloop
  endfacet
  facet normal 0 0 1
    outer loop
      vertex -15.7377 64.608 3
      vertex -13.1985 64.61 3
      vertex -15.6511 64.7743 3
    endloop
  endfacet
  facet normal 0 0 1
    outer loop
      vertex -15.8385 64.4498 3
      vertex -13.1985 64.61 3
      vertex -15.7377 64.608 3
    endloop
  endfacet
  facet normal 0 0 1
    outer loop
      vertex -15.9527 64.301 3
      vertex -13.1985 64.61 3
      vertex -15.8385 64.4498 3
    endloop
  endfacet
  facet normal 0 0 1
    outer loop
      vertex -16.0794 64.1627 3
      vertex -13.1985 64.61 3
      vertex -15.9527 64.301 3
    endloop
  endfacet
  facet normal 0 0 1
    outer loop
      vertex -16.2177 64.036 3
      vertex -13.1985 64.61 3
      vertex -16.0794 64.1627 3
    endloop
  endfacet
  facet normal 0 0 1
    outer loop
      vertex -16.3665 63.9218 3
      vertex -13.1985 64.61 3
      vertex -16.2177 64.036 3
    endloop
  endfacet
  facet normal -0 0 1
    outer loop
      vertex -16.3665 63.9218 3
      vertex -16.4604 63.8569 3
      vertex -13.1985 64.61 3
    endloop
  endfacet
  facet normal 0 -0 1
    outer loop
      vertex -16.4604 63.8569 3
      vertex -16.3665 63.9218 3
      vertex -16.4743 63.8531 3
    endloop
  endfacet
  facet normal 0 0 1
    outer loop
      vertex 47.2588 -45.1974 3
      vertex 46.8169 -45.5041 3
      vertex 46.8184 -45.6786 3
    endloop
  endfacet
  facet normal 0 0 1
    outer loop
      vertex 47.0844 -45.1997 3
      vertex 46.8002 -45.3304 3
      vertex 46.8169 -45.5041 3
    endloop
  endfacet
  facet normal 0 -0 1
    outer loop
      vertex 46.8002 -45.3304 3
      vertex 46.9103 -45.1868 3
      vertex 46.7693 -45.1638 3
    endloop
  endfacet
  facet normal 0 0 1
    outer loop
      vertex 64.2153 -14.7402 3
      vertex 63.6166 -16.9839 3
      vertex 63.6181 -17.1584 3
    endloop
  endfacet
  facet normal 0 0 1
    outer loop
      vertex 63.7998 -15.2968 3
      vertex 63.5999 -16.8102 3
      vertex 63.6166 -16.9839 3
    endloop
  endfacet
  facet normal 0 0 1
    outer loop
      vertex 63.7998 -15.2968 3
      vertex 63.5681 -16.6387 3
      vertex 63.5999 -16.8102 3
    endloop
  endfacet
  facet normal 0 0 1
    outer loop
      vertex 63.3852 -16.1496 3
      vertex 63.6676 -15.4107 3
      vertex 63.526 -15.5127 3
    endloop
  endfacet
  facet normal 0 0 1
    outer loop
      vertex 63.7998 -15.2968 3
      vertex 63.5214 -16.4705 3
      vertex 63.5681 -16.6387 3
    endloop
  endfacet
  facet normal 0 0 1
    outer loop
      vertex 63.7998 -15.2968 3
      vertex 63.4603 -16.3071 3
      vertex 63.5214 -16.4705 3
    endloop
  endfacet
  facet normal 0 0 1
    outer loop
      vertex 63.6676 -15.4107 3
      vertex 63.3852 -16.1496 3
      vertex 63.4603 -16.3071 3
    endloop
  endfacet
  facet normal 0 0 1
    outer loop
      vertex 63.2967 -15.9993 3
      vertex 63.526 -15.5127 3
      vertex 63.3761 -15.6019 3
    endloop
  endfacet
  facet normal 0 0 1
    outer loop
      vertex 63.526 -15.5127 3
      vertex 63.2967 -15.9993 3
      vertex 63.3852 -16.1496 3
    endloop
  endfacet
  facet normal 0 0 1
    outer loop
      vertex 63.1954 -15.8572 3
      vertex 63.3761 -15.6019 3
      vertex 63.2189 -15.6777 3
    endloop
  endfacet
  facet normal 0 0 1
    outer loop
      vertex 63.3761 -15.6019 3
      vertex 63.1954 -15.8572 3
      vertex 63.2967 -15.9993 3
    endloop
  endfacet
  facet normal 0 -0 1
    outer loop
      vertex 63.1954 -15.8572 3
      vertex 63.2189 -15.6777 3
      vertex 63.0853 -15.7284 3
    endloop
  endfacet
  facet normal 0 0 1
    outer loop
      vertex 70.3096 0.452933 3
      vertex 65.8838 2.82414 3
      vertex 65.9422 -0.523102 3
    endloop
  endfacet
  facet normal 0 0 1
    outer loop
      vertex 66.2394 15.523 3
      vertex 65.8793 2.92874 3
      vertex 65.8838 2.82414 3
    endloop
  endfacet
  facet normal 0 0 1
    outer loop
      vertex 64.61 13.1985 3
      vertex 66.0563 15.4824 3
      vertex 65.8703 15.4579 3
    endloop
  endfacet
  facet normal 0 0 1
    outer loop
      vertex 64.61 13.1985 3
      vertex 65.8703 15.4579 3
      vertex 65.683 15.4497 3
    endloop
  endfacet
  facet normal 0 0 1
    outer loop
      vertex 66.2394 15.523 3
      vertex 65.6457 6.26836 3
      vertex 65.8793 2.92874 3
    endloop
  endfacet
  facet normal 0 0 1
    outer loop
      vertex 66.2394 15.523 3
      vertex 65.6357 6.37259 3
      vertex 65.6457 6.26836 3
    endloop
  endfacet
  facet normal 0 0 1
    outer loop
      vertex 64.61 13.1985 3
      vertex 65.683 15.4497 3
      vertex 65.4956 15.4579 3
    endloop
  endfacet
  facet normal 0 0 1
    outer loop
      vertex 64.61 13.1985 3
      vertex 65.4956 15.4579 3
      vertex 65.3096 15.4824 3
    endloop
  endfacet
  facet normal 0 0 1
    outer loop
      vertex 66.2394 15.523 3
      vertex 65.2277 9.6954 3
      vertex 65.6357 6.37259 3
    endloop
  endfacet
  facet normal 0 0 1
    outer loop
      vertex 66.2394 15.523 3
      vertex 65.2122 9.79897 3
      vertex 65.2277 9.6954 3
    endloop
  endfacet
  facet normal 0 0 1
    outer loop
      vertex 64.61 13.1985 3
      vertex 65.3096 15.4824 3
      vertex 65.1265 15.523 3
    endloop
  endfacet
  facet normal 0 0 1
    outer loop
      vertex 64.61 13.1985 3
      vertex 65.1265 15.523 3
      vertex 64.9476 15.5794 3
    endloop
  endfacet
  facet normal 0 0 1
    outer loop
      vertex 64.61 13.1985 3
      vertex 64.9476 15.5794 3
      vertex 64.7743 15.6511 3
    endloop
  endfacet
  facet normal 0 0 1
    outer loop
      vertex 66.2394 15.523 3
      vertex 64.6309 13.0959 3
      vertex 65.2122 9.79897 3
    endloop
  endfacet
  facet normal 0 0 1
    outer loop
      vertex 66.0563 15.4824 3
      vertex 64.61 13.1985 3
      vertex 64.6309 13.0959 3
    endloop
  endfacet
  facet normal 0 0 1
    outer loop
      vertex 64.608 15.7377 3
      vertex 64.61 13.1985 3
      vertex 64.7743 15.6511 3
    endloop
  endfacet
  facet normal 0 0 1
    outer loop
      vertex 64.4498 15.8385 3
      vertex 64.61 13.1985 3
      vertex 64.608 15.7377 3
    endloop
  endfacet
  facet normal 0 0 1
    outer loop
      vertex 64.301 15.9527 3
      vertex 64.61 13.1985 3
      vertex 64.4498 15.8385 3
    endloop
  endfacet
  facet normal 0 0 1
    outer loop
      vertex 64.1627 16.0794 3
      vertex 64.61 13.1985 3
      vertex 64.301 15.9527 3
    endloop
  endfacet
  facet normal 0 0 1
    outer loop
      vertex 64.036 16.2177 3
      vertex 64.61 13.1985 3
      vertex 64.1627 16.0794 3
    endloop
  endfacet
  facet normal 0 0 1
    outer loop
      vertex 63.9218 16.3665 3
      vertex 64.61 13.1985 3
      vertex 64.036 16.2177 3
    endloop
  endfacet
  facet normal 0 0 1
    outer loop
      vertex 63.9218 16.3665 3
      vertex 63.8569 16.4604 3
      vertex 64.61 13.1985 3
    endloop
  endfacet
  facet normal -0 -0 1
    outer loop
      vertex 63.8569 16.4604 3
      vertex 63.9218 16.3665 3
      vertex 63.8531 16.4743 3
    endloop
  endfacet
  facet normal -0 0 1
    outer loop
      vertex 73.4335 1.00376 3
      vertex 78 0 3
      vertex 77.7032 6.79815 3
    endloop
  endfacet
  facet normal 0 0 1
    outer loop
      vertex 66.758 15.7377 3
      vertex 77.7032 6.79815 3
      vertex 76.815 13.5446 3
    endloop
  endfacet
  facet normal 0 0 1
    outer loop
      vertex 78 0 3
      vertex 73.6904 0.452933 3
      vertex 73.7234 0.303884 3
    endloop
  endfacet
  facet normal -0 0 1
    outer loop
      vertex 67.7597 17.0432 3
      vertex 76.815 13.5446 3
      vertex 75.3422 20.1879 3
    endloop
  endfacet
  facet normal 0 0 1
    outer loop
      vertex 73.7433 -0.152522 3
      vertex 78 0 3
      vertex 73.75 0 3
    endloop
  endfacet
  facet normal 0 0 1
    outer loop
      vertex 73.6904 -0.452933 3
      vertex 78 0 3
      vertex 73.7234 -0.303884 3
    endloop
  endfacet
  facet normal 0 0 1
    outer loop
      vertex 73.7234 -0.303884 3
      vertex 78 0 3
      vertex 73.7433 -0.152522 3
    endloop
  endfacet
  facet normal 0 0 1
    outer loop
      vertex 78 0 3
      vertex 73.7433 0.152522 3
      vertex 73.75 0 3
    endloop
  endfacet
  facet normal 0 0 1
    outer loop
      vertex 78 0 3
      vertex 73.7234 0.303884 3
      vertex 73.7433 0.152522 3
    endloop
  endfacet
  facet normal 0 0 1
    outer loop
      vertex 78 0 3
      vertex 73.6445 0.598535 3
      vertex 73.6904 0.452933 3
    endloop
  endfacet
  facet normal 0 0 1
    outer loop
      vertex 78 0 3
      vertex 73.586 0.739581 3
      vertex 73.6445 0.598535 3
    endloop
  endfacet
  facet normal 0 0 1
    outer loop
      vertex 78 0 3
      vertex 73.5155 0.875 3
      vertex 73.586 0.739581 3
    endloop
  endfacet
  facet normal 0 0 1
    outer loop
      vertex 78 0 3
      vertex 73.4335 1.00376 3
      vertex 73.5155 0.875 3
    endloop
  endfacet
  facet normal 0 0 1
    outer loop
      vertex 77.7032 6.79815 3
      vertex 73.3406 1.12488 3
      vertex 73.4335 1.00376 3
    endloop
  endfacet
  facet normal 0 0 1
    outer loop
      vertex 67.3299 18.9817 3
      vertex 75.3422 20.1879 3
      vertex 73.296 26.6776 3
    endloop
  endfacet
  facet normal 0 0 1
    outer loop
      vertex 77.7032 6.79815 3
      vertex 73.2374 1.23744 3
      vertex 73.3406 1.12488 3
    endloop
  endfacet
  facet normal 0 0 1
    outer loop
      vertex 77.7032 6.79815 3
      vertex 73.1249 1.34058 3
      vertex 73.2374 1.23744 3
    endloop
  endfacet
  facet normal 0 0 1
    outer loop
      vertex 67.7597 17.0432 3
      vertex 75.3422 20.1879 3
      vertex 67.8003 17.2264 3
    endloop
  endfacet
  facet normal 0 0 1
    outer loop
      vertex 76.815 13.5446 3
      vertex 67.7597 17.0432 3
      vertex 67.7033 16.8644 3
    endloop
  endfacet
  facet normal 0 0 1
    outer loop
      vertex 77.7032 6.79815 3
      vertex 73.0038 1.43352 3
      vertex 73.1249 1.34058 3
    endloop
  endfacet
  facet normal 0 0 1
    outer loop
      vertex 76.815 13.5446 3
      vertex 67.7033 16.8644 3
      vertex 67.6315 16.6911 3
    endloop
  endfacet
  facet normal 0 0 1
    outer loop
      vertex 77.7032 6.79815 3
      vertex 72.875 1.51554 3
      vertex 73.0038 1.43352 3
    endloop
  endfacet
  facet normal 0 0 1
    outer loop
      vertex 76.815 13.5446 3
      vertex 67.6315 16.6911 3
      vertex 67.5449 16.5247 3
    endloop
  endfacet
  facet normal 0 0 1
    outer loop
      vertex 77.7032 6.79815 3
      vertex 72.7396 1.58604 3
      vertex 72.875 1.51554 3
    endloop
  endfacet
  facet normal 0 0 1
    outer loop
      vertex 76.815 13.5446 3
      vertex 67.5449 16.5247 3
      vertex 67.4441 16.3665 3
    endloop
  endfacet
  facet normal 0 0 1
    outer loop
      vertex 77.7032 6.79815 3
      vertex 72.5985 1.64446 3
      vertex 72.7396 1.58604 3
    endloop
  endfacet
  facet normal -0 0 1
    outer loop
      vertex 67.3299 16.2177 3
      vertex 76.815 13.5446 3
      vertex 67.4441 16.3665 3
    endloop
  endfacet
  facet normal -0 0 1
    outer loop
      vertex 67.2032 16.0794 3
      vertex 76.815 13.5446 3
      vertex 67.3299 16.2177 3
    endloop
  endfacet
  facet normal 0 0 1
    outer loop
      vertex 77.7032 6.79815 3
      vertex 72.3039 1.72341 3
      vertex 72.4529 1.69037 3
    endloop
  endfacet
  facet normal -0 0 1
    outer loop
      vertex 67.0649 15.9527 3
      vertex 76.815 13.5446 3
      vertex 67.2032 16.0794 3
    endloop
  endfacet
  facet normal 0 0 1
    outer loop
      vertex 77.7032 6.79815 3
      vertex 72.1525 1.74334 3
      vertex 72.3039 1.72341 3
    endloop
  endfacet
  facet normal -0 0 1
    outer loop
      vertex 66.9161 15.8385 3
      vertex 76.815 13.5446 3
      vertex 67.0649 15.9527 3
    endloop
  endfacet
  facet normal 0 0 1
    outer loop
      vertex 77.7032 6.79815 3
      vertex 72 1.75 3
      vertex 72.1525 1.74334 3
    endloop
  endfacet
  facet normal -0 0 1
    outer loop
      vertex 66.758 15.7377 3
      vertex 76.815 13.5446 3
      vertex 66.9161 15.8385 3
    endloop
  endfacet
  facet normal 0 0 1
    outer loop
      vertex 60.4958 26.2472 3
      vertex 73.296 26.6776 3
      vertex 70.692 32.9642 3
    endloop
  endfacet
  facet normal 0 0 1
    outer loop
      vertex 75.3422 20.1879 3
      vertex 67.833 17.5997 3
      vertex 67.8248 17.4123 3
    endloop
  endfacet
  facet normal 0 0 1
    outer loop
      vertex 75.3422 20.1879 3
      vertex 67.8248 17.4123 3
      vertex 67.8003 17.2264 3
    endloop
  endfacet
  facet normal 0 0 1
    outer loop
      vertex 77.7032 6.79815 3
      vertex 72.4529 1.69037 3
      vertex 72.5985 1.64446 3
    endloop
  endfacet
  facet normal 0 0 1
    outer loop
      vertex 77.7032 6.79815 3
      vertex 71.8475 1.74334 3
      vertex 72 1.75 3
    endloop
  endfacet
  facet normal 0 0 1
    outer loop
      vertex 77.7032 6.79815 3
      vertex 66.758 15.7377 3
      vertex 71.6961 1.72341 3
    endloop
  endfacet
  facet normal 0 0 1
    outer loop
      vertex 77.7032 6.79815 3
      vertex 71.6961 1.72341 3
      vertex 71.8475 1.74334 3
    endloop
  endfacet
  facet normal -0 0 1
    outer loop
      vertex 66.5916 15.6511 3
      vertex 71.6961 1.72341 3
      vertex 66.758 15.7377 3
    endloop
  endfacet
  facet normal 0 0 1
    outer loop
      vertex 71.6961 1.72341 3
      vertex 66.5916 15.6511 3
      vertex 71.5471 1.69037 3
    endloop
  endfacet
  facet normal 0 0 1
    outer loop
      vertex 65.8838 2.82414 3
      vertex 66.5916 15.6511 3
      vertex 66.4183 15.5794 3
    endloop
  endfacet
  facet normal 0 0 1
    outer loop
      vertex 66.5916 15.6511 3
      vertex 65.8838 2.82414 3
      vertex 71.5471 1.69037 3
    endloop
  endfacet
  facet normal 0 0 1
    outer loop
      vertex 75.3422 20.1879 3
      vertex 67.8248 17.7871 3
      vertex 67.833 17.5997 3
    endloop
  endfacet
  facet normal 0 0 1
    outer loop
      vertex 75.3422 20.1879 3
      vertex 67.8003 17.973 3
      vertex 67.8248 17.7871 3
    endloop
  endfacet
  facet normal 0 0 1
    outer loop
      vertex 75.3422 20.1879 3
      vertex 67.7597 18.1562 3
      vertex 67.8003 17.973 3
    endloop
  endfacet
  facet normal 0 0 1
    outer loop
      vertex 75.3422 20.1879 3
      vertex 67.7033 18.335 3
      vertex 67.7597 18.1562 3
    endloop
  endfacet
  facet normal 0 0 1
    outer loop
      vertex 75.3422 20.1879 3
      vertex 67.6315 18.5083 3
      vertex 67.7033 18.335 3
    endloop
  endfacet
  facet normal 0 0 1
    outer loop
      vertex 58.9925 29.4711 3
      vertex 70.692 32.9642 3
      vertex 67.55 39 3
    endloop
  endfacet
  facet normal 0 0 1
    outer loop
      vertex 75.3422 20.1879 3
      vertex 67.5449 18.6747 3
      vertex 67.6315 18.5083 3
    endloop
  endfacet
  facet normal 0 0 1
    outer loop
      vertex 75.3422 20.1879 3
      vertex 67.4441 18.8329 3
      vertex 67.5449 18.6747 3
    endloop
  endfacet
  facet normal 0 0 1
    outer loop
      vertex 75.3422 20.1879 3
      vertex 67.3299 18.9817 3
      vertex 67.4441 18.8329 3
    endloop
  endfacet
  facet normal 0 0 1
    outer loop
      vertex 73.296 26.6776 3
      vertex 67.2032 19.12 3
      vertex 67.3299 18.9817 3
    endloop
  endfacet
  facet normal 0 0 1
    outer loop
      vertex 73.296 26.6776 3
      vertex 67.0649 19.2467 3
      vertex 67.2032 19.12 3
    endloop
  endfacet
  facet normal 0 0 1
    outer loop
      vertex 73.296 26.6776 3
      vertex 66.9161 19.3609 3
      vertex 67.0649 19.2467 3
    endloop
  endfacet
  facet normal 0 0 1
    outer loop
      vertex 73.296 26.6776 3
      vertex 66.758 19.4616 3
      vertex 66.9161 19.3609 3
    endloop
  endfacet
  facet normal 0 0 1
    outer loop
      vertex 73.296 26.6776 3
      vertex 66.5916 19.5483 3
      vertex 66.758 19.4616 3
    endloop
  endfacet
  facet normal 0 0 1
    outer loop
      vertex 73.296 26.6776 3
      vertex 66.4183 19.62 3
      vertex 66.5916 19.5483 3
    endloop
  endfacet
  facet normal 0 0 1
    outer loop
      vertex 73.296 26.6776 3
      vertex 60.4958 26.2472 3
      vertex 61.7499 23.1432 3
    endloop
  endfacet
  facet normal 0 0 1
    outer loop
      vertex 73.296 26.6776 3
      vertex 66.2394 19.6764 3
      vertex 66.4183 19.62 3
    endloop
  endfacet
  facet normal 0 -0 1
    outer loop
      vertex 66.0563 19.717 3
      vertex 73.296 26.6776 3
      vertex 61.7499 23.1432 3
    endloop
  endfacet
  facet normal 0 0 1
    outer loop
      vertex 73.296 26.6776 3
      vertex 66.0563 19.717 3
      vertex 66.2394 19.6764 3
    endloop
  endfacet
  facet normal 0 0 1
    outer loop
      vertex 66.0563 19.717 3
      vertex 61.7499 23.1432 3
      vertex 65.8703 19.7415 3
    endloop
  endfacet
  facet normal -0 -0 1
    outer loop
      vertex 61.7865 23.0452 3
      vertex 65.8703 19.7415 3
      vertex 61.7499 23.1432 3
    endloop
  endfacet
  facet normal 0 0 1
    outer loop
      vertex 65.8703 19.7415 3
      vertex 61.7865 23.0452 3
      vertex 65.683 19.7497 3
    endloop
  endfacet
  facet normal 0 0 1
    outer loop
      vertex 65.4956 19.7415 3
      vertex 61.7865 23.0452 3
      vertex 65.3096 19.717 3
    endloop
  endfacet
  facet normal 0 0 1
    outer loop
      vertex 65.3096 19.717 3
      vertex 61.7865 23.0452 3
      vertex 65.1265 19.6764 3
    endloop
  endfacet
  facet normal 0 0 1
    outer loop
      vertex 65.1265 19.6764 3
      vertex 61.7865 23.0452 3
      vertex 64.9476 19.62 3
    endloop
  endfacet
  facet normal -0 -0 1
    outer loop
      vertex 62.8765 19.8798 3
      vertex 64.9476 19.62 3
      vertex 61.7865 23.0452 3
    endloop
  endfacet
  facet normal 0 0 1
    outer loop
      vertex 64.9476 19.62 3
      vertex 62.8765 19.8798 3
      vertex 64.7743 19.5483 3
    endloop
  endfacet
  facet normal 0 0 1
    outer loop
      vertex 64.7743 19.5483 3
      vertex 62.8765 19.8798 3
      vertex 64.608 19.4616 3
    endloop
  endfacet
  facet normal 0 0 1
    outer loop
      vertex 64.4498 19.3609 3
      vertex 62.8765 19.8798 3
      vertex 64.301 19.2467 3
    endloop
  endfacet
  facet normal -0 -0 1
    outer loop
      vertex 62.9321 19.6873 3
      vertex 64.301 19.2467 3
      vertex 62.8765 19.8798 3
    endloop
  endfacet
  facet normal 0 0 1
    outer loop
      vertex 55.645 35.3877 3
      vertex 67.55 39 3
      vertex 63.8939 44.739 3
    endloop
  endfacet
  facet normal 0 0 1
    outer loop
      vertex 64.608 19.4616 3
      vertex 62.8765 19.8798 3
      vertex 64.4498 19.3609 3
    endloop
  endfacet
  facet normal -0 -0 1
    outer loop
      vertex 62.9647 19.5158 3
      vertex 64.1627 19.12 3
      vertex 62.9321 19.6873 3
    endloop
  endfacet
  facet normal 0 0 1
    outer loop
      vertex 64.1627 19.12 3
      vertex 62.9647 19.5158 3
      vertex 64.036 18.9817 3
    endloop
  endfacet
  facet normal -0 -0 1
    outer loop
      vertex 62.9822 19.3422 3
      vertex 64.036 18.9817 3
      vertex 62.9647 19.5158 3
    endloop
  endfacet
  facet normal 0 0 1
    outer loop
      vertex 64.036 18.9817 3
      vertex 62.9845 19.1678 3
      vertex 63.9218 18.8329 3
    endloop
  endfacet
  facet normal -0 0 1
    outer loop
      vertex 62.9716 18.9938 3
      vertex 63.9218 18.8329 3
      vertex 62.9845 19.1678 3
    endloop
  endfacet
  facet normal -0 0 1
    outer loop
      vertex 62.9436 18.8216 3
      vertex 63.821 18.6747 3
      vertex 62.9716 18.9938 3
    endloop
  endfacet
  facet normal 0 0 1
    outer loop
      vertex 63.821 18.6747 3
      vertex 62.9436 18.8216 3
      vertex 63.7344 18.5083 3
    endloop
  endfacet
  facet normal -0 0 1
    outer loop
      vertex 62.9006 18.6525 3
      vertex 63.7344 18.5083 3
      vertex 62.9436 18.8216 3
    endloop
  endfacet
  facet normal -0 0 1
    outer loop
      vertex 62.8431 18.4877 3
      vertex 63.6626 18.335 3
      vertex 62.9006 18.6525 3
    endloop
  endfacet
  facet normal 0 0 1
    outer loop
      vertex 63.6626 18.335 3
      vertex 62.8431 18.4877 3
      vertex 63.6062 18.1562 3
    endloop
  endfacet
  facet normal 0 0 1
    outer loop
      vertex 63.533 17.5997 3
      vertex 63.3709 17.3745 3
      vertex 63.4842 17.2419 3
    endloop
  endfacet
  facet normal 0 0 1
    outer loop
      vertex 63.6062 18.1562 3
      vertex 62.7715 18.3286 3
      vertex 63.5656 17.973 3
    endloop
  endfacet
  facet normal -0 0 1
    outer loop
      vertex 62.7715 18.3286 3
      vertex 63.6062 18.1562 3
      vertex 62.8431 18.4877 3
    endloop
  endfacet
  facet normal 0 0 1
    outer loop
      vertex 63.7344 18.5083 3
      vertex 62.9006 18.6525 3
      vertex 63.6626 18.335 3
    endloop
  endfacet
  facet normal 0 0 1
    outer loop
      vertex 63.9218 18.8329 3
      vertex 62.9716 18.9938 3
      vertex 63.821 18.6747 3
    endloop
  endfacet
  facet normal -0 -0 1
    outer loop
      vertex 62.9845 19.1678 3
      vertex 64.036 18.9817 3
      vertex 62.9822 19.3422 3
    endloop
  endfacet
  facet normal 0 0 1
    outer loop
      vertex 64.301 19.2467 3
      vertex 62.9321 19.6873 3
      vertex 64.1627 19.12 3
    endloop
  endfacet
  facet normal 0 0 1
    outer loop
      vertex 65.683 19.7497 3
      vertex 61.7865 23.0452 3
      vertex 65.4956 19.7415 3
    endloop
  endfacet
  facet normal 0 0 1
    outer loop
      vertex 70.692 32.9642 3
      vertex 60.454 26.3432 3
      vertex 60.4958 26.2472 3
    endloop
  endfacet
  facet normal 0 0 1
    outer loop
      vertex 51.6411 41.0103 3
      vertex 63.8939 44.739 3
      vertex 59.7515 50.1374 3
    endloop
  endfacet
  facet normal 0 0 1
    outer loop
      vertex 70.692 32.9642 3
      vertex 59.0392 29.3773 3
      vertex 60.454 26.3432 3
    endloop
  endfacet
  facet normal 0 0 1
    outer loop
      vertex 70.692 32.9642 3
      vertex 58.9925 29.4711 3
      vertex 59.0392 29.3773 3
    endloop
  endfacet
  facet normal 0 0 1
    outer loop
      vertex 67.55 39 3
      vertex 57.4208 32.427 3
      vertex 58.9925 29.4711 3
    endloop
  endfacet
  facet normal 0 0 1
    outer loop
      vertex 67.55 39 3
      vertex 57.3692 32.5181 3
      vertex 57.4208 32.427 3
    endloop
  endfacet
  facet normal 0 0 1
    outer loop
      vertex 67.55 39 3
      vertex 55.645 35.3877 3
      vertex 57.3692 32.5181 3
    endloop
  endfacet
  facet normal 0 0 1
    outer loop
      vertex 63.8939 44.739 3
      vertex 55.5887 35.476 3
      vertex 55.645 35.3877 3
    endloop
  endfacet
  facet normal 0 0 1
    outer loop
      vertex 49.3547 43.7352 3
      vertex 59.7515 50.1374 3
      vertex 55.1543 55.1543 3
    endloop
  endfacet
  facet normal 0 0 1
    outer loop
      vertex 63.8939 44.739 3
      vertex 53.7167 38.2514 3
      vertex 55.5887 35.476 3
    endloop
  endfacet
  facet normal 0 0 1
    outer loop
      vertex 63.8939 44.739 3
      vertex 53.6559 38.3367 3
      vertex 53.7167 38.2514 3
    endloop
  endfacet
  facet normal 0 0 1
    outer loop
      vertex 63.8939 44.739 3
      vertex 51.6411 41.0103 3
      vertex 53.6559 38.3367 3
    endloop
  endfacet
  facet normal 0 0 1
    outer loop
      vertex 59.7515 50.1374 3
      vertex 51.576 41.0923 3
      vertex 51.6411 41.0103 3
    endloop
  endfacet
  facet normal 0 0 1
    outer loop
      vertex 44.5127 48.6546 3
      vertex 55.1543 55.1543 3
      vertex 50.1374 59.7515 3
    endloop
  endfacet
  facet normal 0 0 1
    outer loop
      vertex 59.7515 50.1374 3
      vertex 49.424 43.6568 3
      vertex 51.576 41.0923 3
    endloop
  endfacet
  facet normal 0 0 1
    outer loop
      vertex 59.7515 50.1374 3
      vertex 49.3547 43.7352 3
      vertex 49.424 43.6568 3
    endloop
  endfacet
  facet normal 0 0 1
    outer loop
      vertex 55.1543 55.1543 3
      vertex 47.0715 46.1836 3
      vertex 49.3547 43.7352 3
    endloop
  endfacet
  facet normal 0 0 1
    outer loop
      vertex 55.1543 55.1543 3
      vertex 46.9471 46.3059 3
      vertex 47.0715 46.1836 3
    endloop
  endfacet
  facet normal 0 0 1
    outer loop
      vertex 55.1543 55.1543 3
      vertex 46.8124 46.4169 3
      vertex 46.9471 46.3059 3
    endloop
  endfacet
  facet normal 0 0 1
    outer loop
      vertex 55.1543 55.1543 3
      vertex 46.6686 46.5157 3
      vertex 46.8124 46.4169 3
    endloop
  endfacet
  facet normal 0 0 1
    outer loop
      vertex 55.1543 55.1543 3
      vertex 44.8731 48.242 3
      vertex 46.6686 46.5157 3
    endloop
  endfacet
  facet normal 0 0 1
    outer loop
      vertex 46.6686 46.5157 3
      vertex 44.8731 48.242 3
      vertex 46.5168 46.6016 3
    endloop
  endfacet
  facet normal -0 -0 1
    outer loop
      vertex 44.9623 48.092 3
      vertex 46.5168 46.6016 3
      vertex 44.8731 48.242 3
    endloop
  endfacet
  facet normal 0 0 1
    outer loop
      vertex 46.5168 46.6016 3
      vertex 44.9623 48.092 3
      vertex 46.358 46.674 3
    endloop
  endfacet
  facet normal -0 -0 1
    outer loop
      vertex 45.0381 47.9349 3
      vertex 46.358 46.674 3
      vertex 44.9623 48.092 3
    endloop
  endfacet
  facet normal -0 -0 1
    outer loop
      vertex 45.0999 47.7717 3
      vertex 46.1935 46.7322 3
      vertex 45.0381 47.9349 3
    endloop
  endfacet
  facet normal -0 -0 1
    outer loop
      vertex 45.1473 47.6038 3
      vertex 46.0246 46.7759 3
      vertex 45.0999 47.7717 3
    endloop
  endfacet
  facet normal -0 -0 1
    outer loop
      vertex 45.1799 47.4324 3
      vertex 45.8525 46.8047 3
      vertex 45.1473 47.6038 3
    endloop
  endfacet
  facet normal -0 -0 1
    outer loop
      vertex 45.1974 47.2588 3
      vertex 45.6786 46.8184 3
      vertex 45.1799 47.4324 3
    endloop
  endfacet
  facet normal 0 0 1
    outer loop
      vertex 45.5041 46.8169 3
      vertex 45.1997 47.0844 3
      vertex 45.3304 46.8002 3
    endloop
  endfacet
  facet normal -0 -0 1
    outer loop
      vertex 45.1997 47.0844 3
      vertex 45.5041 46.8169 3
      vertex 45.1974 47.2588 3
    endloop
  endfacet
  facet normal 0 0 1
    outer loop
      vertex 45.6786 46.8184 3
      vertex 45.1974 47.2588 3
      vertex 45.5041 46.8169 3
    endloop
  endfacet
  facet normal 0 0 1
    outer loop
      vertex 45.8525 46.8047 3
      vertex 45.1799 47.4324 3
      vertex 45.6786 46.8184 3
    endloop
  endfacet
  facet normal 0 0 1
    outer loop
      vertex 46.0246 46.7759 3
      vertex 45.1473 47.6038 3
      vertex 45.8525 46.8047 3
    endloop
  endfacet
  facet normal 0 0 1
    outer loop
      vertex 46.1935 46.7322 3
      vertex 45.0999 47.7717 3
      vertex 46.0246 46.7759 3
    endloop
  endfacet
  facet normal 0 0 1
    outer loop
      vertex 46.358 46.674 3
      vertex 45.0381 47.9349 3
      vertex 46.1935 46.7322 3
    endloop
  endfacet
  facet normal 0 0 1
    outer loop
      vertex 55.1543 55.1543 3
      vertex 44.7711 48.3836 3
      vertex 44.8731 48.242 3
    endloop
  endfacet
  facet normal 0 0 1
    outer loop
      vertex 39.2673 52.9786 3
      vertex 50.1374 59.7515 3
      vertex 44.739 63.8939 3
    endloop
  endfacet
  facet normal 0 0 1
    outer loop
      vertex 55.1543 55.1543 3
      vertex 44.6572 48.5157 3
      vertex 44.7711 48.3836 3
    endloop
  endfacet
  facet normal 0 0 1
    outer loop
      vertex 55.1543 55.1543 3
      vertex 44.5127 48.6546 3
      vertex 44.6572 48.5157 3
    endloop
  endfacet
  facet normal 0 0 1
    outer loop
      vertex 50.1374 59.7515 3
      vertex 41.9861 50.851 3
      vertex 44.5127 48.6546 3
    endloop
  endfacet
  facet normal 0 0 1
    outer loop
      vertex 50.1374 59.7515 3
      vertex 41.9053 50.9175 3
      vertex 41.9861 50.851 3
    endloop
  endfacet
  facet normal 0 0 1
    outer loop
      vertex 50.1374 59.7515 3
      vertex 39.2673 52.9786 3
      vertex 41.9053 50.9175 3
    endloop
  endfacet
  facet normal 0 0 1
    outer loop
      vertex 44.739 63.8939 3
      vertex 39.1831 53.0409 3
      vertex 39.2673 52.9786 3
    endloop
  endfacet
  facet normal 0 0 1
    outer loop
      vertex 37.6445 62.9524 3
      vertex 44.739 63.8939 3
      vertex 39 67.55 3
    endloop
  endfacet
  facet normal 0 0 1
    outer loop
      vertex 44.739 63.8939 3
      vertex 37.75 62.3538 3
      vertex 37.7433 62.2013 3
    endloop
  endfacet
  facet normal 0 0 1
    outer loop
      vertex 37.7234 62.0499 3
      vertex 44.739 63.8939 3
      vertex 37.7433 62.2013 3
    endloop
  endfacet
  facet normal 0 0 1
    outer loop
      vertex 37.6904 61.9009 3
      vertex 44.739 63.8939 3
      vertex 37.7234 62.0499 3
    endloop
  endfacet
  facet normal 0 0 1
    outer loop
      vertex 37.6445 61.7553 3
      vertex 44.739 63.8939 3
      vertex 37.6904 61.9009 3
    endloop
  endfacet
  facet normal 0 0 1
    outer loop
      vertex 37.586 61.6142 3
      vertex 44.739 63.8939 3
      vertex 37.6445 61.7553 3
    endloop
  endfacet
  facet normal 0 0 1
    outer loop
      vertex 37.5155 61.4788 3
      vertex 44.739 63.8939 3
      vertex 37.586 61.6142 3
    endloop
  endfacet
  facet normal 0 0 1
    outer loop
      vertex 44.739 63.8939 3
      vertex 37.5155 61.4788 3
      vertex 39.1831 53.0409 3
    endloop
  endfacet
  facet normal -0 0 1
    outer loop
      vertex 37.4335 61.3501 3
      vertex 39.1831 53.0409 3
      vertex 37.5155 61.4788 3
    endloop
  endfacet
  facet normal -0 0 1
    outer loop
      vertex 37.3406 61.229 3
      vertex 39.1831 53.0409 3
      vertex 37.4335 61.3501 3
    endloop
  endfacet
  facet normal -0 0 1
    outer loop
      vertex 37.2374 61.1164 3
      vertex 39.1831 53.0409 3
      vertex 37.3406 61.229 3
    endloop
  endfacet
  facet normal -0 0 1
    outer loop
      vertex 37.1249 61.0133 3
      vertex 39.1831 53.0409 3
      vertex 37.2374 61.1164 3
    endloop
  endfacet
  facet normal 0 0 1
    outer loop
      vertex 36.4408 54.9611 3
      vertex 37.1249 61.0133 3
      vertex 37.0038 60.9203 3
    endloop
  endfacet
  facet normal 0 0 1
    outer loop
      vertex 36.4408 54.9611 3
      vertex 37.0038 60.9203 3
      vertex 36.875 60.8383 3
    endloop
  endfacet
  facet normal 0 0 1
    outer loop
      vertex 36.4408 54.9611 3
      vertex 36.875 60.8383 3
      vertex 36.7396 60.7678 3
    endloop
  endfacet
  facet normal 0 0 1
    outer loop
      vertex 36.3534 55.0189 3
      vertex 36.7396 60.7678 3
      vertex 36.5985 60.7094 3
    endloop
  endfacet
  facet normal 0 0 1
    outer loop
      vertex 36.3534 55.0189 3
      vertex 36.5985 60.7094 3
      vertex 36.4529 60.6635 3
    endloop
  endfacet
  facet normal 0 0 1
    outer loop
      vertex 37.1249 61.0133 3
      vertex 36.4408 54.9611 3
      vertex 39.1831 53.0409 3
    endloop
  endfacet
  facet normal 0 0 1
    outer loop
      vertex 36.7396 60.7678 3
      vertex 36.3534 55.0189 3
      vertex 36.4408 54.9611 3
    endloop
  endfacet
  facet normal -0 0 1
    outer loop
      vertex 36.3039 60.6304 3
      vertex 36.3534 55.0189 3
      vertex 36.4529 60.6635 3
    endloop
  endfacet
  facet normal -0 0 1
    outer loop
      vertex 36.1525 60.6105 3
      vertex 36.3534 55.0189 3
      vertex 36.3039 60.6304 3
    endloop
  endfacet
  facet normal -0 0 1
    outer loop
      vertex 36 60.6038 3
      vertex 36.3534 55.0189 3
      vertex 36.1525 60.6105 3
    endloop
  endfacet
  facet normal 0 0 1
    outer loop
      vertex 33.5144 56.793 3
      vertex 36 60.6038 3
      vertex 35.8475 60.6105 3
    endloop
  endfacet
  facet normal 0 0 1
    outer loop
      vertex 33.5144 56.793 3
      vertex 35.8475 60.6105 3
      vertex 35.6961 60.6304 3
    endloop
  endfacet
  facet normal 0 0 1
    outer loop
      vertex 33.5144 56.793 3
      vertex 35.6961 60.6304 3
      vertex 35.5471 60.6635 3
    endloop
  endfacet
  facet normal 0 0 1
    outer loop
      vertex 33.5144 56.793 3
      vertex 35.5471 60.6635 3
      vertex 35.4015 60.7094 3
    endloop
  endfacet
  facet normal 0 0 1
    outer loop
      vertex 33.5144 56.793 3
      vertex 35.4015 60.7094 3
      vertex 35.2604 60.7678 3
    endloop
  endfacet
  facet normal 0 0 1
    outer loop
      vertex 33.5144 56.793 3
      vertex 35.2604 60.7678 3
      vertex 35.125 60.8383 3
    endloop
  endfacet
  facet normal 0 0 1
    outer loop
      vertex 33.5144 56.793 3
      vertex 35.125 60.8383 3
      vertex 34.9962 60.9203 3
    endloop
  endfacet
  facet normal 0 0 1
    outer loop
      vertex 33.5144 56.793 3
      vertex 34.9962 60.9203 3
      vertex 34.8751 61.0133 3
    endloop
  endfacet
  facet normal 0 0 1
    outer loop
      vertex 33.5144 56.793 3
      vertex 34.8751 61.0133 3
      vertex 34.7626 61.1164 3
    endloop
  endfacet
  facet normal 0 0 1
    outer loop
      vertex 33.5144 56.793 3
      vertex 34.7626 61.1164 3
      vertex 34.6594 61.229 3
    endloop
  endfacet
  facet normal 0 0 1
    outer loop
      vertex 33.5144 56.793 3
      vertex 34.6594 61.229 3
      vertex 34.5665 61.3501 3
    endloop
  endfacet
  facet normal 0 0 1
    outer loop
      vertex 33.5144 56.793 3
      vertex 34.5665 61.3501 3
      vertex 34.4845 61.4788 3
    endloop
  endfacet
  facet normal 0 0 1
    outer loop
      vertex 33.5144 56.793 3
      vertex 34.4845 61.4788 3
      vertex 34.414 61.6142 3
    endloop
  endfacet
  facet normal 0 0 1
    outer loop
      vertex 33.5144 56.793 3
      vertex 34.414 61.6142 3
      vertex 34.3555 61.7553 3
    endloop
  endfacet
  facet normal 0 0 1
    outer loop
      vertex 33.5144 56.793 3
      vertex 34.3555 61.7553 3
      vertex 34.3096 61.9009 3
    endloop
  endfacet
  facet normal 0 0 1
    outer loop
      vertex 36 60.6038 3
      vertex 33.5144 56.793 3
      vertex 36.3534 55.0189 3
    endloop
  endfacet
  facet normal 0 0 1
    outer loop
      vertex 34.2766 62.0499 3
      vertex 33.5144 56.793 3
      vertex 34.3096 61.9009 3
    endloop
  endfacet
  facet normal 0 0 1
    outer loop
      vertex 34.2567 62.2013 3
      vertex 33.5144 56.793 3
      vertex 34.2766 62.0499 3
    endloop
  endfacet
  facet normal 0 0 1
    outer loop
      vertex 33.5144 56.793 3
      vertex 34.2567 62.2013 3
      vertex 34.25 62.3538 3
    endloop
  endfacet
  facet normal 0 0 1
    outer loop
      vertex 73.6445 -0.598535 3
      vertex 78 0 3
      vertex 73.6904 -0.452933 3
    endloop
  endfacet
  facet normal 0 0 1
    outer loop
      vertex 73.586 -0.739581 3
      vertex 78 0 3
      vertex 73.6445 -0.598535 3
    endloop
  endfacet
  facet normal 0 0 1
    outer loop
      vertex 73.5155 -0.875 3
      vertex 78 0 3
      vertex 73.586 -0.739581 3
    endloop
  endfacet
  facet normal 0 0 1
    outer loop
      vertex 73.4335 -1.00376 3
      vertex 78 0 3
      vertex 73.5155 -0.875 3
    endloop
  endfacet
  facet normal 0 0 1
    outer loop
      vertex 78 0 3
      vertex 73.4335 -1.00376 3
      vertex 77.7032 -6.79815 3
    endloop
  endfacet
  facet normal -0 0 1
    outer loop
      vertex 73.3406 -1.12488 3
      vertex 77.7032 -6.79815 3
      vertex 73.4335 -1.00376 3
    endloop
  endfacet
  facet normal -0 0 1
    outer loop
      vertex 73.2374 -1.23744 3
      vertex 77.7032 -6.79815 3
      vertex 73.3406 -1.12488 3
    endloop
  endfacet
  facet normal -0 0 1
    outer loop
      vertex 73.1249 -1.34058 3
      vertex 77.7032 -6.79815 3
      vertex 73.2374 -1.23744 3
    endloop
  endfacet
  facet normal -0 0 1
    outer loop
      vertex 73.0038 -1.43352 3
      vertex 77.7032 -6.79815 3
      vertex 73.1249 -1.34058 3
    endloop
  endfacet
  facet normal -0 0 1
    outer loop
      vertex 72.875 -1.51554 3
      vertex 77.7032 -6.79815 3
      vertex 73.0038 -1.43352 3
    endloop
  endfacet
  facet normal -0 0 1
    outer loop
      vertex 72.7396 -1.58604 3
      vertex 77.7032 -6.79815 3
      vertex 72.875 -1.51554 3
    endloop
  endfacet
  facet normal -0 0 1
    outer loop
      vertex 72.5985 -1.64446 3
      vertex 77.7032 -6.79815 3
      vertex 72.7396 -1.58604 3
    endloop
  endfacet
  facet normal -0 0 1
    outer loop
      vertex 72.4529 -1.69037 3
      vertex 77.7032 -6.79815 3
      vertex 72.5985 -1.64446 3
    endloop
  endfacet
  facet normal -0 0 1
    outer loop
      vertex 72.3039 -1.72341 3
      vertex 77.7032 -6.79815 3
      vertex 72.4529 -1.69037 3
    endloop
  endfacet
  facet normal -0 0 1
    outer loop
      vertex 72.1525 -1.74334 3
      vertex 77.7032 -6.79815 3
      vertex 72.3039 -1.72341 3
    endloop
  endfacet
  facet normal -0 0 1
    outer loop
      vertex 65.0313 -10.9356 3
      vertex 76.815 -13.5446 3
      vertex 65.0486 -10.8323 3
    endloop
  endfacet
  facet normal -0 0 1
    outer loop
      vertex 72 -1.75 3
      vertex 77.7032 -6.79815 3
      vertex 72.1525 -1.74334 3
    endloop
  endfacet
  facet normal 0 0 1
    outer loop
      vertex 65.5263 -7.41309 3
      vertex 77.7032 -6.79815 3
      vertex 72 -1.75 3
    endloop
  endfacet
  facet normal 0 0 1
    outer loop
      vertex 77.7032 -6.79815 3
      vertex 65.5145 -7.51712 3
      vertex 76.815 -13.5446 3
    endloop
  endfacet
  facet normal 0 0 1
    outer loop
      vertex 65.5263 -7.41309 3
      vertex 72 -1.75 3
      vertex 71.8475 -1.74334 3
    endloop
  endfacet
  facet normal 0 0 1
    outer loop
      vertex 65.5263 -7.41309 3
      vertex 71.8475 -1.74334 3
      vertex 71.6961 -1.72341 3
    endloop
  endfacet
  facet normal 0 0 1
    outer loop
      vertex 65.5263 -7.41309 3
      vertex 71.6961 -1.72341 3
      vertex 71.5471 -1.69037 3
    endloop
  endfacet
  facet normal 0 0 1
    outer loop
      vertex 65.5263 -7.41309 3
      vertex 71.5471 -1.69037 3
      vertex 71.4015 -1.64446 3
    endloop
  endfacet
  facet normal 0 0 1
    outer loop
      vertex 65.8181 -4.07806 3
      vertex 71.4015 -1.64446 3
      vertex 71.2604 -1.58604 3
    endloop
  endfacet
  facet normal 0 0 1
    outer loop
      vertex 65.8181 -4.07806 3
      vertex 71.2604 -1.58604 3
      vertex 71.125 -1.51554 3
    endloop
  endfacet
  facet normal 0 0 1
    outer loop
      vertex 65.8181 -4.07806 3
      vertex 71.125 -1.51554 3
      vertex 70.9962 -1.43352 3
    endloop
  endfacet
  facet normal 0 0 1
    outer loop
      vertex 65.8245 -3.97354 3
      vertex 70.9962 -1.43352 3
      vertex 70.8751 -1.34058 3
    endloop
  endfacet
  facet normal 0 0 1
    outer loop
      vertex 65.8245 -3.97354 3
      vertex 70.8751 -1.34058 3
      vertex 70.7626 -1.23744 3
    endloop
  endfacet
  facet normal 0 0 1
    outer loop
      vertex 64.3925 -14.2218 3
      vertex 76.815 -13.5446 3
      vertex 65.0313 -10.9356 3
    endloop
  endfacet
  facet normal 0 0 1
    outer loop
      vertex 65.8245 -3.97354 3
      vertex 70.7626 -1.23744 3
      vertex 70.6594 -1.12488 3
    endloop
  endfacet
  facet normal 0 0 1
    outer loop
      vertex 65.8245 -3.97354 3
      vertex 70.6594 -1.12488 3
      vertex 70.5665 -1.00376 3
    endloop
  endfacet
  facet normal 0 0 1
    outer loop
      vertex 65.8245 -3.97354 3
      vertex 70.5665 -1.00376 3
      vertex 70.4845 -0.875 3
    endloop
  endfacet
  facet normal 0 0 1
    outer loop
      vertex 65.9413 -0.627808 3
      vertex 70.4845 -0.875 3
      vertex 70.414 -0.739581 3
    endloop
  endfacet
  facet normal -0 0 1
    outer loop
      vertex 65.9413 -0.627808 3
      vertex 70.414 -0.739581 3
      vertex 70.3555 -0.598535 3
    endloop
  endfacet
  facet normal 0 0 1
    outer loop
      vertex 65.9413 -0.627808 3
      vertex 70.3555 -0.598535 3
      vertex 70.3096 -0.452933 3
    endloop
  endfacet
  facet normal 0 0 1
    outer loop
      vertex 65.9413 -0.627808 3
      vertex 70.3096 -0.452933 3
      vertex 70.2766 -0.303884 3
    endloop
  endfacet
  facet normal 0 0 1
    outer loop
      vertex 65.9422 -0.523102 3
      vertex 70.2766 -0.303884 3
      vertex 70.2567 -0.152522 3
    endloop
  endfacet
  facet normal 0 0 1
    outer loop
      vertex 65.9422 -0.523102 3
      vertex 70.2567 -0.152522 3
      vertex 70.25 0 3
    endloop
  endfacet
  facet normal 0 0 1
    outer loop
      vertex 71.5471 1.69037 3
      vertex 65.8838 2.82414 3
      vertex 71.4015 1.64446 3
    endloop
  endfacet
  facet normal 0 0 1
    outer loop
      vertex 65.8838 2.82414 3
      vertex 66.4183 15.5794 3
      vertex 66.2394 15.523 3
    endloop
  endfacet
  facet normal 0 0 1
    outer loop
      vertex 71.4015 1.64446 3
      vertex 65.8838 2.82414 3
      vertex 71.2604 1.58604 3
    endloop
  endfacet
  facet normal 0 0 1
    outer loop
      vertex 64.6309 13.0959 3
      vertex 66.2394 15.523 3
      vertex 66.0563 15.4824 3
    endloop
  endfacet
  facet normal 0 0 1
    outer loop
      vertex 71.2604 1.58604 3
      vertex 65.8838 2.82414 3
      vertex 71.125 1.51554 3
    endloop
  endfacet
  facet normal 0 0 1
    outer loop
      vertex 71.125 1.51554 3
      vertex 65.8838 2.82414 3
      vertex 70.9962 1.43352 3
    endloop
  endfacet
  facet normal 0 0 1
    outer loop
      vertex 70.4845 -0.875 3
      vertex 65.9413 -0.627808 3
      vertex 65.8245 -3.97354 3
    endloop
  endfacet
  facet normal 0 0 1
    outer loop
      vertex 70.9962 1.43352 3
      vertex 65.8838 2.82414 3
      vertex 70.8751 1.34058 3
    endloop
  endfacet
  facet normal 0 0 1
    outer loop
      vertex 65.8838 2.82414 3
      vertex 70.7626 1.23744 3
      vertex 70.8751 1.34058 3
    endloop
  endfacet
  facet normal 0 0 1
    outer loop
      vertex 65.8838 2.82414 3
      vertex 70.6594 1.12488 3
      vertex 70.7626 1.23744 3
    endloop
  endfacet
  facet normal 0 0 1
    outer loop
      vertex 65.8838 2.82414 3
      vertex 70.5665 1.00376 3
      vertex 70.6594 1.12488 3
    endloop
  endfacet
  facet normal 0 0 1
    outer loop
      vertex 65.8838 2.82414 3
      vertex 70.4845 0.875 3
      vertex 70.5665 1.00376 3
    endloop
  endfacet
  facet normal 0 0 1
    outer loop
      vertex 65.8838 2.82414 3
      vertex 70.414 0.739581 3
      vertex 70.4845 0.875 3
    endloop
  endfacet
  facet normal 0 0 1
    outer loop
      vertex 65.8838 2.82414 3
      vertex 70.3555 0.598535 3
      vertex 70.414 0.739581 3
    endloop
  endfacet
  facet normal 0 0 1
    outer loop
      vertex 65.8838 2.82414 3
      vertex 70.3096 0.452933 3
      vertex 70.3555 0.598535 3
    endloop
  endfacet
  facet normal 0 0 1
    outer loop
      vertex 70.3096 0.452933 3
      vertex 65.9422 -0.523102 3
      vertex 70.2766 0.303884 3
    endloop
  endfacet
  facet normal 0 0 1
    outer loop
      vertex 70.2766 0.303884 3
      vertex 65.9422 -0.523102 3
      vertex 70.2567 0.152522 3
    endloop
  endfacet
  facet normal 0 0 1
    outer loop
      vertex 70.2567 0.152522 3
      vertex 65.9422 -0.523102 3
      vertex 70.25 0 3
    endloop
  endfacet
  facet normal 0 0 1
    outer loop
      vertex 70.2766 -0.303884 3
      vertex 65.9422 -0.523102 3
      vertex 65.9413 -0.627808 3
    endloop
  endfacet
  facet normal 0 0 1
    outer loop
      vertex 70.9962 -1.43352 3
      vertex 65.8245 -3.97354 3
      vertex 65.8181 -4.07806 3
    endloop
  endfacet
  facet normal 0 0 1
    outer loop
      vertex 71.4015 -1.64446 3
      vertex 65.8181 -4.07806 3
      vertex 65.5263 -7.41309 3
    endloop
  endfacet
  facet normal 0 0 1
    outer loop
      vertex 77.7032 -6.79815 3
      vertex 65.5263 -7.41309 3
      vertex 65.5145 -7.51712 3
    endloop
  endfacet
  facet normal 0 0 1
    outer loop
      vertex 76.815 -13.5446 3
      vertex 65.5145 -7.51712 3
      vertex 65.0486 -10.8323 3
    endloop
  endfacet
  facet normal 0 0 1
    outer loop
      vertex 76.815 -13.5446 3
      vertex 64.3925 -14.2218 3
      vertex 75.3422 -20.1879 3
    endloop
  endfacet
  facet normal -0 0 1
    outer loop
      vertex 64.3445 -14.4164 3
      vertex 75.3422 -20.1879 3
      vertex 64.3925 -14.2218 3
    endloop
  endfacet
  facet normal -0 0 1
    outer loop
      vertex 64.2869 -14.5811 3
      vertex 75.3422 -20.1879 3
      vertex 64.3445 -14.4164 3
    endloop
  endfacet
  facet normal -0 0 1
    outer loop
      vertex 64.2153 -14.7402 3
      vertex 75.3422 -20.1879 3
      vertex 64.2869 -14.5811 3
    endloop
  endfacet
  facet normal -0 0 1
    outer loop
      vertex 63.532 -17.6733 3
      vertex 75.3422 -20.1879 3
      vertex 63.5756 -17.5044 3
    endloop
  endfacet
  facet normal -0 0 1
    outer loop
      vertex 63.5756 -17.5044 3
      vertex 75.3422 -20.1879 3
      vertex 63.6044 -17.3323 3
    endloop
  endfacet
  facet normal 0 0 1
    outer loop
      vertex 75.3422 -20.1879 3
      vertex 64.2153 -14.7402 3
      vertex 63.6181 -17.1584 3
    endloop
  endfacet
  facet normal 0 0 1
    outer loop
      vertex 63.6166 -16.9839 3
      vertex 64.2153 -14.7402 3
      vertex 64.1301 -14.8925 3
    endloop
  endfacet
  facet normal 0 0 1
    outer loop
      vertex 63.6166 -16.9839 3
      vertex 64.1301 -14.8925 3
      vertex 64.0319 -15.0367 3
    endloop
  endfacet
  facet normal 0 0 1
    outer loop
      vertex 63.6166 -16.9839 3
      vertex 64.0319 -15.0367 3
      vertex 63.9215 -15.1718 3
    endloop
  endfacet
  facet normal 0 0 1
    outer loop
      vertex 62.5532 -20.8748 3
      vertex 75.3422 -20.1879 3
      vertex 63.532 -17.6733 3
    endloop
  endfacet
  facet normal 0 0 1
    outer loop
      vertex 63.6166 -16.9839 3
      vertex 63.9215 -15.1718 3
      vertex 63.7998 -15.2968 3
    endloop
  endfacet
  facet normal 0 0 1
    outer loop
      vertex 63.4603 -16.3071 3
      vertex 63.7998 -15.2968 3
      vertex 63.6676 -15.4107 3
    endloop
  endfacet
  facet normal 0 0 1
    outer loop
      vertex 75.3422 -20.1879 3
      vertex 63.6181 -17.1584 3
      vertex 63.6044 -17.3323 3
    endloop
  endfacet
  facet normal 0 0 1
    outer loop
      vertex 75.3422 -20.1879 3
      vertex 62.5532 -20.8748 3
      vertex 73.296 -26.6776 3
    endloop
  endfacet
  facet normal -0 0 1
    outer loop
      vertex 62.5199 -20.9741 3
      vertex 73.296 -26.6776 3
      vertex 62.5532 -20.8748 3
    endloop
  endfacet
  facet normal -0 0 1
    outer loop
      vertex 61.3749 -24.12 3
      vertex 73.296 -26.6776 3
      vertex 62.5199 -20.9741 3
    endloop
  endfacet
  facet normal -0 0 1
    outer loop
      vertex 61.3366 -24.2174 3
      vertex 73.296 -26.6776 3
      vertex 61.3749 -24.12 3
    endloop
  endfacet
  facet normal 0 0 1
    outer loop
      vertex 73.296 -26.6776 3
      vertex 61.3366 -24.2174 3
      vertex 70.692 -32.9642 3
    endloop
  endfacet
  facet normal -0 0 1
    outer loop
      vertex 60.0285 -27.299 3
      vertex 70.692 -32.9642 3
      vertex 61.3366 -24.2174 3
    endloop
  endfacet
  facet normal -0 0 1
    outer loop
      vertex 59.9851 -27.3943 3
      vertex 70.692 -32.9642 3
      vertex 60.0285 -27.299 3
    endloop
  endfacet
  facet normal -0 0 1
    outer loop
      vertex 58.5175 -30.4033 3
      vertex 70.692 -32.9642 3
      vertex 59.9851 -27.3943 3
    endloop
  endfacet
  facet normal 0 0 1
    outer loop
      vertex 70.692 -32.9642 3
      vertex 58.5175 -30.4033 3
      vertex 67.55 -39 3
    endloop
  endfacet
  facet normal -0 0 1
    outer loop
      vertex 58.4691 -30.4961 3
      vertex 67.55 -39 3
      vertex 58.5175 -30.4033 3
    endloop
  endfacet
  facet normal -0 0 1
    outer loop
      vertex 56.8461 -33.4241 3
      vertex 67.55 -39 3
      vertex 58.4691 -30.4961 3
    endloop
  endfacet
  facet normal -0 0 1
    outer loop
      vertex 56.793 -33.5144 3
      vertex 67.55 -39 3
      vertex 56.8461 -33.4241 3
    endloop
  endfacet
  facet normal -0 0 1
    outer loop
      vertex 55.0189 -36.3534 3
      vertex 67.55 -39 3
      vertex 56.793 -33.5144 3
    endloop
  endfacet
  facet normal 0 0 1
    outer loop
      vertex 67.55 -39 3
      vertex 55.0189 -36.3534 3
      vertex 63.8939 -44.739 3
    endloop
  endfacet
  facet normal -0 0 1
    outer loop
      vertex 54.9611 -36.4408 3
      vertex 63.8939 -44.739 3
      vertex 55.0189 -36.3534 3
    endloop
  endfacet
  facet normal -0 0 1
    outer loop
      vertex 53.0409 -39.1831 3
      vertex 63.8939 -44.739 3
      vertex 54.9611 -36.4408 3
    endloop
  endfacet
  facet normal -0 0 1
    outer loop
      vertex 52.9786 -39.2673 3
      vertex 63.8939 -44.739 3
      vertex 53.0409 -39.1831 3
    endloop
  endfacet
  facet normal 0 0 1
    outer loop
      vertex 63.8939 -44.739 3
      vertex 52.9786 -39.2673 3
      vertex 59.7515 -50.1374 3
    endloop
  endfacet
  facet normal -0 0 1
    outer loop
      vertex 50.9175 -41.9053 3
      vertex 59.7515 -50.1374 3
      vertex 52.9786 -39.2673 3
    endloop
  endfacet
  facet normal -0 0 1
    outer loop
      vertex 50.851 -41.9861 3
      vertex 59.7515 -50.1374 3
      vertex 50.9175 -41.9053 3
    endloop
  endfacet
  facet normal -0 0 1
    outer loop
      vertex 48.6546 -44.5127 3
      vertex 59.7515 -50.1374 3
      vertex 50.851 -41.9861 3
    endloop
  endfacet
  facet normal 0 0 1
    outer loop
      vertex 59.7515 -50.1374 3
      vertex 48.6546 -44.5127 3
      vertex 55.1543 -55.1543 3
    endloop
  endfacet
  facet normal -0 0 1
    outer loop
      vertex 48.5157 -44.6572 3
      vertex 55.1543 -55.1543 3
      vertex 48.6546 -44.5127 3
    endloop
  endfacet
  facet normal -0 0 1
    outer loop
      vertex 48.3836 -44.7711 3
      vertex 55.1543 -55.1543 3
      vertex 48.5157 -44.6572 3
    endloop
  endfacet
  facet normal -0 0 1
    outer loop
      vertex 48.242 -44.8731 3
      vertex 55.1543 -55.1543 3
      vertex 48.3836 -44.7711 3
    endloop
  endfacet
  facet normal 0 0 1
    outer loop
      vertex 55.1543 -55.1543 3
      vertex 48.242 -44.8731 3
      vertex 46.5157 -46.6686 3
    endloop
  endfacet
  facet normal 0 0 1
    outer loop
      vertex 46.6016 -46.5168 3
      vertex 48.242 -44.8731 3
      vertex 48.092 -44.9623 3
    endloop
  endfacet
  facet normal 0 0 1
    outer loop
      vertex 46.674 -46.358 3
      vertex 48.092 -44.9623 3
      vertex 47.9349 -45.0381 3
    endloop
  endfacet
  facet normal 0 0 1
    outer loop
      vertex 46.7322 -46.1935 3
      vertex 47.9349 -45.0381 3
      vertex 47.7717 -45.0999 3
    endloop
  endfacet
  facet normal 0 0 1
    outer loop
      vertex 46.7759 -46.0246 3
      vertex 47.7717 -45.0999 3
      vertex 47.6038 -45.1473 3
    endloop
  endfacet
  facet normal 0 0 1
    outer loop
      vertex 46.8047 -45.8525 3
      vertex 47.6038 -45.1473 3
      vertex 47.4324 -45.1799 3
    endloop
  endfacet
  facet normal 0 0 1
    outer loop
      vertex 46.8184 -45.6786 3
      vertex 47.4324 -45.1799 3
      vertex 47.2588 -45.1974 3
    endloop
  endfacet
  facet normal 0 0 1
    outer loop
      vertex 46.8169 -45.5041 3
      vertex 47.2588 -45.1974 3
      vertex 47.0844 -45.1997 3
    endloop
  endfacet
  facet normal 0 0 1
    outer loop
      vertex 46.8002 -45.3304 3
      vertex 47.0844 -45.1997 3
      vertex 46.9103 -45.1868 3
    endloop
  endfacet
  facet normal 0 0 1
    outer loop
      vertex 47.4324 -45.1799 3
      vertex 46.8184 -45.6786 3
      vertex 46.8047 -45.8525 3
    endloop
  endfacet
  facet normal 0 0 1
    outer loop
      vertex 47.6038 -45.1473 3
      vertex 46.8047 -45.8525 3
      vertex 46.7759 -46.0246 3
    endloop
  endfacet
  facet normal 0 0 1
    outer loop
      vertex 47.7717 -45.0999 3
      vertex 46.7759 -46.0246 3
      vertex 46.7322 -46.1935 3
    endloop
  endfacet
  facet normal 0 0 1
    outer loop
      vertex 47.9349 -45.0381 3
      vertex 46.7322 -46.1935 3
      vertex 46.674 -46.358 3
    endloop
  endfacet
  facet normal 0 0 1
    outer loop
      vertex 48.092 -44.9623 3
      vertex 46.674 -46.358 3
      vertex 46.6016 -46.5168 3
    endloop
  endfacet
  facet normal 0 0 1
    outer loop
      vertex 48.242 -44.8731 3
      vertex 46.6016 -46.5168 3
      vertex 46.5157 -46.6686 3
    endloop
  endfacet
  facet normal 0 0 1
    outer loop
      vertex 55.1543 -55.1543 3
      vertex 46.5157 -46.6686 3
      vertex 46.4169 -46.8124 3
    endloop
  endfacet
  facet normal -0 0 1
    outer loop
      vertex 46.3059 -46.9471 3
      vertex 55.1543 -55.1543 3
      vertex 46.4169 -46.8124 3
    endloop
  endfacet
  facet normal -0 0 1
    outer loop
      vertex 46.1836 -47.0715 3
      vertex 55.1543 -55.1543 3
      vertex 46.3059 -46.9471 3
    endloop
  endfacet
  facet normal -0 0 1
    outer loop
      vertex 43.7352 -49.3547 3
      vertex 55.1543 -55.1543 3
      vertex 46.1836 -47.0715 3
    endloop
  endfacet
  facet normal 0 0 1
    outer loop
      vertex 55.1543 -55.1543 3
      vertex 43.7352 -49.3547 3
      vertex 50.1374 -59.7515 3
    endloop
  endfacet
  facet normal -0 0 1
    outer loop
      vertex 43.6568 -49.424 3
      vertex 50.1374 -59.7515 3
      vertex 43.7352 -49.3547 3
    endloop
  endfacet
  facet normal -0 0 1
    outer loop
      vertex 41.0923 -51.576 3
      vertex 50.1374 -59.7515 3
      vertex 43.6568 -49.424 3
    endloop
  endfacet
  facet normal -0 0 1
    outer loop
      vertex 41.0103 -51.6411 3
      vertex 50.1374 -59.7515 3
      vertex 41.0923 -51.576 3
    endloop
  endfacet
  facet normal 0 0 1
    outer loop
      vertex 50.1374 -59.7515 3
      vertex 41.0103 -51.6411 3
      vertex 44.739 -63.8939 3
    endloop
  endfacet
  facet normal -0 0 1
    outer loop
      vertex 38.3367 -53.6559 3
      vertex 44.739 -63.8939 3
      vertex 41.0103 -51.6411 3
    endloop
  endfacet
  facet normal -0 0 1
    outer loop
      vertex 37.7433 -62.2013 3
      vertex 44.739 -63.8939 3
      vertex 38.3367 -53.6559 3
    endloop
  endfacet
  facet normal 0 0 1
    outer loop
      vertex 37.3406 -61.229 3
      vertex 38.3367 -53.6559 3
      vertex 38.2514 -53.7167 3
    endloop
  endfacet
  facet normal -0 0 1
    outer loop
      vertex 37.7433 -62.5064 3
      vertex 44.739 -63.8939 3
      vertex 37.75 -62.3538 3
    endloop
  endfacet
  facet normal -0 0 1
    outer loop
      vertex 37.7234 -62.6577 3
      vertex 44.739 -63.8939 3
      vertex 37.7433 -62.5064 3
    endloop
  endfacet
  facet normal -0 0 1
    outer loop
      vertex 37.6904 -62.8068 3
      vertex 44.739 -63.8939 3
      vertex 37.7234 -62.6577 3
    endloop
  endfacet
  facet normal -0 0 1
    outer loop
      vertex 37.6445 -62.9524 3
      vertex 44.739 -63.8939 3
      vertex 37.6904 -62.8068 3
    endloop
  endfacet
  facet normal 0 0 1
    outer loop
      vertex 44.739 -63.8939 3
      vertex 37.6445 -62.9524 3
      vertex 39 -67.55 3
    endloop
  endfacet
  facet normal -0 0 1
    outer loop
      vertex 37.586 -63.0934 3
      vertex 39 -67.55 3
      vertex 37.6445 -62.9524 3
    endloop
  endfacet
  facet normal -0 0 1
    outer loop
      vertex 37.5155 -63.2288 3
      vertex 39 -67.55 3
      vertex 37.586 -63.0934 3
    endloop
  endfacet
  facet normal -0 0 1
    outer loop
      vertex 37.4335 -63.3576 3
      vertex 39 -67.55 3
      vertex 37.5155 -63.2288 3
    endloop
  endfacet
  facet normal -0 0 1
    outer loop
      vertex 37.3406 -63.4787 3
      vertex 39 -67.55 3
      vertex 37.4335 -63.3576 3
    endloop
  endfacet
  facet normal -0 0 1
    outer loop
      vertex 37.2374 -63.5913 3
      vertex 39 -67.55 3
      vertex 37.3406 -63.4787 3
    endloop
  endfacet
  facet normal -0 0 1
    outer loop
      vertex 37.1249 -63.6944 3
      vertex 39 -67.55 3
      vertex 37.2374 -63.5913 3
    endloop
  endfacet
  facet normal -0 0 1
    outer loop
      vertex 37.0038 -63.7873 3
      vertex 39 -67.55 3
      vertex 37.1249 -63.6944 3
    endloop
  endfacet
  facet normal -0 0 1
    outer loop
      vertex 36.875 -63.8694 3
      vertex 39 -67.55 3
      vertex 37.0038 -63.7873 3
    endloop
  endfacet
  facet normal -0 0 1
    outer loop
      vertex 36.7396 -63.9399 3
      vertex 39 -67.55 3
      vertex 36.875 -63.8694 3
    endloop
  endfacet
  facet normal -0 0 1
    outer loop
      vertex 36.5985 -63.9983 3
      vertex 39 -67.55 3
      vertex 36.7396 -63.9399 3
    endloop
  endfacet
  facet normal -0 0 1
    outer loop
      vertex 36.4529 -64.0442 3
      vertex 39 -67.55 3
      vertex 36.5985 -63.9983 3
    endloop
  endfacet
  facet normal -0 0 1
    outer loop
      vertex 36.3039 -64.0772 3
      vertex 39 -67.55 3
      vertex 36.4529 -64.0442 3
    endloop
  endfacet
  facet normal -0 0 1
    outer loop
      vertex 36.1525 -64.0972 3
      vertex 39 -67.55 3
      vertex 36.3039 -64.0772 3
    endloop
  endfacet
  facet normal -0 0 1
    outer loop
      vertex 36 -64.1038 3
      vertex 39 -67.55 3
      vertex 36.1525 -64.0972 3
    endloop
  endfacet
  facet normal 0 0 1
    outer loop
      vertex 35.8475 -64.0972 3
      vertex 39 -67.55 3
      vertex 36 -64.1038 3
    endloop
  endfacet
  facet normal 0 0 1
    outer loop
      vertex 35.6961 -64.0772 3
      vertex 39 -67.55 3
      vertex 35.8475 -64.0972 3
    endloop
  endfacet
  facet normal 0 0 1
    outer loop
      vertex 32.9642 -70.692 3
      vertex 35.6961 -64.0772 3
      vertex 35.5471 -64.0442 3
    endloop
  endfacet
  facet normal 0 0 1
    outer loop
      vertex 32.9642 -70.692 3
      vertex 35.5471 -64.0442 3
      vertex 35.4015 -63.9983 3
    endloop
  endfacet
  facet normal 0 0 1
    outer loop
      vertex 32.9642 -70.692 3
      vertex 35.4015 -63.9983 3
      vertex 35.2604 -63.9399 3
    endloop
  endfacet
  facet normal 0 0 1
    outer loop
      vertex 32.9642 -70.692 3
      vertex 35.2604 -63.9399 3
      vertex 35.125 -63.8694 3
    endloop
  endfacet
  facet normal 0 0 1
    outer loop
      vertex 32.9642 -70.692 3
      vertex 35.125 -63.8694 3
      vertex 34.9962 -63.7873 3
    endloop
  endfacet
  facet normal 0 0 1
    outer loop
      vertex 32.9642 -70.692 3
      vertex 34.9962 -63.7873 3
      vertex 34.8751 -63.6944 3
    endloop
  endfacet
  facet normal 0 0 1
    outer loop
      vertex 32.9642 -70.692 3
      vertex 34.8751 -63.6944 3
      vertex 34.7626 -63.5913 3
    endloop
  endfacet
  facet normal 0 0 1
    outer loop
      vertex 35.6961 -64.0772 3
      vertex 32.9642 -70.692 3
      vertex 39 -67.55 3
    endloop
  endfacet
  facet normal 0 0 1
    outer loop
      vertex 34.6594 -63.4787 3
      vertex 32.9642 -70.692 3
      vertex 34.7626 -63.5913 3
    endloop
  endfacet
  facet normal 0 0 1
    outer loop
      vertex 34.5665 -63.3576 3
      vertex 32.9642 -70.692 3
      vertex 34.6594 -63.4787 3
    endloop
  endfacet
  facet normal 0 0 1
    outer loop
      vertex 34.4845 -63.2288 3
      vertex 32.9642 -70.692 3
      vertex 34.5665 -63.3576 3
    endloop
  endfacet
  facet normal 0 0 1
    outer loop
      vertex 34.414 -63.0934 3
      vertex 32.9642 -70.692 3
      vertex 34.4845 -63.2288 3
    endloop
  endfacet
  facet normal 0 0 1
    outer loop
      vertex 34.3555 -62.9524 3
      vertex 32.9642 -70.692 3
      vertex 34.414 -63.0934 3
    endloop
  endfacet
  facet normal 0 0 1
    outer loop
      vertex 34.3096 -62.8068 3
      vertex 32.9642 -70.692 3
      vertex 34.3555 -62.9524 3
    endloop
  endfacet
  facet normal 0 0 1
    outer loop
      vertex 34.2766 -62.6577 3
      vertex 32.9642 -70.692 3
      vertex 34.3096 -62.8068 3
    endloop
  endfacet
  facet normal 0 0 1
    outer loop
      vertex 34.2567 -62.5064 3
      vertex 32.9642 -70.692 3
      vertex 34.2766 -62.6577 3
    endloop
  endfacet
  facet normal 0 0 1
    outer loop
      vertex 32.9642 -70.692 3
      vertex 34.2567 -62.5064 3
      vertex 34.25 -62.3538 3
    endloop
  endfacet
  facet normal 0 0 1
    outer loop
      vertex 63.5656 17.2264 3
      vertex 63.5855 17.0998 3
      vertex 63.5986 17.0777 3
    endloop
  endfacet
  facet normal 0 0 1
    outer loop
      vertex 63.5656 17.2264 3
      vertex 63.4842 17.2419 3
      vertex 63.5855 17.0998 3
    endloop
  endfacet
  facet normal 0 0 1
    outer loop
      vertex 63.5411 17.4123 3
      vertex 63.4842 17.2419 3
      vertex 63.5656 17.2264 3
    endloop
  endfacet
  facet normal 0 0 1
    outer loop
      vertex 63.4842 17.2419 3
      vertex 63.5411 17.4123 3
      vertex 63.533 17.5997 3
    endloop
  endfacet
  facet normal 0 0 1
    outer loop
      vertex 63.533 17.5997 3
      vertex 63.2464 17.4968 3
      vertex 63.3709 17.3745 3
    endloop
  endfacet
  facet normal 0 -0 1
    outer loop
      vertex 62.968 17.7066 3
      vertex 63.5656 17.973 3
      vertex 62.7715 18.3286 3
    endloop
  endfacet
  facet normal 0 0 1
    outer loop
      vertex 63.5411 17.7871 3
      vertex 63.2464 17.4968 3
      vertex 63.533 17.5997 3
    endloop
  endfacet
  facet normal 0 0 1
    outer loop
      vertex 63.5656 17.973 3
      vertex 63.1118 17.6078 3
      vertex 63.5411 17.7871 3
    endloop
  endfacet
  facet normal 0 -0 1
    outer loop
      vertex 63.2464 17.4968 3
      vertex 63.5411 17.7871 3
      vertex 63.1118 17.6078 3
    endloop
  endfacet
  facet normal 0 -0 1
    outer loop
      vertex 63.1118 17.6078 3
      vertex 63.5656 17.973 3
      vertex 62.968 17.7066 3
    endloop
  endfacet
  facet normal 0 0 1
    outer loop
      vertex 62.968 17.7066 3
      vertex 62.7715 18.3286 3
      vertex 62.8162 17.7926 3
    endloop
  endfacet
  facet normal -0 0 1
    outer loop
      vertex 62.6862 18.1764 3
      vertex 62.8162 17.7926 3
      vertex 62.7715 18.3286 3
    endloop
  endfacet
  facet normal 0 0 1
    outer loop
      vertex 62.6862 18.1764 3
      vertex 62.6574 17.8649 3
      vertex 62.8162 17.7926 3
    endloop
  endfacet
  facet normal -0 0 1
    outer loop
      vertex 62.5881 18.0322 3
      vertex 62.6574 17.8649 3
      vertex 62.6862 18.1764 3
    endloop
  endfacet
  facet normal 0 0 1
    outer loop
      vertex 62.6574 17.8649 3
      vertex 62.5881 18.0322 3
      vertex 62.4977 17.9215 3
    endloop
  endfacet
  facet normal -0 0 1
    outer loop
      vertex 45.1868 46.9103 3
      vertex 45.3304 46.8002 3
      vertex 45.1997 47.0844 3
    endloop
  endfacet
  facet normal 0 0 1
    outer loop
      vertex 45.3304 46.8002 3
      vertex 45.1868 46.9103 3
      vertex 45.1638 46.7693 3
    endloop
  endfacet
  facet normal 0 0 1
    outer loop
      vertex -17.2264 63.5656 3
      vertex -17.0998 63.5855 3
      vertex -17.0777 63.5986 3
    endloop
  endfacet
  facet normal -0 0 1
    outer loop
      vertex -17.2264 63.5656 3
      vertex -17.2419 63.4842 3
      vertex -17.0998 63.5855 3
    endloop
  endfacet
  facet normal -0 0 1
    outer loop
      vertex -17.4123 63.5411 3
      vertex -17.2419 63.4842 3
      vertex -17.2264 63.5656 3
    endloop
  endfacet
  facet normal 0 0 1
    outer loop
      vertex -17.2419 63.4842 3
      vertex -17.4123 63.5411 3
      vertex -17.3745 63.3709 3
    endloop
  endfacet
  facet normal -0 0 1
    outer loop
      vertex -17.5997 63.533 3
      vertex -17.3745 63.3709 3
      vertex -17.4123 63.5411 3
    endloop
  endfacet
  facet normal 0 0 1
    outer loop
      vertex -17.3745 63.3709 3
      vertex -17.5997 63.533 3
      vertex -17.4968 63.2464 3
    endloop
  endfacet
  facet normal 0 0 1
    outer loop
      vertex -17.7871 63.5411 3
      vertex -17.4968 63.2464 3
      vertex -17.5997 63.533 3
    endloop
  endfacet
  facet normal 0 0 1
    outer loop
      vertex -17.4968 63.2464 3
      vertex -17.7871 63.5411 3
      vertex -17.6078 63.1118 3
    endloop
  endfacet
  facet normal 0 0 1
    outer loop
      vertex -17.973 63.5656 3
      vertex -17.6078 63.1118 3
      vertex -17.7871 63.5411 3
    endloop
  endfacet
  facet normal 0 0 1
    outer loop
      vertex -17.6078 63.1118 3
      vertex -17.973 63.5656 3
      vertex -17.7066 62.968 3
    endloop
  endfacet
  facet normal 0 0 1
    outer loop
      vertex -18.3286 62.7715 3
      vertex -17.7066 62.968 3
      vertex -17.973 63.5656 3
    endloop
  endfacet
  facet normal 0 0 1
    outer loop
      vertex -17.7066 62.968 3
      vertex -18.3286 62.7715 3
      vertex -17.7926 62.8162 3
    endloop
  endfacet
  facet normal 0 0 1
    outer loop
      vertex -17.7926 62.8162 3
      vertex -18.1764 62.6862 3
      vertex -17.8649 62.6574 3
    endloop
  endfacet
  facet normal 0 0 1
    outer loop
      vertex -17.8649 62.6574 3
      vertex -18.0322 62.5881 3
      vertex -17.9215 62.4977 3
    endloop
  endfacet
  facet normal 0 0 1
    outer loop
      vertex -18.3286 62.7715 3
      vertex -17.973 63.5656 3
      vertex -18.1562 63.6062 3
    endloop
  endfacet
  facet normal 0 0 1
    outer loop
      vertex -17.8649 62.6574 3
      vertex -18.1764 62.6862 3
      vertex -18.0322 62.5881 3
    endloop
  endfacet
  facet normal 0 0 1
    outer loop
      vertex -17.7926 62.8162 3
      vertex -18.3286 62.7715 3
      vertex -18.1764 62.6862 3
    endloop
  endfacet
  facet normal 0 0 1
    outer loop
      vertex -18.4877 62.8431 3
      vertex -18.1562 63.6062 3
      vertex -18.335 63.6626 3
    endloop
  endfacet
  facet normal 0 0 1
    outer loop
      vertex -18.1562 63.6062 3
      vertex -18.4877 62.8431 3
      vertex -18.3286 62.7715 3
    endloop
  endfacet
  facet normal 0 0 1
    outer loop
      vertex -18.6525 62.9006 3
      vertex -18.335 63.6626 3
      vertex -18.5083 63.7344 3
    endloop
  endfacet
  facet normal 0 0 1
    outer loop
      vertex -18.335 63.6626 3
      vertex -18.6525 62.9006 3
      vertex -18.4877 62.8431 3
    endloop
  endfacet
  facet normal 0 0 1
    outer loop
      vertex -18.8216 62.9436 3
      vertex -18.5083 63.7344 3
      vertex -18.6747 63.821 3
    endloop
  endfacet
  facet normal 0 0 1
    outer loop
      vertex -18.5083 63.7344 3
      vertex -18.8216 62.9436 3
      vertex -18.6525 62.9006 3
    endloop
  endfacet
  facet normal 0 0 1
    outer loop
      vertex -18.9938 62.9716 3
      vertex -18.6747 63.821 3
      vertex -18.8329 63.9218 3
    endloop
  endfacet
  facet normal 0 0 1
    outer loop
      vertex -19.1678 62.9845 3
      vertex -18.8329 63.9218 3
      vertex -18.9817 64.036 3
    endloop
  endfacet
  facet normal 0 0 1
    outer loop
      vertex -18.6747 63.821 3
      vertex -18.9938 62.9716 3
      vertex -18.8216 62.9436 3
    endloop
  endfacet
  facet normal 0 0 1
    outer loop
      vertex -19.3422 62.9822 3
      vertex -18.9817 64.036 3
      vertex -19.12 64.1627 3
    endloop
  endfacet
  facet normal 0 0 1
    outer loop
      vertex -18.8329 63.9218 3
      vertex -19.1678 62.9845 3
      vertex -18.9938 62.9716 3
    endloop
  endfacet
  facet normal 0 0 1
    outer loop
      vertex -19.6873 62.9321 3
      vertex -19.12 64.1627 3
      vertex -19.2467 64.301 3
    endloop
  endfacet
  facet normal 0 0 1
    outer loop
      vertex -18.9817 64.036 3
      vertex -19.3422 62.9822 3
      vertex -19.1678 62.9845 3
    endloop
  endfacet
  facet normal 0 0 1
    outer loop
      vertex -19.6873 62.9321 3
      vertex -19.2467 64.301 3
      vertex -19.3609 64.4498 3
    endloop
  endfacet
  facet normal 0 0 1
    outer loop
      vertex -19.8798 62.8765 3
      vertex -19.3609 64.4498 3
      vertex -19.4616 64.608 3
    endloop
  endfacet
  facet normal 0 0 1
    outer loop
      vertex -19.12 64.1627 3
      vertex -19.5158 62.9647 3
      vertex -19.3422 62.9822 3
    endloop
  endfacet
  facet normal 0 0 1
    outer loop
      vertex -19.8798 62.8765 3
      vertex -19.4616 64.608 3
      vertex -19.5483 64.7743 3
    endloop
  endfacet
  facet normal 0 0 1
    outer loop
      vertex -19.8798 62.8765 3
      vertex -19.5483 64.7743 3
      vertex -19.62 64.9476 3
    endloop
  endfacet
  facet normal 0 0 1
    outer loop
      vertex -19.8798 62.8765 3
      vertex -19.62 64.9476 3
      vertex -19.6764 65.1265 3
    endloop
  endfacet
  facet normal 0 0 1
    outer loop
      vertex -19.12 64.1627 3
      vertex -19.6873 62.9321 3
      vertex -19.5158 62.9647 3
    endloop
  endfacet
  facet normal 0 0 1
    outer loop
      vertex -19.8798 62.8765 3
      vertex -19.6764 65.1265 3
      vertex -19.717 65.3096 3
    endloop
  endfacet
  facet normal 0 0 1
    outer loop
      vertex -19.8798 62.8765 3
      vertex -19.717 65.3096 3
      vertex -19.7415 65.4956 3
    endloop
  endfacet
  facet normal 0 0 1
    outer loop
      vertex -19.8798 62.8765 3
      vertex -19.7415 65.4956 3
      vertex -19.7497 65.683 3
    endloop
  endfacet
  facet normal 0 0 1
    outer loop
      vertex -19.3609 64.4498 3
      vertex -19.8798 62.8765 3
      vertex -19.6873 62.9321 3
    endloop
  endfacet
  facet normal 0 0 1
    outer loop
      vertex -46.8002 45.3304 3
      vertex -46.9103 45.1868 3
      vertex -46.7693 45.1638 3
    endloop
  endfacet
  facet normal 0 0 1
    outer loop
      vertex -46.8169 45.5041 3
      vertex -46.9103 45.1868 3
      vertex -46.8002 45.3304 3
    endloop
  endfacet
  facet normal 0 0 1
    outer loop
      vertex -46.9103 45.1868 3
      vertex -46.8169 45.5041 3
      vertex -46.8184 45.6786 3
    endloop
  endfacet
  facet normal -0.382684 -0.923879 0
    outer loop
      vertex -32.9642 -70.692 0
      vertex -26.6776 -73.296 3
      vertex -32.9642 -70.692 3
    endloop
  endfacet
  facet normal -0.382684 -0.923879 -0
    outer loop
      vertex -26.6776 -73.296 3
      vertex -32.9642 -70.692 0
      vertex -26.6776 -73.296 0
    endloop
  endfacet
  facet normal 0.793349 -0.608767 0
    outer loop
      vertex 59.7515 -50.1374 3
      vertex 63.8939 -44.739 0
      vertex 63.8939 -44.739 3
    endloop
  endfacet
  facet normal 0.793349 -0.608767 0
    outer loop
      vertex 63.8939 -44.739 0
      vertex 59.7515 -50.1374 3
      vertex 59.7515 -50.1374 0
    endloop
  endfacet
  facet normal 0.461744 -0.887013 0
    outer loop
      vertex 32.9642 -70.692 0
      vertex 39 -67.55 3
      vertex 32.9642 -70.692 3
    endloop
  endfacet
  facet normal 0.461744 -0.887013 0
    outer loop
      vertex 39 -67.55 3
      vertex 32.9642 -70.692 0
      vertex 39 -67.55 0
    endloop
  endfacet
  facet normal 0.0436174 0.999048 -0
    outer loop
      vertex 6.79815 77.7032 0
      vertex 0 78 3
      vertex 6.79815 77.7032 3
    endloop
  endfacet
  facet normal 0.0436174 0.999048 0
    outer loop
      vertex 0 78 3
      vertex 6.79815 77.7032 0
      vertex 0 78 0
    endloop
  endfacet
  facet normal -0.887013 -0.461744 0
    outer loop
      vertex -67.55 -39 0
      vertex -70.692 -32.9642 3
      vertex -70.692 -32.9642 0
    endloop
  endfacet
  facet normal -0.887013 -0.461744 0
    outer loop
      vertex -70.692 -32.9642 3
      vertex -67.55 -39 0
      vertex -67.55 -39 3
    endloop
  endfacet
  facet normal -0.923879 -0.382684 0
    outer loop
      vertex -70.692 -32.9642 0
      vertex -73.296 -26.6776 3
      vertex -73.296 -26.6776 0
    endloop
  endfacet
  facet normal -0.923879 -0.382684 0
    outer loop
      vertex -73.296 -26.6776 3
      vertex -70.692 -32.9642 0
      vertex -70.692 -32.9642 3
    endloop
  endfacet
  facet normal 0.382684 -0.923879 0
    outer loop
      vertex 26.6776 -73.296 0
      vertex 32.9642 -70.692 3
      vertex 26.6776 -73.296 3
    endloop
  endfacet
  facet normal 0.382684 -0.923879 0
    outer loop
      vertex 32.9642 -70.692 3
      vertex 26.6776 -73.296 0
      vertex 32.9642 -70.692 0
    endloop
  endfacet
  facet normal -0.675595 -0.737273 0
    outer loop
      vertex -55.1543 -55.1543 0
      vertex -50.1374 -59.7515 3
      vertex -55.1543 -55.1543 3
    endloop
  endfacet
  facet normal -0.675595 -0.737273 -0
    outer loop
      vertex -50.1374 -59.7515 3
      vertex -55.1543 -55.1543 0
      vertex -50.1374 -59.7515 0
    endloop
  endfacet
  facet normal 0.0436174 -0.999048 0
    outer loop
      vertex 0 -78 0
      vertex 6.79815 -77.7032 3
      vertex 0 -78 3
    endloop
  endfacet
  facet normal 0.0436174 -0.999048 0
    outer loop
      vertex 6.79815 -77.7032 3
      vertex 0 -78 0
      vertex 6.79815 -77.7032 0
    endloop
  endfacet
  facet normal 0.953717 -0.300707 0
    outer loop
      vertex 73.296 -26.6776 3
      vertex 75.3422 -20.1879 0
      vertex 75.3422 -20.1879 3
    endloop
  endfacet
  facet normal 0.953717 -0.300707 0
    outer loop
      vertex 75.3422 -20.1879 0
      vertex 73.296 -26.6776 3
      vertex 73.296 -26.6776 0
    endloop
  endfacet
  facet normal -0.608767 -0.793349 0
    outer loop
      vertex -50.1374 -59.7515 0
      vertex -44.739 -63.8939 3
      vertex -50.1374 -59.7515 3
    endloop
  endfacet
  facet normal -0.608767 -0.793349 -0
    outer loop
      vertex -44.739 -63.8939 3
      vertex -50.1374 -59.7515 0
      vertex -44.739 -63.8939 0
    endloop
  endfacet
  facet normal 0.537295 0.843395 -0
    outer loop
      vertex 44.739 63.8939 0
      vertex 39 67.55 3
      vertex 44.739 63.8939 3
    endloop
  endfacet
  facet normal 0.537295 0.843395 0
    outer loop
      vertex 39 67.55 3
      vertex 44.739 63.8939 0
      vertex 39 67.55 0
    endloop
  endfacet
  facet normal -0.130528 0.991445 0
    outer loop
      vertex -6.79815 77.7032 0
      vertex -13.5446 76.815 3
      vertex -6.79815 77.7032 3
    endloop
  endfacet
  facet normal -0.130528 0.991445 0
    outer loop
      vertex -13.5446 76.815 3
      vertex -6.79815 77.7032 0
      vertex -13.5446 76.815 0
    endloop
  endfacet
  facet normal 0.991445 -0.130528 0
    outer loop
      vertex 76.815 -13.5446 3
      vertex 77.7032 -6.79815 0
      vertex 77.7032 -6.79815 3
    endloop
  endfacet
  facet normal 0.991445 -0.130528 0
    outer loop
      vertex 77.7032 -6.79815 0
      vertex 76.815 -13.5446 3
      vertex 76.815 -13.5446 0
    endloop
  endfacet
  facet normal -0.976296 -0.216442 0
    outer loop
      vertex -75.3422 -20.1879 0
      vertex -76.815 -13.5446 3
      vertex -76.815 -13.5446 0
    endloop
  endfacet
  facet normal -0.976296 -0.216442 0
    outer loop
      vertex -76.815 -13.5446 3
      vertex -75.3422 -20.1879 0
      vertex -75.3422 -20.1879 3
    endloop
  endfacet
  facet normal 0.923879 0.382684 0
    outer loop
      vertex 73.296 26.6776 3
      vertex 70.692 32.9642 0
      vertex 70.692 32.9642 3
    endloop
  endfacet
  facet normal 0.923879 0.382684 0
    outer loop
      vertex 70.692 32.9642 0
      vertex 73.296 26.6776 3
      vertex 73.296 26.6776 0
    endloop
  endfacet
  facet normal 0.130528 0.991445 -0
    outer loop
      vertex 13.5446 76.815 0
      vertex 6.79815 77.7032 3
      vertex 13.5446 76.815 3
    endloop
  endfacet
  facet normal 0.130528 0.991445 0
    outer loop
      vertex 6.79815 77.7032 3
      vertex 13.5446 76.815 0
      vertex 6.79815 77.7032 0
    endloop
  endfacet
  facet normal 0.887013 0.461744 0
    outer loop
      vertex 70.692 32.9642 3
      vertex 67.55 39 0
      vertex 67.55 39 3
    endloop
  endfacet
  facet normal 0.887013 0.461744 0
    outer loop
      vertex 67.55 39 0
      vertex 70.692 32.9642 3
      vertex 70.692 32.9642 0
    endloop
  endfacet
  facet normal -0.461744 -0.887013 0
    outer loop
      vertex -39 -67.55 0
      vertex -32.9642 -70.692 3
      vertex -39 -67.55 3
    endloop
  endfacet
  facet normal -0.461744 -0.887013 -0
    outer loop
      vertex -32.9642 -70.692 3
      vertex -39 -67.55 0
      vertex -32.9642 -70.692 0
    endloop
  endfacet
  facet normal -0.675595 0.737273 0
    outer loop
      vertex -50.1374 59.7515 0
      vertex -55.1543 55.1543 3
      vertex -50.1374 59.7515 3
    endloop
  endfacet
  facet normal -0.675595 0.737273 0
    outer loop
      vertex -55.1543 55.1543 3
      vertex -50.1374 59.7515 0
      vertex -55.1543 55.1543 0
    endloop
  endfacet
  facet normal -0.300707 0.953717 0
    outer loop
      vertex -20.1879 75.3422 0
      vertex -26.6776 73.296 3
      vertex -20.1879 75.3422 3
    endloop
  endfacet
  facet normal -0.300707 0.953717 0
    outer loop
      vertex -26.6776 73.296 3
      vertex -20.1879 75.3422 0
      vertex -26.6776 73.296 0
    endloop
  endfacet
  facet normal -0.843395 0.537295 0
    outer loop
      vertex -67.55 39 0
      vertex -63.8939 44.739 3
      vertex -63.8939 44.739 0
    endloop
  endfacet
  facet normal -0.843395 0.537295 0
    outer loop
      vertex -63.8939 44.739 3
      vertex -67.55 39 0
      vertex -67.55 39 3
    endloop
  endfacet
  facet normal -0.999048 -0.0436174 0
    outer loop
      vertex -77.7032 -6.79815 0
      vertex -78 0 3
      vertex -78 0 0
    endloop
  endfacet
  facet normal -0.999048 -0.0436174 0
    outer loop
      vertex -78 0 3
      vertex -77.7032 -6.79815 0
      vertex -77.7032 -6.79815 3
    endloop
  endfacet
  facet normal -0.216442 -0.976296 0
    outer loop
      vertex -20.1879 -75.3422 0
      vertex -13.5446 -76.815 3
      vertex -20.1879 -75.3422 3
    endloop
  endfacet
  facet normal -0.216442 -0.976296 -0
    outer loop
      vertex -13.5446 -76.815 3
      vertex -20.1879 -75.3422 0
      vertex -13.5446 -76.815 0
    endloop
  endfacet
  facet normal -0.0436174 0.999048 0
    outer loop
      vertex 0 78 0
      vertex -6.79815 77.7032 3
      vertex 0 78 3
    endloop
  endfacet
  facet normal -0.0436174 0.999048 0
    outer loop
      vertex -6.79815 77.7032 3
      vertex 0 78 0
      vertex -6.79815 77.7032 0
    endloop
  endfacet
  facet normal 0.300707 -0.953717 0
    outer loop
      vertex 20.1879 -75.3422 0
      vertex 26.6776 -73.296 3
      vertex 20.1879 -75.3422 3
    endloop
  endfacet
  facet normal 0.300707 -0.953717 0
    outer loop
      vertex 26.6776 -73.296 3
      vertex 20.1879 -75.3422 0
      vertex 26.6776 -73.296 0
    endloop
  endfacet
  facet normal 0.216442 -0.976296 0
    outer loop
      vertex 13.5446 -76.815 0
      vertex 20.1879 -75.3422 3
      vertex 13.5446 -76.815 3
    endloop
  endfacet
  facet normal 0.216442 -0.976296 0
    outer loop
      vertex 20.1879 -75.3422 3
      vertex 13.5446 -76.815 0
      vertex 20.1879 -75.3422 0
    endloop
  endfacet
  facet normal -0.953717 0.300707 0
    outer loop
      vertex -75.3422 20.1879 0
      vertex -73.296 26.6776 3
      vertex -73.296 26.6776 0
    endloop
  endfacet
  facet normal -0.953717 0.300707 0
    outer loop
      vertex -73.296 26.6776 3
      vertex -75.3422 20.1879 0
      vertex -75.3422 20.1879 3
    endloop
  endfacet
  facet normal -0.737273 -0.675595 0
    outer loop
      vertex -55.1543 -55.1543 0
      vertex -59.7515 -50.1374 3
      vertex -59.7515 -50.1374 0
    endloop
  endfacet
  facet normal -0.737273 -0.675595 0
    outer loop
      vertex -59.7515 -50.1374 3
      vertex -55.1543 -55.1543 0
      vertex -55.1543 -55.1543 3
    endloop
  endfacet
  facet normal -0.461744 0.887013 0
    outer loop
      vertex -32.9642 70.692 0
      vertex -39 67.55 3
      vertex -32.9642 70.692 3
    endloop
  endfacet
  facet normal -0.461744 0.887013 0
    outer loop
      vertex -39 67.55 3
      vertex -32.9642 70.692 0
      vertex -39 67.55 0
    endloop
  endfacet
  facet normal -0.991445 -0.130528 0
    outer loop
      vertex -76.815 -13.5446 0
      vertex -77.7032 -6.79815 3
      vertex -77.7032 -6.79815 0
    endloop
  endfacet
  facet normal -0.991445 -0.130528 0
    outer loop
      vertex -77.7032 -6.79815 3
      vertex -76.815 -13.5446 0
      vertex -76.815 -13.5446 3
    endloop
  endfacet
  facet normal -0.0436174 -0.999048 0
    outer loop
      vertex -6.79815 -77.7032 0
      vertex 0 -78 3
      vertex -6.79815 -77.7032 3
    endloop
  endfacet
  facet normal -0.0436174 -0.999048 -0
    outer loop
      vertex 0 -78 3
      vertex -6.79815 -77.7032 0
      vertex 0 -78 0
    endloop
  endfacet
  facet normal 0.887013 -0.461744 0
    outer loop
      vertex 67.55 -39 3
      vertex 70.692 -32.9642 0
      vertex 70.692 -32.9642 3
    endloop
  endfacet
  facet normal 0.887013 -0.461744 0
    outer loop
      vertex 70.692 -32.9642 0
      vertex 67.55 -39 3
      vertex 67.55 -39 0
    endloop
  endfacet
  facet normal 0.923879 -0.382684 0
    outer loop
      vertex 70.692 -32.9642 3
      vertex 73.296 -26.6776 0
      vertex 73.296 -26.6776 3
    endloop
  endfacet
  facet normal 0.923879 -0.382684 0
    outer loop
      vertex 73.296 -26.6776 0
      vertex 70.692 -32.9642 3
      vertex 70.692 -32.9642 0
    endloop
  endfacet
  facet normal 0.793349 0.608767 0
    outer loop
      vertex 63.8939 44.739 3
      vertex 59.7515 50.1374 0
      vertex 59.7515 50.1374 3
    endloop
  endfacet
  facet normal 0.793349 0.608767 0
    outer loop
      vertex 59.7515 50.1374 0
      vertex 63.8939 44.739 3
      vertex 63.8939 44.739 0
    endloop
  endfacet
  facet normal 0.537295 -0.843395 0
    outer loop
      vertex 39 -67.55 0
      vertex 44.739 -63.8939 3
      vertex 39 -67.55 3
    endloop
  endfacet
  facet normal 0.537295 -0.843395 0
    outer loop
      vertex 44.739 -63.8939 3
      vertex 39 -67.55 0
      vertex 44.739 -63.8939 0
    endloop
  endfacet
  facet normal -0.991445 0.130528 0
    outer loop
      vertex -77.7032 6.79815 0
      vertex -76.815 13.5446 3
      vertex -76.815 13.5446 0
    endloop
  endfacet
  facet normal -0.991445 0.130528 0
    outer loop
      vertex -76.815 13.5446 3
      vertex -77.7032 6.79815 0
      vertex -77.7032 6.79815 3
    endloop
  endfacet
  facet normal -0.999048 0.0436174 0
    outer loop
      vertex -78 0 0
      vertex -77.7032 6.79815 3
      vertex -77.7032 6.79815 0
    endloop
  endfacet
  facet normal -0.999048 0.0436174 0
    outer loop
      vertex -77.7032 6.79815 3
      vertex -78 0 0
      vertex -78 0 3
    endloop
  endfacet
  facet normal -0.300707 -0.953717 0
    outer loop
      vertex -26.6776 -73.296 0
      vertex -20.1879 -75.3422 3
      vertex -26.6776 -73.296 3
    endloop
  endfacet
  facet normal -0.300707 -0.953717 -0
    outer loop
      vertex -20.1879 -75.3422 3
      vertex -26.6776 -73.296 0
      vertex -20.1879 -75.3422 0
    endloop
  endfacet
  facet normal -0.923879 0.382684 0
    outer loop
      vertex -73.296 26.6776 0
      vertex -70.692 32.9642 3
      vertex -70.692 32.9642 0
    endloop
  endfacet
  facet normal -0.923879 0.382684 0
    outer loop
      vertex -70.692 32.9642 3
      vertex -73.296 26.6776 0
      vertex -73.296 26.6776 3
    endloop
  endfacet
  facet normal 0.675595 -0.737273 0
    outer loop
      vertex 50.1374 -59.7515 0
      vertex 55.1543 -55.1543 3
      vertex 50.1374 -59.7515 3
    endloop
  endfacet
  facet normal 0.675595 -0.737273 0
    outer loop
      vertex 55.1543 -55.1543 3
      vertex 50.1374 -59.7515 0
      vertex 55.1543 -55.1543 0
    endloop
  endfacet
  facet normal -0.887013 0.461744 0
    outer loop
      vertex -70.692 32.9642 0
      vertex -67.55 39 3
      vertex -67.55 39 0
    endloop
  endfacet
  facet normal -0.887013 0.461744 0
    outer loop
      vertex -67.55 39 3
      vertex -70.692 32.9642 0
      vertex -70.692 32.9642 3
    endloop
  endfacet
  facet normal -0.793349 0.608767 0
    outer loop
      vertex -63.8939 44.739 0
      vertex -59.7515 50.1374 3
      vertex -59.7515 50.1374 0
    endloop
  endfacet
  facet normal -0.793349 0.608767 0
    outer loop
      vertex -59.7515 50.1374 3
      vertex -63.8939 44.739 0
      vertex -63.8939 44.739 3
    endloop
  endfacet
endsolid OpenSCAD_Model
