solid OpenSCAD_Model
  facet normal 0 0 -1
    outer loop
      vertex 18.6728 -3.5 0
      vertex 17.25 0 0
      vertex 18.6728 3.5 0
    endloop
  endfacet
  facet normal 0 0 -1
    outer loop
      vertex 18.6728 -3.5 0
      vertex 17.2416 -0.17153 0
      vertex 17.25 0 0
    endloop
  endfacet
  facet normal 0 0 -1
    outer loop
      vertex 18.6728 -3.5 0
      vertex 17.2164 -0.341408 0
      vertex 17.2416 -0.17153 0
    endloop
  endfacet
  facet normal 0 0 -1
    outer loop
      vertex 18.6728 -3.5 0
      vertex 17.1746 -0.507998 0
      vertex 17.2164 -0.341408 0
    endloop
  endfacet
  facet normal 0 0 -1
    outer loop
      vertex 18.6728 -3.5 0
      vertex 17.1168 -0.669696 0
      vertex 17.1746 -0.507998 0
    endloop
  endfacet
  facet normal 0 0 -1
    outer loop
      vertex 18.6728 -3.5 0
      vertex 17.0434 -0.824944 0
      vertex 17.1168 -0.669696 0
    endloop
  endfacet
  facet normal 0 0 -1
    outer loop
      vertex 18.6728 -3.5 0
      vertex 16.9551 -0.972247 0
      vertex 17.0434 -0.824944 0
    endloop
  endfacet
  facet normal 0 0 -1
    outer loop
      vertex 18.6728 -3.5 0
      vertex 16.8528 -1.11019 0
      vertex 16.9551 -0.972247 0
    endloop
  endfacet
  facet normal 0 0 -1
    outer loop
      vertex 18.6728 -3.5 0
      vertex 16.7374 -1.23744 0
      vertex 16.8528 -1.11019 0
    endloop
  endfacet
  facet normal 0 0 -1
    outer loop
      vertex 18.6728 -3.5 0
      vertex 16.6102 -1.35277 0
      vertex 16.7374 -1.23744 0
    endloop
  endfacet
  facet normal 0 0 -1
    outer loop
      vertex 18.6728 -3.5 0
      vertex 16.4722 -1.45507 0
      vertex 16.6102 -1.35277 0
    endloop
  endfacet
  facet normal 0 0 -1
    outer loop
      vertex 18.6728 -3.5 0
      vertex 16.3249 -1.54336 0
      vertex 16.4722 -1.45507 0
    endloop
  endfacet
  facet normal 0 0 -1
    outer loop
      vertex 18.6728 -3.5 0
      vertex 16.1697 -1.61679 0
      vertex 16.3249 -1.54336 0
    endloop
  endfacet
  facet normal 0 0 -1
    outer loop
      vertex 18.6728 -3.5 0
      vertex 16.008 -1.67465 0
      vertex 16.1697 -1.61679 0
    endloop
  endfacet
  facet normal 0 0 -1
    outer loop
      vertex 18.6728 -3.5 0
      vertex 15.8414 -1.71637 0
      vertex 16.008 -1.67465 0
    endloop
  endfacet
  facet normal 0 0 -1
    outer loop
      vertex 18.6728 -3.5 0
      vertex 15.6715 -1.74157 0
      vertex 15.8414 -1.71637 0
    endloop
  endfacet
  facet normal 0 0 -1
    outer loop
      vertex 18.6728 -3.5 0
      vertex 15.5 -1.75 0
      vertex 15.6715 -1.74157 0
    endloop
  endfacet
  facet normal 0 0 -1
    outer loop
      vertex 18.6728 -3.5 0
      vertex 15.3285 -1.74157 0
      vertex 15.5 -1.75 0
    endloop
  endfacet
  facet normal 0 0 -1
    outer loop
      vertex 11 -3.5 0
      vertex 15.3285 -1.74157 0
      vertex 18.6728 -3.5 0
    endloop
  endfacet
  facet normal -0 0 -1
    outer loop
      vertex 15.3285 -1.74157 0
      vertex 11 -3.5 0
      vertex 15.1586 -1.71637 0
    endloop
  endfacet
  facet normal -0 0 -1
    outer loop
      vertex 15.1586 -1.71637 0
      vertex 11 -3.5 0
      vertex 14.992 -1.67465 0
    endloop
  endfacet
  facet normal -0 0 -1
    outer loop
      vertex 14.992 -1.67465 0
      vertex 11 -3.5 0
      vertex 14.8303 -1.61679 0
    endloop
  endfacet
  facet normal -0 0 -1
    outer loop
      vertex 13.7584 -0.17153 0
      vertex 11 -3.5 0
      vertex 13.75 0 0
    endloop
  endfacet
  facet normal -0 0 -1
    outer loop
      vertex 13.7836 -0.341408 0
      vertex 11 -3.5 0
      vertex 13.7584 -0.17153 0
    endloop
  endfacet
  facet normal -0 0 -1
    outer loop
      vertex 13.8254 -0.507998 0
      vertex 11 -3.5 0
      vertex 13.7836 -0.341408 0
    endloop
  endfacet
  facet normal -0 0 -1
    outer loop
      vertex 13.8832 -0.669696 0
      vertex 11 -3.5 0
      vertex 13.8254 -0.507998 0
    endloop
  endfacet
  facet normal -0 0 -1
    outer loop
      vertex 13.9566 -0.824944 0
      vertex 11 -3.5 0
      vertex 13.8832 -0.669696 0
    endloop
  endfacet
  facet normal -0 0 -1
    outer loop
      vertex 14.0449 -0.972247 0
      vertex 11 -3.5 0
      vertex 13.9566 -0.824944 0
    endloop
  endfacet
  facet normal -0 0 -1
    outer loop
      vertex 14.1472 -1.11019 0
      vertex 11 -3.5 0
      vertex 14.0449 -0.972247 0
    endloop
  endfacet
  facet normal -0 0 -1
    outer loop
      vertex 14.2626 -1.23744 0
      vertex 11 -3.5 0
      vertex 14.1472 -1.11019 0
    endloop
  endfacet
  facet normal -0 0 -1
    outer loop
      vertex 14.3898 -1.35277 0
      vertex 11 -3.5 0
      vertex 14.2626 -1.23744 0
    endloop
  endfacet
  facet normal -0 0 -1
    outer loop
      vertex 14.5278 -1.45507 0
      vertex 11 -3.5 0
      vertex 14.3898 -1.35277 0
    endloop
  endfacet
  facet normal -0 0 -1
    outer loop
      vertex 14.6751 -1.54336 0
      vertex 11 -3.5 0
      vertex 14.5278 -1.45507 0
    endloop
  endfacet
  facet normal -0 0 -1
    outer loop
      vertex 14.8303 -1.61679 0
      vertex 11 -3.5 0
      vertex 14.6751 -1.54336 0
    endloop
  endfacet
  facet normal 0 0 -1
    outer loop
      vertex 18.6728 -3.5 0
      vertex 44.9999 -0.0141907 0
      vertex 44.9822 -1.26193 0
    endloop
  endfacet
  facet normal -0 0 -1
    outer loop
      vertex 44.9999 -0.0141907 0
      vertex 18.6728 -3.5 0
      vertex 44.9999 0.0141907 0
    endloop
  endfacet
  facet normal 0 0 -1
    outer loop
      vertex 19.2625 -5.47337 0
      vertex 44.9822 -1.26193 0
      vertex 44.9814 -1.29027 0
    endloop
  endfacet
  facet normal 0 0 -1
    outer loop
      vertex 18.6728 3.5 0
      vertex 44.9999 0.0141907 0
      vertex 18.6728 -3.5 0
    endloop
  endfacet
  facet normal 0 0 -1
    outer loop
      vertex 19.2625 -5.47337 0
      vertex 44.9814 -1.29027 0
      vertex 44.9283 -2.537 0
    endloop
  endfacet
  facet normal 0 0 -1
    outer loop
      vertex 44.9999 0.0141907 0
      vertex 18.6728 3.5 0
      vertex 44.9822 1.26193 0
    endloop
  endfacet
  facet normal 0 0 -1
    outer loop
      vertex 19.2625 -5.47337 0
      vertex 44.9283 -2.537 0
      vertex 44.9267 -2.56532 0
    endloop
  endfacet
  facet normal 0 -0 -1
    outer loop
      vertex 19.2625 5.47337 0
      vertex 44.9822 1.26193 0
      vertex 18.6728 3.5 0
    endloop
  endfacet
  facet normal 0 0 -1
    outer loop
      vertex 19.2625 -5.47337 0
      vertex 44.9267 -2.56532 0
      vertex 44.8383 -3.81006 0
    endloop
  endfacet
  facet normal 0 0 -1
    outer loop
      vertex 44.9822 1.26193 0
      vertex 19.2625 5.47337 0
      vertex 44.9814 1.29027 0
    endloop
  endfacet
  facet normal 0 0 -1
    outer loop
      vertex 19.2625 -5.47337 0
      vertex 44.8383 -3.81006 0
      vertex 44.8359 -3.83832 0
    endloop
  endfacet
  facet normal 0 0 -1
    outer loop
      vertex 44.9814 1.29027 0
      vertex 19.2625 5.47337 0
      vertex 44.9283 2.537 0
    endloop
  endfacet
  facet normal 0 0 -1
    outer loop
      vertex 19.2625 -5.47337 0
      vertex 44.8359 -3.83832 0
      vertex 44.7122 -5.08003 0
    endloop
  endfacet
  facet normal 0 0 -1
    outer loop
      vertex 44.9283 2.537 0
      vertex 19.2625 5.47337 0
      vertex 44.9267 2.56532 0
    endloop
  endfacet
  facet normal 0 0 -1
    outer loop
      vertex 19.2625 -5.47337 0
      vertex 44.7122 -5.08003 0
      vertex 44.709 -5.1082 0
    endloop
  endfacet
  facet normal 0 0 -1
    outer loop
      vertex 44.9267 2.56532 0
      vertex 19.2625 5.47337 0
      vertex 44.8383 3.81006 0
    endloop
  endfacet
  facet normal 0 0 -1
    outer loop
      vertex 42.6473 -10.8722 0
      vertex 44.709 -5.1082 0
      vertex 44.5502 -6.34593 0
    endloop
  endfacet
  facet normal 0 0 -1
    outer loop
      vertex 44.8383 3.81006 0
      vertex 19.2625 5.47337 0
      vertex 44.8359 3.83832 0
    endloop
  endfacet
  facet normal 0 0 -1
    outer loop
      vertex 42.6473 -10.8722 0
      vertex 44.5502 -6.34593 0
      vertex 44.5462 -6.37401 0
    endloop
  endfacet
  facet normal 0 0 -1
    outer loop
      vertex 44.8359 3.83832 0
      vertex 19.2625 5.47337 0
      vertex 44.7122 5.08003 0
    endloop
  endfacet
  facet normal 0 0 -1
    outer loop
      vertex 42.6473 -10.8722 0
      vertex 44.5462 -6.37401 0
      vertex 44.3523 -7.60672 0
    endloop
  endfacet
  facet normal 0 0 -1
    outer loop
      vertex 44.7122 5.08003 0
      vertex 19.2625 5.47337 0
      vertex 44.709 5.1082 0
    endloop
  endfacet
  facet normal 0 0 -1
    outer loop
      vertex 42.6473 -10.8722 0
      vertex 44.3523 -7.60672 0
      vertex 44.3475 -7.63467 0
    endloop
  endfacet
  facet normal 0 -0 -1
    outer loop
      vertex 42.6473 10.8722 0
      vertex 44.709 5.1082 0
      vertex 19.2625 5.47337 0
    endloop
  endfacet
  facet normal 0 0 -1
    outer loop
      vertex 42.6473 -10.8722 0
      vertex 44.3475 -7.63467 0
      vertex 44.1188 -8.8614 0
    endloop
  endfacet
  facet normal 0 0 -1
    outer loop
      vertex 44.709 5.1082 0
      vertex 42.6473 10.8722 0
      vertex 44.5502 6.34593 0
    endloop
  endfacet
  facet normal 0 0 -1
    outer loop
      vertex 42.6473 -10.8722 0
      vertex 44.1188 -8.8614 0
      vertex 44.1132 -8.88922 0
    endloop
  endfacet
  facet normal 0 0 -1
    outer loop
      vertex 44.5502 6.34593 0
      vertex 42.6473 10.8722 0
      vertex 44.5462 6.37401 0
    endloop
  endfacet
  facet normal 0 0 -1
    outer loop
      vertex 42.6473 -10.8722 0
      vertex 44.1132 -8.88922 0
      vertex 43.8497 -10.109 0
    endloop
  endfacet
  facet normal 0 0 -1
    outer loop
      vertex 44.709 -5.1082 0
      vertex 42.6473 -10.8722 0
      vertex 19.2625 -5.47337 0
    endloop
  endfacet
  facet normal 0 0 -1
    outer loop
      vertex 44.1132 8.88922 0
      vertex 42.6473 10.8722 0
      vertex 43.8497 10.109 0
    endloop
  endfacet
  facet normal 0 0 -1
    outer loop
      vertex 42.6473 -10.8722 0
      vertex 43.8497 -10.109 0
      vertex 43.8199 -10.2172 0
    endloop
  endfacet
  facet normal 0 0 -1
    outer loop
      vertex 43.8497 10.109 0
      vertex 42.6473 10.8722 0
      vertex 43.8243 10.2038 0
    endloop
  endfacet
  facet normal 0 0 -1
    outer loop
      vertex 42.6473 -10.8722 0
      vertex 43.8199 -10.2172 0
      vertex 43.784 -10.3086 0
    endloop
  endfacet
  facet normal 0 0 -1
    outer loop
      vertex 43.8243 10.2038 0
      vertex 42.6473 10.8722 0
      vertex 43.7898 10.2956 0
    endloop
  endfacet
  facet normal 0 0 -1
    outer loop
      vertex 42.6473 -10.8722 0
      vertex 43.784 -10.3086 0
      vertex 43.7394 -10.396 0
    endloop
  endfacet
  facet normal 0 0 -1
    outer loop
      vertex 43.7898 10.2956 0
      vertex 42.6473 10.8722 0
      vertex 43.7464 10.3836 0
    endloop
  endfacet
  facet normal 0 0 -1
    outer loop
      vertex 42.6473 -10.8722 0
      vertex 43.7394 -10.396 0
      vertex 43.6864 -10.4785 0
    endloop
  endfacet
  facet normal 0 0 -1
    outer loop
      vertex 43.7464 10.3836 0
      vertex 42.6473 10.8722 0
      vertex 43.6945 10.4669 0
    endloop
  endfacet
  facet normal 0 0 -1
    outer loop
      vertex 42.6473 -10.8722 0
      vertex 43.6864 -10.4785 0
      vertex 43.6255 -10.5555 0
    endloop
  endfacet
  facet normal 0 0 -1
    outer loop
      vertex 43.6945 10.4669 0
      vertex 42.6473 10.8722 0
      vertex 43.6348 10.5448 0
    endloop
  endfacet
  facet normal 0 0 -1
    outer loop
      vertex 42.6473 -10.8722 0
      vertex 43.6255 -10.5555 0
      vertex 43.5574 -10.6262 0
    endloop
  endfacet
  facet normal 0 0 -1
    outer loop
      vertex 43.6348 10.5448 0
      vertex 42.6473 10.8722 0
      vertex 43.5677 10.6164 0
    endloop
  endfacet
  facet normal 0 0 -1
    outer loop
      vertex 42.6473 -10.8722 0
      vertex 43.5574 -10.6262 0
      vertex 43.4828 -10.6899 0
    endloop
  endfacet
  facet normal 0 0 -1
    outer loop
      vertex 43.5677 10.6164 0
      vertex 42.6473 10.8722 0
      vertex 43.4939 10.6811 0
    endloop
  endfacet
  facet normal 0 0 -1
    outer loop
      vertex 42.6473 -10.8722 0
      vertex 43.4828 -10.6899 0
      vertex 43.4022 -10.7459 0
    endloop
  endfacet
  facet normal 0 0 -1
    outer loop
      vertex 43.4939 10.6811 0
      vertex 42.6473 10.8722 0
      vertex 43.4142 10.7383 0
    endloop
  endfacet
  facet normal 0 0 -1
    outer loop
      vertex 42.6473 -10.8722 0
      vertex 43.4022 -10.7459 0
      vertex 43.3165 -10.7937 0
    endloop
  endfacet
  facet normal 0 0 -1
    outer loop
      vertex 43.4142 10.7383 0
      vertex 42.6473 10.8722 0
      vertex 43.3292 10.7874 0
    endloop
  endfacet
  facet normal 0 0 -1
    outer loop
      vertex 42.6473 -10.8722 0
      vertex 43.3165 -10.7937 0
      vertex 43.2266 -10.833 0
    endloop
  endfacet
  facet normal 0 0 -1
    outer loop
      vertex 43.3292 10.7874 0
      vertex 42.6473 10.8722 0
      vertex 43.2398 10.8279 0
    endloop
  endfacet
  facet normal 0 0 -1
    outer loop
      vertex 42.6473 -10.8722 0
      vertex 43.2266 -10.833 0
      vertex 43.1332 -10.8632 0
    endloop
  endfacet
  facet normal 0 0 -1
    outer loop
      vertex 43.2398 10.8279 0
      vertex 42.6473 10.8722 0
      vertex 43.1469 10.8594 0
    endloop
  endfacet
  facet normal 0 0 -1
    outer loop
      vertex 42.6473 -10.8722 0
      vertex 43.1332 -10.8632 0
      vertex 43.0373 -10.8841 0
    endloop
  endfacet
  facet normal 0 0 -1
    outer loop
      vertex 43.1469 10.8594 0
      vertex 42.6473 10.8722 0
      vertex 43.0513 10.8817 0
    endloop
  endfacet
  facet normal 0 0 -1
    outer loop
      vertex 42.6473 -10.8722 0
      vertex 43.0373 -10.8841 0
      vertex 42.9398 -10.8956 0
    endloop
  endfacet
  facet normal -0 0 -1
    outer loop
      vertex 43.0513 10.8817 0
      vertex 42.6473 10.8722 0
      vertex 42.954 10.8945 0
    endloop
  endfacet
  facet normal 0 0 -1
    outer loop
      vertex 42.6473 -10.8722 0
      vertex 42.9398 -10.8956 0
      vertex 42.8417 -10.8974 0
    endloop
  endfacet
  facet normal -0 0 -1
    outer loop
      vertex 42.954 10.8945 0
      vertex 42.6473 10.8722 0
      vertex 42.8559 10.8977 0
    endloop
  endfacet
  facet normal 0 0 -1
    outer loop
      vertex 42.6473 -10.8722 0
      vertex 42.8417 -10.8974 0
      vertex 42.7439 -10.8896 0
    endloop
  endfacet
  facet normal 0 0 -1
    outer loop
      vertex 44.5462 6.37401 0
      vertex 42.6473 10.8722 0
      vertex 44.3523 7.60672 0
    endloop
  endfacet
  facet normal 0 0 -1
    outer loop
      vertex 42.8559 10.8977 0
      vertex 42.6473 10.8722 0
      vertex 42.758 10.8913 0
    endloop
  endfacet
  facet normal 0 0 -1
    outer loop
      vertex 44.9822 -1.26193 0
      vertex 19.2625 -5.47337 0
      vertex 18.6728 -3.5 0
    endloop
  endfacet
  facet normal 0 0 -1
    outer loop
      vertex 44.3523 7.60672 0
      vertex 42.6473 10.8722 0
      vertex 44.3475 7.63467 0
    endloop
  endfacet
  facet normal 0 0 -1
    outer loop
      vertex 18.5099 -4.28792 0
      vertex 19.2625 -5.47337 0
      vertex 19.1815 -5.45108 0
    endloop
  endfacet
  facet normal 0 0 -1
    outer loop
      vertex 44.3475 7.63467 0
      vertex 42.6473 10.8722 0
      vertex 44.1188 8.8614 0
    endloop
  endfacet
  facet normal 0 0 -1
    outer loop
      vertex 18.5099 -4.28792 0
      vertex 19.1815 -5.45108 0
      vertex 19.0897 -5.4165 0
    endloop
  endfacet
  facet normal 0 0 -1
    outer loop
      vertex 44.1188 8.8614 0
      vertex 42.6473 10.8722 0
      vertex 44.1132 8.88922 0
    endloop
  endfacet
  facet normal 0 0 -1
    outer loop
      vertex 18.5099 -4.28792 0
      vertex 19.0897 -5.4165 0
      vertex 19.0016 -5.37311 0
    endloop
  endfacet
  facet normal 0 0 -1
    outer loop
      vertex 18.6267 3.74734 0
      vertex 19.2625 5.47337 0
      vertex 18.6728 3.5 0
    endloop
  endfacet
  facet normal 0 0 -1
    outer loop
      vertex 18.5099 -4.28792 0
      vertex 19.0016 -5.37311 0
      vertex 18.9183 -5.32129 0
    endloop
  endfacet
  facet normal 0 0 -1
    outer loop
      vertex 18.5099 4.28792 0
      vertex 19.2625 5.47337 0
      vertex 18.6267 3.74734 0
    endloop
  endfacet
  facet normal 0 0 -1
    outer loop
      vertex 18.5099 -4.28792 0
      vertex 18.9183 -5.32129 0
      vertex 18.8405 -5.26155 0
    endloop
  endfacet
  facet normal 0 0 -1
    outer loop
      vertex 19.2625 5.47337 0
      vertex 18.5099 4.28792 0
      vertex 19.168 5.44664 0
    endloop
  endfacet
  facet normal 0 0 -1
    outer loop
      vertex 18.5099 -4.28792 0
      vertex 18.8405 -5.26155 0
      vertex 18.7688 -5.19446 0
    endloop
  endfacet
  facet normal 0 0 -1
    outer loop
      vertex 19.168 5.44664 0
      vertex 18.5099 4.28792 0
      vertex 19.0767 5.41077 0
    endloop
  endfacet
  facet normal 0 0 -1
    outer loop
      vertex 18.5099 -4.28792 0
      vertex 18.7688 -5.19446 0
      vertex 18.7041 -5.12068 0
    endloop
  endfacet
  facet normal 0 0 -1
    outer loop
      vertex 19.0767 5.41077 0
      vertex 18.5099 4.28792 0
      vertex 18.9893 5.36612 0
    endloop
  endfacet
  facet normal 0 0 -1
    outer loop
      vertex 18.9893 5.36612 0
      vertex 18.5099 4.28792 0
      vertex 18.9067 5.31313 0
    endloop
  endfacet
  facet normal 0 0 -1
    outer loop
      vertex 18.5099 -4.28792 0
      vertex 18.7041 -5.12068 0
      vertex 18.647 -5.04091 0
    endloop
  endfacet
  facet normal 0 0 -1
    outer loop
      vertex 19.2625 -5.47337 0
      vertex 18.6267 -3.74734 0
      vertex 18.6728 -3.5 0
    endloop
  endfacet
  facet normal 0 0 -1
    outer loop
      vertex 18.5099 -4.28792 0
      vertex 18.647 -5.04091 0
      vertex 18.5979 -4.95593 0
    endloop
  endfacet
  facet normal 0 0 -1
    outer loop
      vertex 18.5099 -4.28792 0
      vertex 18.5979 -4.95593 0
      vertex 18.5574 -4.86653 0
    endloop
  endfacet
  facet normal 0 0 -1
    outer loop
      vertex 18.5099 -4.28792 0
      vertex 18.5574 -4.86653 0
      vertex 18.5258 -4.77361 0
    endloop
  endfacet
  facet normal 0 0 -1
    outer loop
      vertex 19.2625 -5.47337 0
      vertex 18.5099 -4.28792 0
      vertex 18.6267 -3.74734 0
    endloop
  endfacet
  facet normal 0 0 -1
    outer loop
      vertex 18.5036 -4.67804 0
      vertex 18.5099 -4.28792 0
      vertex 18.5258 -4.77361 0
    endloop
  endfacet
  facet normal 0 0 -1
    outer loop
      vertex 18.5036 -4.67804 0
      vertex 18.4939 -4.38474 0
      vertex 18.5099 -4.28792 0
    endloop
  endfacet
  facet normal 0 0 -1
    outer loop
      vertex 18.4907 -4.58075 0
      vertex 18.4939 -4.38474 0
      vertex 18.5036 -4.67804 0
    endloop
  endfacet
  facet normal 0 0 -1
    outer loop
      vertex 18.4939 -4.38474 0
      vertex 18.4907 -4.58075 0
      vertex 18.4875 -4.48267 0
    endloop
  endfacet
  facet normal 0 0 -1
    outer loop
      vertex 18.9067 5.31313 0
      vertex 18.5099 4.28792 0
      vertex 18.8297 5.25229 0
    endloop
  endfacet
  facet normal 0 0 -1
    outer loop
      vertex 18.8297 5.25229 0
      vertex 18.5099 4.28792 0
      vertex 18.759 5.18419 0
    endloop
  endfacet
  facet normal 0 0 -1
    outer loop
      vertex 18.759 5.18419 0
      vertex 18.5099 4.28792 0
      vertex 18.6954 5.1095 0
    endloop
  endfacet
  facet normal 0 0 -1
    outer loop
      vertex 18.6954 5.1095 0
      vertex 18.5099 4.28792 0
      vertex 18.6393 5.02893 0
    endloop
  endfacet
  facet normal 0 0 -1
    outer loop
      vertex 18.6393 5.02893 0
      vertex 18.5099 4.28792 0
      vertex 18.5915 4.94325 0
    endloop
  endfacet
  facet normal 0 0 -1
    outer loop
      vertex 18.5915 4.94325 0
      vertex 18.5099 4.28792 0
      vertex 18.5523 4.8533 0
    endloop
  endfacet
  facet normal 0 0 -1
    outer loop
      vertex 18.5523 4.8533 0
      vertex 18.5099 4.28792 0
      vertex 18.522 4.75993 0
    endloop
  endfacet
  facet normal 0 0 -1
    outer loop
      vertex 18.5099 4.28792 0
      vertex 18.5011 4.66406 0
      vertex 18.522 4.75993 0
    endloop
  endfacet
  facet normal 0 0 -1
    outer loop
      vertex 18.4957 4.37065 0
      vertex 18.5011 4.66406 0
      vertex 18.5099 4.28792 0
    endloop
  endfacet
  facet normal 0 0 -1
    outer loop
      vertex 18.4957 4.37065 0
      vertex 18.4897 4.56659 0
      vertex 18.5011 4.66406 0
    endloop
  endfacet
  facet normal 0 -0 -1
    outer loop
      vertex 18.4897 4.56659 0
      vertex 18.4957 4.37065 0
      vertex 18.4879 4.46848 0
    endloop
  endfacet
  facet normal 0 0 -1
    outer loop
      vertex 17.2416 0.17153 0
      vertex 18.6728 3.5 0
      vertex 17.25 0 0
    endloop
  endfacet
  facet normal 0 0 -1
    outer loop
      vertex 17.2164 0.341408 0
      vertex 18.6728 3.5 0
      vertex 17.2416 0.17153 0
    endloop
  endfacet
  facet normal 0 0 -1
    outer loop
      vertex 17.1746 0.507998 0
      vertex 18.6728 3.5 0
      vertex 17.2164 0.341408 0
    endloop
  endfacet
  facet normal 0 0 -1
    outer loop
      vertex 17.1168 0.669696 0
      vertex 18.6728 3.5 0
      vertex 17.1746 0.507998 0
    endloop
  endfacet
  facet normal 0 0 -1
    outer loop
      vertex 17.0434 0.824944 0
      vertex 18.6728 3.5 0
      vertex 17.1168 0.669696 0
    endloop
  endfacet
  facet normal 0 0 -1
    outer loop
      vertex 16.9551 0.972247 0
      vertex 18.6728 3.5 0
      vertex 17.0434 0.824944 0
    endloop
  endfacet
  facet normal 0 0 -1
    outer loop
      vertex 16.8528 1.11019 0
      vertex 18.6728 3.5 0
      vertex 16.9551 0.972247 0
    endloop
  endfacet
  facet normal 0 0 -1
    outer loop
      vertex 16.7374 1.23744 0
      vertex 18.6728 3.5 0
      vertex 16.8528 1.11019 0
    endloop
  endfacet
  facet normal 0 0 -1
    outer loop
      vertex 16.6102 1.35277 0
      vertex 18.6728 3.5 0
      vertex 16.7374 1.23744 0
    endloop
  endfacet
  facet normal 0 0 -1
    outer loop
      vertex 16.4722 1.45507 0
      vertex 18.6728 3.5 0
      vertex 16.6102 1.35277 0
    endloop
  endfacet
  facet normal 0 0 -1
    outer loop
      vertex 16.3249 1.54336 0
      vertex 18.6728 3.5 0
      vertex 16.4722 1.45507 0
    endloop
  endfacet
  facet normal 0 0 -1
    outer loop
      vertex 16.1697 1.61679 0
      vertex 18.6728 3.5 0
      vertex 16.3249 1.54336 0
    endloop
  endfacet
  facet normal 0 0 -1
    outer loop
      vertex 16.008 1.67465 0
      vertex 18.6728 3.5 0
      vertex 16.1697 1.61679 0
    endloop
  endfacet
  facet normal 0 0 -1
    outer loop
      vertex 15.8414 1.71637 0
      vertex 18.6728 3.5 0
      vertex 16.008 1.67465 0
    endloop
  endfacet
  facet normal 0 0 -1
    outer loop
      vertex 15.6715 1.74157 0
      vertex 18.6728 3.5 0
      vertex 15.8414 1.71637 0
    endloop
  endfacet
  facet normal 0 0 -1
    outer loop
      vertex 15.5 1.75 0
      vertex 18.6728 3.5 0
      vertex 15.6715 1.74157 0
    endloop
  endfacet
  facet normal 0 0 -1
    outer loop
      vertex 15.3285 1.74157 0
      vertex 18.6728 3.5 0
      vertex 15.5 1.75 0
    endloop
  endfacet
  facet normal 0 0 -1
    outer loop
      vertex 11 3.5 0
      vertex 15.3285 1.74157 0
      vertex 15.1586 1.71637 0
    endloop
  endfacet
  facet normal 0 0 -1
    outer loop
      vertex 11 3.5 0
      vertex 15.1586 1.71637 0
      vertex 14.992 1.67465 0
    endloop
  endfacet
  facet normal 0 0 -1
    outer loop
      vertex 11 3.5 0
      vertex 14.992 1.67465 0
      vertex 14.8303 1.61679 0
    endloop
  endfacet
  facet normal 0 0 -1
    outer loop
      vertex 11 3.5 0
      vertex 14.8303 1.61679 0
      vertex 14.6751 1.54336 0
    endloop
  endfacet
  facet normal 0 0 -1
    outer loop
      vertex 11 3.5 0
      vertex 13.75 0 0
      vertex 11 -3.5 0
    endloop
  endfacet
  facet normal 0 0 -1
    outer loop
      vertex 13.75 0 0
      vertex 11 3.5 0
      vertex 13.7584 0.17153 0
    endloop
  endfacet
  facet normal 0 0 -1
    outer loop
      vertex 13.7584 0.17153 0
      vertex 11 3.5 0
      vertex 13.7836 0.341408 0
    endloop
  endfacet
  facet normal 0 0 -1
    outer loop
      vertex 13.7836 0.341408 0
      vertex 11 3.5 0
      vertex 13.8254 0.507998 0
    endloop
  endfacet
  facet normal 0 0 -1
    outer loop
      vertex 13.8254 0.507998 0
      vertex 11 3.5 0
      vertex 13.8832 0.669696 0
    endloop
  endfacet
  facet normal 0 0 -1
    outer loop
      vertex 13.8832 0.669696 0
      vertex 11 3.5 0
      vertex 13.9566 0.824944 0
    endloop
  endfacet
  facet normal 0 0 -1
    outer loop
      vertex 15.3285 1.74157 0
      vertex 11 3.5 0
      vertex 18.6728 3.5 0
    endloop
  endfacet
  facet normal 0 0 -1
    outer loop
      vertex 14.5278 1.45507 0
      vertex 11 3.5 0
      vertex 14.6751 1.54336 0
    endloop
  endfacet
  facet normal 0 0 -1
    outer loop
      vertex 14.3898 1.35277 0
      vertex 11 3.5 0
      vertex 14.5278 1.45507 0
    endloop
  endfacet
  facet normal 0 0 -1
    outer loop
      vertex 14.2626 1.23744 0
      vertex 11 3.5 0
      vertex 14.3898 1.35277 0
    endloop
  endfacet
  facet normal 0 0 -1
    outer loop
      vertex 14.1472 1.11019 0
      vertex 11 3.5 0
      vertex 14.2626 1.23744 0
    endloop
  endfacet
  facet normal 0 0 -1
    outer loop
      vertex 14.0449 0.972247 0
      vertex 11 3.5 0
      vertex 14.1472 1.11019 0
    endloop
  endfacet
  facet normal 0 0 -1
    outer loop
      vertex 13.9566 0.824944 0
      vertex 11 3.5 0
      vertex 14.0449 0.972247 0
    endloop
  endfacet
  facet normal 0 0 1
    outer loop
      vertex 42 1.2 1
      vertex 43.9272 2.35017 1
      vertex 43.8487 3.52316 1
    endloop
  endfacet
  facet normal 0 0 1
    outer loop
      vertex 42 1.2 1
      vertex 43.8487 3.52316 1
      vertex 43.7389 4.69363 1
    endloop
  endfacet
  facet normal 0 0 1
    outer loop
      vertex 42 1.2 1
      vertex 43.7389 4.69363 1
      vertex 43.5978 5.86075 1
    endloop
  endfacet
  facet normal 0 0 1
    outer loop
      vertex 42 1.2 1
      vertex 43.5978 5.86075 1
      vertex 43.4256 7.0237 1
    endloop
  endfacet
  facet normal 0 0 1
    outer loop
      vertex 42 1.2 1
      vertex 43.4256 7.0237 1
      vertex 43.2225 8.18161 1
    endloop
  endfacet
  facet normal 0 0 1
    outer loop
      vertex 42 1.2 1
      vertex 43.2225 8.18161 1
      vertex 42.9884 9.33369 1
    endloop
  endfacet
  facet normal 0 0 1
    outer loop
      vertex 43.9272 2.35017 1
      vertex 42 1.2 1
      vertex 43.9733 1.2 1
    endloop
  endfacet
  facet normal 0 0 1
    outer loop
      vertex 42 1.2 1
      vertex 20.01 0 1
      vertex 42 -1.2 1
    endloop
  endfacet
  facet normal -0 0 1
    outer loop
      vertex 20 3.5 1
      vertex 42 1.2 1
      vertex 42.9884 9.33369 1
    endloop
  endfacet
  facet normal 0 0 1
    outer loop
      vertex 42 1.2 1
      vertex 20.0029 0.534698 1
      vertex 20.01 0 1
    endloop
  endfacet
  facet normal 0 0 1
    outer loop
      vertex 42 1.2 1
      vertex 20 3.5 1
      vertex 20 0.605816 1
    endloop
  endfacet
  facet normal -0 0 1
    outer loop
      vertex 19.5544 4.24567 1
      vertex 20 3.5 1
      vertex 42.9884 9.33369 1
    endloop
  endfacet
  facet normal 0 0 1
    outer loop
      vertex 20 3.5 1
      vertex 19.6609 3.72162 1
      vertex 19.6997 3.5 1
    endloop
  endfacet
  facet normal 0 0 1
    outer loop
      vertex 20 3.5 1
      vertex 19.5544 4.24567 1
      vertex 19.6609 3.72162 1
    endloop
  endfacet
  facet normal -0 0 1
    outer loop
      vertex 42 -1.2 1
      vertex 43.9272 -2.35017 1
      vertex 43.9733 -1.2 1
    endloop
  endfacet
  facet normal 0 0 1
    outer loop
      vertex 43.9272 -2.35017 1
      vertex 42 -1.2 1
      vertex 43.8487 -3.52316 1
    endloop
  endfacet
  facet normal 0 0 1
    outer loop
      vertex 43.8487 -3.52316 1
      vertex 42 -1.2 1
      vertex 43.7389 -4.69363 1
    endloop
  endfacet
  facet normal 0 0 1
    outer loop
      vertex 43.7389 -4.69363 1
      vertex 42 -1.2 1
      vertex 43.5978 -5.86075 1
    endloop
  endfacet
  facet normal 0 0 1
    outer loop
      vertex 43.5978 -5.86075 1
      vertex 42 -1.2 1
      vertex 43.4256 -7.0237 1
    endloop
  endfacet
  facet normal 0 0 1
    outer loop
      vertex 43.4256 -7.0237 1
      vertex 42 -1.2 1
      vertex 43.2225 -8.18161 1
    endloop
  endfacet
  facet normal 0 0 1
    outer loop
      vertex 43.2225 -8.18161 1
      vertex 42 -1.2 1
      vertex 42.9884 -9.33369 1
    endloop
  endfacet
  facet normal -0 0 1
    outer loop
      vertex 20.0029 -0.534698 1
      vertex 42 -1.2 1
      vertex 20.01 0 1
    endloop
  endfacet
  facet normal -0 0 1
    outer loop
      vertex 20 -0.605816 1
      vertex 42 -1.2 1
      vertex 20.0029 -0.534698 1
    endloop
  endfacet
  facet normal 0 0 1
    outer loop
      vertex 20 -3.5 1
      vertex 42 -1.2 1
      vertex 20 -0.605816 1
    endloop
  endfacet
  facet normal 0 0 1
    outer loop
      vertex 42 -1.2 1
      vertex 20 -3.5 1
      vertex 42.9884 -9.33369 1
    endloop
  endfacet
  facet normal 0 0 1
    outer loop
      vertex 19.6609 -3.72162 1
      vertex 20 -3.5 1
      vertex 19.6997 -3.5 1
    endloop
  endfacet
  facet normal 0 0 1
    outer loop
      vertex 19.5544 -4.24567 1
      vertex 20 -3.5 1
      vertex 19.6609 -3.72162 1
    endloop
  endfacet
  facet normal 0 0 1
    outer loop
      vertex 20 -3.5 1
      vertex 19.5544 -4.24567 1
      vertex 42.9884 -9.33369 1
    endloop
  endfacet
  facet normal 0 0 1
    outer loop
      vertex 42 1.2 1
      vertex 20 0.605816 1
      vertex 20.0029 0.534698 1
    endloop
  endfacet
  facet normal -0 0 1
    outer loop
      vertex 43.9733 1.2 1
      vertex 44.9999 0.0141907 1
      vertex 44.9831 1.2 1
    endloop
  endfacet
  facet normal 0 0 1
    outer loop
      vertex 44.9999 0.0141907 1
      vertex 43.9733 1.2 1
      vertex 44.9999 -0.0141907 1
    endloop
  endfacet
  facet normal 0 0 1
    outer loop
      vertex 43.9733 -1.2 1
      vertex 44.9999 -0.0141907 1
      vertex 43.9733 1.2 1
    endloop
  endfacet
  facet normal 0 0 1
    outer loop
      vertex 44.9999 -0.0141907 1
      vertex 43.9733 -1.2 1
      vertex 44.9831 -1.2 1
    endloop
  endfacet
  facet normal -0 0 1
    outer loop
      vertex 42 1.2 1
      vertex 43.9733 -1.2 1
      vertex 43.9733 1.2 1
    endloop
  endfacet
  facet normal 0 0 1
    outer loop
      vertex 43.9733 -1.2 1
      vertex 42 1.2 1
      vertex 42 -1.2 1
    endloop
  endfacet
  facet normal 0.117137 -0.993116 0
    outer loop
      vertex 42.9398 -10.8956 0
      vertex 43.0373 -10.8841 5.6
      vertex 42.9398 -10.8956 5.6
    endloop
  endfacet
  facet normal 0.117137 -0.993116 0
    outer loop
      vertex 43.0373 -10.8841 5.6
      vertex 42.9398 -10.8956 0
      vertex 43.0373 -10.8841 0
    endloop
  endfacet
  facet normal 0.212937 -0.977066 0
    outer loop
      vertex 43.0373 -10.8841 0
      vertex 43.1332 -10.8632 5.6
      vertex 43.0373 -10.8841 5.6
    endloop
  endfacet
  facet normal 0.212937 -0.977066 0
    outer loop
      vertex 43.1332 -10.8632 5.6
      vertex 43.0373 -10.8841 0
      vertex 43.1332 -10.8632 0
    endloop
  endfacet
  facet normal 0.307658 -0.951497 0
    outer loop
      vertex 43.1332 -10.8632 0
      vertex 43.2266 -10.833 5.6
      vertex 43.1332 -10.8632 5.6
    endloop
  endfacet
  facet normal 0.307658 -0.951497 0
    outer loop
      vertex 43.2266 -10.833 5.6
      vertex 43.1332 -10.8632 0
      vertex 43.2266 -10.833 0
    endloop
  endfacet
  facet normal 0.400551 -0.916274 0
    outer loop
      vertex 43.2266 -10.833 0
      vertex 43.3165 -10.7937 5.6
      vertex 43.2266 -10.833 5.6
    endloop
  endfacet
  facet normal 0.400551 -0.916274 0
    outer loop
      vertex 43.3165 -10.7937 5.6
      vertex 43.2266 -10.833 0
      vertex 43.3165 -10.7937 0
    endloop
  endfacet
  facet normal 0.487113 -0.873339 0
    outer loop
      vertex 43.3165 -10.7937 0
      vertex 43.4022 -10.7459 5.6
      vertex 43.3165 -10.7937 5.6
    endloop
  endfacet
  facet normal 0.487113 -0.873339 0
    outer loop
      vertex 43.4022 -10.7459 5.6
      vertex 43.3165 -10.7937 0
      vertex 43.4022 -10.7459 0
    endloop
  endfacet
  facet normal 0.570587 -0.821237 0
    outer loop
      vertex 43.4022 -10.7459 0
      vertex 43.4828 -10.6899 5.6
      vertex 43.4022 -10.7459 5.6
    endloop
  endfacet
  facet normal 0.570587 -0.821237 0
    outer loop
      vertex 43.4828 -10.6899 5.6
      vertex 43.4022 -10.7459 0
      vertex 43.4828 -10.6899 0
    endloop
  endfacet
  facet normal 0.649363 -0.760479 0
    outer loop
      vertex 43.4828 -10.6899 0
      vertex 43.5574 -10.6262 5.6
      vertex 43.4828 -10.6899 5.6
    endloop
  endfacet
  facet normal 0.649363 -0.760479 0
    outer loop
      vertex 43.5574 -10.6262 5.6
      vertex 43.4828 -10.6899 0
      vertex 43.5574 -10.6262 0
    endloop
  endfacet
  facet normal 0.720226 -0.69374 0
    outer loop
      vertex 43.5574 -10.6262 5.6
      vertex 43.6255 -10.5555 0
      vertex 43.6255 -10.5555 5.6
    endloop
  endfacet
  facet normal 0.720226 -0.69374 0
    outer loop
      vertex 43.6255 -10.5555 0
      vertex 43.5574 -10.6262 5.6
      vertex 43.5574 -10.6262 0
    endloop
  endfacet
  facet normal 0.784335 -0.620338 0
    outer loop
      vertex 43.6255 -10.5555 5.6
      vertex 43.6864 -10.4785 0
      vertex 43.6864 -10.4785 5.6
    endloop
  endfacet
  facet normal 0.784335 -0.620338 0
    outer loop
      vertex 43.6864 -10.4785 0
      vertex 43.6255 -10.5555 5.6
      vertex 43.6255 -10.5555 0
    endloop
  endfacet
  facet normal 0.841344 -0.5405 0
    outer loop
      vertex 43.6864 -10.4785 5.6
      vertex 43.7394 -10.396 0
      vertex 43.7394 -10.396 5.6
    endloop
  endfacet
  facet normal 0.841344 -0.5405 0
    outer loop
      vertex 43.7394 -10.396 0
      vertex 43.6864 -10.4785 5.6
      vertex 43.6864 -10.4785 0
    endloop
  endfacet
  facet normal 0.890728 -0.454536 0
    outer loop
      vertex 43.7394 -10.396 5.6
      vertex 43.784 -10.3086 0
      vertex 43.784 -10.3086 5.6
    endloop
  endfacet
  facet normal 0.890728 -0.454536 0
    outer loop
      vertex 43.784 -10.3086 0
      vertex 43.7394 -10.396 5.6
      vertex 43.7394 -10.396 0
    endloop
  endfacet
  facet normal 0.930776 -0.365589 0
    outer loop
      vertex 43.784 -10.3086 5.6
      vertex 43.8199 -10.2172 0
      vertex 43.8199 -10.2172 5.6
    endloop
  endfacet
  facet normal 0.930776 -0.365589 0
    outer loop
      vertex 43.8199 -10.2172 0
      vertex 43.784 -10.3086 5.6
      vertex 43.784 -10.3086 0
    endloop
  endfacet
  facet normal 0.964103 -0.265529 0
    outer loop
      vertex 43.8199 -10.2172 5.6
      vertex 43.8497 -10.109 0
      vertex 43.8497 -10.109 5.6
    endloop
  endfacet
  facet normal 0.964103 -0.265529 0
    outer loop
      vertex 43.8497 -10.109 0
      vertex 43.8199 -10.2172 5.6
      vertex 43.8199 -10.2172 0
    endloop
  endfacet
  facet normal 0.977453 -0.211152 0
    outer loop
      vertex 43.8497 -10.109 5.6
      vertex 44.1132 -8.88922 0
      vertex 44.1132 -8.88922 5.6
    endloop
  endfacet
  facet normal 0.977453 -0.211152 0
    outer loop
      vertex 44.1132 -8.88922 0
      vertex 43.8497 -10.109 5.6
      vertex 43.8497 -10.109 0
    endloop
  endfacet
  facet normal 0.980336 -0.197336 0
    outer loop
      vertex 44.1132 -8.88922 5.6
      vertex 44.1188 -8.8614 0
      vertex 44.1188 -8.8614 5.6
    endloop
  endfacet
  facet normal 0.980336 -0.197336 0
    outer loop
      vertex 44.1188 -8.8614 0
      vertex 44.1132 -8.88922 5.6
      vertex 44.1132 -8.88922 0
    endloop
  endfacet
  facet normal 0.983062 -0.183273 0
    outer loop
      vertex 44.1188 -8.8614 5.6
      vertex 44.3475 -7.63467 0
      vertex 44.3475 -7.63467 5.6
    endloop
  endfacet
  facet normal 0.983062 -0.183273 0
    outer loop
      vertex 44.3475 -7.63467 0
      vertex 44.1188 -8.8614 5.6
      vertex 44.1188 -8.8614 0
    endloop
  endfacet
  facet normal 0.985572 -0.169257 0
    outer loop
      vertex 44.3475 -7.63467 5.6
      vertex 44.3523 -7.60672 0
      vertex 44.3523 -7.60672 5.6
    endloop
  endfacet
  facet normal 0.985572 -0.169257 0
    outer loop
      vertex 44.3523 -7.60672 0
      vertex 44.3475 -7.63467 5.6
      vertex 44.3475 -7.63467 0
    endloop
  endfacet
  facet normal 0.987854 -0.155385 0
    outer loop
      vertex 44.3523 -7.60672 5.6
      vertex 44.5462 -6.37401 0
      vertex 44.5462 -6.37401 5.6
    endloop
  endfacet
  facet normal 0.987854 -0.155385 0
    outer loop
      vertex 44.5462 -6.37401 0
      vertex 44.3523 -7.60672 5.6
      vertex 44.3523 -7.60672 0
    endloop
  endfacet
  facet normal 0.990006 -0.141026 0
    outer loop
      vertex 44.5462 -6.37401 5.6
      vertex 44.5502 -6.34593 0
      vertex 44.5502 -6.34593 5.6
    endloop
  endfacet
  facet normal 0.990006 -0.141026 0
    outer loop
      vertex 44.5502 -6.34593 0
      vertex 44.5462 -6.37401 5.6
      vertex 44.5462 -6.37401 0
    endloop
  endfacet
  facet normal 0.99187 -0.127256 0
    outer loop
      vertex 44.5502 -6.34593 5.6
      vertex 44.709 -5.1082 0
      vertex 44.709 -5.1082 5.6
    endloop
  endfacet
  facet normal 0.99187 -0.127256 0
    outer loop
      vertex 44.709 -5.1082 0
      vertex 44.5502 -6.34593 5.6
      vertex 44.5502 -6.34593 0
    endloop
  endfacet
  facet normal 0.99361 -0.11287 0
    outer loop
      vertex 44.709 -5.1082 5.6
      vertex 44.7122 -5.08003 0
      vertex 44.7122 -5.08003 5.6
    endloop
  endfacet
  facet normal 0.99361 -0.11287 0
    outer loop
      vertex 44.7122 -5.08003 0
      vertex 44.709 -5.1082 5.6
      vertex 44.709 -5.1082 0
    endloop
  endfacet
  facet normal 0.995074 -0.09913 0
    outer loop
      vertex 44.7122 -5.08003 5.6
      vertex 44.8359 -3.83832 0
      vertex 44.8359 -3.83832 5.6
    endloop
  endfacet
  facet normal 0.995074 -0.09913 0
    outer loop
      vertex 44.8359 -3.83832 0
      vertex 44.7122 -5.08003 5.6
      vertex 44.7122 -5.08003 0
    endloop
  endfacet
  facet normal 0.996413 -0.0846211 0
    outer loop
      vertex 44.8359 -3.83832 5.6
      vertex 44.8383 -3.81006 0
      vertex 44.8383 -3.81006 5.6
    endloop
  endfacet
  facet normal 0.996413 -0.0846211 0
    outer loop
      vertex 44.8383 -3.81006 0
      vertex 44.8359 -3.83832 5.6
      vertex 44.8359 -3.83832 0
    endloop
  endfacet
  facet normal 0.997488 -0.0708404 0
    outer loop
      vertex 44.8383 -3.81006 5.6
      vertex 44.9267 -2.56532 0
      vertex 44.9267 -2.56532 5.6
    endloop
  endfacet
  facet normal 0.997488 -0.0708404 0
    outer loop
      vertex 44.9267 -2.56532 0
      vertex 44.8383 -3.81006 5.6
      vertex 44.8383 -3.81006 0
    endloop
  endfacet
  facet normal 0.998408 -0.0564072 0
    outer loop
      vertex 44.9267 -2.56532 5.6
      vertex 44.9283 -2.537 0
      vertex 44.9283 -2.537 5.6
    endloop
  endfacet
  facet normal 0.998408 -0.0564072 0
    outer loop
      vertex 44.9283 -2.537 0
      vertex 44.9267 -2.56532 5.6
      vertex 44.9267 -2.56532 0
    endloop
  endfacet
  facet normal 0.999094 -0.0425528 0
    outer loop
      vertex 44.9283 -2.537 5.6
      vertex 44.9814 -1.29027 0
      vertex 44.9814 -1.29027 5.6
    endloop
  endfacet
  facet normal 0.999094 -0.0425528 0
    outer loop
      vertex 44.9814 -1.29027 0
      vertex 44.9283 -2.537 5.6
      vertex 44.9283 -2.537 0
    endloop
  endfacet
  facet normal 0.999602 -0.0282174 0
    outer loop
      vertex 44.9814 -1.29027 5.6
      vertex 44.9822 -1.26193 0
      vertex 44.9822 -1.26193 5.6
    endloop
  endfacet
  facet normal 0.999602 -0.0282174 0
    outer loop
      vertex 44.9822 -1.26193 0
      vertex 44.9814 -1.29027 5.6
      vertex 44.9814 -1.29027 0
    endloop
  endfacet
  facet normal 0.9999 -0.0141661 0
    outer loop
      vertex 44.9999 -0.0141907 5.6
      vertex 44.9831 -1.2 4.7
      vertex 44.9999 -0.0141907 4.7
    endloop
  endfacet
  facet normal 0.999894 -0.014531 0
    outer loop
      vertex 44.9831 -1.2 4.7
      vertex 44.9822 -1.26193 5.6
      vertex 44.9831 -1.2 1
    endloop
  endfacet
  facet normal 0.999899 -0.0141842 2.38669e-05
    outer loop
      vertex 44.9822 -1.26193 5.6
      vertex 44.9831 -1.2 4.7
      vertex 44.9999 -0.0141907 5.6
    endloop
  endfacet
  facet normal 0.9999 -0.0141661 0
    outer loop
      vertex 44.9831 -1.2 1
      vertex 44.9999 -0.0141907 0
      vertex 44.9999 -0.0141907 1
    endloop
  endfacet
  facet normal 0.999899 -0.0141842 -2.14802e-05
    outer loop
      vertex 44.9831 -1.2 1
      vertex 44.9822 -1.26193 0
      vertex 44.9999 -0.0141907 0
    endloop
  endfacet
  facet normal 0.999894 -0.014531 0
    outer loop
      vertex 44.9822 -1.26193 0
      vertex 44.9831 -1.2 1
      vertex 44.9822 -1.26193 5.6
    endloop
  endfacet
  facet normal 1 -0 0
    outer loop
      vertex 44.9999 -0.0141907 5.6
      vertex 44.9999 0.0141907 4.7
      vertex 44.9999 0.0141907 5.6
    endloop
  endfacet
  facet normal 1 0 0
    outer loop
      vertex 44.9999 0.0141907 4.7
      vertex 44.9999 -0.0141907 5.6
      vertex 44.9999 -0.0141907 4.7
    endloop
  endfacet
  facet normal 1 -0 0
    outer loop
      vertex 44.9999 -0.0141907 1
      vertex 44.9999 0.0141907 0
      vertex 44.9999 0.0141907 1
    endloop
  endfacet
  facet normal 1 0 0
    outer loop
      vertex 44.9999 0.0141907 0
      vertex 44.9999 -0.0141907 1
      vertex 44.9999 -0.0141907 0
    endloop
  endfacet
  facet normal 0.999894 0.014531 0
    outer loop
      vertex 44.9822 1.26193 5.6
      vertex 44.9831 1.2 4.7
      vertex 44.9822 1.26193 0
    endloop
  endfacet
  facet normal 0.999899 0.0141842 2.38669e-05
    outer loop
      vertex 44.9999 0.0141907 5.6
      vertex 44.9831 1.2 4.7
      vertex 44.9822 1.26193 5.6
    endloop
  endfacet
  facet normal 0.9999 0.0141661 0
    outer loop
      vertex 44.9831 1.2 4.7
      vertex 44.9999 0.0141907 5.6
      vertex 44.9999 0.0141907 4.7
    endloop
  endfacet
  facet normal 0.999894 0.014531 -0
    outer loop
      vertex 44.9831 1.2 1
      vertex 44.9822 1.26193 0
      vertex 44.9831 1.2 4.7
    endloop
  endfacet
  facet normal 0.9999 0.0141661 -0
    outer loop
      vertex 44.9999 0.0141907 0
      vertex 44.9831 1.2 1
      vertex 44.9999 0.0141907 1
    endloop
  endfacet
  facet normal 0.999899 0.0141842 -2.14802e-05
    outer loop
      vertex 44.9831 1.2 1
      vertex 44.9999 0.0141907 0
      vertex 44.9822 1.26193 0
    endloop
  endfacet
  facet normal 0.999602 0.0282174 0
    outer loop
      vertex 44.9822 1.26193 5.6
      vertex 44.9814 1.29027 0
      vertex 44.9814 1.29027 5.6
    endloop
  endfacet
  facet normal 0.999602 0.0282174 0
    outer loop
      vertex 44.9814 1.29027 0
      vertex 44.9822 1.26193 5.6
      vertex 44.9822 1.26193 0
    endloop
  endfacet
  facet normal 0.999094 0.0425528 0
    outer loop
      vertex 44.9814 1.29027 5.6
      vertex 44.9283 2.537 0
      vertex 44.9283 2.537 5.6
    endloop
  endfacet
  facet normal 0.999094 0.0425528 0
    outer loop
      vertex 44.9283 2.537 0
      vertex 44.9814 1.29027 5.6
      vertex 44.9814 1.29027 0
    endloop
  endfacet
  facet normal 0.998408 0.0564072 0
    outer loop
      vertex 44.9283 2.537 5.6
      vertex 44.9267 2.56532 0
      vertex 44.9267 2.56532 5.6
    endloop
  endfacet
  facet normal 0.998408 0.0564072 0
    outer loop
      vertex 44.9267 2.56532 0
      vertex 44.9283 2.537 5.6
      vertex 44.9283 2.537 0
    endloop
  endfacet
  facet normal 0.997488 0.0708404 0
    outer loop
      vertex 44.9267 2.56532 5.6
      vertex 44.8383 3.81006 0
      vertex 44.8383 3.81006 5.6
    endloop
  endfacet
  facet normal 0.997488 0.0708404 0
    outer loop
      vertex 44.8383 3.81006 0
      vertex 44.9267 2.56532 5.6
      vertex 44.9267 2.56532 0
    endloop
  endfacet
  facet normal 0.996413 0.0846211 0
    outer loop
      vertex 44.8383 3.81006 5.6
      vertex 44.8359 3.83832 0
      vertex 44.8359 3.83832 5.6
    endloop
  endfacet
  facet normal 0.996413 0.0846211 0
    outer loop
      vertex 44.8359 3.83832 0
      vertex 44.8383 3.81006 5.6
      vertex 44.8383 3.81006 0
    endloop
  endfacet
  facet normal 0.995074 0.09913 0
    outer loop
      vertex 44.8359 3.83832 5.6
      vertex 44.7122 5.08003 0
      vertex 44.7122 5.08003 5.6
    endloop
  endfacet
  facet normal 0.995074 0.09913 0
    outer loop
      vertex 44.7122 5.08003 0
      vertex 44.8359 3.83832 5.6
      vertex 44.8359 3.83832 0
    endloop
  endfacet
  facet normal 0.99361 0.11287 0
    outer loop
      vertex 44.7122 5.08003 5.6
      vertex 44.709 5.1082 0
      vertex 44.709 5.1082 5.6
    endloop
  endfacet
  facet normal 0.99361 0.11287 0
    outer loop
      vertex 44.709 5.1082 0
      vertex 44.7122 5.08003 5.6
      vertex 44.7122 5.08003 0
    endloop
  endfacet
  facet normal 0.99187 0.127256 0
    outer loop
      vertex 44.709 5.1082 5.6
      vertex 44.5502 6.34593 0
      vertex 44.5502 6.34593 5.6
    endloop
  endfacet
  facet normal 0.99187 0.127256 0
    outer loop
      vertex 44.5502 6.34593 0
      vertex 44.709 5.1082 5.6
      vertex 44.709 5.1082 0
    endloop
  endfacet
  facet normal 0.990006 0.141026 0
    outer loop
      vertex 44.5502 6.34593 5.6
      vertex 44.5462 6.37401 0
      vertex 44.5462 6.37401 5.6
    endloop
  endfacet
  facet normal 0.990006 0.141026 0
    outer loop
      vertex 44.5462 6.37401 0
      vertex 44.5502 6.34593 5.6
      vertex 44.5502 6.34593 0
    endloop
  endfacet
  facet normal 0.987854 0.155385 0
    outer loop
      vertex 44.5462 6.37401 5.6
      vertex 44.3523 7.60672 0
      vertex 44.3523 7.60672 5.6
    endloop
  endfacet
  facet normal 0.987854 0.155385 0
    outer loop
      vertex 44.3523 7.60672 0
      vertex 44.5462 6.37401 5.6
      vertex 44.5462 6.37401 0
    endloop
  endfacet
  facet normal 0.985572 0.169257 0
    outer loop
      vertex 44.3523 7.60672 5.6
      vertex 44.3475 7.63467 0
      vertex 44.3475 7.63467 5.6
    endloop
  endfacet
  facet normal 0.985572 0.169257 0
    outer loop
      vertex 44.3475 7.63467 0
      vertex 44.3523 7.60672 5.6
      vertex 44.3523 7.60672 0
    endloop
  endfacet
  facet normal 0.983062 0.183273 0
    outer loop
      vertex 44.3475 7.63467 5.6
      vertex 44.1188 8.8614 0
      vertex 44.1188 8.8614 5.6
    endloop
  endfacet
  facet normal 0.983062 0.183273 0
    outer loop
      vertex 44.1188 8.8614 0
      vertex 44.3475 7.63467 5.6
      vertex 44.3475 7.63467 0
    endloop
  endfacet
  facet normal 0.980336 0.197336 0
    outer loop
      vertex 44.1188 8.8614 5.6
      vertex 44.1132 8.88922 0
      vertex 44.1132 8.88922 5.6
    endloop
  endfacet
  facet normal 0.980336 0.197336 0
    outer loop
      vertex 44.1132 8.88922 0
      vertex 44.1188 8.8614 5.6
      vertex 44.1188 8.8614 0
    endloop
  endfacet
  facet normal 0.977453 0.211152 0
    outer loop
      vertex 44.1132 8.88922 5.6
      vertex 43.8497 10.109 0
      vertex 43.8497 10.109 5.6
    endloop
  endfacet
  facet normal 0.977453 0.211152 0
    outer loop
      vertex 43.8497 10.109 0
      vertex 44.1132 8.88922 5.6
      vertex 44.1132 8.88922 0
    endloop
  endfacet
  facet normal 0.96593 0.258804 0
    outer loop
      vertex 43.8497 10.109 5.6
      vertex 43.8243 10.2038 0
      vertex 43.8243 10.2038 5.6
    endloop
  endfacet
  facet normal 0.96593 0.258804 0
    outer loop
      vertex 43.8243 10.2038 0
      vertex 43.8497 10.109 5.6
      vertex 43.8497 10.109 0
    endloop
  endfacet
  facet normal 0.936078 0.351794 0
    outer loop
      vertex 43.8243 10.2038 5.6
      vertex 43.7898 10.2956 0
      vertex 43.7898 10.2956 5.6
    endloop
  endfacet
  facet normal 0.936078 0.351794 0
    outer loop
      vertex 43.7898 10.2956 0
      vertex 43.8243 10.2038 5.6
      vertex 43.8243 10.2038 0
    endloop
  endfacet
  facet normal 0.89686 0.442315 0
    outer loop
      vertex 43.7898 10.2956 5.6
      vertex 43.7464 10.3836 0
      vertex 43.7464 10.3836 5.6
    endloop
  endfacet
  facet normal 0.89686 0.442315 0
    outer loop
      vertex 43.7464 10.3836 0
      vertex 43.7898 10.2956 5.6
      vertex 43.7898 10.2956 0
    endloop
  endfacet
  facet normal 0.848742 0.528808 0
    outer loop
      vertex 43.7464 10.3836 5.6
      vertex 43.6945 10.4669 0
      vertex 43.6945 10.4669 5.6
    endloop
  endfacet
  facet normal 0.848742 0.528808 0
    outer loop
      vertex 43.6945 10.4669 0
      vertex 43.7464 10.3836 5.6
      vertex 43.7464 10.3836 0
    endloop
  endfacet
  facet normal 0.793721 0.608282 0
    outer loop
      vertex 43.6945 10.4669 5.6
      vertex 43.6348 10.5448 0
      vertex 43.6348 10.5448 5.6
    endloop
  endfacet
  facet normal 0.793721 0.608282 0
    outer loop
      vertex 43.6348 10.5448 0
      vertex 43.6945 10.4669 5.6
      vertex 43.6945 10.4669 0
    endloop
  endfacet
  facet normal 0.729664 0.683806 0
    outer loop
      vertex 43.6348 10.5448 5.6
      vertex 43.5677 10.6164 0
      vertex 43.5677 10.6164 5.6
    endloop
  endfacet
  facet normal 0.729664 0.683806 0
    outer loop
      vertex 43.5677 10.6164 0
      vertex 43.6348 10.5448 5.6
      vertex 43.6348 10.5448 0
    endloop
  endfacet
  facet normal 0.659226 0.751945 -0
    outer loop
      vertex 43.5677 10.6164 0
      vertex 43.4939 10.6811 5.6
      vertex 43.5677 10.6164 5.6
    endloop
  endfacet
  facet normal 0.659226 0.751945 0
    outer loop
      vertex 43.4939 10.6811 5.6
      vertex 43.5677 10.6164 0
      vertex 43.4939 10.6811 0
    endloop
  endfacet
  facet normal 0.583069 0.812423 -0
    outer loop
      vertex 43.4939 10.6811 0
      vertex 43.4142 10.7383 5.6
      vertex 43.4939 10.6811 5.6
    endloop
  endfacet
  facet normal 0.583069 0.812423 0
    outer loop
      vertex 43.4142 10.7383 5.6
      vertex 43.4939 10.6811 0
      vertex 43.4142 10.7383 0
    endloop
  endfacet
  facet normal 0.500193 0.865914 -0
    outer loop
      vertex 43.4142 10.7383 0
      vertex 43.3292 10.7874 5.6
      vertex 43.4142 10.7383 5.6
    endloop
  endfacet
  facet normal 0.500193 0.865914 0
    outer loop
      vertex 43.3292 10.7874 5.6
      vertex 43.4142 10.7383 0
      vertex 43.3292 10.7874 0
    endloop
  endfacet
  facet normal 0.412651 0.910889 -0
    outer loop
      vertex 43.3292 10.7874 0
      vertex 43.2398 10.8279 5.6
      vertex 43.3292 10.7874 5.6
    endloop
  endfacet
  facet normal 0.412651 0.910889 0
    outer loop
      vertex 43.2398 10.8279 5.6
      vertex 43.3292 10.7874 0
      vertex 43.2398 10.8279 0
    endloop
  endfacet
  facet normal 0.321117 0.94704 -0
    outer loop
      vertex 43.2398 10.8279 0
      vertex 43.1469 10.8594 5.6
      vertex 43.2398 10.8279 5.6
    endloop
  endfacet
  facet normal 0.321117 0.94704 0
    outer loop
      vertex 43.1469 10.8594 5.6
      vertex 43.2398 10.8279 0
      vertex 43.1469 10.8594 0
    endloop
  endfacet
  facet normal 0.227165 0.973856 -0
    outer loop
      vertex 43.1469 10.8594 0
      vertex 43.0513 10.8817 5.6
      vertex 43.1469 10.8594 5.6
    endloop
  endfacet
  facet normal 0.227165 0.973856 0
    outer loop
      vertex 43.0513 10.8817 5.6
      vertex 43.1469 10.8594 0
      vertex 43.0513 10.8817 0
    endloop
  endfacet
  facet normal 0.130428 0.991458 -0
    outer loop
      vertex 43.0513 10.8817 0
      vertex 42.954 10.8945 5.6
      vertex 43.0513 10.8817 5.6
    endloop
  endfacet
  facet normal 0.130428 0.991458 0
    outer loop
      vertex 42.954 10.8945 5.6
      vertex 43.0513 10.8817 0
      vertex 42.954 10.8945 0
    endloop
  endfacet
  facet normal 0.0326024 0.999468 -0
    outer loop
      vertex 42.954 10.8945 0
      vertex 42.8559 10.8977 5.6
      vertex 42.954 10.8945 5.6
    endloop
  endfacet
  facet normal 0.0326024 0.999468 0
    outer loop
      vertex 42.8559 10.8977 5.6
      vertex 42.954 10.8945 0
      vertex 42.8559 10.8977 0
    endloop
  endfacet
  facet normal -0.0652336 0.99787 0
    outer loop
      vertex 42.8559 10.8977 0
      vertex 42.758 10.8913 5.6
      vertex 42.8559 10.8977 5.6
    endloop
  endfacet
  facet normal -0.0652336 0.99787 0
    outer loop
      vertex 42.758 10.8913 5.6
      vertex 42.8559 10.8977 0
      vertex 42.758 10.8913 0
    endloop
  endfacet
  facet normal -0.170026 0.98544 0
    outer loop
      vertex 42.758 10.8913 0
      vertex 42.6473 10.8722 5.6
      vertex 42.758 10.8913 5.6
    endloop
  endfacet
  facet normal -0.170026 0.98544 0
    outer loop
      vertex 42.6473 10.8722 5.6
      vertex 42.758 10.8913 0
      vertex 42.6473 10.8722 0
    endloop
  endfacet
  facet normal -0.224952 0.97437 0
    outer loop
      vertex 42.6473 10.8722 0
      vertex 19.2625 5.47337 5.6
      vertex 42.6473 10.8722 5.6
    endloop
  endfacet
  facet normal -0.224952 0.97437 0
    outer loop
      vertex 19.2625 5.47337 5.6
      vertex 42.6473 10.8722 0
      vertex 19.2625 5.47337 0
    endloop
  endfacet
  facet normal -0.272178 0.962247 0
    outer loop
      vertex 19.2625 5.47337 0
      vertex 19.168 5.44664 5.6
      vertex 19.2625 5.47337 5.6
    endloop
  endfacet
  facet normal -0.272178 0.962247 0
    outer loop
      vertex 19.168 5.44664 5.6
      vertex 19.2625 5.47337 0
      vertex 19.168 5.44664 0
    endloop
  endfacet
  facet normal -0.365671 0.930744 0
    outer loop
      vertex 19.168 5.44664 0
      vertex 19.0767 5.41077 5.6
      vertex 19.168 5.44664 5.6
    endloop
  endfacet
  facet normal -0.365671 0.930744 0
    outer loop
      vertex 19.0767 5.41077 5.6
      vertex 19.168 5.44664 0
      vertex 19.0767 5.41077 0
    endloop
  endfacet
  facet normal -0.454941 0.890522 0
    outer loop
      vertex 19.0767 5.41077 0
      vertex 18.9893 5.36612 5.6
      vertex 19.0767 5.41077 5.6
    endloop
  endfacet
  facet normal -0.454941 0.890522 0
    outer loop
      vertex 18.9893 5.36612 5.6
      vertex 19.0767 5.41077 0
      vertex 18.9893 5.36612 0
    endloop
  endfacet
  facet normal -0.539964 0.841688 0
    outer loop
      vertex 18.9893 5.36612 0
      vertex 18.9067 5.31313 5.6
      vertex 18.9893 5.36612 5.6
    endloop
  endfacet
  facet normal -0.539964 0.841688 0
    outer loop
      vertex 18.9067 5.31313 5.6
      vertex 18.9893 5.36612 0
      vertex 18.9067 5.31313 0
    endloop
  endfacet
  facet normal -0.619961 0.784632 0
    outer loop
      vertex 18.9067 5.31313 0
      vertex 18.8297 5.25229 5.6
      vertex 18.9067 5.31313 5.6
    endloop
  endfacet
  facet normal -0.619961 0.784632 0
    outer loop
      vertex 18.8297 5.25229 5.6
      vertex 18.9067 5.31313 0
      vertex 18.8297 5.25229 0
    endloop
  endfacet
  facet normal -0.69374 0.720226 0
    outer loop
      vertex 18.8297 5.25229 0
      vertex 18.759 5.18419 5.6
      vertex 18.8297 5.25229 5.6
    endloop
  endfacet
  facet normal -0.69374 0.720226 0
    outer loop
      vertex 18.759 5.18419 5.6
      vertex 18.8297 5.25229 0
      vertex 18.759 5.18419 0
    endloop
  endfacet
  facet normal -0.761368 0.64832 0
    outer loop
      vertex 18.6954 5.1095 0
      vertex 18.759 5.18419 5.6
      vertex 18.759 5.18419 0
    endloop
  endfacet
  facet normal -0.761368 0.64832 0
    outer loop
      vertex 18.759 5.18419 5.6
      vertex 18.6954 5.1095 0
      vertex 18.6954 5.1095 5.6
    endloop
  endfacet
  facet normal -0.82066 0.571417 0
    outer loop
      vertex 18.6393 5.02893 0
      vertex 18.6954 5.1095 5.6
      vertex 18.6954 5.1095 0
    endloop
  endfacet
  facet normal -0.82066 0.571417 0
    outer loop
      vertex 18.6954 5.1095 5.6
      vertex 18.6393 5.02893 0
      vertex 18.6393 5.02893 5.6
    endloop
  endfacet
  facet normal -0.87329 0.4872 0
    outer loop
      vertex 18.5915 4.94325 0
      vertex 18.6393 5.02893 5.6
      vertex 18.6393 5.02893 0
    endloop
  endfacet
  facet normal -0.87329 0.4872 0
    outer loop
      vertex 18.6393 5.02893 5.6
      vertex 18.5915 4.94325 0
      vertex 18.5915 4.94325 5.6
    endloop
  endfacet
  facet normal -0.916729 0.399509 0
    outer loop
      vertex 18.5523 4.8533 0
      vertex 18.5915 4.94325 5.6
      vertex 18.5915 4.94325 0
    endloop
  endfacet
  facet normal -0.916729 0.399509 0
    outer loop
      vertex 18.5915 4.94325 5.6
      vertex 18.5523 4.8533 0
      vertex 18.5523 4.8533 5.6
    endloop
  endfacet
  facet normal -0.951169 0.308669 0
    outer loop
      vertex 18.522 4.75993 0
      vertex 18.5523 4.8533 5.6
      vertex 18.5523 4.8533 0
    endloop
  endfacet
  facet normal -0.951169 0.308669 0
    outer loop
      vertex 18.5523 4.8533 5.6
      vertex 18.522 4.75993 0
      vertex 18.522 4.75993 5.6
    endloop
  endfacet
  facet normal -0.977052 0.213001 0
    outer loop
      vertex 18.5011 4.66406 0
      vertex 18.522 4.75993 5.6
      vertex 18.522 4.75993 0
    endloop
  endfacet
  facet normal -0.977052 0.213001 0
    outer loop
      vertex 18.522 4.75993 5.6
      vertex 18.5011 4.66406 0
      vertex 18.5011 4.66406 5.6
    endloop
  endfacet
  facet normal -0.99323 0.116167 0
    outer loop
      vertex 18.4897 4.56659 0
      vertex 18.5011 4.66406 5.6
      vertex 18.5011 4.66406 0
    endloop
  endfacet
  facet normal -0.99323 0.116167 0
    outer loop
      vertex 18.5011 4.66406 5.6
      vertex 18.4897 4.56659 0
      vertex 18.4897 4.56659 5.6
    endloop
  endfacet
  facet normal -0.999832 0.0183437 0
    outer loop
      vertex 18.4879 4.46848 0
      vertex 18.4897 4.56659 5.6
      vertex 18.4897 4.56659 0
    endloop
  endfacet
  facet normal -0.999832 0.0183437 0
    outer loop
      vertex 18.4897 4.56659 5.6
      vertex 18.4879 4.46848 0
      vertex 18.4879 4.46848 5.6
    endloop
  endfacet
  facet normal -0.996837 -0.0794779 0
    outer loop
      vertex 18.4957 4.37065 0
      vertex 18.4879 4.46848 5.6
      vertex 18.4879 4.46848 0
    endloop
  endfacet
  facet normal -0.996837 -0.0794779 0
    outer loop
      vertex 18.4879 4.46848 5.6
      vertex 18.4957 4.37065 0
      vertex 18.4957 4.37065 5.6
    endloop
  endfacet
  facet normal -0.985587 -0.169169 0
    outer loop
      vertex 18.5099 4.28792 0
      vertex 18.4957 4.37065 5.6
      vertex 18.4957 4.37065 0
    endloop
  endfacet
  facet normal -0.985587 -0.169169 0
    outer loop
      vertex 18.4957 4.37065 5.6
      vertex 18.5099 4.28792 0
      vertex 18.5099 4.28792 5.6
    endloop
  endfacet
  facet normal -0.977445 -0.211191 0
    outer loop
      vertex 18.6267 3.74734 0
      vertex 18.5099 4.28792 5.6
      vertex 18.5099 4.28792 0
    endloop
  endfacet
  facet normal -0.977445 -0.211191 0
    outer loop
      vertex 18.5099 4.28792 5.6
      vertex 18.6267 3.74734 0
      vertex 18.6267 3.74734 5.6
    endloop
  endfacet
  facet normal -0.98307 -0.183228 0
    outer loop
      vertex 18.6728 3.5 0
      vertex 18.6267 3.74734 5.6
      vertex 18.6267 3.74734 0
    endloop
  endfacet
  facet normal -0.98307 -0.183228 0
    outer loop
      vertex 18.6267 3.74734 5.6
      vertex 18.6728 3.5 0
      vertex 18.6728 3.5 5.6
    endloop
  endfacet
  facet normal -0.98307 0.183228 0
    outer loop
      vertex 18.6267 -3.74734 0
      vertex 18.6728 -3.5 5.6
      vertex 18.6728 -3.5 0
    endloop
  endfacet
  facet normal -0.98307 0.183228 0
    outer loop
      vertex 18.6728 -3.5 5.6
      vertex 18.6267 -3.74734 0
      vertex 18.6267 -3.74734 5.6
    endloop
  endfacet
  facet normal -0.977445 0.211191 0
    outer loop
      vertex 18.5099 -4.28792 0
      vertex 18.6267 -3.74734 5.6
      vertex 18.6267 -3.74734 0
    endloop
  endfacet
  facet normal -0.977445 0.211191 0
    outer loop
      vertex 18.6267 -3.74734 5.6
      vertex 18.5099 -4.28792 0
      vertex 18.5099 -4.28792 5.6
    endloop
  endfacet
  facet normal -0.986619 0.163044 0
    outer loop
      vertex 18.4939 -4.38474 0
      vertex 18.5099 -4.28792 5.6
      vertex 18.5099 -4.28792 0
    endloop
  endfacet
  facet normal -0.986619 0.163044 0
    outer loop
      vertex 18.5099 -4.28792 5.6
      vertex 18.4939 -4.38474 0
      vertex 18.4939 -4.38474 5.6
    endloop
  endfacet
  facet normal -0.997871 0.0652137 0
    outer loop
      vertex 18.4875 -4.48267 0
      vertex 18.4939 -4.38474 5.6
      vertex 18.4939 -4.38474 0
    endloop
  endfacet
  facet normal -0.997871 0.0652137 0
    outer loop
      vertex 18.4939 -4.38474 5.6
      vertex 18.4875 -4.48267 0
      vertex 18.4875 -4.48267 5.6
    endloop
  endfacet
  facet normal -0.999468 -0.0326091 0
    outer loop
      vertex 18.4907 -4.58075 0
      vertex 18.4875 -4.48267 5.6
      vertex 18.4875 -4.48267 0
    endloop
  endfacet
  facet normal -0.999468 -0.0326091 0
    outer loop
      vertex 18.4875 -4.48267 5.6
      vertex 18.4907 -4.58075 0
      vertex 18.4907 -4.58075 5.6
    endloop
  endfacet
  facet normal -0.991324 -0.131443 0
    outer loop
      vertex 18.5036 -4.67804 0
      vertex 18.4907 -4.58075 5.6
      vertex 18.4907 -4.58075 0
    endloop
  endfacet
  facet normal -0.991324 -0.131443 0
    outer loop
      vertex 18.4907 -4.58075 5.6
      vertex 18.5036 -4.67804 0
      vertex 18.5036 -4.67804 5.6
    endloop
  endfacet
  facet normal -0.974066 -0.226266 0
    outer loop
      vertex 18.5258 -4.77361 0
      vertex 18.5036 -4.67804 5.6
      vertex 18.5036 -4.67804 0
    endloop
  endfacet
  facet normal -0.974066 -0.226266 0
    outer loop
      vertex 18.5036 -4.67804 5.6
      vertex 18.5258 -4.77361 0
      vertex 18.5258 -4.77361 5.6
    endloop
  endfacet
  facet normal -0.94675 -0.321968 0
    outer loop
      vertex 18.5574 -4.86653 0
      vertex 18.5258 -4.77361 5.6
      vertex 18.5258 -4.77361 0
    endloop
  endfacet
  facet normal -0.94675 -0.321968 0
    outer loop
      vertex 18.5258 -4.77361 5.6
      vertex 18.5574 -4.86653 0
      vertex 18.5574 -4.86653 5.6
    endloop
  endfacet
  facet normal -0.910889 -0.412651 0
    outer loop
      vertex 18.5979 -4.95593 0
      vertex 18.5574 -4.86653 5.6
      vertex 18.5574 -4.86653 0
    endloop
  endfacet
  facet normal -0.910889 -0.412651 0
    outer loop
      vertex 18.5574 -4.86653 5.6
      vertex 18.5979 -4.95593 0
      vertex 18.5979 -4.95593 5.6
    endloop
  endfacet
  facet normal -0.865863 -0.500281 0
    outer loop
      vertex 18.647 -5.04091 0
      vertex 18.5979 -4.95593 5.6
      vertex 18.5979 -4.95593 0
    endloop
  endfacet
  facet normal -0.865863 -0.500281 0
    outer loop
      vertex 18.5979 -4.95593 5.6
      vertex 18.647 -5.04091 0
      vertex 18.647 -5.04091 5.6
    endloop
  endfacet
  facet normal -0.813148 -0.582058 0
    outer loop
      vertex 18.7041 -5.12068 0
      vertex 18.647 -5.04091 5.6
      vertex 18.647 -5.04091 0
    endloop
  endfacet
  facet normal -0.813148 -0.582058 0
    outer loop
      vertex 18.647 -5.04091 5.6
      vertex 18.7041 -5.12068 0
      vertex 18.7041 -5.12068 5.6
    endloop
  endfacet
  facet normal -0.751857 -0.659327 0
    outer loop
      vertex 18.7688 -5.19446 0
      vertex 18.7041 -5.12068 5.6
      vertex 18.7041 -5.12068 0
    endloop
  endfacet
  facet normal -0.751857 -0.659327 0
    outer loop
      vertex 18.7041 -5.12068 5.6
      vertex 18.7688 -5.19446 0
      vertex 18.7688 -5.19446 5.6
    endloop
  endfacet
  facet normal -0.683243 -0.730191 0
    outer loop
      vertex 18.7688 -5.19446 0
      vertex 18.8405 -5.26155 5.6
      vertex 18.7688 -5.19446 5.6
    endloop
  endfacet
  facet normal -0.683243 -0.730191 -0
    outer loop
      vertex 18.8405 -5.26155 5.6
      vertex 18.7688 -5.19446 0
      vertex 18.8405 -5.26155 0
    endloop
  endfacet
  facet normal -0.609031 -0.793147 0
    outer loop
      vertex 18.8405 -5.26155 0
      vertex 18.9183 -5.32129 5.6
      vertex 18.8405 -5.26155 5.6
    endloop
  endfacet
  facet normal -0.609031 -0.793147 -0
    outer loop
      vertex 18.9183 -5.32129 5.6
      vertex 18.8405 -5.26155 0
      vertex 18.9183 -5.32129 0
    endloop
  endfacet
  facet normal -0.52822 -0.849107 0
    outer loop
      vertex 18.9183 -5.32129 0
      vertex 19.0016 -5.37311 5.6
      vertex 18.9183 -5.32129 5.6
    endloop
  endfacet
  facet normal -0.52822 -0.849107 -0
    outer loop
      vertex 19.0016 -5.37311 5.6
      vertex 18.9183 -5.32129 0
      vertex 19.0016 -5.37311 0
    endloop
  endfacet
  facet normal -0.441829 -0.897099 0
    outer loop
      vertex 19.0016 -5.37311 0
      vertex 19.0897 -5.4165 5.6
      vertex 19.0016 -5.37311 5.6
    endloop
  endfacet
  facet normal -0.441829 -0.897099 -0
    outer loop
      vertex 19.0897 -5.4165 5.6
      vertex 19.0016 -5.37311 0
      vertex 19.0897 -5.4165 0
    endloop
  endfacet
  facet normal -0.352508 -0.935809 0
    outer loop
      vertex 19.0897 -5.4165 0
      vertex 19.1815 -5.45108 5.6
      vertex 19.0897 -5.4165 5.6
    endloop
  endfacet
  facet normal -0.352508 -0.935809 -0
    outer loop
      vertex 19.1815 -5.45108 5.6
      vertex 19.0897 -5.4165 0
      vertex 19.1815 -5.45108 0
    endloop
  endfacet
  facet normal -0.265322 -0.96416 0
    outer loop
      vertex 19.1815 -5.45108 0
      vertex 19.2625 -5.47337 5.6
      vertex 19.1815 -5.45108 5.6
    endloop
  endfacet
  facet normal -0.265322 -0.96416 -0
    outer loop
      vertex 19.2625 -5.47337 5.6
      vertex 19.1815 -5.45108 0
      vertex 19.2625 -5.47337 0
    endloop
  endfacet
  facet normal -0.224952 -0.97437 0
    outer loop
      vertex 19.2625 -5.47337 0
      vertex 42.6473 -10.8722 5.6
      vertex 19.2625 -5.47337 5.6
    endloop
  endfacet
  facet normal -0.224952 -0.97437 -0
    outer loop
      vertex 42.6473 -10.8722 5.6
      vertex 19.2625 -5.47337 0
      vertex 42.6473 -10.8722 0
    endloop
  endfacet
  facet normal -0.177271 -0.984162 0
    outer loop
      vertex 42.6473 -10.8722 0
      vertex 42.7439 -10.8896 5.6
      vertex 42.6473 -10.8722 5.6
    endloop
  endfacet
  facet normal -0.177271 -0.984162 -0
    outer loop
      vertex 42.7439 -10.8896 5.6
      vertex 42.6473 -10.8722 0
      vertex 42.7439 -10.8896 0
    endloop
  endfacet
  facet normal -0.0795022 -0.996835 0
    outer loop
      vertex 42.7439 -10.8896 0
      vertex 42.8417 -10.8974 5.6
      vertex 42.7439 -10.8896 5.6
    endloop
  endfacet
  facet normal -0.0795022 -0.996835 -0
    outer loop
      vertex 42.8417 -10.8974 5.6
      vertex 42.7439 -10.8896 0
      vertex 42.8417 -10.8974 0
    endloop
  endfacet
  facet normal 0.0183455 -0.999832 0
    outer loop
      vertex 42.8417 -10.8974 0
      vertex 42.9398 -10.8956 5.6
      vertex 42.8417 -10.8974 5.6
    endloop
  endfacet
  facet normal 0.0183455 -0.999832 0
    outer loop
      vertex 42.9398 -10.8956 5.6
      vertex 42.8417 -10.8974 0
      vertex 42.9398 -10.8956 0
    endloop
  endfacet
  facet normal 0 0 -1
    outer loop
      vertex 42 -1.2 4.6
      vertex 43.9272 -2.35017 4.6
      vertex 43.8487 -3.52316 4.6
    endloop
  endfacet
  facet normal 0 0 -1
    outer loop
      vertex 42 -1.2 4.6
      vertex 43.8487 -3.52316 4.6
      vertex 43.7389 -4.69363 4.6
    endloop
  endfacet
  facet normal 0 0 -1
    outer loop
      vertex 42 -1.2 4.6
      vertex 43.7389 -4.69363 4.6
      vertex 43.5978 -5.86075 4.6
    endloop
  endfacet
  facet normal 0 0 -1
    outer loop
      vertex 42 -1.2 4.6
      vertex 43.5978 -5.86075 4.6
      vertex 43.4256 -7.0237 4.6
    endloop
  endfacet
  facet normal 0 0 -1
    outer loop
      vertex 42 -1.2 4.6
      vertex 43.4256 -7.0237 4.6
      vertex 43.2225 -8.18161 4.6
    endloop
  endfacet
  facet normal 0 0 -1
    outer loop
      vertex 42 -1.2 4.6
      vertex 43.2225 -8.18161 4.6
      vertex 42.9884 -9.33369 4.6
    endloop
  endfacet
  facet normal 0 0 -1
    outer loop
      vertex 43.9272 -2.35017 4.6
      vertex 42 -1.2 4.6
      vertex 43.9733 -1.2 4.6
    endloop
  endfacet
  facet normal 0 0 -1
    outer loop
      vertex 42 -1.2 4.6
      vertex 20.01 0 4.6
      vertex 42 1.2 4.6
    endloop
  endfacet
  facet normal 0 0 -1
    outer loop
      vertex 20 -3.5 4.6
      vertex 42 -1.2 4.6
      vertex 42.9884 -9.33369 4.6
    endloop
  endfacet
  facet normal 0 0 -1
    outer loop
      vertex 42 -1.2 4.6
      vertex 20.0029 -0.534698 4.6
      vertex 20.01 0 4.6
    endloop
  endfacet
  facet normal -0 0 -1
    outer loop
      vertex 42 -1.2 4.6
      vertex 20 -3.5 4.6
      vertex 20 -0.605816 4.6
    endloop
  endfacet
  facet normal 0 0 -1
    outer loop
      vertex 19.5544 -4.24567 4.6
      vertex 20 -3.5 4.6
      vertex 42.9884 -9.33369 4.6
    endloop
  endfacet
  facet normal -0 0 -1
    outer loop
      vertex 20 -3.5 4.6
      vertex 19.6609 -3.72162 4.6
      vertex 19.6997 -3.5 4.6
    endloop
  endfacet
  facet normal 0 0 -1
    outer loop
      vertex 20 -3.5 4.6
      vertex 19.5544 -4.24567 4.6
      vertex 19.6609 -3.72162 4.6
    endloop
  endfacet
  facet normal 0 0 -1
    outer loop
      vertex 42 1.2 4.6
      vertex 43.9272 2.35017 4.6
      vertex 43.9733 1.2 4.6
    endloop
  endfacet
  facet normal -0 0 -1
    outer loop
      vertex 43.9272 2.35017 4.6
      vertex 42 1.2 4.6
      vertex 43.8487 3.52316 4.6
    endloop
  endfacet
  facet normal -0 0 -1
    outer loop
      vertex 43.8487 3.52316 4.6
      vertex 42 1.2 4.6
      vertex 43.7389 4.69363 4.6
    endloop
  endfacet
  facet normal -0 0 -1
    outer loop
      vertex 43.7389 4.69363 4.6
      vertex 42 1.2 4.6
      vertex 43.5978 5.86075 4.6
    endloop
  endfacet
  facet normal -0 0 -1
    outer loop
      vertex 43.5978 5.86075 4.6
      vertex 42 1.2 4.6
      vertex 43.4256 7.0237 4.6
    endloop
  endfacet
  facet normal -0 0 -1
    outer loop
      vertex 43.4256 7.0237 4.6
      vertex 42 1.2 4.6
      vertex 43.2225 8.18161 4.6
    endloop
  endfacet
  facet normal -0 0 -1
    outer loop
      vertex 43.2225 8.18161 4.6
      vertex 42 1.2 4.6
      vertex 42.9884 9.33369 4.6
    endloop
  endfacet
  facet normal 0 0 -1
    outer loop
      vertex 20.0029 0.534698 4.6
      vertex 42 1.2 4.6
      vertex 20.01 0 4.6
    endloop
  endfacet
  facet normal 0 0 -1
    outer loop
      vertex 20 0.605816 4.6
      vertex 42 1.2 4.6
      vertex 20.0029 0.534698 4.6
    endloop
  endfacet
  facet normal 0 0 -1
    outer loop
      vertex 20 3.5 4.6
      vertex 42 1.2 4.6
      vertex 20 0.605816 4.6
    endloop
  endfacet
  facet normal 0 0 -1
    outer loop
      vertex 42 1.2 4.6
      vertex 20 3.5 4.6
      vertex 42.9884 9.33369 4.6
    endloop
  endfacet
  facet normal 0 0 -1
    outer loop
      vertex 19.6609 3.72162 4.6
      vertex 20 3.5 4.6
      vertex 19.6997 3.5 4.6
    endloop
  endfacet
  facet normal 0 0 -1
    outer loop
      vertex 19.5544 4.24567 4.6
      vertex 20 3.5 4.6
      vertex 19.6609 3.72162 4.6
    endloop
  endfacet
  facet normal 0 0 -1
    outer loop
      vertex 20 3.5 4.6
      vertex 19.5544 4.24567 4.6
      vertex 42.9884 9.33369 4.6
    endloop
  endfacet
  facet normal 0 0 -1
    outer loop
      vertex 42 -1.2 4.6
      vertex 20 -0.605816 4.6
      vertex 20.0029 -0.534698 4.6
    endloop
  endfacet
  facet normal 0.979968 -0.199154 0
    outer loop
      vertex 19.5544 -4.24567 4.6
      vertex 19.6609 -3.72162 1
      vertex 19.6609 -3.72162 4.6
    endloop
  endfacet
  facet normal 0.979968 -0.199154 0
    outer loop
      vertex 19.6609 -3.72162 1
      vertex 19.5544 -4.24567 4.6
      vertex 19.5544 -4.24567 1
    endloop
  endfacet
  facet normal 0.985018 -0.172451 0
    outer loop
      vertex 19.6609 -3.72162 4.6
      vertex 19.6997 -3.5 1
      vertex 19.6997 -3.5 4.6
    endloop
  endfacet
  facet normal 0.985018 -0.172451 0
    outer loop
      vertex 19.6997 -3.5 1
      vertex 19.6609 -3.72162 4.6
      vertex 19.6609 -3.72162 1
    endloop
  endfacet
  facet normal 0.99917 -0.0407434 0
    outer loop
      vertex 20 -0.605816 4.6
      vertex 20.0029 -0.534698 1
      vertex 20.0029 -0.534698 4.6
    endloop
  endfacet
  facet normal 0.99917 -0.0407434 0
    outer loop
      vertex 20.0029 -0.534698 1
      vertex 20 -0.605816 4.6
      vertex 20 -0.605816 1
    endloop
  endfacet
  facet normal 0.999912 -0.0132774 0
    outer loop
      vertex 20.0029 -0.534698 4.6
      vertex 20.01 0 1
      vertex 20.01 0 4.6
    endloop
  endfacet
  facet normal 0.999912 -0.0132774 0
    outer loop
      vertex 20.01 0 1
      vertex 20.0029 -0.534698 4.6
      vertex 20.0029 -0.534698 1
    endloop
  endfacet
  facet normal 0.999912 0.0132774 0
    outer loop
      vertex 20.01 0 4.6
      vertex 20.0029 0.534698 1
      vertex 20.0029 0.534698 4.6
    endloop
  endfacet
  facet normal 0.999912 0.0132774 0
    outer loop
      vertex 20.0029 0.534698 1
      vertex 20.01 0 4.6
      vertex 20.01 0 1
    endloop
  endfacet
  facet normal 0.99917 0.0407434 0
    outer loop
      vertex 20.0029 0.534698 4.6
      vertex 20 0.605816 1
      vertex 20 0.605816 4.6
    endloop
  endfacet
  facet normal 0.99917 0.0407434 0
    outer loop
      vertex 20 0.605816 1
      vertex 20.0029 0.534698 4.6
      vertex 20.0029 0.534698 1
    endloop
  endfacet
  facet normal 0.985018 0.172451 0
    outer loop
      vertex 19.6997 3.5 4.6
      vertex 19.6609 3.72162 1
      vertex 19.6609 3.72162 4.6
    endloop
  endfacet
  facet normal 0.985018 0.172451 0
    outer loop
      vertex 19.6609 3.72162 1
      vertex 19.6997 3.5 4.6
      vertex 19.6997 3.5 1
    endloop
  endfacet
  facet normal 0.979968 0.199154 0
    outer loop
      vertex 19.6609 3.72162 4.6
      vertex 19.5544 4.24567 1
      vertex 19.5544 4.24567 4.6
    endloop
  endfacet
  facet normal 0.979968 0.199154 0
    outer loop
      vertex 19.5544 4.24567 1
      vertex 19.6609 3.72162 4.6
      vertex 19.6609 3.72162 1
    endloop
  endfacet
  facet normal 0.212178 -0.977231 0
    outer loop
      vertex 19.5544 4.24567 1
      vertex 42.9884 9.33369 4.6
      vertex 19.5544 4.24567 4.6
    endloop
  endfacet
  facet normal 0.212178 -0.977231 0
    outer loop
      vertex 42.9884 9.33369 4.6
      vertex 19.5544 4.24567 1
      vertex 42.9884 9.33369 1
    endloop
  endfacet
  facet normal -0.979973 -0.199128 0
    outer loop
      vertex 43.2225 8.18161 1
      vertex 42.9884 9.33369 4.6
      vertex 42.9884 9.33369 1
    endloop
  endfacet
  facet normal -0.979973 -0.199128 0
    outer loop
      vertex 42.9884 9.33369 4.6
      vertex 43.2225 8.18161 1
      vertex 43.2225 8.18161 4.6
    endloop
  endfacet
  facet normal -0.984963 -0.172765 0
    outer loop
      vertex 43.4256 7.0237 1
      vertex 43.2225 8.18161 4.6
      vertex 43.2225 8.18161 1
    endloop
  endfacet
  facet normal -0.984963 -0.172765 0
    outer loop
      vertex 43.2225 8.18161 4.6
      vertex 43.4256 7.0237 1
      vertex 43.4256 7.0237 4.6
    endloop
  endfacet
  facet normal -0.989214 -0.146475 0
    outer loop
      vertex 43.5978 5.86075 1
      vertex 43.4256 7.0237 4.6
      vertex 43.4256 7.0237 1
    endloop
  endfacet
  facet normal -0.989214 -0.146475 0
    outer loop
      vertex 43.4256 7.0237 4.6
      vertex 43.5978 5.86075 1
      vertex 43.5978 5.86075 4.6
    endloop
  endfacet
  facet normal -0.992771 -0.120022 0
    outer loop
      vertex 43.7389 4.69363 1
      vertex 43.5978 5.86075 4.6
      vertex 43.5978 5.86075 1
    endloop
  endfacet
  facet normal -0.992771 -0.120022 0
    outer loop
      vertex 43.5978 5.86075 4.6
      vertex 43.7389 4.69363 1
      vertex 43.7389 4.69363 4.6
    endloop
  endfacet
  facet normal -0.995629 -0.0933984 0
    outer loop
      vertex 43.8487 3.52316 1
      vertex 43.7389 4.69363 4.6
      vertex 43.7389 4.69363 1
    endloop
  endfacet
  facet normal -0.995629 -0.0933984 0
    outer loop
      vertex 43.7389 4.69363 4.6
      vertex 43.8487 3.52316 1
      vertex 43.8487 3.52316 4.6
    endloop
  endfacet
  facet normal -0.997768 -0.0667736 0
    outer loop
      vertex 43.9272 2.35017 1
      vertex 43.8487 3.52316 4.6
      vertex 43.8487 3.52316 1
    endloop
  endfacet
  facet normal -0.997768 -0.0667736 0
    outer loop
      vertex 43.8487 3.52316 4.6
      vertex 43.9272 2.35017 1
      vertex 43.9272 2.35017 4.6
    endloop
  endfacet
  facet normal -0.999198 -0.0400489 0
    outer loop
      vertex 43.9733 1.2 1
      vertex 43.9272 2.35017 4.6
      vertex 43.9272 2.35017 1
    endloop
  endfacet
  facet normal -0.999198 -0.0400489 0
    outer loop
      vertex 43.9272 2.35017 4.6
      vertex 43.9733 1.2 1
      vertex 43.9733 1.2 4.6
    endloop
  endfacet
  facet normal -0.999198 0.0400489 0
    outer loop
      vertex 43.9272 -2.35017 1
      vertex 43.9733 -1.2 4.6
      vertex 43.9733 -1.2 1
    endloop
  endfacet
  facet normal -0.999198 0.0400489 0
    outer loop
      vertex 43.9733 -1.2 4.6
      vertex 43.9272 -2.35017 1
      vertex 43.9272 -2.35017 4.6
    endloop
  endfacet
  facet normal -0.997768 0.0667736 0
    outer loop
      vertex 43.8487 -3.52316 1
      vertex 43.9272 -2.35017 4.6
      vertex 43.9272 -2.35017 1
    endloop
  endfacet
  facet normal -0.997768 0.0667736 0
    outer loop
      vertex 43.9272 -2.35017 4.6
      vertex 43.8487 -3.52316 1
      vertex 43.8487 -3.52316 4.6
    endloop
  endfacet
  facet normal -0.995629 0.0933984 0
    outer loop
      vertex 43.7389 -4.69363 1
      vertex 43.8487 -3.52316 4.6
      vertex 43.8487 -3.52316 1
    endloop
  endfacet
  facet normal -0.995629 0.0933984 0
    outer loop
      vertex 43.8487 -3.52316 4.6
      vertex 43.7389 -4.69363 1
      vertex 43.7389 -4.69363 4.6
    endloop
  endfacet
  facet normal -0.992771 0.120022 0
    outer loop
      vertex 43.5978 -5.86075 1
      vertex 43.7389 -4.69363 4.6
      vertex 43.7389 -4.69363 1
    endloop
  endfacet
  facet normal -0.992771 0.120022 0
    outer loop
      vertex 43.7389 -4.69363 4.6
      vertex 43.5978 -5.86075 1
      vertex 43.5978 -5.86075 4.6
    endloop
  endfacet
  facet normal -0.989214 0.146475 0
    outer loop
      vertex 43.4256 -7.0237 1
      vertex 43.5978 -5.86075 4.6
      vertex 43.5978 -5.86075 1
    endloop
  endfacet
  facet normal -0.989214 0.146475 0
    outer loop
      vertex 43.5978 -5.86075 4.6
      vertex 43.4256 -7.0237 1
      vertex 43.4256 -7.0237 4.6
    endloop
  endfacet
  facet normal -0.984963 0.172765 0
    outer loop
      vertex 43.2225 -8.18161 1
      vertex 43.4256 -7.0237 4.6
      vertex 43.4256 -7.0237 1
    endloop
  endfacet
  facet normal -0.984963 0.172765 0
    outer loop
      vertex 43.4256 -7.0237 4.6
      vertex 43.2225 -8.18161 1
      vertex 43.2225 -8.18161 4.6
    endloop
  endfacet
  facet normal -0.979973 0.199128 0
    outer loop
      vertex 42.9884 -9.33369 1
      vertex 43.2225 -8.18161 4.6
      vertex 43.2225 -8.18161 1
    endloop
  endfacet
  facet normal -0.979973 0.199128 0
    outer loop
      vertex 43.2225 -8.18161 4.6
      vertex 42.9884 -9.33369 1
      vertex 42.9884 -9.33369 4.6
    endloop
  endfacet
  facet normal 0.212178 0.977231 -0
    outer loop
      vertex 42.9884 -9.33369 1
      vertex 19.5544 -4.24567 4.6
      vertex 42.9884 -9.33369 4.6
    endloop
  endfacet
  facet normal 0.212178 0.977231 0
    outer loop
      vertex 19.5544 -4.24567 4.6
      vertex 42.9884 -9.33369 1
      vertex 19.5544 -4.24567 1
    endloop
  endfacet
  facet normal 0 0 1
    outer loop
      vertex 18.6728 3.5 5.6
      vertex 17.25 0 5.6
      vertex 18.6728 -3.5 5.6
    endloop
  endfacet
  facet normal 0 0 1
    outer loop
      vertex 18.6728 3.5 5.6
      vertex 17.2416 0.17153 5.6
      vertex 17.25 0 5.6
    endloop
  endfacet
  facet normal 0 0 1
    outer loop
      vertex 18.6728 3.5 5.6
      vertex 17.2164 0.341408 5.6
      vertex 17.2416 0.17153 5.6
    endloop
  endfacet
  facet normal 0 0 1
    outer loop
      vertex 18.6728 3.5 5.6
      vertex 17.1746 0.507998 5.6
      vertex 17.2164 0.341408 5.6
    endloop
  endfacet
  facet normal 0 0 1
    outer loop
      vertex 18.6728 3.5 5.6
      vertex 17.1168 0.669696 5.6
      vertex 17.1746 0.507998 5.6
    endloop
  endfacet
  facet normal 0 0 1
    outer loop
      vertex 18.6728 3.5 5.6
      vertex 17.0434 0.824944 5.6
      vertex 17.1168 0.669696 5.6
    endloop
  endfacet
  facet normal 0 0 1
    outer loop
      vertex 18.6728 3.5 5.6
      vertex 16.9551 0.972247 5.6
      vertex 17.0434 0.824944 5.6
    endloop
  endfacet
  facet normal 0 0 1
    outer loop
      vertex 18.6728 3.5 5.6
      vertex 16.8528 1.11019 5.6
      vertex 16.9551 0.972247 5.6
    endloop
  endfacet
  facet normal 0 0 1
    outer loop
      vertex 18.6728 3.5 5.6
      vertex 16.7374 1.23744 5.6
      vertex 16.8528 1.11019 5.6
    endloop
  endfacet
  facet normal 0 0 1
    outer loop
      vertex 18.6728 3.5 5.6
      vertex 16.6102 1.35277 5.6
      vertex 16.7374 1.23744 5.6
    endloop
  endfacet
  facet normal 0 0 1
    outer loop
      vertex 18.6728 3.5 5.6
      vertex 16.4722 1.45507 5.6
      vertex 16.6102 1.35277 5.6
    endloop
  endfacet
  facet normal 0 0 1
    outer loop
      vertex 18.6728 3.5 5.6
      vertex 16.3249 1.54336 5.6
      vertex 16.4722 1.45507 5.6
    endloop
  endfacet
  facet normal 0 0 1
    outer loop
      vertex 18.6728 3.5 5.6
      vertex 16.1697 1.61679 5.6
      vertex 16.3249 1.54336 5.6
    endloop
  endfacet
  facet normal 0 0 1
    outer loop
      vertex 18.6728 3.5 5.6
      vertex 16.008 1.67465 5.6
      vertex 16.1697 1.61679 5.6
    endloop
  endfacet
  facet normal 0 0 1
    outer loop
      vertex 18.6728 3.5 5.6
      vertex 15.8414 1.71637 5.6
      vertex 16.008 1.67465 5.6
    endloop
  endfacet
  facet normal 0 0 1
    outer loop
      vertex 18.6728 3.5 5.6
      vertex 15.6715 1.74157 5.6
      vertex 15.8414 1.71637 5.6
    endloop
  endfacet
  facet normal 0 0 1
    outer loop
      vertex 18.6728 3.5 5.6
      vertex 15.5 1.75 5.6
      vertex 15.6715 1.74157 5.6
    endloop
  endfacet
  facet normal 0 0 1
    outer loop
      vertex 18.6728 3.5 5.6
      vertex 15.3285 1.74157 5.6
      vertex 15.5 1.75 5.6
    endloop
  endfacet
  facet normal -0 0 1
    outer loop
      vertex 11 3.5 5.6
      vertex 15.3285 1.74157 5.6
      vertex 18.6728 3.5 5.6
    endloop
  endfacet
  facet normal 0 0 1
    outer loop
      vertex 15.3285 1.74157 5.6
      vertex 11 3.5 5.6
      vertex 15.1586 1.71637 5.6
    endloop
  endfacet
  facet normal 0 0 1
    outer loop
      vertex 15.1586 1.71637 5.6
      vertex 11 3.5 5.6
      vertex 14.992 1.67465 5.6
    endloop
  endfacet
  facet normal 0 0 1
    outer loop
      vertex 14.992 1.67465 5.6
      vertex 11 3.5 5.6
      vertex 14.8303 1.61679 5.6
    endloop
  endfacet
  facet normal 0 0 1
    outer loop
      vertex 13.7584 0.17153 5.6
      vertex 11 3.5 5.6
      vertex 13.75 0 5.6
    endloop
  endfacet
  facet normal 0 0 1
    outer loop
      vertex 13.7836 0.341408 5.6
      vertex 11 3.5 5.6
      vertex 13.7584 0.17153 5.6
    endloop
  endfacet
  facet normal 0 0 1
    outer loop
      vertex 13.8254 0.507998 5.6
      vertex 11 3.5 5.6
      vertex 13.7836 0.341408 5.6
    endloop
  endfacet
  facet normal 0 0 1
    outer loop
      vertex 13.8832 0.669696 5.6
      vertex 11 3.5 5.6
      vertex 13.8254 0.507998 5.6
    endloop
  endfacet
  facet normal 0 0 1
    outer loop
      vertex 13.9566 0.824944 5.6
      vertex 11 3.5 5.6
      vertex 13.8832 0.669696 5.6
    endloop
  endfacet
  facet normal 0 0 1
    outer loop
      vertex 14.0449 0.972247 5.6
      vertex 11 3.5 5.6
      vertex 13.9566 0.824944 5.6
    endloop
  endfacet
  facet normal 0 0 1
    outer loop
      vertex 14.1472 1.11019 5.6
      vertex 11 3.5 5.6
      vertex 14.0449 0.972247 5.6
    endloop
  endfacet
  facet normal 0 0 1
    outer loop
      vertex 14.2626 1.23744 5.6
      vertex 11 3.5 5.6
      vertex 14.1472 1.11019 5.6
    endloop
  endfacet
  facet normal 0 0 1
    outer loop
      vertex 14.3898 1.35277 5.6
      vertex 11 3.5 5.6
      vertex 14.2626 1.23744 5.6
    endloop
  endfacet
  facet normal 0 0 1
    outer loop
      vertex 14.5278 1.45507 5.6
      vertex 11 3.5 5.6
      vertex 14.3898 1.35277 5.6
    endloop
  endfacet
  facet normal 0 0 1
    outer loop
      vertex 14.6751 1.54336 5.6
      vertex 11 3.5 5.6
      vertex 14.5278 1.45507 5.6
    endloop
  endfacet
  facet normal 0 0 1
    outer loop
      vertex 14.8303 1.61679 5.6
      vertex 11 3.5 5.6
      vertex 14.6751 1.54336 5.6
    endloop
  endfacet
  facet normal 0 0 1
    outer loop
      vertex 18.5099 4.28792 5.6
      vertex 19.2625 5.47337 5.6
      vertex 18.6393 5.02893 5.6
    endloop
  endfacet
  facet normal 0 0 1
    outer loop
      vertex 19.2625 5.47337 5.6
      vertex 18.6267 3.74734 5.6
      vertex 18.6728 3.5 5.6
    endloop
  endfacet
  facet normal 0 0 1
    outer loop
      vertex 18.5099 4.28792 5.6
      vertex 18.6393 5.02893 5.6
      vertex 18.5915 4.94325 5.6
    endloop
  endfacet
  facet normal 0 0 1
    outer loop
      vertex 18.5099 4.28792 5.6
      vertex 18.5915 4.94325 5.6
      vertex 18.5523 4.8533 5.6
    endloop
  endfacet
  facet normal 0 0 1
    outer loop
      vertex 18.5099 4.28792 5.6
      vertex 18.5523 4.8533 5.6
      vertex 18.522 4.75993 5.6
    endloop
  endfacet
  facet normal 0 0 1
    outer loop
      vertex 19.2625 5.47337 5.6
      vertex 18.5099 4.28792 5.6
      vertex 18.6267 3.74734 5.6
    endloop
  endfacet
  facet normal -0 0 1
    outer loop
      vertex 18.5011 4.66406 5.6
      vertex 18.5099 4.28792 5.6
      vertex 18.522 4.75993 5.6
    endloop
  endfacet
  facet normal 0 0 1
    outer loop
      vertex 18.5011 4.66406 5.6
      vertex 18.4957 4.37065 5.6
      vertex 18.5099 4.28792 5.6
    endloop
  endfacet
  facet normal -0 0 1
    outer loop
      vertex 18.4897 4.56659 5.6
      vertex 18.4957 4.37065 5.6
      vertex 18.5011 4.66406 5.6
    endloop
  endfacet
  facet normal 0 0 1
    outer loop
      vertex 18.4957 4.37065 5.6
      vertex 18.4897 4.56659 5.6
      vertex 18.4879 4.46848 5.6
    endloop
  endfacet
  facet normal 0 0 1
    outer loop
      vertex 18.6728 3.5 5.6
      vertex 44.9999 0.0141907 5.6
      vertex 44.9822 1.26193 5.6
    endloop
  endfacet
  facet normal 0 0 1
    outer loop
      vertex 44.9999 0.0141907 5.6
      vertex 18.6728 3.5 5.6
      vertex 44.9999 -0.0141907 5.6
    endloop
  endfacet
  facet normal 0 0 1
    outer loop
      vertex 19.2625 5.47337 5.6
      vertex 44.9822 1.26193 5.6
      vertex 44.9814 1.29027 5.6
    endloop
  endfacet
  facet normal 0 0 1
    outer loop
      vertex 18.6728 -3.5 5.6
      vertex 44.9999 -0.0141907 5.6
      vertex 18.6728 3.5 5.6
    endloop
  endfacet
  facet normal 0 0 1
    outer loop
      vertex 19.2625 5.47337 5.6
      vertex 44.9814 1.29027 5.6
      vertex 44.9283 2.537 5.6
    endloop
  endfacet
  facet normal 0 0 1
    outer loop
      vertex 44.9999 -0.0141907 5.6
      vertex 18.6728 -3.5 5.6
      vertex 44.9822 -1.26193 5.6
    endloop
  endfacet
  facet normal 0 0 1
    outer loop
      vertex 19.2625 5.47337 5.6
      vertex 44.9283 2.537 5.6
      vertex 44.9267 2.56532 5.6
    endloop
  endfacet
  facet normal 0 -0 1
    outer loop
      vertex 19.2625 -5.47337 5.6
      vertex 44.9822 -1.26193 5.6
      vertex 18.6728 -3.5 5.6
    endloop
  endfacet
  facet normal 0 0 1
    outer loop
      vertex 19.2625 5.47337 5.6
      vertex 44.9267 2.56532 5.6
      vertex 44.8383 3.81006 5.6
    endloop
  endfacet
  facet normal 0 0 1
    outer loop
      vertex 44.9822 -1.26193 5.6
      vertex 19.2625 -5.47337 5.6
      vertex 44.9814 -1.29027 5.6
    endloop
  endfacet
  facet normal 0 0 1
    outer loop
      vertex 19.2625 5.47337 5.6
      vertex 44.8383 3.81006 5.6
      vertex 44.8359 3.83832 5.6
    endloop
  endfacet
  facet normal 0 0 1
    outer loop
      vertex 44.9814 -1.29027 5.6
      vertex 19.2625 -5.47337 5.6
      vertex 44.9283 -2.537 5.6
    endloop
  endfacet
  facet normal 0 0 1
    outer loop
      vertex 19.2625 5.47337 5.6
      vertex 44.8359 3.83832 5.6
      vertex 44.7122 5.08003 5.6
    endloop
  endfacet
  facet normal 0 0 1
    outer loop
      vertex 44.9283 -2.537 5.6
      vertex 19.2625 -5.47337 5.6
      vertex 44.9267 -2.56532 5.6
    endloop
  endfacet
  facet normal 0 0 1
    outer loop
      vertex 19.2625 5.47337 5.6
      vertex 44.7122 5.08003 5.6
      vertex 44.709 5.1082 5.6
    endloop
  endfacet
  facet normal 0 0 1
    outer loop
      vertex 44.9267 -2.56532 5.6
      vertex 19.2625 -5.47337 5.6
      vertex 44.8383 -3.81006 5.6
    endloop
  endfacet
  facet normal 0 0 1
    outer loop
      vertex 42.6473 10.8722 5.6
      vertex 44.709 5.1082 5.6
      vertex 44.5502 6.34593 5.6
    endloop
  endfacet
  facet normal 0 0 1
    outer loop
      vertex 44.8383 -3.81006 5.6
      vertex 19.2625 -5.47337 5.6
      vertex 44.8359 -3.83832 5.6
    endloop
  endfacet
  facet normal 0 0 1
    outer loop
      vertex 42.6473 10.8722 5.6
      vertex 44.5502 6.34593 5.6
      vertex 44.5462 6.37401 5.6
    endloop
  endfacet
  facet normal 0 0 1
    outer loop
      vertex 44.8359 -3.83832 5.6
      vertex 19.2625 -5.47337 5.6
      vertex 44.7122 -5.08003 5.6
    endloop
  endfacet
  facet normal 0 0 1
    outer loop
      vertex 42.6473 10.8722 5.6
      vertex 44.5462 6.37401 5.6
      vertex 44.3523 7.60672 5.6
    endloop
  endfacet
  facet normal 0 0 1
    outer loop
      vertex 44.7122 -5.08003 5.6
      vertex 19.2625 -5.47337 5.6
      vertex 44.709 -5.1082 5.6
    endloop
  endfacet
  facet normal 0 0 1
    outer loop
      vertex 42.6473 10.8722 5.6
      vertex 44.3523 7.60672 5.6
      vertex 44.3475 7.63467 5.6
    endloop
  endfacet
  facet normal 0 -0 1
    outer loop
      vertex 42.6473 -10.8722 5.6
      vertex 44.709 -5.1082 5.6
      vertex 19.2625 -5.47337 5.6
    endloop
  endfacet
  facet normal 0 0 1
    outer loop
      vertex 42.6473 10.8722 5.6
      vertex 44.3475 7.63467 5.6
      vertex 44.1188 8.8614 5.6
    endloop
  endfacet
  facet normal 0 0 1
    outer loop
      vertex 44.709 -5.1082 5.6
      vertex 42.6473 -10.8722 5.6
      vertex 44.5502 -6.34593 5.6
    endloop
  endfacet
  facet normal 0 0 1
    outer loop
      vertex 42.6473 10.8722 5.6
      vertex 44.1188 8.8614 5.6
      vertex 44.1132 8.88922 5.6
    endloop
  endfacet
  facet normal 0 0 1
    outer loop
      vertex 44.5502 -6.34593 5.6
      vertex 42.6473 -10.8722 5.6
      vertex 44.5462 -6.37401 5.6
    endloop
  endfacet
  facet normal 0 0 1
    outer loop
      vertex 42.6473 10.8722 5.6
      vertex 44.1132 8.88922 5.6
      vertex 43.8497 10.109 5.6
    endloop
  endfacet
  facet normal 0 0 1
    outer loop
      vertex 44.709 5.1082 5.6
      vertex 42.6473 10.8722 5.6
      vertex 19.2625 5.47337 5.6
    endloop
  endfacet
  facet normal 0 0 1
    outer loop
      vertex 42.6473 10.8722 5.6
      vertex 43.8497 10.109 5.6
      vertex 43.8243 10.2038 5.6
    endloop
  endfacet
  facet normal 0 0 1
    outer loop
      vertex 44.5462 -6.37401 5.6
      vertex 42.6473 -10.8722 5.6
      vertex 44.3523 -7.60672 5.6
    endloop
  endfacet
  facet normal 0 0 1
    outer loop
      vertex 42.6473 10.8722 5.6
      vertex 43.8243 10.2038 5.6
      vertex 43.7898 10.2956 5.6
    endloop
  endfacet
  facet normal 0 0 1
    outer loop
      vertex 44.1132 -8.88922 5.6
      vertex 42.6473 -10.8722 5.6
      vertex 43.8497 -10.109 5.6
    endloop
  endfacet
  facet normal 0 0 1
    outer loop
      vertex 42.6473 10.8722 5.6
      vertex 43.7898 10.2956 5.6
      vertex 43.7464 10.3836 5.6
    endloop
  endfacet
  facet normal 0 0 1
    outer loop
      vertex 43.8497 -10.109 5.6
      vertex 42.6473 -10.8722 5.6
      vertex 43.8199 -10.2172 5.6
    endloop
  endfacet
  facet normal 0 0 1
    outer loop
      vertex 42.6473 10.8722 5.6
      vertex 43.7464 10.3836 5.6
      vertex 43.6945 10.4669 5.6
    endloop
  endfacet
  facet normal 0 0 1
    outer loop
      vertex 43.8199 -10.2172 5.6
      vertex 42.6473 -10.8722 5.6
      vertex 43.784 -10.3086 5.6
    endloop
  endfacet
  facet normal 0 0 1
    outer loop
      vertex 42.6473 10.8722 5.6
      vertex 43.6945 10.4669 5.6
      vertex 43.6348 10.5448 5.6
    endloop
  endfacet
  facet normal 0 0 1
    outer loop
      vertex 43.784 -10.3086 5.6
      vertex 42.6473 -10.8722 5.6
      vertex 43.7394 -10.396 5.6
    endloop
  endfacet
  facet normal 0 0 1
    outer loop
      vertex 42.6473 10.8722 5.6
      vertex 43.6348 10.5448 5.6
      vertex 43.5677 10.6164 5.6
    endloop
  endfacet
  facet normal 0 0 1
    outer loop
      vertex 43.7394 -10.396 5.6
      vertex 42.6473 -10.8722 5.6
      vertex 43.6864 -10.4785 5.6
    endloop
  endfacet
  facet normal 0 0 1
    outer loop
      vertex 42.6473 10.8722 5.6
      vertex 43.5677 10.6164 5.6
      vertex 43.4939 10.6811 5.6
    endloop
  endfacet
  facet normal 0 0 1
    outer loop
      vertex 43.6864 -10.4785 5.6
      vertex 42.6473 -10.8722 5.6
      vertex 43.6255 -10.5555 5.6
    endloop
  endfacet
  facet normal 0 0 1
    outer loop
      vertex 42.6473 10.8722 5.6
      vertex 43.4939 10.6811 5.6
      vertex 43.4142 10.7383 5.6
    endloop
  endfacet
  facet normal 0 0 1
    outer loop
      vertex 43.6255 -10.5555 5.6
      vertex 42.6473 -10.8722 5.6
      vertex 43.5574 -10.6262 5.6
    endloop
  endfacet
  facet normal 0 0 1
    outer loop
      vertex 42.6473 10.8722 5.6
      vertex 43.4142 10.7383 5.6
      vertex 43.3292 10.7874 5.6
    endloop
  endfacet
  facet normal 0 0 1
    outer loop
      vertex 43.5574 -10.6262 5.6
      vertex 42.6473 -10.8722 5.6
      vertex 43.4828 -10.6899 5.6
    endloop
  endfacet
  facet normal 0 0 1
    outer loop
      vertex 42.6473 10.8722 5.6
      vertex 43.3292 10.7874 5.6
      vertex 43.2398 10.8279 5.6
    endloop
  endfacet
  facet normal 0 0 1
    outer loop
      vertex 43.4828 -10.6899 5.6
      vertex 42.6473 -10.8722 5.6
      vertex 43.4022 -10.7459 5.6
    endloop
  endfacet
  facet normal 0 0 1
    outer loop
      vertex 42.6473 10.8722 5.6
      vertex 43.2398 10.8279 5.6
      vertex 43.1469 10.8594 5.6
    endloop
  endfacet
  facet normal 0 0 1
    outer loop
      vertex 43.4022 -10.7459 5.6
      vertex 42.6473 -10.8722 5.6
      vertex 43.3165 -10.7937 5.6
    endloop
  endfacet
  facet normal -0 0 1
    outer loop
      vertex 42.6473 10.8722 5.6
      vertex 43.1469 10.8594 5.6
      vertex 43.0513 10.8817 5.6
    endloop
  endfacet
  facet normal 0 0 1
    outer loop
      vertex 43.3165 -10.7937 5.6
      vertex 42.6473 -10.8722 5.6
      vertex 43.2266 -10.833 5.6
    endloop
  endfacet
  facet normal 0 0 1
    outer loop
      vertex 42.6473 10.8722 5.6
      vertex 43.0513 10.8817 5.6
      vertex 42.954 10.8945 5.6
    endloop
  endfacet
  facet normal 0 0 1
    outer loop
      vertex 43.2266 -10.833 5.6
      vertex 42.6473 -10.8722 5.6
      vertex 43.1332 -10.8632 5.6
    endloop
  endfacet
  facet normal 0 0 1
    outer loop
      vertex 42.6473 10.8722 5.6
      vertex 42.954 10.8945 5.6
      vertex 42.8559 10.8977 5.6
    endloop
  endfacet
  facet normal 0 0 1
    outer loop
      vertex 43.1332 -10.8632 5.6
      vertex 42.6473 -10.8722 5.6
      vertex 43.0373 -10.8841 5.6
    endloop
  endfacet
  facet normal 0 0 1
    outer loop
      vertex 42.6473 10.8722 5.6
      vertex 42.8559 10.8977 5.6
      vertex 42.758 10.8913 5.6
    endloop
  endfacet
  facet normal 0 0 1
    outer loop
      vertex 43.0373 -10.8841 5.6
      vertex 42.6473 -10.8722 5.6
      vertex 42.9398 -10.8956 5.6
    endloop
  endfacet
  facet normal 0 0 1
    outer loop
      vertex 42.9398 -10.8956 5.6
      vertex 42.6473 -10.8722 5.6
      vertex 42.8417 -10.8974 5.6
    endloop
  endfacet
  facet normal 0 0 1
    outer loop
      vertex 42.8417 -10.8974 5.6
      vertex 42.6473 -10.8722 5.6
      vertex 42.7439 -10.8896 5.6
    endloop
  endfacet
  facet normal 0 0 1
    outer loop
      vertex 44.9822 1.26193 5.6
      vertex 19.2625 5.47337 5.6
      vertex 18.6728 3.5 5.6
    endloop
  endfacet
  facet normal 0 0 1
    outer loop
      vertex 44.3523 -7.60672 5.6
      vertex 42.6473 -10.8722 5.6
      vertex 44.3475 -7.63467 5.6
    endloop
  endfacet
  facet normal 0 0 1
    outer loop
      vertex 44.1188 -8.8614 5.6
      vertex 42.6473 -10.8722 5.6
      vertex 44.1132 -8.88922 5.6
    endloop
  endfacet
  facet normal 0 0 1
    outer loop
      vertex 18.6954 5.1095 5.6
      vertex 19.2625 5.47337 5.6
      vertex 19.168 5.44664 5.6
    endloop
  endfacet
  facet normal -0 0 1
    outer loop
      vertex 18.6267 -3.74734 5.6
      vertex 19.2625 -5.47337 5.6
      vertex 18.6728 -3.5 5.6
    endloop
  endfacet
  facet normal 0 0 1
    outer loop
      vertex 18.6954 5.1095 5.6
      vertex 19.168 5.44664 5.6
      vertex 19.0767 5.41077 5.6
    endloop
  endfacet
  facet normal -0 0 1
    outer loop
      vertex 18.5099 -4.28792 5.6
      vertex 19.2625 -5.47337 5.6
      vertex 18.6267 -3.74734 5.6
    endloop
  endfacet
  facet normal 0 0 1
    outer loop
      vertex 18.6954 5.1095 5.6
      vertex 19.0767 5.41077 5.6
      vertex 18.9893 5.36612 5.6
    endloop
  endfacet
  facet normal 0 0 1
    outer loop
      vertex 19.2625 -5.47337 5.6
      vertex 18.5099 -4.28792 5.6
      vertex 19.1815 -5.45108 5.6
    endloop
  endfacet
  facet normal 0 0 1
    outer loop
      vertex 18.6954 5.1095 5.6
      vertex 18.9893 5.36612 5.6
      vertex 18.9067 5.31313 5.6
    endloop
  endfacet
  facet normal 0 0 1
    outer loop
      vertex 19.1815 -5.45108 5.6
      vertex 18.5099 -4.28792 5.6
      vertex 19.0897 -5.4165 5.6
    endloop
  endfacet
  facet normal 0 0 1
    outer loop
      vertex 18.6954 5.1095 5.6
      vertex 18.9067 5.31313 5.6
      vertex 18.8297 5.25229 5.6
    endloop
  endfacet
  facet normal 0 0 1
    outer loop
      vertex 19.0897 -5.4165 5.6
      vertex 18.5099 -4.28792 5.6
      vertex 19.0016 -5.37311 5.6
    endloop
  endfacet
  facet normal 0 0 1
    outer loop
      vertex 18.6954 5.1095 5.6
      vertex 18.8297 5.25229 5.6
      vertex 18.759 5.18419 5.6
    endloop
  endfacet
  facet normal 0 0 1
    outer loop
      vertex 19.0016 -5.37311 5.6
      vertex 18.5099 -4.28792 5.6
      vertex 18.9183 -5.32129 5.6
    endloop
  endfacet
  facet normal 0 0 1
    outer loop
      vertex 18.6393 5.02893 5.6
      vertex 19.2625 5.47337 5.6
      vertex 18.6954 5.1095 5.6
    endloop
  endfacet
  facet normal 0 0 1
    outer loop
      vertex 44.3475 -7.63467 5.6
      vertex 42.6473 -10.8722 5.6
      vertex 44.1188 -8.8614 5.6
    endloop
  endfacet
  facet normal 0 0 1
    outer loop
      vertex 18.9183 -5.32129 5.6
      vertex 18.5099 -4.28792 5.6
      vertex 18.8405 -5.26155 5.6
    endloop
  endfacet
  facet normal 0 0 1
    outer loop
      vertex 18.8405 -5.26155 5.6
      vertex 18.5099 -4.28792 5.6
      vertex 18.7688 -5.19446 5.6
    endloop
  endfacet
  facet normal 0 0 1
    outer loop
      vertex 18.7688 -5.19446 5.6
      vertex 18.5099 -4.28792 5.6
      vertex 18.7041 -5.12068 5.6
    endloop
  endfacet
  facet normal 0 0 1
    outer loop
      vertex 18.7041 -5.12068 5.6
      vertex 18.5099 -4.28792 5.6
      vertex 18.647 -5.04091 5.6
    endloop
  endfacet
  facet normal 0 0 1
    outer loop
      vertex 18.647 -5.04091 5.6
      vertex 18.5099 -4.28792 5.6
      vertex 18.5979 -4.95593 5.6
    endloop
  endfacet
  facet normal 0 0 1
    outer loop
      vertex 18.5979 -4.95593 5.6
      vertex 18.5099 -4.28792 5.6
      vertex 18.5574 -4.86653 5.6
    endloop
  endfacet
  facet normal 0 0 1
    outer loop
      vertex 18.5574 -4.86653 5.6
      vertex 18.5099 -4.28792 5.6
      vertex 18.5258 -4.77361 5.6
    endloop
  endfacet
  facet normal 0 0 1
    outer loop
      vertex 18.5099 -4.28792 5.6
      vertex 18.5036 -4.67804 5.6
      vertex 18.5258 -4.77361 5.6
    endloop
  endfacet
  facet normal -0 0 1
    outer loop
      vertex 18.4939 -4.38474 5.6
      vertex 18.5036 -4.67804 5.6
      vertex 18.5099 -4.28792 5.6
    endloop
  endfacet
  facet normal 0 0 1
    outer loop
      vertex 18.4939 -4.38474 5.6
      vertex 18.4907 -4.58075 5.6
      vertex 18.5036 -4.67804 5.6
    endloop
  endfacet
  facet normal 0 -0 1
    outer loop
      vertex 18.4907 -4.58075 5.6
      vertex 18.4939 -4.38474 5.6
      vertex 18.4875 -4.48267 5.6
    endloop
  endfacet
  facet normal -0 0 1
    outer loop
      vertex 17.2416 -0.17153 5.6
      vertex 18.6728 -3.5 5.6
      vertex 17.25 0 5.6
    endloop
  endfacet
  facet normal -0 0 1
    outer loop
      vertex 17.2164 -0.341408 5.6
      vertex 18.6728 -3.5 5.6
      vertex 17.2416 -0.17153 5.6
    endloop
  endfacet
  facet normal -0 0 1
    outer loop
      vertex 17.1746 -0.507998 5.6
      vertex 18.6728 -3.5 5.6
      vertex 17.2164 -0.341408 5.6
    endloop
  endfacet
  facet normal -0 0 1
    outer loop
      vertex 17.1168 -0.669696 5.6
      vertex 18.6728 -3.5 5.6
      vertex 17.1746 -0.507998 5.6
    endloop
  endfacet
  facet normal -0 0 1
    outer loop
      vertex 17.0434 -0.824944 5.6
      vertex 18.6728 -3.5 5.6
      vertex 17.1168 -0.669696 5.6
    endloop
  endfacet
  facet normal -0 0 1
    outer loop
      vertex 16.9551 -0.972247 5.6
      vertex 18.6728 -3.5 5.6
      vertex 17.0434 -0.824944 5.6
    endloop
  endfacet
  facet normal -0 0 1
    outer loop
      vertex 16.8528 -1.11019 5.6
      vertex 18.6728 -3.5 5.6
      vertex 16.9551 -0.972247 5.6
    endloop
  endfacet
  facet normal -0 0 1
    outer loop
      vertex 16.7374 -1.23744 5.6
      vertex 18.6728 -3.5 5.6
      vertex 16.8528 -1.11019 5.6
    endloop
  endfacet
  facet normal -0 0 1
    outer loop
      vertex 16.6102 -1.35277 5.6
      vertex 18.6728 -3.5 5.6
      vertex 16.7374 -1.23744 5.6
    endloop
  endfacet
  facet normal -0 0 1
    outer loop
      vertex 16.4722 -1.45507 5.6
      vertex 18.6728 -3.5 5.6
      vertex 16.6102 -1.35277 5.6
    endloop
  endfacet
  facet normal -0 0 1
    outer loop
      vertex 16.3249 -1.54336 5.6
      vertex 18.6728 -3.5 5.6
      vertex 16.4722 -1.45507 5.6
    endloop
  endfacet
  facet normal -0 0 1
    outer loop
      vertex 16.1697 -1.61679 5.6
      vertex 18.6728 -3.5 5.6
      vertex 16.3249 -1.54336 5.6
    endloop
  endfacet
  facet normal -0 0 1
    outer loop
      vertex 16.008 -1.67465 5.6
      vertex 18.6728 -3.5 5.6
      vertex 16.1697 -1.61679 5.6
    endloop
  endfacet
  facet normal -0 0 1
    outer loop
      vertex 15.8414 -1.71637 5.6
      vertex 18.6728 -3.5 5.6
      vertex 16.008 -1.67465 5.6
    endloop
  endfacet
  facet normal -0 0 1
    outer loop
      vertex 15.6715 -1.74157 5.6
      vertex 18.6728 -3.5 5.6
      vertex 15.8414 -1.71637 5.6
    endloop
  endfacet
  facet normal -0 0 1
    outer loop
      vertex 15.5 -1.75 5.6
      vertex 18.6728 -3.5 5.6
      vertex 15.6715 -1.74157 5.6
    endloop
  endfacet
  facet normal 0 0 1
    outer loop
      vertex 15.3285 -1.74157 5.6
      vertex 18.6728 -3.5 5.6
      vertex 15.5 -1.75 5.6
    endloop
  endfacet
  facet normal 0 0 1
    outer loop
      vertex 11 -3.5 5.6
      vertex 15.3285 -1.74157 5.6
      vertex 15.1586 -1.71637 5.6
    endloop
  endfacet
  facet normal 0 0 1
    outer loop
      vertex 11 -3.5 5.6
      vertex 15.1586 -1.71637 5.6
      vertex 14.992 -1.67465 5.6
    endloop
  endfacet
  facet normal 0 0 1
    outer loop
      vertex 11 -3.5 5.6
      vertex 14.992 -1.67465 5.6
      vertex 14.8303 -1.61679 5.6
    endloop
  endfacet
  facet normal 0 0 1
    outer loop
      vertex 11 -3.5 5.6
      vertex 14.8303 -1.61679 5.6
      vertex 14.6751 -1.54336 5.6
    endloop
  endfacet
  facet normal 0 0 1
    outer loop
      vertex 11 -3.5 5.6
      vertex 13.75 0 5.6
      vertex 11 3.5 5.6
    endloop
  endfacet
  facet normal 0 0 1
    outer loop
      vertex 13.75 0 5.6
      vertex 11 -3.5 5.6
      vertex 13.7584 -0.17153 5.6
    endloop
  endfacet
  facet normal 0 0 1
    outer loop
      vertex 13.7584 -0.17153 5.6
      vertex 11 -3.5 5.6
      vertex 13.7836 -0.341408 5.6
    endloop
  endfacet
  facet normal 0 0 1
    outer loop
      vertex 13.7836 -0.341408 5.6
      vertex 11 -3.5 5.6
      vertex 13.8254 -0.507998 5.6
    endloop
  endfacet
  facet normal 0 0 1
    outer loop
      vertex 13.8254 -0.507998 5.6
      vertex 11 -3.5 5.6
      vertex 13.8832 -0.669696 5.6
    endloop
  endfacet
  facet normal 0 0 1
    outer loop
      vertex 13.8832 -0.669696 5.6
      vertex 11 -3.5 5.6
      vertex 13.9566 -0.824944 5.6
    endloop
  endfacet
  facet normal 0 0 1
    outer loop
      vertex 15.3285 -1.74157 5.6
      vertex 11 -3.5 5.6
      vertex 18.6728 -3.5 5.6
    endloop
  endfacet
  facet normal 0 0 1
    outer loop
      vertex 14.5278 -1.45507 5.6
      vertex 11 -3.5 5.6
      vertex 14.6751 -1.54336 5.6
    endloop
  endfacet
  facet normal 0 0 1
    outer loop
      vertex 14.3898 -1.35277 5.6
      vertex 11 -3.5 5.6
      vertex 14.5278 -1.45507 5.6
    endloop
  endfacet
  facet normal 0 0 1
    outer loop
      vertex 14.2626 -1.23744 5.6
      vertex 11 -3.5 5.6
      vertex 14.3898 -1.35277 5.6
    endloop
  endfacet
  facet normal 0 0 1
    outer loop
      vertex 14.1472 -1.11019 5.6
      vertex 11 -3.5 5.6
      vertex 14.2626 -1.23744 5.6
    endloop
  endfacet
  facet normal 0 0 1
    outer loop
      vertex 14.0449 -0.972247 5.6
      vertex 11 -3.5 5.6
      vertex 14.1472 -1.11019 5.6
    endloop
  endfacet
  facet normal 0 0 1
    outer loop
      vertex 13.9566 -0.824944 5.6
      vertex 11 -3.5 5.6
      vertex 14.0449 -0.972247 5.6
    endloop
  endfacet
  facet normal 1 -0 0
    outer loop
      vertex 20 0.605816 4.6
      vertex 20 3.5 1
      vertex 20 3.5 4.6
    endloop
  endfacet
  facet normal 1 0 0
    outer loop
      vertex 20 3.5 1
      vertex 20 0.605816 4.6
      vertex 20 0.605816 1
    endloop
  endfacet
  facet normal 1 -0 0
    outer loop
      vertex 20 -3.5 4.6
      vertex 20 -0.605816 1
      vertex 20 -0.605816 4.6
    endloop
  endfacet
  facet normal 1 0 0
    outer loop
      vertex 20 -0.605816 1
      vertex 20 -3.5 4.6
      vertex 20 -3.5 1
    endloop
  endfacet
  facet normal -1 0 0
    outer loop
      vertex 11 -3.5 0
      vertex 11 3.5 5.6
      vertex 11 3.5 0
    endloop
  endfacet
  facet normal -1 -0 0
    outer loop
      vertex 11 3.5 5.6
      vertex 11 -3.5 0
      vertex 11 -3.5 5.6
    endloop
  endfacet
  facet normal 0 1 -0
    outer loop
      vertex 18.6728 3.5 0
      vertex 11 3.5 5.6
      vertex 18.6728 3.5 5.6
    endloop
  endfacet
  facet normal 0 1 0
    outer loop
      vertex 11 3.5 5.6
      vertex 18.6728 3.5 0
      vertex 11 3.5 0
    endloop
  endfacet
  facet normal 0 1 -0
    outer loop
      vertex 20 3.5 1
      vertex 19.6997 3.5 4.6
      vertex 20 3.5 4.6
    endloop
  endfacet
  facet normal 0 1 0
    outer loop
      vertex 19.6997 3.5 4.6
      vertex 20 3.5 1
      vertex 19.6997 3.5 1
    endloop
  endfacet
  facet normal 0 -1 0
    outer loop
      vertex 11 -3.5 0
      vertex 18.6728 -3.5 5.6
      vertex 11 -3.5 5.6
    endloop
  endfacet
  facet normal 0 -1 -0
    outer loop
      vertex 18.6728 -3.5 5.6
      vertex 11 -3.5 0
      vertex 18.6728 -3.5 0
    endloop
  endfacet
  facet normal 0 -1 0
    outer loop
      vertex 19.6997 -3.5 1
      vertex 20 -3.5 4.6
      vertex 19.6997 -3.5 4.6
    endloop
  endfacet
  facet normal 0 -1 -0
    outer loop
      vertex 20 -3.5 4.6
      vertex 19.6997 -3.5 1
      vertex 20 -3.5 1
    endloop
  endfacet
  facet normal 0 0 -1
    outer loop
      vertex 42 -1.2 4.7
      vertex 44.9999 -0.0141907 4.7
      vertex 44.9831 -1.2 4.7
    endloop
  endfacet
  facet normal -0 0 -1
    outer loop
      vertex 44.9999 -0.0141907 4.7
      vertex 42 -1.2 4.7
      vertex 44.9999 0.0141907 4.7
    endloop
  endfacet
  facet normal 0 0 -1
    outer loop
      vertex 42 1.2 4.7
      vertex 44.9999 0.0141907 4.7
      vertex 42 -1.2 4.7
    endloop
  endfacet
  facet normal 0 0 -1
    outer loop
      vertex 44.9999 0.0141907 4.7
      vertex 42 1.2 4.7
      vertex 44.9831 1.2 4.7
    endloop
  endfacet
  facet normal 1 -0 0
    outer loop
      vertex 42 -1.2 4.7
      vertex 42 1.2 4.6
      vertex 42 1.2 4.7
    endloop
  endfacet
  facet normal 1 0 0
    outer loop
      vertex 42 1.2 4.6
      vertex 42 -1.2 4.7
      vertex 42 -1.2 4.6
    endloop
  endfacet
  facet normal 0 -1 0
    outer loop
      vertex 43.9733 1.2 4.6
      vertex 42 1.2 4.7
      vertex 42 1.2 4.6
    endloop
  endfacet
  facet normal 0 -1 0
    outer loop
      vertex 42 1.2 4.7
      vertex 43.9733 1.2 4.6
      vertex 44.9831 1.2 4.7
    endloop
  endfacet
  facet normal 0 -1 0
    outer loop
      vertex 44.9831 1.2 1
      vertex 43.9733 1.2 4.6
      vertex 43.9733 1.2 1
    endloop
  endfacet
  facet normal 0 -1 0
    outer loop
      vertex 43.9733 1.2 4.6
      vertex 44.9831 1.2 1
      vertex 44.9831 1.2 4.7
    endloop
  endfacet
  facet normal 0 1 0
    outer loop
      vertex 44.9831 -1.2 4.7
      vertex 43.9733 -1.2 4.6
      vertex 42 -1.2 4.7
    endloop
  endfacet
  facet normal 0 1 -0
    outer loop
      vertex 44.9831 -1.2 1
      vertex 43.9733 -1.2 4.6
      vertex 44.9831 -1.2 4.7
    endloop
  endfacet
  facet normal 0 1 0
    outer loop
      vertex 43.9733 -1.2 4.6
      vertex 44.9831 -1.2 1
      vertex 43.9733 -1.2 1
    endloop
  endfacet
  facet normal 0 1 0
    outer loop
      vertex 42 -1.2 4.7
      vertex 43.9733 -1.2 4.6
      vertex 42 -1.2 4.6
    endloop
  endfacet
  facet normal -0.989176 -0.146736 0
    outer loop
      vertex 17.2416 0.17153 0
      vertex 17.2164 0.341408 5.6
      vertex 17.2164 0.341408 0
    endloop
  endfacet
  facet normal -0.989176 -0.146736 0
    outer loop
      vertex 17.2164 0.341408 5.6
      vertex 17.2416 0.17153 0
      vertex 17.2416 0.17153 5.6
    endloop
  endfacet
  facet normal -0.998803 -0.0489124 0
    outer loop
      vertex 17.25 0 0
      vertex 17.2416 0.17153 5.6
      vertex 17.2416 0.17153 0
    endloop
  endfacet
  facet normal -0.998803 -0.0489124 0
    outer loop
      vertex 17.2416 0.17153 5.6
      vertex 17.25 0 0
      vertex 17.25 0 5.6
    endloop
  endfacet
  facet normal -0.969933 -0.243371 0
    outer loop
      vertex 17.2164 0.341408 0
      vertex 17.1746 0.507998 5.6
      vertex 17.1746 0.507998 0
    endloop
  endfacet
  facet normal -0.969933 -0.243371 0
    outer loop
      vertex 17.1746 0.507998 5.6
      vertex 17.2164 0.341408 0
      vertex 17.2164 0.341408 5.6
    endloop
  endfacet
  facet normal 0.146717 -0.989178 0
    outer loop
      vertex 15.1586 1.71637 0
      vertex 15.3285 1.74157 5.6
      vertex 15.1586 1.71637 5.6
    endloop
  endfacet
  facet normal 0.146717 -0.989178 0
    outer loop
      vertex 15.3285 1.74157 5.6
      vertex 15.1586 1.71637 0
      vertex 15.3285 1.74157 0
    endloop
  endfacet
  facet normal -0.803223 -0.595679 0
    outer loop
      vertex 16.9551 0.972247 0
      vertex 16.8528 1.11019 5.6
      vertex 16.8528 1.11019 0
    endloop
  endfacet
  facet normal -0.803223 -0.595679 0
    outer loop
      vertex 16.8528 1.11019 5.6
      vertex 16.9551 0.972247 0
      vertex 16.9551 0.972247 5.6
    endloop
  endfacet
  facet normal -0.803223 0.595679 0
    outer loop
      vertex 16.8528 -1.11019 0
      vertex 16.9551 -0.972247 5.6
      vertex 16.9551 -0.972247 0
    endloop
  endfacet
  facet normal -0.803223 0.595679 0
    outer loop
      vertex 16.9551 -0.972247 5.6
      vertex 16.8528 -1.11019 0
      vertex 16.8528 -1.11019 5.6
    endloop
  endfacet
  facet normal -0.59552 -0.803341 0
    outer loop
      vertex 16.4722 1.45507 0
      vertex 16.6102 1.35277 5.6
      vertex 16.4722 1.45507 5.6
    endloop
  endfacet
  facet normal -0.59552 -0.803341 -0
    outer loop
      vertex 16.6102 1.35277 5.6
      vertex 16.4722 1.45507 0
      vertex 16.6102 1.35277 0
    endloop
  endfacet
  facet normal -0.998803 0.0489124 0
    outer loop
      vertex 17.2416 -0.17153 0
      vertex 17.25 0 5.6
      vertex 17.25 0 0
    endloop
  endfacet
  facet normal -0.998803 0.0489124 0
    outer loop
      vertex 17.25 0 5.6
      vertex 17.2416 -0.17153 0
      vertex 17.2416 -0.17153 5.6
    endloop
  endfacet
  facet normal 0.242919 -0.970047 0
    outer loop
      vertex 14.992 1.67465 0
      vertex 15.1586 1.71637 5.6
      vertex 14.992 1.67465 5.6
    endloop
  endfacet
  facet normal 0.242919 -0.970047 0
    outer loop
      vertex 15.1586 1.71637 5.6
      vertex 14.992 1.67465 0
      vertex 15.1586 1.71637 0
    endloop
  endfacet
  facet normal -0.0490952 -0.998794 0
    outer loop
      vertex 15.5 1.75 0
      vertex 15.6715 1.74157 5.6
      vertex 15.5 1.75 5.6
    endloop
  endfacet
  facet normal -0.0490952 -0.998794 -0
    outer loop
      vertex 15.6715 1.74157 5.6
      vertex 15.5 1.75 0
      vertex 15.6715 1.74157 0
    endloop
  endfacet
  facet normal 0.941648 0.336598 0
    outer loop
      vertex 13.8832 -0.669696 5.6
      vertex 13.8254 -0.507998 0
      vertex 13.8254 -0.507998 5.6
    endloop
  endfacet
  facet normal 0.941648 0.336598 0
    outer loop
      vertex 13.8254 -0.507998 0
      vertex 13.8832 -0.669696 5.6
      vertex 13.8832 -0.669696 0
    endloop
  endfacet
  facet normal -0.427678 -0.903931 0
    outer loop
      vertex 16.1697 1.61679 0
      vertex 16.3249 1.54336 5.6
      vertex 16.1697 1.61679 5.6
    endloop
  endfacet
  facet normal -0.427678 -0.903931 -0
    outer loop
      vertex 16.3249 1.54336 5.6
      vertex 16.1697 1.61679 0
      vertex 16.3249 1.54336 0
    endloop
  endfacet
  facet normal 0.242919 0.970047 -0
    outer loop
      vertex 15.1586 -1.71637 0
      vertex 14.992 -1.67465 5.6
      vertex 15.1586 -1.71637 5.6
    endloop
  endfacet
  facet normal 0.242919 0.970047 0
    outer loop
      vertex 14.992 -1.67465 5.6
      vertex 15.1586 -1.71637 0
      vertex 14.992 -1.67465 0
    endloop
  endfacet
  facet normal 0.427678 -0.903931 0
    outer loop
      vertex 14.6751 1.54336 0
      vertex 14.8303 1.61679 5.6
      vertex 14.6751 1.54336 5.6
    endloop
  endfacet
  facet normal 0.427678 -0.903931 0
    outer loop
      vertex 14.8303 1.61679 5.6
      vertex 14.6751 1.54336 0
      vertex 14.8303 1.61679 0
    endloop
  endfacet
  facet normal 0.803223 0.595679 0
    outer loop
      vertex 14.1472 -1.11019 5.6
      vertex 14.0449 -0.972247 0
      vertex 14.0449 -0.972247 5.6
    endloop
  endfacet
  facet normal 0.803223 0.595679 0
    outer loop
      vertex 14.0449 -0.972247 0
      vertex 14.1472 -1.11019 5.6
      vertex 14.1472 -1.11019 0
    endloop
  endfacet
  facet normal 0.671695 0.740828 -0
    outer loop
      vertex 14.3898 -1.35277 0
      vertex 14.2626 -1.23744 5.6
      vertex 14.3898 -1.35277 5.6
    endloop
  endfacet
  facet normal 0.671695 0.740828 0
    outer loop
      vertex 14.2626 -1.23744 5.6
      vertex 14.3898 -1.35277 0
      vertex 14.2626 -1.23744 0
    endloop
  endfacet
  facet normal -0.427678 0.903931 0
    outer loop
      vertex 16.3249 -1.54336 0
      vertex 16.1697 -1.61679 5.6
      vertex 16.3249 -1.54336 5.6
    endloop
  endfacet
  facet normal -0.427678 0.903931 0
    outer loop
      vertex 16.1697 -1.61679 5.6
      vertex 16.3249 -1.54336 0
      vertex 16.1697 -1.61679 0
    endloop
  endfacet
  facet normal 0.59552 -0.803341 0
    outer loop
      vertex 14.3898 1.35277 0
      vertex 14.5278 1.45507 5.6
      vertex 14.3898 1.35277 5.6
    endloop
  endfacet
  facet normal 0.59552 -0.803341 0
    outer loop
      vertex 14.5278 1.45507 5.6
      vertex 14.3898 1.35277 0
      vertex 14.5278 1.45507 0
    endloop
  endfacet
  facet normal 0.803223 -0.595679 0
    outer loop
      vertex 14.0449 0.972247 5.6
      vertex 14.1472 1.11019 0
      vertex 14.1472 1.11019 5.6
    endloop
  endfacet
  facet normal 0.803223 -0.595679 0
    outer loop
      vertex 14.1472 1.11019 0
      vertex 14.0449 0.972247 5.6
      vertex 14.0449 0.972247 0
    endloop
  endfacet
  facet normal 0.989176 -0.146736 0
    outer loop
      vertex 13.7584 0.17153 5.6
      vertex 13.7836 0.341408 0
      vertex 13.7836 0.341408 5.6
    endloop
  endfacet
  facet normal 0.989176 -0.146736 0
    outer loop
      vertex 13.7836 0.341408 0
      vertex 13.7584 0.17153 5.6
      vertex 13.7584 0.17153 0
    endloop
  endfacet
  facet normal 0.336904 0.941539 -0
    outer loop
      vertex 14.992 -1.67465 0
      vertex 14.8303 -1.61679 5.6
      vertex 14.992 -1.67465 5.6
    endloop
  endfacet
  facet normal 0.336904 0.941539 0
    outer loop
      vertex 14.8303 -1.61679 5.6
      vertex 14.992 -1.67465 0
      vertex 14.8303 -1.61679 0
    endloop
  endfacet
  facet normal -0.242919 -0.970047 0
    outer loop
      vertex 15.8414 1.71637 0
      vertex 16.008 1.67465 5.6
      vertex 15.8414 1.71637 5.6
    endloop
  endfacet
  facet normal -0.242919 -0.970047 -0
    outer loop
      vertex 16.008 1.67465 5.6
      vertex 15.8414 1.71637 0
      vertex 16.008 1.67465 0
    endloop
  endfacet
  facet normal 0.969933 0.243371 0
    outer loop
      vertex 13.8254 -0.507998 5.6
      vertex 13.7836 -0.341408 0
      vertex 13.7836 -0.341408 5.6
    endloop
  endfacet
  facet normal 0.969933 0.243371 0
    outer loop
      vertex 13.7836 -0.341408 0
      vertex 13.8254 -0.507998 5.6
      vertex 13.8254 -0.507998 0
    endloop
  endfacet
  facet normal -0.336904 -0.941539 0
    outer loop
      vertex 16.008 1.67465 0
      vertex 16.1697 1.61679 5.6
      vertex 16.008 1.67465 5.6
    endloop
  endfacet
  facet normal -0.336904 -0.941539 -0
    outer loop
      vertex 16.1697 1.61679 5.6
      vertex 16.008 1.67465 0
      vertex 16.1697 1.61679 0
    endloop
  endfacet
  facet normal 0.0490952 0.998794 -0
    outer loop
      vertex 15.5 -1.75 0
      vertex 15.3285 -1.74157 5.6
      vertex 15.5 -1.75 5.6
    endloop
  endfacet
  facet normal 0.0490952 0.998794 0
    outer loop
      vertex 15.3285 -1.74157 5.6
      vertex 15.5 -1.75 0
      vertex 15.3285 -1.74157 0
    endloop
  endfacet
  facet normal 0.336904 -0.941539 0
    outer loop
      vertex 14.8303 1.61679 0
      vertex 14.992 1.67465 5.6
      vertex 14.8303 1.61679 5.6
    endloop
  endfacet
  facet normal 0.336904 -0.941539 0
    outer loop
      vertex 14.992 1.67465 5.6
      vertex 14.8303 1.61679 0
      vertex 14.992 1.67465 0
    endloop
  endfacet
  facet normal 0.740756 0.671774 0
    outer loop
      vertex 14.2626 -1.23744 5.6
      vertex 14.1472 -1.11019 0
      vertex 14.1472 -1.11019 5.6
    endloop
  endfacet
  facet normal 0.740756 0.671774 0
    outer loop
      vertex 14.1472 -1.11019 0
      vertex 14.2626 -1.23744 5.6
      vertex 14.2626 -1.23744 0
    endloop
  endfacet
  facet normal -0.90405 0.427427 0
    outer loop
      vertex 17.0434 -0.824944 0
      vertex 17.1168 -0.669696 5.6
      vertex 17.1168 -0.669696 0
    endloop
  endfacet
  facet normal -0.90405 0.427427 0
    outer loop
      vertex 17.1168 -0.669696 5.6
      vertex 17.0434 -0.824944 0
      vertex 17.0434 -0.824944 5.6
    endloop
  endfacet
  facet normal 0.857703 0.514145 0
    outer loop
      vertex 14.0449 -0.972247 5.6
      vertex 13.9566 -0.824944 0
      vertex 13.9566 -0.824944 5.6
    endloop
  endfacet
  facet normal 0.857703 0.514145 0
    outer loop
      vertex 13.9566 -0.824944 0
      vertex 14.0449 -0.972247 5.6
      vertex 14.0449 -0.972247 0
    endloop
  endfacet
  facet normal -0.90405 -0.427427 0
    outer loop
      vertex 17.1168 0.669696 0
      vertex 17.0434 0.824944 5.6
      vertex 17.0434 0.824944 0
    endloop
  endfacet
  facet normal -0.90405 -0.427427 0
    outer loop
      vertex 17.0434 0.824944 5.6
      vertex 17.1168 0.669696 0
      vertex 17.1168 0.669696 5.6
    endloop
  endfacet
  facet normal 0.857703 -0.514145 0
    outer loop
      vertex 13.9566 0.824944 5.6
      vertex 14.0449 0.972247 0
      vertex 14.0449 0.972247 5.6
    endloop
  endfacet
  facet normal 0.857703 -0.514145 0
    outer loop
      vertex 14.0449 0.972247 0
      vertex 13.9566 0.824944 5.6
      vertex 13.9566 0.824944 0
    endloop
  endfacet
  facet normal 0.998803 0.0489124 0
    outer loop
      vertex 13.7584 -0.17153 5.6
      vertex 13.75 0 0
      vertex 13.75 0 5.6
    endloop
  endfacet
  facet normal 0.998803 0.0489124 0
    outer loop
      vertex 13.75 0 0
      vertex 13.7584 -0.17153 5.6
      vertex 13.7584 -0.17153 0
    endloop
  endfacet
  facet normal -0.146717 0.989178 0
    outer loop
      vertex 15.8414 -1.71637 0
      vertex 15.6715 -1.74157 5.6
      vertex 15.8414 -1.71637 5.6
    endloop
  endfacet
  facet normal -0.146717 0.989178 0
    outer loop
      vertex 15.6715 -1.74157 5.6
      vertex 15.8414 -1.71637 0
      vertex 15.6715 -1.74157 0
    endloop
  endfacet
  facet normal -0.51411 -0.857724 0
    outer loop
      vertex 16.3249 1.54336 0
      vertex 16.4722 1.45507 5.6
      vertex 16.3249 1.54336 5.6
    endloop
  endfacet
  facet normal -0.51411 -0.857724 -0
    outer loop
      vertex 16.4722 1.45507 5.6
      vertex 16.3249 1.54336 0
      vertex 16.4722 1.45507 0
    endloop
  endfacet
  facet normal 0.427678 0.903931 -0
    outer loop
      vertex 14.8303 -1.61679 0
      vertex 14.6751 -1.54336 5.6
      vertex 14.8303 -1.61679 5.6
    endloop
  endfacet
  facet normal 0.427678 0.903931 0
    outer loop
      vertex 14.6751 -1.54336 5.6
      vertex 14.8303 -1.61679 0
      vertex 14.6751 -1.54336 0
    endloop
  endfacet
  facet normal -0.941648 -0.336598 0
    outer loop
      vertex 17.1746 0.507998 0
      vertex 17.1168 0.669696 5.6
      vertex 17.1168 0.669696 0
    endloop
  endfacet
  facet normal -0.941648 -0.336598 0
    outer loop
      vertex 17.1168 0.669696 5.6
      vertex 17.1746 0.507998 0
      vertex 17.1746 0.507998 5.6
    endloop
  endfacet
  facet normal 0.51411 0.857724 -0
    outer loop
      vertex 14.6751 -1.54336 0
      vertex 14.5278 -1.45507 5.6
      vertex 14.6751 -1.54336 5.6
    endloop
  endfacet
  facet normal 0.51411 0.857724 0
    outer loop
      vertex 14.5278 -1.45507 5.6
      vertex 14.6751 -1.54336 0
      vertex 14.5278 -1.45507 0
    endloop
  endfacet
  facet normal -0.740756 -0.671774 0
    outer loop
      vertex 16.8528 1.11019 0
      vertex 16.7374 1.23744 5.6
      vertex 16.7374 1.23744 0
    endloop
  endfacet
  facet normal -0.740756 -0.671774 0
    outer loop
      vertex 16.7374 1.23744 5.6
      vertex 16.8528 1.11019 0
      vertex 16.8528 1.11019 5.6
    endloop
  endfacet
  facet normal -0.336904 0.941539 0
    outer loop
      vertex 16.1697 -1.61679 0
      vertex 16.008 -1.67465 5.6
      vertex 16.1697 -1.61679 5.6
    endloop
  endfacet
  facet normal -0.336904 0.941539 0
    outer loop
      vertex 16.008 -1.67465 5.6
      vertex 16.1697 -1.61679 0
      vertex 16.008 -1.67465 0
    endloop
  endfacet
  facet normal 0.969933 -0.243371 0
    outer loop
      vertex 13.7836 0.341408 5.6
      vertex 13.8254 0.507998 0
      vertex 13.8254 0.507998 5.6
    endloop
  endfacet
  facet normal 0.969933 -0.243371 0
    outer loop
      vertex 13.8254 0.507998 0
      vertex 13.7836 0.341408 5.6
      vertex 13.7836 0.341408 0
    endloop
  endfacet
  facet normal -0.857703 -0.514145 0
    outer loop
      vertex 17.0434 0.824944 0
      vertex 16.9551 0.972247 5.6
      vertex 16.9551 0.972247 0
    endloop
  endfacet
  facet normal -0.857703 -0.514145 0
    outer loop
      vertex 16.9551 0.972247 5.6
      vertex 17.0434 0.824944 0
      vertex 17.0434 0.824944 5.6
    endloop
  endfacet
  facet normal -0.857703 0.514145 0
    outer loop
      vertex 16.9551 -0.972247 0
      vertex 17.0434 -0.824944 5.6
      vertex 17.0434 -0.824944 0
    endloop
  endfacet
  facet normal -0.857703 0.514145 0
    outer loop
      vertex 17.0434 -0.824944 5.6
      vertex 16.9551 -0.972247 0
      vertex 16.9551 -0.972247 5.6
    endloop
  endfacet
  facet normal 0.671695 -0.740828 0
    outer loop
      vertex 14.2626 1.23744 0
      vertex 14.3898 1.35277 5.6
      vertex 14.2626 1.23744 5.6
    endloop
  endfacet
  facet normal 0.671695 -0.740828 0
    outer loop
      vertex 14.3898 1.35277 5.6
      vertex 14.2626 1.23744 0
      vertex 14.3898 1.35277 0
    endloop
  endfacet
  facet normal -0.671695 -0.740828 0
    outer loop
      vertex 16.6102 1.35277 0
      vertex 16.7374 1.23744 5.6
      vertex 16.6102 1.35277 5.6
    endloop
  endfacet
  facet normal -0.671695 -0.740828 -0
    outer loop
      vertex 16.7374 1.23744 5.6
      vertex 16.6102 1.35277 0
      vertex 16.7374 1.23744 0
    endloop
  endfacet
  facet normal -0.0490952 0.998794 0
    outer loop
      vertex 15.6715 -1.74157 0
      vertex 15.5 -1.75 5.6
      vertex 15.6715 -1.74157 5.6
    endloop
  endfacet
  facet normal -0.0490952 0.998794 0
    outer loop
      vertex 15.5 -1.75 5.6
      vertex 15.6715 -1.74157 0
      vertex 15.5 -1.75 0
    endloop
  endfacet
  facet normal 0.90405 0.427427 0
    outer loop
      vertex 13.9566 -0.824944 5.6
      vertex 13.8832 -0.669696 0
      vertex 13.8832 -0.669696 5.6
    endloop
  endfacet
  facet normal 0.90405 0.427427 0
    outer loop
      vertex 13.8832 -0.669696 0
      vertex 13.9566 -0.824944 5.6
      vertex 13.9566 -0.824944 0
    endloop
  endfacet
  facet normal 0.740756 -0.671774 0
    outer loop
      vertex 14.1472 1.11019 5.6
      vertex 14.2626 1.23744 0
      vertex 14.2626 1.23744 5.6
    endloop
  endfacet
  facet normal 0.740756 -0.671774 0
    outer loop
      vertex 14.2626 1.23744 0
      vertex 14.1472 1.11019 5.6
      vertex 14.1472 1.11019 0
    endloop
  endfacet
  facet normal 0.989176 0.146736 0
    outer loop
      vertex 13.7836 -0.341408 5.6
      vertex 13.7584 -0.17153 0
      vertex 13.7584 -0.17153 5.6
    endloop
  endfacet
  facet normal 0.989176 0.146736 0
    outer loop
      vertex 13.7584 -0.17153 0
      vertex 13.7836 -0.341408 5.6
      vertex 13.7836 -0.341408 0
    endloop
  endfacet
  facet normal -0.969933 0.243371 0
    outer loop
      vertex 17.1746 -0.507998 0
      vertex 17.2164 -0.341408 5.6
      vertex 17.2164 -0.341408 0
    endloop
  endfacet
  facet normal -0.969933 0.243371 0
    outer loop
      vertex 17.2164 -0.341408 5.6
      vertex 17.1746 -0.507998 0
      vertex 17.1746 -0.507998 5.6
    endloop
  endfacet
  facet normal 0.146717 0.989178 -0
    outer loop
      vertex 15.3285 -1.74157 0
      vertex 15.1586 -1.71637 5.6
      vertex 15.3285 -1.74157 5.6
    endloop
  endfacet
  facet normal 0.146717 0.989178 0
    outer loop
      vertex 15.1586 -1.71637 5.6
      vertex 15.3285 -1.74157 0
      vertex 15.1586 -1.71637 0
    endloop
  endfacet
  facet normal -0.740756 0.671774 0
    outer loop
      vertex 16.7374 -1.23744 0
      vertex 16.8528 -1.11019 5.6
      vertex 16.8528 -1.11019 0
    endloop
  endfacet
  facet normal -0.740756 0.671774 0
    outer loop
      vertex 16.8528 -1.11019 5.6
      vertex 16.7374 -1.23744 0
      vertex 16.7374 -1.23744 5.6
    endloop
  endfacet
  facet normal -0.51411 0.857724 0
    outer loop
      vertex 16.4722 -1.45507 0
      vertex 16.3249 -1.54336 5.6
      vertex 16.4722 -1.45507 5.6
    endloop
  endfacet
  facet normal -0.51411 0.857724 0
    outer loop
      vertex 16.3249 -1.54336 5.6
      vertex 16.4722 -1.45507 0
      vertex 16.3249 -1.54336 0
    endloop
  endfacet
  facet normal 0.0490952 -0.998794 0
    outer loop
      vertex 15.3285 1.74157 0
      vertex 15.5 1.75 5.6
      vertex 15.3285 1.74157 5.6
    endloop
  endfacet
  facet normal 0.0490952 -0.998794 0
    outer loop
      vertex 15.5 1.75 5.6
      vertex 15.3285 1.74157 0
      vertex 15.5 1.75 0
    endloop
  endfacet
  facet normal -0.242919 0.970047 0
    outer loop
      vertex 16.008 -1.67465 0
      vertex 15.8414 -1.71637 5.6
      vertex 16.008 -1.67465 5.6
    endloop
  endfacet
  facet normal -0.242919 0.970047 0
    outer loop
      vertex 15.8414 -1.71637 5.6
      vertex 16.008 -1.67465 0
      vertex 15.8414 -1.71637 0
    endloop
  endfacet
  facet normal 0.59552 0.803341 -0
    outer loop
      vertex 14.5278 -1.45507 0
      vertex 14.3898 -1.35277 5.6
      vertex 14.5278 -1.45507 5.6
    endloop
  endfacet
  facet normal 0.59552 0.803341 0
    outer loop
      vertex 14.3898 -1.35277 5.6
      vertex 14.5278 -1.45507 0
      vertex 14.3898 -1.35277 0
    endloop
  endfacet
  facet normal 0.941648 -0.336598 0
    outer loop
      vertex 13.8254 0.507998 5.6
      vertex 13.8832 0.669696 0
      vertex 13.8832 0.669696 5.6
    endloop
  endfacet
  facet normal 0.941648 -0.336598 0
    outer loop
      vertex 13.8832 0.669696 0
      vertex 13.8254 0.507998 5.6
      vertex 13.8254 0.507998 0
    endloop
  endfacet
  facet normal 0.51411 -0.857724 0
    outer loop
      vertex 14.5278 1.45507 0
      vertex 14.6751 1.54336 5.6
      vertex 14.5278 1.45507 5.6
    endloop
  endfacet
  facet normal 0.51411 -0.857724 0
    outer loop
      vertex 14.6751 1.54336 5.6
      vertex 14.5278 1.45507 0
      vertex 14.6751 1.54336 0
    endloop
  endfacet
  facet normal 0.998803 -0.0489124 0
    outer loop
      vertex 13.75 0 5.6
      vertex 13.7584 0.17153 0
      vertex 13.7584 0.17153 5.6
    endloop
  endfacet
  facet normal 0.998803 -0.0489124 0
    outer loop
      vertex 13.7584 0.17153 0
      vertex 13.75 0 5.6
      vertex 13.75 0 0
    endloop
  endfacet
  facet normal -0.146717 -0.989178 0
    outer loop
      vertex 15.6715 1.74157 0
      vertex 15.8414 1.71637 5.6
      vertex 15.6715 1.74157 5.6
    endloop
  endfacet
  facet normal -0.146717 -0.989178 -0
    outer loop
      vertex 15.8414 1.71637 5.6
      vertex 15.6715 1.74157 0
      vertex 15.8414 1.71637 0
    endloop
  endfacet
  facet normal 0.90405 -0.427427 0
    outer loop
      vertex 13.8832 0.669696 5.6
      vertex 13.9566 0.824944 0
      vertex 13.9566 0.824944 5.6
    endloop
  endfacet
  facet normal 0.90405 -0.427427 0
    outer loop
      vertex 13.9566 0.824944 0
      vertex 13.8832 0.669696 5.6
      vertex 13.8832 0.669696 0
    endloop
  endfacet
  facet normal -0.941648 0.336598 0
    outer loop
      vertex 17.1168 -0.669696 0
      vertex 17.1746 -0.507998 5.6
      vertex 17.1746 -0.507998 0
    endloop
  endfacet
  facet normal -0.941648 0.336598 0
    outer loop
      vertex 17.1746 -0.507998 5.6
      vertex 17.1168 -0.669696 0
      vertex 17.1168 -0.669696 5.6
    endloop
  endfacet
  facet normal -0.989176 0.146736 0
    outer loop
      vertex 17.2164 -0.341408 0
      vertex 17.2416 -0.17153 5.6
      vertex 17.2416 -0.17153 0
    endloop
  endfacet
  facet normal -0.989176 0.146736 0
    outer loop
      vertex 17.2416 -0.17153 5.6
      vertex 17.2164 -0.341408 0
      vertex 17.2164 -0.341408 5.6
    endloop
  endfacet
  facet normal -0.59552 0.803341 0
    outer loop
      vertex 16.6102 -1.35277 0
      vertex 16.4722 -1.45507 5.6
      vertex 16.6102 -1.35277 5.6
    endloop
  endfacet
  facet normal -0.59552 0.803341 0
    outer loop
      vertex 16.4722 -1.45507 5.6
      vertex 16.6102 -1.35277 0
      vertex 16.4722 -1.45507 0
    endloop
  endfacet
  facet normal -0.671695 0.740828 0
    outer loop
      vertex 16.7374 -1.23744 0
      vertex 16.6102 -1.35277 5.6
      vertex 16.7374 -1.23744 5.6
    endloop
  endfacet
  facet normal -0.671695 0.740828 0
    outer loop
      vertex 16.6102 -1.35277 5.6
      vertex 16.7374 -1.23744 0
      vertex 16.6102 -1.35277 0
    endloop
  endfacet
endsolid OpenSCAD_Model
