solid OpenSCAD_Model
  facet normal 1 -0 0
    outer loop
      vertex -43 -67 18
      vertex -43 -53 0
      vertex -43 -53 18
    endloop
  endfacet
  facet normal 1 0 0
    outer loop
      vertex -43 -53 0
      vertex -43 -67 18
      vertex -43 -67 0
    endloop
  endfacet
  facet normal -0 0 1
    outer loop
      vertex -71 -53 18
      vertex -43 -67 18
      vertex -43 -53 18
    endloop
  endfacet
  facet normal 0 0 1
    outer loop
      vertex -43 -67 18
      vertex -71 -53 18
      vertex -71 -67 18
    endloop
  endfacet
  facet normal 0 0 -1
    outer loop
      vertex -71 -67 0
      vertex -43 -53 0
      vertex -43 -67 0
    endloop
  endfacet
  facet normal -0 0 -1
    outer loop
      vertex -43 -53 0
      vertex -71 -67 0
      vertex -71 -53 0
    endloop
  endfacet
  facet normal -1 0 0
    outer loop
      vertex -71 -67 0
      vertex -71 -53 18
      vertex -71 -53 0
    endloop
  endfacet
  facet normal -1 -0 0
    outer loop
      vertex -71 -53 18
      vertex -71 -67 0
      vertex -71 -67 18
    endloop
  endfacet
  facet normal 0 1 -0
    outer loop
      vertex -43 -53 0
      vertex -71 -53 18
      vertex -43 -53 18
    endloop
  endfacet
  facet normal 0 1 0
    outer loop
      vertex -71 -53 18
      vertex -43 -53 0
      vertex -71 -53 0
    endloop
  endfacet
  facet normal 0 -1 0
    outer loop
      vertex -71 -67 18
      vertex -57 -67 11.15
      vertex -43 -67 18
    endloop
  endfacet
  facet normal 0 -1 0
    outer loop
      vertex -71 -67 18
      vertex -57.1874 -67 11.1418
      vertex -57 -67 11.15
    endloop
  endfacet
  facet normal 0 -1 0
    outer loop
      vertex -71 -67 18
      vertex -57.3733 -67 11.1173
      vertex -57.1874 -67 11.1418
    endloop
  endfacet
  facet normal 0 -1 0
    outer loop
      vertex -71 -67 18
      vertex -57.5565 -67 11.0767
      vertex -57.3733 -67 11.1173
    endloop
  endfacet
  facet normal 0 -1 0
    outer loop
      vertex -71 -67 18
      vertex -57.7353 -67 11.0203
      vertex -57.5565 -67 11.0767
    endloop
  endfacet
  facet normal 0 -1 0
    outer loop
      vertex -71 -67 18
      vertex -57.9086 -67 10.9486
      vertex -57.7353 -67 11.0203
    endloop
  endfacet
  facet normal 0 -1 0
    outer loop
      vertex -71 -67 18
      vertex -58.075 -67 10.862
      vertex -57.9086 -67 10.9486
    endloop
  endfacet
  facet normal 0 -1 0
    outer loop
      vertex -71 -67 18
      vertex -58.2332 -67 10.7612
      vertex -58.075 -67 10.862
    endloop
  endfacet
  facet normal 0 -1 0
    outer loop
      vertex -71 -67 18
      vertex -58.382 -67 10.647
      vertex -58.2332 -67 10.7612
    endloop
  endfacet
  facet normal 0 -1 0
    outer loop
      vertex -71 -67 18
      vertex -58.5203 -67 10.5203
      vertex -58.382 -67 10.647
    endloop
  endfacet
  facet normal 0 -1 0
    outer loop
      vertex -71 -67 18
      vertex -58.647 -67 10.382
      vertex -58.5203 -67 10.5203
    endloop
  endfacet
  facet normal 0 -1 0
    outer loop
      vertex -71 -67 18
      vertex -58.7612 -67 10.2332
      vertex -58.647 -67 10.382
    endloop
  endfacet
  facet normal 0 -1 0
    outer loop
      vertex -71 -67 18
      vertex -58.862 -67 10.075
      vertex -58.7612 -67 10.2332
    endloop
  endfacet
  facet normal 0 -1 0
    outer loop
      vertex -71 -67 18
      vertex -58.9486 -67 9.90863
      vertex -58.862 -67 10.075
    endloop
  endfacet
  facet normal 0 -1 0
    outer loop
      vertex -71 -67 18
      vertex -59.0203 -67 9.73534
      vertex -58.9486 -67 9.90863
    endloop
  endfacet
  facet normal 0 -1 0
    outer loop
      vertex -71 -67 18
      vertex -59.0767 -67 9.55646
      vertex -59.0203 -67 9.73534
    endloop
  endfacet
  facet normal 0 -1 0
    outer loop
      vertex -71 -67 18
      vertex -59.1173 -67 9.37334
      vertex -59.0767 -67 9.55646
    endloop
  endfacet
  facet normal 0 -1 0
    outer loop
      vertex -71 -67 18
      vertex -59.1418 -67 9.18738
      vertex -59.1173 -67 9.37334
    endloop
  endfacet
  facet normal 0 -1 0
    outer loop
      vertex -71 -67 18
      vertex -59.15 -67 9
      vertex -59.1418 -67 9.18738
    endloop
  endfacet
  facet normal 0 -1 0
    outer loop
      vertex -71 -67 0
      vertex -59.15 -67 9
      vertex -71 -67 18
    endloop
  endfacet
  facet normal 0 -1 -0
    outer loop
      vertex -59.15 -67 9
      vertex -71 -67 0
      vertex -59.1418 -67 8.81261
    endloop
  endfacet
  facet normal 0 -1 -0
    outer loop
      vertex -59.1418 -67 8.81261
      vertex -71 -67 0
      vertex -59.1173 -67 8.62666
    endloop
  endfacet
  facet normal 0 -1 -0
    outer loop
      vertex -59.1173 -67 8.62666
      vertex -71 -67 0
      vertex -59.0767 -67 8.44354
    endloop
  endfacet
  facet normal 0 -1 -0
    outer loop
      vertex -59.0767 -67 8.44354
      vertex -71 -67 0
      vertex -59.0203 -67 8.26466
    endloop
  endfacet
  facet normal 0 -1 -0
    outer loop
      vertex -59.0203 -67 8.26466
      vertex -71 -67 0
      vertex -58.9486 -67 8.09137
    endloop
  endfacet
  facet normal 0 -1 -0
    outer loop
      vertex -58.9486 -67 8.09137
      vertex -71 -67 0
      vertex -58.862 -67 7.925
    endloop
  endfacet
  facet normal 0 -1 -0
    outer loop
      vertex -58.862 -67 7.925
      vertex -71 -67 0
      vertex -58.7612 -67 7.76681
    endloop
  endfacet
  facet normal 0 -1 -0
    outer loop
      vertex -58.7612 -67 7.76681
      vertex -71 -67 0
      vertex -58.647 -67 7.61801
    endloop
  endfacet
  facet normal 0 -1 -0
    outer loop
      vertex -58.647 -67 7.61801
      vertex -71 -67 0
      vertex -58.5203 -67 7.47972
    endloop
  endfacet
  facet normal 0 -1 -0
    outer loop
      vertex -57.1874 -67 6.85818
      vertex -71 -67 0
      vertex -57 -67 6.85
    endloop
  endfacet
  facet normal 0 -1 -0
    outer loop
      vertex -57.3733 -67 6.88266
      vertex -71 -67 0
      vertex -57.1874 -67 6.85818
    endloop
  endfacet
  facet normal 0 -1 -0
    outer loop
      vertex -57.5565 -67 6.92326
      vertex -71 -67 0
      vertex -57.3733 -67 6.88266
    endloop
  endfacet
  facet normal 0 -1 -0
    outer loop
      vertex -57.7353 -67 6.97966
      vertex -71 -67 0
      vertex -57.5565 -67 6.92326
    endloop
  endfacet
  facet normal 0 -1 -0
    outer loop
      vertex -57.9086 -67 7.05144
      vertex -71 -67 0
      vertex -57.7353 -67 6.97966
    endloop
  endfacet
  facet normal 0 -1 -0
    outer loop
      vertex -58.075 -67 7.13805
      vertex -71 -67 0
      vertex -57.9086 -67 7.05144
    endloop
  endfacet
  facet normal 0 -1 -0
    outer loop
      vertex -58.2332 -67 7.23882
      vertex -71 -67 0
      vertex -58.075 -67 7.13805
    endloop
  endfacet
  facet normal 0 -1 -0
    outer loop
      vertex -58.382 -67 7.353
      vertex -71 -67 0
      vertex -58.2332 -67 7.23882
    endloop
  endfacet
  facet normal 0 -1 -0
    outer loop
      vertex -58.5203 -67 7.47972
      vertex -71 -67 0
      vertex -58.382 -67 7.353
    endloop
  endfacet
  facet normal 0 -1 0
    outer loop
      vertex -56.8126 -67 11.1418
      vertex -43 -67 18
      vertex -57 -67 11.15
    endloop
  endfacet
  facet normal 0 -1 0
    outer loop
      vertex -56.6267 -67 11.1173
      vertex -43 -67 18
      vertex -56.8126 -67 11.1418
    endloop
  endfacet
  facet normal 0 -1 0
    outer loop
      vertex -56.4435 -67 11.0767
      vertex -43 -67 18
      vertex -56.6267 -67 11.1173
    endloop
  endfacet
  facet normal 0 -1 0
    outer loop
      vertex -56.2647 -67 11.0203
      vertex -43 -67 18
      vertex -56.4435 -67 11.0767
    endloop
  endfacet
  facet normal 0 -1 0
    outer loop
      vertex -56.0914 -67 10.9486
      vertex -43 -67 18
      vertex -56.2647 -67 11.0203
    endloop
  endfacet
  facet normal 0 -1 0
    outer loop
      vertex -55.925 -67 10.862
      vertex -43 -67 18
      vertex -56.0914 -67 10.9486
    endloop
  endfacet
  facet normal 0 -1 0
    outer loop
      vertex -55.7668 -67 10.7612
      vertex -43 -67 18
      vertex -55.925 -67 10.862
    endloop
  endfacet
  facet normal 0 -1 0
    outer loop
      vertex -55.618 -67 10.647
      vertex -43 -67 18
      vertex -55.7668 -67 10.7612
    endloop
  endfacet
  facet normal 0 -1 0
    outer loop
      vertex -55.4797 -67 10.5203
      vertex -43 -67 18
      vertex -55.618 -67 10.647
    endloop
  endfacet
  facet normal 0 -1 0
    outer loop
      vertex -55.353 -67 10.382
      vertex -43 -67 18
      vertex -55.4797 -67 10.5203
    endloop
  endfacet
  facet normal 0 -1 0
    outer loop
      vertex -55.2388 -67 10.2332
      vertex -43 -67 18
      vertex -55.353 -67 10.382
    endloop
  endfacet
  facet normal 0 -1 0
    outer loop
      vertex -55.138 -67 10.075
      vertex -43 -67 18
      vertex -55.2388 -67 10.2332
    endloop
  endfacet
  facet normal 0 -1 0
    outer loop
      vertex -55.0514 -67 9.90863
      vertex -43 -67 18
      vertex -55.138 -67 10.075
    endloop
  endfacet
  facet normal 0 -1 0
    outer loop
      vertex -54.9797 -67 9.73534
      vertex -43 -67 18
      vertex -55.0514 -67 9.90863
    endloop
  endfacet
  facet normal 0 -1 0
    outer loop
      vertex -54.9233 -67 9.55646
      vertex -43 -67 18
      vertex -54.9797 -67 9.73534
    endloop
  endfacet
  facet normal 0 -1 0
    outer loop
      vertex -54.8827 -67 9.37334
      vertex -43 -67 18
      vertex -54.9233 -67 9.55646
    endloop
  endfacet
  facet normal 0 -1 0
    outer loop
      vertex -54.8582 -67 9.18738
      vertex -43 -67 18
      vertex -54.8827 -67 9.37334
    endloop
  endfacet
  facet normal 0 -1 0
    outer loop
      vertex -54.85 -67 9
      vertex -43 -67 18
      vertex -54.8582 -67 9.18738
    endloop
  endfacet
  facet normal 0 -1 0
    outer loop
      vertex -43 -67 0
      vertex -54.85 -67 9
      vertex -54.8582 -67 8.81261
    endloop
  endfacet
  facet normal 0 -1 0
    outer loop
      vertex -43 -67 0
      vertex -54.8582 -67 8.81261
      vertex -54.8827 -67 8.62666
    endloop
  endfacet
  facet normal 0 -1 0
    outer loop
      vertex -43 -67 0
      vertex -54.8827 -67 8.62666
      vertex -54.9233 -67 8.44354
    endloop
  endfacet
  facet normal 0 -1 0
    outer loop
      vertex -43 -67 0
      vertex -54.9233 -67 8.44354
      vertex -54.9797 -67 8.26466
    endloop
  endfacet
  facet normal 0 -1 0
    outer loop
      vertex -43 -67 0
      vertex -54.9797 -67 8.26466
      vertex -55.0514 -67 8.09137
    endloop
  endfacet
  facet normal 0 -1 0
    outer loop
      vertex -43 -67 0
      vertex -55.0514 -67 8.09137
      vertex -55.138 -67 7.925
    endloop
  endfacet
  facet normal 0 -1 0
    outer loop
      vertex -43 -67 0
      vertex -55.138 -67 7.925
      vertex -55.2388 -67 7.76681
    endloop
  endfacet
  facet normal 0 -1 0
    outer loop
      vertex -43 -67 0
      vertex -55.2388 -67 7.76681
      vertex -55.353 -67 7.61801
    endloop
  endfacet
  facet normal 0 -1 0
    outer loop
      vertex -43 -67 0
      vertex -55.353 -67 7.61801
      vertex -55.4797 -67 7.47972
    endloop
  endfacet
  facet normal 0 -1 0
    outer loop
      vertex -43 -67 0
      vertex -55.4797 -67 7.47972
      vertex -55.618 -67 7.353
    endloop
  endfacet
  facet normal 0 -1 0
    outer loop
      vertex -43 -67 0
      vertex -57 -67 6.85
      vertex -71 -67 0
    endloop
  endfacet
  facet normal 0 -1 0
    outer loop
      vertex -57 -67 6.85
      vertex -43 -67 0
      vertex -56.8126 -67 6.85818
    endloop
  endfacet
  facet normal 0 -1 0
    outer loop
      vertex -56.8126 -67 6.85818
      vertex -43 -67 0
      vertex -56.6267 -67 6.88266
    endloop
  endfacet
  facet normal 0 -1 0
    outer loop
      vertex -56.6267 -67 6.88266
      vertex -43 -67 0
      vertex -56.4435 -67 6.92326
    endloop
  endfacet
  facet normal 0 -1 0
    outer loop
      vertex -56.4435 -67 6.92326
      vertex -43 -67 0
      vertex -56.2647 -67 6.97966
    endloop
  endfacet
  facet normal 0 -1 0
    outer loop
      vertex -54.85 -67 9
      vertex -43 -67 0
      vertex -43 -67 18
    endloop
  endfacet
  facet normal 0 -1 0
    outer loop
      vertex -55.7668 -67 7.23882
      vertex -43 -67 0
      vertex -55.618 -67 7.353
    endloop
  endfacet
  facet normal 0 -1 0
    outer loop
      vertex -55.925 -67 7.13805
      vertex -43 -67 0
      vertex -55.7668 -67 7.23882
    endloop
  endfacet
  facet normal 0 -1 0
    outer loop
      vertex -56.0914 -67 7.05144
      vertex -43 -67 0
      vertex -55.925 -67 7.13805
    endloop
  endfacet
  facet normal 0 -1 0
    outer loop
      vertex -56.2647 -67 6.97966
      vertex -43 -67 0
      vertex -56.0914 -67 7.05144
    endloop
  endfacet
  facet normal 1 -0 0
    outer loop
      vertex 71 -67 18
      vertex 71 -53 0
      vertex 71 -53 18
    endloop
  endfacet
  facet normal 1 0 0
    outer loop
      vertex 71 -53 0
      vertex 71 -67 18
      vertex 71 -67 0
    endloop
  endfacet
  facet normal -0 0 1
    outer loop
      vertex 43 -53 18
      vertex 71 -67 18
      vertex 71 -53 18
    endloop
  endfacet
  facet normal 0 0 1
    outer loop
      vertex 71 -67 18
      vertex 43 -53 18
      vertex 43 -67 18
    endloop
  endfacet
  facet normal 0 0 -1
    outer loop
      vertex 43 -67 0
      vertex 71 -53 0
      vertex 71 -67 0
    endloop
  endfacet
  facet normal -0 0 -1
    outer loop
      vertex 71 -53 0
      vertex 43 -67 0
      vertex 43 -53 0
    endloop
  endfacet
  facet normal -1 0 0
    outer loop
      vertex 43 -67 0
      vertex 43 -53 18
      vertex 43 -53 0
    endloop
  endfacet
  facet normal -1 -0 0
    outer loop
      vertex 43 -53 18
      vertex 43 -67 0
      vertex 43 -67 18
    endloop
  endfacet
  facet normal 0 1 -0
    outer loop
      vertex 71 -53 0
      vertex 43 -53 18
      vertex 71 -53 18
    endloop
  endfacet
  facet normal 0 1 0
    outer loop
      vertex 43 -53 18
      vertex 71 -53 0
      vertex 43 -53 0
    endloop
  endfacet
  facet normal 0 -1 0
    outer loop
      vertex 43 -67 18
      vertex 57 -67 11.15
      vertex 71 -67 18
    endloop
  endfacet
  facet normal 0 -1 0
    outer loop
      vertex 43 -67 18
      vertex 56.8126 -67 11.1418
      vertex 57 -67 11.15
    endloop
  endfacet
  facet normal 0 -1 0
    outer loop
      vertex 43 -67 18
      vertex 56.6267 -67 11.1173
      vertex 56.8126 -67 11.1418
    endloop
  endfacet
  facet normal 0 -1 0
    outer loop
      vertex 43 -67 18
      vertex 56.4435 -67 11.0767
      vertex 56.6267 -67 11.1173
    endloop
  endfacet
  facet normal 0 -1 0
    outer loop
      vertex 43 -67 18
      vertex 56.2647 -67 11.0203
      vertex 56.4435 -67 11.0767
    endloop
  endfacet
  facet normal 0 -1 0
    outer loop
      vertex 43 -67 18
      vertex 56.0914 -67 10.9486
      vertex 56.2647 -67 11.0203
    endloop
  endfacet
  facet normal 0 -1 0
    outer loop
      vertex 43 -67 18
      vertex 55.925 -67 10.862
      vertex 56.0914 -67 10.9486
    endloop
  endfacet
  facet normal 0 -1 0
    outer loop
      vertex 43 -67 18
      vertex 55.7668 -67 10.7612
      vertex 55.925 -67 10.862
    endloop
  endfacet
  facet normal 0 -1 0
    outer loop
      vertex 43 -67 18
      vertex 55.618 -67 10.647
      vertex 55.7668 -67 10.7612
    endloop
  endfacet
  facet normal 0 -1 0
    outer loop
      vertex 43 -67 18
      vertex 55.4797 -67 10.5203
      vertex 55.618 -67 10.647
    endloop
  endfacet
  facet normal 0 -1 0
    outer loop
      vertex 43 -67 18
      vertex 55.353 -67 10.382
      vertex 55.4797 -67 10.5203
    endloop
  endfacet
  facet normal 0 -1 0
    outer loop
      vertex 43 -67 18
      vertex 55.2388 -67 10.2332
      vertex 55.353 -67 10.382
    endloop
  endfacet
  facet normal 0 -1 0
    outer loop
      vertex 43 -67 18
      vertex 55.138 -67 10.075
      vertex 55.2388 -67 10.2332
    endloop
  endfacet
  facet normal 0 -1 0
    outer loop
      vertex 43 -67 18
      vertex 55.0514 -67 9.90863
      vertex 55.138 -67 10.075
    endloop
  endfacet
  facet normal 0 -1 0
    outer loop
      vertex 43 -67 18
      vertex 54.9797 -67 9.73534
      vertex 55.0514 -67 9.90863
    endloop
  endfacet
  facet normal 0 -1 0
    outer loop
      vertex 43 -67 18
      vertex 54.9233 -67 9.55646
      vertex 54.9797 -67 9.73534
    endloop
  endfacet
  facet normal 0 -1 0
    outer loop
      vertex 43 -67 18
      vertex 54.8827 -67 9.37334
      vertex 54.9233 -67 9.55646
    endloop
  endfacet
  facet normal 0 -1 0
    outer loop
      vertex 43 -67 18
      vertex 54.8582 -67 9.18738
      vertex 54.8827 -67 9.37334
    endloop
  endfacet
  facet normal 0 -1 0
    outer loop
      vertex 43 -67 18
      vertex 54.85 -67 9
      vertex 54.8582 -67 9.18738
    endloop
  endfacet
  facet normal 0 -1 0
    outer loop
      vertex 43 -67 0
      vertex 54.85 -67 9
      vertex 43 -67 18
    endloop
  endfacet
  facet normal 0 -1 -0
    outer loop
      vertex 54.85 -67 9
      vertex 43 -67 0
      vertex 54.8582 -67 8.81261
    endloop
  endfacet
  facet normal 0 -1 -0
    outer loop
      vertex 54.8582 -67 8.81261
      vertex 43 -67 0
      vertex 54.8827 -67 8.62666
    endloop
  endfacet
  facet normal 0 -1 -0
    outer loop
      vertex 54.8827 -67 8.62666
      vertex 43 -67 0
      vertex 54.9233 -67 8.44354
    endloop
  endfacet
  facet normal 0 -1 -0
    outer loop
      vertex 54.9233 -67 8.44354
      vertex 43 -67 0
      vertex 54.9797 -67 8.26466
    endloop
  endfacet
  facet normal 0 -1 -0
    outer loop
      vertex 54.9797 -67 8.26466
      vertex 43 -67 0
      vertex 55.0514 -67 8.09137
    endloop
  endfacet
  facet normal 0 -1 -0
    outer loop
      vertex 55.0514 -67 8.09137
      vertex 43 -67 0
      vertex 55.138 -67 7.925
    endloop
  endfacet
  facet normal 0 -1 -0
    outer loop
      vertex 55.138 -67 7.925
      vertex 43 -67 0
      vertex 55.2388 -67 7.76681
    endloop
  endfacet
  facet normal 0 -1 -0
    outer loop
      vertex 55.2388 -67 7.76681
      vertex 43 -67 0
      vertex 55.353 -67 7.61801
    endloop
  endfacet
  facet normal 0 -1 -0
    outer loop
      vertex 55.353 -67 7.61801
      vertex 43 -67 0
      vertex 55.4797 -67 7.47972
    endloop
  endfacet
  facet normal 0 -1 -0
    outer loop
      vertex 56.8126 -67 6.85818
      vertex 43 -67 0
      vertex 57 -67 6.85
    endloop
  endfacet
  facet normal 0 -1 -0
    outer loop
      vertex 56.6267 -67 6.88266
      vertex 43 -67 0
      vertex 56.8126 -67 6.85818
    endloop
  endfacet
  facet normal 0 -1 -0
    outer loop
      vertex 56.4435 -67 6.92326
      vertex 43 -67 0
      vertex 56.6267 -67 6.88266
    endloop
  endfacet
  facet normal 0 -1 -0
    outer loop
      vertex 56.2647 -67 6.97966
      vertex 43 -67 0
      vertex 56.4435 -67 6.92326
    endloop
  endfacet
  facet normal 0 -1 -0
    outer loop
      vertex 56.0914 -67 7.05144
      vertex 43 -67 0
      vertex 56.2647 -67 6.97966
    endloop
  endfacet
  facet normal 0 -1 -0
    outer loop
      vertex 55.925 -67 7.13805
      vertex 43 -67 0
      vertex 56.0914 -67 7.05144
    endloop
  endfacet
  facet normal 0 -1 -0
    outer loop
      vertex 55.7668 -67 7.23882
      vertex 43 -67 0
      vertex 55.925 -67 7.13805
    endloop
  endfacet
  facet normal 0 -1 -0
    outer loop
      vertex 55.618 -67 7.353
      vertex 43 -67 0
      vertex 55.7668 -67 7.23882
    endloop
  endfacet
  facet normal 0 -1 -0
    outer loop
      vertex 55.4797 -67 7.47972
      vertex 43 -67 0
      vertex 55.618 -67 7.353
    endloop
  endfacet
  facet normal 0 -1 0
    outer loop
      vertex 57.1874 -67 11.1418
      vertex 71 -67 18
      vertex 57 -67 11.15
    endloop
  endfacet
  facet normal 0 -1 0
    outer loop
      vertex 57.3733 -67 11.1173
      vertex 71 -67 18
      vertex 57.1874 -67 11.1418
    endloop
  endfacet
  facet normal 0 -1 0
    outer loop
      vertex 57.5565 -67 11.0767
      vertex 71 -67 18
      vertex 57.3733 -67 11.1173
    endloop
  endfacet
  facet normal 0 -1 0
    outer loop
      vertex 57.7353 -67 11.0203
      vertex 71 -67 18
      vertex 57.5565 -67 11.0767
    endloop
  endfacet
  facet normal 0 -1 0
    outer loop
      vertex 57.9086 -67 10.9486
      vertex 71 -67 18
      vertex 57.7353 -67 11.0203
    endloop
  endfacet
  facet normal 0 -1 0
    outer loop
      vertex 58.075 -67 10.862
      vertex 71 -67 18
      vertex 57.9086 -67 10.9486
    endloop
  endfacet
  facet normal 0 -1 0
    outer loop
      vertex 58.2332 -67 10.7612
      vertex 71 -67 18
      vertex 58.075 -67 10.862
    endloop
  endfacet
  facet normal 0 -1 0
    outer loop
      vertex 58.382 -67 10.647
      vertex 71 -67 18
      vertex 58.2332 -67 10.7612
    endloop
  endfacet
  facet normal 0 -1 0
    outer loop
      vertex 58.5203 -67 10.5203
      vertex 71 -67 18
      vertex 58.382 -67 10.647
    endloop
  endfacet
  facet normal 0 -1 0
    outer loop
      vertex 58.647 -67 10.382
      vertex 71 -67 18
      vertex 58.5203 -67 10.5203
    endloop
  endfacet
  facet normal 0 -1 0
    outer loop
      vertex 58.7612 -67 10.2332
      vertex 71 -67 18
      vertex 58.647 -67 10.382
    endloop
  endfacet
  facet normal 0 -1 0
    outer loop
      vertex 58.862 -67 10.075
      vertex 71 -67 18
      vertex 58.7612 -67 10.2332
    endloop
  endfacet
  facet normal 0 -1 0
    outer loop
      vertex 58.9486 -67 9.90863
      vertex 71 -67 18
      vertex 58.862 -67 10.075
    endloop
  endfacet
  facet normal 0 -1 0
    outer loop
      vertex 59.0203 -67 9.73534
      vertex 71 -67 18
      vertex 58.9486 -67 9.90863
    endloop
  endfacet
  facet normal 0 -1 0
    outer loop
      vertex 59.0767 -67 9.55646
      vertex 71 -67 18
      vertex 59.0203 -67 9.73534
    endloop
  endfacet
  facet normal 0 -1 0
    outer loop
      vertex 59.1173 -67 9.37334
      vertex 71 -67 18
      vertex 59.0767 -67 9.55646
    endloop
  endfacet
  facet normal 0 -1 0
    outer loop
      vertex 59.1418 -67 9.18738
      vertex 71 -67 18
      vertex 59.1173 -67 9.37334
    endloop
  endfacet
  facet normal 0 -1 0
    outer loop
      vertex 59.15 -67 9
      vertex 71 -67 18
      vertex 59.1418 -67 9.18738
    endloop
  endfacet
  facet normal 0 -1 0
    outer loop
      vertex 71 -67 0
      vertex 59.15 -67 9
      vertex 59.1418 -67 8.81261
    endloop
  endfacet
  facet normal 0 -1 0
    outer loop
      vertex 71 -67 0
      vertex 59.1418 -67 8.81261
      vertex 59.1173 -67 8.62666
    endloop
  endfacet
  facet normal 0 -1 0
    outer loop
      vertex 71 -67 0
      vertex 59.1173 -67 8.62666
      vertex 59.0767 -67 8.44354
    endloop
  endfacet
  facet normal 0 -1 0
    outer loop
      vertex 71 -67 0
      vertex 59.0767 -67 8.44354
      vertex 59.0203 -67 8.26466
    endloop
  endfacet
  facet normal 0 -1 0
    outer loop
      vertex 71 -67 0
      vertex 59.0203 -67 8.26466
      vertex 58.9486 -67 8.09137
    endloop
  endfacet
  facet normal 0 -1 0
    outer loop
      vertex 71 -67 0
      vertex 58.9486 -67 8.09137
      vertex 58.862 -67 7.925
    endloop
  endfacet
  facet normal 0 -1 0
    outer loop
      vertex 71 -67 0
      vertex 58.862 -67 7.925
      vertex 58.7612 -67 7.76681
    endloop
  endfacet
  facet normal 0 -1 0
    outer loop
      vertex 71 -67 0
      vertex 58.7612 -67 7.76681
      vertex 58.647 -67 7.61801
    endloop
  endfacet
  facet normal 0 -1 0
    outer loop
      vertex 71 -67 0
      vertex 58.647 -67 7.61801
      vertex 58.5203 -67 7.47972
    endloop
  endfacet
  facet normal 0 -1 0
    outer loop
      vertex 71 -67 0
      vertex 58.5203 -67 7.47972
      vertex 58.382 -67 7.353
    endloop
  endfacet
  facet normal 0 -1 0
    outer loop
      vertex 71 -67 0
      vertex 57 -67 6.85
      vertex 43 -67 0
    endloop
  endfacet
  facet normal 0 -1 0
    outer loop
      vertex 57 -67 6.85
      vertex 71 -67 0
      vertex 57.1874 -67 6.85818
    endloop
  endfacet
  facet normal 0 -1 0
    outer loop
      vertex 57.1874 -67 6.85818
      vertex 71 -67 0
      vertex 57.3733 -67 6.88266
    endloop
  endfacet
  facet normal 0 -1 0
    outer loop
      vertex 57.3733 -67 6.88266
      vertex 71 -67 0
      vertex 57.5565 -67 6.92326
    endloop
  endfacet
  facet normal 0 -1 0
    outer loop
      vertex 57.5565 -67 6.92326
      vertex 71 -67 0
      vertex 57.7353 -67 6.97966
    endloop
  endfacet
  facet normal 0 -1 0
    outer loop
      vertex 59.15 -67 9
      vertex 71 -67 0
      vertex 71 -67 18
    endloop
  endfacet
  facet normal 0 -1 0
    outer loop
      vertex 58.2332 -67 7.23882
      vertex 71 -67 0
      vertex 58.382 -67 7.353
    endloop
  endfacet
  facet normal 0 -1 0
    outer loop
      vertex 58.075 -67 7.13805
      vertex 71 -67 0
      vertex 58.2332 -67 7.23882
    endloop
  endfacet
  facet normal 0 -1 0
    outer loop
      vertex 57.9086 -67 7.05144
      vertex 71 -67 0
      vertex 58.075 -67 7.13805
    endloop
  endfacet
  facet normal 0 -1 0
    outer loop
      vertex 57.7353 -67 6.97966
      vertex 71 -67 0
      vertex 57.9086 -67 7.05144
    endloop
  endfacet
  facet normal 0.991444 0.130535 0
    outer loop
      vertex 64.7527 5.66512 12
      vertex 64.0125 11.2871 0
      vertex 64.0125 11.2871 12
    endloop
  endfacet
  facet normal 0.991444 0.130535 0
    outer loop
      vertex 64.0125 11.2871 0
      vertex 64.7527 5.66512 12
      vertex 64.7527 5.66512 0
    endloop
  endfacet
  facet normal -0.793351 -0.608764 0
    outer loop
      vertex -49.7929 -41.7812 0
      vertex -53.2449 -37.2825 12
      vertex -53.2449 -37.2825 0
    endloop
  endfacet
  facet normal -0.793351 -0.608764 0
    outer loop
      vertex -53.2449 -37.2825 12
      vertex -49.7929 -41.7812 0
      vertex -49.7929 -41.7812 12
    endloop
  endfacet
  facet normal 0.608764 0.793351 -0
    outer loop
      vertex 41.7812 49.7929 0
      vertex 37.2825 53.2449 12
      vertex 41.7812 49.7929 12
    endloop
  endfacet
  facet normal 0.608764 0.793351 0
    outer loop
      vertex 37.2825 53.2449 12
      vertex 41.7812 49.7929 0
      vertex 37.2825 53.2449 0
    endloop
  endfacet
  facet normal 0.130535 -0.991444 0
    outer loop
      vertex 5.66512 -64.7527 0
      vertex 11.2871 -64.0125 12
      vertex 5.66512 -64.7527 12
    endloop
  endfacet
  facet normal 0.130535 -0.991444 0
    outer loop
      vertex 11.2871 -64.0125 12
      vertex 5.66512 -64.7527 0
      vertex 11.2871 -64.0125 0
    endloop
  endfacet
  facet normal 0.461756 -0.887007 0
    outer loop
      vertex 27.4702 -58.91 0
      vertex 32.5 -56.2916 12
      vertex 27.4702 -58.91 12
    endloop
  endfacet
  facet normal 0.461756 -0.887007 0
    outer loop
      vertex 32.5 -56.2916 12
      vertex 27.4702 -58.91 0
      vertex 32.5 -56.2916 0
    endloop
  endfacet
  facet normal -0.887007 -0.461756 0
    outer loop
      vertex -56.2916 -32.5 0
      vertex -58.91 -27.4702 12
      vertex -58.91 -27.4702 0
    endloop
  endfacet
  facet normal -0.887007 -0.461756 0
    outer loop
      vertex -58.91 -27.4702 12
      vertex -56.2916 -32.5 0
      vertex -56.2916 -32.5 12
    endloop
  endfacet
  facet normal -0.608764 -0.793351 0
    outer loop
      vertex -41.7812 -49.7929 0
      vertex -37.2825 -53.2449 12
      vertex -41.7812 -49.7929 12
    endloop
  endfacet
  facet normal -0.608764 -0.793351 -0
    outer loop
      vertex -37.2825 -53.2449 12
      vertex -41.7812 -49.7929 0
      vertex -37.2825 -53.2449 0
    endloop
  endfacet
  facet normal 0.953715 0.300711 0
    outer loop
      vertex 62.7852 16.8232 12
      vertex 61.08 22.2313 0
      vertex 61.08 22.2313 12
    endloop
  endfacet
  facet normal 0.953715 0.300711 0
    outer loop
      vertex 61.08 22.2313 0
      vertex 62.7852 16.8232 12
      vertex 62.7852 16.8232 0
    endloop
  endfacet
  facet normal 0.793351 0.608764 0
    outer loop
      vertex 53.2449 37.2825 12
      vertex 49.7929 41.7812 0
      vertex 49.7929 41.7812 12
    endloop
  endfacet
  facet normal 0.793351 0.608764 0
    outer loop
      vertex 49.7929 41.7812 0
      vertex 53.2449 37.2825 12
      vertex 53.2449 37.2825 0
    endloop
  endfacet
  facet normal -0.216436 0.976297 0
    outer loop
      vertex -11.2871 64.0125 0
      vertex -16.8232 62.7852 12
      vertex -11.2871 64.0125 12
    endloop
  endfacet
  facet normal -0.216436 0.976297 0
    outer loop
      vertex -16.8232 62.7852 12
      vertex -11.2871 64.0125 0
      vertex -16.8232 62.7852 0
    endloop
  endfacet
  facet normal -0.843399 -0.537289 0
    outer loop
      vertex -53.2449 -37.2825 0
      vertex -56.2916 -32.5 12
      vertex -56.2916 -32.5 0
    endloop
  endfacet
  facet normal -0.843399 -0.537289 0
    outer loop
      vertex -56.2916 -32.5 12
      vertex -53.2449 -37.2825 0
      vertex -53.2449 -37.2825 12
    endloop
  endfacet
  facet normal 0.976297 -0.216436 0
    outer loop
      vertex 62.7852 -16.8232 12
      vertex 64.0125 -11.2871 0
      vertex 64.0125 -11.2871 12
    endloop
  endfacet
  facet normal 0.976297 -0.216436 0
    outer loop
      vertex 64.0125 -11.2871 0
      vertex 62.7852 -16.8232 12
      vertex 62.7852 -16.8232 0
    endloop
  endfacet
  facet normal 0.737269 0.675599 0
    outer loop
      vertex 49.7929 41.7812 12
      vertex 45.9619 45.9619 0
      vertex 45.9619 45.9619 12
    endloop
  endfacet
  facet normal 0.737269 0.675599 0
    outer loop
      vertex 45.9619 45.9619 0
      vertex 49.7929 41.7812 12
      vertex 49.7929 41.7812 0
    endloop
  endfacet
  facet normal 0.887007 -0.461756 0
    outer loop
      vertex 56.2916 -32.5 12
      vertex 58.91 -27.4702 0
      vertex 58.91 -27.4702 12
    endloop
  endfacet
  facet normal 0.887007 -0.461756 0
    outer loop
      vertex 58.91 -27.4702 0
      vertex 56.2916 -32.5 12
      vertex 56.2916 -32.5 0
    endloop
  endfacet
  facet normal 0.216436 -0.976297 0
    outer loop
      vertex 11.2871 -64.0125 0
      vertex 16.8232 -62.7852 12
      vertex 11.2871 -64.0125 12
    endloop
  endfacet
  facet normal 0.216436 -0.976297 0
    outer loop
      vertex 16.8232 -62.7852 12
      vertex 11.2871 -64.0125 0
      vertex 16.8232 -62.7852 0
    endloop
  endfacet
  facet normal 0.999049 0.0436116 0
    outer loop
      vertex 65 0 12
      vertex 64.7527 5.66512 0
      vertex 64.7527 5.66512 12
    endloop
  endfacet
  facet normal 0.999049 0.0436116 0
    outer loop
      vertex 64.7527 5.66512 0
      vertex 65 0 12
      vertex 65 0 0
    endloop
  endfacet
  facet normal 0.843399 -0.537289 0
    outer loop
      vertex 53.2449 -37.2825 12
      vertex 56.2916 -32.5 0
      vertex 56.2916 -32.5 12
    endloop
  endfacet
  facet normal 0.843399 -0.537289 0
    outer loop
      vertex 56.2916 -32.5 0
      vertex 53.2449 -37.2825 12
      vertex 53.2449 -37.2825 0
    endloop
  endfacet
  facet normal 0.976297 0.216436 0
    outer loop
      vertex 64.0125 11.2871 12
      vertex 62.7852 16.8232 0
      vertex 62.7852 16.8232 12
    endloop
  endfacet
  facet normal 0.976297 0.216436 0
    outer loop
      vertex 62.7852 16.8232 0
      vertex 64.0125 11.2871 12
      vertex 64.0125 11.2871 0
    endloop
  endfacet
  facet normal 0.130535 0.991444 -0
    outer loop
      vertex 11.2871 64.0125 0
      vertex 5.66512 64.7527 12
      vertex 11.2871 64.0125 12
    endloop
  endfacet
  facet normal 0.130535 0.991444 0
    outer loop
      vertex 5.66512 64.7527 12
      vertex 11.2871 64.0125 0
      vertex 5.66512 64.7527 0
    endloop
  endfacet
  facet normal -0.0436116 0.999049 0
    outer loop
      vertex 0 65 0
      vertex -5.66512 64.7527 12
      vertex 0 65 12
    endloop
  endfacet
  facet normal -0.0436116 0.999049 0
    outer loop
      vertex -5.66512 64.7527 12
      vertex 0 65 0
      vertex -5.66512 64.7527 0
    endloop
  endfacet
  facet normal -0.976297 -0.216436 0
    outer loop
      vertex -62.7852 -16.8232 0
      vertex -64.0125 -11.2871 12
      vertex -64.0125 -11.2871 0
    endloop
  endfacet
  facet normal -0.976297 -0.216436 0
    outer loop
      vertex -64.0125 -11.2871 12
      vertex -62.7852 -16.8232 0
      vertex -62.7852 -16.8232 12
    endloop
  endfacet
  facet normal -0.953715 -0.300711 0
    outer loop
      vertex -61.08 -22.2313 0
      vertex -62.7852 -16.8232 12
      vertex -62.7852 -16.8232 0
    endloop
  endfacet
  facet normal -0.953715 -0.300711 0
    outer loop
      vertex -62.7852 -16.8232 12
      vertex -61.08 -22.2313 0
      vertex -61.08 -22.2313 12
    endloop
  endfacet
  facet normal -0.737269 0.675599 0
    outer loop
      vertex -49.7929 41.7812 0
      vertex -45.9619 45.9619 12
      vertex -45.9619 45.9619 0
    endloop
  endfacet
  facet normal -0.737269 0.675599 0
    outer loop
      vertex -45.9619 45.9619 12
      vertex -49.7929 41.7812 0
      vertex -49.7929 41.7812 12
    endloop
  endfacet
  facet normal 0.793351 -0.608764 0
    outer loop
      vertex 49.7929 -41.7812 12
      vertex 53.2449 -37.2825 0
      vertex 53.2449 -37.2825 12
    endloop
  endfacet
  facet normal 0.793351 -0.608764 0
    outer loop
      vertex 53.2449 -37.2825 0
      vertex 49.7929 -41.7812 12
      vertex 49.7929 -41.7812 0
    endloop
  endfacet
  facet normal 0.675599 -0.737269 0
    outer loop
      vertex 41.7812 -49.7929 0
      vertex 45.9619 -45.9619 12
      vertex 41.7812 -49.7929 12
    endloop
  endfacet
  facet normal 0.675599 -0.737269 0
    outer loop
      vertex 45.9619 -45.9619 12
      vertex 41.7812 -49.7929 0
      vertex 45.9619 -45.9619 0
    endloop
  endfacet
  facet normal -0.537289 0.843399 0
    outer loop
      vertex -32.5 56.2916 0
      vertex -37.2825 53.2449 12
      vertex -32.5 56.2916 12
    endloop
  endfacet
  facet normal -0.537289 0.843399 0
    outer loop
      vertex -37.2825 53.2449 12
      vertex -32.5 56.2916 0
      vertex -37.2825 53.2449 0
    endloop
  endfacet
  facet normal 0.38268 0.923881 -0
    outer loop
      vertex 27.4702 58.91 0
      vertex 22.2313 61.08 12
      vertex 27.4702 58.91 12
    endloop
  endfacet
  facet normal 0.38268 0.923881 0
    outer loop
      vertex 22.2313 61.08 12
      vertex 27.4702 58.91 0
      vertex 22.2313 61.08 0
    endloop
  endfacet
  facet normal -0.300711 -0.953715 0
    outer loop
      vertex -22.2313 -61.08 0
      vertex -16.8232 -62.7852 12
      vertex -22.2313 -61.08 12
    endloop
  endfacet
  facet normal -0.300711 -0.953715 -0
    outer loop
      vertex -16.8232 -62.7852 12
      vertex -22.2313 -61.08 0
      vertex -16.8232 -62.7852 0
    endloop
  endfacet
  facet normal 0.999049 -0.0436116 0
    outer loop
      vertex 64.7527 -5.66512 12
      vertex 65 0 0
      vertex 65 0 12
    endloop
  endfacet
  facet normal 0.999049 -0.0436116 0
    outer loop
      vertex 65 0 0
      vertex 64.7527 -5.66512 12
      vertex 64.7527 -5.66512 0
    endloop
  endfacet
  facet normal -0.999049 -0.0436116 0
    outer loop
      vertex -64.7527 -5.66512 0
      vertex -65 0 12
      vertex -65 0 0
    endloop
  endfacet
  facet normal -0.999049 -0.0436116 0
    outer loop
      vertex -65 0 12
      vertex -64.7527 -5.66512 0
      vertex -64.7527 -5.66512 12
    endloop
  endfacet
  facet normal -0.130535 -0.991444 0
    outer loop
      vertex -11.2871 -64.0125 0
      vertex -5.66512 -64.7527 12
      vertex -11.2871 -64.0125 12
    endloop
  endfacet
  facet normal -0.130535 -0.991444 -0
    outer loop
      vertex -5.66512 -64.7527 12
      vertex -11.2871 -64.0125 0
      vertex -5.66512 -64.7527 0
    endloop
  endfacet
  facet normal -0.130535 0.991444 0
    outer loop
      vertex -5.66512 64.7527 0
      vertex -11.2871 64.0125 12
      vertex -5.66512 64.7527 12
    endloop
  endfacet
  facet normal -0.130535 0.991444 0
    outer loop
      vertex -11.2871 64.0125 12
      vertex -5.66512 64.7527 0
      vertex -11.2871 64.0125 0
    endloop
  endfacet
  facet normal -0.999049 0.0436116 0
    outer loop
      vertex -65 0 0
      vertex -64.7527 5.66512 12
      vertex -64.7527 5.66512 0
    endloop
  endfacet
  facet normal -0.999049 0.0436116 0
    outer loop
      vertex -64.7527 5.66512 12
      vertex -65 0 0
      vertex -65 0 12
    endloop
  endfacet
  facet normal 0.923881 0.38268 0
    outer loop
      vertex 61.08 22.2313 12
      vertex 58.91 27.4702 0
      vertex 58.91 27.4702 12
    endloop
  endfacet
  facet normal 0.923881 0.38268 0
    outer loop
      vertex 58.91 27.4702 0
      vertex 61.08 22.2313 12
      vertex 61.08 22.2313 0
    endloop
  endfacet
  facet normal 0.0436116 -0.999049 0
    outer loop
      vertex 0 -65 0
      vertex 5.66512 -64.7527 12
      vertex 0 -65 12
    endloop
  endfacet
  facet normal 0.0436116 -0.999049 0
    outer loop
      vertex 5.66512 -64.7527 12
      vertex 0 -65 0
      vertex 5.66512 -64.7527 0
    endloop
  endfacet
  facet normal -0.953715 0.300711 0
    outer loop
      vertex -62.7852 16.8232 0
      vertex -61.08 22.2313 12
      vertex -61.08 22.2313 0
    endloop
  endfacet
  facet normal -0.953715 0.300711 0
    outer loop
      vertex -61.08 22.2313 12
      vertex -62.7852 16.8232 0
      vertex -62.7852 16.8232 12
    endloop
  endfacet
  facet normal 0.887007 0.461756 0
    outer loop
      vertex 58.91 27.4702 12
      vertex 56.2916 32.5 0
      vertex 56.2916 32.5 12
    endloop
  endfacet
  facet normal 0.887007 0.461756 0
    outer loop
      vertex 56.2916 32.5 0
      vertex 58.91 27.4702 12
      vertex 58.91 27.4702 0
    endloop
  endfacet
  facet normal 0.991444 -0.130535 0
    outer loop
      vertex 64.0125 -11.2871 12
      vertex 64.7527 -5.66512 0
      vertex 64.7527 -5.66512 12
    endloop
  endfacet
  facet normal 0.991444 -0.130535 0
    outer loop
      vertex 64.7527 -5.66512 0
      vertex 64.0125 -11.2871 12
      vertex 64.0125 -11.2871 0
    endloop
  endfacet
  facet normal 0.953715 -0.300711 0
    outer loop
      vertex 61.08 -22.2313 12
      vertex 62.7852 -16.8232 0
      vertex 62.7852 -16.8232 12
    endloop
  endfacet
  facet normal 0.953715 -0.300711 0
    outer loop
      vertex 62.7852 -16.8232 0
      vertex 61.08 -22.2313 12
      vertex 61.08 -22.2313 0
    endloop
  endfacet
  facet normal -0.991444 0.130535 0
    outer loop
      vertex -64.7527 5.66512 0
      vertex -64.0125 11.2871 12
      vertex -64.0125 11.2871 0
    endloop
  endfacet
  facet normal -0.991444 0.130535 0
    outer loop
      vertex -64.0125 11.2871 12
      vertex -64.7527 5.66512 0
      vertex -64.7527 5.66512 12
    endloop
  endfacet
  facet normal 0.923881 -0.38268 0
    outer loop
      vertex 58.91 -27.4702 12
      vertex 61.08 -22.2313 0
      vertex 61.08 -22.2313 12
    endloop
  endfacet
  facet normal 0.923881 -0.38268 0
    outer loop
      vertex 61.08 -22.2313 0
      vertex 58.91 -27.4702 12
      vertex 58.91 -27.4702 0
    endloop
  endfacet
  facet normal 0.675599 0.737269 -0
    outer loop
      vertex 45.9619 45.9619 0
      vertex 41.7812 49.7929 12
      vertex 45.9619 45.9619 12
    endloop
  endfacet
  facet normal 0.675599 0.737269 0
    outer loop
      vertex 41.7812 49.7929 12
      vertex 45.9619 45.9619 0
      vertex 41.7812 49.7929 0
    endloop
  endfacet
  facet normal 0 0 1
    outer loop
      vertex -52.5917 -16.8625 12
      vertex -64.0125 -11.2871 12
      vertex -52.7581 -16.9492 12
    endloop
  endfacet
  facet normal 0 0 1
    outer loop
      vertex -52.7581 -16.9492 12
      vertex -64.0125 -11.2871 12
      vertex -52.9163 -17.0499 12
    endloop
  endfacet
  facet normal 0 0 1
    outer loop
      vertex -52.9163 -17.0499 12
      vertex -64.0125 -11.2871 12
      vertex -53.0651 -17.1641 12
    endloop
  endfacet
  facet normal 0 0 1
    outer loop
      vertex -53.0651 -17.1641 12
      vertex -64.0125 -11.2871 12
      vertex -53.2034 -17.2908 12
    endloop
  endfacet
  facet normal -0 -0 1
    outer loop
      vertex -62.7852 -16.8232 12
      vertex -53.2034 -17.2908 12
      vertex -64.0125 -11.2871 12
    endloop
  endfacet
  facet normal 0 0 1
    outer loop
      vertex -53.2034 -17.2908 12
      vertex -62.7852 -16.8232 12
      vertex -53.3301 -17.4291 12
    endloop
  endfacet
  facet normal 0 0 1
    outer loop
      vertex -53.3301 -17.4291 12
      vertex -62.7852 -16.8232 12
      vertex -53.4443 -17.5779 12
    endloop
  endfacet
  facet normal 0 0 1
    outer loop
      vertex -53.4443 -17.5779 12
      vertex -62.7852 -16.8232 12
      vertex -53.545 -17.7361 12
    endloop
  endfacet
  facet normal 0 0 1
    outer loop
      vertex -53.545 -17.7361 12
      vertex -62.7852 -16.8232 12
      vertex -53.6317 -17.9025 12
    endloop
  endfacet
  facet normal 0 0 1
    outer loop
      vertex -53.6317 -17.9025 12
      vertex -62.7852 -16.8232 12
      vertex -53.7034 -18.0758 12
    endloop
  endfacet
  facet normal 0 0 1
    outer loop
      vertex -53.8331 -18.8111 12
      vertex -58.91 -27.4702 12
      vertex -56.2916 -32.5 12
    endloop
  endfacet
  facet normal 0 0 1
    outer loop
      vertex -53.7034 -18.0758 12
      vertex -62.7852 -16.8232 12
      vertex -53.7598 -18.2546 12
    endloop
  endfacet
  facet normal 0 0 1
    outer loop
      vertex -53.8004 -18.4378 12
      vertex -62.7852 -16.8232 12
      vertex -53.8249 -18.6237 12
    endloop
  endfacet
  facet normal 0 0 1
    outer loop
      vertex -53.7598 -18.2546 12
      vertex -62.7852 -16.8232 12
      vertex -53.8004 -18.4378 12
    endloop
  endfacet
  facet normal 0 0 1
    outer loop
      vertex -64.0125 -11.2871 12
      vertex -59.2604 -1.58604 12
      vertex -59.4015 -1.64446 12
    endloop
  endfacet
  facet normal 0 0 1
    outer loop
      vertex -64.0125 -11.2871 12
      vertex -59.4015 -1.64446 12
      vertex -59.5471 -1.69037 12
    endloop
  endfacet
  facet normal 0 0 1
    outer loop
      vertex -64.0125 -11.2871 12
      vertex -59.5471 -1.69037 12
      vertex -59.6961 -1.72341 12
    endloop
  endfacet
  facet normal 0 0 1
    outer loop
      vertex -64.0125 -11.2871 12
      vertex -59.6961 -1.72341 12
      vertex -59.8475 -1.74334 12
    endloop
  endfacet
  facet normal 0 0 1
    outer loop
      vertex -64.7527 -5.66512 12
      vertex -59.8475 -1.74334 12
      vertex -60 -1.75 12
    endloop
  endfacet
  facet normal 0 0 1
    outer loop
      vertex -64.7527 -5.66512 12
      vertex -60 -1.75 12
      vertex -60.1525 -1.74334 12
    endloop
  endfacet
  facet normal 0 0 1
    outer loop
      vertex -64.7527 -5.66512 12
      vertex -60.1525 -1.74334 12
      vertex -60.3039 -1.72341 12
    endloop
  endfacet
  facet normal 0 0 1
    outer loop
      vertex -64.7527 -5.66512 12
      vertex -60.3039 -1.72341 12
      vertex -60.4529 -1.69037 12
    endloop
  endfacet
  facet normal 0 0 1
    outer loop
      vertex -64.7527 -5.66512 12
      vertex -60.4529 -1.69037 12
      vertex -60.5985 -1.64446 12
    endloop
  endfacet
  facet normal 0 0 1
    outer loop
      vertex -64.7527 -5.66512 12
      vertex -60.5985 -1.64446 12
      vertex -60.7396 -1.58604 12
    endloop
  endfacet
  facet normal 0 0 1
    outer loop
      vertex -64.7527 -5.66512 12
      vertex -60.7396 -1.58604 12
      vertex -60.875 -1.51554 12
    endloop
  endfacet
  facet normal 0 0 1
    outer loop
      vertex -64.7527 -5.66512 12
      vertex -60.875 -1.51554 12
      vertex -61.0038 -1.43352 12
    endloop
  endfacet
  facet normal 0 0 1
    outer loop
      vertex -53.8331 -18.8111 12
      vertex -61.08 -22.2313 12
      vertex -58.91 -27.4702 12
    endloop
  endfacet
  facet normal 0 0 1
    outer loop
      vertex -64.7527 -5.66512 12
      vertex -61.0038 -1.43352 12
      vertex -61.1249 -1.34058 12
    endloop
  endfacet
  facet normal 0 0 1
    outer loop
      vertex -64.7527 -5.66512 12
      vertex -61.1249 -1.34058 12
      vertex -61.2374 -1.23744 12
    endloop
  endfacet
  facet normal 0 0 1
    outer loop
      vertex -64.7527 -5.66512 12
      vertex -61.2374 -1.23744 12
      vertex -61.3406 -1.12488 12
    endloop
  endfacet
  facet normal 0 0 1
    outer loop
      vertex -64.7527 -5.66512 12
      vertex -61.3406 -1.12488 12
      vertex -61.4335 -1.00376 12
    endloop
  endfacet
  facet normal 0 0 1
    outer loop
      vertex -65 0 12
      vertex -61.4335 -1.00376 12
      vertex -61.5155 -0.875 12
    endloop
  endfacet
  facet normal 0 0 1
    outer loop
      vertex -65 0 12
      vertex -61.5155 -0.875 12
      vertex -61.586 -0.739581 12
    endloop
  endfacet
  facet normal 0 0 1
    outer loop
      vertex -65 0 12
      vertex -61.586 -0.739581 12
      vertex -61.6445 -0.598535 12
    endloop
  endfacet
  facet normal 0 0 1
    outer loop
      vertex -65 0 12
      vertex -61.6445 -0.598535 12
      vertex -61.6904 -0.452933 12
    endloop
  endfacet
  facet normal 0 0 1
    outer loop
      vertex -65 0 12
      vertex -61.6904 -0.452933 12
      vertex -61.7234 -0.303884 12
    endloop
  endfacet
  facet normal 0 0 1
    outer loop
      vertex -65 0 12
      vertex -61.7234 -0.303884 12
      vertex -61.7433 -0.152522 12
    endloop
  endfacet
  facet normal -0 0 1
    outer loop
      vertex -65 0 12
      vertex -61.7433 -0.152522 12
      vertex -61.75 0 12
    endloop
  endfacet
  facet normal 0 0 1
    outer loop
      vertex -61.6904 0.452933 12
      vertex -65 0 12
      vertex -61.7234 0.303884 12
    endloop
  endfacet
  facet normal 0 0 1
    outer loop
      vertex -53.8249 -18.6237 12
      vertex -61.08 -22.2313 12
      vertex -53.8331 -18.8111 12
    endloop
  endfacet
  facet normal 0 0 1
    outer loop
      vertex -61.7234 0.303884 12
      vertex -65 0 12
      vertex -61.7433 0.152522 12
    endloop
  endfacet
  facet normal 0 -0 1
    outer loop
      vertex -61.08 -22.2313 12
      vertex -53.8249 -18.6237 12
      vertex -62.7852 -16.8232 12
    endloop
  endfacet
  facet normal 0 0 1
    outer loop
      vertex -61.7433 0.152522 12
      vertex -65 0 12
      vertex -61.75 0 12
    endloop
  endfacet
  facet normal 0 0 1
    outer loop
      vertex -59.8475 -1.74334 12
      vertex -64.7527 -5.66512 12
      vertex -64.0125 -11.2871 12
    endloop
  endfacet
  facet normal 0 0 1
    outer loop
      vertex -61.4335 -1.00376 12
      vertex -65 0 12
      vertex -64.7527 -5.66512 12
    endloop
  endfacet
  facet normal 0 0 1
    outer loop
      vertex -29.8475 -50.2182 12
      vertex -49.6628 -19.5465 12
      vertex -30 -50.2115 12
    endloop
  endfacet
  facet normal -0 0 1
    outer loop
      vertex -49.7345 -19.7197 12
      vertex -30 -50.2115 12
      vertex -49.6628 -19.5465 12
    endloop
  endfacet
  facet normal 0 0 1
    outer loop
      vertex -30 -50.2115 12
      vertex -49.7345 -19.7197 12
      vertex -30.1525 -50.2182 12
    endloop
  endfacet
  facet normal -0 0 1
    outer loop
      vertex -49.8211 -19.8861 12
      vertex -30.1525 -50.2182 12
      vertex -49.7345 -19.7197 12
    endloop
  endfacet
  facet normal 0 0 1
    outer loop
      vertex -30.1525 -50.2182 12
      vertex -49.8211 -19.8861 12
      vertex -30.3039 -50.2381 12
    endloop
  endfacet
  facet normal -0 0 1
    outer loop
      vertex -49.9219 -20.0443 12
      vertex -30.3039 -50.2381 12
      vertex -49.8211 -19.8861 12
    endloop
  endfacet
  facet normal 0 0 1
    outer loop
      vertex -30.3039 -50.2381 12
      vertex -49.9219 -20.0443 12
      vertex -45.9619 -45.9619 12
    endloop
  endfacet
  facet normal 0 0 1
    outer loop
      vertex -45.9619 -45.9619 12
      vertex -49.9219 -20.0443 12
      vertex -49.7929 -41.7812 12
    endloop
  endfacet
  facet normal -0 0 1
    outer loop
      vertex -50.0361 -20.1931 12
      vertex -49.7929 -41.7812 12
      vertex -49.9219 -20.0443 12
    endloop
  endfacet
  facet normal -0 0 1
    outer loop
      vertex -50.1628 -20.3314 12
      vertex -49.7929 -41.7812 12
      vertex -50.0361 -20.1931 12
    endloop
  endfacet
  facet normal 0 0 1
    outer loop
      vertex -53.2449 -37.2825 12
      vertex -50.1628 -20.3314 12
      vertex -50.3011 -20.4581 12
    endloop
  endfacet
  facet normal 0 0 1
    outer loop
      vertex -53.2449 -37.2825 12
      vertex -50.3011 -20.4581 12
      vertex -50.4499 -20.5723 12
    endloop
  endfacet
  facet normal 0 0 1
    outer loop
      vertex -53.2449 -37.2825 12
      vertex -50.4499 -20.5723 12
      vertex -50.6081 -20.6731 12
    endloop
  endfacet
  facet normal 0 0 1
    outer loop
      vertex -53.2449 -37.2825 12
      vertex -50.6081 -20.6731 12
      vertex -50.7745 -20.7597 12
    endloop
  endfacet
  facet normal 0 0 1
    outer loop
      vertex -56.2916 -32.5 12
      vertex -50.7745 -20.7597 12
      vertex -50.9478 -20.8314 12
    endloop
  endfacet
  facet normal 0 0 1
    outer loop
      vertex -56.2916 -32.5 12
      vertex -50.9478 -20.8314 12
      vertex -51.1266 -20.8878 12
    endloop
  endfacet
  facet normal 0 0 1
    outer loop
      vertex -56.2916 -32.5 12
      vertex -51.1266 -20.8878 12
      vertex -51.3097 -20.9284 12
    endloop
  endfacet
  facet normal 0 0 1
    outer loop
      vertex -56.2916 -32.5 12
      vertex -51.3097 -20.9284 12
      vertex -51.4957 -20.9529 12
    endloop
  endfacet
  facet normal 0 0 1
    outer loop
      vertex -56.2916 -32.5 12
      vertex -51.4957 -20.9529 12
      vertex -51.6831 -20.9611 12
    endloop
  endfacet
  facet normal 0 0 1
    outer loop
      vertex -56.2916 -32.5 12
      vertex -51.6831 -20.9611 12
      vertex -51.8705 -20.9529 12
    endloop
  endfacet
  facet normal 0 0 1
    outer loop
      vertex -56.2916 -32.5 12
      vertex -51.8705 -20.9529 12
      vertex -52.0564 -20.9284 12
    endloop
  endfacet
  facet normal 0 0 1
    outer loop
      vertex -56.2916 -32.5 12
      vertex -52.0564 -20.9284 12
      vertex -52.2396 -20.8878 12
    endloop
  endfacet
  facet normal 0 0 1
    outer loop
      vertex -56.2916 -32.5 12
      vertex -52.2396 -20.8878 12
      vertex -52.4184 -20.8314 12
    endloop
  endfacet
  facet normal 0 0 1
    outer loop
      vertex -56.2916 -32.5 12
      vertex -52.4184 -20.8314 12
      vertex -52.5917 -20.7597 12
    endloop
  endfacet
  facet normal 0 0 1
    outer loop
      vertex -56.2916 -32.5 12
      vertex -52.5917 -20.7597 12
      vertex -52.7581 -20.6731 12
    endloop
  endfacet
  facet normal 0 0 1
    outer loop
      vertex -56.2916 -32.5 12
      vertex -52.7581 -20.6731 12
      vertex -52.9163 -20.5723 12
    endloop
  endfacet
  facet normal 0 0 1
    outer loop
      vertex -56.2916 -32.5 12
      vertex -52.9163 -20.5723 12
      vertex -53.0651 -20.4581 12
    endloop
  endfacet
  facet normal 0 0 1
    outer loop
      vertex -56.2916 -32.5 12
      vertex -53.0651 -20.4581 12
      vertex -53.2034 -20.3314 12
    endloop
  endfacet
  facet normal 0 0 1
    outer loop
      vertex -50.1628 -20.3314 12
      vertex -53.2449 -37.2825 12
      vertex -49.7929 -41.7812 12
    endloop
  endfacet
  facet normal 0 0 1
    outer loop
      vertex -56.2916 -32.5 12
      vertex -53.2034 -20.3314 12
      vertex -53.3301 -20.1931 12
    endloop
  endfacet
  facet normal 0 0 1
    outer loop
      vertex -56.2916 -32.5 12
      vertex -53.3301 -20.1931 12
      vertex -53.4443 -20.0443 12
    endloop
  endfacet
  facet normal 0 0 1
    outer loop
      vertex -56.2916 -32.5 12
      vertex -53.4443 -20.0443 12
      vertex -53.545 -19.8861 12
    endloop
  endfacet
  facet normal 0 0 1
    outer loop
      vertex -56.2916 -32.5 12
      vertex -53.545 -19.8861 12
      vertex -53.6317 -19.7197 12
    endloop
  endfacet
  facet normal 0 0 1
    outer loop
      vertex -56.2916 -32.5 12
      vertex -53.6317 -19.7197 12
      vertex -53.7034 -19.5465 12
    endloop
  endfacet
  facet normal 0 0 1
    outer loop
      vertex -56.2916 -32.5 12
      vertex -53.7034 -19.5465 12
      vertex -53.7598 -19.3676 12
    endloop
  endfacet
  facet normal 0 0 1
    outer loop
      vertex -56.2916 -32.5 12
      vertex -53.7598 -19.3676 12
      vertex -53.8004 -19.1845 12
    endloop
  endfacet
  facet normal 0 0 1
    outer loop
      vertex -56.2916 -32.5 12
      vertex -53.8004 -19.1845 12
      vertex -53.8249 -18.9985 12
    endloop
  endfacet
  facet normal 0 0 1
    outer loop
      vertex -56.2916 -32.5 12
      vertex -53.8249 -18.9985 12
      vertex -53.8331 -18.8111 12
    endloop
  endfacet
  facet normal -0 0 1
    outer loop
      vertex -59.2604 -1.58604 12
      vertex -52.4184 -16.7908 12
      vertex -59.125 -1.51554 12
    endloop
  endfacet
  facet normal -0 0 1
    outer loop
      vertex -64.0125 -11.2871 12
      vertex -52.5917 -16.8625 12
      vertex -59.2604 -1.58604 12
    endloop
  endfacet
  facet normal 0 0 1
    outer loop
      vertex -50.7745 -20.7597 12
      vertex -56.2916 -32.5 12
      vertex -53.2449 -37.2825 12
    endloop
  endfacet
  facet normal 0 0 1
    outer loop
      vertex -52.4184 -16.7908 12
      vertex -59.2604 -1.58604 12
      vertex -52.5917 -16.8625 12
    endloop
  endfacet
  facet normal 0 0 1
    outer loop
      vertex -56.2916 32.5 12
      vertex -58.2766 0.303884 12
      vertex -58.2567 0.152522 12
    endloop
  endfacet
  facet normal 0 0 1
    outer loop
      vertex -56.2916 32.5 12
      vertex -58.3096 0.452933 12
      vertex -58.2766 0.303884 12
    endloop
  endfacet
  facet normal 0 0 1
    outer loop
      vertex -56.2916 32.5 12
      vertex -58.3555 0.598535 12
      vertex -58.3096 0.452933 12
    endloop
  endfacet
  facet normal 0 0 1
    outer loop
      vertex -56.2916 32.5 12
      vertex -58.414 0.739581 12
      vertex -58.3555 0.598535 12
    endloop
  endfacet
  facet normal -0 0 1
    outer loop
      vertex -58.91 27.4702 12
      vertex -58.414 0.739581 12
      vertex -56.2916 32.5 12
    endloop
  endfacet
  facet normal 0 0 1
    outer loop
      vertex -58.414 0.739581 12
      vertex -58.91 27.4702 12
      vertex -58.4845 0.875 12
    endloop
  endfacet
  facet normal -0 0 1
    outer loop
      vertex -61.08 22.2313 12
      vertex -58.4845 0.875 12
      vertex -58.91 27.4702 12
    endloop
  endfacet
  facet normal 0 0 1
    outer loop
      vertex -58.4845 0.875 12
      vertex -61.08 22.2313 12
      vertex -58.5665 1.00376 12
    endloop
  endfacet
  facet normal 0 0 1
    outer loop
      vertex -58.5665 1.00376 12
      vertex -61.08 22.2313 12
      vertex -58.6594 1.12488 12
    endloop
  endfacet
  facet normal -0 0 1
    outer loop
      vertex -62.7852 16.8232 12
      vertex -58.6594 1.12488 12
      vertex -61.08 22.2313 12
    endloop
  endfacet
  facet normal 0 0 1
    outer loop
      vertex -58.6594 1.12488 12
      vertex -62.7852 16.8232 12
      vertex -58.7626 1.23744 12
    endloop
  endfacet
  facet normal 0 0 1
    outer loop
      vertex -58.7626 1.23744 12
      vertex -62.7852 16.8232 12
      vertex -58.8751 1.34058 12
    endloop
  endfacet
  facet normal 0 0 1
    outer loop
      vertex -58.8751 1.34058 12
      vertex -62.7852 16.8232 12
      vertex -58.9962 1.43352 12
    endloop
  endfacet
  facet normal -0 0 1
    outer loop
      vertex -64.0125 11.2871 12
      vertex -58.9962 1.43352 12
      vertex -62.7852 16.8232 12
    endloop
  endfacet
  facet normal 0 0 1
    outer loop
      vertex -58.9962 1.43352 12
      vertex -64.0125 11.2871 12
      vertex -59.125 1.51554 12
    endloop
  endfacet
  facet normal 0 0 1
    outer loop
      vertex -59.125 1.51554 12
      vertex -64.0125 11.2871 12
      vertex -59.2604 1.58604 12
    endloop
  endfacet
  facet normal 0 0 1
    outer loop
      vertex -59.2604 1.58604 12
      vertex -64.0125 11.2871 12
      vertex -59.4015 1.64446 12
    endloop
  endfacet
  facet normal 0 0 1
    outer loop
      vertex -59.4015 1.64446 12
      vertex -64.0125 11.2871 12
      vertex -59.5471 1.69037 12
    endloop
  endfacet
  facet normal 0 0 1
    outer loop
      vertex -59.5471 1.69037 12
      vertex -64.0125 11.2871 12
      vertex -59.6961 1.72341 12
    endloop
  endfacet
  facet normal 0 0 1
    outer loop
      vertex -59.6961 1.72341 12
      vertex -64.0125 11.2871 12
      vertex -59.8475 1.74334 12
    endloop
  endfacet
  facet normal -0 0 1
    outer loop
      vertex -64.7527 5.66512 12
      vertex -59.8475 1.74334 12
      vertex -64.0125 11.2871 12
    endloop
  endfacet
  facet normal 0 0 1
    outer loop
      vertex -59.8475 1.74334 12
      vertex -64.7527 5.66512 12
      vertex -60 1.75 12
    endloop
  endfacet
  facet normal 0 0 1
    outer loop
      vertex -60 1.75 12
      vertex -64.7527 5.66512 12
      vertex -60.1525 1.74334 12
    endloop
  endfacet
  facet normal 0 0 1
    outer loop
      vertex -60.1525 1.74334 12
      vertex -64.7527 5.66512 12
      vertex -60.3039 1.72341 12
    endloop
  endfacet
  facet normal 0 0 1
    outer loop
      vertex -60.3039 1.72341 12
      vertex -64.7527 5.66512 12
      vertex -60.4529 1.69037 12
    endloop
  endfacet
  facet normal 0 0 1
    outer loop
      vertex -60.4529 1.69037 12
      vertex -64.7527 5.66512 12
      vertex -60.5985 1.64446 12
    endloop
  endfacet
  facet normal 0 0 1
    outer loop
      vertex -60.5985 1.64446 12
      vertex -64.7527 5.66512 12
      vertex -60.7396 1.58604 12
    endloop
  endfacet
  facet normal 0 0 1
    outer loop
      vertex -60.7396 1.58604 12
      vertex -64.7527 5.66512 12
      vertex -60.875 1.51554 12
    endloop
  endfacet
  facet normal 0 0 1
    outer loop
      vertex -60.875 1.51554 12
      vertex -64.7527 5.66512 12
      vertex -61.0038 1.43352 12
    endloop
  endfacet
  facet normal 0 0 1
    outer loop
      vertex -61.0038 1.43352 12
      vertex -64.7527 5.66512 12
      vertex -61.1249 1.34058 12
    endloop
  endfacet
  facet normal 0 0 1
    outer loop
      vertex -61.1249 1.34058 12
      vertex -64.7527 5.66512 12
      vertex -61.2374 1.23744 12
    endloop
  endfacet
  facet normal 0 0 1
    outer loop
      vertex -61.2374 1.23744 12
      vertex -64.7527 5.66512 12
      vertex -61.3406 1.12488 12
    endloop
  endfacet
  facet normal 0 0 1
    outer loop
      vertex -61.3406 1.12488 12
      vertex -64.7527 5.66512 12
      vertex -61.4335 1.00376 12
    endloop
  endfacet
  facet normal 0 0 1
    outer loop
      vertex -65 0 12
      vertex -61.4335 1.00376 12
      vertex -64.7527 5.66512 12
    endloop
  endfacet
  facet normal 0 0 1
    outer loop
      vertex -61.4335 1.00376 12
      vertex -65 0 12
      vertex -61.5155 0.875 12
    endloop
  endfacet
  facet normal 0 0 1
    outer loop
      vertex -61.5155 0.875 12
      vertex -65 0 12
      vertex -61.586 0.739581 12
    endloop
  endfacet
  facet normal 0 0 1
    outer loop
      vertex -61.586 0.739581 12
      vertex -65 0 12
      vertex -61.6445 0.598535 12
    endloop
  endfacet
  facet normal 0 0 1
    outer loop
      vertex -61.6445 0.598535 12
      vertex -65 0 12
      vertex -61.6904 0.452933 12
    endloop
  endfacet
  facet normal -0 0 1
    outer loop
      vertex -29.4015 50.3171 12
      vertex -19.8861 49.8211 12
      vertex -29.2604 50.3755 12
    endloop
  endfacet
  facet normal 0 0 1
    outer loop
      vertex -14 0 12
      vertex -28.2567 -51.809 12
      vertex -28.25 -51.9615 12
    endloop
  endfacet
  facet normal 0 0 1
    outer loop
      vertex -19.8861 49.8211 12
      vertex -29.4015 50.3171 12
      vertex -19.7197 49.7345 12
    endloop
  endfacet
  facet normal 0 0 1
    outer loop
      vertex -14 0 12
      vertex -28.2766 -51.6576 12
      vertex -28.2567 -51.809 12
    endloop
  endfacet
  facet normal -0 0 1
    outer loop
      vertex -29.5471 50.2712 12
      vertex -19.7197 49.7345 12
      vertex -29.4015 50.3171 12
    endloop
  endfacet
  facet normal 0 0 1
    outer loop
      vertex -14 0 12
      vertex -28.3096 -51.5086 12
      vertex -28.2766 -51.6576 12
    endloop
  endfacet
  facet normal 0 0 1
    outer loop
      vertex -19.7197 49.7345 12
      vertex -29.5471 50.2712 12
      vertex -19.5465 49.6628 12
    endloop
  endfacet
  facet normal 0 0 1
    outer loop
      vertex -14 0 12
      vertex -28.3555 -51.363 12
      vertex -28.3096 -51.5086 12
    endloop
  endfacet
  facet normal -0 0 1
    outer loop
      vertex -29.6961 50.2381 12
      vertex -19.5465 49.6628 12
      vertex -29.5471 50.2712 12
    endloop
  endfacet
  facet normal 0 0 1
    outer loop
      vertex -14 0 12
      vertex -28.414 -51.2219 12
      vertex -28.3555 -51.363 12
    endloop
  endfacet
  facet normal 0 0 1
    outer loop
      vertex -19.5465 49.6628 12
      vertex -29.6961 50.2381 12
      vertex -9.89949 9.89949 12
    endloop
  endfacet
  facet normal 0 0 1
    outer loop
      vertex -14 0 12
      vertex -28.4845 -51.0865 12
      vertex -28.414 -51.2219 12
    endloop
  endfacet
  facet normal -0 0 1
    outer loop
      vertex -29.8475 50.2182 12
      vertex -9.89949 9.89949 12
      vertex -29.6961 50.2381 12
    endloop
  endfacet
  facet normal 0 0 1
    outer loop
      vertex -14 0 12
      vertex -28.5665 -50.9578 12
      vertex -28.4845 -51.0865 12
    endloop
  endfacet
  facet normal 0 0 1
    outer loop
      vertex -9.89949 9.89949 12
      vertex -29.8475 50.2182 12
      vertex -10.7246 8.99903 12
    endloop
  endfacet
  facet normal 0 0 1
    outer loop
      vertex -14 0 12
      vertex -28.6594 -50.8366 12
      vertex -28.5665 -50.9578 12
    endloop
  endfacet
  facet normal -0 0 1
    outer loop
      vertex -30 50.2115 12
      vertex -10.7246 8.99903 12
      vertex -29.8475 50.2182 12
    endloop
  endfacet
  facet normal 0 0 1
    outer loop
      vertex -14 0 12
      vertex -28.7626 -50.7241 12
      vertex -28.6594 -50.8366 12
    endloop
  endfacet
  facet normal -0 0 1
    outer loop
      vertex -49.7929 41.7812 12
      vertex -10.7246 8.99903 12
      vertex -30 50.2115 12
    endloop
  endfacet
  facet normal 0 0 1
    outer loop
      vertex -14 0 12
      vertex -28.8751 -50.6209 12
      vertex -28.7626 -50.7241 12
    endloop
  endfacet
  facet normal 0 0 1
    outer loop
      vertex -10.7246 8.99903 12
      vertex -49.7929 41.7812 12
      vertex -11.4681 8.03007 12
    endloop
  endfacet
  facet normal 0 -0 1
    outer loop
      vertex -49.5658 -18.4378 12
      vertex -14 0 12
      vertex -49.6064 -18.2546 12
    endloop
  endfacet
  facet normal -0 0 1
    outer loop
      vertex -53.2449 37.2825 12
      vertex -11.4681 8.03007 12
      vertex -49.7929 41.7812 12
    endloop
  endfacet
  facet normal 0 0 1
    outer loop
      vertex -14 0 12
      vertex -28.9962 -50.528 12
      vertex -28.8751 -50.6209 12
    endloop
  endfacet
  facet normal 0 0 1
    outer loop
      vertex -11.4681 8.03007 12
      vertex -53.2449 37.2825 12
      vertex -12.1244 7 12
    endloop
  endfacet
  facet normal 0 -0 1
    outer loop
      vertex -49.5413 -18.6237 12
      vertex -14 0 12
      vertex -49.5658 -18.4378 12
    endloop
  endfacet
  facet normal -0 0 1
    outer loop
      vertex -56.2916 32.5 12
      vertex -12.1244 7 12
      vertex -53.2449 37.2825 12
    endloop
  endfacet
  facet normal 0 0 1
    outer loop
      vertex -14 0 12
      vertex -29.125 -50.446 12
      vertex -28.9962 -50.528 12
    endloop
  endfacet
  facet normal 0 0 1
    outer loop
      vertex -12.1244 7 12
      vertex -56.2916 32.5 12
      vertex -12.6883 5.91666 12
    endloop
  endfacet
  facet normal 0 -0 1
    outer loop
      vertex -49.5331 -18.8111 12
      vertex -14 0 12
      vertex -49.5413 -18.6237 12
    endloop
  endfacet
  facet normal 0 0 1
    outer loop
      vertex -58.2567 0.152522 12
      vertex -13.1557 4.78828 12
      vertex -56.2916 32.5 12
    endloop
  endfacet
  facet normal 0 0 1
    outer loop
      vertex -14 0 12
      vertex -29.2604 -50.3755 12
      vertex -29.125 -50.446 12
    endloop
  endfacet
  facet normal 0 0 1
    outer loop
      vertex -13.1557 4.78828 12
      vertex -58.2567 0.152522 12
      vertex -13.523 3.62347 12
    endloop
  endfacet
  facet normal 0 0 1
    outer loop
      vertex -49.5413 -18.9985 12
      vertex -14 0 12
      vertex -49.5331 -18.8111 12
    endloop
  endfacet
  facet normal 0 0 1
    outer loop
      vertex -13.523 3.62347 12
      vertex -58.2567 0.152522 12
      vertex -13.7873 2.43107 12
    endloop
  endfacet
  facet normal 0 0 1
    outer loop
      vertex -14 0 12
      vertex -29.4015 -50.3171 12
      vertex -29.2604 -50.3755 12
    endloop
  endfacet
  facet normal 0 0 1
    outer loop
      vertex -49.7929 41.7812 12
      vertex -30 50.2115 12
      vertex -30.1525 50.2182 12
    endloop
  endfacet
  facet normal 0 0 1
    outer loop
      vertex -14 0 12
      vertex -29.5471 -50.2712 12
      vertex -29.4015 -50.3171 12
    endloop
  endfacet
  facet normal 0 0 1
    outer loop
      vertex -49.7929 41.7812 12
      vertex -30.1525 50.2182 12
      vertex -30.3039 50.2381 12
    endloop
  endfacet
  facet normal 0 0 1
    outer loop
      vertex -49.5658 -19.1845 12
      vertex -14 0 12
      vertex -49.5413 -18.9985 12
    endloop
  endfacet
  facet normal 0 0 1
    outer loop
      vertex -45.9619 45.9619 12
      vertex -30.3039 50.2381 12
      vertex -30.4529 50.2712 12
    endloop
  endfacet
  facet normal 0 0 1
    outer loop
      vertex -14 0 12
      vertex -49.5658 -19.1845 12
      vertex -29.5471 -50.2712 12
    endloop
  endfacet
  facet normal 0 0 1
    outer loop
      vertex -45.9619 45.9619 12
      vertex -30.4529 50.2712 12
      vertex -30.5985 50.3171 12
    endloop
  endfacet
  facet normal 0 0 1
    outer loop
      vertex -29.5471 -50.2712 12
      vertex -49.5658 -19.1845 12
      vertex -29.6961 -50.2381 12
    endloop
  endfacet
  facet normal 0 0 1
    outer loop
      vertex -45.9619 45.9619 12
      vertex -30.5985 50.3171 12
      vertex -30.7396 50.3755 12
    endloop
  endfacet
  facet normal -0 0 1
    outer loop
      vertex -49.6064 -19.3676 12
      vertex -29.6961 -50.2381 12
      vertex -49.5658 -19.1845 12
    endloop
  endfacet
  facet normal 0 0 1
    outer loop
      vertex -41.7812 49.7929 12
      vertex -30.7396 50.3755 12
      vertex -30.875 50.446 12
    endloop
  endfacet
  facet normal 0 0 1
    outer loop
      vertex -29.6961 -50.2381 12
      vertex -49.6064 -19.3676 12
      vertex -29.8475 -50.2182 12
    endloop
  endfacet
  facet normal 0 0 1
    outer loop
      vertex -41.7812 49.7929 12
      vertex -30.875 50.446 12
      vertex -31.0038 50.528 12
    endloop
  endfacet
  facet normal -0 0 1
    outer loop
      vertex -49.6628 -19.5465 12
      vertex -29.8475 -50.2182 12
      vertex -49.6064 -19.3676 12
    endloop
  endfacet
  facet normal 0 0 1
    outer loop
      vertex -41.7812 49.7929 12
      vertex -31.0038 50.528 12
      vertex -31.1249 50.6209 12
    endloop
  endfacet
  facet normal 0 0 1
    outer loop
      vertex -30.3039 -50.2381 12
      vertex -45.9619 -45.9619 12
      vertex -30.4529 -50.2712 12
    endloop
  endfacet
  facet normal 0 0 1
    outer loop
      vertex -41.7812 49.7929 12
      vertex -31.1249 50.6209 12
      vertex -31.2374 50.7241 12
    endloop
  endfacet
  facet normal 0 0 1
    outer loop
      vertex -30.4529 -50.2712 12
      vertex -45.9619 -45.9619 12
      vertex -30.5985 -50.3171 12
    endloop
  endfacet
  facet normal 0 0 1
    outer loop
      vertex -41.7812 49.7929 12
      vertex -31.2374 50.7241 12
      vertex -31.3406 50.8366 12
    endloop
  endfacet
  facet normal 0 0 1
    outer loop
      vertex -30.5985 -50.3171 12
      vertex -45.9619 -45.9619 12
      vertex -30.7396 -50.3755 12
    endloop
  endfacet
  facet normal 0 0 1
    outer loop
      vertex -41.7812 49.7929 12
      vertex -31.3406 50.8366 12
      vertex -31.4335 50.9578 12
    endloop
  endfacet
  facet normal -0 -0 1
    outer loop
      vertex -41.7812 -49.7929 12
      vertex -30.7396 -50.3755 12
      vertex -45.9619 -45.9619 12
    endloop
  endfacet
  facet normal 0 0 1
    outer loop
      vertex -37.2825 53.2449 12
      vertex -31.4335 50.9578 12
      vertex -31.5155 51.0865 12
    endloop
  endfacet
  facet normal 0 0 1
    outer loop
      vertex -30.7396 -50.3755 12
      vertex -41.7812 -49.7929 12
      vertex -30.875 -50.446 12
    endloop
  endfacet
  facet normal 0 0 1
    outer loop
      vertex -37.2825 53.2449 12
      vertex -31.5155 51.0865 12
      vertex -31.586 51.2219 12
    endloop
  endfacet
  facet normal 0 0 1
    outer loop
      vertex -30.875 -50.446 12
      vertex -41.7812 -49.7929 12
      vertex -31.0038 -50.528 12
    endloop
  endfacet
  facet normal 0 0 1
    outer loop
      vertex -37.2825 53.2449 12
      vertex -31.586 51.2219 12
      vertex -31.6445 51.363 12
    endloop
  endfacet
  facet normal 0 0 1
    outer loop
      vertex -31.0038 -50.528 12
      vertex -41.7812 -49.7929 12
      vertex -31.1249 -50.6209 12
    endloop
  endfacet
  facet normal 0 0 1
    outer loop
      vertex -37.2825 53.2449 12
      vertex -31.6445 51.363 12
      vertex -31.6904 51.5086 12
    endloop
  endfacet
  facet normal 0 0 1
    outer loop
      vertex -31.1249 -50.6209 12
      vertex -41.7812 -49.7929 12
      vertex -31.2374 -50.7241 12
    endloop
  endfacet
  facet normal 0 0 1
    outer loop
      vertex -37.2825 53.2449 12
      vertex -31.6904 51.5086 12
      vertex -31.7234 51.6576 12
    endloop
  endfacet
  facet normal 0 0 1
    outer loop
      vertex -31.2374 -50.7241 12
      vertex -41.7812 -49.7929 12
      vertex -31.3406 -50.8366 12
    endloop
  endfacet
  facet normal 0 0 1
    outer loop
      vertex -37.2825 53.2449 12
      vertex -31.7234 51.6576 12
      vertex -31.7433 51.809 12
    endloop
  endfacet
  facet normal 0 0 1
    outer loop
      vertex -31.3406 -50.8366 12
      vertex -41.7812 -49.7929 12
      vertex -31.4335 -50.9578 12
    endloop
  endfacet
  facet normal 0 0 1
    outer loop
      vertex -31.7433 52.114 12
      vertex -37.2825 53.2449 12
      vertex -31.75 51.9615 12
    endloop
  endfacet
  facet normal 0 -0 1
    outer loop
      vertex -37.2825 -53.2449 12
      vertex -31.4335 -50.9578 12
      vertex -41.7812 -49.7929 12
    endloop
  endfacet
  facet normal -0 0 1
    outer loop
      vertex -28.2567 -52.114 12
      vertex -22.2313 -61.08 12
      vertex -28.25 -51.9615 12
    endloop
  endfacet
  facet normal -0 0 1
    outer loop
      vertex -28.2766 -52.2654 12
      vertex -22.2313 -61.08 12
      vertex -28.2567 -52.114 12
    endloop
  endfacet
  facet normal -0 0 1
    outer loop
      vertex -28.3096 -52.4145 12
      vertex -22.2313 -61.08 12
      vertex -28.2766 -52.2654 12
    endloop
  endfacet
  facet normal -0 0 1
    outer loop
      vertex -28.3555 -52.5601 12
      vertex -22.2313 -61.08 12
      vertex -28.3096 -52.4145 12
    endloop
  endfacet
  facet normal -0 0 1
    outer loop
      vertex -28.414 -52.7011 12
      vertex -22.2313 -61.08 12
      vertex -28.3555 -52.5601 12
    endloop
  endfacet
  facet normal 0 0 1
    outer loop
      vertex -22.2313 -61.08 12
      vertex -28.414 -52.7011 12
      vertex -27.4702 -58.91 12
    endloop
  endfacet
  facet normal -0 0 1
    outer loop
      vertex -28.4845 -52.8365 12
      vertex -27.4702 -58.91 12
      vertex -28.414 -52.7011 12
    endloop
  endfacet
  facet normal -0 0 1
    outer loop
      vertex -28.5665 -52.9653 12
      vertex -27.4702 -58.91 12
      vertex -28.4845 -52.8365 12
    endloop
  endfacet
  facet normal -0 0 1
    outer loop
      vertex -28.6594 -53.0864 12
      vertex -27.4702 -58.91 12
      vertex -28.5665 -52.9653 12
    endloop
  endfacet
  facet normal -0 0 1
    outer loop
      vertex -28.7626 -53.199 12
      vertex -27.4702 -58.91 12
      vertex -28.6594 -53.0864 12
    endloop
  endfacet
  facet normal -0 0 1
    outer loop
      vertex -28.8751 -53.3021 12
      vertex -27.4702 -58.91 12
      vertex -28.7626 -53.199 12
    endloop
  endfacet
  facet normal -0 0 1
    outer loop
      vertex -28.9962 -53.395 12
      vertex -27.4702 -58.91 12
      vertex -28.8751 -53.3021 12
    endloop
  endfacet
  facet normal -0 0 1
    outer loop
      vertex -29.125 -53.4771 12
      vertex -27.4702 -58.91 12
      vertex -28.9962 -53.395 12
    endloop
  endfacet
  facet normal -0 0 1
    outer loop
      vertex -29.2604 -53.5476 12
      vertex -27.4702 -58.91 12
      vertex -29.125 -53.4771 12
    endloop
  endfacet
  facet normal -0 0 1
    outer loop
      vertex -29.4015 -53.606 12
      vertex -27.4702 -58.91 12
      vertex -29.2604 -53.5476 12
    endloop
  endfacet
  facet normal -0 0 1
    outer loop
      vertex -29.5471 -53.6519 12
      vertex -27.4702 -58.91 12
      vertex -29.4015 -53.606 12
    endloop
  endfacet
  facet normal -0 0 1
    outer loop
      vertex -29.6961 -53.6849 12
      vertex -27.4702 -58.91 12
      vertex -29.5471 -53.6519 12
    endloop
  endfacet
  facet normal -0 0 1
    outer loop
      vertex -29.8475 -53.7049 12
      vertex -27.4702 -58.91 12
      vertex -29.6961 -53.6849 12
    endloop
  endfacet
  facet normal 0 0 1
    outer loop
      vertex -32.5 -56.2916 12
      vertex -29.8475 -53.7049 12
      vertex -30 -53.7115 12
    endloop
  endfacet
  facet normal 0 0 1
    outer loop
      vertex -32.5 -56.2916 12
      vertex -30 -53.7115 12
      vertex -30.1525 -53.7049 12
    endloop
  endfacet
  facet normal 0 0 1
    outer loop
      vertex -32.5 -56.2916 12
      vertex -30.1525 -53.7049 12
      vertex -30.3039 -53.6849 12
    endloop
  endfacet
  facet normal 0 0 1
    outer loop
      vertex -32.5 -56.2916 12
      vertex -30.3039 -53.6849 12
      vertex -30.4529 -53.6519 12
    endloop
  endfacet
  facet normal 0 0 1
    outer loop
      vertex -32.5 -56.2916 12
      vertex -30.4529 -53.6519 12
      vertex -30.5985 -53.606 12
    endloop
  endfacet
  facet normal 0 0 1
    outer loop
      vertex -32.5 -56.2916 12
      vertex -30.5985 -53.606 12
      vertex -30.7396 -53.5476 12
    endloop
  endfacet
  facet normal 0 0 1
    outer loop
      vertex -32.5 -56.2916 12
      vertex -30.7396 -53.5476 12
      vertex -30.875 -53.4771 12
    endloop
  endfacet
  facet normal 0 0 1
    outer loop
      vertex -32.5 -56.2916 12
      vertex -30.875 -53.4771 12
      vertex -31.0038 -53.395 12
    endloop
  endfacet
  facet normal 0 0 1
    outer loop
      vertex -32.5 -56.2916 12
      vertex -31.0038 -53.395 12
      vertex -31.1249 -53.3021 12
    endloop
  endfacet
  facet normal 0 0 1
    outer loop
      vertex -32.5 -56.2916 12
      vertex -31.1249 -53.3021 12
      vertex -31.2374 -53.199 12
    endloop
  endfacet
  facet normal 0 0 1
    outer loop
      vertex -32.5 -56.2916 12
      vertex -31.2374 -53.199 12
      vertex -31.3406 -53.0864 12
    endloop
  endfacet
  facet normal 0 0 1
    outer loop
      vertex -32.5 -56.2916 12
      vertex -31.3406 -53.0864 12
      vertex -31.4335 -52.9653 12
    endloop
  endfacet
  facet normal 0 0 1
    outer loop
      vertex -29.8475 -53.7049 12
      vertex -32.5 -56.2916 12
      vertex -27.4702 -58.91 12
    endloop
  endfacet
  facet normal 0 0 1
    outer loop
      vertex -31.5155 -52.8365 12
      vertex -32.5 -56.2916 12
      vertex -31.4335 -52.9653 12
    endloop
  endfacet
  facet normal 0 0 1
    outer loop
      vertex -31.586 -52.7011 12
      vertex -32.5 -56.2916 12
      vertex -31.5155 -52.8365 12
    endloop
  endfacet
  facet normal 0 0 1
    outer loop
      vertex -37.2825 -53.2449 12
      vertex -31.586 -52.7011 12
      vertex -31.6445 -52.5601 12
    endloop
  endfacet
  facet normal 0 0 1
    outer loop
      vertex -37.2825 -53.2449 12
      vertex -31.6445 -52.5601 12
      vertex -31.6904 -52.4145 12
    endloop
  endfacet
  facet normal 0 0 1
    outer loop
      vertex -37.2825 -53.2449 12
      vertex -31.6904 -52.4145 12
      vertex -31.7234 -52.2654 12
    endloop
  endfacet
  facet normal 0 0 1
    outer loop
      vertex -37.2825 -53.2449 12
      vertex -31.7234 -52.2654 12
      vertex -31.7433 -52.114 12
    endloop
  endfacet
  facet normal 0 0 1
    outer loop
      vertex -37.2825 -53.2449 12
      vertex -31.7433 -52.114 12
      vertex -31.75 -51.9615 12
    endloop
  endfacet
  facet normal 0 0 1
    outer loop
      vertex -31.4335 -50.9578 12
      vertex -37.2825 -53.2449 12
      vertex -31.5155 -51.0865 12
    endloop
  endfacet
  facet normal 0 0 1
    outer loop
      vertex -31.4335 50.9578 12
      vertex -37.2825 53.2449 12
      vertex -41.7812 49.7929 12
    endloop
  endfacet
  facet normal 0 0 1
    outer loop
      vertex -31.586 -51.2219 12
      vertex -37.2825 -53.2449 12
      vertex -31.6445 -51.363 12
    endloop
  endfacet
  facet normal 0 0 1
    outer loop
      vertex -30.7396 50.3755 12
      vertex -41.7812 49.7929 12
      vertex -45.9619 45.9619 12
    endloop
  endfacet
  facet normal 0 0 1
    outer loop
      vertex -31.6445 -51.363 12
      vertex -37.2825 -53.2449 12
      vertex -31.6904 -51.5086 12
    endloop
  endfacet
  facet normal 0 0 1
    outer loop
      vertex -30.3039 50.2381 12
      vertex -45.9619 45.9619 12
      vertex -49.7929 41.7812 12
    endloop
  endfacet
  facet normal 0 0 1
    outer loop
      vertex -31.6904 -51.5086 12
      vertex -37.2825 -53.2449 12
      vertex -31.7234 -51.6576 12
    endloop
  endfacet
  facet normal 0 0 1
    outer loop
      vertex -31.7433 -51.809 12
      vertex -37.2825 -53.2449 12
      vertex -31.75 -51.9615 12
    endloop
  endfacet
  facet normal 0 0 1
    outer loop
      vertex -31.7234 -51.6576 12
      vertex -37.2825 -53.2449 12
      vertex -31.7433 -51.809 12
    endloop
  endfacet
  facet normal 0 0 1
    outer loop
      vertex -31.586 -52.7011 12
      vertex -37.2825 -53.2449 12
      vertex -32.5 -56.2916 12
    endloop
  endfacet
  facet normal 0 0 1
    outer loop
      vertex -31.5155 -51.0865 12
      vertex -37.2825 -53.2449 12
      vertex -31.586 -51.2219 12
    endloop
  endfacet
  facet normal 0 0 1
    outer loop
      vertex -14 0 12
      vertex -49.6628 -18.0758 12
      vertex -49.6064 -18.2546 12
    endloop
  endfacet
  facet normal 0 0 1
    outer loop
      vertex -14 0 12
      vertex -49.7345 -17.9025 12
      vertex -49.6628 -18.0758 12
    endloop
  endfacet
  facet normal 0 0 1
    outer loop
      vertex -12.6883 5.91666 12
      vertex -56.2916 32.5 12
      vertex -13.1557 4.78828 12
    endloop
  endfacet
  facet normal 0 0 1
    outer loop
      vertex -14 0 12
      vertex -49.8211 -17.7361 12
      vertex -49.7345 -17.9025 12
    endloop
  endfacet
  facet normal 0 0 1
    outer loop
      vertex -14 0 12
      vertex -49.9219 -17.5779 12
      vertex -49.8211 -17.7361 12
    endloop
  endfacet
  facet normal 0 0 1
    outer loop
      vertex -14 0 12
      vertex -50.0361 -17.4291 12
      vertex -49.9219 -17.5779 12
    endloop
  endfacet
  facet normal -0 0 1
    outer loop
      vertex -58.2567 -0.152522 12
      vertex -50.4499 -17.0499 12
      vertex -58.25 0 12
    endloop
  endfacet
  facet normal 0 0 1
    outer loop
      vertex -14 0 12
      vertex -50.1628 -17.2908 12
      vertex -50.0361 -17.4291 12
    endloop
  endfacet
  facet normal 0 0 1
    outer loop
      vertex -50.3011 -17.1641 12
      vertex -58.25 0 12
      vertex -50.4499 -17.0499 12
    endloop
  endfacet
  facet normal 0 0 1
    outer loop
      vertex -14 0 12
      vertex -50.3011 -17.1641 12
      vertex -50.1628 -17.2908 12
    endloop
  endfacet
  facet normal 0 -0 1
    outer loop
      vertex -58.25 0 12
      vertex -14 0 12
      vertex -58.2567 0.152522 12
    endloop
  endfacet
  facet normal -0 0 1
    outer loop
      vertex -58.2567 0.152522 12
      vertex -14 0 12
      vertex -13.9467 1.22018 12
    endloop
  endfacet
  facet normal 0 0 1
    outer loop
      vertex -14 0 12
      vertex -58.25 0 12
      vertex -50.3011 -17.1641 12
    endloop
  endfacet
  facet normal 0 0 1
    outer loop
      vertex -58.2567 0.152522 12
      vertex -13.9467 1.22018 12
      vertex -13.7873 2.43107 12
    endloop
  endfacet
  facet normal 0 0 1
    outer loop
      vertex -50.4499 -17.0499 12
      vertex -58.2567 -0.152522 12
      vertex -50.6081 -16.9492 12
    endloop
  endfacet
  facet normal -0 0 1
    outer loop
      vertex -58.2766 -0.303884 12
      vertex -50.6081 -16.9492 12
      vertex -58.2567 -0.152522 12
    endloop
  endfacet
  facet normal -0 0 1
    outer loop
      vertex -58.3096 -0.452933 12
      vertex -50.6081 -16.9492 12
      vertex -58.2766 -0.303884 12
    endloop
  endfacet
  facet normal 0 0 1
    outer loop
      vertex -50.6081 -16.9492 12
      vertex -58.3096 -0.452933 12
      vertex -50.7745 -16.8625 12
    endloop
  endfacet
  facet normal -0 0 1
    outer loop
      vertex -58.3555 -0.598535 12
      vertex -50.7745 -16.8625 12
      vertex -58.3096 -0.452933 12
    endloop
  endfacet
  facet normal 0 0 1
    outer loop
      vertex -50.7745 -16.8625 12
      vertex -58.3555 -0.598535 12
      vertex -50.9478 -16.7908 12
    endloop
  endfacet
  facet normal -0 0 1
    outer loop
      vertex -58.414 -0.739581 12
      vertex -50.9478 -16.7908 12
      vertex -58.3555 -0.598535 12
    endloop
  endfacet
  facet normal 0 0 1
    outer loop
      vertex -50.9478 -16.7908 12
      vertex -58.414 -0.739581 12
      vertex -51.1266 -16.7344 12
    endloop
  endfacet
  facet normal -0 0 1
    outer loop
      vertex -58.4845 -0.875 12
      vertex -51.1266 -16.7344 12
      vertex -58.414 -0.739581 12
    endloop
  endfacet
  facet normal 0 0 1
    outer loop
      vertex -51.1266 -16.7344 12
      vertex -58.4845 -0.875 12
      vertex -51.3097 -16.6938 12
    endloop
  endfacet
  facet normal -0 0 1
    outer loop
      vertex -58.5665 -1.00376 12
      vertex -51.3097 -16.6938 12
      vertex -58.4845 -0.875 12
    endloop
  endfacet
  facet normal 0 0 1
    outer loop
      vertex -51.3097 -16.6938 12
      vertex -58.5665 -1.00376 12
      vertex -51.4957 -16.6693 12
    endloop
  endfacet
  facet normal -0 0 1
    outer loop
      vertex -58.6594 -1.12488 12
      vertex -51.4957 -16.6693 12
      vertex -58.5665 -1.00376 12
    endloop
  endfacet
  facet normal 0 0 1
    outer loop
      vertex -51.4957 -16.6693 12
      vertex -58.6594 -1.12488 12
      vertex -51.6831 -16.6611 12
    endloop
  endfacet
  facet normal -0 0 1
    outer loop
      vertex -58.7626 -1.23744 12
      vertex -51.6831 -16.6611 12
      vertex -58.6594 -1.12488 12
    endloop
  endfacet
  facet normal 0 0 1
    outer loop
      vertex -51.6831 -16.6611 12
      vertex -58.7626 -1.23744 12
      vertex -51.8705 -16.6693 12
    endloop
  endfacet
  facet normal -0 0 1
    outer loop
      vertex -58.8751 -1.34058 12
      vertex -51.8705 -16.6693 12
      vertex -58.7626 -1.23744 12
    endloop
  endfacet
  facet normal 0 0 1
    outer loop
      vertex -51.8705 -16.6693 12
      vertex -58.8751 -1.34058 12
      vertex -52.0564 -16.6938 12
    endloop
  endfacet
  facet normal -0 0 1
    outer loop
      vertex -58.9962 -1.43352 12
      vertex -52.0564 -16.6938 12
      vertex -58.8751 -1.34058 12
    endloop
  endfacet
  facet normal 0 0 1
    outer loop
      vertex -52.0564 -16.6938 12
      vertex -58.9962 -1.43352 12
      vertex -52.2396 -16.7344 12
    endloop
  endfacet
  facet normal -0 0 1
    outer loop
      vertex -59.125 -1.51554 12
      vertex -52.2396 -16.7344 12
      vertex -58.9962 -1.43352 12
    endloop
  endfacet
  facet normal 0 0 1
    outer loop
      vertex -52.2396 -16.7344 12
      vertex -59.125 -1.51554 12
      vertex -52.4184 -16.7908 12
    endloop
  endfacet
  facet normal 0 0 1
    outer loop
      vertex 20.7597 -52.5917 12
      vertex 28.3555 -52.5601 12
      vertex 20.8314 -52.4184 12
    endloop
  endfacet
  facet normal 0 0 1
    outer loop
      vertex 28.3555 -52.5601 12
      vertex 20.7597 -52.5917 12
      vertex 28.414 -52.7011 12
    endloop
  endfacet
  facet normal 0 0 1
    outer loop
      vertex 20.6731 -52.7581 12
      vertex 28.414 -52.7011 12
      vertex 20.7597 -52.5917 12
    endloop
  endfacet
  facet normal 0 0 1
    outer loop
      vertex 28.414 -52.7011 12
      vertex 20.6731 -52.7581 12
      vertex 28.4845 -52.8365 12
    endloop
  endfacet
  facet normal 0 0 1
    outer loop
      vertex 28.4845 -52.8365 12
      vertex 20.6731 -52.7581 12
      vertex 27.4702 -58.91 12
    endloop
  endfacet
  facet normal -0 0 1
    outer loop
      vertex 20.5723 -52.9163 12
      vertex 27.4702 -58.91 12
      vertex 20.6731 -52.7581 12
    endloop
  endfacet
  facet normal -0 0 1
    outer loop
      vertex 20.4581 -53.0651 12
      vertex 27.4702 -58.91 12
      vertex 20.5723 -52.9163 12
    endloop
  endfacet
  facet normal -0 0 1
    outer loop
      vertex 20.3314 -53.2034 12
      vertex 27.4702 -58.91 12
      vertex 20.4581 -53.0651 12
    endloop
  endfacet
  facet normal 0 0 1
    outer loop
      vertex 27.4702 -58.91 12
      vertex 20.3314 -53.2034 12
      vertex 22.2313 -61.08 12
    endloop
  endfacet
  facet normal -0 0 1
    outer loop
      vertex 20.1931 -53.3301 12
      vertex 22.2313 -61.08 12
      vertex 20.3314 -53.2034 12
    endloop
  endfacet
  facet normal -0 0 1
    outer loop
      vertex 20.0443 -53.4443 12
      vertex 22.2313 -61.08 12
      vertex 20.1931 -53.3301 12
    endloop
  endfacet
  facet normal -0 0 1
    outer loop
      vertex 19.8861 -53.545 12
      vertex 22.2313 -61.08 12
      vertex 20.0443 -53.4443 12
    endloop
  endfacet
  facet normal -0 0 1
    outer loop
      vertex 19.7197 -53.6317 12
      vertex 22.2313 -61.08 12
      vertex 19.8861 -53.545 12
    endloop
  endfacet
  facet normal -0 0 1
    outer loop
      vertex 19.5465 -53.7034 12
      vertex 22.2313 -61.08 12
      vertex 19.7197 -53.6317 12
    endloop
  endfacet
  facet normal -0 0 1
    outer loop
      vertex 19.3676 -53.7598 12
      vertex 22.2313 -61.08 12
      vertex 19.5465 -53.7034 12
    endloop
  endfacet
  facet normal -0 0 1
    outer loop
      vertex 19.1845 -53.8004 12
      vertex 22.2313 -61.08 12
      vertex 19.3676 -53.7598 12
    endloop
  endfacet
  facet normal -0 0 1
    outer loop
      vertex 18.9985 -53.8249 12
      vertex 22.2313 -61.08 12
      vertex 19.1845 -53.8004 12
    endloop
  endfacet
  facet normal -0 0 1
    outer loop
      vertex 18.8111 -53.8331 12
      vertex 22.2313 -61.08 12
      vertex 18.9985 -53.8249 12
    endloop
  endfacet
  facet normal 0 0 1
    outer loop
      vertex 18.6237 -53.8249 12
      vertex 22.2313 -61.08 12
      vertex 18.8111 -53.8331 12
    endloop
  endfacet
  facet normal 0 0 1
    outer loop
      vertex 16.8232 -62.7852 12
      vertex 18.6237 -53.8249 12
      vertex 18.4378 -53.8004 12
    endloop
  endfacet
  facet normal 0 0 1
    outer loop
      vertex 16.8232 -62.7852 12
      vertex 18.4378 -53.8004 12
      vertex 18.2546 -53.7598 12
    endloop
  endfacet
  facet normal 0 0 1
    outer loop
      vertex 16.8232 -62.7852 12
      vertex 18.2546 -53.7598 12
      vertex 18.0758 -53.7034 12
    endloop
  endfacet
  facet normal 0 0 1
    outer loop
      vertex 16.8232 -62.7852 12
      vertex 18.0758 -53.7034 12
      vertex 17.9025 -53.6317 12
    endloop
  endfacet
  facet normal 0 0 1
    outer loop
      vertex 16.8232 -62.7852 12
      vertex 17.9025 -53.6317 12
      vertex 17.7361 -53.545 12
    endloop
  endfacet
  facet normal 0 0 1
    outer loop
      vertex 16.8232 -62.7852 12
      vertex 17.7361 -53.545 12
      vertex 17.5779 -53.4443 12
    endloop
  endfacet
  facet normal 0 0 1
    outer loop
      vertex 16.8232 -62.7852 12
      vertex 17.5779 -53.4443 12
      vertex 17.4291 -53.3301 12
    endloop
  endfacet
  facet normal 0 0 1
    outer loop
      vertex 16.8232 -62.7852 12
      vertex 17.4291 -53.3301 12
      vertex 17.2908 -53.2034 12
    endloop
  endfacet
  facet normal 0 0 1
    outer loop
      vertex 11.2871 -64.0125 12
      vertex 17.2908 -53.2034 12
      vertex 17.1641 -53.0651 12
    endloop
  endfacet
  facet normal 0 0 1
    outer loop
      vertex 11.2871 -64.0125 12
      vertex 17.1641 -53.0651 12
      vertex 17.0499 -52.9163 12
    endloop
  endfacet
  facet normal 0 0 1
    outer loop
      vertex 11.2871 -64.0125 12
      vertex 17.0499 -52.9163 12
      vertex 16.9492 -52.7581 12
    endloop
  endfacet
  facet normal 0 0 1
    outer loop
      vertex 18.6237 -53.8249 12
      vertex 16.8232 -62.7852 12
      vertex 22.2313 -61.08 12
    endloop
  endfacet
  facet normal 0 0 1
    outer loop
      vertex 11.2871 -64.0125 12
      vertex 16.9492 -52.7581 12
      vertex 16.8625 -52.5917 12
    endloop
  endfacet
  facet normal 0 0 1
    outer loop
      vertex 11.2871 -64.0125 12
      vertex 16.8625 -52.5917 12
      vertex 16.7908 -52.4184 12
    endloop
  endfacet
  facet normal 0 0 1
    outer loop
      vertex 11.2871 -64.0125 12
      vertex 16.7908 -52.4184 12
      vertex 16.7344 -52.2396 12
    endloop
  endfacet
  facet normal 0 0 1
    outer loop
      vertex 5.66512 -64.7527 12
      vertex 16.7344 -52.2396 12
      vertex 16.6938 -52.0564 12
    endloop
  endfacet
  facet normal 0 0 1
    outer loop
      vertex 5.66512 -64.7527 12
      vertex 16.6938 -52.0564 12
      vertex 16.6693 -51.8705 12
    endloop
  endfacet
  facet normal 0 0 1
    outer loop
      vertex 5.66512 -64.7527 12
      vertex 16.6693 -51.8705 12
      vertex 16.6611 -51.6831 12
    endloop
  endfacet
  facet normal 0 0 1
    outer loop
      vertex 18.0758 -49.6628 12
      vertex 4.78828 -13.1557 12
      vertex 17.9025 -49.7345 12
    endloop
  endfacet
  facet normal -0 0 1
    outer loop
      vertex 3.62347 -13.523 12
      vertex 17.9025 -49.7345 12
      vertex 4.78828 -13.1557 12
    endloop
  endfacet
  facet normal 0 0 1
    outer loop
      vertex 17.9025 -49.7345 12
      vertex 3.62347 -13.523 12
      vertex 17.7361 -49.8211 12
    endloop
  endfacet
  facet normal -0 0 1
    outer loop
      vertex 2.43107 -13.7873 12
      vertex 17.7361 -49.8211 12
      vertex 3.62347 -13.523 12
    endloop
  endfacet
  facet normal 0 0 1
    outer loop
      vertex 17.7361 -49.8211 12
      vertex 2.43107 -13.7873 12
      vertex 17.5779 -49.9219 12
    endloop
  endfacet
  facet normal 0 0 1
    outer loop
      vertex 17.5779 -49.9219 12
      vertex 2.43107 -13.7873 12
      vertex 17.4291 -50.0361 12
    endloop
  endfacet
  facet normal -0 0 1
    outer loop
      vertex 1.22018 -13.9467 12
      vertex 17.4291 -50.0361 12
      vertex 2.43107 -13.7873 12
    endloop
  endfacet
  facet normal 0 0 1
    outer loop
      vertex 17.4291 -50.0361 12
      vertex 1.22018 -13.9467 12
      vertex 17.2908 -50.1628 12
    endloop
  endfacet
  facet normal -0 0 1
    outer loop
      vertex 0 -14 12
      vertex 17.2908 -50.1628 12
      vertex 1.22018 -13.9467 12
    endloop
  endfacet
  facet normal 0 0 1
    outer loop
      vertex 17.2908 -50.1628 12
      vertex 0 -14 12
      vertex 17.1641 -50.3011 12
    endloop
  endfacet
  facet normal 0 0 1
    outer loop
      vertex 17.1641 -50.3011 12
      vertex 0 -14 12
      vertex 17.0499 -50.4499 12
    endloop
  endfacet
  facet normal 0 0 1
    outer loop
      vertex -1.22018 -13.9467 12
      vertex 17.0499 -50.4499 12
      vertex 0 -14 12
    endloop
  endfacet
  facet normal 0 0 1
    outer loop
      vertex 17.0499 -50.4499 12
      vertex -1.22018 -13.9467 12
      vertex 16.9492 -50.6081 12
    endloop
  endfacet
  facet normal 0 0 1
    outer loop
      vertex -2.43107 -13.7873 12
      vertex 16.9492 -50.6081 12
      vertex -1.22018 -13.9467 12
    endloop
  endfacet
  facet normal 0 0 1
    outer loop
      vertex 16.9492 -50.6081 12
      vertex -2.43107 -13.7873 12
      vertex 16.8625 -50.7745 12
    endloop
  endfacet
  facet normal 0 0 1
    outer loop
      vertex -11.2871 -64.0125 12
      vertex 16.8625 -50.7745 12
      vertex -2.43107 -13.7873 12
    endloop
  endfacet
  facet normal 0 0 1
    outer loop
      vertex 17.2908 -53.2034 12
      vertex 11.2871 -64.0125 12
      vertex 16.8232 -62.7852 12
    endloop
  endfacet
  facet normal 0 -0 1
    outer loop
      vertex -5.66512 -64.7527 12
      vertex 16.8625 -50.7745 12
      vertex -11.2871 -64.0125 12
    endloop
  endfacet
  facet normal 0 0 1
    outer loop
      vertex 16.7344 -52.2396 12
      vertex 5.66512 -64.7527 12
      vertex 11.2871 -64.0125 12
    endloop
  endfacet
  facet normal 0 0 1
    outer loop
      vertex 16.8625 -50.7745 12
      vertex -5.66512 -64.7527 12
      vertex 16.7908 -50.9478 12
    endloop
  endfacet
  facet normal 0 0 1
    outer loop
      vertex 16.7908 -50.9478 12
      vertex -5.66512 -64.7527 12
      vertex 16.7344 -51.1266 12
    endloop
  endfacet
  facet normal 0 0 1
    outer loop
      vertex 16.6693 -51.4957 12
      vertex 5.66512 -64.7527 12
      vertex 16.6611 -51.6831 12
    endloop
  endfacet
  facet normal 0 -0 1
    outer loop
      vertex 0 -65 12
      vertex 16.7344 -51.1266 12
      vertex -5.66512 -64.7527 12
    endloop
  endfacet
  facet normal 0 0 1
    outer loop
      vertex 16.7344 -51.1266 12
      vertex 0 -65 12
      vertex 16.6938 -51.3097 12
    endloop
  endfacet
  facet normal 0 0 1
    outer loop
      vertex -28.25 -51.9615 12
      vertex -2.43107 -13.7873 12
      vertex -3.62347 -13.523 12
    endloop
  endfacet
  facet normal 0 0 1
    outer loop
      vertex -28.25 -51.9615 12
      vertex -3.62347 -13.523 12
      vertex -4.78828 -13.1557 12
    endloop
  endfacet
  facet normal 0 -0 1
    outer loop
      vertex 5.66512 -64.7527 12
      vertex 16.6693 -51.4957 12
      vertex 0 -65 12
    endloop
  endfacet
  facet normal 0 0 1
    outer loop
      vertex -28.25 -51.9615 12
      vertex -4.78828 -13.1557 12
      vertex -5.91666 -12.6883 12
    endloop
  endfacet
  facet normal 0 0 1
    outer loop
      vertex -28.25 -51.9615 12
      vertex -5.91666 -12.6883 12
      vertex -7 -12.1244 12
    endloop
  endfacet
  facet normal 0 0 1
    outer loop
      vertex -28.25 -51.9615 12
      vertex -7 -12.1244 12
      vertex -8.03007 -11.4681 12
    endloop
  endfacet
  facet normal 0 0 1
    outer loop
      vertex -28.25 -51.9615 12
      vertex -8.03007 -11.4681 12
      vertex -8.99903 -10.7246 12
    endloop
  endfacet
  facet normal 0 0 1
    outer loop
      vertex -28.25 -51.9615 12
      vertex -8.99903 -10.7246 12
      vertex -9.89949 -9.89949 12
    endloop
  endfacet
  facet normal 0 0 1
    outer loop
      vertex -28.25 -51.9615 12
      vertex -9.89949 -9.89949 12
      vertex -10.7246 -8.99903 12
    endloop
  endfacet
  facet normal 0 0 1
    outer loop
      vertex 16.6938 -51.3097 12
      vertex 0 -65 12
      vertex 16.6693 -51.4957 12
    endloop
  endfacet
  facet normal 0 0 1
    outer loop
      vertex -28.25 -51.9615 12
      vertex -10.7246 -8.99903 12
      vertex -11.4681 -8.03007 12
    endloop
  endfacet
  facet normal 0 0 1
    outer loop
      vertex -28.25 -51.9615 12
      vertex -11.4681 -8.03007 12
      vertex -12.1244 -7 12
    endloop
  endfacet
  facet normal 0 0 1
    outer loop
      vertex -28.25 -51.9615 12
      vertex -12.1244 -7 12
      vertex -12.6883 -5.91666 12
    endloop
  endfacet
  facet normal 0 0 1
    outer loop
      vertex -28.25 -51.9615 12
      vertex -12.6883 -5.91666 12
      vertex -13.1557 -4.78828 12
    endloop
  endfacet
  facet normal 0 0 1
    outer loop
      vertex -28.25 -51.9615 12
      vertex -13.1557 -4.78828 12
      vertex -13.523 -3.62347 12
    endloop
  endfacet
  facet normal 0 0 1
    outer loop
      vertex -28.25 -51.9615 12
      vertex -13.523 -3.62347 12
      vertex -13.7873 -2.43107 12
    endloop
  endfacet
  facet normal 0 0 1
    outer loop
      vertex -28.25 -51.9615 12
      vertex -13.7873 -2.43107 12
      vertex -13.9467 -1.22018 12
    endloop
  endfacet
  facet normal 0 0 1
    outer loop
      vertex -28.25 -51.9615 12
      vertex -13.9467 -1.22018 12
      vertex -14 0 12
    endloop
  endfacet
  facet normal -0 0 1
    outer loop
      vertex -18.2546 49.6064 12
      vertex -4.78828 13.1557 12
      vertex -18.0758 49.6628 12
    endloop
  endfacet
  facet normal 0 0 1
    outer loop
      vertex -4.78828 13.1557 12
      vertex -18.2546 49.6064 12
      vertex -5.91666 12.6883 12
    endloop
  endfacet
  facet normal -0 0 1
    outer loop
      vertex -18.4378 49.5658 12
      vertex -5.91666 12.6883 12
      vertex -18.2546 49.6064 12
    endloop
  endfacet
  facet normal 0 0 1
    outer loop
      vertex -5.91666 12.6883 12
      vertex -18.4378 49.5658 12
      vertex -7 12.1244 12
    endloop
  endfacet
  facet normal -0 0 1
    outer loop
      vertex -18.6237 49.5413 12
      vertex -7 12.1244 12
      vertex -18.4378 49.5658 12
    endloop
  endfacet
  facet normal -0 0 1
    outer loop
      vertex -18.8111 49.5331 12
      vertex -7 12.1244 12
      vertex -18.6237 49.5413 12
    endloop
  endfacet
  facet normal 0 0 1
    outer loop
      vertex -7 12.1244 12
      vertex -18.8111 49.5331 12
      vertex -8.03007 11.4681 12
    endloop
  endfacet
  facet normal 0 0 1
    outer loop
      vertex -18.9985 49.5413 12
      vertex -8.03007 11.4681 12
      vertex -18.8111 49.5331 12
    endloop
  endfacet
  facet normal 0 0 1
    outer loop
      vertex -8.03007 11.4681 12
      vertex -18.9985 49.5413 12
      vertex -8.99903 10.7246 12
    endloop
  endfacet
  facet normal 0 0 1
    outer loop
      vertex -19.1845 49.5658 12
      vertex -8.99903 10.7246 12
      vertex -18.9985 49.5413 12
    endloop
  endfacet
  facet normal 0 0 1
    outer loop
      vertex -19.3676 49.6064 12
      vertex -8.99903 10.7246 12
      vertex -19.1845 49.5658 12
    endloop
  endfacet
  facet normal 0 0 1
    outer loop
      vertex -8.99903 10.7246 12
      vertex -19.3676 49.6064 12
      vertex -9.89949 9.89949 12
    endloop
  endfacet
  facet normal 0 0 1
    outer loop
      vertex -19.5465 49.6628 12
      vertex -9.89949 9.89949 12
      vertex -19.3676 49.6064 12
    endloop
  endfacet
  facet normal -0 0 1
    outer loop
      vertex -28.9962 50.528 12
      vertex -20.3314 50.1628 12
      vertex -28.8751 50.6209 12
    endloop
  endfacet
  facet normal 0 0 1
    outer loop
      vertex -20.5723 50.4499 12
      vertex -28.7626 50.7241 12
      vertex -20.4581 50.3011 12
    endloop
  endfacet
  facet normal 0 0 1
    outer loop
      vertex -20.6731 50.6081 12
      vertex -28.5665 50.9578 12
      vertex -20.5723 50.4499 12
    endloop
  endfacet
  facet normal 0 0 1
    outer loop
      vertex -2.43107 -13.7873 12
      vertex -28.25 -51.9615 12
      vertex -11.2871 -64.0125 12
    endloop
  endfacet
  facet normal -0 0 1
    outer loop
      vertex -28.6594 50.8366 12
      vertex -20.5723 50.4499 12
      vertex -28.5665 50.9578 12
    endloop
  endfacet
  facet normal -0 0 1
    outer loop
      vertex -28.7626 50.7241 12
      vertex -20.5723 50.4499 12
      vertex -28.6594 50.8366 12
    endloop
  endfacet
  facet normal -0 0 1
    outer loop
      vertex -28.8751 50.6209 12
      vertex -20.4581 50.3011 12
      vertex -28.7626 50.7241 12
    endloop
  endfacet
  facet normal 0 0 1
    outer loop
      vertex -20.4581 50.3011 12
      vertex -28.8751 50.6209 12
      vertex -20.3314 50.1628 12
    endloop
  endfacet
  facet normal 0 0 1
    outer loop
      vertex -20.3314 50.1628 12
      vertex -28.9962 50.528 12
      vertex -20.1931 50.0361 12
    endloop
  endfacet
  facet normal -0 0 1
    outer loop
      vertex -29.125 50.446 12
      vertex -20.1931 50.0361 12
      vertex -28.9962 50.528 12
    endloop
  endfacet
  facet normal 0 0 1
    outer loop
      vertex -20.1931 50.0361 12
      vertex -29.125 50.446 12
      vertex -20.0443 49.9219 12
    endloop
  endfacet
  facet normal -0 0 1
    outer loop
      vertex -29.2604 50.3755 12
      vertex -20.0443 49.9219 12
      vertex -29.125 50.446 12
    endloop
  endfacet
  facet normal -0 0 1
    outer loop
      vertex -28.5665 50.9578 12
      vertex -20.6731 50.6081 12
      vertex -28.4845 51.0865 12
    endloop
  endfacet
  facet normal 0 0 1
    outer loop
      vertex -20.7597 50.7745 12
      vertex -28.4845 51.0865 12
      vertex -20.6731 50.6081 12
    endloop
  endfacet
  facet normal -0 0 1
    outer loop
      vertex -28.4845 51.0865 12
      vertex -20.7597 50.7745 12
      vertex -28.414 51.2219 12
    endloop
  endfacet
  facet normal 0 0 1
    outer loop
      vertex -20.8314 50.9478 12
      vertex -28.414 51.2219 12
      vertex -20.7597 50.7745 12
    endloop
  endfacet
  facet normal -0 0 1
    outer loop
      vertex -28.414 51.2219 12
      vertex -20.8314 50.9478 12
      vertex -28.3555 51.363 12
    endloop
  endfacet
  facet normal 0 0 1
    outer loop
      vertex -20.8878 51.1266 12
      vertex -28.3555 51.363 12
      vertex -20.8314 50.9478 12
    endloop
  endfacet
  facet normal -0 0 1
    outer loop
      vertex -28.3555 51.363 12
      vertex -20.8878 51.1266 12
      vertex -28.3096 51.5086 12
    endloop
  endfacet
  facet normal 0 0 1
    outer loop
      vertex -20.9284 51.3097 12
      vertex -28.3096 51.5086 12
      vertex -20.8878 51.1266 12
    endloop
  endfacet
  facet normal -0 0 1
    outer loop
      vertex -28.3096 51.5086 12
      vertex -20.9284 51.3097 12
      vertex -28.2766 51.6576 12
    endloop
  endfacet
  facet normal 0 0 1
    outer loop
      vertex -20.9529 51.4957 12
      vertex -28.2766 51.6576 12
      vertex -20.9284 51.3097 12
    endloop
  endfacet
  facet normal -0 0 1
    outer loop
      vertex -28.2766 51.6576 12
      vertex -20.9529 51.4957 12
      vertex -28.2567 51.809 12
    endloop
  endfacet
  facet normal 0 0 1
    outer loop
      vertex -20.9611 51.6831 12
      vertex -28.2567 51.809 12
      vertex -20.9529 51.4957 12
    endloop
  endfacet
  facet normal -0 0 1
    outer loop
      vertex -28.2567 51.809 12
      vertex -20.9611 51.6831 12
      vertex -28.25 51.9615 12
    endloop
  endfacet
  facet normal 0 -0 1
    outer loop
      vertex -28.3096 52.4145 12
      vertex -20.8314 52.4184 12
      vertex -28.3555 52.5601 12
    endloop
  endfacet
  facet normal 0 0 1
    outer loop
      vertex -20.0443 49.9219 12
      vertex -29.2604 50.3755 12
      vertex -19.8861 49.8211 12
    endloop
  endfacet
  facet normal 0 0 1
    outer loop
      vertex -20.8314 52.4184 12
      vertex -28.3096 52.4145 12
      vertex -20.8878 52.2396 12
    endloop
  endfacet
  facet normal 0 0 1
    outer loop
      vertex -11.2871 -64.0125 12
      vertex -28.25 -51.9615 12
      vertex -16.8232 -62.7852 12
    endloop
  endfacet
  facet normal 0 0 1
    outer loop
      vertex -16.8232 -62.7852 12
      vertex -28.25 -51.9615 12
      vertex -22.2313 -61.08 12
    endloop
  endfacet
  facet normal 0 0 1
    outer loop
      vertex -20.9529 51.8705 12
      vertex -28.25 51.9615 12
      vertex -20.9611 51.6831 12
    endloop
  endfacet
  facet normal -0 -0 1
    outer loop
      vertex -28.25 51.9615 12
      vertex -20.9529 51.8705 12
      vertex -28.2567 52.114 12
    endloop
  endfacet
  facet normal 0 0 1
    outer loop
      vertex -20.9284 52.0564 12
      vertex -28.2567 52.114 12
      vertex -20.9529 51.8705 12
    endloop
  endfacet
  facet normal -0 -0 1
    outer loop
      vertex -28.2567 52.114 12
      vertex -20.9284 52.0564 12
      vertex -28.2766 52.2654 12
    endloop
  endfacet
  facet normal 0 0 1
    outer loop
      vertex -20.8878 52.2396 12
      vertex -28.2766 52.2654 12
      vertex -20.9284 52.0564 12
    endloop
  endfacet
  facet normal -0 -0 1
    outer loop
      vertex -28.2766 52.2654 12
      vertex -20.8878 52.2396 12
      vertex -28.3096 52.4145 12
    endloop
  endfacet
  facet normal 0 0 1
    outer loop
      vertex -27.4702 58.91 12
      vertex -28.5665 52.9653 12
      vertex -28.4845 52.8365 12
    endloop
  endfacet
  facet normal 0 0 1
    outer loop
      vertex -27.4702 58.91 12
      vertex -28.6594 53.0864 12
      vertex -28.5665 52.9653 12
    endloop
  endfacet
  facet normal 0 0 1
    outer loop
      vertex -27.4702 58.91 12
      vertex -28.7626 53.199 12
      vertex -28.6594 53.0864 12
    endloop
  endfacet
  facet normal 0 0 1
    outer loop
      vertex -27.4702 58.91 12
      vertex -28.8751 53.3021 12
      vertex -28.7626 53.199 12
    endloop
  endfacet
  facet normal 0 0 1
    outer loop
      vertex -27.4702 58.91 12
      vertex -28.9962 53.395 12
      vertex -28.8751 53.3021 12
    endloop
  endfacet
  facet normal 0 0 1
    outer loop
      vertex -27.4702 58.91 12
      vertex -29.125 53.4771 12
      vertex -28.9962 53.395 12
    endloop
  endfacet
  facet normal 0 0 1
    outer loop
      vertex -27.4702 58.91 12
      vertex -29.2604 53.5476 12
      vertex -29.125 53.4771 12
    endloop
  endfacet
  facet normal 0 0 1
    outer loop
      vertex -27.4702 58.91 12
      vertex -29.4015 53.606 12
      vertex -29.2604 53.5476 12
    endloop
  endfacet
  facet normal 0 0 1
    outer loop
      vertex -27.4702 58.91 12
      vertex -29.5471 53.6519 12
      vertex -29.4015 53.606 12
    endloop
  endfacet
  facet normal 0 0 1
    outer loop
      vertex -27.4702 58.91 12
      vertex -29.6961 53.6849 12
      vertex -29.5471 53.6519 12
    endloop
  endfacet
  facet normal 0 0 1
    outer loop
      vertex -27.4702 58.91 12
      vertex -29.8475 53.7049 12
      vertex -29.6961 53.6849 12
    endloop
  endfacet
  facet normal -0 0 1
    outer loop
      vertex -32.5 56.2916 12
      vertex -29.8475 53.7049 12
      vertex -27.4702 58.91 12
    endloop
  endfacet
  facet normal 0 0 1
    outer loop
      vertex -29.8475 53.7049 12
      vertex -32.5 56.2916 12
      vertex -30 53.7115 12
    endloop
  endfacet
  facet normal 0 0 1
    outer loop
      vertex -30 53.7115 12
      vertex -32.5 56.2916 12
      vertex -30.1525 53.7049 12
    endloop
  endfacet
  facet normal 0 0 1
    outer loop
      vertex -30.1525 53.7049 12
      vertex -32.5 56.2916 12
      vertex -30.3039 53.6849 12
    endloop
  endfacet
  facet normal 0 0 1
    outer loop
      vertex -30.3039 53.6849 12
      vertex -32.5 56.2916 12
      vertex -30.4529 53.6519 12
    endloop
  endfacet
  facet normal 0 0 1
    outer loop
      vertex -30.4529 53.6519 12
      vertex -32.5 56.2916 12
      vertex -30.5985 53.606 12
    endloop
  endfacet
  facet normal 0 0 1
    outer loop
      vertex -30.5985 53.606 12
      vertex -32.5 56.2916 12
      vertex -30.7396 53.5476 12
    endloop
  endfacet
  facet normal 0 0 1
    outer loop
      vertex -30.7396 53.5476 12
      vertex -32.5 56.2916 12
      vertex -30.875 53.4771 12
    endloop
  endfacet
  facet normal 0 0 1
    outer loop
      vertex -30.875 53.4771 12
      vertex -32.5 56.2916 12
      vertex -31.0038 53.395 12
    endloop
  endfacet
  facet normal 0 0 1
    outer loop
      vertex -31.0038 53.395 12
      vertex -32.5 56.2916 12
      vertex -31.1249 53.3021 12
    endloop
  endfacet
  facet normal 0 0 1
    outer loop
      vertex -31.1249 53.3021 12
      vertex -32.5 56.2916 12
      vertex -31.2374 53.199 12
    endloop
  endfacet
  facet normal 0 0 1
    outer loop
      vertex -31.2374 53.199 12
      vertex -32.5 56.2916 12
      vertex -31.3406 53.0864 12
    endloop
  endfacet
  facet normal 0 0 1
    outer loop
      vertex -31.75 51.9615 12
      vertex -37.2825 53.2449 12
      vertex -31.7433 51.809 12
    endloop
  endfacet
  facet normal 0 0 1
    outer loop
      vertex -31.7234 52.2654 12
      vertex -37.2825 53.2449 12
      vertex -31.7433 52.114 12
    endloop
  endfacet
  facet normal 0 0 1
    outer loop
      vertex -31.6904 52.4145 12
      vertex -37.2825 53.2449 12
      vertex -31.7234 52.2654 12
    endloop
  endfacet
  facet normal 0 0 1
    outer loop
      vertex -31.6445 52.5601 12
      vertex -37.2825 53.2449 12
      vertex -31.6904 52.4145 12
    endloop
  endfacet
  facet normal 0 0 1
    outer loop
      vertex -31.586 52.7011 12
      vertex -37.2825 53.2449 12
      vertex -31.6445 52.5601 12
    endloop
  endfacet
  facet normal -0 0 1
    outer loop
      vertex -37.2825 53.2449 12
      vertex -31.586 52.7011 12
      vertex -32.5 56.2916 12
    endloop
  endfacet
  facet normal 0 0 1
    outer loop
      vertex -31.5155 52.8365 12
      vertex -32.5 56.2916 12
      vertex -31.586 52.7011 12
    endloop
  endfacet
  facet normal 0 0 1
    outer loop
      vertex -31.4335 52.9653 12
      vertex -32.5 56.2916 12
      vertex -31.5155 52.8365 12
    endloop
  endfacet
  facet normal 0 0 1
    outer loop
      vertex -31.3406 53.0864 12
      vertex -32.5 56.2916 12
      vertex -31.4335 52.9653 12
    endloop
  endfacet
  facet normal -0 0 1
    outer loop
      vertex 30.7396 50.3755 12
      vertex 41.7812 49.7929 12
      vertex 30.875 50.446 12
    endloop
  endfacet
  facet normal 0 0 1
    outer loop
      vertex 49.6064 18.2546 12
      vertex 31.7433 -51.809 12
      vertex 31.75 -51.9615 12
    endloop
  endfacet
  facet normal 0 0 1
    outer loop
      vertex 41.7812 49.7929 12
      vertex 30.7396 50.3755 12
      vertex 45.9619 45.9619 12
    endloop
  endfacet
  facet normal 0 0 1
    outer loop
      vertex 49.6064 18.2546 12
      vertex 31.7234 -51.6576 12
      vertex 31.7433 -51.809 12
    endloop
  endfacet
  facet normal -0 0 1
    outer loop
      vertex 30.5985 50.3171 12
      vertex 45.9619 45.9619 12
      vertex 30.7396 50.3755 12
    endloop
  endfacet
  facet normal 0 0 1
    outer loop
      vertex 49.6064 18.2546 12
      vertex 31.6904 -51.5086 12
      vertex 31.7234 -51.6576 12
    endloop
  endfacet
  facet normal -0 0 1
    outer loop
      vertex 30.4529 50.2712 12
      vertex 45.9619 45.9619 12
      vertex 30.5985 50.3171 12
    endloop
  endfacet
  facet normal 0 0 1
    outer loop
      vertex 49.6064 18.2546 12
      vertex 31.6445 -51.363 12
      vertex 31.6904 -51.5086 12
    endloop
  endfacet
  facet normal -0 0 1
    outer loop
      vertex 30.3039 50.2381 12
      vertex 45.9619 45.9619 12
      vertex 30.4529 50.2712 12
    endloop
  endfacet
  facet normal 0 0 1
    outer loop
      vertex 49.6064 18.2546 12
      vertex 31.586 -51.2219 12
      vertex 31.6445 -51.363 12
    endloop
  endfacet
  facet normal 0 0 1
    outer loop
      vertex 45.9619 45.9619 12
      vertex 30.3039 50.2381 12
      vertex 49.8211 19.8861 12
    endloop
  endfacet
  facet normal 0 0 1
    outer loop
      vertex 49.6064 18.2546 12
      vertex 31.5155 -51.0865 12
      vertex 31.586 -51.2219 12
    endloop
  endfacet
  facet normal -0 0 1
    outer loop
      vertex 30.1525 50.2182 12
      vertex 49.8211 19.8861 12
      vertex 30.3039 50.2381 12
    endloop
  endfacet
  facet normal 0 0 1
    outer loop
      vertex 49.6064 18.2546 12
      vertex 31.4335 -50.9578 12
      vertex 31.5155 -51.0865 12
    endloop
  endfacet
  facet normal 0 0 1
    outer loop
      vertex 49.8211 19.8861 12
      vertex 30.1525 50.2182 12
      vertex 49.7345 19.7197 12
    endloop
  endfacet
  facet normal 0 0 1
    outer loop
      vertex 49.6064 18.2546 12
      vertex 31.3406 -50.8366 12
      vertex 31.4335 -50.9578 12
    endloop
  endfacet
  facet normal -0 0 1
    outer loop
      vertex 30 50.2115 12
      vertex 49.7345 19.7197 12
      vertex 30.1525 50.2182 12
    endloop
  endfacet
  facet normal 0 0 1
    outer loop
      vertex 13.9467 -1.22018 12
      vertex 49.6064 18.2546 12
      vertex 14 0 12
    endloop
  endfacet
  facet normal 0 0 1
    outer loop
      vertex 49.7345 19.7197 12
      vertex 30 50.2115 12
      vertex 49.6628 19.5465 12
    endloop
  endfacet
  facet normal 0 0 1
    outer loop
      vertex 49.6064 18.2546 12
      vertex 31.2374 -50.7241 12
      vertex 31.3406 -50.8366 12
    endloop
  endfacet
  facet normal 0 0 1
    outer loop
      vertex 29.8475 50.2182 12
      vertex 49.6628 19.5465 12
      vertex 30 50.2115 12
    endloop
  endfacet
  facet normal 0 0 1
    outer loop
      vertex 49.6064 18.2546 12
      vertex 31.1249 -50.6209 12
      vertex 31.2374 -50.7241 12
    endloop
  endfacet
  facet normal 0 0 1
    outer loop
      vertex 49.6628 19.5465 12
      vertex 29.8475 50.2182 12
      vertex 49.6064 19.3676 12
    endloop
  endfacet
  facet normal 0 0 1
    outer loop
      vertex 49.6064 18.2546 12
      vertex 31.0038 -50.528 12
      vertex 31.1249 -50.6209 12
    endloop
  endfacet
  facet normal 0 0 1
    outer loop
      vertex 9.89949 9.89949 12
      vertex 49.6064 19.3676 12
      vertex 29.8475 50.2182 12
    endloop
  endfacet
  facet normal 0 0 1
    outer loop
      vertex 49.6064 18.2546 12
      vertex 30.875 -50.446 12
      vertex 31.0038 -50.528 12
    endloop
  endfacet
  facet normal 0 -0 1
    outer loop
      vertex 10.7246 8.99903 12
      vertex 49.6064 19.3676 12
      vertex 9.89949 9.89949 12
    endloop
  endfacet
  facet normal 0 0 1
    outer loop
      vertex 49.6064 18.2546 12
      vertex 30.7396 -50.3755 12
      vertex 30.875 -50.446 12
    endloop
  endfacet
  facet normal 0 0 1
    outer loop
      vertex 49.6064 19.3676 12
      vertex 10.7246 8.99903 12
      vertex 49.5658 19.1845 12
    endloop
  endfacet
  facet normal 0 0 1
    outer loop
      vertex 13.7873 -2.43107 12
      vertex 49.6064 18.2546 12
      vertex 13.9467 -1.22018 12
    endloop
  endfacet
  facet normal 0 0 1
    outer loop
      vertex 49.5658 19.1845 12
      vertex 10.7246 8.99903 12
      vertex 49.5413 18.9985 12
    endloop
  endfacet
  facet normal 0 0 1
    outer loop
      vertex 13.523 -3.62347 12
      vertex 49.6064 18.2546 12
      vertex 13.7873 -2.43107 12
    endloop
  endfacet
  facet normal 0 -0 1
    outer loop
      vertex 11.4681 8.03007 12
      vertex 49.5413 18.9985 12
      vertex 10.7246 8.99903 12
    endloop
  endfacet
  facet normal 0 0 1
    outer loop
      vertex 13.1557 -4.78828 12
      vertex 49.6064 18.2546 12
      vertex 13.523 -3.62347 12
    endloop
  endfacet
  facet normal 0 0 1
    outer loop
      vertex 49.5413 18.9985 12
      vertex 11.4681 8.03007 12
      vertex 49.5331 18.8111 12
    endloop
  endfacet
  facet normal 0 0 1
    outer loop
      vertex 49.6064 18.2546 12
      vertex 13.1557 -4.78828 12
      vertex 30.7396 -50.3755 12
    endloop
  endfacet
  facet normal 0 -0 1
    outer loop
      vertex 12.1244 7 12
      vertex 49.5331 18.8111 12
      vertex 11.4681 8.03007 12
    endloop
  endfacet
  facet normal -0 0 1
    outer loop
      vertex 12.6883 -5.91666 12
      vertex 30.7396 -50.3755 12
      vertex 13.1557 -4.78828 12
    endloop
  endfacet
  facet normal 0 0 1
    outer loop
      vertex 9.89949 9.89949 12
      vertex 29.8475 50.2182 12
      vertex 29.6961 50.2381 12
    endloop
  endfacet
  facet normal 0 0 1
    outer loop
      vertex 30.7396 -50.3755 12
      vertex 12.6883 -5.91666 12
      vertex 30.5985 -50.3171 12
    endloop
  endfacet
  facet normal 0 0 1
    outer loop
      vertex 8.99903 10.7246 12
      vertex 29.6961 50.2381 12
      vertex 29.5471 50.2712 12
    endloop
  endfacet
  facet normal 0 0 1
    outer loop
      vertex 30.5985 -50.3171 12
      vertex 12.6883 -5.91666 12
      vertex 30.4529 -50.2712 12
    endloop
  endfacet
  facet normal 0 0 1
    outer loop
      vertex 8.99903 10.7246 12
      vertex 29.5471 50.2712 12
      vertex 29.4015 50.3171 12
    endloop
  endfacet
  facet normal -0 0 1
    outer loop
      vertex 12.1244 -7 12
      vertex 30.4529 -50.2712 12
      vertex 12.6883 -5.91666 12
    endloop
  endfacet
  facet normal 0 0 1
    outer loop
      vertex 8.03007 11.4681 12
      vertex 29.4015 50.3171 12
      vertex 29.2604 50.3755 12
    endloop
  endfacet
  facet normal -0 -0 1
    outer loop
      vertex 19.5465 -49.6628 12
      vertex 29.6961 -50.2381 12
      vertex 19.3676 -49.6064 12
    endloop
  endfacet
  facet normal 0 0 1
    outer loop
      vertex 7 12.1244 12
      vertex 29.2604 50.3755 12
      vertex 29.125 50.446 12
    endloop
  endfacet
  facet normal 0 0 1
    outer loop
      vertex 29.6961 -50.2381 12
      vertex 19.5465 -49.6628 12
      vertex 29.5471 -50.2712 12
    endloop
  endfacet
  facet normal 0 0 1
    outer loop
      vertex 7 12.1244 12
      vertex 29.125 50.446 12
      vertex 28.9962 50.528 12
    endloop
  endfacet
  facet normal -0 -0 1
    outer loop
      vertex 19.7197 -49.7345 12
      vertex 29.5471 -50.2712 12
      vertex 19.5465 -49.6628 12
    endloop
  endfacet
  facet normal 0 0 1
    outer loop
      vertex 5.91666 12.6883 12
      vertex 28.9962 50.528 12
      vertex 28.8751 50.6209 12
    endloop
  endfacet
  facet normal 0 0 1
    outer loop
      vertex 29.5471 -50.2712 12
      vertex 19.7197 -49.7345 12
      vertex 29.4015 -50.3171 12
    endloop
  endfacet
  facet normal 0 0 1
    outer loop
      vertex 4.78828 13.1557 12
      vertex 28.8751 50.6209 12
      vertex 28.7626 50.7241 12
    endloop
  endfacet
  facet normal -0 -0 1
    outer loop
      vertex 19.8861 -49.8211 12
      vertex 29.4015 -50.3171 12
      vertex 19.7197 -49.7345 12
    endloop
  endfacet
  facet normal 0 0 1
    outer loop
      vertex 4.78828 13.1557 12
      vertex 28.7626 50.7241 12
      vertex 28.6594 50.8366 12
    endloop
  endfacet
  facet normal 0 0 1
    outer loop
      vertex 29.4015 -50.3171 12
      vertex 19.8861 -49.8211 12
      vertex 29.2604 -50.3755 12
    endloop
  endfacet
  facet normal 0 0 1
    outer loop
      vertex 3.62347 13.523 12
      vertex 28.6594 50.8366 12
      vertex 28.5665 50.9578 12
    endloop
  endfacet
  facet normal -0 -0 1
    outer loop
      vertex 20.0443 -49.9219 12
      vertex 29.2604 -50.3755 12
      vertex 19.8861 -49.8211 12
    endloop
  endfacet
  facet normal 0 0 1
    outer loop
      vertex 2.43107 13.7873 12
      vertex 28.5665 50.9578 12
      vertex 28.4845 51.0865 12
    endloop
  endfacet
  facet normal -0 -0 1
    outer loop
      vertex 20.1931 -50.0361 12
      vertex 29.125 -50.446 12
      vertex 20.0443 -49.9219 12
    endloop
  endfacet
  facet normal 0 0 1
    outer loop
      vertex 11.2871 64.0125 12
      vertex 28.4845 51.0865 12
      vertex 28.414 51.2219 12
    endloop
  endfacet
  facet normal 0 0 1
    outer loop
      vertex 29.125 -50.446 12
      vertex 20.1931 -50.0361 12
      vertex 28.9962 -50.528 12
    endloop
  endfacet
  facet normal 0 0 1
    outer loop
      vertex 11.2871 64.0125 12
      vertex 28.414 51.2219 12
      vertex 28.3555 51.363 12
    endloop
  endfacet
  facet normal -0 -0 1
    outer loop
      vertex 20.3314 -50.1628 12
      vertex 28.9962 -50.528 12
      vertex 20.1931 -50.0361 12
    endloop
  endfacet
  facet normal 0 0 1
    outer loop
      vertex 16.8232 62.7852 12
      vertex 28.3555 51.363 12
      vertex 28.3096 51.5086 12
    endloop
  endfacet
  facet normal 0 0 1
    outer loop
      vertex 28.9962 -50.528 12
      vertex 20.3314 -50.1628 12
      vertex 28.8751 -50.6209 12
    endloop
  endfacet
  facet normal 0 0 1
    outer loop
      vertex 16.8232 62.7852 12
      vertex 28.3096 51.5086 12
      vertex 28.2766 51.6576 12
    endloop
  endfacet
  facet normal -0 -0 1
    outer loop
      vertex 20.4581 -50.3011 12
      vertex 28.8751 -50.6209 12
      vertex 20.3314 -50.1628 12
    endloop
  endfacet
  facet normal 0 0 1
    outer loop
      vertex 16.8232 62.7852 12
      vertex 28.2766 51.6576 12
      vertex 28.2567 51.809 12
    endloop
  endfacet
  facet normal 0 0 1
    outer loop
      vertex 28.8751 -50.6209 12
      vertex 20.4581 -50.3011 12
      vertex 28.7626 -50.7241 12
    endloop
  endfacet
  facet normal 0 0 1
    outer loop
      vertex 28.2567 52.114 12
      vertex 22.2313 61.08 12
      vertex 28.25 51.9615 12
    endloop
  endfacet
  facet normal -0 -0 1
    outer loop
      vertex 20.5723 -50.4499 12
      vertex 28.7626 -50.7241 12
      vertex 20.4581 -50.3011 12
    endloop
  endfacet
  facet normal -0 0 1
    outer loop
      vertex 31.7433 -52.114 12
      vertex 37.2825 -53.2449 12
      vertex 31.75 -51.9615 12
    endloop
  endfacet
  facet normal -0 0 1
    outer loop
      vertex 31.7234 -52.2654 12
      vertex 37.2825 -53.2449 12
      vertex 31.7433 -52.114 12
    endloop
  endfacet
  facet normal -0 0 1
    outer loop
      vertex 31.6904 -52.4145 12
      vertex 37.2825 -53.2449 12
      vertex 31.7234 -52.2654 12
    endloop
  endfacet
  facet normal -0 0 1
    outer loop
      vertex 31.6445 -52.5601 12
      vertex 37.2825 -53.2449 12
      vertex 31.6904 -52.4145 12
    endloop
  endfacet
  facet normal -0 0 1
    outer loop
      vertex 31.586 -52.7011 12
      vertex 37.2825 -53.2449 12
      vertex 31.6445 -52.5601 12
    endloop
  endfacet
  facet normal 0 0 1
    outer loop
      vertex 37.2825 -53.2449 12
      vertex 31.586 -52.7011 12
      vertex 32.5 -56.2916 12
    endloop
  endfacet
  facet normal -0 0 1
    outer loop
      vertex 31.5155 -52.8365 12
      vertex 32.5 -56.2916 12
      vertex 31.586 -52.7011 12
    endloop
  endfacet
  facet normal -0 0 1
    outer loop
      vertex 31.4335 -52.9653 12
      vertex 32.5 -56.2916 12
      vertex 31.5155 -52.8365 12
    endloop
  endfacet
  facet normal -0 0 1
    outer loop
      vertex 31.3406 -53.0864 12
      vertex 32.5 -56.2916 12
      vertex 31.4335 -52.9653 12
    endloop
  endfacet
  facet normal -0 0 1
    outer loop
      vertex 31.2374 -53.199 12
      vertex 32.5 -56.2916 12
      vertex 31.3406 -53.0864 12
    endloop
  endfacet
  facet normal -0 0 1
    outer loop
      vertex 31.1249 -53.3021 12
      vertex 32.5 -56.2916 12
      vertex 31.2374 -53.199 12
    endloop
  endfacet
  facet normal -0 0 1
    outer loop
      vertex 31.0038 -53.395 12
      vertex 32.5 -56.2916 12
      vertex 31.1249 -53.3021 12
    endloop
  endfacet
  facet normal -0 0 1
    outer loop
      vertex 30.875 -53.4771 12
      vertex 32.5 -56.2916 12
      vertex 31.0038 -53.395 12
    endloop
  endfacet
  facet normal -0 0 1
    outer loop
      vertex 30.7396 -53.5476 12
      vertex 32.5 -56.2916 12
      vertex 30.875 -53.4771 12
    endloop
  endfacet
  facet normal -0 0 1
    outer loop
      vertex 30.5985 -53.606 12
      vertex 32.5 -56.2916 12
      vertex 30.7396 -53.5476 12
    endloop
  endfacet
  facet normal -0 0 1
    outer loop
      vertex 30.4529 -53.6519 12
      vertex 32.5 -56.2916 12
      vertex 30.5985 -53.606 12
    endloop
  endfacet
  facet normal -0 0 1
    outer loop
      vertex 30.3039 -53.6849 12
      vertex 32.5 -56.2916 12
      vertex 30.4529 -53.6519 12
    endloop
  endfacet
  facet normal -0 0 1
    outer loop
      vertex 30.1525 -53.7049 12
      vertex 32.5 -56.2916 12
      vertex 30.3039 -53.6849 12
    endloop
  endfacet
  facet normal -0 0 1
    outer loop
      vertex 30 -53.7115 12
      vertex 32.5 -56.2916 12
      vertex 30.1525 -53.7049 12
    endloop
  endfacet
  facet normal 0 0 1
    outer loop
      vertex 29.8475 -53.7049 12
      vertex 32.5 -56.2916 12
      vertex 30 -53.7115 12
    endloop
  endfacet
  facet normal 0 0 1
    outer loop
      vertex 27.4702 -58.91 12
      vertex 29.8475 -53.7049 12
      vertex 29.6961 -53.6849 12
    endloop
  endfacet
  facet normal 0 0 1
    outer loop
      vertex 27.4702 -58.91 12
      vertex 29.6961 -53.6849 12
      vertex 29.5471 -53.6519 12
    endloop
  endfacet
  facet normal 0 0 1
    outer loop
      vertex 27.4702 -58.91 12
      vertex 29.5471 -53.6519 12
      vertex 29.4015 -53.606 12
    endloop
  endfacet
  facet normal 0 0 1
    outer loop
      vertex 27.4702 -58.91 12
      vertex 29.4015 -53.606 12
      vertex 29.2604 -53.5476 12
    endloop
  endfacet
  facet normal 0 0 1
    outer loop
      vertex 27.4702 -58.91 12
      vertex 29.2604 -53.5476 12
      vertex 29.125 -53.4771 12
    endloop
  endfacet
  facet normal 0 0 1
    outer loop
      vertex 27.4702 -58.91 12
      vertex 29.125 -53.4771 12
      vertex 28.9962 -53.395 12
    endloop
  endfacet
  facet normal 0 0 1
    outer loop
      vertex 27.4702 -58.91 12
      vertex 28.9962 -53.395 12
      vertex 28.8751 -53.3021 12
    endloop
  endfacet
  facet normal 0 0 1
    outer loop
      vertex 29.8475 -53.7049 12
      vertex 27.4702 -58.91 12
      vertex 32.5 -56.2916 12
    endloop
  endfacet
  facet normal 0 0 1
    outer loop
      vertex 28.7626 -53.199 12
      vertex 27.4702 -58.91 12
      vertex 28.8751 -53.3021 12
    endloop
  endfacet
  facet normal 0 0 1
    outer loop
      vertex 28.6594 -53.0864 12
      vertex 27.4702 -58.91 12
      vertex 28.7626 -53.199 12
    endloop
  endfacet
  facet normal 0 0 1
    outer loop
      vertex 28.5665 -52.9653 12
      vertex 27.4702 -58.91 12
      vertex 28.6594 -53.0864 12
    endloop
  endfacet
  facet normal 0 0 1
    outer loop
      vertex 28.4845 -52.8365 12
      vertex 27.4702 -58.91 12
      vertex 28.5665 -52.9653 12
    endloop
  endfacet
  facet normal 0 0 1
    outer loop
      vertex 28.2766 -52.2654 12
      vertex 20.8878 -52.2396 12
      vertex 28.3096 -52.4145 12
    endloop
  endfacet
  facet normal -0 0 1
    outer loop
      vertex 20.8878 -52.2396 12
      vertex 28.2766 -52.2654 12
      vertex 20.9284 -52.0564 12
    endloop
  endfacet
  facet normal 0 0 1
    outer loop
      vertex 28.2567 -52.114 12
      vertex 20.9284 -52.0564 12
      vertex 28.2766 -52.2654 12
    endloop
  endfacet
  facet normal -0 0 1
    outer loop
      vertex 20.9284 -52.0564 12
      vertex 28.2567 -52.114 12
      vertex 20.9529 -51.8705 12
    endloop
  endfacet
  facet normal 0 0 1
    outer loop
      vertex 28.25 -51.9615 12
      vertex 20.9529 -51.8705 12
      vertex 28.2567 -52.114 12
    endloop
  endfacet
  facet normal -0 0 1
    outer loop
      vertex 20.9529 -51.8705 12
      vertex 28.25 -51.9615 12
      vertex 20.9611 -51.6831 12
    endloop
  endfacet
  facet normal 0 0 1
    outer loop
      vertex 28.6594 -50.8366 12
      vertex 20.5723 -50.4499 12
      vertex 28.5665 -50.9578 12
    endloop
  endfacet
  facet normal 0 0 1
    outer loop
      vertex 16.8232 62.7852 12
      vertex 28.2567 51.809 12
      vertex 22.2313 61.08 12
    endloop
  endfacet
  facet normal -0 -0 1
    outer loop
      vertex 20.6731 -50.6081 12
      vertex 28.5665 -50.9578 12
      vertex 20.5723 -50.4499 12
    endloop
  endfacet
  facet normal 0 0 1
    outer loop
      vertex 20.8314 -52.4184 12
      vertex 28.3096 -52.4145 12
      vertex 20.8878 -52.2396 12
    endloop
  endfacet
  facet normal 0 0 1
    outer loop
      vertex 28.3096 -52.4145 12
      vertex 20.8314 -52.4184 12
      vertex 28.3555 -52.5601 12
    endloop
  endfacet
  facet normal 0 0 1
    outer loop
      vertex 28.2567 -51.809 12
      vertex 20.9611 -51.6831 12
      vertex 28.25 -51.9615 12
    endloop
  endfacet
  facet normal -0 -0 1
    outer loop
      vertex 20.9611 -51.6831 12
      vertex 28.2567 -51.809 12
      vertex 20.9529 -51.4957 12
    endloop
  endfacet
  facet normal 0 0 1
    outer loop
      vertex 28.3555 -51.363 12
      vertex 20.8878 -51.1266 12
      vertex 28.3096 -51.5086 12
    endloop
  endfacet
  facet normal 0 0 1
    outer loop
      vertex 28.2766 -51.6576 12
      vertex 20.9529 -51.4957 12
      vertex 28.2567 -51.809 12
    endloop
  endfacet
  facet normal -0 -0 1
    outer loop
      vertex 20.9529 -51.4957 12
      vertex 28.2766 -51.6576 12
      vertex 20.9284 -51.3097 12
    endloop
  endfacet
  facet normal 0 0 1
    outer loop
      vertex 28.3096 -51.5086 12
      vertex 20.9284 -51.3097 12
      vertex 28.2766 -51.6576 12
    endloop
  endfacet
  facet normal -0 -0 1
    outer loop
      vertex 20.9284 -51.3097 12
      vertex 28.3096 -51.5086 12
      vertex 20.8878 -51.1266 12
    endloop
  endfacet
  facet normal -0 -0 1
    outer loop
      vertex 20.8878 -51.1266 12
      vertex 28.3555 -51.363 12
      vertex 20.8314 -50.9478 12
    endloop
  endfacet
  facet normal 0 0 1
    outer loop
      vertex 28.414 -51.2219 12
      vertex 20.8314 -50.9478 12
      vertex 28.3555 -51.363 12
    endloop
  endfacet
  facet normal -0 -0 1
    outer loop
      vertex 20.8314 -50.9478 12
      vertex 28.414 -51.2219 12
      vertex 20.7597 -50.7745 12
    endloop
  endfacet
  facet normal 0 0 1
    outer loop
      vertex 28.4845 -51.0865 12
      vertex 20.7597 -50.7745 12
      vertex 28.414 -51.2219 12
    endloop
  endfacet
  facet normal -0 -0 1
    outer loop
      vertex 20.7597 -50.7745 12
      vertex 28.4845 -51.0865 12
      vertex 20.6731 -50.6081 12
    endloop
  endfacet
  facet normal 0 0 1
    outer loop
      vertex 28.5665 -50.9578 12
      vertex 20.6731 -50.6081 12
      vertex 28.4845 -51.0865 12
    endloop
  endfacet
  facet normal 0 0 1
    outer loop
      vertex 28.7626 -50.7241 12
      vertex 20.5723 -50.4499 12
      vertex 28.6594 -50.8366 12
    endloop
  endfacet
  facet normal 0 0 1
    outer loop
      vertex 29.2604 -50.3755 12
      vertex 20.0443 -49.9219 12
      vertex 29.125 -50.446 12
    endloop
  endfacet
  facet normal 0 0 1
    outer loop
      vertex 30.4529 -50.2712 12
      vertex 12.1244 -7 12
      vertex 30.3039 -50.2381 12
    endloop
  endfacet
  facet normal -0 0 1
    outer loop
      vertex 11.4681 -8.03007 12
      vertex 30.3039 -50.2381 12
      vertex 12.1244 -7 12
    endloop
  endfacet
  facet normal 0 0 1
    outer loop
      vertex 30.3039 -50.2381 12
      vertex 11.4681 -8.03007 12
      vertex 30.1525 -50.2182 12
    endloop
  endfacet
  facet normal -0 0 1
    outer loop
      vertex 10.7246 -8.99903 12
      vertex 30.1525 -50.2182 12
      vertex 11.4681 -8.03007 12
    endloop
  endfacet
  facet normal 0 0 1
    outer loop
      vertex 30.1525 -50.2182 12
      vertex 10.7246 -8.99903 12
      vertex 30 -50.2115 12
    endloop
  endfacet
  facet normal 0 0 1
    outer loop
      vertex 30 -50.2115 12
      vertex 10.7246 -8.99903 12
      vertex 29.8475 -50.2182 12
    endloop
  endfacet
  facet normal -0 0 1
    outer loop
      vertex 9.89949 -9.89949 12
      vertex 29.8475 -50.2182 12
      vertex 10.7246 -8.99903 12
    endloop
  endfacet
  facet normal 0 0 1
    outer loop
      vertex 29.8475 -50.2182 12
      vertex 9.89949 -9.89949 12
      vertex 29.6961 -50.2381 12
    endloop
  endfacet
  facet normal 0 0 1
    outer loop
      vertex 29.6961 -50.2381 12
      vertex 9.89949 -9.89949 12
      vertex 19.3676 -49.6064 12
    endloop
  endfacet
  facet normal -0 0 1
    outer loop
      vertex 8.99903 -10.7246 12
      vertex 19.3676 -49.6064 12
      vertex 9.89949 -9.89949 12
    endloop
  endfacet
  facet normal 0 0 1
    outer loop
      vertex 19.3676 -49.6064 12
      vertex 8.99903 -10.7246 12
      vertex 19.1845 -49.5658 12
    endloop
  endfacet
  facet normal 0 0 1
    outer loop
      vertex 19.1845 -49.5658 12
      vertex 8.99903 -10.7246 12
      vertex 18.9985 -49.5413 12
    endloop
  endfacet
  facet normal -0 0 1
    outer loop
      vertex 8.03007 -11.4681 12
      vertex 18.9985 -49.5413 12
      vertex 8.99903 -10.7246 12
    endloop
  endfacet
  facet normal 0 0 1
    outer loop
      vertex 18.9985 -49.5413 12
      vertex 8.03007 -11.4681 12
      vertex 18.8111 -49.5331 12
    endloop
  endfacet
  facet normal -0 0 1
    outer loop
      vertex 7 -12.1244 12
      vertex 18.8111 -49.5331 12
      vertex 8.03007 -11.4681 12
    endloop
  endfacet
  facet normal 0 0 1
    outer loop
      vertex 28.3555 51.363 12
      vertex 16.8232 62.7852 12
      vertex 11.2871 64.0125 12
    endloop
  endfacet
  facet normal 0 0 1
    outer loop
      vertex 18.8111 -49.5331 12
      vertex 7 -12.1244 12
      vertex 18.6237 -49.5413 12
    endloop
  endfacet
  facet normal 0 0 1
    outer loop
      vertex 18.6237 -49.5413 12
      vertex 7 -12.1244 12
      vertex 18.4378 -49.5658 12
    endloop
  endfacet
  facet normal -0 0 1
    outer loop
      vertex 5.91666 -12.6883 12
      vertex 18.4378 -49.5658 12
      vertex 7 -12.1244 12
    endloop
  endfacet
  facet normal 0 0 1
    outer loop
      vertex 18.4378 -49.5658 12
      vertex 5.91666 -12.6883 12
      vertex 18.2546 -49.6064 12
    endloop
  endfacet
  facet normal -0 0 1
    outer loop
      vertex 4.78828 -13.1557 12
      vertex 18.2546 -49.6064 12
      vertex 5.91666 -12.6883 12
    endloop
  endfacet
  facet normal 0 0 1
    outer loop
      vertex 18.2546 -49.6064 12
      vertex 4.78828 -13.1557 12
      vertex 18.0758 -49.6628 12
    endloop
  endfacet
  facet normal 0 0 1
    outer loop
      vertex 49.6064 18.2546 12
      vertex 13.9467 1.22018 12
      vertex 14 0 12
    endloop
  endfacet
  facet normal 0 0 1
    outer loop
      vertex 49.6064 18.2546 12
      vertex 13.7873 2.43107 12
      vertex 13.9467 1.22018 12
    endloop
  endfacet
  facet normal 0 0 1
    outer loop
      vertex 49.6064 18.2546 12
      vertex 13.523 3.62347 12
      vertex 13.7873 2.43107 12
    endloop
  endfacet
  facet normal 0 0 1
    outer loop
      vertex 49.6064 18.2546 12
      vertex 13.1557 4.78828 12
      vertex 13.523 3.62347 12
    endloop
  endfacet
  facet normal 0 0 1
    outer loop
      vertex 49.6064 18.2546 12
      vertex 12.6883 5.91666 12
      vertex 13.1557 4.78828 12
    endloop
  endfacet
  facet normal 0 0 1
    outer loop
      vertex 49.5658 18.4378 12
      vertex 12.6883 5.91666 12
      vertex 49.6064 18.2546 12
    endloop
  endfacet
  facet normal 0 -0 1
    outer loop
      vertex 12.6883 5.91666 12
      vertex 49.5658 18.4378 12
      vertex 12.1244 7 12
    endloop
  endfacet
  facet normal 0 0 1
    outer loop
      vertex 28.4845 51.0865 12
      vertex 11.2871 64.0125 12
      vertex 2.43107 13.7873 12
    endloop
  endfacet
  facet normal 0 0 1
    outer loop
      vertex 49.5413 18.6237 12
      vertex 12.1244 7 12
      vertex 49.5658 18.4378 12
    endloop
  endfacet
  facet normal 0 0 1
    outer loop
      vertex 49.5331 18.8111 12
      vertex 12.1244 7 12
      vertex 49.5413 18.6237 12
    endloop
  endfacet
  facet normal 0 0 1
    outer loop
      vertex 29.6961 50.2381 12
      vertex 8.99903 10.7246 12
      vertex 9.89949 9.89949 12
    endloop
  endfacet
  facet normal 0 0 1
    outer loop
      vertex 29.4015 50.3171 12
      vertex 8.03007 11.4681 12
      vertex 8.99903 10.7246 12
    endloop
  endfacet
  facet normal 0 0 1
    outer loop
      vertex 29.2604 50.3755 12
      vertex 7 12.1244 12
      vertex 8.03007 11.4681 12
    endloop
  endfacet
  facet normal 0 0 1
    outer loop
      vertex 28.9962 50.528 12
      vertex 5.91666 12.6883 12
      vertex 7 12.1244 12
    endloop
  endfacet
  facet normal 0 0 1
    outer loop
      vertex -16.6938 51.3097 12
      vertex 0 65 12
      vertex -16.6693 51.4957 12
    endloop
  endfacet
  facet normal 0 0 1
    outer loop
      vertex 28.8751 50.6209 12
      vertex 4.78828 13.1557 12
      vertex 5.91666 12.6883 12
    endloop
  endfacet
  facet normal 0 0 1
    outer loop
      vertex 28.6594 50.8366 12
      vertex 3.62347 13.523 12
      vertex 4.78828 13.1557 12
    endloop
  endfacet
  facet normal 0 0 1
    outer loop
      vertex 28.5665 50.9578 12
      vertex 2.43107 13.7873 12
      vertex 3.62347 13.523 12
    endloop
  endfacet
  facet normal 0 0 1
    outer loop
      vertex -16.7344 51.1266 12
      vertex 0 65 12
      vertex -16.6938 51.3097 12
    endloop
  endfacet
  facet normal -0 0 1
    outer loop
      vertex -5.66512 64.7527 12
      vertex -16.6693 51.4957 12
      vertex 0 65 12
    endloop
  endfacet
  facet normal 0 0 1
    outer loop
      vertex 0 65 12
      vertex -16.7344 51.1266 12
      vertex 5.66512 64.7527 12
    endloop
  endfacet
  facet normal 0 0 1
    outer loop
      vertex -16.7908 50.9478 12
      vertex 5.66512 64.7527 12
      vertex -16.7344 51.1266 12
    endloop
  endfacet
  facet normal 0 0 1
    outer loop
      vertex -16.8625 50.7745 12
      vertex 5.66512 64.7527 12
      vertex -16.7908 50.9478 12
    endloop
  endfacet
  facet normal 0 0 1
    outer loop
      vertex 5.66512 64.7527 12
      vertex -16.8625 50.7745 12
      vertex 11.2871 64.0125 12
    endloop
  endfacet
  facet normal 0 0 1
    outer loop
      vertex 11.2871 64.0125 12
      vertex -16.8625 50.7745 12
      vertex 2.43107 13.7873 12
    endloop
  endfacet
  facet normal 0 0 1
    outer loop
      vertex -16.6693 51.4957 12
      vertex -5.66512 64.7527 12
      vertex -16.6611 51.6831 12
    endloop
  endfacet
  facet normal -0 0 1
    outer loop
      vertex -16.9492 50.6081 12
      vertex 2.43107 13.7873 12
      vertex -16.8625 50.7745 12
    endloop
  endfacet
  facet normal 0 0 1
    outer loop
      vertex 2.43107 13.7873 12
      vertex -16.9492 50.6081 12
      vertex 1.22018 13.9467 12
    endloop
  endfacet
  facet normal -0 0 1
    outer loop
      vertex -17.0499 50.4499 12
      vertex 1.22018 13.9467 12
      vertex -16.9492 50.6081 12
    endloop
  endfacet
  facet normal 0 0 1
    outer loop
      vertex 1.22018 13.9467 12
      vertex -17.0499 50.4499 12
      vertex 0 14 12
    endloop
  endfacet
  facet normal -0 0 1
    outer loop
      vertex -17.1641 50.3011 12
      vertex 0 14 12
      vertex -17.0499 50.4499 12
    endloop
  endfacet
  facet normal -0 0 1
    outer loop
      vertex -17.2908 50.1628 12
      vertex 0 14 12
      vertex -17.1641 50.3011 12
    endloop
  endfacet
  facet normal 0 0 1
    outer loop
      vertex -16.7344 52.2396 12
      vertex -5.66512 64.7527 12
      vertex -11.2871 64.0125 12
    endloop
  endfacet
  facet normal 0 0 1
    outer loop
      vertex 0 14 12
      vertex -17.2908 50.1628 12
      vertex -1.22018 13.9467 12
    endloop
  endfacet
  facet normal -0 0 1
    outer loop
      vertex -17.4291 50.0361 12
      vertex -1.22018 13.9467 12
      vertex -17.2908 50.1628 12
    endloop
  endfacet
  facet normal 0 0 1
    outer loop
      vertex -1.22018 13.9467 12
      vertex -17.4291 50.0361 12
      vertex -2.43107 13.7873 12
    endloop
  endfacet
  facet normal -0 0 1
    outer loop
      vertex -17.5779 49.9219 12
      vertex -2.43107 13.7873 12
      vertex -17.4291 50.0361 12
    endloop
  endfacet
  facet normal -0 0 1
    outer loop
      vertex -17.7361 49.8211 12
      vertex -2.43107 13.7873 12
      vertex -17.5779 49.9219 12
    endloop
  endfacet
  facet normal 0 0 1
    outer loop
      vertex -2.43107 13.7873 12
      vertex -17.7361 49.8211 12
      vertex -3.62347 13.523 12
    endloop
  endfacet
  facet normal -0 0 1
    outer loop
      vertex -17.9025 49.7345 12
      vertex -3.62347 13.523 12
      vertex -17.7361 49.8211 12
    endloop
  endfacet
  facet normal 0 0 1
    outer loop
      vertex -3.62347 13.523 12
      vertex -17.9025 49.7345 12
      vertex -4.78828 13.1557 12
    endloop
  endfacet
  facet normal -0 0 1
    outer loop
      vertex -18.0758 49.6628 12
      vertex -4.78828 13.1557 12
      vertex -17.9025 49.7345 12
    endloop
  endfacet
  facet normal 0 0 1
    outer loop
      vertex -5.66512 64.7527 12
      vertex -16.6693 51.8705 12
      vertex -16.6611 51.6831 12
    endloop
  endfacet
  facet normal 0 0 1
    outer loop
      vertex -5.66512 64.7527 12
      vertex -16.6938 52.0564 12
      vertex -16.6693 51.8705 12
    endloop
  endfacet
  facet normal 0 0 1
    outer loop
      vertex -5.66512 64.7527 12
      vertex -16.7344 52.2396 12
      vertex -16.6938 52.0564 12
    endloop
  endfacet
  facet normal 0 0 1
    outer loop
      vertex -11.2871 64.0125 12
      vertex -16.7908 52.4184 12
      vertex -16.7344 52.2396 12
    endloop
  endfacet
  facet normal 0 0 1
    outer loop
      vertex -17.2908 53.2034 12
      vertex -11.2871 64.0125 12
      vertex -16.8232 62.7852 12
    endloop
  endfacet
  facet normal 0 0 1
    outer loop
      vertex -11.2871 64.0125 12
      vertex -16.8625 52.5917 12
      vertex -16.7908 52.4184 12
    endloop
  endfacet
  facet normal 0 0 1
    outer loop
      vertex -11.2871 64.0125 12
      vertex -16.9492 52.7581 12
      vertex -16.8625 52.5917 12
    endloop
  endfacet
  facet normal 0 0 1
    outer loop
      vertex -11.2871 64.0125 12
      vertex -17.0499 52.9163 12
      vertex -16.9492 52.7581 12
    endloop
  endfacet
  facet normal 0 0 1
    outer loop
      vertex -11.2871 64.0125 12
      vertex -17.1641 53.0651 12
      vertex -17.0499 52.9163 12
    endloop
  endfacet
  facet normal 0 0 1
    outer loop
      vertex -11.2871 64.0125 12
      vertex -17.2908 53.2034 12
      vertex -17.1641 53.0651 12
    endloop
  endfacet
  facet normal 0 0 1
    outer loop
      vertex -16.8232 62.7852 12
      vertex -17.4291 53.3301 12
      vertex -17.2908 53.2034 12
    endloop
  endfacet
  facet normal 0 0 1
    outer loop
      vertex -16.8232 62.7852 12
      vertex -17.5779 53.4443 12
      vertex -17.4291 53.3301 12
    endloop
  endfacet
  facet normal 0 0 1
    outer loop
      vertex -16.8232 62.7852 12
      vertex -17.7361 53.545 12
      vertex -17.5779 53.4443 12
    endloop
  endfacet
  facet normal 0 0 1
    outer loop
      vertex -16.8232 62.7852 12
      vertex -17.9025 53.6317 12
      vertex -17.7361 53.545 12
    endloop
  endfacet
  facet normal 0 0 1
    outer loop
      vertex -16.8232 62.7852 12
      vertex -18.0758 53.7034 12
      vertex -17.9025 53.6317 12
    endloop
  endfacet
  facet normal 0 0 1
    outer loop
      vertex -16.8232 62.7852 12
      vertex -18.2546 53.7598 12
      vertex -18.0758 53.7034 12
    endloop
  endfacet
  facet normal 0 0 1
    outer loop
      vertex -16.8232 62.7852 12
      vertex -18.4378 53.8004 12
      vertex -18.2546 53.7598 12
    endloop
  endfacet
  facet normal 0 0 1
    outer loop
      vertex -16.8232 62.7852 12
      vertex -18.6237 53.8249 12
      vertex -18.4378 53.8004 12
    endloop
  endfacet
  facet normal -0 0 1
    outer loop
      vertex -22.2313 61.08 12
      vertex -18.6237 53.8249 12
      vertex -16.8232 62.7852 12
    endloop
  endfacet
  facet normal 0 0 1
    outer loop
      vertex -18.6237 53.8249 12
      vertex -22.2313 61.08 12
      vertex -18.8111 53.8331 12
    endloop
  endfacet
  facet normal 0 0 1
    outer loop
      vertex -18.8111 53.8331 12
      vertex -22.2313 61.08 12
      vertex -18.9985 53.8249 12
    endloop
  endfacet
  facet normal 0 0 1
    outer loop
      vertex -18.9985 53.8249 12
      vertex -22.2313 61.08 12
      vertex -19.1845 53.8004 12
    endloop
  endfacet
  facet normal 0 0 1
    outer loop
      vertex -19.1845 53.8004 12
      vertex -22.2313 61.08 12
      vertex -19.3676 53.7598 12
    endloop
  endfacet
  facet normal 0 0 1
    outer loop
      vertex -19.3676 53.7598 12
      vertex -22.2313 61.08 12
      vertex -19.5465 53.7034 12
    endloop
  endfacet
  facet normal 0 0 1
    outer loop
      vertex -19.5465 53.7034 12
      vertex -22.2313 61.08 12
      vertex -19.7197 53.6317 12
    endloop
  endfacet
  facet normal 0 0 1
    outer loop
      vertex -19.7197 53.6317 12
      vertex -22.2313 61.08 12
      vertex -19.8861 53.545 12
    endloop
  endfacet
  facet normal 0 0 1
    outer loop
      vertex -19.8861 53.545 12
      vertex -22.2313 61.08 12
      vertex -20.0443 53.4443 12
    endloop
  endfacet
  facet normal 0 0 1
    outer loop
      vertex -20.0443 53.4443 12
      vertex -22.2313 61.08 12
      vertex -20.1931 53.3301 12
    endloop
  endfacet
  facet normal 0 0 1
    outer loop
      vertex -20.1931 53.3301 12
      vertex -22.2313 61.08 12
      vertex -20.3314 53.2034 12
    endloop
  endfacet
  facet normal -0 0 1
    outer loop
      vertex -27.4702 58.91 12
      vertex -20.3314 53.2034 12
      vertex -22.2313 61.08 12
    endloop
  endfacet
  facet normal 0 0 1
    outer loop
      vertex -20.3314 53.2034 12
      vertex -27.4702 58.91 12
      vertex -20.4581 53.0651 12
    endloop
  endfacet
  facet normal 0 0 1
    outer loop
      vertex -20.4581 53.0651 12
      vertex -27.4702 58.91 12
      vertex -20.5723 52.9163 12
    endloop
  endfacet
  facet normal 0 0 1
    outer loop
      vertex -20.5723 52.9163 12
      vertex -27.4702 58.91 12
      vertex -20.6731 52.7581 12
    endloop
  endfacet
  facet normal 0 0 1
    outer loop
      vertex -20.7597 52.5917 12
      vertex -28.3555 52.5601 12
      vertex -20.8314 52.4184 12
    endloop
  endfacet
  facet normal 0 -0 1
    outer loop
      vertex -28.3555 52.5601 12
      vertex -20.7597 52.5917 12
      vertex -28.414 52.7011 12
    endloop
  endfacet
  facet normal 0 0 1
    outer loop
      vertex -20.6731 52.7581 12
      vertex -28.414 52.7011 12
      vertex -20.7597 52.5917 12
    endloop
  endfacet
  facet normal 0 -0 1
    outer loop
      vertex -28.414 52.7011 12
      vertex -20.6731 52.7581 12
      vertex -28.4845 52.8365 12
    endloop
  endfacet
  facet normal -0 0 1
    outer loop
      vertex -28.4845 52.8365 12
      vertex -20.6731 52.7581 12
      vertex -27.4702 58.91 12
    endloop
  endfacet
  facet normal -0 0 1
    outer loop
      vertex 52.2396 16.7344 12
      vertex 59.125 1.51554 12
      vertex 52.4184 16.7908 12
    endloop
  endfacet
  facet normal 0 0 1
    outer loop
      vertex 59.125 1.51554 12
      vertex 52.2396 16.7344 12
      vertex 58.9962 1.43352 12
    endloop
  endfacet
  facet normal -0 0 1
    outer loop
      vertex 52.0564 16.6938 12
      vertex 58.9962 1.43352 12
      vertex 52.2396 16.7344 12
    endloop
  endfacet
  facet normal 0 0 1
    outer loop
      vertex 58.9962 1.43352 12
      vertex 52.0564 16.6938 12
      vertex 58.8751 1.34058 12
    endloop
  endfacet
  facet normal -0 0 1
    outer loop
      vertex 51.8705 16.6693 12
      vertex 58.8751 1.34058 12
      vertex 52.0564 16.6938 12
    endloop
  endfacet
  facet normal 0 0 1
    outer loop
      vertex 58.8751 1.34058 12
      vertex 51.8705 16.6693 12
      vertex 58.7626 1.23744 12
    endloop
  endfacet
  facet normal -0 0 1
    outer loop
      vertex 51.6831 16.6611 12
      vertex 58.7626 1.23744 12
      vertex 51.8705 16.6693 12
    endloop
  endfacet
  facet normal 0 0 1
    outer loop
      vertex 58.7626 1.23744 12
      vertex 51.6831 16.6611 12
      vertex 58.6594 1.12488 12
    endloop
  endfacet
  facet normal 0 0 1
    outer loop
      vertex 51.4957 16.6693 12
      vertex 58.6594 1.12488 12
      vertex 51.6831 16.6611 12
    endloop
  endfacet
  facet normal 0 0 1
    outer loop
      vertex 58.6594 1.12488 12
      vertex 51.4957 16.6693 12
      vertex 58.5665 1.00376 12
    endloop
  endfacet
  facet normal 0 0 1
    outer loop
      vertex 51.3097 16.6938 12
      vertex 58.5665 1.00376 12
      vertex 51.4957 16.6693 12
    endloop
  endfacet
  facet normal 0 0 1
    outer loop
      vertex 58.5665 1.00376 12
      vertex 51.3097 16.6938 12
      vertex 58.4845 0.875 12
    endloop
  endfacet
  facet normal 0 0 1
    outer loop
      vertex 51.1266 16.7344 12
      vertex 58.4845 0.875 12
      vertex 51.3097 16.6938 12
    endloop
  endfacet
  facet normal 0 0 1
    outer loop
      vertex 58.4845 0.875 12
      vertex 51.1266 16.7344 12
      vertex 58.414 0.739581 12
    endloop
  endfacet
  facet normal 0 0 1
    outer loop
      vertex 50.9478 16.7908 12
      vertex 58.414 0.739581 12
      vertex 51.1266 16.7344 12
    endloop
  endfacet
  facet normal 0 0 1
    outer loop
      vertex 58.414 0.739581 12
      vertex 50.9478 16.7908 12
      vertex 58.3555 0.598535 12
    endloop
  endfacet
  facet normal 0 0 1
    outer loop
      vertex 50.7745 16.8625 12
      vertex 58.3555 0.598535 12
      vertex 50.9478 16.7908 12
    endloop
  endfacet
  facet normal 0 0 1
    outer loop
      vertex 58.3555 0.598535 12
      vertex 50.7745 16.8625 12
      vertex 58.3096 0.452933 12
    endloop
  endfacet
  facet normal 0 0 1
    outer loop
      vertex 50.6081 16.9492 12
      vertex 58.3096 0.452933 12
      vertex 50.7745 16.8625 12
    endloop
  endfacet
  facet normal 0 0 1
    outer loop
      vertex 58.3096 0.452933 12
      vertex 50.6081 16.9492 12
      vertex 58.2766 0.303884 12
    endloop
  endfacet
  facet normal 0 0 1
    outer loop
      vertex 58.2766 0.303884 12
      vertex 50.6081 16.9492 12
      vertex 58.2567 0.152522 12
    endloop
  endfacet
  facet normal 0 0 1
    outer loop
      vertex 50.4499 17.0499 12
      vertex 58.2567 0.152522 12
      vertex 50.6081 16.9492 12
    endloop
  endfacet
  facet normal 0 0 1
    outer loop
      vertex 58.2567 0.152522 12
      vertex 50.4499 17.0499 12
      vertex 58.25 0 12
    endloop
  endfacet
  facet normal 0 0 1
    outer loop
      vertex 50.3011 17.1641 12
      vertex 58.25 0 12
      vertex 50.4499 17.0499 12
    endloop
  endfacet
  facet normal 0 0 1
    outer loop
      vertex 58.25 0 12
      vertex 50.3011 17.1641 12
      vertex 58.2567 -0.152522 12
    endloop
  endfacet
  facet normal 0 0 1
    outer loop
      vertex 50.1628 17.2908 12
      vertex 58.2567 -0.152522 12
      vertex 50.3011 17.1641 12
    endloop
  endfacet
  facet normal 0 0 1
    outer loop
      vertex 50.0361 17.4291 12
      vertex 58.2567 -0.152522 12
      vertex 50.1628 17.2908 12
    endloop
  endfacet
  facet normal 0 0 1
    outer loop
      vertex 58.2567 -0.152522 12
      vertex 53.2449 -37.2825 12
      vertex 56.2916 -32.5 12
    endloop
  endfacet
  facet normal 0 0 1
    outer loop
      vertex 49.9219 17.5779 12
      vertex 58.2567 -0.152522 12
      vertex 50.0361 17.4291 12
    endloop
  endfacet
  facet normal 0 0 1
    outer loop
      vertex 31.75 -51.9615 12
      vertex 58.2567 -0.152522 12
      vertex 49.9219 17.5779 12
    endloop
  endfacet
  facet normal 0 0 1
    outer loop
      vertex 31.75 -51.9615 12
      vertex 49.9219 17.5779 12
      vertex 49.8211 17.7361 12
    endloop
  endfacet
  facet normal 0 0 1
    outer loop
      vertex 31.75 -51.9615 12
      vertex 53.2449 -37.2825 12
      vertex 58.2567 -0.152522 12
    endloop
  endfacet
  facet normal 0 0 1
    outer loop
      vertex 31.75 -51.9615 12
      vertex 49.8211 17.7361 12
      vertex 49.7345 17.9025 12
    endloop
  endfacet
  facet normal 0 0 1
    outer loop
      vertex 31.75 -51.9615 12
      vertex 49.7345 17.9025 12
      vertex 49.6628 18.0758 12
    endloop
  endfacet
  facet normal 0 0 1
    outer loop
      vertex 31.75 -51.9615 12
      vertex 49.6628 18.0758 12
      vertex 49.6064 18.2546 12
    endloop
  endfacet
  facet normal -0 0 1
    outer loop
      vertex 31.0038 50.528 12
      vertex 41.7812 49.7929 12
      vertex 31.1249 50.6209 12
    endloop
  endfacet
  facet normal -0 0 1
    outer loop
      vertex 31.1249 50.6209 12
      vertex 41.7812 49.7929 12
      vertex 31.2374 50.7241 12
    endloop
  endfacet
  facet normal -0 0 1
    outer loop
      vertex 31.2374 50.7241 12
      vertex 41.7812 49.7929 12
      vertex 31.3406 50.8366 12
    endloop
  endfacet
  facet normal -0 0 1
    outer loop
      vertex 31.3406 50.8366 12
      vertex 41.7812 49.7929 12
      vertex 31.4335 50.9578 12
    endloop
  endfacet
  facet normal -0 0 1
    outer loop
      vertex 30.875 50.446 12
      vertex 41.7812 49.7929 12
      vertex 31.0038 50.528 12
    endloop
  endfacet
  facet normal 0 0 1
    outer loop
      vertex 31.7234 51.6576 12
      vertex 37.2825 53.2449 12
      vertex 31.7433 51.809 12
    endloop
  endfacet
  facet normal 0 0 1
    outer loop
      vertex 53.2449 -37.2825 12
      vertex 31.75 -51.9615 12
      vertex 49.7929 -41.7812 12
    endloop
  endfacet
  facet normal 0 0 1
    outer loop
      vertex 31.7433 51.809 12
      vertex 37.2825 53.2449 12
      vertex 31.75 51.9615 12
    endloop
  endfacet
  facet normal 0 0 1
    outer loop
      vertex 49.7929 -41.7812 12
      vertex 31.75 -51.9615 12
      vertex 45.9619 -45.9619 12
    endloop
  endfacet
  facet normal 0 0 1
    outer loop
      vertex 31.586 52.7011 12
      vertex 37.2825 53.2449 12
      vertex 32.5 56.2916 12
    endloop
  endfacet
  facet normal 0 0 1
    outer loop
      vertex 45.9619 -45.9619 12
      vertex 31.75 -51.9615 12
      vertex 41.7812 -49.7929 12
    endloop
  endfacet
  facet normal 0 0 1
    outer loop
      vertex 41.7812 -49.7929 12
      vertex 31.75 -51.9615 12
      vertex 37.2825 -53.2449 12
    endloop
  endfacet
  facet normal 0 0 1
    outer loop
      vertex 37.2825 53.2449 12
      vertex 31.7433 52.114 12
      vertex 31.75 51.9615 12
    endloop
  endfacet
  facet normal 0 0 1
    outer loop
      vertex 37.2825 53.2449 12
      vertex 31.7234 52.2654 12
      vertex 31.7433 52.114 12
    endloop
  endfacet
  facet normal 0 0 1
    outer loop
      vertex 37.2825 53.2449 12
      vertex 31.6904 52.4145 12
      vertex 31.7234 52.2654 12
    endloop
  endfacet
  facet normal 0 0 1
    outer loop
      vertex 37.2825 53.2449 12
      vertex 31.6445 52.5601 12
      vertex 31.6904 52.4145 12
    endloop
  endfacet
  facet normal 0 0 1
    outer loop
      vertex 37.2825 53.2449 12
      vertex 31.586 52.7011 12
      vertex 31.6445 52.5601 12
    endloop
  endfacet
  facet normal 0 0 1
    outer loop
      vertex 32.5 56.2916 12
      vertex 31.5155 52.8365 12
      vertex 31.586 52.7011 12
    endloop
  endfacet
  facet normal 0 0 1
    outer loop
      vertex 32.5 56.2916 12
      vertex 31.4335 52.9653 12
      vertex 31.5155 52.8365 12
    endloop
  endfacet
  facet normal 0 0 1
    outer loop
      vertex 32.5 56.2916 12
      vertex 31.3406 53.0864 12
      vertex 31.4335 52.9653 12
    endloop
  endfacet
  facet normal 0 0 1
    outer loop
      vertex 32.5 56.2916 12
      vertex 31.2374 53.199 12
      vertex 31.3406 53.0864 12
    endloop
  endfacet
  facet normal 0 0 1
    outer loop
      vertex 32.5 56.2916 12
      vertex 31.1249 53.3021 12
      vertex 31.2374 53.199 12
    endloop
  endfacet
  facet normal 0 0 1
    outer loop
      vertex 32.5 56.2916 12
      vertex 31.0038 53.395 12
      vertex 31.1249 53.3021 12
    endloop
  endfacet
  facet normal 0 0 1
    outer loop
      vertex 32.5 56.2916 12
      vertex 30.875 53.4771 12
      vertex 31.0038 53.395 12
    endloop
  endfacet
  facet normal 0 0 1
    outer loop
      vertex 32.5 56.2916 12
      vertex 30.7396 53.5476 12
      vertex 30.875 53.4771 12
    endloop
  endfacet
  facet normal 0 0 1
    outer loop
      vertex 32.5 56.2916 12
      vertex 30.5985 53.606 12
      vertex 30.7396 53.5476 12
    endloop
  endfacet
  facet normal 0 0 1
    outer loop
      vertex 32.5 56.2916 12
      vertex 30.4529 53.6519 12
      vertex 30.5985 53.606 12
    endloop
  endfacet
  facet normal 0 0 1
    outer loop
      vertex 32.5 56.2916 12
      vertex 30.3039 53.6849 12
      vertex 30.4529 53.6519 12
    endloop
  endfacet
  facet normal 0 0 1
    outer loop
      vertex 32.5 56.2916 12
      vertex 30.1525 53.7049 12
      vertex 30.3039 53.6849 12
    endloop
  endfacet
  facet normal 0 0 1
    outer loop
      vertex 32.5 56.2916 12
      vertex 30 53.7115 12
      vertex 30.1525 53.7049 12
    endloop
  endfacet
  facet normal 0 0 1
    outer loop
      vertex 32.5 56.2916 12
      vertex 29.8475 53.7049 12
      vertex 30 53.7115 12
    endloop
  endfacet
  facet normal 0 0 1
    outer loop
      vertex 27.4702 58.91 12
      vertex 29.8475 53.7049 12
      vertex 32.5 56.2916 12
    endloop
  endfacet
  facet normal 0 0 1
    outer loop
      vertex 29.8475 53.7049 12
      vertex 27.4702 58.91 12
      vertex 29.6961 53.6849 12
    endloop
  endfacet
  facet normal 0 0 1
    outer loop
      vertex 29.6961 53.6849 12
      vertex 27.4702 58.91 12
      vertex 29.5471 53.6519 12
    endloop
  endfacet
  facet normal 0 0 1
    outer loop
      vertex 29.5471 53.6519 12
      vertex 27.4702 58.91 12
      vertex 29.4015 53.606 12
    endloop
  endfacet
  facet normal 0 0 1
    outer loop
      vertex 29.4015 53.606 12
      vertex 27.4702 58.91 12
      vertex 29.2604 53.5476 12
    endloop
  endfacet
  facet normal 0 0 1
    outer loop
      vertex 29.2604 53.5476 12
      vertex 27.4702 58.91 12
      vertex 29.125 53.4771 12
    endloop
  endfacet
  facet normal 0 0 1
    outer loop
      vertex 29.125 53.4771 12
      vertex 27.4702 58.91 12
      vertex 28.9962 53.395 12
    endloop
  endfacet
  facet normal 0 0 1
    outer loop
      vertex 28.25 51.9615 12
      vertex 22.2313 61.08 12
      vertex 28.2567 51.809 12
    endloop
  endfacet
  facet normal 0 0 1
    outer loop
      vertex 28.2766 52.2654 12
      vertex 22.2313 61.08 12
      vertex 28.2567 52.114 12
    endloop
  endfacet
  facet normal 0 0 1
    outer loop
      vertex 28.3096 52.4145 12
      vertex 22.2313 61.08 12
      vertex 28.2766 52.2654 12
    endloop
  endfacet
  facet normal 0 0 1
    outer loop
      vertex 28.3555 52.5601 12
      vertex 22.2313 61.08 12
      vertex 28.3096 52.4145 12
    endloop
  endfacet
  facet normal 0 0 1
    outer loop
      vertex 28.414 52.7011 12
      vertex 22.2313 61.08 12
      vertex 28.3555 52.5601 12
    endloop
  endfacet
  facet normal 0 0 1
    outer loop
      vertex 22.2313 61.08 12
      vertex 28.414 52.7011 12
      vertex 27.4702 58.91 12
    endloop
  endfacet
  facet normal 0 0 1
    outer loop
      vertex 28.4845 52.8365 12
      vertex 27.4702 58.91 12
      vertex 28.414 52.7011 12
    endloop
  endfacet
  facet normal 0 0 1
    outer loop
      vertex 28.5665 52.9653 12
      vertex 27.4702 58.91 12
      vertex 28.4845 52.8365 12
    endloop
  endfacet
  facet normal 0 0 1
    outer loop
      vertex 28.6594 53.0864 12
      vertex 27.4702 58.91 12
      vertex 28.5665 52.9653 12
    endloop
  endfacet
  facet normal 0 0 1
    outer loop
      vertex 28.7626 53.199 12
      vertex 27.4702 58.91 12
      vertex 28.6594 53.0864 12
    endloop
  endfacet
  facet normal 0 0 1
    outer loop
      vertex 28.8751 53.3021 12
      vertex 27.4702 58.91 12
      vertex 28.7626 53.199 12
    endloop
  endfacet
  facet normal 0 0 1
    outer loop
      vertex 28.9962 53.395 12
      vertex 27.4702 58.91 12
      vertex 28.8751 53.3021 12
    endloop
  endfacet
  facet normal -0 0 1
    outer loop
      vertex 61.4335 1.00376 12
      vertex 65 0 12
      vertex 64.7527 5.66512 12
    endloop
  endfacet
  facet normal 0 0 1
    outer loop
      vertex 59.8475 1.74334 12
      vertex 64.7527 5.66512 12
      vertex 64.0125 11.2871 12
    endloop
  endfacet
  facet normal 0 0 1
    outer loop
      vertex 65 0 12
      vertex 61.7234 0.303884 12
      vertex 61.7433 0.152522 12
    endloop
  endfacet
  facet normal 0 0 1
    outer loop
      vertex 61.08 22.2313 12
      vertex 53.8249 18.6237 12
      vertex 62.7852 16.8232 12
    endloop
  endfacet
  facet normal 0 0 1
    outer loop
      vertex 61.7433 -0.152522 12
      vertex 65 0 12
      vertex 61.75 0 12
    endloop
  endfacet
  facet normal 0 0 1
    outer loop
      vertex 61.6904 -0.452933 12
      vertex 65 0 12
      vertex 61.7234 -0.303884 12
    endloop
  endfacet
  facet normal 0 0 1
    outer loop
      vertex 61.7234 -0.303884 12
      vertex 65 0 12
      vertex 61.7433 -0.152522 12
    endloop
  endfacet
  facet normal 0 0 1
    outer loop
      vertex 65 0 12
      vertex 61.7433 0.152522 12
      vertex 61.75 0 12
    endloop
  endfacet
  facet normal 0 0 1
    outer loop
      vertex 65 0 12
      vertex 61.6904 0.452933 12
      vertex 61.7234 0.303884 12
    endloop
  endfacet
  facet normal 0 0 1
    outer loop
      vertex 65 0 12
      vertex 61.6445 0.598535 12
      vertex 61.6904 0.452933 12
    endloop
  endfacet
  facet normal 0 0 1
    outer loop
      vertex 65 0 12
      vertex 61.586 0.739581 12
      vertex 61.6445 0.598535 12
    endloop
  endfacet
  facet normal 0 0 1
    outer loop
      vertex 65 0 12
      vertex 61.5155 0.875 12
      vertex 61.586 0.739581 12
    endloop
  endfacet
  facet normal 0 0 1
    outer loop
      vertex 65 0 12
      vertex 61.4335 1.00376 12
      vertex 61.5155 0.875 12
    endloop
  endfacet
  facet normal 0 0 1
    outer loop
      vertex 64.7527 5.66512 12
      vertex 61.3406 1.12488 12
      vertex 61.4335 1.00376 12
    endloop
  endfacet
  facet normal 0 0 1
    outer loop
      vertex 64.7527 5.66512 12
      vertex 61.2374 1.23744 12
      vertex 61.3406 1.12488 12
    endloop
  endfacet
  facet normal 0 0 1
    outer loop
      vertex 64.7527 5.66512 12
      vertex 61.1249 1.34058 12
      vertex 61.2374 1.23744 12
    endloop
  endfacet
  facet normal 0 0 1
    outer loop
      vertex 53.8249 18.6237 12
      vertex 61.08 22.2313 12
      vertex 53.8331 18.8111 12
    endloop
  endfacet
  facet normal 0 0 1
    outer loop
      vertex 64.7527 5.66512 12
      vertex 61.0038 1.43352 12
      vertex 61.1249 1.34058 12
    endloop
  endfacet
  facet normal 0 0 1
    outer loop
      vertex 64.7527 5.66512 12
      vertex 60.875 1.51554 12
      vertex 61.0038 1.43352 12
    endloop
  endfacet
  facet normal 0 0 1
    outer loop
      vertex 64.7527 5.66512 12
      vertex 60.7396 1.58604 12
      vertex 60.875 1.51554 12
    endloop
  endfacet
  facet normal 0 0 1
    outer loop
      vertex 64.7527 5.66512 12
      vertex 60.5985 1.64446 12
      vertex 60.7396 1.58604 12
    endloop
  endfacet
  facet normal 0 0 1
    outer loop
      vertex 64.7527 5.66512 12
      vertex 60.4529 1.69037 12
      vertex 60.5985 1.64446 12
    endloop
  endfacet
  facet normal 0 0 1
    outer loop
      vertex 64.7527 5.66512 12
      vertex 60.3039 1.72341 12
      vertex 60.4529 1.69037 12
    endloop
  endfacet
  facet normal 0 0 1
    outer loop
      vertex 64.7527 5.66512 12
      vertex 60.1525 1.74334 12
      vertex 60.3039 1.72341 12
    endloop
  endfacet
  facet normal -0 0 1
    outer loop
      vertex 53.8004 18.4378 12
      vertex 62.7852 16.8232 12
      vertex 53.8249 18.6237 12
    endloop
  endfacet
  facet normal 0 0 1
    outer loop
      vertex 64.7527 5.66512 12
      vertex 60 1.75 12
      vertex 60.1525 1.74334 12
    endloop
  endfacet
  facet normal 0 0 1
    outer loop
      vertex 64.7527 5.66512 12
      vertex 59.8475 1.74334 12
      vertex 60 1.75 12
    endloop
  endfacet
  facet normal 0 0 1
    outer loop
      vertex 64.0125 11.2871 12
      vertex 59.6961 1.72341 12
      vertex 59.8475 1.74334 12
    endloop
  endfacet
  facet normal 0 0 1
    outer loop
      vertex 64.0125 11.2871 12
      vertex 59.5471 1.69037 12
      vertex 59.6961 1.72341 12
    endloop
  endfacet
  facet normal 0 0 1
    outer loop
      vertex 64.0125 11.2871 12
      vertex 59.4015 1.64446 12
      vertex 59.5471 1.69037 12
    endloop
  endfacet
  facet normal 0 0 1
    outer loop
      vertex 64.0125 11.2871 12
      vertex 59.2604 1.58604 12
      vertex 59.4015 1.64446 12
    endloop
  endfacet
  facet normal -0 0 1
    outer loop
      vertex 53.7598 18.2546 12
      vertex 62.7852 16.8232 12
      vertex 53.8004 18.4378 12
    endloop
  endfacet
  facet normal 0 0 1
    outer loop
      vertex 53.2034 20.3314 12
      vertex 61.08 22.2313 12
      vertex 58.91 27.4702 12
    endloop
  endfacet
  facet normal -0 0 1
    outer loop
      vertex 53.7034 18.0758 12
      vertex 62.7852 16.8232 12
      vertex 53.7598 18.2546 12
    endloop
  endfacet
  facet normal -0 0 1
    outer loop
      vertex 53.6317 17.9025 12
      vertex 62.7852 16.8232 12
      vertex 53.7034 18.0758 12
    endloop
  endfacet
  facet normal -0 0 1
    outer loop
      vertex 53.545 17.7361 12
      vertex 62.7852 16.8232 12
      vertex 53.6317 17.9025 12
    endloop
  endfacet
  facet normal -0 0 1
    outer loop
      vertex 53.4443 17.5779 12
      vertex 62.7852 16.8232 12
      vertex 53.545 17.7361 12
    endloop
  endfacet
  facet normal -0 0 1
    outer loop
      vertex 53.3301 17.4291 12
      vertex 62.7852 16.8232 12
      vertex 53.4443 17.5779 12
    endloop
  endfacet
  facet normal -0 0 1
    outer loop
      vertex 53.2034 17.2908 12
      vertex 62.7852 16.8232 12
      vertex 53.3301 17.4291 12
    endloop
  endfacet
  facet normal 0 0 1
    outer loop
      vertex 62.7852 16.8232 12
      vertex 53.2034 17.2908 12
      vertex 64.0125 11.2871 12
    endloop
  endfacet
  facet normal -0 0 1
    outer loop
      vertex 53.0651 17.1641 12
      vertex 64.0125 11.2871 12
      vertex 53.2034 17.2908 12
    endloop
  endfacet
  facet normal -0 0 1
    outer loop
      vertex 52.9163 17.0499 12
      vertex 64.0125 11.2871 12
      vertex 53.0651 17.1641 12
    endloop
  endfacet
  facet normal -0 0 1
    outer loop
      vertex 52.7581 16.9492 12
      vertex 64.0125 11.2871 12
      vertex 52.9163 17.0499 12
    endloop
  endfacet
  facet normal -0 0 1
    outer loop
      vertex 52.5917 16.8625 12
      vertex 64.0125 11.2871 12
      vertex 52.7581 16.9492 12
    endloop
  endfacet
  facet normal 0 0 1
    outer loop
      vertex 51.8705 20.9529 12
      vertex 58.91 27.4702 12
      vertex 56.2916 32.5 12
    endloop
  endfacet
  facet normal 0 0 1
    outer loop
      vertex 61.6445 -0.598535 12
      vertex 65 0 12
      vertex 61.6904 -0.452933 12
    endloop
  endfacet
  facet normal 0 0 1
    outer loop
      vertex 61.586 -0.739581 12
      vertex 65 0 12
      vertex 61.6445 -0.598535 12
    endloop
  endfacet
  facet normal 0 0 1
    outer loop
      vertex 61.5155 -0.875 12
      vertex 65 0 12
      vertex 61.586 -0.739581 12
    endloop
  endfacet
  facet normal 0 0 1
    outer loop
      vertex 61.4335 -1.00376 12
      vertex 65 0 12
      vertex 61.5155 -0.875 12
    endloop
  endfacet
  facet normal 0 0 1
    outer loop
      vertex 65 0 12
      vertex 61.4335 -1.00376 12
      vertex 64.7527 -5.66512 12
    endloop
  endfacet
  facet normal -0 0 1
    outer loop
      vertex 61.3406 -1.12488 12
      vertex 64.7527 -5.66512 12
      vertex 61.4335 -1.00376 12
    endloop
  endfacet
  facet normal -0 0 1
    outer loop
      vertex 61.2374 -1.23744 12
      vertex 64.7527 -5.66512 12
      vertex 61.3406 -1.12488 12
    endloop
  endfacet
  facet normal -0 0 1
    outer loop
      vertex 61.1249 -1.34058 12
      vertex 64.7527 -5.66512 12
      vertex 61.2374 -1.23744 12
    endloop
  endfacet
  facet normal -0 0 1
    outer loop
      vertex 61.0038 -1.43352 12
      vertex 64.7527 -5.66512 12
      vertex 61.1249 -1.34058 12
    endloop
  endfacet
  facet normal -0 0 1
    outer loop
      vertex 60.875 -1.51554 12
      vertex 64.7527 -5.66512 12
      vertex 61.0038 -1.43352 12
    endloop
  endfacet
  facet normal -0 0 1
    outer loop
      vertex 60.7396 -1.58604 12
      vertex 64.7527 -5.66512 12
      vertex 60.875 -1.51554 12
    endloop
  endfacet
  facet normal -0 0 1
    outer loop
      vertex 60.5985 -1.64446 12
      vertex 64.7527 -5.66512 12
      vertex 60.7396 -1.58604 12
    endloop
  endfacet
  facet normal -0 0 1
    outer loop
      vertex 60.4529 -1.69037 12
      vertex 64.7527 -5.66512 12
      vertex 60.5985 -1.64446 12
    endloop
  endfacet
  facet normal -0 0 1
    outer loop
      vertex 60.3039 -1.72341 12
      vertex 64.7527 -5.66512 12
      vertex 60.4529 -1.69037 12
    endloop
  endfacet
  facet normal -0 0 1
    outer loop
      vertex 60.1525 -1.74334 12
      vertex 64.7527 -5.66512 12
      vertex 60.3039 -1.72341 12
    endloop
  endfacet
  facet normal -0 0 1
    outer loop
      vertex 60 -1.75 12
      vertex 64.7527 -5.66512 12
      vertex 60.1525 -1.74334 12
    endloop
  endfacet
  facet normal 0 0 1
    outer loop
      vertex 59.8475 -1.74334 12
      vertex 64.7527 -5.66512 12
      vertex 60 -1.75 12
    endloop
  endfacet
  facet normal 0 0 1
    outer loop
      vertex 64.7527 -5.66512 12
      vertex 59.8475 -1.74334 12
      vertex 64.0125 -11.2871 12
    endloop
  endfacet
  facet normal 0 0 1
    outer loop
      vertex 59.6961 -1.72341 12
      vertex 64.0125 -11.2871 12
      vertex 59.8475 -1.74334 12
    endloop
  endfacet
  facet normal 0 0 1
    outer loop
      vertex 59.5471 -1.69037 12
      vertex 64.0125 -11.2871 12
      vertex 59.6961 -1.72341 12
    endloop
  endfacet
  facet normal 0 0 1
    outer loop
      vertex 59.4015 -1.64446 12
      vertex 64.0125 -11.2871 12
      vertex 59.5471 -1.69037 12
    endloop
  endfacet
  facet normal 0 0 1
    outer loop
      vertex 59.2604 -1.58604 12
      vertex 64.0125 -11.2871 12
      vertex 59.4015 -1.64446 12
    endloop
  endfacet
  facet normal 0 0 1
    outer loop
      vertex 59.125 -1.51554 12
      vertex 64.0125 -11.2871 12
      vertex 59.2604 -1.58604 12
    endloop
  endfacet
  facet normal 0 0 1
    outer loop
      vertex 58.9962 -1.43352 12
      vertex 64.0125 -11.2871 12
      vertex 59.125 -1.51554 12
    endloop
  endfacet
  facet normal 0 0 1
    outer loop
      vertex 64.0125 -11.2871 12
      vertex 58.9962 -1.43352 12
      vertex 62.7852 -16.8232 12
    endloop
  endfacet
  facet normal 0 0 1
    outer loop
      vertex 58.8751 -1.34058 12
      vertex 62.7852 -16.8232 12
      vertex 58.9962 -1.43352 12
    endloop
  endfacet
  facet normal 0 0 1
    outer loop
      vertex 58.7626 -1.23744 12
      vertex 62.7852 -16.8232 12
      vertex 58.8751 -1.34058 12
    endloop
  endfacet
  facet normal 0 0 1
    outer loop
      vertex 58.6594 -1.12488 12
      vertex 62.7852 -16.8232 12
      vertex 58.7626 -1.23744 12
    endloop
  endfacet
  facet normal 0 0 1
    outer loop
      vertex 62.7852 -16.8232 12
      vertex 58.6594 -1.12488 12
      vertex 61.08 -22.2313 12
    endloop
  endfacet
  facet normal 0 0 1
    outer loop
      vertex 58.5665 -1.00376 12
      vertex 61.08 -22.2313 12
      vertex 58.6594 -1.12488 12
    endloop
  endfacet
  facet normal 0 0 1
    outer loop
      vertex 58.4845 -0.875 12
      vertex 61.08 -22.2313 12
      vertex 58.5665 -1.00376 12
    endloop
  endfacet
  facet normal 0 0 1
    outer loop
      vertex 61.08 -22.2313 12
      vertex 58.4845 -0.875 12
      vertex 58.91 -27.4702 12
    endloop
  endfacet
  facet normal 0 0 1
    outer loop
      vertex 58.414 -0.739581 12
      vertex 58.91 -27.4702 12
      vertex 58.4845 -0.875 12
    endloop
  endfacet
  facet normal 0 0 1
    outer loop
      vertex 56.2916 -32.5 12
      vertex 58.414 -0.739581 12
      vertex 58.3555 -0.598535 12
    endloop
  endfacet
  facet normal 0 0 1
    outer loop
      vertex 56.2916 -32.5 12
      vertex 58.3555 -0.598535 12
      vertex 58.3096 -0.452933 12
    endloop
  endfacet
  facet normal 0 0 1
    outer loop
      vertex 56.2916 -32.5 12
      vertex 58.3096 -0.452933 12
      vertex 58.2766 -0.303884 12
    endloop
  endfacet
  facet normal 0 0 1
    outer loop
      vertex 56.2916 -32.5 12
      vertex 58.2766 -0.303884 12
      vertex 58.2567 -0.152522 12
    endloop
  endfacet
  facet normal -0 0 1
    outer loop
      vertex 52.4184 16.7908 12
      vertex 59.2604 1.58604 12
      vertex 52.5917 16.8625 12
    endloop
  endfacet
  facet normal 0 0 1
    outer loop
      vertex 64.0125 11.2871 12
      vertex 52.5917 16.8625 12
      vertex 59.2604 1.58604 12
    endloop
  endfacet
  facet normal 0 0 1
    outer loop
      vertex 59.2604 1.58604 12
      vertex 52.4184 16.7908 12
      vertex 59.125 1.51554 12
    endloop
  endfacet
  facet normal 0 0 1
    outer loop
      vertex 58.414 -0.739581 12
      vertex 56.2916 -32.5 12
      vertex 58.91 -27.4702 12
    endloop
  endfacet
  facet normal 0 0 1
    outer loop
      vertex 61.08 22.2313 12
      vertex 53.8249 18.9985 12
      vertex 53.8331 18.8111 12
    endloop
  endfacet
  facet normal 0 0 1
    outer loop
      vertex 61.08 22.2313 12
      vertex 53.8004 19.1845 12
      vertex 53.8249 18.9985 12
    endloop
  endfacet
  facet normal 0 0 1
    outer loop
      vertex 61.08 22.2313 12
      vertex 53.7598 19.3676 12
      vertex 53.8004 19.1845 12
    endloop
  endfacet
  facet normal 0 0 1
    outer loop
      vertex 61.08 22.2313 12
      vertex 53.7034 19.5465 12
      vertex 53.7598 19.3676 12
    endloop
  endfacet
  facet normal 0 0 1
    outer loop
      vertex 61.08 22.2313 12
      vertex 53.6317 19.7197 12
      vertex 53.7034 19.5465 12
    endloop
  endfacet
  facet normal 0 0 1
    outer loop
      vertex 61.08 22.2313 12
      vertex 53.545 19.8861 12
      vertex 53.6317 19.7197 12
    endloop
  endfacet
  facet normal 0 0 1
    outer loop
      vertex 61.08 22.2313 12
      vertex 53.4443 20.0443 12
      vertex 53.545 19.8861 12
    endloop
  endfacet
  facet normal 0 0 1
    outer loop
      vertex 61.08 22.2313 12
      vertex 53.3301 20.1931 12
      vertex 53.4443 20.0443 12
    endloop
  endfacet
  facet normal 0 0 1
    outer loop
      vertex 50.7745 20.7597 12
      vertex 56.2916 32.5 12
      vertex 53.2449 37.2825 12
    endloop
  endfacet
  facet normal 0 0 1
    outer loop
      vertex 61.08 22.2313 12
      vertex 53.2034 20.3314 12
      vertex 53.3301 20.1931 12
    endloop
  endfacet
  facet normal 0 0 1
    outer loop
      vertex 58.91 27.4702 12
      vertex 53.0651 20.4581 12
      vertex 53.2034 20.3314 12
    endloop
  endfacet
  facet normal 0 0 1
    outer loop
      vertex 58.91 27.4702 12
      vertex 52.9163 20.5723 12
      vertex 53.0651 20.4581 12
    endloop
  endfacet
  facet normal 0 0 1
    outer loop
      vertex 58.91 27.4702 12
      vertex 52.7581 20.6731 12
      vertex 52.9163 20.5723 12
    endloop
  endfacet
  facet normal 0 0 1
    outer loop
      vertex 58.91 27.4702 12
      vertex 52.5917 20.7597 12
      vertex 52.7581 20.6731 12
    endloop
  endfacet
  facet normal 0 0 1
    outer loop
      vertex 58.91 27.4702 12
      vertex 52.4184 20.8314 12
      vertex 52.5917 20.7597 12
    endloop
  endfacet
  facet normal 0 0 1
    outer loop
      vertex 58.91 27.4702 12
      vertex 52.2396 20.8878 12
      vertex 52.4184 20.8314 12
    endloop
  endfacet
  facet normal 0 0 1
    outer loop
      vertex 58.91 27.4702 12
      vertex 52.0564 20.9284 12
      vertex 52.2396 20.8878 12
    endloop
  endfacet
  facet normal 0 0 1
    outer loop
      vertex 58.91 27.4702 12
      vertex 51.8705 20.9529 12
      vertex 52.0564 20.9284 12
    endloop
  endfacet
  facet normal 0 0 1
    outer loop
      vertex 56.2916 32.5 12
      vertex 51.6831 20.9611 12
      vertex 51.8705 20.9529 12
    endloop
  endfacet
  facet normal 0 0 1
    outer loop
      vertex 56.2916 32.5 12
      vertex 51.4957 20.9529 12
      vertex 51.6831 20.9611 12
    endloop
  endfacet
  facet normal 0 0 1
    outer loop
      vertex 56.2916 32.5 12
      vertex 51.3097 20.9284 12
      vertex 51.4957 20.9529 12
    endloop
  endfacet
  facet normal 0 0 1
    outer loop
      vertex 56.2916 32.5 12
      vertex 51.1266 20.8878 12
      vertex 51.3097 20.9284 12
    endloop
  endfacet
  facet normal 0 0 1
    outer loop
      vertex 56.2916 32.5 12
      vertex 50.9478 20.8314 12
      vertex 51.1266 20.8878 12
    endloop
  endfacet
  facet normal 0 0 1
    outer loop
      vertex 56.2916 32.5 12
      vertex 50.7745 20.7597 12
      vertex 50.9478 20.8314 12
    endloop
  endfacet
  facet normal 0 0 1
    outer loop
      vertex 53.2449 37.2825 12
      vertex 50.6081 20.6731 12
      vertex 50.7745 20.7597 12
    endloop
  endfacet
  facet normal 0 0 1
    outer loop
      vertex 53.2449 37.2825 12
      vertex 50.4499 20.5723 12
      vertex 50.6081 20.6731 12
    endloop
  endfacet
  facet normal 0 0 1
    outer loop
      vertex 53.2449 37.2825 12
      vertex 50.3011 20.4581 12
      vertex 50.4499 20.5723 12
    endloop
  endfacet
  facet normal 0 0 1
    outer loop
      vertex 53.2449 37.2825 12
      vertex 50.1628 20.3314 12
      vertex 50.3011 20.4581 12
    endloop
  endfacet
  facet normal 0 0 1
    outer loop
      vertex 49.7929 41.7812 12
      vertex 50.1628 20.3314 12
      vertex 53.2449 37.2825 12
    endloop
  endfacet
  facet normal 0 0 1
    outer loop
      vertex 50.1628 20.3314 12
      vertex 49.7929 41.7812 12
      vertex 50.0361 20.1931 12
    endloop
  endfacet
  facet normal 0 0 1
    outer loop
      vertex 50.0361 20.1931 12
      vertex 49.7929 41.7812 12
      vertex 49.9219 20.0443 12
    endloop
  endfacet
  facet normal 0 0 1
    outer loop
      vertex 45.9619 45.9619 12
      vertex 49.9219 20.0443 12
      vertex 49.7929 41.7812 12
    endloop
  endfacet
  facet normal 0 0 1
    outer loop
      vertex 49.9219 20.0443 12
      vertex 45.9619 45.9619 12
      vertex 49.8211 19.8861 12
    endloop
  endfacet
  facet normal 0 0 1
    outer loop
      vertex 31.6904 51.5086 12
      vertex 37.2825 53.2449 12
      vertex 31.7234 51.6576 12
    endloop
  endfacet
  facet normal 0 0 1
    outer loop
      vertex 31.6445 51.363 12
      vertex 37.2825 53.2449 12
      vertex 31.6904 51.5086 12
    endloop
  endfacet
  facet normal 0 0 1
    outer loop
      vertex 31.586 51.2219 12
      vertex 37.2825 53.2449 12
      vertex 31.6445 51.363 12
    endloop
  endfacet
  facet normal 0 0 1
    outer loop
      vertex 31.5155 51.0865 12
      vertex 37.2825 53.2449 12
      vertex 31.586 51.2219 12
    endloop
  endfacet
  facet normal 0 0 1
    outer loop
      vertex 31.4335 50.9578 12
      vertex 37.2825 53.2449 12
      vertex 31.5155 51.0865 12
    endloop
  endfacet
  facet normal 0 0 1
    outer loop
      vertex 37.2825 53.2449 12
      vertex 31.4335 50.9578 12
      vertex 41.7812 49.7929 12
    endloop
  endfacet
  facet normal 0.843399 0.537289 0
    outer loop
      vertex 56.2916 32.5 12
      vertex 53.2449 37.2825 0
      vertex 53.2449 37.2825 12
    endloop
  endfacet
  facet normal 0.843399 0.537289 0
    outer loop
      vertex 53.2449 37.2825 0
      vertex 56.2916 32.5 12
      vertex 56.2916 32.5 0
    endloop
  endfacet
  facet normal 0.461756 0.887007 -0
    outer loop
      vertex 32.5 56.2916 0
      vertex 27.4702 58.91 12
      vertex 32.5 56.2916 12
    endloop
  endfacet
  facet normal 0.461756 0.887007 0
    outer loop
      vertex 27.4702 58.91 12
      vertex 32.5 56.2916 0
      vertex 27.4702 58.91 0
    endloop
  endfacet
  facet normal 0.537289 0.843399 -0
    outer loop
      vertex 37.2825 53.2449 0
      vertex 32.5 56.2916 12
      vertex 37.2825 53.2449 12
    endloop
  endfacet
  facet normal 0.537289 0.843399 0
    outer loop
      vertex 32.5 56.2916 12
      vertex 37.2825 53.2449 0
      vertex 32.5 56.2916 0
    endloop
  endfacet
  facet normal -0.608764 0.793351 0
    outer loop
      vertex -37.2825 53.2449 0
      vertex -41.7812 49.7929 12
      vertex -37.2825 53.2449 12
    endloop
  endfacet
  facet normal -0.608764 0.793351 0
    outer loop
      vertex -41.7812 49.7929 12
      vertex -37.2825 53.2449 0
      vertex -41.7812 49.7929 0
    endloop
  endfacet
  facet normal 0.216436 0.976297 -0
    outer loop
      vertex 16.8232 62.7852 0
      vertex 11.2871 64.0125 12
      vertex 16.8232 62.7852 12
    endloop
  endfacet
  facet normal 0.216436 0.976297 0
    outer loop
      vertex 11.2871 64.0125 12
      vertex 16.8232 62.7852 0
      vertex 11.2871 64.0125 0
    endloop
  endfacet
  facet normal 0.737269 -0.675599 0
    outer loop
      vertex 45.9619 -45.9619 12
      vertex 49.7929 -41.7812 0
      vertex 49.7929 -41.7812 12
    endloop
  endfacet
  facet normal 0.737269 -0.675599 0
    outer loop
      vertex 49.7929 -41.7812 0
      vertex 45.9619 -45.9619 12
      vertex 45.9619 -45.9619 0
    endloop
  endfacet
  facet normal -0.0436116 -0.999049 0
    outer loop
      vertex -5.66512 -64.7527 0
      vertex 0 -65 12
      vertex -5.66512 -64.7527 12
    endloop
  endfacet
  facet normal -0.0436116 -0.999049 -0
    outer loop
      vertex 0 -65 12
      vertex -5.66512 -64.7527 0
      vertex 0 -65 0
    endloop
  endfacet
  facet normal -0.923881 -0.38268 0
    outer loop
      vertex -58.91 -27.4702 0
      vertex -61.08 -22.2313 12
      vertex -61.08 -22.2313 0
    endloop
  endfacet
  facet normal -0.923881 -0.38268 0
    outer loop
      vertex -61.08 -22.2313 12
      vertex -58.91 -27.4702 0
      vertex -58.91 -27.4702 12
    endloop
  endfacet
  facet normal -0.216436 -0.976297 0
    outer loop
      vertex -16.8232 -62.7852 0
      vertex -11.2871 -64.0125 12
      vertex -16.8232 -62.7852 12
    endloop
  endfacet
  facet normal -0.216436 -0.976297 -0
    outer loop
      vertex -11.2871 -64.0125 12
      vertex -16.8232 -62.7852 0
      vertex -11.2871 -64.0125 0
    endloop
  endfacet
  facet normal -0.300711 0.953715 0
    outer loop
      vertex -16.8232 62.7852 0
      vertex -22.2313 61.08 12
      vertex -16.8232 62.7852 12
    endloop
  endfacet
  facet normal -0.300711 0.953715 0
    outer loop
      vertex -22.2313 61.08 12
      vertex -16.8232 62.7852 0
      vertex -22.2313 61.08 0
    endloop
  endfacet
  facet normal -0.793351 0.608764 0
    outer loop
      vertex -53.2449 37.2825 0
      vertex -49.7929 41.7812 12
      vertex -49.7929 41.7812 0
    endloop
  endfacet
  facet normal -0.793351 0.608764 0
    outer loop
      vertex -49.7929 41.7812 12
      vertex -53.2449 37.2825 0
      vertex -53.2449 37.2825 12
    endloop
  endfacet
  facet normal 0.608764 -0.793351 0
    outer loop
      vertex 37.2825 -53.2449 0
      vertex 41.7812 -49.7929 12
      vertex 37.2825 -53.2449 12
    endloop
  endfacet
  facet normal 0.608764 -0.793351 0
    outer loop
      vertex 41.7812 -49.7929 12
      vertex 37.2825 -53.2449 0
      vertex 41.7812 -49.7929 0
    endloop
  endfacet
  facet normal -0.675599 -0.737269 0
    outer loop
      vertex -45.9619 -45.9619 0
      vertex -41.7812 -49.7929 12
      vertex -45.9619 -45.9619 12
    endloop
  endfacet
  facet normal -0.675599 -0.737269 -0
    outer loop
      vertex -41.7812 -49.7929 12
      vertex -45.9619 -45.9619 0
      vertex -41.7812 -49.7929 0
    endloop
  endfacet
  facet normal -0.991444 -0.130535 0
    outer loop
      vertex -64.0125 -11.2871 0
      vertex -64.7527 -5.66512 12
      vertex -64.7527 -5.66512 0
    endloop
  endfacet
  facet normal -0.991444 -0.130535 0
    outer loop
      vertex -64.7527 -5.66512 12
      vertex -64.0125 -11.2871 0
      vertex -64.0125 -11.2871 12
    endloop
  endfacet
  facet normal 0.300711 -0.953715 0
    outer loop
      vertex 16.8232 -62.7852 0
      vertex 22.2313 -61.08 12
      vertex 16.8232 -62.7852 12
    endloop
  endfacet
  facet normal 0.300711 -0.953715 0
    outer loop
      vertex 22.2313 -61.08 12
      vertex 16.8232 -62.7852 0
      vertex 22.2313 -61.08 0
    endloop
  endfacet
  facet normal -0.976297 0.216436 0
    outer loop
      vertex -64.0125 11.2871 0
      vertex -62.7852 16.8232 12
      vertex -62.7852 16.8232 0
    endloop
  endfacet
  facet normal -0.976297 0.216436 0
    outer loop
      vertex -62.7852 16.8232 12
      vertex -64.0125 11.2871 0
      vertex -64.0125 11.2871 12
    endloop
  endfacet
  facet normal 0.0436116 0.999049 -0
    outer loop
      vertex 5.66512 64.7527 0
      vertex 0 65 12
      vertex 5.66512 64.7527 12
    endloop
  endfacet
  facet normal 0.0436116 0.999049 0
    outer loop
      vertex 0 65 12
      vertex 5.66512 64.7527 0
      vertex 0 65 0
    endloop
  endfacet
  facet normal 0.300711 0.953715 -0
    outer loop
      vertex 22.2313 61.08 0
      vertex 16.8232 62.7852 12
      vertex 22.2313 61.08 12
    endloop
  endfacet
  facet normal 0.300711 0.953715 0
    outer loop
      vertex 16.8232 62.7852 12
      vertex 22.2313 61.08 0
      vertex 16.8232 62.7852 0
    endloop
  endfacet
  facet normal 0.38268 -0.923881 0
    outer loop
      vertex 22.2313 -61.08 0
      vertex 27.4702 -58.91 12
      vertex 22.2313 -61.08 12
    endloop
  endfacet
  facet normal 0.38268 -0.923881 0
    outer loop
      vertex 27.4702 -58.91 12
      vertex 22.2313 -61.08 0
      vertex 27.4702 -58.91 0
    endloop
  endfacet
  facet normal -0.38268 -0.923881 0
    outer loop
      vertex -27.4702 -58.91 0
      vertex -22.2313 -61.08 12
      vertex -27.4702 -58.91 12
    endloop
  endfacet
  facet normal -0.38268 -0.923881 -0
    outer loop
      vertex -22.2313 -61.08 12
      vertex -27.4702 -58.91 0
      vertex -22.2313 -61.08 0
    endloop
  endfacet
  facet normal -0.843399 0.537289 0
    outer loop
      vertex -56.2916 32.5 0
      vertex -53.2449 37.2825 12
      vertex -53.2449 37.2825 0
    endloop
  endfacet
  facet normal -0.843399 0.537289 0
    outer loop
      vertex -53.2449 37.2825 12
      vertex -56.2916 32.5 0
      vertex -56.2916 32.5 12
    endloop
  endfacet
  facet normal -0.887007 0.461756 0
    outer loop
      vertex -58.91 27.4702 0
      vertex -56.2916 32.5 12
      vertex -56.2916 32.5 0
    endloop
  endfacet
  facet normal -0.887007 0.461756 0
    outer loop
      vertex -56.2916 32.5 12
      vertex -58.91 27.4702 0
      vertex -58.91 27.4702 12
    endloop
  endfacet
  facet normal -0.461756 0.887007 0
    outer loop
      vertex -27.4702 58.91 0
      vertex -32.5 56.2916 12
      vertex -27.4702 58.91 12
    endloop
  endfacet
  facet normal -0.461756 0.887007 0
    outer loop
      vertex -32.5 56.2916 12
      vertex -27.4702 58.91 0
      vertex -32.5 56.2916 0
    endloop
  endfacet
  facet normal -0.675599 0.737269 0
    outer loop
      vertex -41.7812 49.7929 0
      vertex -45.9619 45.9619 12
      vertex -41.7812 49.7929 12
    endloop
  endfacet
  facet normal -0.675599 0.737269 0
    outer loop
      vertex -45.9619 45.9619 12
      vertex -41.7812 49.7929 0
      vertex -45.9619 45.9619 0
    endloop
  endfacet
  facet normal -0.38268 0.923881 0
    outer loop
      vertex -22.2313 61.08 0
      vertex -27.4702 58.91 12
      vertex -22.2313 61.08 12
    endloop
  endfacet
  facet normal -0.38268 0.923881 0
    outer loop
      vertex -27.4702 58.91 12
      vertex -22.2313 61.08 0
      vertex -27.4702 58.91 0
    endloop
  endfacet
  facet normal -0.737269 -0.675599 0
    outer loop
      vertex -45.9619 -45.9619 0
      vertex -49.7929 -41.7812 12
      vertex -49.7929 -41.7812 0
    endloop
  endfacet
  facet normal -0.737269 -0.675599 0
    outer loop
      vertex -49.7929 -41.7812 12
      vertex -45.9619 -45.9619 0
      vertex -45.9619 -45.9619 12
    endloop
  endfacet
  facet normal -0.923881 0.38268 0
    outer loop
      vertex -61.08 22.2313 0
      vertex -58.91 27.4702 12
      vertex -58.91 27.4702 0
    endloop
  endfacet
  facet normal -0.923881 0.38268 0
    outer loop
      vertex -58.91 27.4702 12
      vertex -61.08 22.2313 0
      vertex -61.08 22.2313 12
    endloop
  endfacet
  facet normal 0.537289 -0.843399 0
    outer loop
      vertex 32.5 -56.2916 0
      vertex 37.2825 -53.2449 12
      vertex 32.5 -56.2916 12
    endloop
  endfacet
  facet normal 0.537289 -0.843399 0
    outer loop
      vertex 37.2825 -53.2449 12
      vertex 32.5 -56.2916 0
      vertex 37.2825 -53.2449 0
    endloop
  endfacet
  facet normal -0.461756 -0.887007 0
    outer loop
      vertex -32.5 -56.2916 0
      vertex -27.4702 -58.91 12
      vertex -32.5 -56.2916 12
    endloop
  endfacet
  facet normal -0.461756 -0.887007 -0
    outer loop
      vertex -27.4702 -58.91 12
      vertex -32.5 -56.2916 0
      vertex -27.4702 -58.91 0
    endloop
  endfacet
  facet normal 0 0 -1
    outer loop
      vertex -58.2766 0.303884 0
      vertex -10.925 0 0
      vertex -58.2567 0.152522 0
    endloop
  endfacet
  facet normal 0 0 -1
    outer loop
      vertex -58.3096 0.452933 0
      vertex -10.925 0 0
      vertex -58.2766 0.303884 0
    endloop
  endfacet
  facet normal 0 0 -1
    outer loop
      vertex -58.3555 0.598535 0
      vertex -10.925 0 0
      vertex -58.3096 0.452933 0
    endloop
  endfacet
  facet normal 0 0 -1
    outer loop
      vertex -58.414 0.739581 0
      vertex -10.925 0 0
      vertex -58.3555 0.598535 0
    endloop
  endfacet
  facet normal 0 0 -1
    outer loop
      vertex -58.4845 0.875 0
      vertex -10.925 0 0
      vertex -58.414 0.739581 0
    endloop
  endfacet
  facet normal 0 0 -1
    outer loop
      vertex -10.925 0 0
      vertex -58.4845 0.875 0
      vertex -58.91 27.4702 0
    endloop
  endfacet
  facet normal 0 0 -1
    outer loop
      vertex -61.08 22.2313 0
      vertex -58.4845 0.875 0
      vertex -58.5665 1.00376 0
    endloop
  endfacet
  facet normal 0 0 -1
    outer loop
      vertex -61.08 22.2313 0
      vertex -58.5665 1.00376 0
      vertex -58.6594 1.12488 0
    endloop
  endfacet
  facet normal 0 0 -1
    outer loop
      vertex -62.7852 16.8232 0
      vertex -58.6594 1.12488 0
      vertex -58.7626 1.23744 0
    endloop
  endfacet
  facet normal 0 0 -1
    outer loop
      vertex -62.7852 16.8232 0
      vertex -58.7626 1.23744 0
      vertex -58.8751 1.34058 0
    endloop
  endfacet
  facet normal 0 0 -1
    outer loop
      vertex -10.925 0 0
      vertex -58.91 27.4702 0
      vertex -56.2916 32.5 0
    endloop
  endfacet
  facet normal 0 0 -1
    outer loop
      vertex -62.7852 16.8232 0
      vertex -58.8751 1.34058 0
      vertex -58.9962 1.43352 0
    endloop
  endfacet
  facet normal 0 0 -1
    outer loop
      vertex -64.0125 11.2871 0
      vertex -58.9962 1.43352 0
      vertex -59.125 1.51554 0
    endloop
  endfacet
  facet normal 0 0 -1
    outer loop
      vertex -64.0125 11.2871 0
      vertex -59.125 1.51554 0
      vertex -59.2604 1.58604 0
    endloop
  endfacet
  facet normal 0 0 -1
    outer loop
      vertex -64.0125 11.2871 0
      vertex -59.2604 1.58604 0
      vertex -59.4015 1.64446 0
    endloop
  endfacet
  facet normal 0 0 -1
    outer loop
      vertex -64.0125 11.2871 0
      vertex -59.4015 1.64446 0
      vertex -59.5471 1.69037 0
    endloop
  endfacet
  facet normal 0 0 -1
    outer loop
      vertex -64.0125 11.2871 0
      vertex -59.5471 1.69037 0
      vertex -59.6961 1.72341 0
    endloop
  endfacet
  facet normal 0 0 -1
    outer loop
      vertex -64.0125 11.2871 0
      vertex -59.6961 1.72341 0
      vertex -59.8475 1.74334 0
    endloop
  endfacet
  facet normal 0 0 -1
    outer loop
      vertex -64.7527 5.66512 0
      vertex -59.8475 1.74334 0
      vertex -60 1.75 0
    endloop
  endfacet
  facet normal 0 0 -1
    outer loop
      vertex -64.7527 5.66512 0
      vertex -60 1.75 0
      vertex -60.1525 1.74334 0
    endloop
  endfacet
  facet normal 0 0 -1
    outer loop
      vertex -64.7527 5.66512 0
      vertex -60.1525 1.74334 0
      vertex -60.3039 1.72341 0
    endloop
  endfacet
  facet normal 0 0 -1
    outer loop
      vertex -64.7527 5.66512 0
      vertex -60.3039 1.72341 0
      vertex -60.4529 1.69037 0
    endloop
  endfacet
  facet normal 0 0 -1
    outer loop
      vertex -64.7527 5.66512 0
      vertex -60.4529 1.69037 0
      vertex -60.5985 1.64446 0
    endloop
  endfacet
  facet normal 0 0 -1
    outer loop
      vertex -64.7527 5.66512 0
      vertex -60.5985 1.64446 0
      vertex -60.7396 1.58604 0
    endloop
  endfacet
  facet normal 0 0 -1
    outer loop
      vertex -64.7527 5.66512 0
      vertex -60.7396 1.58604 0
      vertex -60.875 1.51554 0
    endloop
  endfacet
  facet normal 0 0 -1
    outer loop
      vertex -64.7527 5.66512 0
      vertex -60.875 1.51554 0
      vertex -61.0038 1.43352 0
    endloop
  endfacet
  facet normal 0 0 -1
    outer loop
      vertex -58.4845 0.875 0
      vertex -61.08 22.2313 0
      vertex -58.91 27.4702 0
    endloop
  endfacet
  facet normal 0 0 -1
    outer loop
      vertex -64.7527 5.66512 0
      vertex -61.0038 1.43352 0
      vertex -61.1249 1.34058 0
    endloop
  endfacet
  facet normal 0 0 -1
    outer loop
      vertex -64.7527 5.66512 0
      vertex -61.1249 1.34058 0
      vertex -61.2374 1.23744 0
    endloop
  endfacet
  facet normal 0 0 -1
    outer loop
      vertex -64.7527 5.66512 0
      vertex -61.2374 1.23744 0
      vertex -61.3406 1.12488 0
    endloop
  endfacet
  facet normal 0 0 -1
    outer loop
      vertex -64.7527 5.66512 0
      vertex -61.3406 1.12488 0
      vertex -61.4335 1.00376 0
    endloop
  endfacet
  facet normal 0 0 -1
    outer loop
      vertex -65 0 0
      vertex -61.4335 1.00376 0
      vertex -61.5155 0.875 0
    endloop
  endfacet
  facet normal 0 0 -1
    outer loop
      vertex -65 0 0
      vertex -61.5155 0.875 0
      vertex -61.586 0.739581 0
    endloop
  endfacet
  facet normal 0 0 -1
    outer loop
      vertex -65 0 0
      vertex -61.586 0.739581 0
      vertex -61.6445 0.598535 0
    endloop
  endfacet
  facet normal 0 0 -1
    outer loop
      vertex -65 0 0
      vertex -61.6445 0.598535 0
      vertex -61.6904 0.452933 0
    endloop
  endfacet
  facet normal 0 0 -1
    outer loop
      vertex -65 0 0
      vertex -61.6904 0.452933 0
      vertex -61.7234 0.303884 0
    endloop
  endfacet
  facet normal 0 0 -1
    outer loop
      vertex -65 0 0
      vertex -61.7234 0.303884 0
      vertex -61.7433 0.152522 0
    endloop
  endfacet
  facet normal 0 0 -1
    outer loop
      vertex -65 0 0
      vertex -61.7433 0.152522 0
      vertex -61.75 0 0
    endloop
  endfacet
  facet normal 0 0 -1
    outer loop
      vertex -61.6904 -0.452933 0
      vertex -65 0 0
      vertex -61.7234 -0.303884 0
    endloop
  endfacet
  facet normal 0 0 -1
    outer loop
      vertex -58.6594 1.12488 0
      vertex -62.7852 16.8232 0
      vertex -61.08 22.2313 0
    endloop
  endfacet
  facet normal 0 0 -1
    outer loop
      vertex -61.7234 -0.303884 0
      vertex -65 0 0
      vertex -61.7433 -0.152522 0
    endloop
  endfacet
  facet normal 0 0 -1
    outer loop
      vertex -58.9962 1.43352 0
      vertex -64.0125 11.2871 0
      vertex -62.7852 16.8232 0
    endloop
  endfacet
  facet normal 0 0 -1
    outer loop
      vertex -61.7433 -0.152522 0
      vertex -65 0 0
      vertex -61.75 0 0
    endloop
  endfacet
  facet normal 0 0 -1
    outer loop
      vertex -59.8475 1.74334 0
      vertex -64.7527 5.66512 0
      vertex -64.0125 11.2871 0
    endloop
  endfacet
  facet normal -0 0 -1
    outer loop
      vertex -61.4335 1.00376 0
      vertex -65 0 0
      vertex -64.7527 5.66512 0
    endloop
  endfacet
  facet normal -0 0 -1
    outer loop
      vertex -10.2661 -3.73657 0
      vertex -49.7345 -17.9025 0
      vertex -10.5527 -2.8276 0
    endloop
  endfacet
  facet normal 0 0 -1
    outer loop
      vertex -49.8211 -17.7361 0
      vertex -10.5527 -2.8276 0
      vertex -49.7345 -17.9025 0
    endloop
  endfacet
  facet normal -0 0 -1
    outer loop
      vertex -10.5527 -2.8276 0
      vertex -49.8211 -17.7361 0
      vertex -10.759 -1.89711 0
    endloop
  endfacet
  facet normal 0 0 -1
    outer loop
      vertex -49.9219 -17.5779 0
      vertex -10.759 -1.89711 0
      vertex -49.8211 -17.7361 0
    endloop
  endfacet
  facet normal -0 0 -1
    outer loop
      vertex -10.759 -1.89711 0
      vertex -49.9219 -17.5779 0
      vertex -10.8834 -0.952176 0
    endloop
  endfacet
  facet normal 0 0 -1
    outer loop
      vertex -50.0361 -17.4291 0
      vertex -10.8834 -0.952176 0
      vertex -49.9219 -17.5779 0
    endloop
  endfacet
  facet normal 0 0 -1
    outer loop
      vertex -50.1628 -17.2908 0
      vertex -10.8834 -0.952176 0
      vertex -50.0361 -17.4291 0
    endloop
  endfacet
  facet normal 0 0 -1
    outer loop
      vertex -58.2567 0.152522 0
      vertex -10.925 0 0
      vertex -58.25 0 0
    endloop
  endfacet
  facet normal -0 0 -1
    outer loop
      vertex -10.8834 -0.952176 0
      vertex -50.1628 -17.2908 0
      vertex -10.925 0 0
    endloop
  endfacet
  facet normal 0 0 -1
    outer loop
      vertex -50.3011 -17.1641 0
      vertex -10.925 0 0
      vertex -50.1628 -17.2908 0
    endloop
  endfacet
  facet normal -0 0 -1
    outer loop
      vertex -10.925 0 0
      vertex -50.3011 -17.1641 0
      vertex -58.25 0 0
    endloop
  endfacet
  facet normal 0 0 -1
    outer loop
      vertex -58.25 0 0
      vertex -50.3011 -17.1641 0
      vertex -50.4499 -17.0499 0
    endloop
  endfacet
  facet normal 0 0 -1
    outer loop
      vertex -58.2567 -0.152522 0
      vertex -50.4499 -17.0499 0
      vertex -50.6081 -16.9492 0
    endloop
  endfacet
  facet normal 0 0 -1
    outer loop
      vertex -58.3096 -0.452933 0
      vertex -50.6081 -16.9492 0
      vertex -50.7745 -16.8625 0
    endloop
  endfacet
  facet normal 0 0 -1
    outer loop
      vertex -58.3555 -0.598535 0
      vertex -50.7745 -16.8625 0
      vertex -50.9478 -16.7908 0
    endloop
  endfacet
  facet normal 0 0 -1
    outer loop
      vertex -58.414 -0.739581 0
      vertex -50.9478 -16.7908 0
      vertex -51.1266 -16.7344 0
    endloop
  endfacet
  facet normal 0 0 -1
    outer loop
      vertex -58.4845 -0.875 0
      vertex -51.1266 -16.7344 0
      vertex -51.3097 -16.6938 0
    endloop
  endfacet
  facet normal 0 0 -1
    outer loop
      vertex -58.5665 -1.00376 0
      vertex -51.3097 -16.6938 0
      vertex -51.4957 -16.6693 0
    endloop
  endfacet
  facet normal 0 0 -1
    outer loop
      vertex -58.6594 -1.12488 0
      vertex -51.4957 -16.6693 0
      vertex -51.6831 -16.6611 0
    endloop
  endfacet
  facet normal 0 0 -1
    outer loop
      vertex -58.7626 -1.23744 0
      vertex -51.6831 -16.6611 0
      vertex -51.8705 -16.6693 0
    endloop
  endfacet
  facet normal 0 0 -1
    outer loop
      vertex -58.8751 -1.34058 0
      vertex -51.8705 -16.6693 0
      vertex -52.0564 -16.6938 0
    endloop
  endfacet
  facet normal 0 0 -1
    outer loop
      vertex -58.9962 -1.43352 0
      vertex -52.0564 -16.6938 0
      vertex -52.2396 -16.7344 0
    endloop
  endfacet
  facet normal 0 0 -1
    outer loop
      vertex -59.125 -1.51554 0
      vertex -52.2396 -16.7344 0
      vertex -52.4184 -16.7908 0
    endloop
  endfacet
  facet normal 0 0 -1
    outer loop
      vertex -59.2604 -1.58604 0
      vertex -52.4184 -16.7908 0
      vertex -52.5917 -16.8625 0
    endloop
  endfacet
  facet normal 0 0 -1
    outer loop
      vertex -64.0125 -11.2871 0
      vertex -52.5917 -16.8625 0
      vertex -52.7581 -16.9492 0
    endloop
  endfacet
  facet normal 0 0 -1
    outer loop
      vertex -64.0125 -11.2871 0
      vertex -52.7581 -16.9492 0
      vertex -52.9163 -17.0499 0
    endloop
  endfacet
  facet normal 0 0 -1
    outer loop
      vertex -53.2034 -17.2908 0
      vertex -64.0125 -11.2871 0
      vertex -53.0651 -17.1641 0
    endloop
  endfacet
  facet normal 0 0 -1
    outer loop
      vertex -64.0125 -11.2871 0
      vertex -53.2034 -17.2908 0
      vertex -62.7852 -16.8232 0
    endloop
  endfacet
  facet normal 0 0 -1
    outer loop
      vertex -10.925 0 0
      vertex -49.7929 41.7812 0
      vertex -45.9619 45.9619 0
    endloop
  endfacet
  facet normal 0 0 -1
    outer loop
      vertex -62.7852 -16.8232 0
      vertex -53.2034 -17.2908 0
      vertex -53.3301 -17.4291 0
    endloop
  endfacet
  facet normal 0 0 -1
    outer loop
      vertex -62.7852 -16.8232 0
      vertex -53.3301 -17.4291 0
      vertex -53.4443 -17.5779 0
    endloop
  endfacet
  facet normal 0 0 -1
    outer loop
      vertex -62.7852 -16.8232 0
      vertex -53.4443 -17.5779 0
      vertex -53.545 -17.7361 0
    endloop
  endfacet
  facet normal 0 0 -1
    outer loop
      vertex -62.7852 -16.8232 0
      vertex -53.545 -17.7361 0
      vertex -53.6317 -17.9025 0
    endloop
  endfacet
  facet normal 0 0 -1
    outer loop
      vertex -62.7852 -16.8232 0
      vertex -53.6317 -17.9025 0
      vertex -53.7034 -18.0758 0
    endloop
  endfacet
  facet normal 0 0 -1
    outer loop
      vertex -62.7852 -16.8232 0
      vertex -53.7034 -18.0758 0
      vertex -53.7598 -18.2546 0
    endloop
  endfacet
  facet normal 0 0 -1
    outer loop
      vertex -62.7852 -16.8232 0
      vertex -53.7598 -18.2546 0
      vertex -53.8004 -18.4378 0
    endloop
  endfacet
  facet normal 0 0 -1
    outer loop
      vertex -62.7852 -16.8232 0
      vertex -53.8004 -18.4378 0
      vertex -53.8249 -18.6237 0
    endloop
  endfacet
  facet normal 0 0 -1
    outer loop
      vertex -61.08 -22.2313 0
      vertex -53.8249 -18.6237 0
      vertex -53.8331 -18.8111 0
    endloop
  endfacet
  facet normal -0 0 -1
    outer loop
      vertex -53.8004 -19.1845 0
      vertex -61.08 -22.2313 0
      vertex -53.8249 -18.9985 0
    endloop
  endfacet
  facet normal 0 0 -1
    outer loop
      vertex -10.925 0 0
      vertex -53.2449 37.2825 0
      vertex -49.7929 41.7812 0
    endloop
  endfacet
  facet normal 0 0 -1
    outer loop
      vertex -10.925 0 0
      vertex -56.2916 32.5 0
      vertex -53.2449 37.2825 0
    endloop
  endfacet
  facet normal 0 0 -1
    outer loop
      vertex -50.4499 -17.0499 0
      vertex -58.2567 -0.152522 0
      vertex -58.25 0 0
    endloop
  endfacet
  facet normal 0 0 -1
    outer loop
      vertex -50.6081 -16.9492 0
      vertex -58.2766 -0.303884 0
      vertex -58.2567 -0.152522 0
    endloop
  endfacet
  facet normal 0 0 -1
    outer loop
      vertex -50.6081 -16.9492 0
      vertex -58.3096 -0.452933 0
      vertex -58.2766 -0.303884 0
    endloop
  endfacet
  facet normal 0 0 -1
    outer loop
      vertex -50.7745 -16.8625 0
      vertex -58.3555 -0.598535 0
      vertex -58.3096 -0.452933 0
    endloop
  endfacet
  facet normal 0 0 -1
    outer loop
      vertex -50.9478 -16.7908 0
      vertex -58.414 -0.739581 0
      vertex -58.3555 -0.598535 0
    endloop
  endfacet
  facet normal -0 0 -1
    outer loop
      vertex -53.8249 -18.9985 0
      vertex -61.08 -22.2313 0
      vertex -53.8331 -18.8111 0
    endloop
  endfacet
  facet normal 0 0 -1
    outer loop
      vertex -51.1266 -16.7344 0
      vertex -58.4845 -0.875 0
      vertex -58.414 -0.739581 0
    endloop
  endfacet
  facet normal -0 0 -1
    outer loop
      vertex -53.8249 -18.6237 0
      vertex -61.08 -22.2313 0
      vertex -62.7852 -16.8232 0
    endloop
  endfacet
  facet normal 0 0 -1
    outer loop
      vertex -51.3097 -16.6938 0
      vertex -58.5665 -1.00376 0
      vertex -58.4845 -0.875 0
    endloop
  endfacet
  facet normal 0 0 -1
    outer loop
      vertex -51.4957 -16.6693 0
      vertex -58.6594 -1.12488 0
      vertex -58.5665 -1.00376 0
    endloop
  endfacet
  facet normal 0 0 -1
    outer loop
      vertex -53.0651 -17.1641 0
      vertex -64.0125 -11.2871 0
      vertex -52.9163 -17.0499 0
    endloop
  endfacet
  facet normal 0 0 -1
    outer loop
      vertex -51.6831 -16.6611 0
      vertex -58.7626 -1.23744 0
      vertex -58.6594 -1.12488 0
    endloop
  endfacet
  facet normal 0 0 -1
    outer loop
      vertex -51.8705 -16.6693 0
      vertex -58.8751 -1.34058 0
      vertex -58.7626 -1.23744 0
    endloop
  endfacet
  facet normal 0 0 -1
    outer loop
      vertex -52.0564 -16.6938 0
      vertex -58.9962 -1.43352 0
      vertex -58.8751 -1.34058 0
    endloop
  endfacet
  facet normal 0 0 -1
    outer loop
      vertex -52.2396 -16.7344 0
      vertex -59.125 -1.51554 0
      vertex -58.9962 -1.43352 0
    endloop
  endfacet
  facet normal 0 0 -1
    outer loop
      vertex -52.4184 -16.7908 0
      vertex -59.2604 -1.58604 0
      vertex -59.125 -1.51554 0
    endloop
  endfacet
  facet normal 0 0 -1
    outer loop
      vertex -64.0125 -11.2871 0
      vertex -59.2604 -1.58604 0
      vertex -52.5917 -16.8625 0
    endloop
  endfacet
  facet normal 0 0 -1
    outer loop
      vertex -59.2604 -1.58604 0
      vertex -64.0125 -11.2871 0
      vertex -59.4015 -1.64446 0
    endloop
  endfacet
  facet normal 0 0 -1
    outer loop
      vertex -59.4015 -1.64446 0
      vertex -64.0125 -11.2871 0
      vertex -59.5471 -1.69037 0
    endloop
  endfacet
  facet normal 0 0 -1
    outer loop
      vertex -59.5471 -1.69037 0
      vertex -64.0125 -11.2871 0
      vertex -59.6961 -1.72341 0
    endloop
  endfacet
  facet normal 0 0 -1
    outer loop
      vertex -59.6961 -1.72341 0
      vertex -64.0125 -11.2871 0
      vertex -59.8475 -1.74334 0
    endloop
  endfacet
  facet normal 0 0 -1
    outer loop
      vertex -64.7527 -5.66512 0
      vertex -59.8475 -1.74334 0
      vertex -64.0125 -11.2871 0
    endloop
  endfacet
  facet normal 0 0 -1
    outer loop
      vertex -59.8475 -1.74334 0
      vertex -64.7527 -5.66512 0
      vertex -60 -1.75 0
    endloop
  endfacet
  facet normal -0 0 -1
    outer loop
      vertex -60 -1.75 0
      vertex -64.7527 -5.66512 0
      vertex -60.1525 -1.74334 0
    endloop
  endfacet
  facet normal -0 0 -1
    outer loop
      vertex -60.1525 -1.74334 0
      vertex -64.7527 -5.66512 0
      vertex -60.3039 -1.72341 0
    endloop
  endfacet
  facet normal -0 0 -1
    outer loop
      vertex -60.3039 -1.72341 0
      vertex -64.7527 -5.66512 0
      vertex -60.4529 -1.69037 0
    endloop
  endfacet
  facet normal -0 0 -1
    outer loop
      vertex -60.4529 -1.69037 0
      vertex -64.7527 -5.66512 0
      vertex -60.5985 -1.64446 0
    endloop
  endfacet
  facet normal -0 0 -1
    outer loop
      vertex -60.5985 -1.64446 0
      vertex -64.7527 -5.66512 0
      vertex -60.7396 -1.58604 0
    endloop
  endfacet
  facet normal -0 0 -1
    outer loop
      vertex -60.7396 -1.58604 0
      vertex -64.7527 -5.66512 0
      vertex -60.875 -1.51554 0
    endloop
  endfacet
  facet normal -0 0 -1
    outer loop
      vertex -60.875 -1.51554 0
      vertex -64.7527 -5.66512 0
      vertex -61.0038 -1.43352 0
    endloop
  endfacet
  facet normal -0 0 -1
    outer loop
      vertex -61.0038 -1.43352 0
      vertex -64.7527 -5.66512 0
      vertex -61.1249 -1.34058 0
    endloop
  endfacet
  facet normal -0 0 -1
    outer loop
      vertex -61.1249 -1.34058 0
      vertex -64.7527 -5.66512 0
      vertex -61.2374 -1.23744 0
    endloop
  endfacet
  facet normal -0 0 -1
    outer loop
      vertex -61.2374 -1.23744 0
      vertex -64.7527 -5.66512 0
      vertex -61.3406 -1.12488 0
    endloop
  endfacet
  facet normal -0 0 -1
    outer loop
      vertex -61.3406 -1.12488 0
      vertex -64.7527 -5.66512 0
      vertex -61.4335 -1.00376 0
    endloop
  endfacet
  facet normal 0 0 -1
    outer loop
      vertex -65 0 0
      vertex -61.4335 -1.00376 0
      vertex -64.7527 -5.66512 0
    endloop
  endfacet
  facet normal 0 0 -1
    outer loop
      vertex -61.4335 -1.00376 0
      vertex -65 0 0
      vertex -61.5155 -0.875 0
    endloop
  endfacet
  facet normal 0 0 -1
    outer loop
      vertex -61.5155 -0.875 0
      vertex -65 0 0
      vertex -61.586 -0.739581 0
    endloop
  endfacet
  facet normal 0 0 -1
    outer loop
      vertex -61.586 -0.739581 0
      vertex -65 0 0
      vertex -61.6445 -0.598535 0
    endloop
  endfacet
  facet normal 0 0 -1
    outer loop
      vertex -61.6445 -0.598535 0
      vertex -65 0 0
      vertex -61.6904 -0.452933 0
    endloop
  endfacet
  facet normal -0 0 -1
    outer loop
      vertex -5.4625 -9.46133 0
      vertex -29.2604 -50.3755 0
      vertex -6.26632 -8.94924 0
    endloop
  endfacet
  facet normal 0 0 -1
    outer loop
      vertex -10.925 0 0
      vertex -28.2567 51.809 0
      vertex -28.25 51.9615 0
    endloop
  endfacet
  facet normal 0 0 -1
    outer loop
      vertex -29.4015 -50.3171 0
      vertex -6.26632 -8.94924 0
      vertex -29.2604 -50.3755 0
    endloop
  endfacet
  facet normal 0 0 -1
    outer loop
      vertex -10.925 0 0
      vertex -28.2766 51.6576 0
      vertex -28.2567 51.809 0
    endloop
  endfacet
  facet normal -0 0 -1
    outer loop
      vertex -6.26632 -8.94924 0
      vertex -29.4015 -50.3171 0
      vertex -7.02245 -8.36903 0
    endloop
  endfacet
  facet normal 0 0 -1
    outer loop
      vertex -10.925 0 0
      vertex -28.3096 51.5086 0
      vertex -28.2766 51.6576 0
    endloop
  endfacet
  facet normal 0 0 -1
    outer loop
      vertex -29.5471 -50.2712 0
      vertex -7.02245 -8.36903 0
      vertex -29.4015 -50.3171 0
    endloop
  endfacet
  facet normal 0 0 -1
    outer loop
      vertex -10.925 0 0
      vertex -28.3555 51.363 0
      vertex -28.3096 51.5086 0
    endloop
  endfacet
  facet normal -0 0 -1
    outer loop
      vertex -7.02245 -8.36903 0
      vertex -29.5471 -50.2712 0
      vertex -7.72514 -7.72514 0
    endloop
  endfacet
  facet normal 0 0 -1
    outer loop
      vertex -10.925 0 0
      vertex -28.414 51.2219 0
      vertex -28.3555 51.363 0
    endloop
  endfacet
  facet normal 0 0 -1
    outer loop
      vertex -29.6961 -50.2381 0
      vertex -7.72514 -7.72514 0
      vertex -29.5471 -50.2712 0
    endloop
  endfacet
  facet normal 0 0 -1
    outer loop
      vertex -10.925 0 0
      vertex -28.4845 51.0865 0
      vertex -28.414 51.2219 0
    endloop
  endfacet
  facet normal 0 0 -1
    outer loop
      vertex -49.6064 -19.3676 0
      vertex -7.72514 -7.72514 0
      vertex -29.6961 -50.2381 0
    endloop
  endfacet
  facet normal 0 0 -1
    outer loop
      vertex -10.925 0 0
      vertex -28.5665 50.9578 0
      vertex -28.4845 51.0865 0
    endloop
  endfacet
  facet normal 0 -0 -1
    outer loop
      vertex -49.5658 -19.1845 0
      vertex -7.72514 -7.72514 0
      vertex -49.6064 -19.3676 0
    endloop
  endfacet
  facet normal 0 0 -1
    outer loop
      vertex -10.925 0 0
      vertex -28.6594 50.8366 0
      vertex -28.5665 50.9578 0
    endloop
  endfacet
  facet normal -0 0 -1
    outer loop
      vertex -7.72514 -7.72514 0
      vertex -49.5658 -19.1845 0
      vertex -8.36903 -7.02245 0
    endloop
  endfacet
  facet normal 0 0 -1
    outer loop
      vertex -10.925 0 0
      vertex -28.7626 50.7241 0
      vertex -28.6594 50.8366 0
    endloop
  endfacet
  facet normal 0 -0 -1
    outer loop
      vertex -49.5413 -18.9985 0
      vertex -8.36903 -7.02245 0
      vertex -49.5658 -19.1845 0
    endloop
  endfacet
  facet normal 0 0 -1
    outer loop
      vertex -10.925 0 0
      vertex -28.8751 50.6209 0
      vertex -28.7626 50.7241 0
    endloop
  endfacet
  facet normal -0 0 -1
    outer loop
      vertex -8.36903 -7.02245 0
      vertex -49.5413 -18.9985 0
      vertex -8.94924 -6.26632 0
    endloop
  endfacet
  facet normal 0 0 -1
    outer loop
      vertex -49.7345 -17.9025 0
      vertex -10.2661 -3.73657 0
      vertex -49.6628 -18.0758 0
    endloop
  endfacet
  facet normal 0 0 -1
    outer loop
      vertex -49.5413 -18.6237 0
      vertex -9.46133 -5.4625 0
      vertex -49.5331 -18.8111 0
    endloop
  endfacet
  facet normal 0 0 -1
    outer loop
      vertex -10.925 0 0
      vertex -28.9962 50.528 0
      vertex -28.8751 50.6209 0
    endloop
  endfacet
  facet normal 0 0 -1
    outer loop
      vertex -49.5658 -18.4378 0
      vertex -9.46133 -5.4625 0
      vertex -49.5413 -18.6237 0
    endloop
  endfacet
  facet normal 0 0 -1
    outer loop
      vertex -10.925 0 0
      vertex -29.125 50.446 0
      vertex -28.9962 50.528 0
    endloop
  endfacet
  facet normal -0 0 -1
    outer loop
      vertex -9.46133 -5.4625 0
      vertex -49.5658 -18.4378 0
      vertex -9.90141 -4.6171 0
    endloop
  endfacet
  facet normal 0 0 -1
    outer loop
      vertex -10.925 0 0
      vertex -29.2604 50.3755 0
      vertex -29.125 50.446 0
    endloop
  endfacet
  facet normal 0 0 -1
    outer loop
      vertex -49.6064 -18.2546 0
      vertex -9.90141 -4.6171 0
      vertex -49.5658 -18.4378 0
    endloop
  endfacet
  facet normal 0 0 -1
    outer loop
      vertex -10.925 0 0
      vertex -29.4015 50.3171 0
      vertex -29.2604 50.3755 0
    endloop
  endfacet
  facet normal -0 0 -1
    outer loop
      vertex -8.94924 -6.26632 0
      vertex -49.5331 -18.8111 0
      vertex -9.46133 -5.4625 0
    endloop
  endfacet
  facet normal 0 0 -1
    outer loop
      vertex -10.925 0 0
      vertex -29.5471 50.2712 0
      vertex -29.4015 50.3171 0
    endloop
  endfacet
  facet normal 0 0 -1
    outer loop
      vertex -49.6064 -19.3676 0
      vertex -29.6961 -50.2381 0
      vertex -29.8475 -50.2182 0
    endloop
  endfacet
  facet normal 0 0 -1
    outer loop
      vertex -10.925 0 0
      vertex -29.6961 50.2381 0
      vertex -29.5471 50.2712 0
    endloop
  endfacet
  facet normal 0 0 -1
    outer loop
      vertex -49.6628 -19.5465 0
      vertex -29.8475 -50.2182 0
      vertex -30 -50.2115 0
    endloop
  endfacet
  facet normal 0 0 -1
    outer loop
      vertex -10.925 0 0
      vertex -29.8475 50.2182 0
      vertex -29.6961 50.2381 0
    endloop
  endfacet
  facet normal 0 0 -1
    outer loop
      vertex -49.7345 -19.7197 0
      vertex -30 -50.2115 0
      vertex -30.1525 -50.2182 0
    endloop
  endfacet
  facet normal 0 0 -1
    outer loop
      vertex -10.925 0 0
      vertex -30 50.2115 0
      vertex -29.8475 50.2182 0
    endloop
  endfacet
  facet normal 0 0 -1
    outer loop
      vertex -49.8211 -19.8861 0
      vertex -30.1525 -50.2182 0
      vertex -30.3039 -50.2381 0
    endloop
  endfacet
  facet normal 0 0 -1
    outer loop
      vertex -10.925 0 0
      vertex -45.9619 45.9619 0
      vertex -30 50.2115 0
    endloop
  endfacet
  facet normal 0 0 -1
    outer loop
      vertex -45.9619 -45.9619 0
      vertex -30.3039 -50.2381 0
      vertex -30.4529 -50.2712 0
    endloop
  endfacet
  facet normal -0 0 -1
    outer loop
      vertex -30 50.2115 0
      vertex -45.9619 45.9619 0
      vertex -30.1525 50.2182 0
    endloop
  endfacet
  facet normal 0 0 -1
    outer loop
      vertex -45.9619 -45.9619 0
      vertex -30.4529 -50.2712 0
      vertex -30.5985 -50.3171 0
    endloop
  endfacet
  facet normal -0 0 -1
    outer loop
      vertex -30.1525 50.2182 0
      vertex -45.9619 45.9619 0
      vertex -30.3039 50.2381 0
    endloop
  endfacet
  facet normal 0 0 -1
    outer loop
      vertex -45.9619 -45.9619 0
      vertex -30.5985 -50.3171 0
      vertex -30.7396 -50.3755 0
    endloop
  endfacet
  facet normal -0 0 -1
    outer loop
      vertex -30.3039 50.2381 0
      vertex -45.9619 45.9619 0
      vertex -30.4529 50.2712 0
    endloop
  endfacet
  facet normal 0 0 -1
    outer loop
      vertex -41.7812 -49.7929 0
      vertex -30.7396 -50.3755 0
      vertex -30.875 -50.446 0
    endloop
  endfacet
  facet normal -0 0 -1
    outer loop
      vertex -30.4529 50.2712 0
      vertex -45.9619 45.9619 0
      vertex -30.5985 50.3171 0
    endloop
  endfacet
  facet normal 0 0 -1
    outer loop
      vertex -41.7812 -49.7929 0
      vertex -30.875 -50.446 0
      vertex -31.0038 -50.528 0
    endloop
  endfacet
  facet normal -0 0 -1
    outer loop
      vertex -30.5985 50.3171 0
      vertex -45.9619 45.9619 0
      vertex -30.7396 50.3755 0
    endloop
  endfacet
  facet normal 0 0 -1
    outer loop
      vertex -41.7812 -49.7929 0
      vertex -31.0038 -50.528 0
      vertex -31.1249 -50.6209 0
    endloop
  endfacet
  facet normal 0 -0 -1
    outer loop
      vertex -41.7812 49.7929 0
      vertex -30.7396 50.3755 0
      vertex -45.9619 45.9619 0
    endloop
  endfacet
  facet normal 0 0 -1
    outer loop
      vertex -41.7812 -49.7929 0
      vertex -31.1249 -50.6209 0
      vertex -31.2374 -50.7241 0
    endloop
  endfacet
  facet normal -0 0 -1
    outer loop
      vertex -30.7396 50.3755 0
      vertex -41.7812 49.7929 0
      vertex -30.875 50.446 0
    endloop
  endfacet
  facet normal 0 0 -1
    outer loop
      vertex -41.7812 -49.7929 0
      vertex -31.2374 -50.7241 0
      vertex -31.3406 -50.8366 0
    endloop
  endfacet
  facet normal -0 0 -1
    outer loop
      vertex -30.875 50.446 0
      vertex -41.7812 49.7929 0
      vertex -31.0038 50.528 0
    endloop
  endfacet
  facet normal 0 0 -1
    outer loop
      vertex -41.7812 -49.7929 0
      vertex -31.3406 -50.8366 0
      vertex -31.4335 -50.9578 0
    endloop
  endfacet
  facet normal -0 0 -1
    outer loop
      vertex -31.0038 50.528 0
      vertex -41.7812 49.7929 0
      vertex -31.1249 50.6209 0
    endloop
  endfacet
  facet normal 0 0 -1
    outer loop
      vertex -37.2825 -53.2449 0
      vertex -31.4335 -50.9578 0
      vertex -31.5155 -51.0865 0
    endloop
  endfacet
  facet normal -0 0 -1
    outer loop
      vertex -31.1249 50.6209 0
      vertex -41.7812 49.7929 0
      vertex -31.2374 50.7241 0
    endloop
  endfacet
  facet normal 0 0 -1
    outer loop
      vertex -37.2825 -53.2449 0
      vertex -31.5155 -51.0865 0
      vertex -31.586 -51.2219 0
    endloop
  endfacet
  facet normal -0 0 -1
    outer loop
      vertex -31.2374 50.7241 0
      vertex -41.7812 49.7929 0
      vertex -31.3406 50.8366 0
    endloop
  endfacet
  facet normal 0 0 -1
    outer loop
      vertex -37.2825 -53.2449 0
      vertex -31.586 -51.2219 0
      vertex -31.6445 -51.363 0
    endloop
  endfacet
  facet normal -0 0 -1
    outer loop
      vertex -31.3406 50.8366 0
      vertex -41.7812 49.7929 0
      vertex -31.4335 50.9578 0
    endloop
  endfacet
  facet normal 0 0 -1
    outer loop
      vertex -37.2825 -53.2449 0
      vertex -31.6445 -51.363 0
      vertex -31.6904 -51.5086 0
    endloop
  endfacet
  facet normal 0 -0 -1
    outer loop
      vertex -37.2825 53.2449 0
      vertex -31.4335 50.9578 0
      vertex -41.7812 49.7929 0
    endloop
  endfacet
  facet normal 0 0 -1
    outer loop
      vertex -37.2825 -53.2449 0
      vertex -31.6904 -51.5086 0
      vertex -31.7234 -51.6576 0
    endloop
  endfacet
  facet normal 0 0 -1
    outer loop
      vertex -31.4335 50.9578 0
      vertex -37.2825 53.2449 0
      vertex -31.5155 51.0865 0
    endloop
  endfacet
  facet normal 0 0 -1
    outer loop
      vertex -37.2825 -53.2449 0
      vertex -31.7234 -51.6576 0
      vertex -31.7433 -51.809 0
    endloop
  endfacet
  facet normal 0 0 -1
    outer loop
      vertex -31.5155 51.0865 0
      vertex -37.2825 53.2449 0
      vertex -31.586 51.2219 0
    endloop
  endfacet
  facet normal -0 0 -1
    outer loop
      vertex -31.7433 -52.114 0
      vertex -37.2825 -53.2449 0
      vertex -31.75 -51.9615 0
    endloop
  endfacet
  facet normal 0 0 -1
    outer loop
      vertex -31.586 51.2219 0
      vertex -37.2825 53.2449 0
      vertex -31.6445 51.363 0
    endloop
  endfacet
  facet normal 0 0 -1
    outer loop
      vertex -28.2567 52.114 0
      vertex -20.9529 51.4957 0
      vertex -28.25 51.9615 0
    endloop
  endfacet
  facet normal 0 0 -1
    outer loop
      vertex -28.2766 52.2654 0
      vertex -20.9529 51.4957 0
      vertex -28.2567 52.114 0
    endloop
  endfacet
  facet normal 0 0 -1
    outer loop
      vertex -28.3096 52.4145 0
      vertex -20.9529 51.4957 0
      vertex -28.2766 52.2654 0
    endloop
  endfacet
  facet normal 0 0 -1
    outer loop
      vertex -28.3555 52.5601 0
      vertex -20.9529 51.4957 0
      vertex -28.3096 52.4145 0
    endloop
  endfacet
  facet normal 0 0 -1
    outer loop
      vertex -28.414 52.7011 0
      vertex -20.9529 51.4957 0
      vertex -28.3555 52.5601 0
    endloop
  endfacet
  facet normal 0 0 -1
    outer loop
      vertex -28.4845 52.8365 0
      vertex -20.9529 51.4957 0
      vertex -28.414 52.7011 0
    endloop
  endfacet
  facet normal 0 0 -1
    outer loop
      vertex -20.9529 51.4957 0
      vertex -28.4845 52.8365 0
      vertex -27.4702 58.91 0
    endloop
  endfacet
  facet normal 0 0 -1
    outer loop
      vertex -28.5665 52.9653 0
      vertex -27.4702 58.91 0
      vertex -28.4845 52.8365 0
    endloop
  endfacet
  facet normal 0 0 -1
    outer loop
      vertex -28.6594 53.0864 0
      vertex -27.4702 58.91 0
      vertex -28.5665 52.9653 0
    endloop
  endfacet
  facet normal 0 0 -1
    outer loop
      vertex -28.7626 53.199 0
      vertex -27.4702 58.91 0
      vertex -28.6594 53.0864 0
    endloop
  endfacet
  facet normal 0 0 -1
    outer loop
      vertex -28.8751 53.3021 0
      vertex -27.4702 58.91 0
      vertex -28.7626 53.199 0
    endloop
  endfacet
  facet normal 0 0 -1
    outer loop
      vertex -28.9962 53.395 0
      vertex -27.4702 58.91 0
      vertex -28.8751 53.3021 0
    endloop
  endfacet
  facet normal 0 0 -1
    outer loop
      vertex -29.125 53.4771 0
      vertex -27.4702 58.91 0
      vertex -28.9962 53.395 0
    endloop
  endfacet
  facet normal 0 0 -1
    outer loop
      vertex -29.2604 53.5476 0
      vertex -27.4702 58.91 0
      vertex -29.125 53.4771 0
    endloop
  endfacet
  facet normal 0 0 -1
    outer loop
      vertex -29.4015 53.606 0
      vertex -27.4702 58.91 0
      vertex -29.2604 53.5476 0
    endloop
  endfacet
  facet normal 0 0 -1
    outer loop
      vertex -29.5471 53.6519 0
      vertex -27.4702 58.91 0
      vertex -29.4015 53.606 0
    endloop
  endfacet
  facet normal 0 0 -1
    outer loop
      vertex -29.6961 53.6849 0
      vertex -27.4702 58.91 0
      vertex -29.5471 53.6519 0
    endloop
  endfacet
  facet normal 0 0 -1
    outer loop
      vertex -29.8475 53.7049 0
      vertex -27.4702 58.91 0
      vertex -29.6961 53.6849 0
    endloop
  endfacet
  facet normal 0 0 -1
    outer loop
      vertex -32.5 56.2916 0
      vertex -29.8475 53.7049 0
      vertex -30 53.7115 0
    endloop
  endfacet
  facet normal 0 0 -1
    outer loop
      vertex -32.5 56.2916 0
      vertex -30 53.7115 0
      vertex -30.1525 53.7049 0
    endloop
  endfacet
  facet normal 0 0 -1
    outer loop
      vertex -32.5 56.2916 0
      vertex -30.1525 53.7049 0
      vertex -30.3039 53.6849 0
    endloop
  endfacet
  facet normal 0 0 -1
    outer loop
      vertex -32.5 56.2916 0
      vertex -30.3039 53.6849 0
      vertex -30.4529 53.6519 0
    endloop
  endfacet
  facet normal 0 0 -1
    outer loop
      vertex -32.5 56.2916 0
      vertex -30.4529 53.6519 0
      vertex -30.5985 53.606 0
    endloop
  endfacet
  facet normal 0 0 -1
    outer loop
      vertex -32.5 56.2916 0
      vertex -30.5985 53.606 0
      vertex -30.7396 53.5476 0
    endloop
  endfacet
  facet normal 0 0 -1
    outer loop
      vertex -32.5 56.2916 0
      vertex -30.7396 53.5476 0
      vertex -30.875 53.4771 0
    endloop
  endfacet
  facet normal 0 0 -1
    outer loop
      vertex -32.5 56.2916 0
      vertex -30.875 53.4771 0
      vertex -31.0038 53.395 0
    endloop
  endfacet
  facet normal 0 0 -1
    outer loop
      vertex -32.5 56.2916 0
      vertex -31.0038 53.395 0
      vertex -31.1249 53.3021 0
    endloop
  endfacet
  facet normal 0 0 -1
    outer loop
      vertex -32.5 56.2916 0
      vertex -31.1249 53.3021 0
      vertex -31.2374 53.199 0
    endloop
  endfacet
  facet normal 0 0 -1
    outer loop
      vertex -32.5 56.2916 0
      vertex -31.2374 53.199 0
      vertex -31.3406 53.0864 0
    endloop
  endfacet
  facet normal 0 0 -1
    outer loop
      vertex -32.5 56.2916 0
      vertex -31.3406 53.0864 0
      vertex -31.4335 52.9653 0
    endloop
  endfacet
  facet normal 0 0 -1
    outer loop
      vertex -29.8475 53.7049 0
      vertex -32.5 56.2916 0
      vertex -27.4702 58.91 0
    endloop
  endfacet
  facet normal 0 0 -1
    outer loop
      vertex -31.5155 52.8365 0
      vertex -32.5 56.2916 0
      vertex -31.4335 52.9653 0
    endloop
  endfacet
  facet normal 0 0 -1
    outer loop
      vertex -31.586 52.7011 0
      vertex -32.5 56.2916 0
      vertex -31.5155 52.8365 0
    endloop
  endfacet
  facet normal 0 0 -1
    outer loop
      vertex -37.2825 53.2449 0
      vertex -31.586 52.7011 0
      vertex -31.6445 52.5601 0
    endloop
  endfacet
  facet normal 0 0 -1
    outer loop
      vertex -37.2825 53.2449 0
      vertex -31.6445 52.5601 0
      vertex -31.6904 52.4145 0
    endloop
  endfacet
  facet normal 0 0 -1
    outer loop
      vertex -37.2825 53.2449 0
      vertex -31.6904 52.4145 0
      vertex -31.7234 52.2654 0
    endloop
  endfacet
  facet normal 0 0 -1
    outer loop
      vertex -37.2825 53.2449 0
      vertex -31.7234 52.2654 0
      vertex -31.7433 52.114 0
    endloop
  endfacet
  facet normal 0 0 -1
    outer loop
      vertex -37.2825 53.2449 0
      vertex -31.7433 52.114 0
      vertex -31.75 51.9615 0
    endloop
  endfacet
  facet normal 0 0 -1
    outer loop
      vertex -31.6445 51.363 0
      vertex -37.2825 53.2449 0
      vertex -31.6904 51.5086 0
    endloop
  endfacet
  facet normal -0 0 -1
    outer loop
      vertex -31.4335 -50.9578 0
      vertex -37.2825 -53.2449 0
      vertex -41.7812 -49.7929 0
    endloop
  endfacet
  facet normal 0 0 -1
    outer loop
      vertex -31.6904 51.5086 0
      vertex -37.2825 53.2449 0
      vertex -31.7234 51.6576 0
    endloop
  endfacet
  facet normal 0 0 -1
    outer loop
      vertex -30.7396 -50.3755 0
      vertex -41.7812 -49.7929 0
      vertex -45.9619 -45.9619 0
    endloop
  endfacet
  facet normal 0 0 -1
    outer loop
      vertex -31.586 52.7011 0
      vertex -37.2825 53.2449 0
      vertex -32.5 56.2916 0
    endloop
  endfacet
  facet normal 0 0 -1
    outer loop
      vertex -30.3039 -50.2381 0
      vertex -45.9619 -45.9619 0
      vertex -49.9219 -20.0443 0
    endloop
  endfacet
  facet normal 0 0 -1
    outer loop
      vertex -31.7433 51.809 0
      vertex -37.2825 53.2449 0
      vertex -31.75 51.9615 0
    endloop
  endfacet
  facet normal 0 0 -1
    outer loop
      vertex -31.7234 51.6576 0
      vertex -37.2825 53.2449 0
      vertex -31.7433 51.809 0
    endloop
  endfacet
  facet normal 0 0 -1
    outer loop
      vertex -49.6628 -18.0758 0
      vertex -10.2661 -3.73657 0
      vertex -49.6064 -18.2546 0
    endloop
  endfacet
  facet normal -0 0 -1
    outer loop
      vertex -9.90141 -4.6171 0
      vertex -49.6064 -18.2546 0
      vertex -10.2661 -3.73657 0
    endloop
  endfacet
  facet normal 0 -0 -1
    outer loop
      vertex -49.5331 -18.8111 0
      vertex -8.94924 -6.26632 0
      vertex -49.5413 -18.9985 0
    endloop
  endfacet
  facet normal 0 0 -1
    outer loop
      vertex -29.8475 -50.2182 0
      vertex -49.6628 -19.5465 0
      vertex -49.6064 -19.3676 0
    endloop
  endfacet
  facet normal 0 0 -1
    outer loop
      vertex -30 -50.2115 0
      vertex -49.7345 -19.7197 0
      vertex -49.6628 -19.5465 0
    endloop
  endfacet
  facet normal 0 0 -1
    outer loop
      vertex -49.9219 -20.0443 0
      vertex -45.9619 -45.9619 0
      vertex -49.7929 -41.7812 0
    endloop
  endfacet
  facet normal 0 0 -1
    outer loop
      vertex -30.1525 -50.2182 0
      vertex -49.8211 -19.8861 0
      vertex -49.7345 -19.7197 0
    endloop
  endfacet
  facet normal 0 0 -1
    outer loop
      vertex -30.3039 -50.2381 0
      vertex -49.9219 -20.0443 0
      vertex -49.8211 -19.8861 0
    endloop
  endfacet
  facet normal 0 0 -1
    outer loop
      vertex -49.7929 -41.7812 0
      vertex -50.0361 -20.1931 0
      vertex -49.9219 -20.0443 0
    endloop
  endfacet
  facet normal 0 0 -1
    outer loop
      vertex -49.7929 -41.7812 0
      vertex -50.1628 -20.3314 0
      vertex -50.0361 -20.1931 0
    endloop
  endfacet
  facet normal 0 0 -1
    outer loop
      vertex -53.2449 -37.2825 0
      vertex -50.1628 -20.3314 0
      vertex -49.7929 -41.7812 0
    endloop
  endfacet
  facet normal 0 0 -1
    outer loop
      vertex -50.1628 -20.3314 0
      vertex -53.2449 -37.2825 0
      vertex -50.3011 -20.4581 0
    endloop
  endfacet
  facet normal 0 0 -1
    outer loop
      vertex -50.3011 -20.4581 0
      vertex -53.2449 -37.2825 0
      vertex -50.4499 -20.5723 0
    endloop
  endfacet
  facet normal 0 0 -1
    outer loop
      vertex -50.4499 -20.5723 0
      vertex -53.2449 -37.2825 0
      vertex -50.6081 -20.6731 0
    endloop
  endfacet
  facet normal 0 0 -1
    outer loop
      vertex -50.6081 -20.6731 0
      vertex -53.2449 -37.2825 0
      vertex -50.7745 -20.7597 0
    endloop
  endfacet
  facet normal 0 0 -1
    outer loop
      vertex -56.2916 -32.5 0
      vertex -50.7745 -20.7597 0
      vertex -53.2449 -37.2825 0
    endloop
  endfacet
  facet normal 0 0 -1
    outer loop
      vertex -50.7745 -20.7597 0
      vertex -56.2916 -32.5 0
      vertex -50.9478 -20.8314 0
    endloop
  endfacet
  facet normal 0 0 -1
    outer loop
      vertex -50.9478 -20.8314 0
      vertex -56.2916 -32.5 0
      vertex -51.1266 -20.8878 0
    endloop
  endfacet
  facet normal 0 0 -1
    outer loop
      vertex -51.1266 -20.8878 0
      vertex -56.2916 -32.5 0
      vertex -51.3097 -20.9284 0
    endloop
  endfacet
  facet normal 0 0 -1
    outer loop
      vertex -51.3097 -20.9284 0
      vertex -56.2916 -32.5 0
      vertex -51.4957 -20.9529 0
    endloop
  endfacet
  facet normal 0 0 -1
    outer loop
      vertex -51.4957 -20.9529 0
      vertex -56.2916 -32.5 0
      vertex -51.6831 -20.9611 0
    endloop
  endfacet
  facet normal -0 0 -1
    outer loop
      vertex -51.6831 -20.9611 0
      vertex -56.2916 -32.5 0
      vertex -51.8705 -20.9529 0
    endloop
  endfacet
  facet normal 0 0 -1
    outer loop
      vertex -58.91 -27.4702 0
      vertex -51.8705 -20.9529 0
      vertex -56.2916 -32.5 0
    endloop
  endfacet
  facet normal -0 0 -1
    outer loop
      vertex -51.8705 -20.9529 0
      vertex -58.91 -27.4702 0
      vertex -52.0564 -20.9284 0
    endloop
  endfacet
  facet normal -0 0 -1
    outer loop
      vertex -52.0564 -20.9284 0
      vertex -58.91 -27.4702 0
      vertex -52.2396 -20.8878 0
    endloop
  endfacet
  facet normal -0 0 -1
    outer loop
      vertex -52.2396 -20.8878 0
      vertex -58.91 -27.4702 0
      vertex -52.4184 -20.8314 0
    endloop
  endfacet
  facet normal -0 0 -1
    outer loop
      vertex -52.4184 -20.8314 0
      vertex -58.91 -27.4702 0
      vertex -52.5917 -20.7597 0
    endloop
  endfacet
  facet normal -0 0 -1
    outer loop
      vertex -52.5917 -20.7597 0
      vertex -58.91 -27.4702 0
      vertex -52.7581 -20.6731 0
    endloop
  endfacet
  facet normal -0 0 -1
    outer loop
      vertex -52.7581 -20.6731 0
      vertex -58.91 -27.4702 0
      vertex -52.9163 -20.5723 0
    endloop
  endfacet
  facet normal -0 0 -1
    outer loop
      vertex -52.9163 -20.5723 0
      vertex -58.91 -27.4702 0
      vertex -53.0651 -20.4581 0
    endloop
  endfacet
  facet normal -0 0 -1
    outer loop
      vertex -53.0651 -20.4581 0
      vertex -58.91 -27.4702 0
      vertex -53.2034 -20.3314 0
    endloop
  endfacet
  facet normal 0 0 -1
    outer loop
      vertex -61.08 -22.2313 0
      vertex -53.2034 -20.3314 0
      vertex -58.91 -27.4702 0
    endloop
  endfacet
  facet normal -0 0 -1
    outer loop
      vertex -53.2034 -20.3314 0
      vertex -61.08 -22.2313 0
      vertex -53.3301 -20.1931 0
    endloop
  endfacet
  facet normal -0 0 -1
    outer loop
      vertex -53.3301 -20.1931 0
      vertex -61.08 -22.2313 0
      vertex -53.4443 -20.0443 0
    endloop
  endfacet
  facet normal -0 0 -1
    outer loop
      vertex -53.4443 -20.0443 0
      vertex -61.08 -22.2313 0
      vertex -53.545 -19.8861 0
    endloop
  endfacet
  facet normal -0 0 -1
    outer loop
      vertex -53.545 -19.8861 0
      vertex -61.08 -22.2313 0
      vertex -53.6317 -19.7197 0
    endloop
  endfacet
  facet normal -0 0 -1
    outer loop
      vertex -53.6317 -19.7197 0
      vertex -61.08 -22.2313 0
      vertex -53.7034 -19.5465 0
    endloop
  endfacet
  facet normal -0 0 -1
    outer loop
      vertex -53.7034 -19.5465 0
      vertex -61.08 -22.2313 0
      vertex -53.7598 -19.3676 0
    endloop
  endfacet
  facet normal -0 0 -1
    outer loop
      vertex -53.7598 -19.3676 0
      vertex -61.08 -22.2313 0
      vertex -53.8004 -19.1845 0
    endloop
  endfacet
  facet normal 0 0 -1
    outer loop
      vertex -16.6938 52.0564 0
      vertex -5.66512 64.7527 0
      vertex -16.6693 51.8705 0
    endloop
  endfacet
  facet normal 0 0 -1
    outer loop
      vertex -16.7344 52.2396 0
      vertex -5.66512 64.7527 0
      vertex -16.6938 52.0564 0
    endloop
  endfacet
  facet normal 0 0 -1
    outer loop
      vertex -5.66512 64.7527 0
      vertex -16.7344 52.2396 0
      vertex -11.2871 64.0125 0
    endloop
  endfacet
  facet normal 0 0 -1
    outer loop
      vertex -16.7908 52.4184 0
      vertex -11.2871 64.0125 0
      vertex -16.7344 52.2396 0
    endloop
  endfacet
  facet normal 0 0 -1
    outer loop
      vertex -16.8625 52.5917 0
      vertex -11.2871 64.0125 0
      vertex -16.7908 52.4184 0
    endloop
  endfacet
  facet normal 0 0 -1
    outer loop
      vertex -16.9492 52.7581 0
      vertex -11.2871 64.0125 0
      vertex -16.8625 52.5917 0
    endloop
  endfacet
  facet normal 0 0 -1
    outer loop
      vertex -17.0499 52.9163 0
      vertex -11.2871 64.0125 0
      vertex -16.9492 52.7581 0
    endloop
  endfacet
  facet normal 0 0 -1
    outer loop
      vertex -17.1641 53.0651 0
      vertex -11.2871 64.0125 0
      vertex -17.0499 52.9163 0
    endloop
  endfacet
  facet normal 0 0 -1
    outer loop
      vertex -17.2908 53.2034 0
      vertex -11.2871 64.0125 0
      vertex -17.1641 53.0651 0
    endloop
  endfacet
  facet normal 0 0 -1
    outer loop
      vertex -11.2871 64.0125 0
      vertex -17.2908 53.2034 0
      vertex -16.8232 62.7852 0
    endloop
  endfacet
  facet normal 0 0 -1
    outer loop
      vertex -17.4291 53.3301 0
      vertex -16.8232 62.7852 0
      vertex -17.2908 53.2034 0
    endloop
  endfacet
  facet normal 0 0 -1
    outer loop
      vertex -17.5779 53.4443 0
      vertex -16.8232 62.7852 0
      vertex -17.4291 53.3301 0
    endloop
  endfacet
  facet normal 0 0 -1
    outer loop
      vertex -17.7361 53.545 0
      vertex -16.8232 62.7852 0
      vertex -17.5779 53.4443 0
    endloop
  endfacet
  facet normal 0 0 -1
    outer loop
      vertex -17.9025 53.6317 0
      vertex -16.8232 62.7852 0
      vertex -17.7361 53.545 0
    endloop
  endfacet
  facet normal 0 0 -1
    outer loop
      vertex -18.0758 53.7034 0
      vertex -16.8232 62.7852 0
      vertex -17.9025 53.6317 0
    endloop
  endfacet
  facet normal 0 0 -1
    outer loop
      vertex -18.2546 53.7598 0
      vertex -16.8232 62.7852 0
      vertex -18.0758 53.7034 0
    endloop
  endfacet
  facet normal 0 0 -1
    outer loop
      vertex -18.4378 53.8004 0
      vertex -16.8232 62.7852 0
      vertex -18.2546 53.7598 0
    endloop
  endfacet
  facet normal 0 0 -1
    outer loop
      vertex -18.6237 53.8249 0
      vertex -16.8232 62.7852 0
      vertex -18.4378 53.8004 0
    endloop
  endfacet
  facet normal 0 0 -1
    outer loop
      vertex -22.2313 61.08 0
      vertex -18.6237 53.8249 0
      vertex -18.8111 53.8331 0
    endloop
  endfacet
  facet normal 0 0 -1
    outer loop
      vertex -22.2313 61.08 0
      vertex -18.8111 53.8331 0
      vertex -18.9985 53.8249 0
    endloop
  endfacet
  facet normal 0 0 -1
    outer loop
      vertex -22.2313 61.08 0
      vertex -18.9985 53.8249 0
      vertex -19.1845 53.8004 0
    endloop
  endfacet
  facet normal 0 0 -1
    outer loop
      vertex -22.2313 61.08 0
      vertex -19.1845 53.8004 0
      vertex -19.3676 53.7598 0
    endloop
  endfacet
  facet normal 0 0 -1
    outer loop
      vertex -22.2313 61.08 0
      vertex -19.3676 53.7598 0
      vertex -19.5465 53.7034 0
    endloop
  endfacet
  facet normal 0 0 -1
    outer loop
      vertex -22.2313 61.08 0
      vertex -19.5465 53.7034 0
      vertex -19.7197 53.6317 0
    endloop
  endfacet
  facet normal 0 0 -1
    outer loop
      vertex -22.2313 61.08 0
      vertex -19.7197 53.6317 0
      vertex -19.8861 53.545 0
    endloop
  endfacet
  facet normal 0 0 -1
    outer loop
      vertex -22.2313 61.08 0
      vertex -19.8861 53.545 0
      vertex -20.0443 53.4443 0
    endloop
  endfacet
  facet normal 0 0 -1
    outer loop
      vertex -22.2313 61.08 0
      vertex -20.0443 53.4443 0
      vertex -20.1931 53.3301 0
    endloop
  endfacet
  facet normal 0 0 -1
    outer loop
      vertex -22.2313 61.08 0
      vertex -20.1931 53.3301 0
      vertex -20.3314 53.2034 0
    endloop
  endfacet
  facet normal 0 0 -1
    outer loop
      vertex -22.2313 61.08 0
      vertex -20.3314 53.2034 0
      vertex -20.4581 53.0651 0
    endloop
  endfacet
  facet normal 0 0 -1
    outer loop
      vertex -22.2313 61.08 0
      vertex -20.4581 53.0651 0
      vertex -20.5723 52.9163 0
    endloop
  endfacet
  facet normal 0 0 -1
    outer loop
      vertex -22.2313 61.08 0
      vertex -20.5723 52.9163 0
      vertex -20.6731 52.7581 0
    endloop
  endfacet
  facet normal 0 0 -1
    outer loop
      vertex -22.2313 61.08 0
      vertex -20.6731 52.7581 0
      vertex -20.7597 52.5917 0
    endloop
  endfacet
  facet normal 0 0 -1
    outer loop
      vertex -22.2313 61.08 0
      vertex -20.7597 52.5917 0
      vertex -20.8314 52.4184 0
    endloop
  endfacet
  facet normal 0 0 -1
    outer loop
      vertex -18.6237 53.8249 0
      vertex -22.2313 61.08 0
      vertex -16.8232 62.7852 0
    endloop
  endfacet
  facet normal 0 0 -1
    outer loop
      vertex -20.8878 52.2396 0
      vertex -22.2313 61.08 0
      vertex -20.8314 52.4184 0
    endloop
  endfacet
  facet normal 0 0 -1
    outer loop
      vertex -20.9284 52.0564 0
      vertex -22.2313 61.08 0
      vertex -20.8878 52.2396 0
    endloop
  endfacet
  facet normal 0 0 -1
    outer loop
      vertex -20.9529 51.8705 0
      vertex -22.2313 61.08 0
      vertex -20.9284 52.0564 0
    endloop
  endfacet
  facet normal 0 0 -1
    outer loop
      vertex -20.9611 51.6831 0
      vertex -22.2313 61.08 0
      vertex -20.9529 51.8705 0
    endloop
  endfacet
  facet normal 0 0 -1
    outer loop
      vertex -20.9529 51.4957 0
      vertex -22.2313 61.08 0
      vertex -20.9611 51.6831 0
    endloop
  endfacet
  facet normal 0 0 -1
    outer loop
      vertex -28.414 -52.7011 0
      vertex -22.2313 -61.08 0
      vertex -27.4702 -58.91 0
    endloop
  endfacet
  facet normal 0 0 -1
    outer loop
      vertex -28.25 51.9615 0
      vertex -20.9529 51.4957 0
      vertex -20.9284 51.3097 0
    endloop
  endfacet
  facet normal 0 0 -1
    outer loop
      vertex -20.9529 51.4957 0
      vertex -27.4702 58.91 0
      vertex -22.2313 61.08 0
    endloop
  endfacet
  facet normal 0 0 -1
    outer loop
      vertex -22.2313 -61.08 0
      vertex -28.2567 -52.114 0
      vertex -28.25 -51.9615 0
    endloop
  endfacet
  facet normal 0 0 -1
    outer loop
      vertex -22.2313 -61.08 0
      vertex -28.2766 -52.2654 0
      vertex -28.2567 -52.114 0
    endloop
  endfacet
  facet normal 0 0 -1
    outer loop
      vertex -22.2313 -61.08 0
      vertex -28.3096 -52.4145 0
      vertex -28.2766 -52.2654 0
    endloop
  endfacet
  facet normal 0 0 -1
    outer loop
      vertex -22.2313 -61.08 0
      vertex -28.3555 -52.5601 0
      vertex -28.3096 -52.4145 0
    endloop
  endfacet
  facet normal 0 0 -1
    outer loop
      vertex -22.2313 -61.08 0
      vertex -28.414 -52.7011 0
      vertex -28.3555 -52.5601 0
    endloop
  endfacet
  facet normal 0 0 -1
    outer loop
      vertex -27.4702 -58.91 0
      vertex -28.4845 -52.8365 0
      vertex -28.414 -52.7011 0
    endloop
  endfacet
  facet normal 0 0 -1
    outer loop
      vertex -27.4702 -58.91 0
      vertex -28.5665 -52.9653 0
      vertex -28.4845 -52.8365 0
    endloop
  endfacet
  facet normal 0 0 -1
    outer loop
      vertex -27.4702 -58.91 0
      vertex -28.6594 -53.0864 0
      vertex -28.5665 -52.9653 0
    endloop
  endfacet
  facet normal 0 0 -1
    outer loop
      vertex -27.4702 -58.91 0
      vertex -28.7626 -53.199 0
      vertex -28.6594 -53.0864 0
    endloop
  endfacet
  facet normal 0 0 -1
    outer loop
      vertex -27.4702 -58.91 0
      vertex -28.8751 -53.3021 0
      vertex -28.7626 -53.199 0
    endloop
  endfacet
  facet normal 0 0 -1
    outer loop
      vertex -27.4702 -58.91 0
      vertex -28.9962 -53.395 0
      vertex -28.8751 -53.3021 0
    endloop
  endfacet
  facet normal 0 0 -1
    outer loop
      vertex -27.4702 -58.91 0
      vertex -29.125 -53.4771 0
      vertex -28.9962 -53.395 0
    endloop
  endfacet
  facet normal 0 0 -1
    outer loop
      vertex -27.4702 -58.91 0
      vertex -29.2604 -53.5476 0
      vertex -29.125 -53.4771 0
    endloop
  endfacet
  facet normal 0 0 -1
    outer loop
      vertex -27.4702 -58.91 0
      vertex -29.4015 -53.606 0
      vertex -29.2604 -53.5476 0
    endloop
  endfacet
  facet normal 0 0 -1
    outer loop
      vertex -27.4702 -58.91 0
      vertex -29.5471 -53.6519 0
      vertex -29.4015 -53.606 0
    endloop
  endfacet
  facet normal 0 0 -1
    outer loop
      vertex -27.4702 -58.91 0
      vertex -29.6961 -53.6849 0
      vertex -29.5471 -53.6519 0
    endloop
  endfacet
  facet normal 0 0 -1
    outer loop
      vertex -27.4702 -58.91 0
      vertex -29.8475 -53.7049 0
      vertex -29.6961 -53.6849 0
    endloop
  endfacet
  facet normal 0 0 -1
    outer loop
      vertex -32.5 -56.2916 0
      vertex -29.8475 -53.7049 0
      vertex -27.4702 -58.91 0
    endloop
  endfacet
  facet normal 0 0 -1
    outer loop
      vertex -29.8475 -53.7049 0
      vertex -32.5 -56.2916 0
      vertex -30 -53.7115 0
    endloop
  endfacet
  facet normal -0 0 -1
    outer loop
      vertex -30 -53.7115 0
      vertex -32.5 -56.2916 0
      vertex -30.1525 -53.7049 0
    endloop
  endfacet
  facet normal -0 0 -1
    outer loop
      vertex -30.1525 -53.7049 0
      vertex -32.5 -56.2916 0
      vertex -30.3039 -53.6849 0
    endloop
  endfacet
  facet normal -0 0 -1
    outer loop
      vertex -30.3039 -53.6849 0
      vertex -32.5 -56.2916 0
      vertex -30.4529 -53.6519 0
    endloop
  endfacet
  facet normal -0 0 -1
    outer loop
      vertex -30.4529 -53.6519 0
      vertex -32.5 -56.2916 0
      vertex -30.5985 -53.606 0
    endloop
  endfacet
  facet normal -0 0 -1
    outer loop
      vertex -30.5985 -53.606 0
      vertex -32.5 -56.2916 0
      vertex -30.7396 -53.5476 0
    endloop
  endfacet
  facet normal -0 0 -1
    outer loop
      vertex -30.7396 -53.5476 0
      vertex -32.5 -56.2916 0
      vertex -30.875 -53.4771 0
    endloop
  endfacet
  facet normal -0 0 -1
    outer loop
      vertex -30.875 -53.4771 0
      vertex -32.5 -56.2916 0
      vertex -31.0038 -53.395 0
    endloop
  endfacet
  facet normal -0 0 -1
    outer loop
      vertex -31.0038 -53.395 0
      vertex -32.5 -56.2916 0
      vertex -31.1249 -53.3021 0
    endloop
  endfacet
  facet normal -0 0 -1
    outer loop
      vertex -31.1249 -53.3021 0
      vertex -32.5 -56.2916 0
      vertex -31.2374 -53.199 0
    endloop
  endfacet
  facet normal -0 0 -1
    outer loop
      vertex -31.2374 -53.199 0
      vertex -32.5 -56.2916 0
      vertex -31.3406 -53.0864 0
    endloop
  endfacet
  facet normal -0 0 -1
    outer loop
      vertex -31.75 -51.9615 0
      vertex -37.2825 -53.2449 0
      vertex -31.7433 -51.809 0
    endloop
  endfacet
  facet normal -0 0 -1
    outer loop
      vertex -31.7234 -52.2654 0
      vertex -37.2825 -53.2449 0
      vertex -31.7433 -52.114 0
    endloop
  endfacet
  facet normal -0 0 -1
    outer loop
      vertex -31.6904 -52.4145 0
      vertex -37.2825 -53.2449 0
      vertex -31.7234 -52.2654 0
    endloop
  endfacet
  facet normal -0 0 -1
    outer loop
      vertex -31.6445 -52.5601 0
      vertex -37.2825 -53.2449 0
      vertex -31.6904 -52.4145 0
    endloop
  endfacet
  facet normal -0 0 -1
    outer loop
      vertex -31.586 -52.7011 0
      vertex -37.2825 -53.2449 0
      vertex -31.6445 -52.5601 0
    endloop
  endfacet
  facet normal 0 0 -1
    outer loop
      vertex -37.2825 -53.2449 0
      vertex -31.586 -52.7011 0
      vertex -32.5 -56.2916 0
    endloop
  endfacet
  facet normal -0 0 -1
    outer loop
      vertex -31.5155 -52.8365 0
      vertex -32.5 -56.2916 0
      vertex -31.586 -52.7011 0
    endloop
  endfacet
  facet normal -0 0 -1
    outer loop
      vertex -31.4335 -52.9653 0
      vertex -32.5 -56.2916 0
      vertex -31.5155 -52.8365 0
    endloop
  endfacet
  facet normal -0 0 -1
    outer loop
      vertex -31.3406 -53.0864 0
      vertex -32.5 -56.2916 0
      vertex -31.4335 -52.9653 0
    endloop
  endfacet
  facet normal 0 0 -1
    outer loop
      vertex 7.02245 8.36903 0
      vertex 29.5471 50.2712 0
      vertex 7.72514 7.72514 0
    endloop
  endfacet
  facet normal -0 0 -1
    outer loop
      vertex 29.5471 50.2712 0
      vertex 7.02245 8.36903 0
      vertex 29.4015 50.3171 0
    endloop
  endfacet
  facet normal 0 0 -1
    outer loop
      vertex 6.26632 8.94924 0
      vertex 29.4015 50.3171 0
      vertex 7.02245 8.36903 0
    endloop
  endfacet
  facet normal -0 0 -1
    outer loop
      vertex 29.4015 50.3171 0
      vertex 6.26632 8.94924 0
      vertex 29.2604 50.3755 0
    endloop
  endfacet
  facet normal 0 0 -1
    outer loop
      vertex 5.4625 9.46133 0
      vertex 29.2604 50.3755 0
      vertex 6.26632 8.94924 0
    endloop
  endfacet
  facet normal -0 0 -1
    outer loop
      vertex 29.2604 50.3755 0
      vertex 5.4625 9.46133 0
      vertex 29.125 50.446 0
    endloop
  endfacet
  facet normal -0 0 -1
    outer loop
      vertex 29.125 50.446 0
      vertex 5.4625 9.46133 0
      vertex 28.9962 50.528 0
    endloop
  endfacet
  facet normal 0 0 -1
    outer loop
      vertex 4.6171 9.90141 0
      vertex 28.9962 50.528 0
      vertex 5.4625 9.46133 0
    endloop
  endfacet
  facet normal -0 0 -1
    outer loop
      vertex 28.9962 50.528 0
      vertex 4.6171 9.90141 0
      vertex 28.8751 50.6209 0
    endloop
  endfacet
  facet normal 0 0 -1
    outer loop
      vertex 3.73657 10.2661 0
      vertex 28.8751 50.6209 0
      vertex 4.6171 9.90141 0
    endloop
  endfacet
  facet normal -0 0 -1
    outer loop
      vertex 28.8751 50.6209 0
      vertex 3.73657 10.2661 0
      vertex 28.7626 50.7241 0
    endloop
  endfacet
  facet normal 0 0 -1
    outer loop
      vertex 2.8276 10.5527 0
      vertex 28.7626 50.7241 0
      vertex 3.73657 10.2661 0
    endloop
  endfacet
  facet normal -0 0 -1
    outer loop
      vertex 28.7626 50.7241 0
      vertex 2.8276 10.5527 0
      vertex 28.6594 50.8366 0
    endloop
  endfacet
  facet normal -0 0 -1
    outer loop
      vertex 28.6594 50.8366 0
      vertex 2.8276 10.5527 0
      vertex 28.5665 50.9578 0
    endloop
  endfacet
  facet normal 0 0 -1
    outer loop
      vertex 1.89711 10.759 0
      vertex 28.5665 50.9578 0
      vertex 2.8276 10.5527 0
    endloop
  endfacet
  facet normal 0 0 -1
    outer loop
      vertex -16.9492 50.6081 0
      vertex 28.5665 50.9578 0
      vertex 1.89711 10.759 0
    endloop
  endfacet
  facet normal -0 0 -1
    outer loop
      vertex 28.5665 50.9578 0
      vertex -16.9492 50.6081 0
      vertex 11.2871 64.0125 0
    endloop
  endfacet
  facet normal 0 0 -1
    outer loop
      vertex -16.9492 50.6081 0
      vertex 1.89711 10.759 0
      vertex 0.952176 10.8834 0
    endloop
  endfacet
  facet normal 0 0 -1
    outer loop
      vertex -17.1641 50.3011 0
      vertex 0.952176 10.8834 0
      vertex 0 10.925 0
    endloop
  endfacet
  facet normal 0 -0 -1
    outer loop
      vertex -16.8625 50.7745 0
      vertex 11.2871 64.0125 0
      vertex -16.9492 50.6081 0
    endloop
  endfacet
  facet normal 0 0 -1
    outer loop
      vertex -17.2908 50.1628 0
      vertex 0 10.925 0
      vertex -0.952176 10.8834 0
    endloop
  endfacet
  facet normal 0 0 -1
    outer loop
      vertex -17.4291 50.0361 0
      vertex -0.952176 10.8834 0
      vertex -1.89711 10.759 0
    endloop
  endfacet
  facet normal 0 0 -1
    outer loop
      vertex -17.7361 49.8211 0
      vertex -1.89711 10.759 0
      vertex -2.8276 10.5527 0
    endloop
  endfacet
  facet normal 0 0 -1
    outer loop
      vertex -17.9025 49.7345 0
      vertex -2.8276 10.5527 0
      vertex -3.73657 10.2661 0
    endloop
  endfacet
  facet normal 0 0 -1
    outer loop
      vertex -18.2546 49.6064 0
      vertex -3.73657 10.2661 0
      vertex -4.6171 9.90141 0
    endloop
  endfacet
  facet normal 0 0 -1
    outer loop
      vertex -18.4378 49.5658 0
      vertex -4.6171 9.90141 0
      vertex -5.4625 9.46133 0
    endloop
  endfacet
  facet normal -0 0 -1
    outer loop
      vertex 11.2871 64.0125 0
      vertex -16.8625 50.7745 0
      vertex 5.66512 64.7527 0
    endloop
  endfacet
  facet normal 0 0 -1
    outer loop
      vertex -18.6237 49.5413 0
      vertex -5.4625 9.46133 0
      vertex -6.26632 8.94924 0
    endloop
  endfacet
  facet normal 0 0 -1
    outer loop
      vertex -18.9985 49.5413 0
      vertex -6.26632 8.94924 0
      vertex -7.02245 8.36903 0
    endloop
  endfacet
  facet normal 0 0 -1
    outer loop
      vertex -19.1845 49.5658 0
      vertex -7.02245 8.36903 0
      vertex -7.72514 7.72514 0
    endloop
  endfacet
  facet normal 0 0 -1
    outer loop
      vertex -19.3676 49.6064 0
      vertex -7.72514 7.72514 0
      vertex -8.36903 7.02245 0
    endloop
  endfacet
  facet normal 0 0 -1
    outer loop
      vertex -19.7197 49.7345 0
      vertex -8.36903 7.02245 0
      vertex -8.94924 6.26632 0
    endloop
  endfacet
  facet normal 0 0 -1
    outer loop
      vertex -28.25 51.9615 0
      vertex -8.94924 6.26632 0
      vertex -9.46133 5.4625 0
    endloop
  endfacet
  facet normal 0 0 -1
    outer loop
      vertex -28.25 51.9615 0
      vertex -9.46133 5.4625 0
      vertex -9.90141 4.6171 0
    endloop
  endfacet
  facet normal 0 0 -1
    outer loop
      vertex -28.25 51.9615 0
      vertex -9.90141 4.6171 0
      vertex -10.2661 3.73657 0
    endloop
  endfacet
  facet normal 0 0 -1
    outer loop
      vertex -28.25 51.9615 0
      vertex -10.2661 3.73657 0
      vertex -10.5527 2.8276 0
    endloop
  endfacet
  facet normal 0 0 -1
    outer loop
      vertex -28.25 51.9615 0
      vertex -10.5527 2.8276 0
      vertex -10.759 1.89711 0
    endloop
  endfacet
  facet normal 0 0 -1
    outer loop
      vertex -28.25 51.9615 0
      vertex -10.759 1.89711 0
      vertex -10.8834 0.952176 0
    endloop
  endfacet
  facet normal 0 -0 -1
    outer loop
      vertex -16.7344 51.1266 0
      vertex 5.66512 64.7527 0
      vertex -16.7908 50.9478 0
    endloop
  endfacet
  facet normal 0 0 -1
    outer loop
      vertex -28.25 51.9615 0
      vertex -10.8834 0.952176 0
      vertex -10.925 0 0
    endloop
  endfacet
  facet normal 0 0 -1
    outer loop
      vertex -28.9962 -50.528 0
      vertex -4.6171 -9.90141 0
      vertex -28.8751 -50.6209 0
    endloop
  endfacet
  facet normal 0 -0 -1
    outer loop
      vertex -16.6938 51.3097 0
      vertex 0 65 0
      vertex -16.7344 51.1266 0
    endloop
  endfacet
  facet normal 0 0 -1
    outer loop
      vertex -16.6693 51.8705 0
      vertex -5.66512 64.7527 0
      vertex -16.6611 51.6831 0
    endloop
  endfacet
  facet normal 0 -0 -1
    outer loop
      vertex -16.6611 51.6831 0
      vertex -5.66512 64.7527 0
      vertex -16.6693 51.4957 0
    endloop
  endfacet
  facet normal 0 0 -1
    outer loop
      vertex 0 65 0
      vertex -16.6693 51.4957 0
      vertex -5.66512 64.7527 0
    endloop
  endfacet
  facet normal 0 -0 -1
    outer loop
      vertex -16.6693 51.4957 0
      vertex 0 65 0
      vertex -16.6938 51.3097 0
    endloop
  endfacet
  facet normal -0 0 -1
    outer loop
      vertex -4.6171 -9.90141 0
      vertex -28.9962 -50.528 0
      vertex -5.4625 -9.46133 0
    endloop
  endfacet
  facet normal -0 0 -1
    outer loop
      vertex 5.66512 64.7527 0
      vertex -16.7344 51.1266 0
      vertex 0 65 0
    endloop
  endfacet
  facet normal 0 -0 -1
    outer loop
      vertex -16.7908 50.9478 0
      vertex 5.66512 64.7527 0
      vertex -16.8625 50.7745 0
    endloop
  endfacet
  facet normal 0 0 -1
    outer loop
      vertex 0.952176 10.8834 0
      vertex -17.0499 50.4499 0
      vertex -16.9492 50.6081 0
    endloop
  endfacet
  facet normal 0 0 -1
    outer loop
      vertex 0.952176 10.8834 0
      vertex -17.1641 50.3011 0
      vertex -17.0499 50.4499 0
    endloop
  endfacet
  facet normal 0 0 -1
    outer loop
      vertex 0 10.925 0
      vertex -17.2908 50.1628 0
      vertex -17.1641 50.3011 0
    endloop
  endfacet
  facet normal 0 0 -1
    outer loop
      vertex -0.952176 10.8834 0
      vertex -17.4291 50.0361 0
      vertex -17.2908 50.1628 0
    endloop
  endfacet
  facet normal 0 0 -1
    outer loop
      vertex -1.89711 10.759 0
      vertex -17.5779 49.9219 0
      vertex -17.4291 50.0361 0
    endloop
  endfacet
  facet normal 0 0 -1
    outer loop
      vertex -1.89711 10.759 0
      vertex -17.7361 49.8211 0
      vertex -17.5779 49.9219 0
    endloop
  endfacet
  facet normal 0 0 -1
    outer loop
      vertex -2.8276 10.5527 0
      vertex -17.9025 49.7345 0
      vertex -17.7361 49.8211 0
    endloop
  endfacet
  facet normal 0 0 -1
    outer loop
      vertex -3.73657 10.2661 0
      vertex -18.0758 49.6628 0
      vertex -17.9025 49.7345 0
    endloop
  endfacet
  facet normal 0 0 -1
    outer loop
      vertex -3.73657 10.2661 0
      vertex -18.2546 49.6064 0
      vertex -18.0758 49.6628 0
    endloop
  endfacet
  facet normal 0 0 -1
    outer loop
      vertex -29.125 -50.446 0
      vertex -5.4625 -9.46133 0
      vertex -28.9962 -50.528 0
    endloop
  endfacet
  facet normal 0 0 -1
    outer loop
      vertex -4.6171 9.90141 0
      vertex -18.4378 49.5658 0
      vertex -18.2546 49.6064 0
    endloop
  endfacet
  facet normal 0 0 -1
    outer loop
      vertex -5.4625 9.46133 0
      vertex -18.6237 49.5413 0
      vertex -18.4378 49.5658 0
    endloop
  endfacet
  facet normal 0 0 -1
    outer loop
      vertex -6.26632 8.94924 0
      vertex -18.8111 49.5331 0
      vertex -18.6237 49.5413 0
    endloop
  endfacet
  facet normal 0 0 -1
    outer loop
      vertex -6.26632 8.94924 0
      vertex -18.9985 49.5413 0
      vertex -18.8111 49.5331 0
    endloop
  endfacet
  facet normal 0 0 -1
    outer loop
      vertex -7.02245 8.36903 0
      vertex -19.1845 49.5658 0
      vertex -18.9985 49.5413 0
    endloop
  endfacet
  facet normal 0 0 -1
    outer loop
      vertex -7.72514 7.72514 0
      vertex -19.3676 49.6064 0
      vertex -19.1845 49.5658 0
    endloop
  endfacet
  facet normal 0 0 -1
    outer loop
      vertex -8.36903 7.02245 0
      vertex -19.5465 49.6628 0
      vertex -19.3676 49.6064 0
    endloop
  endfacet
  facet normal 0 0 -1
    outer loop
      vertex -8.36903 7.02245 0
      vertex -19.7197 49.7345 0
      vertex -19.5465 49.6628 0
    endloop
  endfacet
  facet normal 0 0 -1
    outer loop
      vertex -28.25 51.9615 0
      vertex -19.7197 49.7345 0
      vertex -8.94924 6.26632 0
    endloop
  endfacet
  facet normal 0 0 -1
    outer loop
      vertex -19.7197 49.7345 0
      vertex -28.25 51.9615 0
      vertex -19.8861 49.8211 0
    endloop
  endfacet
  facet normal 0 0 -1
    outer loop
      vertex -19.8861 49.8211 0
      vertex -28.25 51.9615 0
      vertex -20.0443 49.9219 0
    endloop
  endfacet
  facet normal 0 0 -1
    outer loop
      vertex -20.0443 49.9219 0
      vertex -28.25 51.9615 0
      vertex -20.1931 50.0361 0
    endloop
  endfacet
  facet normal 0 0 -1
    outer loop
      vertex -20.1931 50.0361 0
      vertex -28.25 51.9615 0
      vertex -20.3314 50.1628 0
    endloop
  endfacet
  facet normal 0 0 -1
    outer loop
      vertex -20.3314 50.1628 0
      vertex -28.25 51.9615 0
      vertex -20.4581 50.3011 0
    endloop
  endfacet
  facet normal 0 0 -1
    outer loop
      vertex -20.4581 50.3011 0
      vertex -28.25 51.9615 0
      vertex -20.5723 50.4499 0
    endloop
  endfacet
  facet normal 0 0 -1
    outer loop
      vertex -28.25 51.9615 0
      vertex -20.6731 50.6081 0
      vertex -20.5723 50.4499 0
    endloop
  endfacet
  facet normal 0 0 -1
    outer loop
      vertex -29.2604 -50.3755 0
      vertex -5.4625 -9.46133 0
      vertex -29.125 -50.446 0
    endloop
  endfacet
  facet normal 0 0 -1
    outer loop
      vertex -28.25 51.9615 0
      vertex -20.7597 50.7745 0
      vertex -20.6731 50.6081 0
    endloop
  endfacet
  facet normal 0 0 -1
    outer loop
      vertex -28.25 51.9615 0
      vertex -20.8314 50.9478 0
      vertex -20.7597 50.7745 0
    endloop
  endfacet
  facet normal 0 0 -1
    outer loop
      vertex -28.25 51.9615 0
      vertex -20.8878 51.1266 0
      vertex -20.8314 50.9478 0
    endloop
  endfacet
  facet normal 0 0 -1
    outer loop
      vertex -28.25 51.9615 0
      vertex -20.9284 51.3097 0
      vertex -20.8878 51.1266 0
    endloop
  endfacet
  facet normal 0 0 -1
    outer loop
      vertex 9.46133 5.4625 0
      vertex 49.6064 18.2546 0
      vertex 9.90141 4.6171 0
    endloop
  endfacet
  facet normal 0 0 -1
    outer loop
      vertex 8.94924 6.26632 0
      vertex 49.6064 18.2546 0
      vertex 9.46133 5.4625 0
    endloop
  endfacet
  facet normal 0 0 -1
    outer loop
      vertex 8.36903 7.02245 0
      vertex 49.6064 18.2546 0
      vertex 8.94924 6.26632 0
    endloop
  endfacet
  facet normal 0 0 -1
    outer loop
      vertex 7.72514 7.72514 0
      vertex 49.6064 18.2546 0
      vertex 8.36903 7.02245 0
    endloop
  endfacet
  facet normal -0 0 -1
    outer loop
      vertex 49.6064 18.2546 0
      vertex 7.72514 7.72514 0
      vertex 29.6961 50.2381 0
    endloop
  endfacet
  facet normal 0 0 -1
    outer loop
      vertex 10.8834 -0.952176 0
      vertex 20.7597 -50.7745 0
      vertex 20.6731 -50.6081 0
    endloop
  endfacet
  facet normal 0 0 -1
    outer loop
      vertex 10.759 -1.89711 0
      vertex 20.6731 -50.6081 0
      vertex 20.5723 -50.4499 0
    endloop
  endfacet
  facet normal 0 0 -1
    outer loop
      vertex 10.5527 -2.8276 0
      vertex 20.5723 -50.4499 0
      vertex 20.4581 -50.3011 0
    endloop
  endfacet
  facet normal 0 0 -1
    outer loop
      vertex 10.2661 -3.73657 0
      vertex 20.4581 -50.3011 0
      vertex 20.3314 -50.1628 0
    endloop
  endfacet
  facet normal 0 0 -1
    outer loop
      vertex 10.2661 -3.73657 0
      vertex 20.3314 -50.1628 0
      vertex 20.1931 -50.0361 0
    endloop
  endfacet
  facet normal 0 0 -1
    outer loop
      vertex 9.90141 -4.6171 0
      vertex 20.1931 -50.0361 0
      vertex 20.0443 -49.9219 0
    endloop
  endfacet
  facet normal 0 0 -1
    outer loop
      vertex 9.46133 -5.4625 0
      vertex 20.0443 -49.9219 0
      vertex 19.8861 -49.8211 0
    endloop
  endfacet
  facet normal 0 0 -1
    outer loop
      vertex 8.94924 -6.26632 0
      vertex 19.8861 -49.8211 0
      vertex 19.7197 -49.7345 0
    endloop
  endfacet
  facet normal 0 0 -1
    outer loop
      vertex 8.36903 -7.02245 0
      vertex 19.7197 -49.7345 0
      vertex 19.5465 -49.6628 0
    endloop
  endfacet
  facet normal 0 0 -1
    outer loop
      vertex 8.36903 -7.02245 0
      vertex 19.5465 -49.6628 0
      vertex 19.3676 -49.6064 0
    endloop
  endfacet
  facet normal 0 0 -1
    outer loop
      vertex 7.72514 -7.72514 0
      vertex 19.3676 -49.6064 0
      vertex 19.1845 -49.5658 0
    endloop
  endfacet
  facet normal 0 0 -1
    outer loop
      vertex 7.02245 -8.36903 0
      vertex 19.1845 -49.5658 0
      vertex 18.9985 -49.5413 0
    endloop
  endfacet
  facet normal 0 0 -1
    outer loop
      vertex 6.26632 -8.94924 0
      vertex 18.9985 -49.5413 0
      vertex 18.8111 -49.5331 0
    endloop
  endfacet
  facet normal 0 0 -1
    outer loop
      vertex 6.26632 -8.94924 0
      vertex 18.8111 -49.5331 0
      vertex 18.6237 -49.5413 0
    endloop
  endfacet
  facet normal 0 0 -1
    outer loop
      vertex 5.4625 -9.46133 0
      vertex 18.6237 -49.5413 0
      vertex 18.4378 -49.5658 0
    endloop
  endfacet
  facet normal 0 0 -1
    outer loop
      vertex 4.6171 -9.90141 0
      vertex 18.4378 -49.5658 0
      vertex 18.2546 -49.6064 0
    endloop
  endfacet
  facet normal 0 0 -1
    outer loop
      vertex 3.73657 -10.2661 0
      vertex 18.2546 -49.6064 0
      vertex 18.0758 -49.6628 0
    endloop
  endfacet
  facet normal 0 0 -1
    outer loop
      vertex 3.73657 -10.2661 0
      vertex 18.0758 -49.6628 0
      vertex 17.9025 -49.7345 0
    endloop
  endfacet
  facet normal 0 0 -1
    outer loop
      vertex 2.8276 -10.5527 0
      vertex 17.9025 -49.7345 0
      vertex 17.7361 -49.8211 0
    endloop
  endfacet
  facet normal 0 0 -1
    outer loop
      vertex 1.89711 -10.759 0
      vertex 17.7361 -49.8211 0
      vertex 17.5779 -49.9219 0
    endloop
  endfacet
  facet normal 0 0 -1
    outer loop
      vertex 1.89711 -10.759 0
      vertex 17.5779 -49.9219 0
      vertex 17.4291 -50.0361 0
    endloop
  endfacet
  facet normal 0 0 -1
    outer loop
      vertex 0.952176 -10.8834 0
      vertex 17.4291 -50.0361 0
      vertex 17.2908 -50.1628 0
    endloop
  endfacet
  facet normal 0 0 -1
    outer loop
      vertex 0 -10.925 0
      vertex 17.2908 -50.1628 0
      vertex 17.1641 -50.3011 0
    endloop
  endfacet
  facet normal 0 0 -1
    outer loop
      vertex -0.952176 -10.8834 0
      vertex 17.1641 -50.3011 0
      vertex 17.0499 -50.4499 0
    endloop
  endfacet
  facet normal 0 0 -1
    outer loop
      vertex -0.952176 -10.8834 0
      vertex 17.0499 -50.4499 0
      vertex 16.9492 -50.6081 0
    endloop
  endfacet
  facet normal 0 0 -1
    outer loop
      vertex -11.2871 -64.0125 0
      vertex 16.9492 -50.6081 0
      vertex 16.8625 -50.7745 0
    endloop
  endfacet
  facet normal 0 0 -1
    outer loop
      vertex 28.5665 50.9578 0
      vertex 11.2871 64.0125 0
      vertex 28.4845 51.0865 0
    endloop
  endfacet
  facet normal 0 0 -1
    outer loop
      vertex -5.66512 -64.7527 0
      vertex 16.8625 -50.7745 0
      vertex 16.7908 -50.9478 0
    endloop
  endfacet
  facet normal 0 0 -1
    outer loop
      vertex -5.66512 -64.7527 0
      vertex 16.7908 -50.9478 0
      vertex 16.7344 -51.1266 0
    endloop
  endfacet
  facet normal 0 0 -1
    outer loop
      vertex 0 -65 0
      vertex 16.7344 -51.1266 0
      vertex 16.6938 -51.3097 0
    endloop
  endfacet
  facet normal 0 0 -1
    outer loop
      vertex 0 -65 0
      vertex 16.6938 -51.3097 0
      vertex 16.6693 -51.4957 0
    endloop
  endfacet
  facet normal 0 0 -1
    outer loop
      vertex 5.66512 -64.7527 0
      vertex 16.6693 -51.4957 0
      vertex 16.6611 -51.6831 0
    endloop
  endfacet
  facet normal -0 0 -1
    outer loop
      vertex 16.6693 -51.8705 0
      vertex 5.66512 -64.7527 0
      vertex 16.6611 -51.6831 0
    endloop
  endfacet
  facet normal 0 0 -1
    outer loop
      vertex 28.4845 51.0865 0
      vertex 16.8232 62.7852 0
      vertex 22.2313 61.08 0
    endloop
  endfacet
  facet normal 0 0 -1
    outer loop
      vertex 28.4845 51.0865 0
      vertex 11.2871 64.0125 0
      vertex 16.8232 62.7852 0
    endloop
  endfacet
  facet normal -0 0 -1
    outer loop
      vertex 29.6961 50.2381 0
      vertex 7.72514 7.72514 0
      vertex 29.5471 50.2712 0
    endloop
  endfacet
  facet normal 0 0 -1
    outer loop
      vertex 20.6731 -50.6081 0
      vertex 10.759 -1.89711 0
      vertex 10.8834 -0.952176 0
    endloop
  endfacet
  facet normal 0 0 -1
    outer loop
      vertex 20.5723 -50.4499 0
      vertex 10.5527 -2.8276 0
      vertex 10.759 -1.89711 0
    endloop
  endfacet
  facet normal 0 0 -1
    outer loop
      vertex 20.4581 -50.3011 0
      vertex 10.2661 -3.73657 0
      vertex 10.5527 -2.8276 0
    endloop
  endfacet
  facet normal 0 0 -1
    outer loop
      vertex 20.1931 -50.0361 0
      vertex 9.90141 -4.6171 0
      vertex 10.2661 -3.73657 0
    endloop
  endfacet
  facet normal 0 0 -1
    outer loop
      vertex 20.0443 -49.9219 0
      vertex 9.46133 -5.4625 0
      vertex 9.90141 -4.6171 0
    endloop
  endfacet
  facet normal 0 0 -1
    outer loop
      vertex 19.8861 -49.8211 0
      vertex 8.94924 -6.26632 0
      vertex 9.46133 -5.4625 0
    endloop
  endfacet
  facet normal 0 0 -1
    outer loop
      vertex 19.7197 -49.7345 0
      vertex 8.36903 -7.02245 0
      vertex 8.94924 -6.26632 0
    endloop
  endfacet
  facet normal 0 0 -1
    outer loop
      vertex 19.3676 -49.6064 0
      vertex 7.72514 -7.72514 0
      vertex 8.36903 -7.02245 0
    endloop
  endfacet
  facet normal 0 0 -1
    outer loop
      vertex 19.1845 -49.5658 0
      vertex 7.02245 -8.36903 0
      vertex 7.72514 -7.72514 0
    endloop
  endfacet
  facet normal 0 0 -1
    outer loop
      vertex 18.9985 -49.5413 0
      vertex 6.26632 -8.94924 0
      vertex 7.02245 -8.36903 0
    endloop
  endfacet
  facet normal 0 0 -1
    outer loop
      vertex 16.6693 -51.4957 0
      vertex 5.66512 -64.7527 0
      vertex 0 -65 0
    endloop
  endfacet
  facet normal 0 0 -1
    outer loop
      vertex 18.6237 -49.5413 0
      vertex 5.4625 -9.46133 0
      vertex 6.26632 -8.94924 0
    endloop
  endfacet
  facet normal 0 0 -1
    outer loop
      vertex 18.4378 -49.5658 0
      vertex 4.6171 -9.90141 0
      vertex 5.4625 -9.46133 0
    endloop
  endfacet
  facet normal 0 0 -1
    outer loop
      vertex 18.2546 -49.6064 0
      vertex 3.73657 -10.2661 0
      vertex 4.6171 -9.90141 0
    endloop
  endfacet
  facet normal 0 0 -1
    outer loop
      vertex 17.9025 -49.7345 0
      vertex 2.8276 -10.5527 0
      vertex 3.73657 -10.2661 0
    endloop
  endfacet
  facet normal 0 0 -1
    outer loop
      vertex 17.7361 -49.8211 0
      vertex 1.89711 -10.759 0
      vertex 2.8276 -10.5527 0
    endloop
  endfacet
  facet normal 0 0 -1
    outer loop
      vertex 17.4291 -50.0361 0
      vertex 0.952176 -10.8834 0
      vertex 1.89711 -10.759 0
    endloop
  endfacet
  facet normal 0 0 -1
    outer loop
      vertex 16.7344 -51.1266 0
      vertex 0 -65 0
      vertex -5.66512 -64.7527 0
    endloop
  endfacet
  facet normal 0 0 -1
    outer loop
      vertex 17.2908 -50.1628 0
      vertex 0 -10.925 0
      vertex 0.952176 -10.8834 0
    endloop
  endfacet
  facet normal 0 0 -1
    outer loop
      vertex 17.1641 -50.3011 0
      vertex -0.952176 -10.8834 0
      vertex 0 -10.925 0
    endloop
  endfacet
  facet normal 0 0 -1
    outer loop
      vertex 16.8625 -50.7745 0
      vertex -5.66512 -64.7527 0
      vertex -11.2871 -64.0125 0
    endloop
  endfacet
  facet normal 0 0 -1
    outer loop
      vertex 16.9492 -50.6081 0
      vertex -1.89711 -10.759 0
      vertex -0.952176 -10.8834 0
    endloop
  endfacet
  facet normal 0 0 -1
    outer loop
      vertex -28.2766 -51.6576 0
      vertex -16.8232 -62.7852 0
      vertex -28.2567 -51.809 0
    endloop
  endfacet
  facet normal 0 0 -1
    outer loop
      vertex -28.3096 -51.5086 0
      vertex -16.8232 -62.7852 0
      vertex -28.2766 -51.6576 0
    endloop
  endfacet
  facet normal 0 0 -1
    outer loop
      vertex -22.2313 -61.08 0
      vertex -28.2567 -51.809 0
      vertex -16.8232 -62.7852 0
    endloop
  endfacet
  facet normal 0 0 -1
    outer loop
      vertex -28.3555 -51.363 0
      vertex -16.8232 -62.7852 0
      vertex -28.3096 -51.5086 0
    endloop
  endfacet
  facet normal 0 0 -1
    outer loop
      vertex -28.2567 -51.809 0
      vertex -22.2313 -61.08 0
      vertex -28.25 -51.9615 0
    endloop
  endfacet
  facet normal 0 0 -1
    outer loop
      vertex -16.8232 -62.7852 0
      vertex -28.3555 -51.363 0
      vertex -11.2871 -64.0125 0
    endloop
  endfacet
  facet normal 0 0 -1
    outer loop
      vertex -28.414 -51.2219 0
      vertex -11.2871 -64.0125 0
      vertex -28.3555 -51.363 0
    endloop
  endfacet
  facet normal 0 0 -1
    outer loop
      vertex -28.4845 -51.0865 0
      vertex -11.2871 -64.0125 0
      vertex -28.414 -51.2219 0
    endloop
  endfacet
  facet normal 0 0 -1
    outer loop
      vertex -11.2871 -64.0125 0
      vertex -28.4845 -51.0865 0
      vertex 16.9492 -50.6081 0
    endloop
  endfacet
  facet normal -0 0 -1
    outer loop
      vertex 16.9492 -50.6081 0
      vertex -28.4845 -51.0865 0
      vertex -1.89711 -10.759 0
    endloop
  endfacet
  facet normal 0 0 -1
    outer loop
      vertex -28.5665 -50.9578 0
      vertex -1.89711 -10.759 0
      vertex -28.4845 -51.0865 0
    endloop
  endfacet
  facet normal -0 0 -1
    outer loop
      vertex -1.89711 -10.759 0
      vertex -28.5665 -50.9578 0
      vertex -2.8276 -10.5527 0
    endloop
  endfacet
  facet normal 0 0 -1
    outer loop
      vertex -28.6594 -50.8366 0
      vertex -2.8276 -10.5527 0
      vertex -28.5665 -50.9578 0
    endloop
  endfacet
  facet normal 0 0 -1
    outer loop
      vertex -28.7626 -50.7241 0
      vertex -2.8276 -10.5527 0
      vertex -28.6594 -50.8366 0
    endloop
  endfacet
  facet normal -0 0 -1
    outer loop
      vertex -2.8276 -10.5527 0
      vertex -28.7626 -50.7241 0
      vertex -3.73657 -10.2661 0
    endloop
  endfacet
  facet normal -0 0 -1
    outer loop
      vertex -3.73657 -10.2661 0
      vertex -28.8751 -50.6209 0
      vertex -4.6171 -9.90141 0
    endloop
  endfacet
  facet normal 0 0 -1
    outer loop
      vertex -28.8751 -50.6209 0
      vertex -3.73657 -10.2661 0
      vertex -28.7626 -50.7241 0
    endloop
  endfacet
  facet normal 0 0 -1
    outer loop
      vertex 30.7396 -50.3755 0
      vertex 41.7812 -49.7929 0
      vertex 30.875 -50.446 0
    endloop
  endfacet
  facet normal 0 0 -1
    outer loop
      vertex 49.6064 18.2546 0
      vertex 31.7433 51.809 0
      vertex 31.75 51.9615 0
    endloop
  endfacet
  facet normal -0 0 -1
    outer loop
      vertex 41.7812 -49.7929 0
      vertex 30.7396 -50.3755 0
      vertex 45.9619 -45.9619 0
    endloop
  endfacet
  facet normal 0 0 -1
    outer loop
      vertex 49.6064 18.2546 0
      vertex 31.7234 51.6576 0
      vertex 31.7433 51.809 0
    endloop
  endfacet
  facet normal 0 0 -1
    outer loop
      vertex 30.5985 -50.3171 0
      vertex 45.9619 -45.9619 0
      vertex 30.7396 -50.3755 0
    endloop
  endfacet
  facet normal 0 0 -1
    outer loop
      vertex 49.6064 18.2546 0
      vertex 31.6904 51.5086 0
      vertex 31.7234 51.6576 0
    endloop
  endfacet
  facet normal 0 0 -1
    outer loop
      vertex 30.4529 -50.2712 0
      vertex 45.9619 -45.9619 0
      vertex 30.5985 -50.3171 0
    endloop
  endfacet
  facet normal 0 0 -1
    outer loop
      vertex 49.6064 18.2546 0
      vertex 31.6445 51.363 0
      vertex 31.6904 51.5086 0
    endloop
  endfacet
  facet normal 0 0 -1
    outer loop
      vertex 30.3039 -50.2381 0
      vertex 45.9619 -45.9619 0
      vertex 30.4529 -50.2712 0
    endloop
  endfacet
  facet normal 0 0 -1
    outer loop
      vertex 49.6064 18.2546 0
      vertex 31.586 51.2219 0
      vertex 31.6445 51.363 0
    endloop
  endfacet
  facet normal -0 0 -1
    outer loop
      vertex 45.9619 -45.9619 0
      vertex 30.3039 -50.2381 0
      vertex 49.7929 -41.7812 0
    endloop
  endfacet
  facet normal 0 0 -1
    outer loop
      vertex 49.6064 18.2546 0
      vertex 31.5155 51.0865 0
      vertex 31.586 51.2219 0
    endloop
  endfacet
  facet normal 0 0 -1
    outer loop
      vertex 30.1525 -50.2182 0
      vertex 49.7929 -41.7812 0
      vertex 30.3039 -50.2381 0
    endloop
  endfacet
  facet normal 0 0 -1
    outer loop
      vertex 49.6064 18.2546 0
      vertex 31.4335 50.9578 0
      vertex 31.5155 51.0865 0
    endloop
  endfacet
  facet normal 0 0 -1
    outer loop
      vertex 30 -50.2115 0
      vertex 49.7929 -41.7812 0
      vertex 30.1525 -50.2182 0
    endloop
  endfacet
  facet normal 0 0 -1
    outer loop
      vertex 49.6064 18.2546 0
      vertex 31.3406 50.8366 0
      vertex 31.4335 50.9578 0
    endloop
  endfacet
  facet normal -0 0 -1
    outer loop
      vertex 49.7929 -41.7812 0
      vertex 30 -50.2115 0
      vertex 53.2449 -37.2825 0
    endloop
  endfacet
  facet normal 0 0 -1
    outer loop
      vertex 49.6064 18.2546 0
      vertex 31.2374 50.7241 0
      vertex 31.3406 50.8366 0
    endloop
  endfacet
  facet normal 0 0 -1
    outer loop
      vertex 10.8834 -0.952176 0
      vertex 30 -50.2115 0
      vertex 29.8475 -50.2182 0
    endloop
  endfacet
  facet normal 0 0 -1
    outer loop
      vertex 49.6064 18.2546 0
      vertex 31.1249 50.6209 0
      vertex 31.2374 50.7241 0
    endloop
  endfacet
  facet normal 0 0 -1
    outer loop
      vertex 30 -50.2115 0
      vertex 10.8834 -0.952176 0
      vertex 53.2449 -37.2825 0
    endloop
  endfacet
  facet normal 0 0 -1
    outer loop
      vertex 49.6064 18.2546 0
      vertex 31.0038 50.528 0
      vertex 31.1249 50.6209 0
    endloop
  endfacet
  facet normal 0 0 -1
    outer loop
      vertex 53.2449 -37.2825 0
      vertex 10.8834 -0.952176 0
      vertex 56.2916 -32.5 0
    endloop
  endfacet
  facet normal 0 0 -1
    outer loop
      vertex 49.6064 18.2546 0
      vertex 30.875 50.446 0
      vertex 31.0038 50.528 0
    endloop
  endfacet
  facet normal 0 0 -1
    outer loop
      vertex 10.8834 -0.952176 0
      vertex 29.8475 -50.2182 0
      vertex 29.6961 -50.2381 0
    endloop
  endfacet
  facet normal 0 0 -1
    outer loop
      vertex 49.6064 18.2546 0
      vertex 30.7396 50.3755 0
      vertex 30.875 50.446 0
    endloop
  endfacet
  facet normal -0 0 -1
    outer loop
      vertex 29.5471 -50.2712 0
      vertex 20.7597 -50.7745 0
      vertex 29.6961 -50.2381 0
    endloop
  endfacet
  facet normal 0 0 -1
    outer loop
      vertex 49.6064 18.2546 0
      vertex 30.5985 50.3171 0
      vertex 30.7396 50.3755 0
    endloop
  endfacet
  facet normal -0 0 -1
    outer loop
      vertex 29.4015 -50.3171 0
      vertex 20.7597 -50.7745 0
      vertex 29.5471 -50.2712 0
    endloop
  endfacet
  facet normal 0 0 -1
    outer loop
      vertex 49.6064 18.2546 0
      vertex 30.4529 50.2712 0
      vertex 30.5985 50.3171 0
    endloop
  endfacet
  facet normal -0 0 -1
    outer loop
      vertex 28.8751 -50.6209 0
      vertex 20.7597 -50.7745 0
      vertex 28.9962 -50.528 0
    endloop
  endfacet
  facet normal 0 0 -1
    outer loop
      vertex 49.6064 18.2546 0
      vertex 30.3039 50.2381 0
      vertex 30.4529 50.2712 0
    endloop
  endfacet
  facet normal -0 0 -1
    outer loop
      vertex 28.9962 -50.528 0
      vertex 20.7597 -50.7745 0
      vertex 29.125 -50.446 0
    endloop
  endfacet
  facet normal 0 0 -1
    outer loop
      vertex 49.6064 18.2546 0
      vertex 30.1525 50.2182 0
      vertex 30.3039 50.2381 0
    endloop
  endfacet
  facet normal 0 0 -1
    outer loop
      vertex 10.8834 -0.952176 0
      vertex 29.6961 -50.2381 0
      vertex 20.7597 -50.7745 0
    endloop
  endfacet
  facet normal 0 0 -1
    outer loop
      vertex 49.6064 18.2546 0
      vertex 30 50.2115 0
      vertex 30.1525 50.2182 0
    endloop
  endfacet
  facet normal -0 0 -1
    outer loop
      vertex 58.414 -0.739581 0
      vertex 10.8834 -0.952176 0
      vertex 58.3555 -0.598535 0
    endloop
  endfacet
  facet normal 0 0 -1
    outer loop
      vertex 49.6064 18.2546 0
      vertex 29.8475 50.2182 0
      vertex 30 50.2115 0
    endloop
  endfacet
  facet normal -0 0 -1
    outer loop
      vertex 58.3555 -0.598535 0
      vertex 10.8834 -0.952176 0
      vertex 58.3096 -0.452933 0
    endloop
  endfacet
  facet normal 0 0 -1
    outer loop
      vertex 49.6064 18.2546 0
      vertex 29.6961 50.2381 0
      vertex 29.8475 50.2182 0
    endloop
  endfacet
  facet normal -0 0 -1
    outer loop
      vertex 58.3096 -0.452933 0
      vertex 10.8834 -0.952176 0
      vertex 58.2766 -0.303884 0
    endloop
  endfacet
  facet normal -0 0 -1
    outer loop
      vertex 49.6628 18.0758 0
      vertex 10.2661 3.73657 0
      vertex 49.6064 18.2546 0
    endloop
  endfacet
  facet normal -0 0 -1
    outer loop
      vertex 28.7626 -50.7241 0
      vertex 20.7597 -50.7745 0
      vertex 28.8751 -50.6209 0
    endloop
  endfacet
  facet normal -0 0 -1
    outer loop
      vertex 50.3011 17.1641 0
      vertex 10.925 0 0
      vertex 50.1628 17.2908 0
    endloop
  endfacet
  facet normal 0 0 -1
    outer loop
      vertex 28.6594 -50.8366 0
      vertex 20.7597 -50.7745 0
      vertex 28.7626 -50.7241 0
    endloop
  endfacet
  facet normal 0 0 -1
    outer loop
      vertex 10.5527 2.8276 0
      vertex 49.8211 17.7361 0
      vertex 10.759 1.89711 0
    endloop
  endfacet
  facet normal 0 0 -1
    outer loop
      vertex 28.5665 -50.9578 0
      vertex 20.7597 -50.7745 0
      vertex 28.6594 -50.8366 0
    endloop
  endfacet
  facet normal -0 0 -1
    outer loop
      vertex 49.8211 17.7361 0
      vertex 10.5527 2.8276 0
      vertex 49.7345 17.9025 0
    endloop
  endfacet
  facet normal 0 0 -1
    outer loop
      vertex 28.4845 -51.0865 0
      vertex 20.7597 -50.7745 0
      vertex 28.5665 -50.9578 0
    endloop
  endfacet
  facet normal 0 0 -1
    outer loop
      vertex 10.2661 3.73657 0
      vertex 49.7345 17.9025 0
      vertex 10.5527 2.8276 0
    endloop
  endfacet
  facet normal 0 0 -1
    outer loop
      vertex 28.414 -51.2219 0
      vertex 20.7597 -50.7745 0
      vertex 28.4845 -51.0865 0
    endloop
  endfacet
  facet normal -0 0 -1
    outer loop
      vertex 49.7345 17.9025 0
      vertex 10.2661 3.73657 0
      vertex 49.6628 18.0758 0
    endloop
  endfacet
  facet normal 0 0 -1
    outer loop
      vertex 20.7597 -50.7745 0
      vertex 28.414 -51.2219 0
      vertex 20.8314 -50.9478 0
    endloop
  endfacet
  facet normal 0 0 -1
    outer loop
      vertex 9.90141 4.6171 0
      vertex 49.6064 18.2546 0
      vertex 10.2661 3.73657 0
    endloop
  endfacet
  facet normal 0 0 -1
    outer loop
      vertex 28.3555 -51.363 0
      vertex 20.8314 -50.9478 0
      vertex 28.414 -51.2219 0
    endloop
  endfacet
  facet normal 0 0 -1
    outer loop
      vertex 10.8834 0.952176 0
      vertex 50.1628 17.2908 0
      vertex 10.925 0 0
    endloop
  endfacet
  facet normal 0 0 -1
    outer loop
      vertex 20.8314 -50.9478 0
      vertex 28.3555 -51.363 0
      vertex 20.8878 -51.1266 0
    endloop
  endfacet
  facet normal -0 0 -1
    outer loop
      vertex 50.1628 17.2908 0
      vertex 10.8834 0.952176 0
      vertex 50.0361 17.4291 0
    endloop
  endfacet
  facet normal 0 0 -1
    outer loop
      vertex 28.3096 -51.5086 0
      vertex 20.8878 -51.1266 0
      vertex 28.3555 -51.363 0
    endloop
  endfacet
  facet normal -0 0 -1
    outer loop
      vertex 50.0361 17.4291 0
      vertex 10.8834 0.952176 0
      vertex 49.9219 17.5779 0
    endloop
  endfacet
  facet normal 0 0 -1
    outer loop
      vertex 20.8878 -51.1266 0
      vertex 28.3096 -51.5086 0
      vertex 20.9284 -51.3097 0
    endloop
  endfacet
  facet normal 0 0 -1
    outer loop
      vertex 10.759 1.89711 0
      vertex 49.9219 17.5779 0
      vertex 10.8834 0.952176 0
    endloop
  endfacet
  facet normal 0 0 -1
    outer loop
      vertex 28.2766 -51.6576 0
      vertex 20.9284 -51.3097 0
      vertex 28.3096 -51.5086 0
    endloop
  endfacet
  facet normal -0 0 -1
    outer loop
      vertex 49.9219 17.5779 0
      vertex 10.759 1.89711 0
      vertex 49.8211 17.7361 0
    endloop
  endfacet
  facet normal 0 0 -1
    outer loop
      vertex 20.9284 -51.3097 0
      vertex 28.2766 -51.6576 0
      vertex 20.9529 -51.4957 0
    endloop
  endfacet
  facet normal 0 0 -1
    outer loop
      vertex 28.4845 51.0865 0
      vertex 22.2313 61.08 0
      vertex 28.414 51.2219 0
    endloop
  endfacet
  facet normal 0 0 -1
    outer loop
      vertex 28.2567 -51.809 0
      vertex 20.9529 -51.4957 0
      vertex 28.2766 -51.6576 0
    endloop
  endfacet
  facet normal 0 0 -1
    outer loop
      vertex 28.414 51.2219 0
      vertex 22.2313 61.08 0
      vertex 28.3555 51.363 0
    endloop
  endfacet
  facet normal 0 0 -1
    outer loop
      vertex 20.9529 -51.4957 0
      vertex 28.2567 -51.809 0
      vertex 20.9611 -51.6831 0
    endloop
  endfacet
  facet normal 0 0 -1
    outer loop
      vertex 28.3555 51.363 0
      vertex 22.2313 61.08 0
      vertex 28.3096 51.5086 0
    endloop
  endfacet
  facet normal 0 0 -1
    outer loop
      vertex 20.9611 -51.6831 0
      vertex 28.2567 -51.809 0
      vertex 28.25 -51.9615 0
    endloop
  endfacet
  facet normal 0 0 -1
    outer loop
      vertex 28.3096 51.5086 0
      vertex 22.2313 61.08 0
      vertex 28.2766 51.6576 0
    endloop
  endfacet
  facet normal 0 0 -1
    outer loop
      vertex 31.7433 52.114 0
      vertex 37.2825 53.2449 0
      vertex 31.75 51.9615 0
    endloop
  endfacet
  facet normal 0 0 -1
    outer loop
      vertex 31.7234 52.2654 0
      vertex 37.2825 53.2449 0
      vertex 31.7433 52.114 0
    endloop
  endfacet
  facet normal 0 0 -1
    outer loop
      vertex 31.6904 52.4145 0
      vertex 37.2825 53.2449 0
      vertex 31.7234 52.2654 0
    endloop
  endfacet
  facet normal 0 0 -1
    outer loop
      vertex 31.6445 52.5601 0
      vertex 37.2825 53.2449 0
      vertex 31.6904 52.4145 0
    endloop
  endfacet
  facet normal 0 0 -1
    outer loop
      vertex 31.586 52.7011 0
      vertex 37.2825 53.2449 0
      vertex 31.6445 52.5601 0
    endloop
  endfacet
  facet normal -0 0 -1
    outer loop
      vertex 37.2825 53.2449 0
      vertex 31.586 52.7011 0
      vertex 32.5 56.2916 0
    endloop
  endfacet
  facet normal 0 0 -1
    outer loop
      vertex 31.5155 52.8365 0
      vertex 32.5 56.2916 0
      vertex 31.586 52.7011 0
    endloop
  endfacet
  facet normal 0 0 -1
    outer loop
      vertex 31.4335 52.9653 0
      vertex 32.5 56.2916 0
      vertex 31.5155 52.8365 0
    endloop
  endfacet
  facet normal 0 0 -1
    outer loop
      vertex 31.3406 53.0864 0
      vertex 32.5 56.2916 0
      vertex 31.4335 52.9653 0
    endloop
  endfacet
  facet normal 0 0 -1
    outer loop
      vertex 31.2374 53.199 0
      vertex 32.5 56.2916 0
      vertex 31.3406 53.0864 0
    endloop
  endfacet
  facet normal 0 0 -1
    outer loop
      vertex 31.1249 53.3021 0
      vertex 32.5 56.2916 0
      vertex 31.2374 53.199 0
    endloop
  endfacet
  facet normal 0 0 -1
    outer loop
      vertex 31.0038 53.395 0
      vertex 32.5 56.2916 0
      vertex 31.1249 53.3021 0
    endloop
  endfacet
  facet normal 0 0 -1
    outer loop
      vertex 30.875 53.4771 0
      vertex 32.5 56.2916 0
      vertex 31.0038 53.395 0
    endloop
  endfacet
  facet normal 0 0 -1
    outer loop
      vertex 30.7396 53.5476 0
      vertex 32.5 56.2916 0
      vertex 30.875 53.4771 0
    endloop
  endfacet
  facet normal 0 0 -1
    outer loop
      vertex 30.5985 53.606 0
      vertex 32.5 56.2916 0
      vertex 30.7396 53.5476 0
    endloop
  endfacet
  facet normal 0 0 -1
    outer loop
      vertex 30.4529 53.6519 0
      vertex 32.5 56.2916 0
      vertex 30.5985 53.606 0
    endloop
  endfacet
  facet normal 0 0 -1
    outer loop
      vertex 30.3039 53.6849 0
      vertex 32.5 56.2916 0
      vertex 30.4529 53.6519 0
    endloop
  endfacet
  facet normal 0 0 -1
    outer loop
      vertex 30.1525 53.7049 0
      vertex 32.5 56.2916 0
      vertex 30.3039 53.6849 0
    endloop
  endfacet
  facet normal 0 0 -1
    outer loop
      vertex 30 53.7115 0
      vertex 32.5 56.2916 0
      vertex 30.1525 53.7049 0
    endloop
  endfacet
  facet normal 0 0 -1
    outer loop
      vertex 29.8475 53.7049 0
      vertex 32.5 56.2916 0
      vertex 30 53.7115 0
    endloop
  endfacet
  facet normal 0 0 -1
    outer loop
      vertex 27.4702 58.91 0
      vertex 29.8475 53.7049 0
      vertex 29.6961 53.6849 0
    endloop
  endfacet
  facet normal 0 0 -1
    outer loop
      vertex 27.4702 58.91 0
      vertex 29.6961 53.6849 0
      vertex 29.5471 53.6519 0
    endloop
  endfacet
  facet normal 0 0 -1
    outer loop
      vertex 27.4702 58.91 0
      vertex 29.5471 53.6519 0
      vertex 29.4015 53.606 0
    endloop
  endfacet
  facet normal 0 0 -1
    outer loop
      vertex 27.4702 58.91 0
      vertex 29.4015 53.606 0
      vertex 29.2604 53.5476 0
    endloop
  endfacet
  facet normal 0 0 -1
    outer loop
      vertex 27.4702 58.91 0
      vertex 29.2604 53.5476 0
      vertex 29.125 53.4771 0
    endloop
  endfacet
  facet normal 0 0 -1
    outer loop
      vertex 27.4702 58.91 0
      vertex 29.125 53.4771 0
      vertex 28.9962 53.395 0
    endloop
  endfacet
  facet normal 0 0 -1
    outer loop
      vertex 27.4702 58.91 0
      vertex 28.9962 53.395 0
      vertex 28.8751 53.3021 0
    endloop
  endfacet
  facet normal 0 0 -1
    outer loop
      vertex 29.8475 53.7049 0
      vertex 27.4702 58.91 0
      vertex 32.5 56.2916 0
    endloop
  endfacet
  facet normal 0 0 -1
    outer loop
      vertex 28.7626 53.199 0
      vertex 27.4702 58.91 0
      vertex 28.8751 53.3021 0
    endloop
  endfacet
  facet normal 0 0 -1
    outer loop
      vertex 28.6594 53.0864 0
      vertex 27.4702 58.91 0
      vertex 28.7626 53.199 0
    endloop
  endfacet
  facet normal 0 0 -1
    outer loop
      vertex 28.5665 52.9653 0
      vertex 27.4702 58.91 0
      vertex 28.6594 53.0864 0
    endloop
  endfacet
  facet normal 0 0 -1
    outer loop
      vertex 28.4845 52.8365 0
      vertex 27.4702 58.91 0
      vertex 28.5665 52.9653 0
    endloop
  endfacet
  facet normal 0 0 -1
    outer loop
      vertex 28.414 52.7011 0
      vertex 27.4702 58.91 0
      vertex 28.4845 52.8365 0
    endloop
  endfacet
  facet normal 0 0 -1
    outer loop
      vertex 22.2313 61.08 0
      vertex 28.414 52.7011 0
      vertex 28.3555 52.5601 0
    endloop
  endfacet
  facet normal 0 0 -1
    outer loop
      vertex 22.2313 61.08 0
      vertex 28.3555 52.5601 0
      vertex 28.3096 52.4145 0
    endloop
  endfacet
  facet normal 0 0 -1
    outer loop
      vertex 22.2313 61.08 0
      vertex 28.3096 52.4145 0
      vertex 28.2766 52.2654 0
    endloop
  endfacet
  facet normal 0 0 -1
    outer loop
      vertex 22.2313 61.08 0
      vertex 28.2766 52.2654 0
      vertex 28.2567 52.114 0
    endloop
  endfacet
  facet normal 0 0 -1
    outer loop
      vertex 22.2313 61.08 0
      vertex 28.2567 52.114 0
      vertex 28.25 51.9615 0
    endloop
  endfacet
  facet normal 0 0 -1
    outer loop
      vertex 28.2766 51.6576 0
      vertex 22.2313 61.08 0
      vertex 28.2567 51.809 0
    endloop
  endfacet
  facet normal 0 0 -1
    outer loop
      vertex 20.3314 -53.2034 0
      vertex 27.4702 -58.91 0
      vertex 22.2313 -61.08 0
    endloop
  endfacet
  facet normal 0 0 -1
    outer loop
      vertex 28.2567 51.809 0
      vertex 22.2313 61.08 0
      vertex 28.25 51.9615 0
    endloop
  endfacet
  facet normal 0 0 -1
    outer loop
      vertex 28.414 52.7011 0
      vertex 22.2313 61.08 0
      vertex 27.4702 58.91 0
    endloop
  endfacet
  facet normal 0 0 -1
    outer loop
      vertex 27.4702 -58.91 0
      vertex 20.9529 -51.8705 0
      vertex 20.9611 -51.6831 0
    endloop
  endfacet
  facet normal 0 0 -1
    outer loop
      vertex 27.4702 -58.91 0
      vertex 20.9284 -52.0564 0
      vertex 20.9529 -51.8705 0
    endloop
  endfacet
  facet normal 0 0 -1
    outer loop
      vertex 27.4702 -58.91 0
      vertex 20.8878 -52.2396 0
      vertex 20.9284 -52.0564 0
    endloop
  endfacet
  facet normal 0 0 -1
    outer loop
      vertex 27.4702 -58.91 0
      vertex 20.8314 -52.4184 0
      vertex 20.8878 -52.2396 0
    endloop
  endfacet
  facet normal 0 0 -1
    outer loop
      vertex 27.4702 -58.91 0
      vertex 20.7597 -52.5917 0
      vertex 20.8314 -52.4184 0
    endloop
  endfacet
  facet normal 0 0 -1
    outer loop
      vertex 27.4702 -58.91 0
      vertex 20.6731 -52.7581 0
      vertex 20.7597 -52.5917 0
    endloop
  endfacet
  facet normal 0 0 -1
    outer loop
      vertex 27.4702 -58.91 0
      vertex 20.5723 -52.9163 0
      vertex 20.6731 -52.7581 0
    endloop
  endfacet
  facet normal 0 0 -1
    outer loop
      vertex 27.4702 -58.91 0
      vertex 20.4581 -53.0651 0
      vertex 20.5723 -52.9163 0
    endloop
  endfacet
  facet normal 0 0 -1
    outer loop
      vertex 27.4702 -58.91 0
      vertex 20.3314 -53.2034 0
      vertex 20.4581 -53.0651 0
    endloop
  endfacet
  facet normal 0 0 -1
    outer loop
      vertex 22.2313 -61.08 0
      vertex 20.1931 -53.3301 0
      vertex 20.3314 -53.2034 0
    endloop
  endfacet
  facet normal 0 0 -1
    outer loop
      vertex 22.2313 -61.08 0
      vertex 20.0443 -53.4443 0
      vertex 20.1931 -53.3301 0
    endloop
  endfacet
  facet normal 0 0 -1
    outer loop
      vertex 22.2313 -61.08 0
      vertex 19.8861 -53.545 0
      vertex 20.0443 -53.4443 0
    endloop
  endfacet
  facet normal 0 0 -1
    outer loop
      vertex 22.2313 -61.08 0
      vertex 19.7197 -53.6317 0
      vertex 19.8861 -53.545 0
    endloop
  endfacet
  facet normal 0 0 -1
    outer loop
      vertex 22.2313 -61.08 0
      vertex 19.5465 -53.7034 0
      vertex 19.7197 -53.6317 0
    endloop
  endfacet
  facet normal 0 0 -1
    outer loop
      vertex 22.2313 -61.08 0
      vertex 19.3676 -53.7598 0
      vertex 19.5465 -53.7034 0
    endloop
  endfacet
  facet normal 0 0 -1
    outer loop
      vertex 22.2313 -61.08 0
      vertex 19.1845 -53.8004 0
      vertex 19.3676 -53.7598 0
    endloop
  endfacet
  facet normal 0 0 -1
    outer loop
      vertex 22.2313 -61.08 0
      vertex 18.9985 -53.8249 0
      vertex 19.1845 -53.8004 0
    endloop
  endfacet
  facet normal 0 0 -1
    outer loop
      vertex 22.2313 -61.08 0
      vertex 18.8111 -53.8331 0
      vertex 18.9985 -53.8249 0
    endloop
  endfacet
  facet normal 0 0 -1
    outer loop
      vertex 22.2313 -61.08 0
      vertex 18.6237 -53.8249 0
      vertex 18.8111 -53.8331 0
    endloop
  endfacet
  facet normal 0 0 -1
    outer loop
      vertex 16.8232 -62.7852 0
      vertex 18.6237 -53.8249 0
      vertex 22.2313 -61.08 0
    endloop
  endfacet
  facet normal -0 0 -1
    outer loop
      vertex 18.6237 -53.8249 0
      vertex 16.8232 -62.7852 0
      vertex 18.4378 -53.8004 0
    endloop
  endfacet
  facet normal -0 0 -1
    outer loop
      vertex 18.4378 -53.8004 0
      vertex 16.8232 -62.7852 0
      vertex 18.2546 -53.7598 0
    endloop
  endfacet
  facet normal -0 0 -1
    outer loop
      vertex 18.2546 -53.7598 0
      vertex 16.8232 -62.7852 0
      vertex 18.0758 -53.7034 0
    endloop
  endfacet
  facet normal -0 0 -1
    outer loop
      vertex 18.0758 -53.7034 0
      vertex 16.8232 -62.7852 0
      vertex 17.9025 -53.6317 0
    endloop
  endfacet
  facet normal -0 0 -1
    outer loop
      vertex 17.9025 -53.6317 0
      vertex 16.8232 -62.7852 0
      vertex 17.7361 -53.545 0
    endloop
  endfacet
  facet normal -0 0 -1
    outer loop
      vertex 17.7361 -53.545 0
      vertex 16.8232 -62.7852 0
      vertex 17.5779 -53.4443 0
    endloop
  endfacet
  facet normal -0 0 -1
    outer loop
      vertex 17.5779 -53.4443 0
      vertex 16.8232 -62.7852 0
      vertex 17.4291 -53.3301 0
    endloop
  endfacet
  facet normal -0 0 -1
    outer loop
      vertex 17.4291 -53.3301 0
      vertex 16.8232 -62.7852 0
      vertex 17.2908 -53.2034 0
    endloop
  endfacet
  facet normal 0 0 -1
    outer loop
      vertex 11.2871 -64.0125 0
      vertex 17.2908 -53.2034 0
      vertex 16.8232 -62.7852 0
    endloop
  endfacet
  facet normal -0 0 -1
    outer loop
      vertex 17.2908 -53.2034 0
      vertex 11.2871 -64.0125 0
      vertex 17.1641 -53.0651 0
    endloop
  endfacet
  facet normal -0 0 -1
    outer loop
      vertex 17.1641 -53.0651 0
      vertex 11.2871 -64.0125 0
      vertex 17.0499 -52.9163 0
    endloop
  endfacet
  facet normal -0 0 -1
    outer loop
      vertex 17.0499 -52.9163 0
      vertex 11.2871 -64.0125 0
      vertex 16.9492 -52.7581 0
    endloop
  endfacet
  facet normal -0 0 -1
    outer loop
      vertex 16.9492 -52.7581 0
      vertex 11.2871 -64.0125 0
      vertex 16.8625 -52.5917 0
    endloop
  endfacet
  facet normal -0 0 -1
    outer loop
      vertex 16.8625 -52.5917 0
      vertex 11.2871 -64.0125 0
      vertex 16.7908 -52.4184 0
    endloop
  endfacet
  facet normal -0 0 -1
    outer loop
      vertex 16.7908 -52.4184 0
      vertex 11.2871 -64.0125 0
      vertex 16.7344 -52.2396 0
    endloop
  endfacet
  facet normal 0 0 -1
    outer loop
      vertex 5.66512 -64.7527 0
      vertex 16.7344 -52.2396 0
      vertex 11.2871 -64.0125 0
    endloop
  endfacet
  facet normal -0 0 -1
    outer loop
      vertex 16.7344 -52.2396 0
      vertex 5.66512 -64.7527 0
      vertex 16.6938 -52.0564 0
    endloop
  endfacet
  facet normal -0 0 -1
    outer loop
      vertex 16.6938 -52.0564 0
      vertex 5.66512 -64.7527 0
      vertex 16.6693 -51.8705 0
    endloop
  endfacet
  facet normal 0 0 -1
    outer loop
      vertex 53.7598 19.3676 0
      vertex 61.08 22.2313 0
      vertex 53.8004 19.1845 0
    endloop
  endfacet
  facet normal 0 0 -1
    outer loop
      vertex 53.7034 19.5465 0
      vertex 61.08 22.2313 0
      vertex 53.7598 19.3676 0
    endloop
  endfacet
  facet normal 0 0 -1
    outer loop
      vertex 53.6317 19.7197 0
      vertex 61.08 22.2313 0
      vertex 53.7034 19.5465 0
    endloop
  endfacet
  facet normal 0 0 -1
    outer loop
      vertex 53.545 19.8861 0
      vertex 61.08 22.2313 0
      vertex 53.6317 19.7197 0
    endloop
  endfacet
  facet normal 0 0 -1
    outer loop
      vertex 53.4443 20.0443 0
      vertex 61.08 22.2313 0
      vertex 53.545 19.8861 0
    endloop
  endfacet
  facet normal 0 0 -1
    outer loop
      vertex 53.3301 20.1931 0
      vertex 61.08 22.2313 0
      vertex 53.4443 20.0443 0
    endloop
  endfacet
  facet normal 0 0 -1
    outer loop
      vertex 53.2034 20.3314 0
      vertex 61.08 22.2313 0
      vertex 53.3301 20.1931 0
    endloop
  endfacet
  facet normal -0 0 -1
    outer loop
      vertex 61.08 22.2313 0
      vertex 53.2034 20.3314 0
      vertex 58.91 27.4702 0
    endloop
  endfacet
  facet normal 0 0 -1
    outer loop
      vertex 53.0651 20.4581 0
      vertex 58.91 27.4702 0
      vertex 53.2034 20.3314 0
    endloop
  endfacet
  facet normal 0 0 -1
    outer loop
      vertex 52.9163 20.5723 0
      vertex 58.91 27.4702 0
      vertex 53.0651 20.4581 0
    endloop
  endfacet
  facet normal 0 0 -1
    outer loop
      vertex 52.7581 20.6731 0
      vertex 58.91 27.4702 0
      vertex 52.9163 20.5723 0
    endloop
  endfacet
  facet normal 0 0 -1
    outer loop
      vertex 52.5917 20.7597 0
      vertex 58.91 27.4702 0
      vertex 52.7581 20.6731 0
    endloop
  endfacet
  facet normal 0 0 -1
    outer loop
      vertex 52.4184 20.8314 0
      vertex 58.91 27.4702 0
      vertex 52.5917 20.7597 0
    endloop
  endfacet
  facet normal 0 0 -1
    outer loop
      vertex 52.2396 20.8878 0
      vertex 58.91 27.4702 0
      vertex 52.4184 20.8314 0
    endloop
  endfacet
  facet normal 0 0 -1
    outer loop
      vertex 52.0564 20.9284 0
      vertex 58.91 27.4702 0
      vertex 52.2396 20.8878 0
    endloop
  endfacet
  facet normal 0 0 -1
    outer loop
      vertex 51.8705 20.9529 0
      vertex 58.91 27.4702 0
      vertex 52.0564 20.9284 0
    endloop
  endfacet
  facet normal -0 0 -1
    outer loop
      vertex 58.91 27.4702 0
      vertex 51.8705 20.9529 0
      vertex 56.2916 32.5 0
    endloop
  endfacet
  facet normal 0 0 -1
    outer loop
      vertex 51.6831 20.9611 0
      vertex 56.2916 32.5 0
      vertex 51.8705 20.9529 0
    endloop
  endfacet
  facet normal 0 0 -1
    outer loop
      vertex 51.4957 20.9529 0
      vertex 56.2916 32.5 0
      vertex 51.6831 20.9611 0
    endloop
  endfacet
  facet normal 0 0 -1
    outer loop
      vertex 51.3097 20.9284 0
      vertex 56.2916 32.5 0
      vertex 51.4957 20.9529 0
    endloop
  endfacet
  facet normal 0 0 -1
    outer loop
      vertex 51.1266 20.8878 0
      vertex 56.2916 32.5 0
      vertex 51.3097 20.9284 0
    endloop
  endfacet
  facet normal 0 0 -1
    outer loop
      vertex 50.9478 20.8314 0
      vertex 56.2916 32.5 0
      vertex 51.1266 20.8878 0
    endloop
  endfacet
  facet normal 0 0 -1
    outer loop
      vertex 50.7745 20.7597 0
      vertex 56.2916 32.5 0
      vertex 50.9478 20.8314 0
    endloop
  endfacet
  facet normal -0 0 -1
    outer loop
      vertex 56.2916 32.5 0
      vertex 50.7745 20.7597 0
      vertex 53.2449 37.2825 0
    endloop
  endfacet
  facet normal 0 0 -1
    outer loop
      vertex 50.6081 20.6731 0
      vertex 53.2449 37.2825 0
      vertex 50.7745 20.7597 0
    endloop
  endfacet
  facet normal 0 0 -1
    outer loop
      vertex 50.4499 20.5723 0
      vertex 53.2449 37.2825 0
      vertex 50.6081 20.6731 0
    endloop
  endfacet
  facet normal 0 0 -1
    outer loop
      vertex 50.3011 20.4581 0
      vertex 53.2449 37.2825 0
      vertex 50.4499 20.5723 0
    endloop
  endfacet
  facet normal 0 0 -1
    outer loop
      vertex 50.1628 20.3314 0
      vertex 53.2449 37.2825 0
      vertex 50.3011 20.4581 0
    endloop
  endfacet
  facet normal 0 0 -1
    outer loop
      vertex 49.7929 41.7812 0
      vertex 50.1628 20.3314 0
      vertex 50.0361 20.1931 0
    endloop
  endfacet
  facet normal 0 0 -1
    outer loop
      vertex 49.7929 41.7812 0
      vertex 50.0361 20.1931 0
      vertex 49.9219 20.0443 0
    endloop
  endfacet
  facet normal 0 0 -1
    outer loop
      vertex 45.9619 45.9619 0
      vertex 49.9219 20.0443 0
      vertex 49.8211 19.8861 0
    endloop
  endfacet
  facet normal 0 0 -1
    outer loop
      vertex 50.1628 20.3314 0
      vertex 49.7929 41.7812 0
      vertex 53.2449 37.2825 0
    endloop
  endfacet
  facet normal 0 0 -1
    outer loop
      vertex 31.75 51.9615 0
      vertex 49.8211 19.8861 0
      vertex 49.7345 19.7197 0
    endloop
  endfacet
  facet normal 0 0 -1
    outer loop
      vertex 31.75 51.9615 0
      vertex 49.7345 19.7197 0
      vertex 49.6628 19.5465 0
    endloop
  endfacet
  facet normal 0 0 -1
    outer loop
      vertex 31.75 51.9615 0
      vertex 49.6628 19.5465 0
      vertex 49.6064 19.3676 0
    endloop
  endfacet
  facet normal 0 0 -1
    outer loop
      vertex 31.75 51.9615 0
      vertex 49.6064 19.3676 0
      vertex 49.5658 19.1845 0
    endloop
  endfacet
  facet normal 0 0 -1
    outer loop
      vertex 31.75 51.9615 0
      vertex 49.5658 19.1845 0
      vertex 49.5413 18.9985 0
    endloop
  endfacet
  facet normal 0 0 -1
    outer loop
      vertex 31.75 51.9615 0
      vertex 49.5413 18.9985 0
      vertex 49.5331 18.8111 0
    endloop
  endfacet
  facet normal 0 0 -1
    outer loop
      vertex 31.75 51.9615 0
      vertex 49.5413 18.6237 0
      vertex 49.5658 18.4378 0
    endloop
  endfacet
  facet normal 0 0 -1
    outer loop
      vertex 31.75 51.9615 0
      vertex 49.5331 18.8111 0
      vertex 49.5413 18.6237 0
    endloop
  endfacet
  facet normal 0 0 -1
    outer loop
      vertex 31.7234 -51.6576 0
      vertex 37.2825 -53.2449 0
      vertex 31.7433 -51.809 0
    endloop
  endfacet
  facet normal 0 0 -1
    outer loop
      vertex 49.9219 20.0443 0
      vertex 45.9619 45.9619 0
      vertex 49.7929 41.7812 0
    endloop
  endfacet
  facet normal 0 0 -1
    outer loop
      vertex 31.7433 -51.809 0
      vertex 37.2825 -53.2449 0
      vertex 31.75 -51.9615 0
    endloop
  endfacet
  facet normal 0 0 -1
    outer loop
      vertex 49.8211 19.8861 0
      vertex 31.75 51.9615 0
      vertex 45.9619 45.9619 0
    endloop
  endfacet
  facet normal 0 0 -1
    outer loop
      vertex 31.586 -52.7011 0
      vertex 37.2825 -53.2449 0
      vertex 32.5 -56.2916 0
    endloop
  endfacet
  facet normal 0 0 -1
    outer loop
      vertex 45.9619 45.9619 0
      vertex 31.75 51.9615 0
      vertex 41.7812 49.7929 0
    endloop
  endfacet
  facet normal 0 0 -1
    outer loop
      vertex 41.7812 49.7929 0
      vertex 31.75 51.9615 0
      vertex 37.2825 53.2449 0
    endloop
  endfacet
  facet normal 0 0 -1
    outer loop
      vertex 37.2825 -53.2449 0
      vertex 31.7433 -52.114 0
      vertex 31.75 -51.9615 0
    endloop
  endfacet
  facet normal 0 0 -1
    outer loop
      vertex 37.2825 -53.2449 0
      vertex 31.7234 -52.2654 0
      vertex 31.7433 -52.114 0
    endloop
  endfacet
  facet normal 0 0 -1
    outer loop
      vertex 37.2825 -53.2449 0
      vertex 31.6904 -52.4145 0
      vertex 31.7234 -52.2654 0
    endloop
  endfacet
  facet normal 0 0 -1
    outer loop
      vertex 37.2825 -53.2449 0
      vertex 31.6445 -52.5601 0
      vertex 31.6904 -52.4145 0
    endloop
  endfacet
  facet normal 0 0 -1
    outer loop
      vertex 37.2825 -53.2449 0
      vertex 31.586 -52.7011 0
      vertex 31.6445 -52.5601 0
    endloop
  endfacet
  facet normal 0 0 -1
    outer loop
      vertex 32.5 -56.2916 0
      vertex 31.5155 -52.8365 0
      vertex 31.586 -52.7011 0
    endloop
  endfacet
  facet normal 0 0 -1
    outer loop
      vertex 32.5 -56.2916 0
      vertex 31.4335 -52.9653 0
      vertex 31.5155 -52.8365 0
    endloop
  endfacet
  facet normal 0 0 -1
    outer loop
      vertex 32.5 -56.2916 0
      vertex 31.3406 -53.0864 0
      vertex 31.4335 -52.9653 0
    endloop
  endfacet
  facet normal 0 0 -1
    outer loop
      vertex 32.5 -56.2916 0
      vertex 31.2374 -53.199 0
      vertex 31.3406 -53.0864 0
    endloop
  endfacet
  facet normal 0 0 -1
    outer loop
      vertex 32.5 -56.2916 0
      vertex 31.1249 -53.3021 0
      vertex 31.2374 -53.199 0
    endloop
  endfacet
  facet normal 0 0 -1
    outer loop
      vertex 32.5 -56.2916 0
      vertex 31.0038 -53.395 0
      vertex 31.1249 -53.3021 0
    endloop
  endfacet
  facet normal 0 0 -1
    outer loop
      vertex 32.5 -56.2916 0
      vertex 30.875 -53.4771 0
      vertex 31.0038 -53.395 0
    endloop
  endfacet
  facet normal 0 0 -1
    outer loop
      vertex 32.5 -56.2916 0
      vertex 30.7396 -53.5476 0
      vertex 30.875 -53.4771 0
    endloop
  endfacet
  facet normal 0 0 -1
    outer loop
      vertex 32.5 -56.2916 0
      vertex 30.5985 -53.606 0
      vertex 30.7396 -53.5476 0
    endloop
  endfacet
  facet normal 0 0 -1
    outer loop
      vertex 32.5 -56.2916 0
      vertex 30.4529 -53.6519 0
      vertex 30.5985 -53.606 0
    endloop
  endfacet
  facet normal 0 0 -1
    outer loop
      vertex 32.5 -56.2916 0
      vertex 30.3039 -53.6849 0
      vertex 30.4529 -53.6519 0
    endloop
  endfacet
  facet normal 0 0 -1
    outer loop
      vertex 32.5 -56.2916 0
      vertex 30.1525 -53.7049 0
      vertex 30.3039 -53.6849 0
    endloop
  endfacet
  facet normal 0 0 -1
    outer loop
      vertex 32.5 -56.2916 0
      vertex 30 -53.7115 0
      vertex 30.1525 -53.7049 0
    endloop
  endfacet
  facet normal 0 0 -1
    outer loop
      vertex 32.5 -56.2916 0
      vertex 29.8475 -53.7049 0
      vertex 30 -53.7115 0
    endloop
  endfacet
  facet normal 0 0 -1
    outer loop
      vertex 27.4702 -58.91 0
      vertex 29.8475 -53.7049 0
      vertex 32.5 -56.2916 0
    endloop
  endfacet
  facet normal -0 0 -1
    outer loop
      vertex 29.8475 -53.7049 0
      vertex 27.4702 -58.91 0
      vertex 29.6961 -53.6849 0
    endloop
  endfacet
  facet normal -0 0 -1
    outer loop
      vertex 29.6961 -53.6849 0
      vertex 27.4702 -58.91 0
      vertex 29.5471 -53.6519 0
    endloop
  endfacet
  facet normal -0 0 -1
    outer loop
      vertex 29.5471 -53.6519 0
      vertex 27.4702 -58.91 0
      vertex 29.4015 -53.606 0
    endloop
  endfacet
  facet normal -0 0 -1
    outer loop
      vertex 29.4015 -53.606 0
      vertex 27.4702 -58.91 0
      vertex 29.2604 -53.5476 0
    endloop
  endfacet
  facet normal -0 0 -1
    outer loop
      vertex 29.2604 -53.5476 0
      vertex 27.4702 -58.91 0
      vertex 29.125 -53.4771 0
    endloop
  endfacet
  facet normal -0 0 -1
    outer loop
      vertex 29.125 -53.4771 0
      vertex 27.4702 -58.91 0
      vertex 28.9962 -53.395 0
    endloop
  endfacet
  facet normal 0 0 -1
    outer loop
      vertex 28.2567 -52.114 0
      vertex 20.9611 -51.6831 0
      vertex 28.25 -51.9615 0
    endloop
  endfacet
  facet normal 0 0 -1
    outer loop
      vertex 28.2766 -52.2654 0
      vertex 20.9611 -51.6831 0
      vertex 28.2567 -52.114 0
    endloop
  endfacet
  facet normal 0 0 -1
    outer loop
      vertex 28.3096 -52.4145 0
      vertex 20.9611 -51.6831 0
      vertex 28.2766 -52.2654 0
    endloop
  endfacet
  facet normal 0 0 -1
    outer loop
      vertex 28.3555 -52.5601 0
      vertex 20.9611 -51.6831 0
      vertex 28.3096 -52.4145 0
    endloop
  endfacet
  facet normal 0 0 -1
    outer loop
      vertex 28.414 -52.7011 0
      vertex 20.9611 -51.6831 0
      vertex 28.3555 -52.5601 0
    endloop
  endfacet
  facet normal 0 0 -1
    outer loop
      vertex 28.4845 -52.8365 0
      vertex 20.9611 -51.6831 0
      vertex 28.414 -52.7011 0
    endloop
  endfacet
  facet normal 0 0 -1
    outer loop
      vertex 20.9611 -51.6831 0
      vertex 28.4845 -52.8365 0
      vertex 27.4702 -58.91 0
    endloop
  endfacet
  facet normal -0 0 -1
    outer loop
      vertex 28.5665 -52.9653 0
      vertex 27.4702 -58.91 0
      vertex 28.4845 -52.8365 0
    endloop
  endfacet
  facet normal -0 0 -1
    outer loop
      vertex 28.6594 -53.0864 0
      vertex 27.4702 -58.91 0
      vertex 28.5665 -52.9653 0
    endloop
  endfacet
  facet normal -0 0 -1
    outer loop
      vertex 28.7626 -53.199 0
      vertex 27.4702 -58.91 0
      vertex 28.6594 -53.0864 0
    endloop
  endfacet
  facet normal -0 0 -1
    outer loop
      vertex 28.8751 -53.3021 0
      vertex 27.4702 -58.91 0
      vertex 28.7626 -53.199 0
    endloop
  endfacet
  facet normal -0 0 -1
    outer loop
      vertex 28.9962 -53.395 0
      vertex 27.4702 -58.91 0
      vertex 28.8751 -53.3021 0
    endloop
  endfacet
  facet normal 0 0 -1
    outer loop
      vertex 61.4335 -1.00376 0
      vertex 65 0 0
      vertex 64.7527 -5.66512 0
    endloop
  endfacet
  facet normal 0 0 -1
    outer loop
      vertex 59.8475 -1.74334 0
      vertex 64.7527 -5.66512 0
      vertex 64.0125 -11.2871 0
    endloop
  endfacet
  facet normal 0 0 -1
    outer loop
      vertex 65 0 0
      vertex 61.7234 -0.303884 0
      vertex 61.7433 -0.152522 0
    endloop
  endfacet
  facet normal 0 0 -1
    outer loop
      vertex 58.9962 -1.43352 0
      vertex 64.0125 -11.2871 0
      vertex 62.7852 -16.8232 0
    endloop
  endfacet
  facet normal 0 0 -1
    outer loop
      vertex 61.7433 0.152522 0
      vertex 65 0 0
      vertex 61.75 0 0
    endloop
  endfacet
  facet normal 0 0 -1
    outer loop
      vertex 61.6904 0.452933 0
      vertex 65 0 0
      vertex 61.7234 0.303884 0
    endloop
  endfacet
  facet normal 0 0 -1
    outer loop
      vertex 61.7234 0.303884 0
      vertex 65 0 0
      vertex 61.7433 0.152522 0
    endloop
  endfacet
  facet normal -0 0 -1
    outer loop
      vertex 65 0 0
      vertex 61.7433 -0.152522 0
      vertex 61.75 0 0
    endloop
  endfacet
  facet normal 0 0 -1
    outer loop
      vertex 65 0 0
      vertex 61.6904 -0.452933 0
      vertex 61.7234 -0.303884 0
    endloop
  endfacet
  facet normal 0 0 -1
    outer loop
      vertex 65 0 0
      vertex 61.6445 -0.598535 0
      vertex 61.6904 -0.452933 0
    endloop
  endfacet
  facet normal 0 0 -1
    outer loop
      vertex 65 0 0
      vertex 61.586 -0.739581 0
      vertex 61.6445 -0.598535 0
    endloop
  endfacet
  facet normal 0 0 -1
    outer loop
      vertex 65 0 0
      vertex 61.5155 -0.875 0
      vertex 61.586 -0.739581 0
    endloop
  endfacet
  facet normal 0 0 -1
    outer loop
      vertex 65 0 0
      vertex 61.4335 -1.00376 0
      vertex 61.5155 -0.875 0
    endloop
  endfacet
  facet normal 0 0 -1
    outer loop
      vertex 64.7527 -5.66512 0
      vertex 61.3406 -1.12488 0
      vertex 61.4335 -1.00376 0
    endloop
  endfacet
  facet normal 0 0 -1
    outer loop
      vertex 64.7527 -5.66512 0
      vertex 61.2374 -1.23744 0
      vertex 61.3406 -1.12488 0
    endloop
  endfacet
  facet normal 0 0 -1
    outer loop
      vertex 64.7527 -5.66512 0
      vertex 61.1249 -1.34058 0
      vertex 61.2374 -1.23744 0
    endloop
  endfacet
  facet normal 0 0 -1
    outer loop
      vertex 58.6594 -1.12488 0
      vertex 62.7852 -16.8232 0
      vertex 61.08 -22.2313 0
    endloop
  endfacet
  facet normal 0 0 -1
    outer loop
      vertex 64.7527 -5.66512 0
      vertex 61.0038 -1.43352 0
      vertex 61.1249 -1.34058 0
    endloop
  endfacet
  facet normal 0 0 -1
    outer loop
      vertex 64.7527 -5.66512 0
      vertex 60.875 -1.51554 0
      vertex 61.0038 -1.43352 0
    endloop
  endfacet
  facet normal 0 0 -1
    outer loop
      vertex 64.7527 -5.66512 0
      vertex 60.7396 -1.58604 0
      vertex 60.875 -1.51554 0
    endloop
  endfacet
  facet normal 0 0 -1
    outer loop
      vertex 64.7527 -5.66512 0
      vertex 60.5985 -1.64446 0
      vertex 60.7396 -1.58604 0
    endloop
  endfacet
  facet normal 0 0 -1
    outer loop
      vertex 64.7527 -5.66512 0
      vertex 60.4529 -1.69037 0
      vertex 60.5985 -1.64446 0
    endloop
  endfacet
  facet normal 0 0 -1
    outer loop
      vertex 64.7527 -5.66512 0
      vertex 60.3039 -1.72341 0
      vertex 60.4529 -1.69037 0
    endloop
  endfacet
  facet normal 0 0 -1
    outer loop
      vertex 64.7527 -5.66512 0
      vertex 60.1525 -1.74334 0
      vertex 60.3039 -1.72341 0
    endloop
  endfacet
  facet normal 0 0 -1
    outer loop
      vertex 64.7527 -5.66512 0
      vertex 60 -1.75 0
      vertex 60.1525 -1.74334 0
    endloop
  endfacet
  facet normal 0 0 -1
    outer loop
      vertex 64.7527 -5.66512 0
      vertex 59.8475 -1.74334 0
      vertex 60 -1.75 0
    endloop
  endfacet
  facet normal 0 0 -1
    outer loop
      vertex 64.0125 -11.2871 0
      vertex 59.6961 -1.72341 0
      vertex 59.8475 -1.74334 0
    endloop
  endfacet
  facet normal 0 0 -1
    outer loop
      vertex 64.0125 -11.2871 0
      vertex 59.5471 -1.69037 0
      vertex 59.6961 -1.72341 0
    endloop
  endfacet
  facet normal 0 0 -1
    outer loop
      vertex 64.0125 -11.2871 0
      vertex 59.4015 -1.64446 0
      vertex 59.5471 -1.69037 0
    endloop
  endfacet
  facet normal 0 0 -1
    outer loop
      vertex 64.0125 -11.2871 0
      vertex 59.2604 -1.58604 0
      vertex 59.4015 -1.64446 0
    endloop
  endfacet
  facet normal 0 0 -1
    outer loop
      vertex 64.0125 -11.2871 0
      vertex 59.125 -1.51554 0
      vertex 59.2604 -1.58604 0
    endloop
  endfacet
  facet normal 0 0 -1
    outer loop
      vertex 64.0125 -11.2871 0
      vertex 58.9962 -1.43352 0
      vertex 59.125 -1.51554 0
    endloop
  endfacet
  facet normal 0 0 -1
    outer loop
      vertex 58.4845 -0.875 0
      vertex 61.08 -22.2313 0
      vertex 58.91 -27.4702 0
    endloop
  endfacet
  facet normal 0 0 -1
    outer loop
      vertex 62.7852 -16.8232 0
      vertex 58.8751 -1.34058 0
      vertex 58.9962 -1.43352 0
    endloop
  endfacet
  facet normal 0 0 -1
    outer loop
      vertex 62.7852 -16.8232 0
      vertex 58.7626 -1.23744 0
      vertex 58.8751 -1.34058 0
    endloop
  endfacet
  facet normal 0 0 -1
    outer loop
      vertex 62.7852 -16.8232 0
      vertex 58.6594 -1.12488 0
      vertex 58.7626 -1.23744 0
    endloop
  endfacet
  facet normal 0 0 -1
    outer loop
      vertex 61.08 -22.2313 0
      vertex 58.5665 -1.00376 0
      vertex 58.6594 -1.12488 0
    endloop
  endfacet
  facet normal 0 0 -1
    outer loop
      vertex 61.08 -22.2313 0
      vertex 58.4845 -0.875 0
      vertex 58.5665 -1.00376 0
    endloop
  endfacet
  facet normal 0 0 -1
    outer loop
      vertex 10.8834 -0.952176 0
      vertex 58.4845 -0.875 0
      vertex 58.91 -27.4702 0
    endloop
  endfacet
  facet normal 0 0 -1
    outer loop
      vertex 10.8834 -0.952176 0
      vertex 58.91 -27.4702 0
      vertex 56.2916 -32.5 0
    endloop
  endfacet
  facet normal -0 0 -1
    outer loop
      vertex 58.4845 -0.875 0
      vertex 10.8834 -0.952176 0
      vertex 58.414 -0.739581 0
    endloop
  endfacet
  facet normal 0 0 -1
    outer loop
      vertex 31.1249 -50.6209 0
      vertex 41.7812 -49.7929 0
      vertex 31.2374 -50.7241 0
    endloop
  endfacet
  facet normal 0 0 -1
    outer loop
      vertex 31.586 -51.2219 0
      vertex 37.2825 -53.2449 0
      vertex 31.6445 -51.363 0
    endloop
  endfacet
  facet normal 0 0 -1
    outer loop
      vertex 31.6445 -51.363 0
      vertex 37.2825 -53.2449 0
      vertex 31.6904 -51.5086 0
    endloop
  endfacet
  facet normal 0 0 -1
    outer loop
      vertex 31.6904 -51.5086 0
      vertex 37.2825 -53.2449 0
      vertex 31.7234 -51.6576 0
    endloop
  endfacet
  facet normal 0 0 -1
    outer loop
      vertex 61.6445 0.598535 0
      vertex 65 0 0
      vertex 61.6904 0.452933 0
    endloop
  endfacet
  facet normal 0 0 -1
    outer loop
      vertex 61.586 0.739581 0
      vertex 65 0 0
      vertex 61.6445 0.598535 0
    endloop
  endfacet
  facet normal 0 0 -1
    outer loop
      vertex 61.5155 0.875 0
      vertex 65 0 0
      vertex 61.586 0.739581 0
    endloop
  endfacet
  facet normal 0 0 -1
    outer loop
      vertex 61.4335 1.00376 0
      vertex 65 0 0
      vertex 61.5155 0.875 0
    endloop
  endfacet
  facet normal 0 0 -1
    outer loop
      vertex 65 0 0
      vertex 61.4335 1.00376 0
      vertex 64.7527 5.66512 0
    endloop
  endfacet
  facet normal 0 0 -1
    outer loop
      vertex 61.3406 1.12488 0
      vertex 64.7527 5.66512 0
      vertex 61.4335 1.00376 0
    endloop
  endfacet
  facet normal 0 0 -1
    outer loop
      vertex 61.2374 1.23744 0
      vertex 64.7527 5.66512 0
      vertex 61.3406 1.12488 0
    endloop
  endfacet
  facet normal 0 0 -1
    outer loop
      vertex 61.1249 1.34058 0
      vertex 64.7527 5.66512 0
      vertex 61.2374 1.23744 0
    endloop
  endfacet
  facet normal 0 0 -1
    outer loop
      vertex 61.0038 1.43352 0
      vertex 64.7527 5.66512 0
      vertex 61.1249 1.34058 0
    endloop
  endfacet
  facet normal 0 0 -1
    outer loop
      vertex 60.875 1.51554 0
      vertex 64.7527 5.66512 0
      vertex 61.0038 1.43352 0
    endloop
  endfacet
  facet normal 0 0 -1
    outer loop
      vertex 60.7396 1.58604 0
      vertex 64.7527 5.66512 0
      vertex 60.875 1.51554 0
    endloop
  endfacet
  facet normal 0 0 -1
    outer loop
      vertex 60.5985 1.64446 0
      vertex 64.7527 5.66512 0
      vertex 60.7396 1.58604 0
    endloop
  endfacet
  facet normal 0 0 -1
    outer loop
      vertex 60.4529 1.69037 0
      vertex 64.7527 5.66512 0
      vertex 60.5985 1.64446 0
    endloop
  endfacet
  facet normal 0 0 -1
    outer loop
      vertex 60.3039 1.72341 0
      vertex 64.7527 5.66512 0
      vertex 60.4529 1.69037 0
    endloop
  endfacet
  facet normal 0 0 -1
    outer loop
      vertex 60.1525 1.74334 0
      vertex 64.7527 5.66512 0
      vertex 60.3039 1.72341 0
    endloop
  endfacet
  facet normal 0 0 -1
    outer loop
      vertex 60 1.75 0
      vertex 64.7527 5.66512 0
      vertex 60.1525 1.74334 0
    endloop
  endfacet
  facet normal 0 0 -1
    outer loop
      vertex 59.8475 1.74334 0
      vertex 64.7527 5.66512 0
      vertex 60 1.75 0
    endloop
  endfacet
  facet normal -0 0 -1
    outer loop
      vertex 64.7527 5.66512 0
      vertex 59.8475 1.74334 0
      vertex 64.0125 11.2871 0
    endloop
  endfacet
  facet normal 0 0 -1
    outer loop
      vertex 59.6961 1.72341 0
      vertex 64.0125 11.2871 0
      vertex 59.8475 1.74334 0
    endloop
  endfacet
  facet normal 0 0 -1
    outer loop
      vertex 59.5471 1.69037 0
      vertex 64.0125 11.2871 0
      vertex 59.6961 1.72341 0
    endloop
  endfacet
  facet normal 0 0 -1
    outer loop
      vertex 59.4015 1.64446 0
      vertex 64.0125 11.2871 0
      vertex 59.5471 1.69037 0
    endloop
  endfacet
  facet normal 0 -0 -1
    outer loop
      vertex 53.0651 17.1641 0
      vertex 64.0125 11.2871 0
      vertex 52.9163 17.0499 0
    endloop
  endfacet
  facet normal 0 0 -1
    outer loop
      vertex 59.2604 1.58604 0
      vertex 64.0125 11.2871 0
      vertex 59.4015 1.64446 0
    endloop
  endfacet
  facet normal -0 0 -1
    outer loop
      vertex 64.0125 11.2871 0
      vertex 59.2604 1.58604 0
      vertex 52.5917 16.8625 0
    endloop
  endfacet
  facet normal 0 0 -1
    outer loop
      vertex 52.4184 16.7908 0
      vertex 59.2604 1.58604 0
      vertex 59.125 1.51554 0
    endloop
  endfacet
  facet normal 0 0 -1
    outer loop
      vertex 52.2396 16.7344 0
      vertex 59.125 1.51554 0
      vertex 58.9962 1.43352 0
    endloop
  endfacet
  facet normal 0 -0 -1
    outer loop
      vertex 53.545 17.7361 0
      vertex 62.7852 16.8232 0
      vertex 53.4443 17.5779 0
    endloop
  endfacet
  facet normal 0 0 -1
    outer loop
      vertex 52.0564 16.6938 0
      vertex 58.9962 1.43352 0
      vertex 58.8751 1.34058 0
    endloop
  endfacet
  facet normal 0 0 -1
    outer loop
      vertex 51.8705 16.6693 0
      vertex 58.8751 1.34058 0
      vertex 58.7626 1.23744 0
    endloop
  endfacet
  facet normal 0 0 -1
    outer loop
      vertex 51.6831 16.6611 0
      vertex 58.7626 1.23744 0
      vertex 58.6594 1.12488 0
    endloop
  endfacet
  facet normal 0 0 -1
    outer loop
      vertex 51.4957 16.6693 0
      vertex 58.6594 1.12488 0
      vertex 58.5665 1.00376 0
    endloop
  endfacet
  facet normal 0 0 -1
    outer loop
      vertex 51.3097 16.6938 0
      vertex 58.5665 1.00376 0
      vertex 58.4845 0.875 0
    endloop
  endfacet
  facet normal 0 0 -1
    outer loop
      vertex 51.1266 16.7344 0
      vertex 58.4845 0.875 0
      vertex 58.414 0.739581 0
    endloop
  endfacet
  facet normal 0 0 -1
    outer loop
      vertex 50.9478 16.7908 0
      vertex 58.414 0.739581 0
      vertex 58.3555 0.598535 0
    endloop
  endfacet
  facet normal 0 0 -1
    outer loop
      vertex 50.7745 16.8625 0
      vertex 58.3555 0.598535 0
      vertex 58.3096 0.452933 0
    endloop
  endfacet
  facet normal 0 0 -1
    outer loop
      vertex 50.6081 16.9492 0
      vertex 58.3096 0.452933 0
      vertex 58.2766 0.303884 0
    endloop
  endfacet
  facet normal 0 0 -1
    outer loop
      vertex 50.6081 16.9492 0
      vertex 58.2766 0.303884 0
      vertex 58.2567 0.152522 0
    endloop
  endfacet
  facet normal 0 0 -1
    outer loop
      vertex 50.4499 17.0499 0
      vertex 58.2567 0.152522 0
      vertex 58.25 0 0
    endloop
  endfacet
  facet normal 0 0 -1
    outer loop
      vertex 31.5155 -51.0865 0
      vertex 37.2825 -53.2449 0
      vertex 31.586 -51.2219 0
    endloop
  endfacet
  facet normal 0 -0 -1
    outer loop
      vertex 53.7598 18.2546 0
      vertex 62.7852 16.8232 0
      vertex 53.7034 18.0758 0
    endloop
  endfacet
  facet normal 0 0 -1
    outer loop
      vertex 53.8249 18.9985 0
      vertex 61.08 22.2313 0
      vertex 53.8331 18.8111 0
    endloop
  endfacet
  facet normal 0 0 -1
    outer loop
      vertex 53.8004 19.1845 0
      vertex 61.08 22.2313 0
      vertex 53.8249 18.9985 0
    endloop
  endfacet
  facet normal 0 -0 -1
    outer loop
      vertex 53.8331 18.8111 0
      vertex 61.08 22.2313 0
      vertex 53.8249 18.6237 0
    endloop
  endfacet
  facet normal 0 0 -1
    outer loop
      vertex 62.7852 16.8232 0
      vertex 53.8249 18.6237 0
      vertex 61.08 22.2313 0
    endloop
  endfacet
  facet normal 0 -0 -1
    outer loop
      vertex 53.8249 18.6237 0
      vertex 62.7852 16.8232 0
      vertex 53.8004 18.4378 0
    endloop
  endfacet
  facet normal 0 -0 -1
    outer loop
      vertex 53.8004 18.4378 0
      vertex 62.7852 16.8232 0
      vertex 53.7598 18.2546 0
    endloop
  endfacet
  facet normal 0 -0 -1
    outer loop
      vertex 53.7034 18.0758 0
      vertex 62.7852 16.8232 0
      vertex 53.6317 17.9025 0
    endloop
  endfacet
  facet normal 0 -0 -1
    outer loop
      vertex 53.6317 17.9025 0
      vertex 62.7852 16.8232 0
      vertex 53.545 17.7361 0
    endloop
  endfacet
  facet normal 0 0 -1
    outer loop
      vertex 62.7852 16.8232 0
      vertex 53.3301 17.4291 0
      vertex 53.4443 17.5779 0
    endloop
  endfacet
  facet normal -0 0 -1
    outer loop
      vertex 29.125 -50.446 0
      vertex 20.7597 -50.7745 0
      vertex 29.2604 -50.3755 0
    endloop
  endfacet
  facet normal 0 0 -1
    outer loop
      vertex 62.7852 16.8232 0
      vertex 53.2034 17.2908 0
      vertex 53.3301 17.4291 0
    endloop
  endfacet
  facet normal 0 0 -1
    outer loop
      vertex 64.0125 11.2871 0
      vertex 53.2034 17.2908 0
      vertex 62.7852 16.8232 0
    endloop
  endfacet
  facet normal 0 -0 -1
    outer loop
      vertex 53.2034 17.2908 0
      vertex 64.0125 11.2871 0
      vertex 53.0651 17.1641 0
    endloop
  endfacet
  facet normal 0 0 -1
    outer loop
      vertex 64.0125 11.2871 0
      vertex 52.7581 16.9492 0
      vertex 52.9163 17.0499 0
    endloop
  endfacet
  facet normal 0 0 -1
    outer loop
      vertex 64.0125 11.2871 0
      vertex 52.5917 16.8625 0
      vertex 52.7581 16.9492 0
    endloop
  endfacet
  facet normal 0 0 -1
    outer loop
      vertex 59.2604 1.58604 0
      vertex 52.4184 16.7908 0
      vertex 52.5917 16.8625 0
    endloop
  endfacet
  facet normal 0 0 -1
    outer loop
      vertex 59.125 1.51554 0
      vertex 52.2396 16.7344 0
      vertex 52.4184 16.7908 0
    endloop
  endfacet
  facet normal 0 0 -1
    outer loop
      vertex 58.9962 1.43352 0
      vertex 52.0564 16.6938 0
      vertex 52.2396 16.7344 0
    endloop
  endfacet
  facet normal 0 0 -1
    outer loop
      vertex 58.8751 1.34058 0
      vertex 51.8705 16.6693 0
      vertex 52.0564 16.6938 0
    endloop
  endfacet
  facet normal 0 0 -1
    outer loop
      vertex 58.7626 1.23744 0
      vertex 51.6831 16.6611 0
      vertex 51.8705 16.6693 0
    endloop
  endfacet
  facet normal 0 0 -1
    outer loop
      vertex 58.6594 1.12488 0
      vertex 51.4957 16.6693 0
      vertex 51.6831 16.6611 0
    endloop
  endfacet
  facet normal 0 0 -1
    outer loop
      vertex 58.5665 1.00376 0
      vertex 51.3097 16.6938 0
      vertex 51.4957 16.6693 0
    endloop
  endfacet
  facet normal 0 0 -1
    outer loop
      vertex 58.4845 0.875 0
      vertex 51.1266 16.7344 0
      vertex 51.3097 16.6938 0
    endloop
  endfacet
  facet normal 0 0 -1
    outer loop
      vertex 58.414 0.739581 0
      vertex 50.9478 16.7908 0
      vertex 51.1266 16.7344 0
    endloop
  endfacet
  facet normal 0 0 -1
    outer loop
      vertex 58.3555 0.598535 0
      vertex 50.7745 16.8625 0
      vertex 50.9478 16.7908 0
    endloop
  endfacet
  facet normal 0 0 -1
    outer loop
      vertex 58.3096 0.452933 0
      vertex 50.6081 16.9492 0
      vertex 50.7745 16.8625 0
    endloop
  endfacet
  facet normal 0 0 -1
    outer loop
      vertex 58.2567 0.152522 0
      vertex 50.4499 17.0499 0
      vertex 50.6081 16.9492 0
    endloop
  endfacet
  facet normal 0 0 -1
    outer loop
      vertex 58.25 0 0
      vertex 50.3011 17.1641 0
      vertex 50.4499 17.0499 0
    endloop
  endfacet
  facet normal 0 0 -1
    outer loop
      vertex 58.2567 -0.152522 0
      vertex 10.925 0 0
      vertex 58.25 0 0
    endloop
  endfacet
  facet normal 0 -0 -1
    outer loop
      vertex 10.925 0 0
      vertex 58.2567 -0.152522 0
      vertex 10.8834 -0.952176 0
    endloop
  endfacet
  facet normal -0 0 -1
    outer loop
      vertex 29.2604 -50.3755 0
      vertex 20.7597 -50.7745 0
      vertex 29.4015 -50.3171 0
    endloop
  endfacet
  facet normal 0 0 -1
    outer loop
      vertex 10.8834 -0.952176 0
      vertex 58.2567 -0.152522 0
      vertex 58.2766 -0.303884 0
    endloop
  endfacet
  facet normal 0 0 -1
    outer loop
      vertex 58.25 0 0
      vertex 10.925 0 0
      vertex 50.3011 17.1641 0
    endloop
  endfacet
  facet normal 0 0 -1
    outer loop
      vertex 31.4335 -50.9578 0
      vertex 37.2825 -53.2449 0
      vertex 31.5155 -51.0865 0
    endloop
  endfacet
  facet normal 0 0 -1
    outer loop
      vertex 37.2825 -53.2449 0
      vertex 31.4335 -50.9578 0
      vertex 41.7812 -49.7929 0
    endloop
  endfacet
  facet normal 0 0 -1
    outer loop
      vertex 31.3406 -50.8366 0
      vertex 41.7812 -49.7929 0
      vertex 31.4335 -50.9578 0
    endloop
  endfacet
  facet normal 0 0 -1
    outer loop
      vertex 31.2374 -50.7241 0
      vertex 41.7812 -49.7929 0
      vertex 31.3406 -50.8366 0
    endloop
  endfacet
  facet normal 0 0 -1
    outer loop
      vertex 31.0038 -50.528 0
      vertex 41.7812 -49.7929 0
      vertex 31.1249 -50.6209 0
    endloop
  endfacet
  facet normal 0 0 -1
    outer loop
      vertex 30.875 -50.446 0
      vertex 41.7812 -49.7929 0
      vertex 31.0038 -50.528 0
    endloop
  endfacet
  facet normal 0 0 -1
    outer loop
      vertex 49.6064 18.2546 0
      vertex 31.75 51.9615 0
      vertex 49.5658 18.4378 0
    endloop
  endfacet
  facet normal -0.537289 -0.843399 0
    outer loop
      vertex -37.2825 -53.2449 0
      vertex -32.5 -56.2916 12
      vertex -37.2825 -53.2449 12
    endloop
  endfacet
  facet normal -0.537289 -0.843399 -0
    outer loop
      vertex -32.5 -56.2916 12
      vertex -37.2825 -53.2449 0
      vertex -32.5 -56.2916 0
    endloop
  endfacet
  facet normal 0.991447 0.130513 0
    outer loop
      vertex 13.9467 1.22018 19.99
      vertex 13.7873 2.43107 12
      vertex 13.7873 2.43107 19.99
    endloop
  endfacet
  facet normal 0.991447 0.130513 0
    outer loop
      vertex 13.7873 2.43107 12
      vertex 13.9467 1.22018 19.99
      vertex 13.9467 1.22018 12
    endloop
  endfacet
  facet normal 0.999047 0.0436405 0
    outer loop
      vertex 14 0 19.99
      vertex 13.9467 1.22018 12
      vertex 13.9467 1.22018 19.99
    endloop
  endfacet
  facet normal 0.999047 0.0436405 0
    outer loop
      vertex 13.9467 1.22018 12
      vertex 14 0 19.99
      vertex 14 0 12
    endloop
  endfacet
  facet normal 0.976304 0.216402 0
    outer loop
      vertex 13.7873 2.43107 19.99
      vertex 13.523 3.62347 12
      vertex 13.523 3.62347 19.99
    endloop
  endfacet
  facet normal 0.976304 0.216402 0
    outer loop
      vertex 13.523 3.62347 12
      vertex 13.7873 2.43107 19.99
      vertex 13.7873 2.43107 12
    endloop
  endfacet
  facet normal -0.537342 0.843364 0
    outer loop
      vertex -7 12.1244 12
      vertex -8.03007 11.4681 19.99
      vertex -7 12.1244 19.99
    endloop
  endfacet
  facet normal -0.537342 0.843364 0
    outer loop
      vertex -8.03007 11.4681 19.99
      vertex -7 12.1244 12
      vertex -8.03007 11.4681 12
    endloop
  endfacet
  facet normal -0.38269 0.923877 0
    outer loop
      vertex -4.78828 13.1557 12
      vertex -5.91666 12.6883 19.99
      vertex -4.78828 13.1557 19.99
    endloop
  endfacet
  facet normal -0.38269 0.923877 0
    outer loop
      vertex -5.91666 12.6883 19.99
      vertex -4.78828 13.1557 12
      vertex -5.91666 12.6883 12
    endloop
  endfacet
  facet normal -0.216402 -0.976304 0
    outer loop
      vertex -3.62347 -13.523 12
      vertex -2.43107 -13.7873 19.99
      vertex -3.62347 -13.523 19.99
    endloop
  endfacet
  facet normal -0.216402 -0.976304 -0
    outer loop
      vertex -2.43107 -13.7873 19.99
      vertex -3.62347 -13.523 12
      vertex -2.43107 -13.7873 12
    endloop
  endfacet
  facet normal -0.737281 -0.675586 0
    outer loop
      vertex -9.89949 -9.89949 12
      vertex -10.7246 -8.99903 19.99
      vertex -10.7246 -8.99903 12
    endloop
  endfacet
  facet normal -0.737281 -0.675586 0
    outer loop
      vertex -10.7246 -8.99903 19.99
      vertex -9.89949 -9.89949 12
      vertex -9.89949 -9.89949 19.99
    endloop
  endfacet
  facet normal 0 0 1
    outer loop
      vertex 5 0 19.99
      vertex 14 0 19.99
      vertex 13.9467 1.22018 19.99
    endloop
  endfacet
  facet normal 0 0 1
    outer loop
      vertex 4.98097 0.435779 19.99
      vertex 13.9467 1.22018 19.99
      vertex 13.7873 2.43107 19.99
    endloop
  endfacet
  facet normal 0 0 1
    outer loop
      vertex 14 0 19.99
      vertex 5 0 19.99
      vertex 13.9467 -1.22018 19.99
    endloop
  endfacet
  facet normal 0 0 1
    outer loop
      vertex 4.92404 0.86824 19.99
      vertex 13.7873 2.43107 19.99
      vertex 13.523 3.62347 19.99
    endloop
  endfacet
  facet normal -0 0 1
    outer loop
      vertex 4.98097 -0.435779 19.99
      vertex 13.9467 -1.22018 19.99
      vertex 5 0 19.99
    endloop
  endfacet
  facet normal 0 0 1
    outer loop
      vertex 4.82963 1.2941 19.99
      vertex 13.523 3.62347 19.99
      vertex 13.1557 4.78828 19.99
    endloop
  endfacet
  facet normal 0 0 1
    outer loop
      vertex 13.9467 -1.22018 19.99
      vertex 4.98097 -0.435779 19.99
      vertex 13.7873 -2.43107 19.99
    endloop
  endfacet
  facet normal 0 0 1
    outer loop
      vertex 4.69846 1.7101 19.99
      vertex 13.1557 4.78828 19.99
      vertex 12.6883 5.91666 19.99
    endloop
  endfacet
  facet normal -0 0 1
    outer loop
      vertex 4.92404 -0.86824 19.99
      vertex 13.7873 -2.43107 19.99
      vertex 4.98097 -0.435779 19.99
    endloop
  endfacet
  facet normal 0 0 1
    outer loop
      vertex 4.53154 2.11309 19.99
      vertex 12.6883 5.91666 19.99
      vertex 12.1244 7 19.99
    endloop
  endfacet
  facet normal 0 0 1
    outer loop
      vertex 13.7873 -2.43107 19.99
      vertex 4.92404 -0.86824 19.99
      vertex 13.523 -3.62347 19.99
    endloop
  endfacet
  facet normal 0 0 1
    outer loop
      vertex 4.33013 2.5 19.99
      vertex 12.1244 7 19.99
      vertex 11.4681 8.03007 19.99
    endloop
  endfacet
  facet normal -0 0 1
    outer loop
      vertex 4.82963 -1.2941 19.99
      vertex 13.523 -3.62347 19.99
      vertex 4.92404 -0.86824 19.99
    endloop
  endfacet
  facet normal 0 0 1
    outer loop
      vertex 4.09576 2.86788 19.99
      vertex 11.4681 8.03007 19.99
      vertex 10.7246 8.99903 19.99
    endloop
  endfacet
  facet normal 0 0 1
    outer loop
      vertex 13.523 -3.62347 19.99
      vertex 4.82963 -1.2941 19.99
      vertex 13.1557 -4.78828 19.99
    endloop
  endfacet
  facet normal 0 0 1
    outer loop
      vertex 3.83022 3.21394 19.99
      vertex 10.7246 8.99903 19.99
      vertex 9.89949 9.89949 19.99
    endloop
  endfacet
  facet normal -0 0 1
    outer loop
      vertex 4.69846 -1.7101 19.99
      vertex 13.1557 -4.78828 19.99
      vertex 4.82963 -1.2941 19.99
    endloop
  endfacet
  facet normal 0 0 1
    outer loop
      vertex 3.53553 3.53553 19.99
      vertex 9.89949 9.89949 19.99
      vertex 8.99903 10.7246 19.99
    endloop
  endfacet
  facet normal 0 0 1
    outer loop
      vertex 13.1557 -4.78828 19.99
      vertex 4.69846 -1.7101 19.99
      vertex 12.6883 -5.91666 19.99
    endloop
  endfacet
  facet normal 0 0 1
    outer loop
      vertex 3.21394 3.83022 19.99
      vertex 8.99903 10.7246 19.99
      vertex 8.03007 11.4681 19.99
    endloop
  endfacet
  facet normal -0 0 1
    outer loop
      vertex 4.53154 -2.11309 19.99
      vertex 12.6883 -5.91666 19.99
      vertex 4.69846 -1.7101 19.99
    endloop
  endfacet
  facet normal 0 0 1
    outer loop
      vertex 2.86788 4.09576 19.99
      vertex 8.03007 11.4681 19.99
      vertex 7 12.1244 19.99
    endloop
  endfacet
  facet normal 0 0 1
    outer loop
      vertex 12.6883 -5.91666 19.99
      vertex 4.53154 -2.11309 19.99
      vertex 12.1244 -7 19.99
    endloop
  endfacet
  facet normal 0 0 1
    outer loop
      vertex 2.5 4.33013 19.99
      vertex 7 12.1244 19.99
      vertex 5.91666 12.6883 19.99
    endloop
  endfacet
  facet normal -0 0 1
    outer loop
      vertex 4.33013 -2.5 19.99
      vertex 12.1244 -7 19.99
      vertex 4.53154 -2.11309 19.99
    endloop
  endfacet
  facet normal 0 0 1
    outer loop
      vertex 12.1244 -7 19.99
      vertex 4.33013 -2.5 19.99
      vertex 11.4681 -8.03007 19.99
    endloop
  endfacet
  facet normal 0 0 1
    outer loop
      vertex 13.9467 1.22018 19.99
      vertex 4.98097 0.435779 19.99
      vertex 5 0 19.99
    endloop
  endfacet
  facet normal 0 0 1
    outer loop
      vertex 13.7873 2.43107 19.99
      vertex 4.92404 0.86824 19.99
      vertex 4.98097 0.435779 19.99
    endloop
  endfacet
  facet normal 0 0 1
    outer loop
      vertex 13.523 3.62347 19.99
      vertex 4.82963 1.2941 19.99
      vertex 4.92404 0.86824 19.99
    endloop
  endfacet
  facet normal 0 0 1
    outer loop
      vertex 2.11309 4.53154 19.99
      vertex 5.91666 12.6883 19.99
      vertex 4.78828 13.1557 19.99
    endloop
  endfacet
  facet normal 0 0 1
    outer loop
      vertex 13.1557 4.78828 19.99
      vertex 4.69846 1.7101 19.99
      vertex 4.82963 1.2941 19.99
    endloop
  endfacet
  facet normal 0 0 1
    outer loop
      vertex 12.6883 5.91666 19.99
      vertex 4.53154 2.11309 19.99
      vertex 4.69846 1.7101 19.99
    endloop
  endfacet
  facet normal 0 0 1
    outer loop
      vertex 12.1244 7 19.99
      vertex 4.33013 2.5 19.99
      vertex 4.53154 2.11309 19.99
    endloop
  endfacet
  facet normal 0 0 1
    outer loop
      vertex 11.4681 8.03007 19.99
      vertex 4.09576 2.86788 19.99
      vertex 4.33013 2.5 19.99
    endloop
  endfacet
  facet normal 0 0 1
    outer loop
      vertex 10.7246 8.99903 19.99
      vertex 3.83022 3.21394 19.99
      vertex 4.09576 2.86788 19.99
    endloop
  endfacet
  facet normal 0 0 1
    outer loop
      vertex 1.7101 4.69846 19.99
      vertex 4.78828 13.1557 19.99
      vertex 3.62347 13.523 19.99
    endloop
  endfacet
  facet normal 0 0 1
    outer loop
      vertex 9.89949 9.89949 19.99
      vertex 3.53553 3.53553 19.99
      vertex 3.83022 3.21394 19.99
    endloop
  endfacet
  facet normal 0 0 1
    outer loop
      vertex 8.99903 10.7246 19.99
      vertex 3.21394 3.83022 19.99
      vertex 3.53553 3.53553 19.99
    endloop
  endfacet
  facet normal 0 0 1
    outer loop
      vertex 8.03007 11.4681 19.99
      vertex 2.86788 4.09576 19.99
      vertex 3.21394 3.83022 19.99
    endloop
  endfacet
  facet normal 0 0 1
    outer loop
      vertex 7 12.1244 19.99
      vertex 2.5 4.33013 19.99
      vertex 2.86788 4.09576 19.99
    endloop
  endfacet
  facet normal 0 0 1
    outer loop
      vertex 1.2941 4.82963 19.99
      vertex 3.62347 13.523 19.99
      vertex 2.43107 13.7873 19.99
    endloop
  endfacet
  facet normal 0 0 1
    outer loop
      vertex 5.91666 12.6883 19.99
      vertex 2.11309 4.53154 19.99
      vertex 2.5 4.33013 19.99
    endloop
  endfacet
  facet normal 0 0 1
    outer loop
      vertex 4.78828 13.1557 19.99
      vertex 1.7101 4.69846 19.99
      vertex 2.11309 4.53154 19.99
    endloop
  endfacet
  facet normal 0 0 1
    outer loop
      vertex 3.62347 13.523 19.99
      vertex 1.2941 4.82963 19.99
      vertex 1.7101 4.69846 19.99
    endloop
  endfacet
  facet normal 0 0 1
    outer loop
      vertex 0.86824 4.92404 19.99
      vertex 2.43107 13.7873 19.99
      vertex 1.22018 13.9467 19.99
    endloop
  endfacet
  facet normal 0 0 1
    outer loop
      vertex 2.43107 13.7873 19.99
      vertex 0.86824 4.92404 19.99
      vertex 1.2941 4.82963 19.99
    endloop
  endfacet
  facet normal 0 0 1
    outer loop
      vertex 1.22018 13.9467 19.99
      vertex 0.435779 4.98097 19.99
      vertex 0.86824 4.92404 19.99
    endloop
  endfacet
  facet normal 0 0 1
    outer loop
      vertex 0 14 19.99
      vertex 0.435779 4.98097 19.99
      vertex 1.22018 13.9467 19.99
    endloop
  endfacet
  facet normal 0 0 1
    outer loop
      vertex 0 14 19.99
      vertex 0 5 19.99
      vertex 0.435779 4.98097 19.99
    endloop
  endfacet
  facet normal 0 0 1
    outer loop
      vertex 0 14 19.99
      vertex -0.435779 4.98097 19.99
      vertex 0 5 19.99
    endloop
  endfacet
  facet normal -0 0 1
    outer loop
      vertex -1.22018 13.9467 19.99
      vertex -0.435779 4.98097 19.99
      vertex 0 14 19.99
    endloop
  endfacet
  facet normal 0 0 1
    outer loop
      vertex -0.435779 4.98097 19.99
      vertex -1.22018 13.9467 19.99
      vertex -0.86824 4.92404 19.99
    endloop
  endfacet
  facet normal -0 0 1
    outer loop
      vertex -2.43107 13.7873 19.99
      vertex -0.86824 4.92404 19.99
      vertex -1.22018 13.9467 19.99
    endloop
  endfacet
  facet normal 0 0 1
    outer loop
      vertex -0.86824 4.92404 19.99
      vertex -2.43107 13.7873 19.99
      vertex -1.2941 4.82963 19.99
    endloop
  endfacet
  facet normal -0 0 1
    outer loop
      vertex -3.62347 13.523 19.99
      vertex -1.2941 4.82963 19.99
      vertex -2.43107 13.7873 19.99
    endloop
  endfacet
  facet normal 0 0 1
    outer loop
      vertex -1.2941 4.82963 19.99
      vertex -3.62347 13.523 19.99
      vertex -1.7101 4.69846 19.99
    endloop
  endfacet
  facet normal -0 0 1
    outer loop
      vertex -4.78828 13.1557 19.99
      vertex -1.7101 4.69846 19.99
      vertex -3.62347 13.523 19.99
    endloop
  endfacet
  facet normal 0 0 1
    outer loop
      vertex -1.7101 4.69846 19.99
      vertex -4.78828 13.1557 19.99
      vertex -2.11309 4.53154 19.99
    endloop
  endfacet
  facet normal -0 0 1
    outer loop
      vertex -5.91666 12.6883 19.99
      vertex -2.11309 4.53154 19.99
      vertex -4.78828 13.1557 19.99
    endloop
  endfacet
  facet normal 0 0 1
    outer loop
      vertex -2.11309 4.53154 19.99
      vertex -5.91666 12.6883 19.99
      vertex -2.5 4.33013 19.99
    endloop
  endfacet
  facet normal -0 0 1
    outer loop
      vertex -7 12.1244 19.99
      vertex -2.5 4.33013 19.99
      vertex -5.91666 12.6883 19.99
    endloop
  endfacet
  facet normal 0 0 1
    outer loop
      vertex -2.5 4.33013 19.99
      vertex -7 12.1244 19.99
      vertex -2.86788 4.09576 19.99
    endloop
  endfacet
  facet normal -0 0 1
    outer loop
      vertex -8.03007 11.4681 19.99
      vertex -2.86788 4.09576 19.99
      vertex -7 12.1244 19.99
    endloop
  endfacet
  facet normal 0 0 1
    outer loop
      vertex -2.86788 4.09576 19.99
      vertex -8.03007 11.4681 19.99
      vertex -3.21394 3.83022 19.99
    endloop
  endfacet
  facet normal -0 0 1
    outer loop
      vertex -8.99903 10.7246 19.99
      vertex -3.21394 3.83022 19.99
      vertex -8.03007 11.4681 19.99
    endloop
  endfacet
  facet normal 0 0 1
    outer loop
      vertex -3.21394 3.83022 19.99
      vertex -8.99903 10.7246 19.99
      vertex -3.53553 3.53553 19.99
    endloop
  endfacet
  facet normal -0 0 1
    outer loop
      vertex -9.89949 9.89949 19.99
      vertex -3.53553 3.53553 19.99
      vertex -8.99903 10.7246 19.99
    endloop
  endfacet
  facet normal 0 0 1
    outer loop
      vertex -3.53553 3.53553 19.99
      vertex -9.89949 9.89949 19.99
      vertex -3.83022 3.21394 19.99
    endloop
  endfacet
  facet normal -0 0 1
    outer loop
      vertex -10.7246 8.99903 19.99
      vertex -3.83022 3.21394 19.99
      vertex -9.89949 9.89949 19.99
    endloop
  endfacet
  facet normal 0 0 1
    outer loop
      vertex -3.83022 3.21394 19.99
      vertex -10.7246 8.99903 19.99
      vertex -4.09576 2.86788 19.99
    endloop
  endfacet
  facet normal -0 0 1
    outer loop
      vertex -11.4681 8.03007 19.99
      vertex -4.09576 2.86788 19.99
      vertex -10.7246 8.99903 19.99
    endloop
  endfacet
  facet normal 0 0 1
    outer loop
      vertex -4.09576 2.86788 19.99
      vertex -11.4681 8.03007 19.99
      vertex -4.33013 2.5 19.99
    endloop
  endfacet
  facet normal -0 0 1
    outer loop
      vertex 4.09576 -2.86788 19.99
      vertex 11.4681 -8.03007 19.99
      vertex 4.33013 -2.5 19.99
    endloop
  endfacet
  facet normal 0 0 1
    outer loop
      vertex 11.4681 -8.03007 19.99
      vertex 4.09576 -2.86788 19.99
      vertex 10.7246 -8.99903 19.99
    endloop
  endfacet
  facet normal -0 0 1
    outer loop
      vertex 3.83022 -3.21394 19.99
      vertex 10.7246 -8.99903 19.99
      vertex 4.09576 -2.86788 19.99
    endloop
  endfacet
  facet normal 0 0 1
    outer loop
      vertex 10.7246 -8.99903 19.99
      vertex 3.83022 -3.21394 19.99
      vertex 9.89949 -9.89949 19.99
    endloop
  endfacet
  facet normal -0 0 1
    outer loop
      vertex 3.53553 -3.53553 19.99
      vertex 9.89949 -9.89949 19.99
      vertex 3.83022 -3.21394 19.99
    endloop
  endfacet
  facet normal 0 0 1
    outer loop
      vertex 9.89949 -9.89949 19.99
      vertex 3.53553 -3.53553 19.99
      vertex 8.99903 -10.7246 19.99
    endloop
  endfacet
  facet normal -0 0 1
    outer loop
      vertex 3.21394 -3.83022 19.99
      vertex 8.99903 -10.7246 19.99
      vertex 3.53553 -3.53553 19.99
    endloop
  endfacet
  facet normal 0 0 1
    outer loop
      vertex 8.99903 -10.7246 19.99
      vertex 3.21394 -3.83022 19.99
      vertex 8.03007 -11.4681 19.99
    endloop
  endfacet
  facet normal -0 0 1
    outer loop
      vertex 2.86788 -4.09576 19.99
      vertex 8.03007 -11.4681 19.99
      vertex 3.21394 -3.83022 19.99
    endloop
  endfacet
  facet normal 0 0 1
    outer loop
      vertex 8.03007 -11.4681 19.99
      vertex 2.86788 -4.09576 19.99
      vertex 7 -12.1244 19.99
    endloop
  endfacet
  facet normal -0 0 1
    outer loop
      vertex 2.5 -4.33013 19.99
      vertex 7 -12.1244 19.99
      vertex 2.86788 -4.09576 19.99
    endloop
  endfacet
  facet normal 0 0 1
    outer loop
      vertex 7 -12.1244 19.99
      vertex 2.5 -4.33013 19.99
      vertex 5.91666 -12.6883 19.99
    endloop
  endfacet
  facet normal -0 0 1
    outer loop
      vertex 2.11309 -4.53154 19.99
      vertex 5.91666 -12.6883 19.99
      vertex 2.5 -4.33013 19.99
    endloop
  endfacet
  facet normal 0 0 1
    outer loop
      vertex 5.91666 -12.6883 19.99
      vertex 2.11309 -4.53154 19.99
      vertex 4.78828 -13.1557 19.99
    endloop
  endfacet
  facet normal -0 0 1
    outer loop
      vertex 1.7101 -4.69846 19.99
      vertex 4.78828 -13.1557 19.99
      vertex 2.11309 -4.53154 19.99
    endloop
  endfacet
  facet normal 0 0 1
    outer loop
      vertex 4.78828 -13.1557 19.99
      vertex 1.7101 -4.69846 19.99
      vertex 3.62347 -13.523 19.99
    endloop
  endfacet
  facet normal -0 0 1
    outer loop
      vertex 1.2941 -4.82963 19.99
      vertex 3.62347 -13.523 19.99
      vertex 1.7101 -4.69846 19.99
    endloop
  endfacet
  facet normal 0 0 1
    outer loop
      vertex 3.62347 -13.523 19.99
      vertex 1.2941 -4.82963 19.99
      vertex 2.43107 -13.7873 19.99
    endloop
  endfacet
  facet normal -0 0 1
    outer loop
      vertex 0.86824 -4.92404 19.99
      vertex 2.43107 -13.7873 19.99
      vertex 1.2941 -4.82963 19.99
    endloop
  endfacet
  facet normal 0 0 1
    outer loop
      vertex 2.43107 -13.7873 19.99
      vertex 0.86824 -4.92404 19.99
      vertex 1.22018 -13.9467 19.99
    endloop
  endfacet
  facet normal -0 0 1
    outer loop
      vertex 0.435779 -4.98097 19.99
      vertex 1.22018 -13.9467 19.99
      vertex 0.86824 -4.92404 19.99
    endloop
  endfacet
  facet normal -0 0 1
    outer loop
      vertex 0 -5 19.99
      vertex 1.22018 -13.9467 19.99
      vertex 0.435779 -4.98097 19.99
    endloop
  endfacet
  facet normal 0 0 1
    outer loop
      vertex 0 -5 19.99
      vertex 0 -14 19.99
      vertex 1.22018 -13.9467 19.99
    endloop
  endfacet
  facet normal 0 0 1
    outer loop
      vertex -0.435779 -4.98097 19.99
      vertex 0 -14 19.99
      vertex 0 -5 19.99
    endloop
  endfacet
  facet normal 0 0 1
    outer loop
      vertex -1.22018 -13.9467 19.99
      vertex -0.435779 -4.98097 19.99
      vertex -0.86824 -4.92404 19.99
    endloop
  endfacet
  facet normal 0 0 1
    outer loop
      vertex -0.435779 -4.98097 19.99
      vertex -1.22018 -13.9467 19.99
      vertex 0 -14 19.99
    endloop
  endfacet
  facet normal 0 0 1
    outer loop
      vertex -2.43107 -13.7873 19.99
      vertex -0.86824 -4.92404 19.99
      vertex -1.2941 -4.82963 19.99
    endloop
  endfacet
  facet normal 0 0 1
    outer loop
      vertex -3.62347 -13.523 19.99
      vertex -1.2941 -4.82963 19.99
      vertex -1.7101 -4.69846 19.99
    endloop
  endfacet
  facet normal 0 0 1
    outer loop
      vertex -4.78828 -13.1557 19.99
      vertex -1.7101 -4.69846 19.99
      vertex -2.11309 -4.53154 19.99
    endloop
  endfacet
  facet normal 0 0 1
    outer loop
      vertex -0.86824 -4.92404 19.99
      vertex -2.43107 -13.7873 19.99
      vertex -1.22018 -13.9467 19.99
    endloop
  endfacet
  facet normal 0 0 1
    outer loop
      vertex -5.91666 -12.6883 19.99
      vertex -2.11309 -4.53154 19.99
      vertex -2.5 -4.33013 19.99
    endloop
  endfacet
  facet normal 0 0 1
    outer loop
      vertex -7 -12.1244 19.99
      vertex -2.5 -4.33013 19.99
      vertex -2.86788 -4.09576 19.99
    endloop
  endfacet
  facet normal 0 0 1
    outer loop
      vertex -8.03007 -11.4681 19.99
      vertex -2.86788 -4.09576 19.99
      vertex -3.21394 -3.83022 19.99
    endloop
  endfacet
  facet normal 0 0 1
    outer loop
      vertex -8.99903 -10.7246 19.99
      vertex -3.21394 -3.83022 19.99
      vertex -3.53553 -3.53553 19.99
    endloop
  endfacet
  facet normal 0 0 1
    outer loop
      vertex -1.2941 -4.82963 19.99
      vertex -3.62347 -13.523 19.99
      vertex -2.43107 -13.7873 19.99
    endloop
  endfacet
  facet normal 0 0 1
    outer loop
      vertex -9.89949 -9.89949 19.99
      vertex -3.53553 -3.53553 19.99
      vertex -3.83022 -3.21394 19.99
    endloop
  endfacet
  facet normal 0 0 1
    outer loop
      vertex -10.7246 -8.99903 19.99
      vertex -3.83022 -3.21394 19.99
      vertex -4.09576 -2.86788 19.99
    endloop
  endfacet
  facet normal 0 0 1
    outer loop
      vertex -11.4681 -8.03007 19.99
      vertex -4.09576 -2.86788 19.99
      vertex -4.33013 -2.5 19.99
    endloop
  endfacet
  facet normal 0 0 1
    outer loop
      vertex -12.1244 -7 19.99
      vertex -4.33013 -2.5 19.99
      vertex -4.53154 -2.11309 19.99
    endloop
  endfacet
  facet normal 0 0 1
    outer loop
      vertex -12.6883 -5.91666 19.99
      vertex -4.53154 -2.11309 19.99
      vertex -4.69846 -1.7101 19.99
    endloop
  endfacet
  facet normal 0 0 1
    outer loop
      vertex -1.7101 -4.69846 19.99
      vertex -4.78828 -13.1557 19.99
      vertex -3.62347 -13.523 19.99
    endloop
  endfacet
  facet normal 0 0 1
    outer loop
      vertex -13.1557 -4.78828 19.99
      vertex -4.69846 -1.7101 19.99
      vertex -4.82963 -1.2941 19.99
    endloop
  endfacet
  facet normal 0 0 1
    outer loop
      vertex -13.523 -3.62347 19.99
      vertex -4.82963 -1.2941 19.99
      vertex -4.92404 -0.86824 19.99
    endloop
  endfacet
  facet normal 0 0 1
    outer loop
      vertex -13.7873 -2.43107 19.99
      vertex -4.92404 -0.86824 19.99
      vertex -4.98097 -0.435779 19.99
    endloop
  endfacet
  facet normal 0 0 1
    outer loop
      vertex -13.9467 -1.22018 19.99
      vertex -4.98097 -0.435779 19.99
      vertex -5 0 19.99
    endloop
  endfacet
  facet normal -0 0 1
    outer loop
      vertex -12.1244 7 19.99
      vertex -4.33013 2.5 19.99
      vertex -11.4681 8.03007 19.99
    endloop
  endfacet
  facet normal 0 0 1
    outer loop
      vertex -2.11309 -4.53154 19.99
      vertex -5.91666 -12.6883 19.99
      vertex -4.78828 -13.1557 19.99
    endloop
  endfacet
  facet normal 0 0 1
    outer loop
      vertex -4.33013 2.5 19.99
      vertex -12.1244 7 19.99
      vertex -4.53154 2.11309 19.99
    endloop
  endfacet
  facet normal 0 0 1
    outer loop
      vertex -2.5 -4.33013 19.99
      vertex -7 -12.1244 19.99
      vertex -5.91666 -12.6883 19.99
    endloop
  endfacet
  facet normal -0 0 1
    outer loop
      vertex -12.6883 5.91666 19.99
      vertex -4.53154 2.11309 19.99
      vertex -12.1244 7 19.99
    endloop
  endfacet
  facet normal 0 0 1
    outer loop
      vertex -2.86788 -4.09576 19.99
      vertex -8.03007 -11.4681 19.99
      vertex -7 -12.1244 19.99
    endloop
  endfacet
  facet normal 0 0 1
    outer loop
      vertex -4.53154 2.11309 19.99
      vertex -12.6883 5.91666 19.99
      vertex -4.69846 1.7101 19.99
    endloop
  endfacet
  facet normal 0 0 1
    outer loop
      vertex -3.21394 -3.83022 19.99
      vertex -8.99903 -10.7246 19.99
      vertex -8.03007 -11.4681 19.99
    endloop
  endfacet
  facet normal -0 0 1
    outer loop
      vertex -13.1557 4.78828 19.99
      vertex -4.69846 1.7101 19.99
      vertex -12.6883 5.91666 19.99
    endloop
  endfacet
  facet normal 0 0 1
    outer loop
      vertex -3.53553 -3.53553 19.99
      vertex -9.89949 -9.89949 19.99
      vertex -8.99903 -10.7246 19.99
    endloop
  endfacet
  facet normal 0 0 1
    outer loop
      vertex -4.69846 1.7101 19.99
      vertex -13.1557 4.78828 19.99
      vertex -4.82963 1.2941 19.99
    endloop
  endfacet
  facet normal 0 0 1
    outer loop
      vertex -3.83022 -3.21394 19.99
      vertex -10.7246 -8.99903 19.99
      vertex -9.89949 -9.89949 19.99
    endloop
  endfacet
  facet normal -0 0 1
    outer loop
      vertex -13.523 3.62347 19.99
      vertex -4.82963 1.2941 19.99
      vertex -13.1557 4.78828 19.99
    endloop
  endfacet
  facet normal 0 0 1
    outer loop
      vertex -4.09576 -2.86788 19.99
      vertex -11.4681 -8.03007 19.99
      vertex -10.7246 -8.99903 19.99
    endloop
  endfacet
  facet normal 0 0 1
    outer loop
      vertex -4.82963 1.2941 19.99
      vertex -13.523 3.62347 19.99
      vertex -4.92404 0.86824 19.99
    endloop
  endfacet
  facet normal 0 0 1
    outer loop
      vertex -4.33013 -2.5 19.99
      vertex -12.1244 -7 19.99
      vertex -11.4681 -8.03007 19.99
    endloop
  endfacet
  facet normal -0 0 1
    outer loop
      vertex -13.7873 2.43107 19.99
      vertex -4.92404 0.86824 19.99
      vertex -13.523 3.62347 19.99
    endloop
  endfacet
  facet normal 0 0 1
    outer loop
      vertex -4.53154 -2.11309 19.99
      vertex -12.6883 -5.91666 19.99
      vertex -12.1244 -7 19.99
    endloop
  endfacet
  facet normal 0 0 1
    outer loop
      vertex -4.92404 0.86824 19.99
      vertex -13.7873 2.43107 19.99
      vertex -4.98097 0.435779 19.99
    endloop
  endfacet
  facet normal 0 0 1
    outer loop
      vertex -4.69846 -1.7101 19.99
      vertex -13.1557 -4.78828 19.99
      vertex -12.6883 -5.91666 19.99
    endloop
  endfacet
  facet normal -0 0 1
    outer loop
      vertex -13.9467 1.22018 19.99
      vertex -4.98097 0.435779 19.99
      vertex -13.7873 2.43107 19.99
    endloop
  endfacet
  facet normal 0 0 1
    outer loop
      vertex -4.82963 -1.2941 19.99
      vertex -13.523 -3.62347 19.99
      vertex -13.1557 -4.78828 19.99
    endloop
  endfacet
  facet normal 0 0 1
    outer loop
      vertex -4.98097 0.435779 19.99
      vertex -13.9467 1.22018 19.99
      vertex -5 0 19.99
    endloop
  endfacet
  facet normal 0 0 1
    outer loop
      vertex -4.92404 -0.86824 19.99
      vertex -13.7873 -2.43107 19.99
      vertex -13.523 -3.62347 19.99
    endloop
  endfacet
  facet normal 0 0 1
    outer loop
      vertex -14 0 19.99
      vertex -5 0 19.99
      vertex -13.9467 1.22018 19.99
    endloop
  endfacet
  facet normal 0 0 1
    outer loop
      vertex -4.98097 -0.435779 19.99
      vertex -13.9467 -1.22018 19.99
      vertex -13.7873 -2.43107 19.99
    endloop
  endfacet
  facet normal 0 0 1
    outer loop
      vertex -5 0 19.99
      vertex -14 0 19.99
      vertex -13.9467 -1.22018 19.99
    endloop
  endfacet
  facet normal 0.537342 -0.843364 0
    outer loop
      vertex 7 -12.1244 12
      vertex 8.03007 -11.4681 19.99
      vertex 7 -12.1244 19.99
    endloop
  endfacet
  facet normal 0.537342 -0.843364 0
    outer loop
      vertex 8.03007 -11.4681 19.99
      vertex 7 -12.1244 12
      vertex 8.03007 -11.4681 12
    endloop
  endfacet
  facet normal 0.130513 -0.991447 0
    outer loop
      vertex 1.22018 -13.9467 12
      vertex 2.43107 -13.7873 19.99
      vertex 1.22018 -13.9467 19.99
    endloop
  endfacet
  facet normal 0.130513 -0.991447 0
    outer loop
      vertex 2.43107 -13.7873 19.99
      vertex 1.22018 -13.9467 12
      vertex 2.43107 -13.7873 12
    endloop
  endfacet
  facet normal -0.675586 0.737281 0
    outer loop
      vertex -8.99903 10.7246 12
      vertex -9.89949 9.89949 19.99
      vertex -8.99903 10.7246 19.99
    endloop
  endfacet
  facet normal -0.675586 0.737281 0
    outer loop
      vertex -9.89949 9.89949 19.99
      vertex -8.99903 10.7246 12
      vertex -9.89949 9.89949 12
    endloop
  endfacet
  facet normal -0.793357 0.608757 0
    outer loop
      vertex -11.4681 8.03007 12
      vertex -10.7246 8.99903 19.99
      vertex -10.7246 8.99903 12
    endloop
  endfacet
  facet normal -0.793357 0.608757 0
    outer loop
      vertex -10.7246 8.99903 19.99
      vertex -11.4681 8.03007 12
      vertex -11.4681 8.03007 19.99
    endloop
  endfacet
  facet normal 0.737281 0.675586 0
    outer loop
      vertex 10.7246 8.99903 19.99
      vertex 9.89949 9.89949 12
      vertex 9.89949 9.89949 19.99
    endloop
  endfacet
  facet normal 0.737281 0.675586 0
    outer loop
      vertex 9.89949 9.89949 12
      vertex 10.7246 8.99903 19.99
      vertex 10.7246 8.99903 12
    endloop
  endfacet
  facet normal 0.0436405 0.999047 -0
    outer loop
      vertex 1.22018 13.9467 12
      vertex 0 14 19.99
      vertex 1.22018 13.9467 19.99
    endloop
  endfacet
  facet normal 0.0436405 0.999047 0
    outer loop
      vertex 0 14 19.99
      vertex 1.22018 13.9467 12
      vertex 0 14 12
    endloop
  endfacet
  facet normal 0.38269 0.923877 -0
    outer loop
      vertex 5.91666 12.6883 12
      vertex 4.78828 13.1557 19.99
      vertex 5.91666 12.6883 19.99
    endloop
  endfacet
  facet normal 0.38269 0.923877 0
    outer loop
      vertex 4.78828 13.1557 19.99
      vertex 5.91666 12.6883 12
      vertex 4.78828 13.1557 12
    endloop
  endfacet
  facet normal 0.923877 0.38269 0
    outer loop
      vertex 13.1557 4.78828 19.99
      vertex 12.6883 5.91666 12
      vertex 12.6883 5.91666 19.99
    endloop
  endfacet
  facet normal 0.923877 0.38269 0
    outer loop
      vertex 12.6883 5.91666 12
      vertex 13.1557 4.78828 19.99
      vertex 13.1557 4.78828 12
    endloop
  endfacet
  facet normal -0.953708 -0.300733 0
    outer loop
      vertex -13.1557 -4.78828 12
      vertex -13.523 -3.62347 19.99
      vertex -13.523 -3.62347 12
    endloop
  endfacet
  facet normal -0.953708 -0.300733 0
    outer loop
      vertex -13.523 -3.62347 19.99
      vertex -13.1557 -4.78828 12
      vertex -13.1557 -4.78828 19.99
    endloop
  endfacet
  facet normal -0.999047 -0.0436405 0
    outer loop
      vertex -13.9467 -1.22018 12
      vertex -14 0 19.99
      vertex -14 0 12
    endloop
  endfacet
  facet normal -0.999047 -0.0436405 0
    outer loop
      vertex -14 0 19.99
      vertex -13.9467 -1.22018 12
      vertex -13.9467 -1.22018 19.99
    endloop
  endfacet
  facet normal 0.923877 -0.38269 0
    outer loop
      vertex 12.6883 -5.91666 19.99
      vertex 13.1557 -4.78828 12
      vertex 13.1557 -4.78828 19.99
    endloop
  endfacet
  facet normal 0.923877 -0.38269 0
    outer loop
      vertex 13.1557 -4.78828 12
      vertex 12.6883 -5.91666 19.99
      vertex 12.6883 -5.91666 12
    endloop
  endfacet
  facet normal -0.0436405 0.999047 0
    outer loop
      vertex 0 14 12
      vertex -1.22018 13.9467 19.99
      vertex 0 14 19.99
    endloop
  endfacet
  facet normal -0.0436405 0.999047 0
    outer loop
      vertex -1.22018 13.9467 19.99
      vertex 0 14 12
      vertex -1.22018 13.9467 12
    endloop
  endfacet
  facet normal 0.999047 -0.0436405 0
    outer loop
      vertex 13.9467 -1.22018 19.99
      vertex 14 0 12
      vertex 14 0 19.99
    endloop
  endfacet
  facet normal 0.999047 -0.0436405 0
    outer loop
      vertex 14 0 12
      vertex 13.9467 -1.22018 19.99
      vertex 13.9467 -1.22018 12
    endloop
  endfacet
  facet normal -0.976304 -0.216402 0
    outer loop
      vertex -13.523 -3.62347 12
      vertex -13.7873 -2.43107 19.99
      vertex -13.7873 -2.43107 12
    endloop
  endfacet
  facet normal -0.976304 -0.216402 0
    outer loop
      vertex -13.7873 -2.43107 19.99
      vertex -13.523 -3.62347 12
      vertex -13.523 -3.62347 19.99
    endloop
  endfacet
  facet normal 0.537342 0.843364 -0
    outer loop
      vertex 8.03007 11.4681 12
      vertex 7 12.1244 19.99
      vertex 8.03007 11.4681 19.99
    endloop
  endfacet
  facet normal 0.537342 0.843364 0
    outer loop
      vertex 7 12.1244 19.99
      vertex 8.03007 11.4681 12
      vertex 7 12.1244 12
    endloop
  endfacet
  facet normal 0.976304 -0.216402 0
    outer loop
      vertex 13.523 -3.62347 19.99
      vertex 13.7873 -2.43107 12
      vertex 13.7873 -2.43107 19.99
    endloop
  endfacet
  facet normal 0.976304 -0.216402 0
    outer loop
      vertex 13.7873 -2.43107 12
      vertex 13.523 -3.62347 19.99
      vertex 13.523 -3.62347 12
    endloop
  endfacet
  facet normal -0.923877 -0.38269 0
    outer loop
      vertex -12.6883 -5.91666 12
      vertex -13.1557 -4.78828 19.99
      vertex -13.1557 -4.78828 12
    endloop
  endfacet
  facet normal -0.923877 -0.38269 0
    outer loop
      vertex -13.1557 -4.78828 19.99
      vertex -12.6883 -5.91666 12
      vertex -12.6883 -5.91666 19.99
    endloop
  endfacet
  facet normal 0.216402 -0.976304 0
    outer loop
      vertex 2.43107 -13.7873 12
      vertex 3.62347 -13.523 19.99
      vertex 2.43107 -13.7873 19.99
    endloop
  endfacet
  facet normal 0.216402 -0.976304 0
    outer loop
      vertex 3.62347 -13.523 19.99
      vertex 2.43107 -13.7873 12
      vertex 3.62347 -13.523 12
    endloop
  endfacet
  facet normal -0.461716 0.887028 0
    outer loop
      vertex -5.91666 12.6883 12
      vertex -7 12.1244 19.99
      vertex -5.91666 12.6883 19.99
    endloop
  endfacet
  facet normal -0.461716 0.887028 0
    outer loop
      vertex -7 12.1244 19.99
      vertex -5.91666 12.6883 12
      vertex -7 12.1244 12
    endloop
  endfacet
  facet normal -0.608757 0.793357 0
    outer loop
      vertex -8.03007 11.4681 12
      vertex -8.99903 10.7246 19.99
      vertex -8.03007 11.4681 19.99
    endloop
  endfacet
  facet normal -0.608757 0.793357 0
    outer loop
      vertex -8.99903 10.7246 19.99
      vertex -8.03007 11.4681 12
      vertex -8.99903 10.7246 12
    endloop
  endfacet
  facet normal -0.300733 0.953708 0
    outer loop
      vertex -3.62347 13.523 12
      vertex -4.78828 13.1557 19.99
      vertex -3.62347 13.523 19.99
    endloop
  endfacet
  facet normal -0.300733 0.953708 0
    outer loop
      vertex -4.78828 13.1557 19.99
      vertex -3.62347 13.523 12
      vertex -4.78828 13.1557 12
    endloop
  endfacet
  facet normal -0.887028 0.461716 0
    outer loop
      vertex -12.6883 5.91666 12
      vertex -12.1244 7 19.99
      vertex -12.1244 7 12
    endloop
  endfacet
  facet normal -0.887028 0.461716 0
    outer loop
      vertex -12.1244 7 19.99
      vertex -12.6883 5.91666 12
      vertex -12.6883 5.91666 19.99
    endloop
  endfacet
  facet normal -0.923877 0.38269 0
    outer loop
      vertex -13.1557 4.78828 12
      vertex -12.6883 5.91666 19.99
      vertex -12.6883 5.91666 12
    endloop
  endfacet
  facet normal -0.923877 0.38269 0
    outer loop
      vertex -12.6883 5.91666 19.99
      vertex -13.1557 4.78828 12
      vertex -13.1557 4.78828 19.99
    endloop
  endfacet
  facet normal 0.991447 -0.130513 0
    outer loop
      vertex 13.7873 -2.43107 19.99
      vertex 13.9467 -1.22018 12
      vertex 13.9467 -1.22018 19.99
    endloop
  endfacet
  facet normal 0.991447 -0.130513 0
    outer loop
      vertex 13.9467 -1.22018 12
      vertex 13.7873 -2.43107 19.99
      vertex 13.7873 -2.43107 12
    endloop
  endfacet
  facet normal 0.843364 0.537342 0
    outer loop
      vertex 12.1244 7 19.99
      vertex 11.4681 8.03007 12
      vertex 11.4681 8.03007 19.99
    endloop
  endfacet
  facet normal 0.843364 0.537342 0
    outer loop
      vertex 11.4681 8.03007 12
      vertex 12.1244 7 19.99
      vertex 12.1244 7 12
    endloop
  endfacet
  facet normal 0.461716 -0.887028 0
    outer loop
      vertex 5.91666 -12.6883 12
      vertex 7 -12.1244 19.99
      vertex 5.91666 -12.6883 19.99
    endloop
  endfacet
  facet normal 0.461716 -0.887028 0
    outer loop
      vertex 7 -12.1244 19.99
      vertex 5.91666 -12.6883 12
      vertex 7 -12.1244 12
    endloop
  endfacet
  facet normal -0.976304 0.216402 0
    outer loop
      vertex -13.7873 2.43107 12
      vertex -13.523 3.62347 19.99
      vertex -13.523 3.62347 12
    endloop
  endfacet
  facet normal -0.976304 0.216402 0
    outer loop
      vertex -13.523 3.62347 19.99
      vertex -13.7873 2.43107 12
      vertex -13.7873 2.43107 19.99
    endloop
  endfacet
  facet normal -0.38269 -0.923877 0
    outer loop
      vertex -5.91666 -12.6883 12
      vertex -4.78828 -13.1557 19.99
      vertex -5.91666 -12.6883 19.99
    endloop
  endfacet
  facet normal -0.38269 -0.923877 -0
    outer loop
      vertex -4.78828 -13.1557 19.99
      vertex -5.91666 -12.6883 12
      vertex -4.78828 -13.1557 12
    endloop
  endfacet
  facet normal -0.843364 0.537342 0
    outer loop
      vertex -12.1244 7 12
      vertex -11.4681 8.03007 19.99
      vertex -11.4681 8.03007 12
    endloop
  endfacet
  facet normal -0.843364 0.537342 0
    outer loop
      vertex -11.4681 8.03007 19.99
      vertex -12.1244 7 12
      vertex -12.1244 7 19.99
    endloop
  endfacet
  facet normal 0.608757 -0.793357 0
    outer loop
      vertex 8.03007 -11.4681 12
      vertex 8.99903 -10.7246 19.99
      vertex 8.03007 -11.4681 19.99
    endloop
  endfacet
  facet normal 0.608757 -0.793357 0
    outer loop
      vertex 8.99903 -10.7246 19.99
      vertex 8.03007 -11.4681 12
      vertex 8.99903 -10.7246 12
    endloop
  endfacet
  facet normal -0.130513 0.991447 0
    outer loop
      vertex -1.22018 13.9467 12
      vertex -2.43107 13.7873 19.99
      vertex -1.22018 13.9467 19.99
    endloop
  endfacet
  facet normal -0.130513 0.991447 0
    outer loop
      vertex -2.43107 13.7873 19.99
      vertex -1.22018 13.9467 12
      vertex -2.43107 13.7873 12
    endloop
  endfacet
  facet normal 0.300733 0.953708 -0
    outer loop
      vertex 4.78828 13.1557 12
      vertex 3.62347 13.523 19.99
      vertex 4.78828 13.1557 19.99
    endloop
  endfacet
  facet normal 0.300733 0.953708 0
    outer loop
      vertex 3.62347 13.523 19.99
      vertex 4.78828 13.1557 12
      vertex 3.62347 13.523 12
    endloop
  endfacet
  facet normal -0.953708 0.300733 0
    outer loop
      vertex -13.523 3.62347 12
      vertex -13.1557 4.78828 19.99
      vertex -13.1557 4.78828 12
    endloop
  endfacet
  facet normal -0.953708 0.300733 0
    outer loop
      vertex -13.1557 4.78828 19.99
      vertex -13.523 3.62347 12
      vertex -13.523 3.62347 19.99
    endloop
  endfacet
  facet normal 0.608757 0.793357 -0
    outer loop
      vertex 8.99903 10.7246 12
      vertex 8.03007 11.4681 19.99
      vertex 8.99903 10.7246 19.99
    endloop
  endfacet
  facet normal 0.608757 0.793357 0
    outer loop
      vertex 8.03007 11.4681 19.99
      vertex 8.99903 10.7246 12
      vertex 8.03007 11.4681 12
    endloop
  endfacet
  facet normal 0.887028 -0.461716 0
    outer loop
      vertex 12.1244 -7 19.99
      vertex 12.6883 -5.91666 12
      vertex 12.6883 -5.91666 19.99
    endloop
  endfacet
  facet normal 0.887028 -0.461716 0
    outer loop
      vertex 12.6883 -5.91666 12
      vertex 12.1244 -7 19.99
      vertex 12.1244 -7 12
    endloop
  endfacet
  facet normal 0.461716 0.887028 -0
    outer loop
      vertex 7 12.1244 12
      vertex 5.91666 12.6883 19.99
      vertex 7 12.1244 19.99
    endloop
  endfacet
  facet normal 0.461716 0.887028 0
    outer loop
      vertex 5.91666 12.6883 19.99
      vertex 7 12.1244 12
      vertex 5.91666 12.6883 12
    endloop
  endfacet
  facet normal -0.843364 -0.537342 0
    outer loop
      vertex -11.4681 -8.03007 12
      vertex -12.1244 -7 19.99
      vertex -12.1244 -7 12
    endloop
  endfacet
  facet normal -0.843364 -0.537342 0
    outer loop
      vertex -12.1244 -7 19.99
      vertex -11.4681 -8.03007 12
      vertex -11.4681 -8.03007 19.99
    endloop
  endfacet
  facet normal 0.843364 -0.537342 0
    outer loop
      vertex 11.4681 -8.03007 19.99
      vertex 12.1244 -7 12
      vertex 12.1244 -7 19.99
    endloop
  endfacet
  facet normal 0.843364 -0.537342 0
    outer loop
      vertex 12.1244 -7 12
      vertex 11.4681 -8.03007 19.99
      vertex 11.4681 -8.03007 12
    endloop
  endfacet
  facet normal 0.0436405 -0.999047 0
    outer loop
      vertex 0 -14 12
      vertex 1.22018 -13.9467 19.99
      vertex 0 -14 19.99
    endloop
  endfacet
  facet normal 0.0436405 -0.999047 0
    outer loop
      vertex 1.22018 -13.9467 19.99
      vertex 0 -14 12
      vertex 1.22018 -13.9467 12
    endloop
  endfacet
  facet normal 0.953708 0.300733 0
    outer loop
      vertex 13.523 3.62347 19.99
      vertex 13.1557 4.78828 12
      vertex 13.1557 4.78828 19.99
    endloop
  endfacet
  facet normal 0.953708 0.300733 0
    outer loop
      vertex 13.1557 4.78828 12
      vertex 13.523 3.62347 19.99
      vertex 13.523 3.62347 12
    endloop
  endfacet
  facet normal 0.887028 0.461716 0
    outer loop
      vertex 12.6883 5.91666 19.99
      vertex 12.1244 7 12
      vertex 12.1244 7 19.99
    endloop
  endfacet
  facet normal 0.887028 0.461716 0
    outer loop
      vertex 12.1244 7 12
      vertex 12.6883 5.91666 19.99
      vertex 12.6883 5.91666 12
    endloop
  endfacet
  facet normal 0.300733 -0.953708 0
    outer loop
      vertex 3.62347 -13.523 12
      vertex 4.78828 -13.1557 19.99
      vertex 3.62347 -13.523 19.99
    endloop
  endfacet
  facet normal 0.300733 -0.953708 0
    outer loop
      vertex 4.78828 -13.1557 19.99
      vertex 3.62347 -13.523 12
      vertex 4.78828 -13.1557 12
    endloop
  endfacet
  facet normal -0.300733 -0.953708 0
    outer loop
      vertex -4.78828 -13.1557 12
      vertex -3.62347 -13.523 19.99
      vertex -4.78828 -13.1557 19.99
    endloop
  endfacet
  facet normal -0.300733 -0.953708 -0
    outer loop
      vertex -3.62347 -13.523 19.99
      vertex -4.78828 -13.1557 12
      vertex -3.62347 -13.523 12
    endloop
  endfacet
  facet normal -0.793357 -0.608757 0
    outer loop
      vertex -10.7246 -8.99903 12
      vertex -11.4681 -8.03007 19.99
      vertex -11.4681 -8.03007 12
    endloop
  endfacet
  facet normal -0.793357 -0.608757 0
    outer loop
      vertex -11.4681 -8.03007 19.99
      vertex -10.7246 -8.99903 12
      vertex -10.7246 -8.99903 19.99
    endloop
  endfacet
  facet normal -0.130513 -0.991447 0
    outer loop
      vertex -2.43107 -13.7873 12
      vertex -1.22018 -13.9467 19.99
      vertex -2.43107 -13.7873 19.99
    endloop
  endfacet
  facet normal -0.130513 -0.991447 -0
    outer loop
      vertex -1.22018 -13.9467 19.99
      vertex -2.43107 -13.7873 12
      vertex -1.22018 -13.9467 12
    endloop
  endfacet
  facet normal -0.216402 0.976304 0
    outer loop
      vertex -2.43107 13.7873 12
      vertex -3.62347 13.523 19.99
      vertex -2.43107 13.7873 19.99
    endloop
  endfacet
  facet normal -0.216402 0.976304 0
    outer loop
      vertex -3.62347 13.523 19.99
      vertex -2.43107 13.7873 12
      vertex -3.62347 13.523 12
    endloop
  endfacet
  facet normal 0.793357 -0.608757 0
    outer loop
      vertex 10.7246 -8.99903 19.99
      vertex 11.4681 -8.03007 12
      vertex 11.4681 -8.03007 19.99
    endloop
  endfacet
  facet normal 0.793357 -0.608757 0
    outer loop
      vertex 11.4681 -8.03007 12
      vertex 10.7246 -8.99903 19.99
      vertex 10.7246 -8.99903 12
    endloop
  endfacet
  facet normal -0.991447 0.130513 0
    outer loop
      vertex -13.9467 1.22018 12
      vertex -13.7873 2.43107 19.99
      vertex -13.7873 2.43107 12
    endloop
  endfacet
  facet normal -0.991447 0.130513 0
    outer loop
      vertex -13.7873 2.43107 19.99
      vertex -13.9467 1.22018 12
      vertex -13.9467 1.22018 19.99
    endloop
  endfacet
  facet normal 0.38269 -0.923877 0
    outer loop
      vertex 4.78828 -13.1557 12
      vertex 5.91666 -12.6883 19.99
      vertex 4.78828 -13.1557 19.99
    endloop
  endfacet
  facet normal 0.38269 -0.923877 0
    outer loop
      vertex 5.91666 -12.6883 19.99
      vertex 4.78828 -13.1557 12
      vertex 5.91666 -12.6883 12
    endloop
  endfacet
  facet normal 0.130513 0.991447 -0
    outer loop
      vertex 2.43107 13.7873 12
      vertex 1.22018 13.9467 19.99
      vertex 2.43107 13.7873 19.99
    endloop
  endfacet
  facet normal 0.130513 0.991447 0
    outer loop
      vertex 1.22018 13.9467 19.99
      vertex 2.43107 13.7873 12
      vertex 1.22018 13.9467 12
    endloop
  endfacet
  facet normal 0.793357 0.608757 0
    outer loop
      vertex 11.4681 8.03007 19.99
      vertex 10.7246 8.99903 12
      vertex 10.7246 8.99903 19.99
    endloop
  endfacet
  facet normal 0.793357 0.608757 0
    outer loop
      vertex 10.7246 8.99903 12
      vertex 11.4681 8.03007 19.99
      vertex 11.4681 8.03007 12
    endloop
  endfacet
  facet normal 0.675586 0.737281 -0
    outer loop
      vertex 9.89949 9.89949 12
      vertex 8.99903 10.7246 19.99
      vertex 9.89949 9.89949 19.99
    endloop
  endfacet
  facet normal 0.675586 0.737281 0
    outer loop
      vertex 8.99903 10.7246 19.99
      vertex 9.89949 9.89949 12
      vertex 8.99903 10.7246 12
    endloop
  endfacet
  facet normal 0.953708 -0.300733 0
    outer loop
      vertex 13.1557 -4.78828 19.99
      vertex 13.523 -3.62347 12
      vertex 13.523 -3.62347 19.99
    endloop
  endfacet
  facet normal 0.953708 -0.300733 0
    outer loop
      vertex 13.523 -3.62347 12
      vertex 13.1557 -4.78828 19.99
      vertex 13.1557 -4.78828 12
    endloop
  endfacet
  facet normal -0.675586 -0.737281 0
    outer loop
      vertex -9.89949 -9.89949 12
      vertex -8.99903 -10.7246 19.99
      vertex -9.89949 -9.89949 19.99
    endloop
  endfacet
  facet normal -0.675586 -0.737281 -0
    outer loop
      vertex -8.99903 -10.7246 19.99
      vertex -9.89949 -9.89949 12
      vertex -8.99903 -10.7246 12
    endloop
  endfacet
  facet normal -0.991447 -0.130513 0
    outer loop
      vertex -13.7873 -2.43107 12
      vertex -13.9467 -1.22018 19.99
      vertex -13.9467 -1.22018 12
    endloop
  endfacet
  facet normal -0.991447 -0.130513 0
    outer loop
      vertex -13.9467 -1.22018 19.99
      vertex -13.7873 -2.43107 12
      vertex -13.7873 -2.43107 19.99
    endloop
  endfacet
  facet normal -0.737281 0.675586 0
    outer loop
      vertex -10.7246 8.99903 12
      vertex -9.89949 9.89949 19.99
      vertex -9.89949 9.89949 12
    endloop
  endfacet
  facet normal -0.737281 0.675586 0
    outer loop
      vertex -9.89949 9.89949 19.99
      vertex -10.7246 8.99903 12
      vertex -10.7246 8.99903 19.99
    endloop
  endfacet
  facet normal -0.0436405 -0.999047 0
    outer loop
      vertex -1.22018 -13.9467 12
      vertex 0 -14 19.99
      vertex -1.22018 -13.9467 19.99
    endloop
  endfacet
  facet normal -0.0436405 -0.999047 -0
    outer loop
      vertex 0 -14 19.99
      vertex -1.22018 -13.9467 12
      vertex 0 -14 12
    endloop
  endfacet
  facet normal -0.887028 -0.461716 0
    outer loop
      vertex -12.1244 -7 12
      vertex -12.6883 -5.91666 19.99
      vertex -12.6883 -5.91666 12
    endloop
  endfacet
  facet normal -0.887028 -0.461716 0
    outer loop
      vertex -12.6883 -5.91666 19.99
      vertex -12.1244 -7 12
      vertex -12.1244 -7 19.99
    endloop
  endfacet
  facet normal 0.737281 -0.675586 0
    outer loop
      vertex 9.89949 -9.89949 19.99
      vertex 10.7246 -8.99903 12
      vertex 10.7246 -8.99903 19.99
    endloop
  endfacet
  facet normal 0.737281 -0.675586 0
    outer loop
      vertex 10.7246 -8.99903 12
      vertex 9.89949 -9.89949 19.99
      vertex 9.89949 -9.89949 12
    endloop
  endfacet
  facet normal -0.608757 -0.793357 0
    outer loop
      vertex -8.99903 -10.7246 12
      vertex -8.03007 -11.4681 19.99
      vertex -8.99903 -10.7246 19.99
    endloop
  endfacet
  facet normal -0.608757 -0.793357 -0
    outer loop
      vertex -8.03007 -11.4681 19.99
      vertex -8.99903 -10.7246 12
      vertex -8.03007 -11.4681 12
    endloop
  endfacet
  facet normal -0.461716 -0.887028 0
    outer loop
      vertex -7 -12.1244 12
      vertex -5.91666 -12.6883 19.99
      vertex -7 -12.1244 19.99
    endloop
  endfacet
  facet normal -0.461716 -0.887028 -0
    outer loop
      vertex -5.91666 -12.6883 19.99
      vertex -7 -12.1244 12
      vertex -5.91666 -12.6883 12
    endloop
  endfacet
  facet normal -0.537342 -0.843364 0
    outer loop
      vertex -8.03007 -11.4681 12
      vertex -7 -12.1244 19.99
      vertex -8.03007 -11.4681 19.99
    endloop
  endfacet
  facet normal -0.537342 -0.843364 -0
    outer loop
      vertex -7 -12.1244 19.99
      vertex -8.03007 -11.4681 12
      vertex -7 -12.1244 12
    endloop
  endfacet
  facet normal 0.675586 -0.737281 0
    outer loop
      vertex 8.99903 -10.7246 12
      vertex 9.89949 -9.89949 19.99
      vertex 8.99903 -10.7246 19.99
    endloop
  endfacet
  facet normal 0.675586 -0.737281 0
    outer loop
      vertex 9.89949 -9.89949 19.99
      vertex 8.99903 -10.7246 12
      vertex 9.89949 -9.89949 12
    endloop
  endfacet
  facet normal -0.999047 0.0436405 0
    outer loop
      vertex -14 0 12
      vertex -13.9467 1.22018 19.99
      vertex -13.9467 1.22018 12
    endloop
  endfacet
  facet normal -0.999047 0.0436405 0
    outer loop
      vertex -13.9467 1.22018 19.99
      vertex -14 0 12
      vertex -14 0 19.99
    endloop
  endfacet
  facet normal 0.216402 0.976304 -0
    outer loop
      vertex 3.62347 13.523 12
      vertex 2.43107 13.7873 19.99
      vertex 3.62347 13.523 19.99
    endloop
  endfacet
  facet normal 0.216402 0.976304 0
    outer loop
      vertex 2.43107 13.7873 19.99
      vertex 3.62347 13.523 12
      vertex 2.43107 13.7873 12
    endloop
  endfacet
  facet normal -0.991436 -0.130592 0
    outer loop
      vertex 53.8249 18.9985 0
      vertex 53.8004 19.1845 12
      vertex 53.8004 19.1845 0
    endloop
  endfacet
  facet normal -0.991436 -0.130592 0
    outer loop
      vertex 53.8004 19.1845 12
      vertex 53.8249 18.9985 0
      vertex 53.8249 18.9985 12
    endloop
  endfacet
  facet normal -0.999044 -0.0437148 0
    outer loop
      vertex 53.8331 18.8111 0
      vertex 53.8249 18.9985 12
      vertex 53.8249 18.9985 0
    endloop
  endfacet
  facet normal -0.999044 -0.0437148 0
    outer loop
      vertex 53.8249 18.9985 12
      vertex 53.8331 18.8111 0
      vertex 53.8331 18.8111 12
    endloop
  endfacet
  facet normal -0.976287 -0.216479 0
    outer loop
      vertex 53.8004 19.1845 0
      vertex 53.7598 19.3676 12
      vertex 53.7598 19.3676 0
    endloop
  endfacet
  facet normal -0.976287 -0.216479 0
    outer loop
      vertex 53.7598 19.3676 12
      vertex 53.8004 19.1845 0
      vertex 53.8004 19.1845 12
    endloop
  endfacet
  facet normal -0.793297 -0.608834 0
    outer loop
      vertex 53.4443 20.0443 0
      vertex 53.3301 20.1931 12
      vertex 53.3301 20.1931 0
    endloop
  endfacet
  facet normal -0.793297 -0.608834 0
    outer loop
      vertex 53.3301 20.1931 12
      vertex 53.4443 20.0443 0
      vertex 53.4443 20.0443 12
    endloop
  endfacet
  facet normal -0.536979 0.843596 0
    outer loop
      vertex 52.9163 17.0499 0
      vertex 52.7581 16.9492 12
      vertex 52.9163 17.0499 12
    endloop
  endfacet
  facet normal -0.536979 0.843596 0
    outer loop
      vertex 52.7581 16.9492 12
      vertex 52.9163 17.0499 0
      vertex 52.7581 16.9492 0
    endloop
  endfacet
  facet normal -0.0437148 -0.999044 0
    outer loop
      vertex 51.6831 20.9611 0
      vertex 51.8705 20.9529 12
      vertex 51.6831 20.9611 12
    endloop
  endfacet
  facet normal -0.0437148 -0.999044 -0
    outer loop
      vertex 51.8705 20.9529 12
      vertex 51.6831 20.9611 0
      vertex 51.8705 20.9529 0
    endloop
  endfacet
  facet normal -0.999044 0.0437148 0
    outer loop
      vertex 53.8249 18.6237 0
      vertex 53.8331 18.8111 12
      vertex 53.8331 18.8111 0
    endloop
  endfacet
  facet normal -0.999044 0.0437148 0
    outer loop
      vertex 53.8331 18.8111 12
      vertex 53.8249 18.6237 0
      vertex 53.8249 18.6237 12
    endloop
  endfacet
  facet normal -0.300825 -0.953679 0
    outer loop
      vertex 52.2396 20.8878 0
      vertex 52.4184 20.8314 12
      vertex 52.2396 20.8878 12
    endloop
  endfacet
  facet normal -0.300825 -0.953679 -0
    outer loop
      vertex 52.4184 20.8314 12
      vertex 52.2396 20.8878 0
      vertex 52.4184 20.8314 0
    endloop
  endfacet
  facet normal 0.843354 -0.537358 0
    outer loop
      vertex 49.8211 19.8861 12
      vertex 49.9219 20.0443 0
      vertex 49.9219 20.0443 12
    endloop
  endfacet
  facet normal 0.843354 -0.537358 0
    outer loop
      vertex 49.9219 20.0443 0
      vertex 49.8211 19.8861 12
      vertex 49.8211 19.8861 0
    endloop
  endfacet
  facet normal 0.608834 0.793297 -0
    outer loop
      vertex 50.4499 17.0499 0
      vertex 50.3011 17.1641 12
      vertex 50.4499 17.0499 12
    endloop
  endfacet
  facet normal 0.608834 0.793297 0
    outer loop
      vertex 50.3011 17.1641 12
      vertex 50.4499 17.0499 0
      vertex 50.3011 17.1641 0
    endloop
  endfacet
  facet normal -0.737353 -0.675507 0
    outer loop
      vertex 53.3301 20.1931 0
      vertex 53.2034 20.3314 12
      vertex 53.2034 20.3314 0
    endloop
  endfacet
  facet normal -0.737353 -0.675507 0
    outer loop
      vertex 53.2034 20.3314 12
      vertex 53.3301 20.1931 0
      vertex 53.3301 20.1931 12
    endloop
  endfacet
  facet normal 0.216479 -0.976287 0
    outer loop
      vertex 51.1266 20.8878 0
      vertex 51.3097 20.9284 12
      vertex 51.1266 20.8878 12
    endloop
  endfacet
  facet normal 0.216479 -0.976287 0
    outer loop
      vertex 51.3097 20.9284 12
      vertex 51.1266 20.8878 0
      vertex 51.3097 20.9284 0
    endloop
  endfacet
  facet normal -0.216366 0.976312 0
    outer loop
      vertex 52.2396 16.7344 0
      vertex 52.0564 16.6938 12
      vertex 52.2396 16.7344 12
    endloop
  endfacet
  facet normal -0.216366 0.976312 0
    outer loop
      vertex 52.0564 16.6938 12
      vertex 52.2396 16.7344 0
      vertex 52.0564 16.6938 0
    endloop
  endfacet
  facet normal 0.737353 -0.675507 0
    outer loop
      vertex 50.0361 20.1931 12
      vertex 50.1628 20.3314 0
      vertex 50.1628 20.3314 12
    endloop
  endfacet
  facet normal 0.737353 -0.675507 0
    outer loop
      vertex 50.1628 20.3314 0
      vertex 50.0361 20.1931 12
      vertex 50.0361 20.1931 0
    endloop
  endfacet
  facet normal 0.300825 -0.953679 0
    outer loop
      vertex 50.9478 20.8314 0
      vertex 51.1266 20.8878 12
      vertex 50.9478 20.8314 12
    endloop
  endfacet
  facet normal 0.300825 -0.953679 0
    outer loop
      vertex 51.1266 20.8878 12
      vertex 50.9478 20.8314 0
      vertex 51.1266 20.8878 0
    endloop
  endfacet
  facet normal -0.130661 -0.991427 0
    outer loop
      vertex 51.8705 20.9529 0
      vertex 52.0564 20.9284 12
      vertex 51.8705 20.9529 12
    endloop
  endfacet
  facet normal -0.130661 -0.991427 -0
    outer loop
      vertex 52.0564 20.9284 12
      vertex 51.8705 20.9529 0
      vertex 52.0564 20.9284 0
    endloop
  endfacet
  facet normal -0.793297 0.608834 0
    outer loop
      vertex 53.3301 17.4291 0
      vertex 53.4443 17.5779 12
      vertex 53.4443 17.5779 0
    endloop
  endfacet
  facet normal -0.793297 0.608834 0
    outer loop
      vertex 53.4443 17.5779 12
      vertex 53.3301 17.4291 0
      vertex 53.3301 17.4291 12
    endloop
  endfacet
  facet normal -0.953679 0.300825 0
    outer loop
      vertex 53.7034 18.0758 0
      vertex 53.7598 18.2546 12
      vertex 53.7598 18.2546 0
    endloop
  endfacet
  facet normal -0.953679 0.300825 0
    outer loop
      vertex 53.7598 18.2546 12
      vertex 53.7034 18.0758 0
      vertex 53.7034 18.0758 12
    endloop
  endfacet
  facet normal 0.976312 0.216366 0
    outer loop
      vertex 49.6064 18.2546 12
      vertex 49.5658 18.4378 0
      vertex 49.5658 18.4378 12
    endloop
  endfacet
  facet normal 0.976312 0.216366 0
    outer loop
      vertex 49.5658 18.4378 0
      vertex 49.6064 18.2546 12
      vertex 49.6064 18.2546 0
    endloop
  endfacet
  facet normal 0.88706 -0.461655 0
    outer loop
      vertex 49.7345 19.7197 12
      vertex 49.8211 19.8861 0
      vertex 49.8211 19.8861 12
    endloop
  endfacet
  facet normal 0.88706 -0.461655 0
    outer loop
      vertex 49.8211 19.8861 0
      vertex 49.7345 19.7197 12
      vertex 49.7345 19.7197 0
    endloop
  endfacet
  facet normal 0.675507 -0.737353 0
    outer loop
      vertex 50.1628 20.3314 0
      vertex 50.3011 20.4581 12
      vertex 50.1628 20.3314 12
    endloop
  endfacet
  facet normal 0.675507 -0.737353 0
    outer loop
      vertex 50.3011 20.4581 12
      vertex 50.1628 20.3314 0
      vertex 50.3011 20.4581 0
    endloop
  endfacet
  facet normal 0.737353 0.675507 0
    outer loop
      vertex 50.1628 17.2908 12
      vertex 50.0361 17.4291 0
      vertex 50.0361 17.4291 12
    endloop
  endfacet
  facet normal 0.737353 0.675507 0
    outer loop
      vertex 50.0361 17.4291 0
      vertex 50.1628 17.2908 12
      vertex 50.1628 17.2908 0
    endloop
  endfacet
  facet normal 0.991427 0.130661 0
    outer loop
      vertex 49.5658 18.4378 12
      vertex 49.5413 18.6237 0
      vertex 49.5413 18.6237 12
    endloop
  endfacet
  facet normal 0.991427 0.130661 0
    outer loop
      vertex 49.5413 18.6237 0
      vertex 49.5658 18.4378 12
      vertex 49.5658 18.4378 0
    endloop
  endfacet
  facet normal -0.953728 -0.300672 0
    outer loop
      vertex 53.7598 19.3676 0
      vertex 53.7034 19.5465 12
      vertex 53.7034 19.5465 0
    endloop
  endfacet
  facet normal -0.953728 -0.300672 0
    outer loop
      vertex 53.7034 19.5465 12
      vertex 53.7598 19.3676 0
      vertex 53.7598 19.3676 12
    endloop
  endfacet
  facet normal -0.608834 -0.793297 0
    outer loop
      vertex 52.9163 20.5723 0
      vertex 53.0651 20.4581 12
      vertex 52.9163 20.5723 12
    endloop
  endfacet
  facet normal -0.608834 -0.793297 -0
    outer loop
      vertex 53.0651 20.4581 12
      vertex 52.9163 20.5723 0
      vertex 53.0651 20.4581 0
    endloop
  endfacet
  facet normal -0.537358 -0.843354 0
    outer loop
      vertex 52.7581 20.6731 0
      vertex 52.9163 20.5723 12
      vertex 52.7581 20.6731 12
    endloop
  endfacet
  facet normal -0.537358 -0.843354 -0
    outer loop
      vertex 52.9163 20.5723 12
      vertex 52.7581 20.6731 0
      vertex 52.9163 20.5723 0
    endloop
  endfacet
  facet normal 0.924036 0.382305 0
    outer loop
      vertex 49.7345 17.9025 12
      vertex 49.6628 18.0758 0
      vertex 49.6628 18.0758 12
    endloop
  endfacet
  facet normal 0.924036 0.382305 0
    outer loop
      vertex 49.6628 18.0758 0
      vertex 49.7345 17.9025 12
      vertex 49.7345 17.9025 0
    endloop
  endfacet
  facet normal 0.300825 0.953679 -0
    outer loop
      vertex 51.1266 16.7344 0
      vertex 50.9478 16.7908 12
      vertex 51.1266 16.7344 12
    endloop
  endfacet
  facet normal 0.300825 0.953679 0
    outer loop
      vertex 50.9478 16.7908 12
      vertex 51.1266 16.7344 0
      vertex 50.9478 16.7908 0
    endloop
  endfacet
  facet normal -0.0437148 0.999044 0
    outer loop
      vertex 51.8705 16.6693 0
      vertex 51.6831 16.6611 12
      vertex 51.8705 16.6693 12
    endloop
  endfacet
  facet normal -0.0437148 0.999044 0
    outer loop
      vertex 51.6831 16.6611 12
      vertex 51.8705 16.6693 0
      vertex 51.6831 16.6611 0
    endloop
  endfacet
  facet normal 0.130592 0.991436 -0
    outer loop
      vertex 51.4957 16.6693 0
      vertex 51.3097 16.6938 12
      vertex 51.4957 16.6693 12
    endloop
  endfacet
  facet normal 0.130592 0.991436 0
    outer loop
      vertex 51.3097 16.6938 12
      vertex 51.4957 16.6693 0
      vertex 51.3097 16.6938 0
    endloop
  endfacet
  facet normal -0.130661 0.991427 0
    outer loop
      vertex 52.0564 16.6938 0
      vertex 51.8705 16.6693 12
      vertex 52.0564 16.6938 12
    endloop
  endfacet
  facet normal -0.130661 0.991427 0
    outer loop
      vertex 51.8705 16.6693 12
      vertex 52.0564 16.6938 0
      vertex 51.8705 16.6693 0
    endloop
  endfacet
  facet normal 0.843354 0.537358 0
    outer loop
      vertex 49.9219 17.5779 12
      vertex 49.8211 17.7361 0
      vertex 49.8211 17.7361 12
    endloop
  endfacet
  facet normal 0.843354 0.537358 0
    outer loop
      vertex 49.8211 17.7361 0
      vertex 49.9219 17.5779 12
      vertex 49.9219 17.5779 0
    endloop
  endfacet
  facet normal 0.953679 0.300825 0
    outer loop
      vertex 49.6628 18.0758 12
      vertex 49.6064 18.2546 0
      vertex 49.6064 18.2546 12
    endloop
  endfacet
  facet normal 0.953679 0.300825 0
    outer loop
      vertex 49.6064 18.2546 0
      vertex 49.6628 18.0758 12
      vertex 49.6628 18.0758 0
    endloop
  endfacet
  facet normal 0.382305 0.924036 -0
    outer loop
      vertex 50.9478 16.7908 0
      vertex 50.7745 16.8625 12
      vertex 50.9478 16.7908 12
    endloop
  endfacet
  facet normal 0.382305 0.924036 0
    outer loop
      vertex 50.7745 16.8625 12
      vertex 50.9478 16.7908 0
      vertex 50.7745 16.8625 0
    endloop
  endfacet
  facet normal 0.0437148 0.999044 -0
    outer loop
      vertex 51.6831 16.6611 0
      vertex 51.4957 16.6693 12
      vertex 51.6831 16.6611 12
    endloop
  endfacet
  facet normal 0.0437148 0.999044 0
    outer loop
      vertex 51.4957 16.6693 12
      vertex 51.6831 16.6611 0
      vertex 51.4957 16.6693 0
    endloop
  endfacet
  facet normal -0.462074 0.886841 0
    outer loop
      vertex 52.7581 16.9492 0
      vertex 52.5917 16.8625 12
      vertex 52.7581 16.9492 12
    endloop
  endfacet
  facet normal -0.462074 0.886841 0
    outer loop
      vertex 52.5917 16.8625 12
      vertex 52.7581 16.9492 0
      vertex 52.5917 16.8625 0
    endloop
  endfacet
  facet normal -0.976312 0.216366 0
    outer loop
      vertex 53.7598 18.2546 0
      vertex 53.8004 18.4378 12
      vertex 53.8004 18.4378 0
    endloop
  endfacet
  facet normal -0.976312 0.216366 0
    outer loop
      vertex 53.8004 18.4378 12
      vertex 53.7598 18.2546 0
      vertex 53.7598 18.2546 12
    endloop
  endfacet
  facet normal -0.843596 -0.536979 0
    outer loop
      vertex 53.545 19.8861 0
      vertex 53.4443 20.0443 12
      vertex 53.4443 20.0443 0
    endloop
  endfacet
  facet normal -0.843596 -0.536979 0
    outer loop
      vertex 53.4443 20.0443 12
      vertex 53.545 19.8861 0
      vertex 53.545 19.8861 12
    endloop
  endfacet
  facet normal 0.88706 0.461655 0
    outer loop
      vertex 49.8211 17.7361 12
      vertex 49.7345 17.9025 0
      vertex 49.7345 17.9025 12
    endloop
  endfacet
  facet normal 0.88706 0.461655 0
    outer loop
      vertex 49.7345 17.9025 0
      vertex 49.8211 17.7361 12
      vertex 49.8211 17.7361 0
    endloop
  endfacet
  facet normal -0.461655 -0.88706 0
    outer loop
      vertex 52.5917 20.7597 0
      vertex 52.7581 20.6731 12
      vertex 52.5917 20.7597 12
    endloop
  endfacet
  facet normal -0.461655 -0.88706 -0
    outer loop
      vertex 52.7581 20.6731 12
      vertex 52.5917 20.7597 0
      vertex 52.7581 20.6731 0
    endloop
  endfacet
  facet normal 0.923958 -0.382493 0
    outer loop
      vertex 49.6628 19.5465 12
      vertex 49.7345 19.7197 0
      vertex 49.7345 19.7197 12
    endloop
  endfacet
  facet normal 0.923958 -0.382493 0
    outer loop
      vertex 49.7345 19.7197 0
      vertex 49.6628 19.5465 12
      vertex 49.6628 19.5465 0
    endloop
  endfacet
  facet normal 0.976287 -0.216479 0
    outer loop
      vertex 49.5658 19.1845 12
      vertex 49.6064 19.3676 0
      vertex 49.6064 19.3676 12
    endloop
  endfacet
  facet normal 0.976287 -0.216479 0
    outer loop
      vertex 49.6064 19.3676 0
      vertex 49.5658 19.1845 12
      vertex 49.5658 19.1845 0
    endloop
  endfacet
  facet normal -0.843596 0.536979 0
    outer loop
      vertex 53.4443 17.5779 0
      vertex 53.545 17.7361 12
      vertex 53.545 17.7361 0
    endloop
  endfacet
  facet normal -0.843596 0.536979 0
    outer loop
      vertex 53.545 17.7361 12
      vertex 53.4443 17.5779 0
      vertex 53.4443 17.5779 12
    endloop
  endfacet
  facet normal -0.216366 -0.976312 0
    outer loop
      vertex 52.0564 20.9284 0
      vertex 52.2396 20.8878 12
      vertex 52.0564 20.9284 12
    endloop
  endfacet
  facet normal -0.216366 -0.976312 -0
    outer loop
      vertex 52.2396 20.8878 12
      vertex 52.0564 20.9284 0
      vertex 52.2396 20.8878 0
    endloop
  endfacet
  facet normal -0.382305 -0.924036 0
    outer loop
      vertex 52.4184 20.8314 0
      vertex 52.5917 20.7597 12
      vertex 52.4184 20.8314 12
    endloop
  endfacet
  facet normal -0.382305 -0.924036 -0
    outer loop
      vertex 52.5917 20.7597 12
      vertex 52.4184 20.8314 0
      vertex 52.5917 20.7597 0
    endloop
  endfacet
  facet normal 0.537358 -0.843354 0
    outer loop
      vertex 50.4499 20.5723 0
      vertex 50.6081 20.6731 12
      vertex 50.4499 20.5723 12
    endloop
  endfacet
  facet normal 0.537358 -0.843354 0
    outer loop
      vertex 50.6081 20.6731 12
      vertex 50.4499 20.5723 0
      vertex 50.6081 20.6731 0
    endloop
  endfacet
  facet normal -0.923958 -0.382493 0
    outer loop
      vertex 53.7034 19.5465 0
      vertex 53.6317 19.7197 12
      vertex 53.6317 19.7197 0
    endloop
  endfacet
  facet normal -0.923958 -0.382493 0
    outer loop
      vertex 53.6317 19.7197 12
      vertex 53.7034 19.5465 0
      vertex 53.7034 19.5465 12
    endloop
  endfacet
  facet normal 0.999044 -0.0437148 0
    outer loop
      vertex 49.5331 18.8111 12
      vertex 49.5413 18.9985 0
      vertex 49.5413 18.9985 12
    endloop
  endfacet
  facet normal 0.999044 -0.0437148 0
    outer loop
      vertex 49.5413 18.9985 0
      vertex 49.5331 18.8111 12
      vertex 49.5331 18.8111 0
    endloop
  endfacet
  facet normal -0.886841 -0.462074 0
    outer loop
      vertex 53.6317 19.7197 0
      vertex 53.545 19.8861 12
      vertex 53.545 19.8861 0
    endloop
  endfacet
  facet normal -0.886841 -0.462074 0
    outer loop
      vertex 53.545 19.8861 12
      vertex 53.6317 19.7197 0
      vertex 53.6317 19.7197 12
    endloop
  endfacet
  facet normal -0.300825 0.953679 0
    outer loop
      vertex 52.4184 16.7908 0
      vertex 52.2396 16.7344 12
      vertex 52.4184 16.7908 12
    endloop
  endfacet
  facet normal -0.300825 0.953679 0
    outer loop
      vertex 52.2396 16.7344 12
      vertex 52.4184 16.7908 0
      vertex 52.2396 16.7344 0
    endloop
  endfacet
  facet normal 0.793297 0.608834 0
    outer loop
      vertex 50.0361 17.4291 12
      vertex 49.9219 17.5779 0
      vertex 49.9219 17.5779 12
    endloop
  endfacet
  facet normal 0.793297 0.608834 0
    outer loop
      vertex 49.9219 17.5779 0
      vertex 50.0361 17.4291 12
      vertex 50.0361 17.4291 0
    endloop
  endfacet
  facet normal -0.991427 0.130661 0
    outer loop
      vertex 53.8004 18.4378 0
      vertex 53.8249 18.6237 12
      vertex 53.8249 18.6237 0
    endloop
  endfacet
  facet normal -0.991427 0.130661 0
    outer loop
      vertex 53.8249 18.6237 12
      vertex 53.8004 18.4378 0
      vertex 53.8004 18.4378 12
    endloop
  endfacet
  facet normal 0.0437148 -0.999044 0
    outer loop
      vertex 51.4957 20.9529 0
      vertex 51.6831 20.9611 12
      vertex 51.4957 20.9529 12
    endloop
  endfacet
  facet normal 0.0437148 -0.999044 0
    outer loop
      vertex 51.6831 20.9611 12
      vertex 51.4957 20.9529 0
      vertex 51.6831 20.9611 0
    endloop
  endfacet
  facet normal 0.999044 0.0437148 0
    outer loop
      vertex 49.5413 18.6237 12
      vertex 49.5331 18.8111 0
      vertex 49.5331 18.8111 12
    endloop
  endfacet
  facet normal 0.999044 0.0437148 0
    outer loop
      vertex 49.5331 18.8111 0
      vertex 49.5413 18.6237 12
      vertex 49.5413 18.6237 0
    endloop
  endfacet
  facet normal 0.216479 0.976287 -0
    outer loop
      vertex 51.3097 16.6938 0
      vertex 51.1266 16.7344 12
      vertex 51.3097 16.6938 12
    endloop
  endfacet
  facet normal 0.216479 0.976287 0
    outer loop
      vertex 51.1266 16.7344 12
      vertex 51.3097 16.6938 0
      vertex 51.1266 16.7344 0
    endloop
  endfacet
  facet normal 0.462074 0.886841 -0
    outer loop
      vertex 50.7745 16.8625 0
      vertex 50.6081 16.9492 12
      vertex 50.7745 16.8625 12
    endloop
  endfacet
  facet normal 0.462074 0.886841 0
    outer loop
      vertex 50.6081 16.9492 12
      vertex 50.7745 16.8625 0
      vertex 50.6081 16.9492 0
    endloop
  endfacet
  facet normal 0.130592 -0.991436 0
    outer loop
      vertex 51.3097 20.9284 0
      vertex 51.4957 20.9529 12
      vertex 51.3097 20.9284 12
    endloop
  endfacet
  facet normal 0.130592 -0.991436 0
    outer loop
      vertex 51.4957 20.9529 12
      vertex 51.3097 20.9284 0
      vertex 51.4957 20.9529 0
    endloop
  endfacet
  facet normal 0.953728 -0.300672 0
    outer loop
      vertex 49.6064 19.3676 12
      vertex 49.6628 19.5465 0
      vertex 49.6628 19.5465 12
    endloop
  endfacet
  facet normal 0.953728 -0.300672 0
    outer loop
      vertex 49.6628 19.5465 0
      vertex 49.6064 19.3676 12
      vertex 49.6064 19.3676 0
    endloop
  endfacet
  facet normal -0.382305 0.924036 0
    outer loop
      vertex 52.5917 16.8625 0
      vertex 52.4184 16.7908 12
      vertex 52.5917 16.8625 12
    endloop
  endfacet
  facet normal -0.382305 0.924036 0
    outer loop
      vertex 52.4184 16.7908 12
      vertex 52.5917 16.8625 0
      vertex 52.4184 16.7908 0
    endloop
  endfacet
  facet normal 0.382305 -0.924036 0
    outer loop
      vertex 50.7745 20.7597 0
      vertex 50.9478 20.8314 12
      vertex 50.7745 20.7597 12
    endloop
  endfacet
  facet normal 0.382305 -0.924036 0
    outer loop
      vertex 50.9478 20.8314 12
      vertex 50.7745 20.7597 0
      vertex 50.9478 20.8314 0
    endloop
  endfacet
  facet normal 0.461655 -0.88706 0
    outer loop
      vertex 50.6081 20.6731 0
      vertex 50.7745 20.7597 12
      vertex 50.6081 20.6731 12
    endloop
  endfacet
  facet normal 0.461655 -0.88706 0
    outer loop
      vertex 50.7745 20.7597 12
      vertex 50.6081 20.6731 0
      vertex 50.7745 20.7597 0
    endloop
  endfacet
  facet normal 0.675507 0.737353 -0
    outer loop
      vertex 50.3011 17.1641 0
      vertex 50.1628 17.2908 12
      vertex 50.3011 17.1641 12
    endloop
  endfacet
  facet normal 0.675507 0.737353 0
    outer loop
      vertex 50.1628 17.2908 12
      vertex 50.3011 17.1641 0
      vertex 50.1628 17.2908 0
    endloop
  endfacet
  facet normal 0.536979 0.843596 -0
    outer loop
      vertex 50.6081 16.9492 0
      vertex 50.4499 17.0499 12
      vertex 50.6081 16.9492 12
    endloop
  endfacet
  facet normal 0.536979 0.843596 0
    outer loop
      vertex 50.4499 17.0499 12
      vertex 50.6081 16.9492 0
      vertex 50.4499 17.0499 0
    endloop
  endfacet
  facet normal -0.924036 0.382305 0
    outer loop
      vertex 53.6317 17.9025 0
      vertex 53.7034 18.0758 12
      vertex 53.7034 18.0758 0
    endloop
  endfacet
  facet normal -0.924036 0.382305 0
    outer loop
      vertex 53.7034 18.0758 12
      vertex 53.6317 17.9025 0
      vertex 53.6317 17.9025 12
    endloop
  endfacet
  facet normal -0.886841 0.462074 0
    outer loop
      vertex 53.545 17.7361 0
      vertex 53.6317 17.9025 12
      vertex 53.6317 17.9025 0
    endloop
  endfacet
  facet normal -0.886841 0.462074 0
    outer loop
      vertex 53.6317 17.9025 12
      vertex 53.545 17.7361 0
      vertex 53.545 17.7361 12
    endloop
  endfacet
  facet normal 0.608834 -0.793297 0
    outer loop
      vertex 50.3011 20.4581 0
      vertex 50.4499 20.5723 12
      vertex 50.3011 20.4581 12
    endloop
  endfacet
  facet normal 0.608834 -0.793297 0
    outer loop
      vertex 50.4499 20.5723 12
      vertex 50.3011 20.4581 0
      vertex 50.4499 20.5723 0
    endloop
  endfacet
  facet normal 0.793297 -0.608834 0
    outer loop
      vertex 49.9219 20.0443 12
      vertex 50.0361 20.1931 0
      vertex 50.0361 20.1931 12
    endloop
  endfacet
  facet normal 0.793297 -0.608834 0
    outer loop
      vertex 50.0361 20.1931 0
      vertex 49.9219 20.0443 12
      vertex 49.9219 20.0443 0
    endloop
  endfacet
  facet normal -0.675507 -0.737353 0
    outer loop
      vertex 53.0651 20.4581 0
      vertex 53.2034 20.3314 12
      vertex 53.0651 20.4581 12
    endloop
  endfacet
  facet normal -0.675507 -0.737353 -0
    outer loop
      vertex 53.2034 20.3314 12
      vertex 53.0651 20.4581 0
      vertex 53.2034 20.3314 0
    endloop
  endfacet
  facet normal -0.608834 0.793297 0
    outer loop
      vertex 53.0651 17.1641 0
      vertex 52.9163 17.0499 12
      vertex 53.0651 17.1641 12
    endloop
  endfacet
  facet normal -0.608834 0.793297 0
    outer loop
      vertex 52.9163 17.0499 12
      vertex 53.0651 17.1641 0
      vertex 52.9163 17.0499 0
    endloop
  endfacet
  facet normal 0.991436 -0.130592 0
    outer loop
      vertex 49.5413 18.9985 12
      vertex 49.5658 19.1845 0
      vertex 49.5658 19.1845 12
    endloop
  endfacet
  facet normal 0.991436 -0.130592 0
    outer loop
      vertex 49.5658 19.1845 0
      vertex 49.5413 18.9985 12
      vertex 49.5413 18.9985 0
    endloop
  endfacet
  facet normal -0.737353 0.675507 0
    outer loop
      vertex 53.2034 17.2908 0
      vertex 53.3301 17.4291 12
      vertex 53.3301 17.4291 0
    endloop
  endfacet
  facet normal -0.737353 0.675507 0
    outer loop
      vertex 53.3301 17.4291 12
      vertex 53.2034 17.2908 0
      vertex 53.2034 17.2908 12
    endloop
  endfacet
  facet normal -0.675507 0.737353 0
    outer loop
      vertex 53.2034 17.2908 0
      vertex 53.0651 17.1641 12
      vertex 53.2034 17.2908 12
    endloop
  endfacet
  facet normal -0.675507 0.737353 0
    outer loop
      vertex 53.0651 17.1641 12
      vertex 53.2034 17.2908 0
      vertex 53.0651 17.1641 0
    endloop
  endfacet
  facet normal 0.537358 0.843354 -0
    outer loop
      vertex -19.8861 49.8211 0
      vertex -20.0443 49.9219 12
      vertex -19.8861 49.8211 12
    endloop
  endfacet
  facet normal 0.537358 0.843354 0
    outer loop
      vertex -20.0443 49.9219 12
      vertex -19.8861 49.8211 0
      vertex -20.0443 49.9219 0
    endloop
  endfacet
  facet normal -0.991427 -0.130661 0
    outer loop
      vertex -16.6693 51.8705 0
      vertex -16.6938 52.0564 12
      vertex -16.6938 52.0564 0
    endloop
  endfacet
  facet normal -0.991427 -0.130661 0
    outer loop
      vertex -16.6938 52.0564 12
      vertex -16.6693 51.8705 0
      vertex -16.6693 51.8705 12
    endloop
  endfacet
  facet normal -0.999044 -0.0437148 0
    outer loop
      vertex -16.6611 51.6831 0
      vertex -16.6693 51.8705 12
      vertex -16.6693 51.8705 0
    endloop
  endfacet
  facet normal -0.999044 -0.0437148 0
    outer loop
      vertex -16.6693 51.8705 12
      vertex -16.6611 51.6831 0
      vertex -16.6611 51.6831 12
    endloop
  endfacet
  facet normal -0.976312 -0.216366 0
    outer loop
      vertex -16.6938 52.0564 0
      vertex -16.7344 52.2396 12
      vertex -16.7344 52.2396 0
    endloop
  endfacet
  facet normal -0.976312 -0.216366 0
    outer loop
      vertex -16.7344 52.2396 12
      vertex -16.6938 52.0564 0
      vertex -16.6938 52.0564 12
    endloop
  endfacet
  facet normal -0.953679 -0.300825 0
    outer loop
      vertex -16.7344 52.2396 0
      vertex -16.7908 52.4184 12
      vertex -16.7908 52.4184 0
    endloop
  endfacet
  facet normal -0.953679 -0.300825 0
    outer loop
      vertex -16.7908 52.4184 12
      vertex -16.7344 52.2396 0
      vertex -16.7344 52.2396 12
    endloop
  endfacet
  facet normal 0.130592 0.991436 -0
    outer loop
      vertex -18.9985 49.5413 0
      vertex -19.1845 49.5658 12
      vertex -18.9985 49.5413 12
    endloop
  endfacet
  facet normal 0.130592 0.991436 0
    outer loop
      vertex -19.1845 49.5658 12
      vertex -18.9985 49.5413 0
      vertex -19.1845 49.5658 0
    endloop
  endfacet
  facet normal 0.999044 -0.0437148 0
    outer loop
      vertex -20.9611 51.6831 12
      vertex -20.9529 51.8705 0
      vertex -20.9529 51.8705 12
    endloop
  endfacet
  facet normal 0.999044 -0.0437148 0
    outer loop
      vertex -20.9529 51.8705 0
      vertex -20.9611 51.6831 12
      vertex -20.9611 51.6831 0
    endloop
  endfacet
  facet normal -0.976287 0.216479 0
    outer loop
      vertex -16.7344 51.1266 0
      vertex -16.6938 51.3097 12
      vertex -16.6938 51.3097 0
    endloop
  endfacet
  facet normal -0.976287 0.216479 0
    outer loop
      vertex -16.6938 51.3097 12
      vertex -16.7344 51.1266 0
      vertex -16.7344 51.1266 12
    endloop
  endfacet
  facet normal -0.999044 0.0437148 0
    outer loop
      vertex -16.6693 51.4957 0
      vertex -16.6611 51.6831 12
      vertex -16.6611 51.6831 0
    endloop
  endfacet
  facet normal -0.999044 0.0437148 0
    outer loop
      vertex -16.6611 51.6831 12
      vertex -16.6693 51.4957 0
      vertex -16.6693 51.4957 12
    endloop
  endfacet
  facet normal 0.608834 0.793297 -0
    outer loop
      vertex -20.0443 49.9219 0
      vertex -20.1931 50.0361 12
      vertex -20.0443 49.9219 12
    endloop
  endfacet
  facet normal 0.608834 0.793297 0
    outer loop
      vertex -20.1931 50.0361 12
      vertex -20.0443 49.9219 0
      vertex -20.1931 50.0361 0
    endloop
  endfacet
  facet normal 0.536979 -0.843596 0
    outer loop
      vertex -20.0443 53.4443 0
      vertex -19.8861 53.545 12
      vertex -20.0443 53.4443 12
    endloop
  endfacet
  facet normal 0.536979 -0.843596 0
    outer loop
      vertex -19.8861 53.545 12
      vertex -20.0443 53.4443 0
      vertex -19.8861 53.545 0
    endloop
  endfacet
  facet normal 0.976287 0.216479 0
    outer loop
      vertex -20.8878 51.1266 12
      vertex -20.9284 51.3097 0
      vertex -20.9284 51.3097 12
    endloop
  endfacet
  facet normal 0.976287 0.216479 0
    outer loop
      vertex -20.9284 51.3097 0
      vertex -20.8878 51.1266 12
      vertex -20.8878 51.1266 0
    endloop
  endfacet
  facet normal -0.608834 0.793297 0
    outer loop
      vertex -17.4291 50.0361 0
      vertex -17.5779 49.9219 12
      vertex -17.4291 50.0361 12
    endloop
  endfacet
  facet normal -0.608834 0.793297 0
    outer loop
      vertex -17.5779 49.9219 12
      vertex -17.4291 50.0361 0
      vertex -17.5779 49.9219 0
    endloop
  endfacet
  facet normal -0.793297 -0.608834 0
    outer loop
      vertex -17.0499 52.9163 0
      vertex -17.1641 53.0651 12
      vertex -17.1641 53.0651 0
    endloop
  endfacet
  facet normal -0.793297 -0.608834 0
    outer loop
      vertex -17.1641 53.0651 12
      vertex -17.0499 52.9163 0
      vertex -17.0499 52.9163 12
    endloop
  endfacet
  facet normal 0.88706 -0.461655 0
    outer loop
      vertex -20.7597 52.5917 12
      vertex -20.6731 52.7581 0
      vertex -20.6731 52.7581 12
    endloop
  endfacet
  facet normal 0.88706 -0.461655 0
    outer loop
      vertex -20.6731 52.7581 0
      vertex -20.7597 52.5917 12
      vertex -20.7597 52.5917 0
    endloop
  endfacet
  facet normal 0.737353 0.675507 0
    outer loop
      vertex -20.3314 50.1628 12
      vertex -20.4581 50.3011 0
      vertex -20.4581 50.3011 12
    endloop
  endfacet
  facet normal 0.737353 0.675507 0
    outer loop
      vertex -20.4581 50.3011 0
      vertex -20.3314 50.1628 12
      vertex -20.3314 50.1628 0
    endloop
  endfacet
  facet normal -0.300825 0.953679 0
    outer loop
      vertex -18.0758 49.6628 0
      vertex -18.2546 49.6064 12
      vertex -18.0758 49.6628 12
    endloop
  endfacet
  facet normal -0.300825 0.953679 0
    outer loop
      vertex -18.2546 49.6064 12
      vertex -18.0758 49.6628 0
      vertex -18.2546 49.6064 0
    endloop
  endfacet
  facet normal 0.953679 -0.300825 0
    outer loop
      vertex -20.8878 52.2396 12
      vertex -20.8314 52.4184 0
      vertex -20.8314 52.4184 12
    endloop
  endfacet
  facet normal 0.953679 -0.300825 0
    outer loop
      vertex -20.8314 52.4184 0
      vertex -20.8878 52.2396 12
      vertex -20.8878 52.2396 0
    endloop
  endfacet
  facet normal 0.675507 0.737353 -0
    outer loop
      vertex -20.1931 50.0361 0
      vertex -20.3314 50.1628 12
      vertex -20.1931 50.0361 12
    endloop
  endfacet
  facet normal 0.675507 0.737353 0
    outer loop
      vertex -20.3314 50.1628 12
      vertex -20.1931 50.0361 0
      vertex -20.3314 50.1628 0
    endloop
  endfacet
  facet normal 0.675507 -0.737353 0
    outer loop
      vertex -20.3314 53.2034 0
      vertex -20.1931 53.3301 12
      vertex -20.3314 53.2034 12
    endloop
  endfacet
  facet normal 0.675507 -0.737353 0
    outer loop
      vertex -20.1931 53.3301 12
      vertex -20.3314 53.2034 0
      vertex -20.1931 53.3301 0
    endloop
  endfacet
  facet normal -0.924036 -0.382305 0
    outer loop
      vertex -16.7908 52.4184 0
      vertex -16.8625 52.5917 12
      vertex -16.8625 52.5917 0
    endloop
  endfacet
  facet normal -0.924036 -0.382305 0
    outer loop
      vertex -16.8625 52.5917 12
      vertex -16.7908 52.4184 0
      vertex -16.7908 52.4184 12
    endloop
  endfacet
  facet normal 0.216479 0.976287 -0
    outer loop
      vertex -19.1845 49.5658 0
      vertex -19.3676 49.6064 12
      vertex -19.1845 49.5658 12
    endloop
  endfacet
  facet normal 0.216479 0.976287 0
    outer loop
      vertex -19.3676 49.6064 12
      vertex -19.1845 49.5658 0
      vertex -19.3676 49.6064 0
    endloop
  endfacet
  facet normal 0.0437148 -0.999044 0
    outer loop
      vertex -18.9985 53.8249 0
      vertex -18.8111 53.8331 12
      vertex -18.9985 53.8249 12
    endloop
  endfacet
  facet normal 0.0437148 -0.999044 0
    outer loop
      vertex -18.8111 53.8331 12
      vertex -18.9985 53.8249 0
      vertex -18.8111 53.8331 0
    endloop
  endfacet
  facet normal -0.793297 0.608834 0
    outer loop
      vertex -17.1641 50.3011 0
      vertex -17.0499 50.4499 12
      vertex -17.0499 50.4499 0
    endloop
  endfacet
  facet normal -0.793297 0.608834 0
    outer loop
      vertex -17.0499 50.4499 12
      vertex -17.1641 50.3011 0
      vertex -17.1641 50.3011 12
    endloop
  endfacet
  facet normal -0.537358 0.843354 0
    outer loop
      vertex -17.5779 49.9219 0
      vertex -17.7361 49.8211 12
      vertex -17.5779 49.9219 12
    endloop
  endfacet
  facet normal -0.537358 0.843354 0
    outer loop
      vertex -17.7361 49.8211 12
      vertex -17.5779 49.9219 0
      vertex -17.7361 49.8211 0
    endloop
  endfacet
  facet normal -0.130661 0.991427 0
    outer loop
      vertex -18.4378 49.5658 0
      vertex -18.6237 49.5413 12
      vertex -18.4378 49.5658 12
    endloop
  endfacet
  facet normal -0.130661 0.991427 0
    outer loop
      vertex -18.6237 49.5413 12
      vertex -18.4378 49.5658 0
      vertex -18.6237 49.5413 0
    endloop
  endfacet
  facet normal 0.843354 -0.537358 0
    outer loop
      vertex -20.6731 52.7581 12
      vertex -20.5723 52.9163 0
      vertex -20.5723 52.9163 12
    endloop
  endfacet
  facet normal 0.843354 -0.537358 0
    outer loop
      vertex -20.5723 52.9163 0
      vertex -20.6731 52.7581 12
      vertex -20.6731 52.7581 0
    endloop
  endfacet
  facet normal 0.300672 0.953728 -0
    outer loop
      vertex -19.3676 49.6064 0
      vertex -19.5465 49.6628 12
      vertex -19.3676 49.6064 12
    endloop
  endfacet
  facet normal 0.300672 0.953728 0
    outer loop
      vertex -19.5465 49.6628 12
      vertex -19.3676 49.6064 0
      vertex -19.5465 49.6628 0
    endloop
  endfacet
  facet normal -0.382305 -0.924036 0
    outer loop
      vertex -18.0758 53.7034 0
      vertex -17.9025 53.6317 12
      vertex -18.0758 53.7034 12
    endloop
  endfacet
  facet normal -0.382305 -0.924036 -0
    outer loop
      vertex -17.9025 53.6317 12
      vertex -18.0758 53.7034 0
      vertex -17.9025 53.6317 0
    endloop
  endfacet
  facet normal 0.382493 -0.923958 0
    outer loop
      vertex -19.7197 53.6317 0
      vertex -19.5465 53.7034 12
      vertex -19.7197 53.6317 12
    endloop
  endfacet
  facet normal 0.382493 -0.923958 0
    outer loop
      vertex -19.5465 53.7034 12
      vertex -19.7197 53.6317 0
      vertex -19.5465 53.7034 0
    endloop
  endfacet
  facet normal 0.924036 0.382305 0
    outer loop
      vertex -20.7597 50.7745 12
      vertex -20.8314 50.9478 0
      vertex -20.8314 50.9478 12
    endloop
  endfacet
  facet normal 0.924036 0.382305 0
    outer loop
      vertex -20.8314 50.9478 0
      vertex -20.7597 50.7745 12
      vertex -20.7597 50.7745 0
    endloop
  endfacet
  facet normal -0.216366 -0.976312 0
    outer loop
      vertex -18.4378 53.8004 0
      vertex -18.2546 53.7598 12
      vertex -18.4378 53.8004 12
    endloop
  endfacet
  facet normal -0.216366 -0.976312 -0
    outer loop
      vertex -18.2546 53.7598 12
      vertex -18.4378 53.8004 0
      vertex -18.2546 53.7598 0
    endloop
  endfacet
  facet normal -0.382305 0.924036 0
    outer loop
      vertex -17.9025 49.7345 0
      vertex -18.0758 49.6628 12
      vertex -17.9025 49.7345 12
    endloop
  endfacet
  facet normal -0.382305 0.924036 0
    outer loop
      vertex -18.0758 49.6628 12
      vertex -17.9025 49.7345 0
      vertex -18.0758 49.6628 0
    endloop
  endfacet
  facet normal 0.88706 0.461655 0
    outer loop
      vertex -20.6731 50.6081 12
      vertex -20.7597 50.7745 0
      vertex -20.7597 50.7745 12
    endloop
  endfacet
  facet normal 0.88706 0.461655 0
    outer loop
      vertex -20.7597 50.7745 0
      vertex -20.6731 50.6081 12
      vertex -20.6731 50.6081 0
    endloop
  endfacet
  facet normal -0.991436 0.130592 0
    outer loop
      vertex -16.6938 51.3097 0
      vertex -16.6693 51.4957 12
      vertex -16.6693 51.4957 0
    endloop
  endfacet
  facet normal -0.991436 0.130592 0
    outer loop
      vertex -16.6693 51.4957 12
      vertex -16.6938 51.3097 0
      vertex -16.6938 51.3097 12
    endloop
  endfacet
  facet normal 0.737353 -0.675507 0
    outer loop
      vertex -20.4581 53.0651 12
      vertex -20.3314 53.2034 0
      vertex -20.3314 53.2034 12
    endloop
  endfacet
  facet normal 0.737353 -0.675507 0
    outer loop
      vertex -20.3314 53.2034 0
      vertex -20.4581 53.0651 12
      vertex -20.4581 53.0651 0
    endloop
  endfacet
  facet normal -0.462074 -0.886841 0
    outer loop
      vertex -17.9025 53.6317 0
      vertex -17.7361 53.545 12
      vertex -17.9025 53.6317 12
    endloop
  endfacet
  facet normal -0.462074 -0.886841 -0
    outer loop
      vertex -17.7361 53.545 12
      vertex -17.9025 53.6317 0
      vertex -17.7361 53.545 0
    endloop
  endfacet
  facet normal 0.953679 0.300825 0
    outer loop
      vertex -20.8314 50.9478 12
      vertex -20.8878 51.1266 0
      vertex -20.8878 51.1266 12
    endloop
  endfacet
  facet normal 0.953679 0.300825 0
    outer loop
      vertex -20.8878 51.1266 0
      vertex -20.8314 50.9478 12
      vertex -20.8314 50.9478 0
    endloop
  endfacet
  facet normal -0.843596 0.536979 0
    outer loop
      vertex -17.0499 50.4499 0
      vertex -16.9492 50.6081 12
      vertex -16.9492 50.6081 0
    endloop
  endfacet
  facet normal -0.843596 0.536979 0
    outer loop
      vertex -16.9492 50.6081 12
      vertex -17.0499 50.4499 0
      vertex -17.0499 50.4499 12
    endloop
  endfacet
  facet normal -0.737353 0.675507 0
    outer loop
      vertex -17.2908 50.1628 0
      vertex -17.1641 50.3011 12
      vertex -17.1641 50.3011 0
    endloop
  endfacet
  facet normal -0.737353 0.675507 0
    outer loop
      vertex -17.1641 50.3011 12
      vertex -17.2908 50.1628 0
      vertex -17.2908 50.1628 12
    endloop
  endfacet
  facet normal -0.0437148 -0.999044 0
    outer loop
      vertex -18.8111 53.8331 0
      vertex -18.6237 53.8249 12
      vertex -18.8111 53.8331 12
    endloop
  endfacet
  facet normal -0.0437148 -0.999044 -0
    outer loop
      vertex -18.6237 53.8249 12
      vertex -18.8111 53.8331 0
      vertex -18.6237 53.8249 0
    endloop
  endfacet
  facet normal -0.608834 -0.793297 0
    outer loop
      vertex -17.5779 53.4443 0
      vertex -17.4291 53.3301 12
      vertex -17.5779 53.4443 12
    endloop
  endfacet
  facet normal -0.608834 -0.793297 -0
    outer loop
      vertex -17.4291 53.3301 12
      vertex -17.5779 53.4443 0
      vertex -17.4291 53.3301 0
    endloop
  endfacet
  facet normal -0.130661 -0.991427 0
    outer loop
      vertex -18.6237 53.8249 0
      vertex -18.4378 53.8004 12
      vertex -18.6237 53.8249 12
    endloop
  endfacet
  facet normal -0.130661 -0.991427 -0
    outer loop
      vertex -18.4378 53.8004 12
      vertex -18.6237 53.8249 0
      vertex -18.4378 53.8004 0
    endloop
  endfacet
  facet normal -0.886841 -0.462074 0
    outer loop
      vertex -16.8625 52.5917 0
      vertex -16.9492 52.7581 12
      vertex -16.9492 52.7581 0
    endloop
  endfacet
  facet normal -0.886841 -0.462074 0
    outer loop
      vertex -16.9492 52.7581 12
      vertex -16.8625 52.5917 0
      vertex -16.8625 52.5917 12
    endloop
  endfacet
  facet normal 0.924036 -0.382305 0
    outer loop
      vertex -20.8314 52.4184 12
      vertex -20.7597 52.5917 0
      vertex -20.7597 52.5917 12
    endloop
  endfacet
  facet normal 0.924036 -0.382305 0
    outer loop
      vertex -20.7597 52.5917 0
      vertex -20.8314 52.4184 12
      vertex -20.8314 52.4184 0
    endloop
  endfacet
  facet normal -0.536979 -0.843596 0
    outer loop
      vertex -17.7361 53.545 0
      vertex -17.5779 53.4443 12
      vertex -17.7361 53.545 12
    endloop
  endfacet
  facet normal -0.536979 -0.843596 -0
    outer loop
      vertex -17.5779 53.4443 12
      vertex -17.7361 53.545 0
      vertex -17.5779 53.4443 0
    endloop
  endfacet
  facet normal -0.843596 -0.536979 0
    outer loop
      vertex -16.9492 52.7581 0
      vertex -17.0499 52.9163 12
      vertex -17.0499 52.9163 0
    endloop
  endfacet
  facet normal -0.843596 -0.536979 0
    outer loop
      vertex -17.0499 52.9163 12
      vertex -16.9492 52.7581 0
      vertex -16.9492 52.7581 12
    endloop
  endfacet
  facet normal -0.953679 0.300825 0
    outer loop
      vertex -16.7908 50.9478 0
      vertex -16.7344 51.1266 12
      vertex -16.7344 51.1266 0
    endloop
  endfacet
  facet normal -0.953679 0.300825 0
    outer loop
      vertex -16.7344 51.1266 12
      vertex -16.7908 50.9478 0
      vertex -16.7908 50.9478 12
    endloop
  endfacet
  facet normal 0.462074 -0.886841 0
    outer loop
      vertex -19.8861 53.545 0
      vertex -19.7197 53.6317 12
      vertex -19.8861 53.545 12
    endloop
  endfacet
  facet normal 0.462074 -0.886841 0
    outer loop
      vertex -19.7197 53.6317 12
      vertex -19.8861 53.545 0
      vertex -19.7197 53.6317 0
    endloop
  endfacet
  facet normal -0.0437148 0.999044 0
    outer loop
      vertex -18.6237 49.5413 0
      vertex -18.8111 49.5331 12
      vertex -18.6237 49.5413 12
    endloop
  endfacet
  facet normal -0.0437148 0.999044 0
    outer loop
      vertex -18.8111 49.5331 12
      vertex -18.6237 49.5413 0
      vertex -18.8111 49.5331 0
    endloop
  endfacet
  facet normal 0.216479 -0.976287 0
    outer loop
      vertex -19.3676 53.7598 0
      vertex -19.1845 53.8004 12
      vertex -19.3676 53.7598 12
    endloop
  endfacet
  facet normal 0.216479 -0.976287 0
    outer loop
      vertex -19.1845 53.8004 12
      vertex -19.3676 53.7598 0
      vertex -19.1845 53.8004 0
    endloop
  endfacet
  facet normal 0.976312 -0.216366 0
    outer loop
      vertex -20.9284 52.0564 12
      vertex -20.8878 52.2396 0
      vertex -20.8878 52.2396 12
    endloop
  endfacet
  facet normal 0.976312 -0.216366 0
    outer loop
      vertex -20.8878 52.2396 0
      vertex -20.9284 52.0564 12
      vertex -20.9284 52.0564 0
    endloop
  endfacet
  facet normal 0.130592 -0.991436 0
    outer loop
      vertex -19.1845 53.8004 0
      vertex -18.9985 53.8249 12
      vertex -19.1845 53.8004 12
    endloop
  endfacet
  facet normal 0.130592 -0.991436 0
    outer loop
      vertex -18.9985 53.8249 12
      vertex -19.1845 53.8004 0
      vertex -18.9985 53.8249 0
    endloop
  endfacet
  facet normal -0.216366 0.976312 0
    outer loop
      vertex -18.2546 49.6064 0
      vertex -18.4378 49.5658 12
      vertex -18.2546 49.6064 12
    endloop
  endfacet
  facet normal -0.216366 0.976312 0
    outer loop
      vertex -18.4378 49.5658 12
      vertex -18.2546 49.6064 0
      vertex -18.4378 49.5658 0
    endloop
  endfacet
  facet normal 0.300672 -0.953728 0
    outer loop
      vertex -19.5465 53.7034 0
      vertex -19.3676 53.7598 12
      vertex -19.5465 53.7034 12
    endloop
  endfacet
  facet normal 0.300672 -0.953728 0
    outer loop
      vertex -19.3676 53.7598 12
      vertex -19.5465 53.7034 0
      vertex -19.3676 53.7598 0
    endloop
  endfacet
  facet normal 0.608834 -0.793297 0
    outer loop
      vertex -20.1931 53.3301 0
      vertex -20.0443 53.4443 12
      vertex -20.1931 53.3301 12
    endloop
  endfacet
  facet normal 0.608834 -0.793297 0
    outer loop
      vertex -20.0443 53.4443 12
      vertex -20.1931 53.3301 0
      vertex -20.0443 53.4443 0
    endloop
  endfacet
  facet normal 0.991427 -0.130661 0
    outer loop
      vertex -20.9529 51.8705 12
      vertex -20.9284 52.0564 0
      vertex -20.9284 52.0564 12
    endloop
  endfacet
  facet normal 0.991427 -0.130661 0
    outer loop
      vertex -20.9284 52.0564 0
      vertex -20.9529 51.8705 12
      vertex -20.9529 51.8705 0
    endloop
  endfacet
  facet normal 0.999044 0.0437148 0
    outer loop
      vertex -20.9529 51.4957 12
      vertex -20.9611 51.6831 0
      vertex -20.9611 51.6831 12
    endloop
  endfacet
  facet normal 0.999044 0.0437148 0
    outer loop
      vertex -20.9611 51.6831 0
      vertex -20.9529 51.4957 12
      vertex -20.9529 51.4957 0
    endloop
  endfacet
  facet normal 0.793297 0.608834 0
    outer loop
      vertex -20.4581 50.3011 12
      vertex -20.5723 50.4499 0
      vertex -20.5723 50.4499 12
    endloop
  endfacet
  facet normal 0.793297 0.608834 0
    outer loop
      vertex -20.5723 50.4499 0
      vertex -20.4581 50.3011 12
      vertex -20.4581 50.3011 0
    endloop
  endfacet
  facet normal -0.461655 0.88706 0
    outer loop
      vertex -17.7361 49.8211 0
      vertex -17.9025 49.7345 12
      vertex -17.7361 49.8211 12
    endloop
  endfacet
  facet normal -0.461655 0.88706 0
    outer loop
      vertex -17.9025 49.7345 12
      vertex -17.7361 49.8211 0
      vertex -17.9025 49.7345 0
    endloop
  endfacet
  facet normal -0.924036 0.382305 0
    outer loop
      vertex -16.8625 50.7745 0
      vertex -16.7908 50.9478 12
      vertex -16.7908 50.9478 0
    endloop
  endfacet
  facet normal -0.924036 0.382305 0
    outer loop
      vertex -16.7908 50.9478 12
      vertex -16.8625 50.7745 0
      vertex -16.8625 50.7745 12
    endloop
  endfacet
  facet normal -0.675507 -0.737353 0
    outer loop
      vertex -17.4291 53.3301 0
      vertex -17.2908 53.2034 12
      vertex -17.4291 53.3301 12
    endloop
  endfacet
  facet normal -0.675507 -0.737353 -0
    outer loop
      vertex -17.2908 53.2034 12
      vertex -17.4291 53.3301 0
      vertex -17.2908 53.2034 0
    endloop
  endfacet
  facet normal -0.737353 -0.675507 0
    outer loop
      vertex -17.1641 53.0651 0
      vertex -17.2908 53.2034 12
      vertex -17.2908 53.2034 0
    endloop
  endfacet
  facet normal -0.737353 -0.675507 0
    outer loop
      vertex -17.2908 53.2034 12
      vertex -17.1641 53.0651 0
      vertex -17.1641 53.0651 12
    endloop
  endfacet
  facet normal -0.886841 0.462074 0
    outer loop
      vertex -16.9492 50.6081 0
      vertex -16.8625 50.7745 12
      vertex -16.8625 50.7745 0
    endloop
  endfacet
  facet normal -0.886841 0.462074 0
    outer loop
      vertex -16.8625 50.7745 12
      vertex -16.9492 50.6081 0
      vertex -16.9492 50.6081 12
    endloop
  endfacet
  facet normal 0.843354 0.537358 0
    outer loop
      vertex -20.5723 50.4499 12
      vertex -20.6731 50.6081 0
      vertex -20.6731 50.6081 12
    endloop
  endfacet
  facet normal 0.843354 0.537358 0
    outer loop
      vertex -20.6731 50.6081 0
      vertex -20.5723 50.4499 12
      vertex -20.5723 50.4499 0
    endloop
  endfacet
  facet normal 0.382493 0.923958 -0
    outer loop
      vertex -19.5465 49.6628 0
      vertex -19.7197 49.7345 12
      vertex -19.5465 49.6628 12
    endloop
  endfacet
  facet normal 0.382493 0.923958 0
    outer loop
      vertex -19.7197 49.7345 12
      vertex -19.5465 49.6628 0
      vertex -19.7197 49.7345 0
    endloop
  endfacet
  facet normal 0.461655 0.88706 -0
    outer loop
      vertex -19.7197 49.7345 0
      vertex -19.8861 49.8211 12
      vertex -19.7197 49.7345 12
    endloop
  endfacet
  facet normal 0.461655 0.88706 0
    outer loop
      vertex -19.8861 49.8211 12
      vertex -19.7197 49.7345 0
      vertex -19.8861 49.8211 0
    endloop
  endfacet
  facet normal -0.675507 0.737353 0
    outer loop
      vertex -17.2908 50.1628 0
      vertex -17.4291 50.0361 12
      vertex -17.2908 50.1628 12
    endloop
  endfacet
  facet normal -0.675507 0.737353 0
    outer loop
      vertex -17.4291 50.0361 12
      vertex -17.2908 50.1628 0
      vertex -17.4291 50.0361 0
    endloop
  endfacet
  facet normal 0.793297 -0.608834 0
    outer loop
      vertex -20.5723 52.9163 12
      vertex -20.4581 53.0651 0
      vertex -20.4581 53.0651 12
    endloop
  endfacet
  facet normal 0.793297 -0.608834 0
    outer loop
      vertex -20.4581 53.0651 0
      vertex -20.5723 52.9163 12
      vertex -20.5723 52.9163 0
    endloop
  endfacet
  facet normal 0.991436 0.130592 0
    outer loop
      vertex -20.9284 51.3097 12
      vertex -20.9529 51.4957 0
      vertex -20.9529 51.4957 12
    endloop
  endfacet
  facet normal 0.991436 0.130592 0
    outer loop
      vertex -20.9529 51.4957 0
      vertex -20.9284 51.3097 12
      vertex -20.9284 51.3097 0
    endloop
  endfacet
  facet normal -0.300825 -0.953679 0
    outer loop
      vertex -18.2546 53.7598 0
      vertex -18.0758 53.7034 12
      vertex -18.2546 53.7598 12
    endloop
  endfacet
  facet normal -0.300825 -0.953679 -0
    outer loop
      vertex -18.0758 53.7034 12
      vertex -18.2546 53.7598 0
      vertex -18.0758 53.7034 0
    endloop
  endfacet
  facet normal 0.0437148 0.999044 -0
    outer loop
      vertex -18.8111 49.5331 0
      vertex -18.9985 49.5413 12
      vertex -18.8111 49.5331 12
    endloop
  endfacet
  facet normal 0.0437148 0.999044 0
    outer loop
      vertex -18.9985 49.5413 12
      vertex -18.8111 49.5331 0
      vertex -18.9985 49.5413 0
    endloop
  endfacet
  facet normal -0.991427 -0.130661 0
    outer loop
      vertex -49.5413 -18.6237 0
      vertex -49.5658 -18.4378 12
      vertex -49.5658 -18.4378 0
    endloop
  endfacet
  facet normal -0.991427 -0.130661 0
    outer loop
      vertex -49.5658 -18.4378 12
      vertex -49.5413 -18.6237 0
      vertex -49.5413 -18.6237 12
    endloop
  endfacet
  facet normal -0.999044 -0.0437148 0
    outer loop
      vertex -49.5331 -18.8111 0
      vertex -49.5413 -18.6237 12
      vertex -49.5413 -18.6237 0
    endloop
  endfacet
  facet normal -0.999044 -0.0437148 0
    outer loop
      vertex -49.5413 -18.6237 12
      vertex -49.5331 -18.8111 0
      vertex -49.5331 -18.8111 12
    endloop
  endfacet
  facet normal -0.976312 -0.216366 0
    outer loop
      vertex -49.5658 -18.4378 0
      vertex -49.6064 -18.2546 12
      vertex -49.6064 -18.2546 0
    endloop
  endfacet
  facet normal -0.976312 -0.216366 0
    outer loop
      vertex -49.6064 -18.2546 12
      vertex -49.5658 -18.4378 0
      vertex -49.5658 -18.4378 12
    endloop
  endfacet
  facet normal -0.382305 0.924036 0
    outer loop
      vertex -50.7745 -20.7597 0
      vertex -50.9478 -20.8314 12
      vertex -50.7745 -20.7597 12
    endloop
  endfacet
  facet normal -0.382305 0.924036 0
    outer loop
      vertex -50.9478 -20.8314 12
      vertex -50.7745 -20.7597 0
      vertex -50.9478 -20.8314 0
    endloop
  endfacet
  facet normal 0.382305 -0.924036 0
    outer loop
      vertex -52.5917 -16.8625 0
      vertex -52.4184 -16.7908 12
      vertex -52.5917 -16.8625 12
    endloop
  endfacet
  facet normal 0.382305 -0.924036 0
    outer loop
      vertex -52.4184 -16.7908 12
      vertex -52.5917 -16.8625 0
      vertex -52.4184 -16.7908 0
    endloop
  endfacet
  facet normal -0.737353 -0.675507 0
    outer loop
      vertex -50.0361 -17.4291 0
      vertex -50.1628 -17.2908 12
      vertex -50.1628 -17.2908 0
    endloop
  endfacet
  facet normal -0.737353 -0.675507 0
    outer loop
      vertex -50.1628 -17.2908 12
      vertex -50.0361 -17.4291 0
      vertex -50.0361 -17.4291 12
    endloop
  endfacet
  facet normal 0.130661 0.991427 -0
    outer loop
      vertex -51.8705 -20.9529 0
      vertex -52.0564 -20.9284 12
      vertex -51.8705 -20.9529 12
    endloop
  endfacet
  facet normal 0.130661 0.991427 0
    outer loop
      vertex -52.0564 -20.9284 12
      vertex -51.8705 -20.9529 0
      vertex -52.0564 -20.9284 0
    endloop
  endfacet
  facet normal -0.130592 -0.991436 0
    outer loop
      vertex -51.4957 -16.6693 0
      vertex -51.3097 -16.6938 12
      vertex -51.4957 -16.6693 12
    endloop
  endfacet
  facet normal -0.130592 -0.991436 -0
    outer loop
      vertex -51.3097 -16.6938 12
      vertex -51.4957 -16.6693 0
      vertex -51.3097 -16.6938 0
    endloop
  endfacet
  facet normal -0.130592 0.991436 0
    outer loop
      vertex -51.3097 -20.9284 0
      vertex -51.4957 -20.9529 12
      vertex -51.3097 -20.9284 12
    endloop
  endfacet
  facet normal -0.130592 0.991436 0
    outer loop
      vertex -51.4957 -20.9529 12
      vertex -51.3097 -20.9284 0
      vertex -51.4957 -20.9529 0
    endloop
  endfacet
  facet normal -0.675507 0.737353 0
    outer loop
      vertex -50.1628 -20.3314 0
      vertex -50.3011 -20.4581 12
      vertex -50.1628 -20.3314 12
    endloop
  endfacet
  facet normal -0.675507 0.737353 0
    outer loop
      vertex -50.3011 -20.4581 12
      vertex -50.1628 -20.3314 0
      vertex -50.3011 -20.4581 0
    endloop
  endfacet
  facet normal 0.461655 0.88706 -0
    outer loop
      vertex -52.5917 -20.7597 0
      vertex -52.7581 -20.6731 12
      vertex -52.5917 -20.7597 12
    endloop
  endfacet
  facet normal 0.461655 0.88706 0
    outer loop
      vertex -52.7581 -20.6731 12
      vertex -52.5917 -20.7597 0
      vertex -52.7581 -20.6731 0
    endloop
  endfacet
  facet normal 0.216366 -0.976312 0
    outer loop
      vertex -52.2396 -16.7344 0
      vertex -52.0564 -16.6938 12
      vertex -52.2396 -16.7344 12
    endloop
  endfacet
  facet normal 0.216366 -0.976312 0
    outer loop
      vertex -52.0564 -16.6938 12
      vertex -52.2396 -16.7344 0
      vertex -52.0564 -16.6938 0
    endloop
  endfacet
  facet normal 0.843596 -0.536979 0
    outer loop
      vertex -53.545 -17.7361 12
      vertex -53.4443 -17.5779 0
      vertex -53.4443 -17.5779 12
    endloop
  endfacet
  facet normal 0.843596 -0.536979 0
    outer loop
      vertex -53.4443 -17.5779 0
      vertex -53.545 -17.7361 12
      vertex -53.545 -17.7361 0
    endloop
  endfacet
  facet normal -0.793297 0.608834 0
    outer loop
      vertex -50.0361 -20.1931 0
      vertex -49.9219 -20.0443 12
      vertex -49.9219 -20.0443 0
    endloop
  endfacet
  facet normal -0.793297 0.608834 0
    outer loop
      vertex -49.9219 -20.0443 12
      vertex -50.0361 -20.1931 0
      vertex -50.0361 -20.1931 12
    endloop
  endfacet
  facet normal -0.843354 -0.537358 0
    outer loop
      vertex -49.8211 -17.7361 0
      vertex -49.9219 -17.5779 12
      vertex -49.9219 -17.5779 0
    endloop
  endfacet
  facet normal -0.843354 -0.537358 0
    outer loop
      vertex -49.9219 -17.5779 12
      vertex -49.8211 -17.7361 0
      vertex -49.8211 -17.7361 12
    endloop
  endfacet
  facet normal -0.88706 -0.461655 0
    outer loop
      vertex -49.7345 -17.9025 0
      vertex -49.8211 -17.7361 12
      vertex -49.8211 -17.7361 0
    endloop
  endfacet
  facet normal -0.88706 -0.461655 0
    outer loop
      vertex -49.8211 -17.7361 12
      vertex -49.7345 -17.9025 0
      vertex -49.7345 -17.9025 12
    endloop
  endfacet
  facet normal -0.216479 -0.976287 0
    outer loop
      vertex -51.3097 -16.6938 0
      vertex -51.1266 -16.7344 12
      vertex -51.3097 -16.6938 12
    endloop
  endfacet
  facet normal -0.216479 -0.976287 -0
    outer loop
      vertex -51.1266 -16.7344 12
      vertex -51.3097 -16.6938 0
      vertex -51.1266 -16.7344 0
    endloop
  endfacet
  facet normal -0.300825 -0.953679 0
    outer loop
      vertex -51.1266 -16.7344 0
      vertex -50.9478 -16.7908 12
      vertex -51.1266 -16.7344 12
    endloop
  endfacet
  facet normal -0.300825 -0.953679 -0
    outer loop
      vertex -50.9478 -16.7908 12
      vertex -51.1266 -16.7344 0
      vertex -50.9478 -16.7908 0
    endloop
  endfacet
  facet normal -0.976287 0.216479 0
    outer loop
      vertex -49.6064 -19.3676 0
      vertex -49.5658 -19.1845 12
      vertex -49.5658 -19.1845 0
    endloop
  endfacet
  facet normal -0.976287 0.216479 0
    outer loop
      vertex -49.5658 -19.1845 12
      vertex -49.6064 -19.3676 0
      vertex -49.6064 -19.3676 12
    endloop
  endfacet
  facet normal 0.999044 -0.0437148 0
    outer loop
      vertex -53.8331 -18.8111 12
      vertex -53.8249 -18.6237 0
      vertex -53.8249 -18.6237 12
    endloop
  endfacet
  facet normal 0.999044 -0.0437148 0
    outer loop
      vertex -53.8249 -18.6237 0
      vertex -53.8331 -18.8111 12
      vertex -53.8331 -18.8111 0
    endloop
  endfacet
  facet normal 0.462074 -0.886841 0
    outer loop
      vertex -52.7581 -16.9492 0
      vertex -52.5917 -16.8625 12
      vertex -52.7581 -16.9492 12
    endloop
  endfacet
  facet normal 0.462074 -0.886841 0
    outer loop
      vertex -52.5917 -16.8625 12
      vertex -52.7581 -16.9492 0
      vertex -52.5917 -16.8625 0
    endloop
  endfacet
  facet normal 0.793297 0.608834 0
    outer loop
      vertex -53.3301 -20.1931 12
      vertex -53.4443 -20.0443 0
      vertex -53.4443 -20.0443 12
    endloop
  endfacet
  facet normal 0.793297 0.608834 0
    outer loop
      vertex -53.4443 -20.0443 0
      vertex -53.3301 -20.1931 12
      vertex -53.3301 -20.1931 0
    endloop
  endfacet
  facet normal -0.462074 -0.886841 0
    outer loop
      vertex -50.7745 -16.8625 0
      vertex -50.6081 -16.9492 12
      vertex -50.7745 -16.8625 12
    endloop
  endfacet
  facet normal -0.462074 -0.886841 -0
    outer loop
      vertex -50.6081 -16.9492 12
      vertex -50.7745 -16.8625 0
      vertex -50.6081 -16.9492 0
    endloop
  endfacet
  facet normal -0.536979 -0.843596 0
    outer loop
      vertex -50.6081 -16.9492 0
      vertex -50.4499 -17.0499 12
      vertex -50.6081 -16.9492 12
    endloop
  endfacet
  facet normal -0.536979 -0.843596 -0
    outer loop
      vertex -50.4499 -17.0499 12
      vertex -50.6081 -16.9492 0
      vertex -50.4499 -17.0499 0
    endloop
  endfacet
  facet normal 0.843596 0.536979 0
    outer loop
      vertex -53.4443 -20.0443 12
      vertex -53.545 -19.8861 0
      vertex -53.545 -19.8861 12
    endloop
  endfacet
  facet normal 0.843596 0.536979 0
    outer loop
      vertex -53.545 -19.8861 0
      vertex -53.4443 -20.0443 12
      vertex -53.4443 -20.0443 0
    endloop
  endfacet
  facet normal -0.953679 -0.300825 0
    outer loop
      vertex -49.6064 -18.2546 0
      vertex -49.6628 -18.0758 12
      vertex -49.6628 -18.0758 0
    endloop
  endfacet
  facet normal -0.953679 -0.300825 0
    outer loop
      vertex -49.6628 -18.0758 12
      vertex -49.6064 -18.2546 0
      vertex -49.6064 -18.2546 12
    endloop
  endfacet
  facet normal -0.923958 0.382493 0
    outer loop
      vertex -49.7345 -19.7197 0
      vertex -49.6628 -19.5465 12
      vertex -49.6628 -19.5465 0
    endloop
  endfacet
  facet normal -0.923958 0.382493 0
    outer loop
      vertex -49.6628 -19.5465 12
      vertex -49.7345 -19.7197 0
      vertex -49.7345 -19.7197 12
    endloop
  endfacet
  facet normal -0.382305 -0.924036 0
    outer loop
      vertex -50.9478 -16.7908 0
      vertex -50.7745 -16.8625 12
      vertex -50.9478 -16.7908 12
    endloop
  endfacet
  facet normal -0.382305 -0.924036 -0
    outer loop
      vertex -50.7745 -16.8625 12
      vertex -50.9478 -16.7908 0
      vertex -50.7745 -16.8625 0
    endloop
  endfacet
  facet normal 0.976287 0.216479 0
    outer loop
      vertex -53.7598 -19.3676 12
      vertex -53.8004 -19.1845 0
      vertex -53.8004 -19.1845 12
    endloop
  endfacet
  facet normal 0.976287 0.216479 0
    outer loop
      vertex -53.8004 -19.1845 0
      vertex -53.7598 -19.3676 12
      vertex -53.7598 -19.3676 0
    endloop
  endfacet
  facet normal -0.999044 0.0437148 0
    outer loop
      vertex -49.5413 -18.9985 0
      vertex -49.5331 -18.8111 12
      vertex -49.5331 -18.8111 0
    endloop
  endfacet
  facet normal -0.999044 0.0437148 0
    outer loop
      vertex -49.5331 -18.8111 12
      vertex -49.5413 -18.9985 0
      vertex -49.5413 -18.9985 12
    endloop
  endfacet
  facet normal -0.737353 0.675507 0
    outer loop
      vertex -50.1628 -20.3314 0
      vertex -50.0361 -20.1931 12
      vertex -50.0361 -20.1931 0
    endloop
  endfacet
  facet normal -0.737353 0.675507 0
    outer loop
      vertex -50.0361 -20.1931 12
      vertex -50.1628 -20.3314 0
      vertex -50.1628 -20.3314 12
    endloop
  endfacet
  facet normal -0.608834 0.793297 0
    outer loop
      vertex -50.3011 -20.4581 0
      vertex -50.4499 -20.5723 12
      vertex -50.3011 -20.4581 12
    endloop
  endfacet
  facet normal -0.608834 0.793297 0
    outer loop
      vertex -50.4499 -20.5723 12
      vertex -50.3011 -20.4581 0
      vertex -50.4499 -20.5723 0
    endloop
  endfacet
  facet normal -0.537358 0.843354 0
    outer loop
      vertex -50.4499 -20.5723 0
      vertex -50.6081 -20.6731 12
      vertex -50.4499 -20.5723 12
    endloop
  endfacet
  facet normal -0.537358 0.843354 0
    outer loop
      vertex -50.6081 -20.6731 12
      vertex -50.4499 -20.5723 0
      vertex -50.6081 -20.6731 0
    endloop
  endfacet
  facet normal 0.886841 -0.462074 0
    outer loop
      vertex -53.6317 -17.9025 12
      vertex -53.545 -17.7361 0
      vertex -53.545 -17.7361 12
    endloop
  endfacet
  facet normal 0.886841 -0.462074 0
    outer loop
      vertex -53.545 -17.7361 0
      vertex -53.6317 -17.9025 12
      vertex -53.6317 -17.9025 0
    endloop
  endfacet
  facet normal -0.461655 0.88706 0
    outer loop
      vertex -50.6081 -20.6731 0
      vertex -50.7745 -20.7597 12
      vertex -50.6081 -20.6731 12
    endloop
  endfacet
  facet normal -0.461655 0.88706 0
    outer loop
      vertex -50.7745 -20.7597 12
      vertex -50.6081 -20.6731 0
      vertex -50.7745 -20.7597 0
    endloop
  endfacet
  facet normal -0.675507 -0.737353 0
    outer loop
      vertex -50.3011 -17.1641 0
      vertex -50.1628 -17.2908 12
      vertex -50.3011 -17.1641 12
    endloop
  endfacet
  facet normal -0.675507 -0.737353 -0
    outer loop
      vertex -50.1628 -17.2908 12
      vertex -50.3011 -17.1641 0
      vertex -50.1628 -17.2908 0
    endloop
  endfacet
  facet normal -0.0437148 0.999044 0
    outer loop
      vertex -51.4957 -20.9529 0
      vertex -51.6831 -20.9611 12
      vertex -51.4957 -20.9529 12
    endloop
  endfacet
  facet normal -0.0437148 0.999044 0
    outer loop
      vertex -51.6831 -20.9611 12
      vertex -51.4957 -20.9529 0
      vertex -51.6831 -20.9611 0
    endloop
  endfacet
  facet normal -0.953728 0.300672 0
    outer loop
      vertex -49.6628 -19.5465 0
      vertex -49.6064 -19.3676 12
      vertex -49.6064 -19.3676 0
    endloop
  endfacet
  facet normal -0.953728 0.300672 0
    outer loop
      vertex -49.6064 -19.3676 12
      vertex -49.6628 -19.5465 0
      vertex -49.6628 -19.5465 12
    endloop
  endfacet
  facet normal -0.843354 0.537358 0
    outer loop
      vertex -49.9219 -20.0443 0
      vertex -49.8211 -19.8861 12
      vertex -49.8211 -19.8861 0
    endloop
  endfacet
  facet normal -0.843354 0.537358 0
    outer loop
      vertex -49.8211 -19.8861 12
      vertex -49.9219 -20.0443 0
      vertex -49.9219 -20.0443 12
    endloop
  endfacet
  facet normal -0.0437148 -0.999044 0
    outer loop
      vertex -51.6831 -16.6611 0
      vertex -51.4957 -16.6693 12
      vertex -51.6831 -16.6611 12
    endloop
  endfacet
  facet normal -0.0437148 -0.999044 -0
    outer loop
      vertex -51.4957 -16.6693 12
      vertex -51.6831 -16.6611 0
      vertex -51.4957 -16.6693 0
    endloop
  endfacet
  facet normal -0.216479 0.976287 0
    outer loop
      vertex -51.1266 -20.8878 0
      vertex -51.3097 -20.9284 12
      vertex -51.1266 -20.8878 12
    endloop
  endfacet
  facet normal -0.216479 0.976287 0
    outer loop
      vertex -51.3097 -20.9284 12
      vertex -51.1266 -20.8878 0
      vertex -51.3097 -20.9284 0
    endloop
  endfacet
  facet normal 0.130661 -0.991427 0
    outer loop
      vertex -52.0564 -16.6938 0
      vertex -51.8705 -16.6693 12
      vertex -52.0564 -16.6938 12
    endloop
  endfacet
  facet normal 0.130661 -0.991427 0
    outer loop
      vertex -51.8705 -16.6693 12
      vertex -52.0564 -16.6938 0
      vertex -51.8705 -16.6693 0
    endloop
  endfacet
  facet normal 0.300825 0.953679 -0
    outer loop
      vertex -52.2396 -20.8878 0
      vertex -52.4184 -20.8314 12
      vertex -52.2396 -20.8878 12
    endloop
  endfacet
  facet normal 0.300825 0.953679 0
    outer loop
      vertex -52.4184 -20.8314 12
      vertex -52.2396 -20.8878 0
      vertex -52.4184 -20.8314 0
    endloop
  endfacet
  facet normal -0.924036 -0.382305 0
    outer loop
      vertex -49.6628 -18.0758 0
      vertex -49.7345 -17.9025 12
      vertex -49.7345 -17.9025 0
    endloop
  endfacet
  facet normal -0.924036 -0.382305 0
    outer loop
      vertex -49.7345 -17.9025 12
      vertex -49.6628 -18.0758 0
      vertex -49.6628 -18.0758 12
    endloop
  endfacet
  facet normal 0.923958 0.382493 0
    outer loop
      vertex -53.6317 -19.7197 12
      vertex -53.7034 -19.5465 0
      vertex -53.7034 -19.5465 12
    endloop
  endfacet
  facet normal 0.923958 0.382493 0
    outer loop
      vertex -53.7034 -19.5465 0
      vertex -53.6317 -19.7197 12
      vertex -53.6317 -19.7197 0
    endloop
  endfacet
  facet normal 0.675507 0.737353 -0
    outer loop
      vertex -53.0651 -20.4581 0
      vertex -53.2034 -20.3314 12
      vertex -53.0651 -20.4581 12
    endloop
  endfacet
  facet normal 0.675507 0.737353 0
    outer loop
      vertex -53.2034 -20.3314 12
      vertex -53.0651 -20.4581 0
      vertex -53.2034 -20.3314 0
    endloop
  endfacet
  facet normal 0.675507 -0.737353 0
    outer loop
      vertex -53.2034 -17.2908 0
      vertex -53.0651 -17.1641 12
      vertex -53.2034 -17.2908 12
    endloop
  endfacet
  facet normal 0.675507 -0.737353 0
    outer loop
      vertex -53.0651 -17.1641 12
      vertex -53.2034 -17.2908 0
      vertex -53.0651 -17.1641 0
    endloop
  endfacet
  facet normal 0.976312 -0.216366 0
    outer loop
      vertex -53.8004 -18.4378 12
      vertex -53.7598 -18.2546 0
      vertex -53.7598 -18.2546 12
    endloop
  endfacet
  facet normal 0.976312 -0.216366 0
    outer loop
      vertex -53.7598 -18.2546 0
      vertex -53.8004 -18.4378 12
      vertex -53.8004 -18.4378 0
    endloop
  endfacet
  facet normal 0.536979 -0.843596 0
    outer loop
      vertex -52.9163 -17.0499 0
      vertex -52.7581 -16.9492 12
      vertex -52.9163 -17.0499 12
    endloop
  endfacet
  facet normal 0.536979 -0.843596 0
    outer loop
      vertex -52.7581 -16.9492 12
      vertex -52.9163 -17.0499 0
      vertex -52.7581 -16.9492 0
    endloop
  endfacet
  facet normal 0.953679 -0.300825 0
    outer loop
      vertex -53.7598 -18.2546 12
      vertex -53.7034 -18.0758 0
      vertex -53.7034 -18.0758 12
    endloop
  endfacet
  facet normal 0.953679 -0.300825 0
    outer loop
      vertex -53.7034 -18.0758 0
      vertex -53.7598 -18.2546 12
      vertex -53.7598 -18.2546 0
    endloop
  endfacet
  facet normal 0.300825 -0.953679 0
    outer loop
      vertex -52.4184 -16.7908 0
      vertex -52.2396 -16.7344 12
      vertex -52.4184 -16.7908 12
    endloop
  endfacet
  facet normal 0.300825 -0.953679 0
    outer loop
      vertex -52.2396 -16.7344 12
      vertex -52.4184 -16.7908 0
      vertex -52.2396 -16.7344 0
    endloop
  endfacet
  facet normal 0.999044 0.0437148 0
    outer loop
      vertex -53.8249 -18.9985 12
      vertex -53.8331 -18.8111 0
      vertex -53.8331 -18.8111 12
    endloop
  endfacet
  facet normal 0.999044 0.0437148 0
    outer loop
      vertex -53.8331 -18.8111 0
      vertex -53.8249 -18.9985 12
      vertex -53.8249 -18.9985 0
    endloop
  endfacet
  facet normal 0.216366 0.976312 -0
    outer loop
      vertex -52.0564 -20.9284 0
      vertex -52.2396 -20.8878 12
      vertex -52.0564 -20.9284 12
    endloop
  endfacet
  facet normal 0.216366 0.976312 0
    outer loop
      vertex -52.2396 -20.8878 12
      vertex -52.0564 -20.9284 0
      vertex -52.2396 -20.8878 0
    endloop
  endfacet
  facet normal 0.0437148 -0.999044 0
    outer loop
      vertex -51.8705 -16.6693 0
      vertex -51.6831 -16.6611 12
      vertex -51.8705 -16.6693 12
    endloop
  endfacet
  facet normal 0.0437148 -0.999044 0
    outer loop
      vertex -51.6831 -16.6611 12
      vertex -51.8705 -16.6693 0
      vertex -51.6831 -16.6611 0
    endloop
  endfacet
  facet normal 0.0437148 0.999044 -0
    outer loop
      vertex -51.6831 -20.9611 0
      vertex -51.8705 -20.9529 12
      vertex -51.6831 -20.9611 12
    endloop
  endfacet
  facet normal 0.0437148 0.999044 0
    outer loop
      vertex -51.8705 -20.9529 12
      vertex -51.6831 -20.9611 0
      vertex -51.8705 -20.9529 0
    endloop
  endfacet
  facet normal -0.300825 0.953679 0
    outer loop
      vertex -50.9478 -20.8314 0
      vertex -51.1266 -20.8878 12
      vertex -50.9478 -20.8314 12
    endloop
  endfacet
  facet normal -0.300825 0.953679 0
    outer loop
      vertex -51.1266 -20.8878 12
      vertex -50.9478 -20.8314 0
      vertex -51.1266 -20.8878 0
    endloop
  endfacet
  facet normal 0.737353 0.675507 0
    outer loop
      vertex -53.2034 -20.3314 12
      vertex -53.3301 -20.1931 0
      vertex -53.3301 -20.1931 12
    endloop
  endfacet
  facet normal 0.737353 0.675507 0
    outer loop
      vertex -53.3301 -20.1931 0
      vertex -53.2034 -20.3314 12
      vertex -53.2034 -20.3314 0
    endloop
  endfacet
  facet normal -0.991436 0.130592 0
    outer loop
      vertex -49.5658 -19.1845 0
      vertex -49.5413 -18.9985 12
      vertex -49.5413 -18.9985 0
    endloop
  endfacet
  facet normal -0.991436 0.130592 0
    outer loop
      vertex -49.5413 -18.9985 12
      vertex -49.5658 -19.1845 0
      vertex -49.5658 -19.1845 12
    endloop
  endfacet
  facet normal 0.991436 0.130592 0
    outer loop
      vertex -53.8004 -19.1845 12
      vertex -53.8249 -18.9985 0
      vertex -53.8249 -18.9985 12
    endloop
  endfacet
  facet normal 0.991436 0.130592 0
    outer loop
      vertex -53.8249 -18.9985 0
      vertex -53.8004 -19.1845 12
      vertex -53.8004 -19.1845 0
    endloop
  endfacet
  facet normal 0.608834 -0.793297 0
    outer loop
      vertex -53.0651 -17.1641 0
      vertex -52.9163 -17.0499 12
      vertex -53.0651 -17.1641 12
    endloop
  endfacet
  facet normal 0.608834 -0.793297 0
    outer loop
      vertex -52.9163 -17.0499 12
      vertex -53.0651 -17.1641 0
      vertex -52.9163 -17.0499 0
    endloop
  endfacet
  facet normal -0.608834 -0.793297 0
    outer loop
      vertex -50.4499 -17.0499 0
      vertex -50.3011 -17.1641 12
      vertex -50.4499 -17.0499 12
    endloop
  endfacet
  facet normal -0.608834 -0.793297 -0
    outer loop
      vertex -50.3011 -17.1641 12
      vertex -50.4499 -17.0499 0
      vertex -50.3011 -17.1641 0
    endloop
  endfacet
  facet normal -0.88706 0.461655 0
    outer loop
      vertex -49.8211 -19.8861 0
      vertex -49.7345 -19.7197 12
      vertex -49.7345 -19.7197 0
    endloop
  endfacet
  facet normal -0.88706 0.461655 0
    outer loop
      vertex -49.7345 -19.7197 12
      vertex -49.8211 -19.8861 0
      vertex -49.8211 -19.8861 12
    endloop
  endfacet
  facet normal -0.793297 -0.608834 0
    outer loop
      vertex -49.9219 -17.5779 0
      vertex -50.0361 -17.4291 12
      vertex -50.0361 -17.4291 0
    endloop
  endfacet
  facet normal -0.793297 -0.608834 0
    outer loop
      vertex -50.0361 -17.4291 12
      vertex -49.9219 -17.5779 0
      vertex -49.9219 -17.5779 12
    endloop
  endfacet
  facet normal 0.608834 0.793297 -0
    outer loop
      vertex -52.9163 -20.5723 0
      vertex -53.0651 -20.4581 12
      vertex -52.9163 -20.5723 12
    endloop
  endfacet
  facet normal 0.608834 0.793297 0
    outer loop
      vertex -53.0651 -20.4581 12
      vertex -52.9163 -20.5723 0
      vertex -53.0651 -20.4581 0
    endloop
  endfacet
  facet normal 0.953728 0.300672 0
    outer loop
      vertex -53.7034 -19.5465 12
      vertex -53.7598 -19.3676 0
      vertex -53.7598 -19.3676 12
    endloop
  endfacet
  facet normal 0.953728 0.300672 0
    outer loop
      vertex -53.7598 -19.3676 0
      vertex -53.7034 -19.5465 12
      vertex -53.7034 -19.5465 0
    endloop
  endfacet
  facet normal 0.886841 0.462074 0
    outer loop
      vertex -53.545 -19.8861 12
      vertex -53.6317 -19.7197 0
      vertex -53.6317 -19.7197 12
    endloop
  endfacet
  facet normal 0.886841 0.462074 0
    outer loop
      vertex -53.6317 -19.7197 0
      vertex -53.545 -19.8861 12
      vertex -53.545 -19.8861 0
    endloop
  endfacet
  facet normal 0.991427 -0.130661 0
    outer loop
      vertex -53.8249 -18.6237 12
      vertex -53.8004 -18.4378 0
      vertex -53.8004 -18.4378 12
    endloop
  endfacet
  facet normal 0.991427 -0.130661 0
    outer loop
      vertex -53.8004 -18.4378 0
      vertex -53.8249 -18.6237 12
      vertex -53.8249 -18.6237 0
    endloop
  endfacet
  facet normal 0.737353 -0.675507 0
    outer loop
      vertex -53.3301 -17.4291 12
      vertex -53.2034 -17.2908 0
      vertex -53.2034 -17.2908 12
    endloop
  endfacet
  facet normal 0.737353 -0.675507 0
    outer loop
      vertex -53.2034 -17.2908 0
      vertex -53.3301 -17.4291 12
      vertex -53.3301 -17.4291 0
    endloop
  endfacet
  facet normal 0.924036 -0.382305 0
    outer loop
      vertex -53.7034 -18.0758 12
      vertex -53.6317 -17.9025 0
      vertex -53.6317 -17.9025 12
    endloop
  endfacet
  facet normal 0.924036 -0.382305 0
    outer loop
      vertex -53.6317 -17.9025 0
      vertex -53.7034 -18.0758 12
      vertex -53.7034 -18.0758 0
    endloop
  endfacet
  facet normal 0.537358 0.843354 -0
    outer loop
      vertex -52.7581 -20.6731 0
      vertex -52.9163 -20.5723 12
      vertex -52.7581 -20.6731 12
    endloop
  endfacet
  facet normal 0.537358 0.843354 0
    outer loop
      vertex -52.9163 -20.5723 12
      vertex -52.7581 -20.6731 0
      vertex -52.9163 -20.5723 0
    endloop
  endfacet
  facet normal 0.382305 0.924036 -0
    outer loop
      vertex -52.4184 -20.8314 0
      vertex -52.5917 -20.7597 12
      vertex -52.4184 -20.8314 12
    endloop
  endfacet
  facet normal 0.382305 0.924036 0
    outer loop
      vertex -52.5917 -20.7597 12
      vertex -52.4184 -20.8314 0
      vertex -52.5917 -20.7597 0
    endloop
  endfacet
  facet normal 0.793297 -0.608834 0
    outer loop
      vertex -53.4443 -17.5779 12
      vertex -53.3301 -17.4291 0
      vertex -53.3301 -17.4291 12
    endloop
  endfacet
  facet normal 0.793297 -0.608834 0
    outer loop
      vertex -53.3301 -17.4291 0
      vertex -53.4443 -17.5779 12
      vertex -53.4443 -17.5779 0
    endloop
  endfacet
  facet normal -0.991436 -0.130592 0
    outer loop
      vertex 20.9529 -51.4957 0
      vertex 20.9284 -51.3097 12
      vertex 20.9284 -51.3097 0
    endloop
  endfacet
  facet normal -0.991436 -0.130592 0
    outer loop
      vertex 20.9284 -51.3097 12
      vertex 20.9529 -51.4957 0
      vertex 20.9529 -51.4957 12
    endloop
  endfacet
  facet normal -0.999044 -0.0437148 0
    outer loop
      vertex 20.9611 -51.6831 0
      vertex 20.9529 -51.4957 12
      vertex 20.9529 -51.4957 0
    endloop
  endfacet
  facet normal -0.999044 -0.0437148 0
    outer loop
      vertex 20.9529 -51.4957 12
      vertex 20.9611 -51.6831 0
      vertex 20.9611 -51.6831 12
    endloop
  endfacet
  facet normal -0.976287 -0.216479 0
    outer loop
      vertex 20.9284 -51.3097 0
      vertex 20.8878 -51.1266 12
      vertex 20.8878 -51.1266 0
    endloop
  endfacet
  facet normal -0.976287 -0.216479 0
    outer loop
      vertex 20.8878 -51.1266 12
      vertex 20.9284 -51.3097 0
      vertex 20.9284 -51.3097 12
    endloop
  endfacet
  facet normal -0.953679 -0.300825 0
    outer loop
      vertex 20.8878 -51.1266 0
      vertex 20.8314 -50.9478 12
      vertex 20.8314 -50.9478 0
    endloop
  endfacet
  facet normal -0.953679 -0.300825 0
    outer loop
      vertex 20.8314 -50.9478 12
      vertex 20.8878 -51.1266 0
      vertex 20.8878 -51.1266 12
    endloop
  endfacet
  facet normal 0.608834 -0.793297 0
    outer loop
      vertex 17.4291 -50.0361 0
      vertex 17.5779 -49.9219 12
      vertex 17.4291 -50.0361 12
    endloop
  endfacet
  facet normal 0.608834 -0.793297 0
    outer loop
      vertex 17.5779 -49.9219 12
      vertex 17.4291 -50.0361 0
      vertex 17.5779 -49.9219 0
    endloop
  endfacet
  facet normal 0.300825 -0.953679 0
    outer loop
      vertex 18.0758 -49.6628 0
      vertex 18.2546 -49.6064 12
      vertex 18.0758 -49.6628 12
    endloop
  endfacet
  facet normal 0.300825 -0.953679 0
    outer loop
      vertex 18.2546 -49.6064 12
      vertex 18.0758 -49.6628 0
      vertex 18.2546 -49.6064 0
    endloop
  endfacet
  facet normal 0.608834 0.793297 -0
    outer loop
      vertex 17.5779 -53.4443 0
      vertex 17.4291 -53.3301 12
      vertex 17.5779 -53.4443 12
    endloop
  endfacet
  facet normal 0.608834 0.793297 0
    outer loop
      vertex 17.4291 -53.3301 12
      vertex 17.5779 -53.4443 0
      vertex 17.4291 -53.3301 0
    endloop
  endfacet
  facet normal -0.216479 -0.976287 0
    outer loop
      vertex 19.1845 -49.5658 0
      vertex 19.3676 -49.6064 12
      vertex 19.1845 -49.5658 12
    endloop
  endfacet
  facet normal -0.216479 -0.976287 -0
    outer loop
      vertex 19.3676 -49.6064 12
      vertex 19.1845 -49.5658 0
      vertex 19.3676 -49.6064 0
    endloop
  endfacet
  facet normal -0.300672 0.953728 0
    outer loop
      vertex 19.5465 -53.7034 0
      vertex 19.3676 -53.7598 12
      vertex 19.5465 -53.7034 12
    endloop
  endfacet
  facet normal -0.300672 0.953728 0
    outer loop
      vertex 19.3676 -53.7598 12
      vertex 19.5465 -53.7034 0
      vertex 19.3676 -53.7598 0
    endloop
  endfacet
  facet normal -0.130592 0.991436 0
    outer loop
      vertex 19.1845 -53.8004 0
      vertex 18.9985 -53.8249 12
      vertex 19.1845 -53.8004 12
    endloop
  endfacet
  facet normal -0.130592 0.991436 0
    outer loop
      vertex 18.9985 -53.8249 12
      vertex 19.1845 -53.8004 0
      vertex 18.9985 -53.8249 0
    endloop
  endfacet
  facet normal 0.976287 -0.216479 0
    outer loop
      vertex 16.6938 -51.3097 12
      vertex 16.7344 -51.1266 0
      vertex 16.7344 -51.1266 12
    endloop
  endfacet
  facet normal 0.976287 -0.216479 0
    outer loop
      vertex 16.7344 -51.1266 0
      vertex 16.6938 -51.3097 12
      vertex 16.6938 -51.3097 0
    endloop
  endfacet
  facet normal 0.886841 0.462074 0
    outer loop
      vertex 16.9492 -52.7581 12
      vertex 16.8625 -52.5917 0
      vertex 16.8625 -52.5917 12
    endloop
  endfacet
  facet normal 0.886841 0.462074 0
    outer loop
      vertex 16.8625 -52.5917 0
      vertex 16.9492 -52.7581 12
      vertex 16.9492 -52.7581 0
    endloop
  endfacet
  facet normal 0.300825 0.953679 -0
    outer loop
      vertex 18.2546 -53.7598 0
      vertex 18.0758 -53.7034 12
      vertex 18.2546 -53.7598 12
    endloop
  endfacet
  facet normal 0.300825 0.953679 0
    outer loop
      vertex 18.0758 -53.7034 12
      vertex 18.2546 -53.7598 0
      vertex 18.0758 -53.7034 0
    endloop
  endfacet
  facet normal 0.216366 -0.976312 0
    outer loop
      vertex 18.2546 -49.6064 0
      vertex 18.4378 -49.5658 12
      vertex 18.2546 -49.6064 12
    endloop
  endfacet
  facet normal 0.216366 -0.976312 0
    outer loop
      vertex 18.4378 -49.5658 12
      vertex 18.2546 -49.6064 0
      vertex 18.4378 -49.5658 0
    endloop
  endfacet
  facet normal -0.793297 0.608834 0
    outer loop
      vertex 20.4581 -53.0651 0
      vertex 20.5723 -52.9163 12
      vertex 20.5723 -52.9163 0
    endloop
  endfacet
  facet normal -0.793297 0.608834 0
    outer loop
      vertex 20.5723 -52.9163 12
      vertex 20.4581 -53.0651 0
      vertex 20.4581 -53.0651 12
    endloop
  endfacet
  facet normal -0.843354 -0.537358 0
    outer loop
      vertex 20.6731 -50.6081 0
      vertex 20.5723 -50.4499 12
      vertex 20.5723 -50.4499 0
    endloop
  endfacet
  facet normal -0.843354 -0.537358 0
    outer loop
      vertex 20.5723 -50.4499 12
      vertex 20.6731 -50.6081 0
      vertex 20.6731 -50.6081 12
    endloop
  endfacet
  facet normal 0.130661 -0.991427 0
    outer loop
      vertex 18.4378 -49.5658 0
      vertex 18.6237 -49.5413 12
      vertex 18.4378 -49.5658 12
    endloop
  endfacet
  facet normal 0.130661 -0.991427 0
    outer loop
      vertex 18.6237 -49.5413 12
      vertex 18.4378 -49.5658 0
      vertex 18.6237 -49.5413 0
    endloop
  endfacet
  facet normal 0.536979 0.843596 -0
    outer loop
      vertex 17.7361 -53.545 0
      vertex 17.5779 -53.4443 12
      vertex 17.7361 -53.545 12
    endloop
  endfacet
  facet normal 0.536979 0.843596 0
    outer loop
      vertex 17.5779 -53.4443 12
      vertex 17.7361 -53.545 0
      vertex 17.5779 -53.4443 0
    endloop
  endfacet
  facet normal -0.88706 0.461655 0
    outer loop
      vertex 20.6731 -52.7581 0
      vertex 20.7597 -52.5917 12
      vertex 20.7597 -52.5917 0
    endloop
  endfacet
  facet normal -0.88706 0.461655 0
    outer loop
      vertex 20.7597 -52.5917 12
      vertex 20.6731 -52.7581 0
      vertex 20.6731 -52.7581 12
    endloop
  endfacet
  facet normal -0.976312 0.216366 0
    outer loop
      vertex 20.8878 -52.2396 0
      vertex 20.9284 -52.0564 12
      vertex 20.9284 -52.0564 0
    endloop
  endfacet
  facet normal -0.976312 0.216366 0
    outer loop
      vertex 20.9284 -52.0564 12
      vertex 20.8878 -52.2396 0
      vertex 20.8878 -52.2396 12
    endloop
  endfacet
  facet normal -0.130592 -0.991436 0
    outer loop
      vertex 18.9985 -49.5413 0
      vertex 19.1845 -49.5658 12
      vertex 18.9985 -49.5413 12
    endloop
  endfacet
  facet normal -0.130592 -0.991436 -0
    outer loop
      vertex 19.1845 -49.5658 12
      vertex 18.9985 -49.5413 0
      vertex 19.1845 -49.5658 0
    endloop
  endfacet
  facet normal -0.924036 0.382305 0
    outer loop
      vertex 20.7597 -52.5917 0
      vertex 20.8314 -52.4184 12
      vertex 20.8314 -52.4184 0
    endloop
  endfacet
  facet normal -0.924036 0.382305 0
    outer loop
      vertex 20.8314 -52.4184 12
      vertex 20.7597 -52.5917 0
      vertex 20.7597 -52.5917 12
    endloop
  endfacet
  facet normal -0.461655 -0.88706 0
    outer loop
      vertex 19.7197 -49.7345 0
      vertex 19.8861 -49.8211 12
      vertex 19.7197 -49.7345 12
    endloop
  endfacet
  facet normal -0.461655 -0.88706 -0
    outer loop
      vertex 19.8861 -49.8211 12
      vertex 19.7197 -49.7345 0
      vertex 19.8861 -49.8211 0
    endloop
  endfacet
  facet normal -0.462074 0.886841 0
    outer loop
      vertex 19.8861 -53.545 0
      vertex 19.7197 -53.6317 12
      vertex 19.8861 -53.545 12
    endloop
  endfacet
  facet normal -0.462074 0.886841 0
    outer loop
      vertex 19.7197 -53.6317 12
      vertex 19.8861 -53.545 0
      vertex 19.7197 -53.6317 0
    endloop
  endfacet
  facet normal 0.976312 0.216366 0
    outer loop
      vertex 16.7344 -52.2396 12
      vertex 16.6938 -52.0564 0
      vertex 16.6938 -52.0564 12
    endloop
  endfacet
  facet normal 0.976312 0.216366 0
    outer loop
      vertex 16.6938 -52.0564 0
      vertex 16.7344 -52.2396 12
      vertex 16.7344 -52.2396 0
    endloop
  endfacet
  facet normal 0.953679 0.300825 0
    outer loop
      vertex 16.7908 -52.4184 12
      vertex 16.7344 -52.2396 0
      vertex 16.7344 -52.2396 12
    endloop
  endfacet
  facet normal 0.953679 0.300825 0
    outer loop
      vertex 16.7344 -52.2396 0
      vertex 16.7908 -52.4184 12
      vertex 16.7908 -52.4184 0
    endloop
  endfacet
  facet normal -0.793297 -0.608834 0
    outer loop
      vertex 20.5723 -50.4499 0
      vertex 20.4581 -50.3011 12
      vertex 20.4581 -50.3011 0
    endloop
  endfacet
  facet normal -0.793297 -0.608834 0
    outer loop
      vertex 20.4581 -50.3011 12
      vertex 20.5723 -50.4499 0
      vertex 20.5723 -50.4499 12
    endloop
  endfacet
  facet normal -0.382493 -0.923958 0
    outer loop
      vertex 19.5465 -49.6628 0
      vertex 19.7197 -49.7345 12
      vertex 19.5465 -49.6628 12
    endloop
  endfacet
  facet normal -0.382493 -0.923958 -0
    outer loop
      vertex 19.7197 -49.7345 12
      vertex 19.5465 -49.6628 0
      vertex 19.7197 -49.7345 0
    endloop
  endfacet
  facet normal 0.991436 -0.130592 0
    outer loop
      vertex 16.6693 -51.4957 12
      vertex 16.6938 -51.3097 0
      vertex 16.6938 -51.3097 12
    endloop
  endfacet
  facet normal 0.991436 -0.130592 0
    outer loop
      vertex 16.6938 -51.3097 0
      vertex 16.6693 -51.4957 12
      vertex 16.6693 -51.4957 0
    endloop
  endfacet
  facet normal 0.737353 -0.675507 0
    outer loop
      vertex 17.1641 -50.3011 12
      vertex 17.2908 -50.1628 0
      vertex 17.2908 -50.1628 12
    endloop
  endfacet
  facet normal 0.737353 -0.675507 0
    outer loop
      vertex 17.2908 -50.1628 0
      vertex 17.1641 -50.3011 12
      vertex 17.1641 -50.3011 0
    endloop
  endfacet
  facet normal -0.300672 -0.953728 0
    outer loop
      vertex 19.3676 -49.6064 0
      vertex 19.5465 -49.6628 12
      vertex 19.3676 -49.6064 12
    endloop
  endfacet
  facet normal -0.300672 -0.953728 -0
    outer loop
      vertex 19.5465 -49.6628 12
      vertex 19.3676 -49.6064 0
      vertex 19.5465 -49.6628 0
    endloop
  endfacet
  facet normal 0.382305 -0.924036 0
    outer loop
      vertex 17.9025 -49.7345 0
      vertex 18.0758 -49.6628 12
      vertex 17.9025 -49.7345 12
    endloop
  endfacet
  facet normal 0.382305 -0.924036 0
    outer loop
      vertex 18.0758 -49.6628 12
      vertex 17.9025 -49.7345 0
      vertex 18.0758 -49.6628 0
    endloop
  endfacet
  facet normal 0.793297 0.608834 0
    outer loop
      vertex 17.1641 -53.0651 12
      vertex 17.0499 -52.9163 0
      vertex 17.0499 -52.9163 12
    endloop
  endfacet
  facet normal 0.793297 0.608834 0
    outer loop
      vertex 17.0499 -52.9163 0
      vertex 17.1641 -53.0651 12
      vertex 17.1641 -53.0651 0
    endloop
  endfacet
  facet normal 0.537358 -0.843354 0
    outer loop
      vertex 17.5779 -49.9219 0
      vertex 17.7361 -49.8211 12
      vertex 17.5779 -49.9219 12
    endloop
  endfacet
  facet normal 0.537358 -0.843354 0
    outer loop
      vertex 17.7361 -49.8211 12
      vertex 17.5779 -49.9219 0
      vertex 17.7361 -49.8211 0
    endloop
  endfacet
  facet normal 0.216366 0.976312 -0
    outer loop
      vertex 18.4378 -53.8004 0
      vertex 18.2546 -53.7598 12
      vertex 18.4378 -53.8004 12
    endloop
  endfacet
  facet normal 0.216366 0.976312 0
    outer loop
      vertex 18.2546 -53.7598 12
      vertex 18.4378 -53.8004 0
      vertex 18.2546 -53.7598 0
    endloop
  endfacet
  facet normal -0.924036 -0.382305 0
    outer loop
      vertex 20.8314 -50.9478 0
      vertex 20.7597 -50.7745 12
      vertex 20.7597 -50.7745 0
    endloop
  endfacet
  facet normal -0.924036 -0.382305 0
    outer loop
      vertex 20.7597 -50.7745 12
      vertex 20.8314 -50.9478 0
      vertex 20.8314 -50.9478 12
    endloop
  endfacet
  facet normal -0.608834 -0.793297 0
    outer loop
      vertex 20.0443 -49.9219 0
      vertex 20.1931 -50.0361 12
      vertex 20.0443 -49.9219 12
    endloop
  endfacet
  facet normal -0.608834 -0.793297 -0
    outer loop
      vertex 20.1931 -50.0361 12
      vertex 20.0443 -49.9219 0
      vertex 20.1931 -50.0361 0
    endloop
  endfacet
  facet normal -0.0437148 0.999044 0
    outer loop
      vertex 18.9985 -53.8249 0
      vertex 18.8111 -53.8331 12
      vertex 18.9985 -53.8249 12
    endloop
  endfacet
  facet normal -0.0437148 0.999044 0
    outer loop
      vertex 18.8111 -53.8331 12
      vertex 18.9985 -53.8249 0
      vertex 18.8111 -53.8331 0
    endloop
  endfacet
  facet normal -0.953679 0.300825 0
    outer loop
      vertex 20.8314 -52.4184 0
      vertex 20.8878 -52.2396 12
      vertex 20.8878 -52.2396 0
    endloop
  endfacet
  facet normal -0.953679 0.300825 0
    outer loop
      vertex 20.8878 -52.2396 12
      vertex 20.8314 -52.4184 0
      vertex 20.8314 -52.4184 12
    endloop
  endfacet
  facet normal -0.537358 -0.843354 0
    outer loop
      vertex 19.8861 -49.8211 0
      vertex 20.0443 -49.9219 12
      vertex 19.8861 -49.8211 12
    endloop
  endfacet
  facet normal -0.537358 -0.843354 -0
    outer loop
      vertex 20.0443 -49.9219 12
      vertex 19.8861 -49.8211 0
      vertex 20.0443 -49.9219 0
    endloop
  endfacet
  facet normal -0.843354 0.537358 0
    outer loop
      vertex 20.5723 -52.9163 0
      vertex 20.6731 -52.7581 12
      vertex 20.6731 -52.7581 0
    endloop
  endfacet
  facet normal -0.843354 0.537358 0
    outer loop
      vertex 20.6731 -52.7581 12
      vertex 20.5723 -52.9163 0
      vertex 20.5723 -52.9163 12
    endloop
  endfacet
  facet normal 0.675507 -0.737353 0
    outer loop
      vertex 17.2908 -50.1628 0
      vertex 17.4291 -50.0361 12
      vertex 17.2908 -50.1628 12
    endloop
  endfacet
  facet normal 0.675507 -0.737353 0
    outer loop
      vertex 17.4291 -50.0361 12
      vertex 17.2908 -50.1628 0
      vertex 17.4291 -50.0361 0
    endloop
  endfacet
  facet normal 0.0437148 -0.999044 0
    outer loop
      vertex 18.6237 -49.5413 0
      vertex 18.8111 -49.5331 12
      vertex 18.6237 -49.5413 12
    endloop
  endfacet
  facet normal 0.0437148 -0.999044 0
    outer loop
      vertex 18.8111 -49.5331 12
      vertex 18.6237 -49.5413 0
      vertex 18.8111 -49.5331 0
    endloop
  endfacet
  facet normal 0.0437148 0.999044 -0
    outer loop
      vertex 18.8111 -53.8331 0
      vertex 18.6237 -53.8249 12
      vertex 18.8111 -53.8331 12
    endloop
  endfacet
  facet normal 0.0437148 0.999044 0
    outer loop
      vertex 18.6237 -53.8249 12
      vertex 18.8111 -53.8331 0
      vertex 18.6237 -53.8249 0
    endloop
  endfacet
  facet normal 0.843596 -0.536979 0
    outer loop
      vertex 16.9492 -50.6081 12
      vertex 17.0499 -50.4499 0
      vertex 17.0499 -50.4499 12
    endloop
  endfacet
  facet normal 0.843596 -0.536979 0
    outer loop
      vertex 17.0499 -50.4499 0
      vertex 16.9492 -50.6081 12
      vertex 16.9492 -50.6081 0
    endloop
  endfacet
  facet normal 0.953679 -0.300825 0
    outer loop
      vertex 16.7344 -51.1266 12
      vertex 16.7908 -50.9478 0
      vertex 16.7908 -50.9478 12
    endloop
  endfacet
  facet normal 0.953679 -0.300825 0
    outer loop
      vertex 16.7908 -50.9478 0
      vertex 16.7344 -51.1266 12
      vertex 16.7344 -51.1266 0
    endloop
  endfacet
  facet normal -0.737353 -0.675507 0
    outer loop
      vertex 20.4581 -50.3011 0
      vertex 20.3314 -50.1628 12
      vertex 20.3314 -50.1628 0
    endloop
  endfacet
  facet normal -0.737353 -0.675507 0
    outer loop
      vertex 20.3314 -50.1628 12
      vertex 20.4581 -50.3011 0
      vertex 20.4581 -50.3011 12
    endloop
  endfacet
  facet normal -0.88706 -0.461655 0
    outer loop
      vertex 20.7597 -50.7745 0
      vertex 20.6731 -50.6081 12
      vertex 20.6731 -50.6081 0
    endloop
  endfacet
  facet normal -0.88706 -0.461655 0
    outer loop
      vertex 20.6731 -50.6081 12
      vertex 20.7597 -50.7745 0
      vertex 20.7597 -50.7745 12
    endloop
  endfacet
  facet normal -0.999044 0.0437148 0
    outer loop
      vertex 20.9529 -51.8705 0
      vertex 20.9611 -51.6831 12
      vertex 20.9611 -51.6831 0
    endloop
  endfacet
  facet normal -0.999044 0.0437148 0
    outer loop
      vertex 20.9611 -51.6831 12
      vertex 20.9529 -51.8705 0
      vertex 20.9529 -51.8705 12
    endloop
  endfacet
  facet normal 0.382305 0.924036 -0
    outer loop
      vertex 18.0758 -53.7034 0
      vertex 17.9025 -53.6317 12
      vertex 18.0758 -53.7034 12
    endloop
  endfacet
  facet normal 0.382305 0.924036 0
    outer loop
      vertex 17.9025 -53.6317 12
      vertex 18.0758 -53.7034 0
      vertex 17.9025 -53.6317 0
    endloop
  endfacet
  facet normal -0.991427 0.130661 0
    outer loop
      vertex 20.9284 -52.0564 0
      vertex 20.9529 -51.8705 12
      vertex 20.9529 -51.8705 0
    endloop
  endfacet
  facet normal -0.991427 0.130661 0
    outer loop
      vertex 20.9529 -51.8705 12
      vertex 20.9284 -52.0564 0
      vertex 20.9284 -52.0564 12
    endloop
  endfacet
  facet normal -0.536979 0.843596 0
    outer loop
      vertex 20.0443 -53.4443 0
      vertex 19.8861 -53.545 12
      vertex 20.0443 -53.4443 12
    endloop
  endfacet
  facet normal -0.536979 0.843596 0
    outer loop
      vertex 19.8861 -53.545 12
      vertex 20.0443 -53.4443 0
      vertex 19.8861 -53.545 0
    endloop
  endfacet
  facet normal 0.737353 0.675507 0
    outer loop
      vertex 17.2908 -53.2034 12
      vertex 17.1641 -53.0651 0
      vertex 17.1641 -53.0651 12
    endloop
  endfacet
  facet normal 0.737353 0.675507 0
    outer loop
      vertex 17.1641 -53.0651 0
      vertex 17.2908 -53.2034 12
      vertex 17.2908 -53.2034 0
    endloop
  endfacet
  facet normal -0.0437148 -0.999044 0
    outer loop
      vertex 18.8111 -49.5331 0
      vertex 18.9985 -49.5413 12
      vertex 18.8111 -49.5331 12
    endloop
  endfacet
  facet normal -0.0437148 -0.999044 -0
    outer loop
      vertex 18.9985 -49.5413 12
      vertex 18.8111 -49.5331 0
      vertex 18.9985 -49.5413 0
    endloop
  endfacet
  facet normal 0.462074 0.886841 -0
    outer loop
      vertex 17.9025 -53.6317 0
      vertex 17.7361 -53.545 12
      vertex 17.9025 -53.6317 12
    endloop
  endfacet
  facet normal 0.462074 0.886841 0
    outer loop
      vertex 17.7361 -53.545 12
      vertex 17.9025 -53.6317 0
      vertex 17.7361 -53.545 0
    endloop
  endfacet
  facet normal 0.924036 0.382305 0
    outer loop
      vertex 16.8625 -52.5917 12
      vertex 16.7908 -52.4184 0
      vertex 16.7908 -52.4184 12
    endloop
  endfacet
  facet normal 0.924036 0.382305 0
    outer loop
      vertex 16.7908 -52.4184 0
      vertex 16.8625 -52.5917 12
      vertex 16.8625 -52.5917 0
    endloop
  endfacet
  facet normal 0.675507 0.737353 -0
    outer loop
      vertex 17.4291 -53.3301 0
      vertex 17.2908 -53.2034 12
      vertex 17.4291 -53.3301 12
    endloop
  endfacet
  facet normal 0.675507 0.737353 0
    outer loop
      vertex 17.2908 -53.2034 12
      vertex 17.4291 -53.3301 0
      vertex 17.2908 -53.2034 0
    endloop
  endfacet
  facet normal -0.382493 0.923958 0
    outer loop
      vertex 19.7197 -53.6317 0
      vertex 19.5465 -53.7034 12
      vertex 19.7197 -53.6317 12
    endloop
  endfacet
  facet normal -0.382493 0.923958 0
    outer loop
      vertex 19.5465 -53.7034 12
      vertex 19.7197 -53.6317 0
      vertex 19.5465 -53.7034 0
    endloop
  endfacet
  facet normal 0.991427 0.130661 0
    outer loop
      vertex 16.6938 -52.0564 12
      vertex 16.6693 -51.8705 0
      vertex 16.6693 -51.8705 12
    endloop
  endfacet
  facet normal 0.991427 0.130661 0
    outer loop
      vertex 16.6693 -51.8705 0
      vertex 16.6938 -52.0564 12
      vertex 16.6938 -52.0564 0
    endloop
  endfacet
  facet normal -0.675507 -0.737353 0
    outer loop
      vertex 20.1931 -50.0361 0
      vertex 20.3314 -50.1628 12
      vertex 20.1931 -50.0361 12
    endloop
  endfacet
  facet normal -0.675507 -0.737353 -0
    outer loop
      vertex 20.3314 -50.1628 12
      vertex 20.1931 -50.0361 0
      vertex 20.3314 -50.1628 0
    endloop
  endfacet
  facet normal 0.999044 0.0437148 0
    outer loop
      vertex 16.6693 -51.8705 12
      vertex 16.6611 -51.6831 0
      vertex 16.6611 -51.6831 12
    endloop
  endfacet
  facet normal 0.999044 0.0437148 0
    outer loop
      vertex 16.6611 -51.6831 0
      vertex 16.6693 -51.8705 12
      vertex 16.6693 -51.8705 0
    endloop
  endfacet
  facet normal 0.843596 0.536979 0
    outer loop
      vertex 17.0499 -52.9163 12
      vertex 16.9492 -52.7581 0
      vertex 16.9492 -52.7581 12
    endloop
  endfacet
  facet normal 0.843596 0.536979 0
    outer loop
      vertex 16.9492 -52.7581 0
      vertex 17.0499 -52.9163 12
      vertex 17.0499 -52.9163 0
    endloop
  endfacet
  facet normal -0.216479 0.976287 0
    outer loop
      vertex 19.3676 -53.7598 0
      vertex 19.1845 -53.8004 12
      vertex 19.3676 -53.7598 12
    endloop
  endfacet
  facet normal -0.216479 0.976287 0
    outer loop
      vertex 19.1845 -53.8004 12
      vertex 19.3676 -53.7598 0
      vertex 19.1845 -53.8004 0
    endloop
  endfacet
  facet normal 0.461655 -0.88706 0
    outer loop
      vertex 17.7361 -49.8211 0
      vertex 17.9025 -49.7345 12
      vertex 17.7361 -49.8211 12
    endloop
  endfacet
  facet normal 0.461655 -0.88706 0
    outer loop
      vertex 17.9025 -49.7345 12
      vertex 17.7361 -49.8211 0
      vertex 17.9025 -49.7345 0
    endloop
  endfacet
  facet normal -0.608834 0.793297 0
    outer loop
      vertex 20.1931 -53.3301 0
      vertex 20.0443 -53.4443 12
      vertex 20.1931 -53.3301 12
    endloop
  endfacet
  facet normal -0.608834 0.793297 0
    outer loop
      vertex 20.0443 -53.4443 12
      vertex 20.1931 -53.3301 0
      vertex 20.0443 -53.4443 0
    endloop
  endfacet
  facet normal 0.999044 -0.0437148 0
    outer loop
      vertex 16.6611 -51.6831 12
      vertex 16.6693 -51.4957 0
      vertex 16.6693 -51.4957 12
    endloop
  endfacet
  facet normal 0.999044 -0.0437148 0
    outer loop
      vertex 16.6693 -51.4957 0
      vertex 16.6611 -51.6831 12
      vertex 16.6611 -51.6831 0
    endloop
  endfacet
  facet normal -0.737353 0.675507 0
    outer loop
      vertex 20.3314 -53.2034 0
      vertex 20.4581 -53.0651 12
      vertex 20.4581 -53.0651 0
    endloop
  endfacet
  facet normal -0.737353 0.675507 0
    outer loop
      vertex 20.4581 -53.0651 12
      vertex 20.3314 -53.2034 0
      vertex 20.3314 -53.2034 12
    endloop
  endfacet
  facet normal 0.130661 0.991427 -0
    outer loop
      vertex 18.6237 -53.8249 0
      vertex 18.4378 -53.8004 12
      vertex 18.6237 -53.8249 12
    endloop
  endfacet
  facet normal 0.130661 0.991427 0
    outer loop
      vertex 18.4378 -53.8004 12
      vertex 18.6237 -53.8249 0
      vertex 18.4378 -53.8004 0
    endloop
  endfacet
  facet normal -0.675507 0.737353 0
    outer loop
      vertex 20.3314 -53.2034 0
      vertex 20.1931 -53.3301 12
      vertex 20.3314 -53.2034 12
    endloop
  endfacet
  facet normal -0.675507 0.737353 0
    outer loop
      vertex 20.1931 -53.3301 12
      vertex 20.3314 -53.2034 0
      vertex 20.1931 -53.3301 0
    endloop
  endfacet
  facet normal 0.886841 -0.462074 0
    outer loop
      vertex 16.8625 -50.7745 12
      vertex 16.9492 -50.6081 0
      vertex 16.9492 -50.6081 12
    endloop
  endfacet
  facet normal 0.886841 -0.462074 0
    outer loop
      vertex 16.9492 -50.6081 0
      vertex 16.8625 -50.7745 12
      vertex 16.8625 -50.7745 0
    endloop
  endfacet
  facet normal 0.924036 -0.382305 0
    outer loop
      vertex 16.7908 -50.9478 12
      vertex 16.8625 -50.7745 0
      vertex 16.8625 -50.7745 12
    endloop
  endfacet
  facet normal 0.924036 -0.382305 0
    outer loop
      vertex 16.8625 -50.7745 0
      vertex 16.7908 -50.9478 12
      vertex 16.7908 -50.9478 0
    endloop
  endfacet
  facet normal 0.793297 -0.608834 0
    outer loop
      vertex 17.0499 -50.4499 12
      vertex 17.1641 -50.3011 0
      vertex 17.1641 -50.3011 12
    endloop
  endfacet
  facet normal 0.793297 -0.608834 0
    outer loop
      vertex 17.1641 -50.3011 0
      vertex 17.0499 -50.4499 12
      vertex 17.0499 -50.4499 0
    endloop
  endfacet
  facet normal -0.991468 -0.130351 0
    outer loop
      vertex 61.7433 0.152522 0
      vertex 61.7234 0.303884 12
      vertex 61.7234 0.303884 0
    endloop
  endfacet
  facet normal -0.991468 -0.130351 0
    outer loop
      vertex 61.7234 0.303884 12
      vertex 61.7433 0.152522 0
      vertex 61.7433 0.152522 12
    endloop
  endfacet
  facet normal -0.999037 -0.0438858 0
    outer loop
      vertex 61.75 0 0
      vertex 61.7433 0.152522 12
      vertex 61.7433 0.152522 0
    endloop
  endfacet
  facet normal -0.999037 -0.0438858 0
    outer loop
      vertex 61.7433 0.152522 12
      vertex 61.75 0 0
      vertex 61.75 0 12
    endloop
  endfacet
  facet normal -0.976356 -0.216169 0
    outer loop
      vertex 61.7234 0.303884 0
      vertex 61.6904 0.452933 12
      vertex 61.6904 0.452933 0
    endloop
  endfacet
  facet normal -0.976356 -0.216169 0
    outer loop
      vertex 61.6904 0.452933 12
      vertex 61.7234 0.303884 0
      vertex 61.7234 0.303884 12
    endloop
  endfacet
  facet normal -0.843478 -0.537164 0
    outer loop
      vertex 61.5155 0.875 0
      vertex 61.4335 1.00376 12
      vertex 61.4335 1.00376 0
    endloop
  endfacet
  facet normal -0.843478 -0.537164 0
    outer loop
      vertex 61.4335 1.00376 12
      vertex 61.5155 0.875 0
      vertex 61.5155 0.875 12
    endloop
  endfacet
  facet normal 0.461827 -0.88697 0
    outer loop
      vertex 59.125 1.51554 0
      vertex 59.2604 1.58604 12
      vertex 59.125 1.51554 12
    endloop
  endfacet
  facet normal 0.461827 -0.88697 0
    outer loop
      vertex 59.2604 1.58604 12
      vertex 59.125 1.51554 0
      vertex 59.2604 1.58604 0
    endloop
  endfacet
  facet normal 0.999037 -0.0438858 0
    outer loop
      vertex 58.25 0 12
      vertex 58.2567 0.152522 0
      vertex 58.2567 0.152522 12
    endloop
  endfacet
  facet normal 0.999037 -0.0438858 0
    outer loop
      vertex 58.2567 0.152522 0
      vertex 58.25 0 12
      vertex 58.25 0 0
    endloop
  endfacet
  facet normal -0.923702 -0.383113 0
    outer loop
      vertex 61.6445 0.598535 0
      vertex 61.586 0.739581 12
      vertex 61.586 0.739581 0
    endloop
  endfacet
  facet normal -0.923702 -0.383113 0
    outer loop
      vertex 61.586 0.739581 12
      vertex 61.6445 0.598535 0
      vertex 61.6445 0.598535 12
    endloop
  endfacet
  facet normal 0.953732 -0.300657 0
    outer loop
      vertex 58.3096 0.452933 12
      vertex 58.3555 0.598535 0
      vertex 58.3555 0.598535 12
    endloop
  endfacet
  facet normal 0.953732 -0.300657 0
    outer loop
      vertex 58.3555 0.598535 0
      vertex 58.3096 0.452933 12
      vertex 58.3096 0.452933 0
    endloop
  endfacet
  facet normal 0.130512 0.991447 -0
    outer loop
      vertex 59.8475 -1.74334 0
      vertex 59.6961 -1.72341 12
      vertex 59.8475 -1.74334 12
    endloop
  endfacet
  facet normal 0.130512 0.991447 0
    outer loop
      vertex 59.6961 -1.72341 12
      vertex 59.8475 -1.74334 0
      vertex 59.6961 -1.72341 0
    endloop
  endfacet
  facet normal 0.0436305 -0.999048 0
    outer loop
      vertex 59.8475 1.74334 0
      vertex 60 1.75 12
      vertex 59.8475 1.74334 12
    endloop
  endfacet
  facet normal 0.0436305 -0.999048 0
    outer loop
      vertex 60 1.75 12
      vertex 59.8475 1.74334 0
      vertex 60 1.75 0
    endloop
  endfacet
  facet normal 0.537138 0.843494 -0
    outer loop
      vertex 59.125 -1.51554 0
      vertex 58.9962 -1.43352 12
      vertex 59.125 -1.51554 12
    endloop
  endfacet
  facet normal 0.537138 0.843494 0
    outer loop
      vertex 58.9962 -1.43352 12
      vertex 59.125 -1.51554 0
      vertex 58.9962 -1.43352 0
    endloop
  endfacet
  facet normal 0.953732 0.300657 0
    outer loop
      vertex 58.3555 -0.598535 12
      vertex 58.3096 -0.452933 0
      vertex 58.3096 -0.452933 12
    endloop
  endfacet
  facet normal 0.953732 0.300657 0
    outer loop
      vertex 58.3096 -0.452933 0
      vertex 58.3555 -0.598535 12
      vertex 58.3555 -0.598535 0
    endloop
  endfacet
  facet normal 0.60883 0.7933 -0
    outer loop
      vertex 58.9962 -1.43352 0
      vertex 58.8751 -1.34058 12
      vertex 58.9962 -1.43352 12
    endloop
  endfacet
  facet normal 0.60883 0.7933 0
    outer loop
      vertex 58.8751 -1.34058 12
      vertex 58.9962 -1.43352 0
      vertex 58.8751 -1.34058 0
    endloop
  endfacet
  facet normal 0.537138 -0.843494 0
    outer loop
      vertex 58.9962 1.43352 0
      vertex 59.125 1.51554 12
      vertex 58.9962 1.43352 12
    endloop
  endfacet
  facet normal 0.537138 -0.843494 0
    outer loop
      vertex 59.125 1.51554 12
      vertex 58.9962 1.43352 0
      vertex 59.125 1.51554 0
    endloop
  endfacet
  facet normal -0.382541 -0.923939 0
    outer loop
      vertex 60.5985 1.64446 0
      vertex 60.7396 1.58604 12
      vertex 60.5985 1.64446 12
    endloop
  endfacet
  facet normal -0.382541 -0.923939 -0
    outer loop
      vertex 60.7396 1.58604 12
      vertex 60.5985 1.64446 0
      vertex 60.7396 1.58604 0
    endloop
  endfacet
  facet normal -0.737089 0.675796 0
    outer loop
      vertex 61.2374 -1.23744 0
      vertex 61.3406 -1.12488 12
      vertex 61.3406 -1.12488 0
    endloop
  endfacet
  facet normal -0.737089 0.675796 0
    outer loop
      vertex 61.3406 -1.12488 12
      vertex 61.2374 -1.23744 0
      vertex 61.2374 -1.23744 12
    endloop
  endfacet
  facet normal 0.976356 0.216169 0
    outer loop
      vertex 58.3096 -0.452933 12
      vertex 58.2766 -0.303884 0
      vertex 58.2766 -0.303884 12
    endloop
  endfacet
  facet normal 0.976356 0.216169 0
    outer loop
      vertex 58.2766 -0.303884 0
      vertex 58.3096 -0.452933 12
      vertex 58.3096 -0.452933 0
    endloop
  endfacet
  facet normal -0.793476 -0.608602 0
    outer loop
      vertex 61.4335 1.00376 0
      vertex 61.3406 1.12488 12
      vertex 61.3406 1.12488 0
    endloop
  endfacet
  facet normal -0.793476 -0.608602 0
    outer loop
      vertex 61.3406 1.12488 12
      vertex 61.4335 1.00376 0
      vertex 61.4335 1.00376 12
    endloop
  endfacet
  facet normal -0.675778 0.737105 0
    outer loop
      vertex 61.2374 -1.23744 0
      vertex 61.1249 -1.34058 12
      vertex 61.2374 -1.23744 12
    endloop
  endfacet
  facet normal -0.675778 0.737105 0
    outer loop
      vertex 61.1249 -1.34058 12
      vertex 61.2374 -1.23744 0
      vertex 61.1249 -1.34058 0
    endloop
  endfacet
  facet normal -0.976356 0.216169 0
    outer loop
      vertex 61.6904 -0.452933 0
      vertex 61.7234 -0.303884 12
      vertex 61.7234 -0.303884 0
    endloop
  endfacet
  facet normal -0.976356 0.216169 0
    outer loop
      vertex 61.7234 -0.303884 12
      vertex 61.6904 -0.452933 0
      vertex 61.6904 -0.452933 12
    endloop
  endfacet
  facet normal -0.793476 0.608602 0
    outer loop
      vertex 61.3406 -1.12488 0
      vertex 61.4335 -1.00376 12
      vertex 61.4335 -1.00376 0
    endloop
  endfacet
  facet normal -0.793476 0.608602 0
    outer loop
      vertex 61.4335 -1.00376 12
      vertex 61.3406 -1.12488 0
      vertex 61.3406 -1.12488 12
    endloop
  endfacet
  facet normal 0.675778 -0.737105 0
    outer loop
      vertex 58.7626 1.23744 0
      vertex 58.8751 1.34058 12
      vertex 58.7626 1.23744 12
    endloop
  endfacet
  facet normal 0.675778 -0.737105 0
    outer loop
      vertex 58.8751 1.34058 12
      vertex 58.7626 1.23744 0
      vertex 58.8751 1.34058 0
    endloop
  endfacet
  facet normal 0.300721 0.953712 -0
    outer loop
      vertex 59.5471 -1.69037 0
      vertex 59.4015 -1.64446 12
      vertex 59.5471 -1.69037 12
    endloop
  endfacet
  facet normal 0.300721 0.953712 0
    outer loop
      vertex 59.4015 -1.64446 12
      vertex 59.5471 -1.69037 0
      vertex 59.4015 -1.64446 0
    endloop
  endfacet
  facet normal 0.300721 -0.953712 0
    outer loop
      vertex 59.4015 1.64446 0
      vertex 59.5471 1.69037 12
      vertex 59.4015 1.64446 12
    endloop
  endfacet
  facet normal 0.300721 -0.953712 0
    outer loop
      vertex 59.5471 1.69037 12
      vertex 59.4015 1.64446 0
      vertex 59.5471 1.69037 0
    endloop
  endfacet
  facet normal 0.60883 -0.7933 0
    outer loop
      vertex 58.8751 1.34058 0
      vertex 58.9962 1.43352 12
      vertex 58.8751 1.34058 12
    endloop
  endfacet
  facet normal 0.60883 -0.7933 0
    outer loop
      vertex 58.9962 1.43352 12
      vertex 58.8751 1.34058 0
      vertex 58.9962 1.43352 0
    endloop
  endfacet
  facet normal 0.461827 0.88697 -0
    outer loop
      vertex 59.2604 -1.58604 0
      vertex 59.125 -1.51554 12
      vertex 59.2604 -1.58604 12
    endloop
  endfacet
  facet normal 0.461827 0.88697 0
    outer loop
      vertex 59.125 -1.51554 12
      vertex 59.2604 -1.58604 0
      vertex 59.125 -1.51554 0
    endloop
  endfacet
  facet normal -0.991468 0.130351 0
    outer loop
      vertex 61.7234 -0.303884 0
      vertex 61.7433 -0.152522 12
      vertex 61.7433 -0.152522 0
    endloop
  endfacet
  facet normal -0.991468 0.130351 0
    outer loop
      vertex 61.7433 -0.152522 12
      vertex 61.7234 -0.303884 0
      vertex 61.7234 -0.303884 12
    endloop
  endfacet
  facet normal -0.300721 -0.953712 0
    outer loop
      vertex 60.4529 1.69037 0
      vertex 60.5985 1.64446 12
      vertex 60.4529 1.69037 12
    endloop
  endfacet
  facet normal -0.300721 -0.953712 -0
    outer loop
      vertex 60.5985 1.64446 12
      vertex 60.4529 1.69037 0
      vertex 60.5985 1.64446 0
    endloop
  endfacet
  facet normal 0.382541 -0.923939 0
    outer loop
      vertex 59.2604 1.58604 0
      vertex 59.4015 1.64446 12
      vertex 59.2604 1.58604 12
    endloop
  endfacet
  facet normal 0.382541 -0.923939 0
    outer loop
      vertex 59.4015 1.64446 12
      vertex 59.2604 1.58604 0
      vertex 59.4015 1.64446 0
    endloop
  endfacet
  facet normal -0.923702 0.383113 0
    outer loop
      vertex 61.586 -0.739581 0
      vertex 61.6445 -0.598535 12
      vertex 61.6445 -0.598535 0
    endloop
  endfacet
  facet normal -0.923702 0.383113 0
    outer loop
      vertex 61.6445 -0.598535 12
      vertex 61.586 -0.739581 0
      vertex 61.586 -0.739581 12
    endloop
  endfacet
  facet normal -0.843478 0.537164 0
    outer loop
      vertex 61.4335 -1.00376 0
      vertex 61.5155 -0.875 12
      vertex 61.5155 -0.875 0
    endloop
  endfacet
  facet normal -0.843478 0.537164 0
    outer loop
      vertex 61.5155 -0.875 12
      vertex 61.4335 -1.00376 0
      vertex 61.4335 -1.00376 12
    endloop
  endfacet
  facet normal -0.537138 -0.843494 0
    outer loop
      vertex 60.875 1.51554 0
      vertex 61.0038 1.43352 12
      vertex 60.875 1.51554 12
    endloop
  endfacet
  facet normal -0.537138 -0.843494 -0
    outer loop
      vertex 61.0038 1.43352 12
      vertex 60.875 1.51554 0
      vertex 61.0038 1.43352 0
    endloop
  endfacet
  facet normal 0.991468 -0.130351 0
    outer loop
      vertex 58.2567 0.152522 12
      vertex 58.2766 0.303884 0
      vertex 58.2766 0.303884 12
    endloop
  endfacet
  facet normal 0.991468 -0.130351 0
    outer loop
      vertex 58.2766 0.303884 0
      vertex 58.2567 0.152522 12
      vertex 58.2567 0.152522 0
    endloop
  endfacet
  facet normal -0.537138 0.843494 0
    outer loop
      vertex 61.0038 -1.43352 0
      vertex 60.875 -1.51554 12
      vertex 61.0038 -1.43352 12
    endloop
  endfacet
  facet normal -0.537138 0.843494 0
    outer loop
      vertex 60.875 -1.51554 12
      vertex 61.0038 -1.43352 0
      vertex 60.875 -1.51554 0
    endloop
  endfacet
  facet normal 0.976356 -0.216169 0
    outer loop
      vertex 58.2766 0.303884 12
      vertex 58.3096 0.452933 0
      vertex 58.3096 0.452933 12
    endloop
  endfacet
  facet normal 0.976356 -0.216169 0
    outer loop
      vertex 58.3096 0.452933 0
      vertex 58.2766 0.303884 12
      vertex 58.2766 0.303884 0
    endloop
  endfacet
  facet normal 0.737089 0.675796 0
    outer loop
      vertex 58.7626 -1.23744 12
      vertex 58.6594 -1.12488 0
      vertex 58.6594 -1.12488 12
    endloop
  endfacet
  facet normal 0.737089 0.675796 0
    outer loop
      vertex 58.6594 -1.12488 0
      vertex 58.7626 -1.23744 12
      vertex 58.7626 -1.23744 0
    endloop
  endfacet
  facet normal 0.886997 0.461776 0
    outer loop
      vertex 58.4845 -0.875 12
      vertex 58.414 -0.739581 0
      vertex 58.414 -0.739581 12
    endloop
  endfacet
  facet normal 0.886997 0.461776 0
    outer loop
      vertex 58.414 -0.739581 0
      vertex 58.4845 -0.875 12
      vertex 58.4845 -0.875 0
    endloop
  endfacet
  facet normal -0.60883 -0.7933 0
    outer loop
      vertex 61.0038 1.43352 0
      vertex 61.1249 1.34058 12
      vertex 61.0038 1.43352 12
    endloop
  endfacet
  facet normal -0.60883 -0.7933 -0
    outer loop
      vertex 61.1249 1.34058 12
      vertex 61.0038 1.43352 0
      vertex 61.1249 1.34058 0
    endloop
  endfacet
  facet normal -0.953732 -0.300657 0
    outer loop
      vertex 61.6904 0.452933 0
      vertex 61.6445 0.598535 12
      vertex 61.6445 0.598535 0
    endloop
  endfacet
  facet normal -0.953732 -0.300657 0
    outer loop
      vertex 61.6445 0.598535 12
      vertex 61.6904 0.452933 0
      vertex 61.6904 0.452933 12
    endloop
  endfacet
  facet normal -0.130512 0.991447 0
    outer loop
      vertex 60.3039 -1.72341 0
      vertex 60.1525 -1.74334 12
      vertex 60.3039 -1.72341 12
    endloop
  endfacet
  facet normal -0.130512 0.991447 0
    outer loop
      vertex 60.1525 -1.74334 12
      vertex 60.3039 -1.72341 0
      vertex 60.1525 -1.74334 0
    endloop
  endfacet
  facet normal -0.675778 -0.737105 0
    outer loop
      vertex 61.1249 1.34058 0
      vertex 61.2374 1.23744 12
      vertex 61.1249 1.34058 12
    endloop
  endfacet
  facet normal -0.675778 -0.737105 -0
    outer loop
      vertex 61.2374 1.23744 12
      vertex 61.1249 1.34058 0
      vertex 61.2374 1.23744 0
    endloop
  endfacet
  facet normal -0.216486 0.976286 0
    outer loop
      vertex 60.4529 -1.69037 0
      vertex 60.3039 -1.72341 12
      vertex 60.4529 -1.69037 12
    endloop
  endfacet
  facet normal -0.216486 0.976286 0
    outer loop
      vertex 60.3039 -1.72341 12
      vertex 60.4529 -1.69037 0
      vertex 60.3039 -1.72341 0
    endloop
  endfacet
  facet normal 0.0436305 0.999048 -0
    outer loop
      vertex 60 -1.75 0
      vertex 59.8475 -1.74334 12
      vertex 60 -1.75 12
    endloop
  endfacet
  facet normal 0.0436305 0.999048 0
    outer loop
      vertex 59.8475 -1.74334 12
      vertex 60 -1.75 0
      vertex 59.8475 -1.74334 0
    endloop
  endfacet
  facet normal -0.461827 -0.88697 0
    outer loop
      vertex 60.7396 1.58604 0
      vertex 60.875 1.51554 12
      vertex 60.7396 1.58604 12
    endloop
  endfacet
  facet normal -0.461827 -0.88697 -0
    outer loop
      vertex 60.875 1.51554 12
      vertex 60.7396 1.58604 0
      vertex 60.875 1.51554 0
    endloop
  endfacet
  facet normal -0.382541 0.923939 0
    outer loop
      vertex 60.7396 -1.58604 0
      vertex 60.5985 -1.64446 12
      vertex 60.7396 -1.58604 12
    endloop
  endfacet
  facet normal -0.382541 0.923939 0
    outer loop
      vertex 60.5985 -1.64446 12
      vertex 60.7396 -1.58604 0
      vertex 60.5985 -1.64446 0
    endloop
  endfacet
  facet normal 0.843478 0.537164 0
    outer loop
      vertex 58.5665 -1.00376 12
      vertex 58.4845 -0.875 0
      vertex 58.4845 -0.875 12
    endloop
  endfacet
  facet normal 0.843478 0.537164 0
    outer loop
      vertex 58.4845 -0.875 0
      vertex 58.5665 -1.00376 12
      vertex 58.5665 -1.00376 0
    endloop
  endfacet
  facet normal 0.923702 0.383113 0
    outer loop
      vertex 58.414 -0.739581 12
      vertex 58.3555 -0.598535 0
      vertex 58.3555 -0.598535 12
    endloop
  endfacet
  facet normal 0.923702 0.383113 0
    outer loop
      vertex 58.3555 -0.598535 0
      vertex 58.414 -0.739581 12
      vertex 58.414 -0.739581 0
    endloop
  endfacet
  facet normal -0.886997 0.461776 0
    outer loop
      vertex 61.5155 -0.875 0
      vertex 61.586 -0.739581 12
      vertex 61.586 -0.739581 0
    endloop
  endfacet
  facet normal -0.886997 0.461776 0
    outer loop
      vertex 61.586 -0.739581 12
      vertex 61.5155 -0.875 0
      vertex 61.5155 -0.875 12
    endloop
  endfacet
  facet normal -0.953732 0.300657 0
    outer loop
      vertex 61.6445 -0.598535 0
      vertex 61.6904 -0.452933 12
      vertex 61.6904 -0.452933 0
    endloop
  endfacet
  facet normal -0.953732 0.300657 0
    outer loop
      vertex 61.6904 -0.452933 12
      vertex 61.6445 -0.598535 0
      vertex 61.6445 -0.598535 12
    endloop
  endfacet
  facet normal -0.0436305 0.999048 0
    outer loop
      vertex 60.1525 -1.74334 0
      vertex 60 -1.75 12
      vertex 60.1525 -1.74334 12
    endloop
  endfacet
  facet normal -0.0436305 0.999048 0
    outer loop
      vertex 60 -1.75 12
      vertex 60.1525 -1.74334 0
      vertex 60 -1.75 0
    endloop
  endfacet
  facet normal 0.382541 0.923939 -0
    outer loop
      vertex 59.4015 -1.64446 0
      vertex 59.2604 -1.58604 12
      vertex 59.4015 -1.64446 12
    endloop
  endfacet
  facet normal 0.382541 0.923939 0
    outer loop
      vertex 59.2604 -1.58604 12
      vertex 59.4015 -1.64446 0
      vertex 59.2604 -1.58604 0
    endloop
  endfacet
  facet normal -0.999037 0.0438858 0
    outer loop
      vertex 61.7433 -0.152522 0
      vertex 61.75 0 12
      vertex 61.75 0 0
    endloop
  endfacet
  facet normal -0.999037 0.0438858 0
    outer loop
      vertex 61.75 0 12
      vertex 61.7433 -0.152522 0
      vertex 61.7433 -0.152522 12
    endloop
  endfacet
  facet normal -0.886997 -0.461776 0
    outer loop
      vertex 61.586 0.739581 0
      vertex 61.5155 0.875 12
      vertex 61.5155 0.875 0
    endloop
  endfacet
  facet normal -0.886997 -0.461776 0
    outer loop
      vertex 61.5155 0.875 12
      vertex 61.586 0.739581 0
      vertex 61.586 0.739581 12
    endloop
  endfacet
  facet normal -0.461827 0.88697 0
    outer loop
      vertex 60.875 -1.51554 0
      vertex 60.7396 -1.58604 12
      vertex 60.875 -1.51554 12
    endloop
  endfacet
  facet normal -0.461827 0.88697 0
    outer loop
      vertex 60.7396 -1.58604 12
      vertex 60.875 -1.51554 0
      vertex 60.7396 -1.58604 0
    endloop
  endfacet
  facet normal 0.923702 -0.383113 0
    outer loop
      vertex 58.3555 0.598535 12
      vertex 58.414 0.739581 0
      vertex 58.414 0.739581 12
    endloop
  endfacet
  facet normal 0.923702 -0.383113 0
    outer loop
      vertex 58.414 0.739581 0
      vertex 58.3555 0.598535 12
      vertex 58.3555 0.598535 0
    endloop
  endfacet
  facet normal 0.216486 0.976286 -0
    outer loop
      vertex 59.6961 -1.72341 0
      vertex 59.5471 -1.69037 12
      vertex 59.6961 -1.72341 12
    endloop
  endfacet
  facet normal 0.216486 0.976286 0
    outer loop
      vertex 59.5471 -1.69037 12
      vertex 59.6961 -1.72341 0
      vertex 59.5471 -1.69037 0
    endloop
  endfacet
  facet normal 0.130512 -0.991447 0
    outer loop
      vertex 59.6961 1.72341 0
      vertex 59.8475 1.74334 12
      vertex 59.6961 1.72341 12
    endloop
  endfacet
  facet normal 0.130512 -0.991447 0
    outer loop
      vertex 59.8475 1.74334 12
      vertex 59.6961 1.72341 0
      vertex 59.8475 1.74334 0
    endloop
  endfacet
  facet normal 0.216486 -0.976286 0
    outer loop
      vertex 59.5471 1.69037 0
      vertex 59.6961 1.72341 12
      vertex 59.5471 1.69037 12
    endloop
  endfacet
  facet normal 0.216486 -0.976286 0
    outer loop
      vertex 59.6961 1.72341 12
      vertex 59.5471 1.69037 0
      vertex 59.6961 1.72341 0
    endloop
  endfacet
  facet normal -0.130512 -0.991447 0
    outer loop
      vertex 60.1525 1.74334 0
      vertex 60.3039 1.72341 12
      vertex 60.1525 1.74334 12
    endloop
  endfacet
  facet normal -0.130512 -0.991447 -0
    outer loop
      vertex 60.3039 1.72341 12
      vertex 60.1525 1.74334 0
      vertex 60.3039 1.72341 0
    endloop
  endfacet
  facet normal 0.793476 0.608602 0
    outer loop
      vertex 58.6594 -1.12488 12
      vertex 58.5665 -1.00376 0
      vertex 58.5665 -1.00376 12
    endloop
  endfacet
  facet normal 0.793476 0.608602 0
    outer loop
      vertex 58.5665 -1.00376 0
      vertex 58.6594 -1.12488 12
      vertex 58.6594 -1.12488 0
    endloop
  endfacet
  facet normal 0.991468 0.130351 0
    outer loop
      vertex 58.2766 -0.303884 12
      vertex 58.2567 -0.152522 0
      vertex 58.2567 -0.152522 12
    endloop
  endfacet
  facet normal 0.991468 0.130351 0
    outer loop
      vertex 58.2567 -0.152522 0
      vertex 58.2766 -0.303884 12
      vertex 58.2766 -0.303884 0
    endloop
  endfacet
  facet normal 0.737089 -0.675796 0
    outer loop
      vertex 58.6594 1.12488 12
      vertex 58.7626 1.23744 0
      vertex 58.7626 1.23744 12
    endloop
  endfacet
  facet normal 0.737089 -0.675796 0
    outer loop
      vertex 58.7626 1.23744 0
      vertex 58.6594 1.12488 12
      vertex 58.6594 1.12488 0
    endloop
  endfacet
  facet normal -0.0436305 -0.999048 0
    outer loop
      vertex 60 1.75 0
      vertex 60.1525 1.74334 12
      vertex 60 1.75 12
    endloop
  endfacet
  facet normal -0.0436305 -0.999048 -0
    outer loop
      vertex 60.1525 1.74334 12
      vertex 60 1.75 0
      vertex 60.1525 1.74334 0
    endloop
  endfacet
  facet normal 0.793476 -0.608602 0
    outer loop
      vertex 58.5665 1.00376 12
      vertex 58.6594 1.12488 0
      vertex 58.6594 1.12488 12
    endloop
  endfacet
  facet normal 0.793476 -0.608602 0
    outer loop
      vertex 58.6594 1.12488 0
      vertex 58.5665 1.00376 12
      vertex 58.5665 1.00376 0
    endloop
  endfacet
  facet normal -0.300721 0.953712 0
    outer loop
      vertex 60.5985 -1.64446 0
      vertex 60.4529 -1.69037 12
      vertex 60.5985 -1.64446 12
    endloop
  endfacet
  facet normal -0.300721 0.953712 0
    outer loop
      vertex 60.4529 -1.69037 12
      vertex 60.5985 -1.64446 0
      vertex 60.4529 -1.69037 0
    endloop
  endfacet
  facet normal -0.60883 0.7933 0
    outer loop
      vertex 61.1249 -1.34058 0
      vertex 61.0038 -1.43352 12
      vertex 61.1249 -1.34058 12
    endloop
  endfacet
  facet normal -0.60883 0.7933 0
    outer loop
      vertex 61.0038 -1.43352 12
      vertex 61.1249 -1.34058 0
      vertex 61.0038 -1.43352 0
    endloop
  endfacet
  facet normal -0.216486 -0.976286 0
    outer loop
      vertex 60.3039 1.72341 0
      vertex 60.4529 1.69037 12
      vertex 60.3039 1.72341 12
    endloop
  endfacet
  facet normal -0.216486 -0.976286 -0
    outer loop
      vertex 60.4529 1.69037 12
      vertex 60.3039 1.72341 0
      vertex 60.4529 1.69037 0
    endloop
  endfacet
  facet normal 0.886997 -0.461776 0
    outer loop
      vertex 58.414 0.739581 12
      vertex 58.4845 0.875 0
      vertex 58.4845 0.875 12
    endloop
  endfacet
  facet normal 0.886997 -0.461776 0
    outer loop
      vertex 58.4845 0.875 0
      vertex 58.414 0.739581 12
      vertex 58.414 0.739581 0
    endloop
  endfacet
  facet normal 0.675778 0.737105 -0
    outer loop
      vertex 58.8751 -1.34058 0
      vertex 58.7626 -1.23744 12
      vertex 58.8751 -1.34058 12
    endloop
  endfacet
  facet normal 0.675778 0.737105 0
    outer loop
      vertex 58.7626 -1.23744 12
      vertex 58.8751 -1.34058 0
      vertex 58.7626 -1.23744 0
    endloop
  endfacet
  facet normal -0.737089 -0.675796 0
    outer loop
      vertex 61.3406 1.12488 0
      vertex 61.2374 1.23744 12
      vertex 61.2374 1.23744 0
    endloop
  endfacet
  facet normal -0.737089 -0.675796 0
    outer loop
      vertex 61.2374 1.23744 12
      vertex 61.3406 1.12488 0
      vertex 61.3406 1.12488 12
    endloop
  endfacet
  facet normal 0.843478 -0.537164 0
    outer loop
      vertex 58.4845 0.875 12
      vertex 58.5665 1.00376 0
      vertex 58.5665 1.00376 12
    endloop
  endfacet
  facet normal 0.843478 -0.537164 0
    outer loop
      vertex 58.5665 1.00376 0
      vertex 58.4845 0.875 12
      vertex 58.4845 0.875 0
    endloop
  endfacet
  facet normal 0.999037 0.0438858 0
    outer loop
      vertex 58.2567 -0.152522 12
      vertex 58.25 0 0
      vertex 58.25 0 12
    endloop
  endfacet
  facet normal 0.999037 0.0438858 0
    outer loop
      vertex 58.25 0 0
      vertex 58.2567 -0.152522 12
      vertex 58.2567 -0.152522 0
    endloop
  endfacet
  facet normal -0.991472 -0.130319 0
    outer loop
      vertex 31.7433 52.114 0
      vertex 31.7234 52.2654 12
      vertex 31.7234 52.2654 0
    endloop
  endfacet
  facet normal -0.991472 -0.130319 0
    outer loop
      vertex 31.7234 52.2654 12
      vertex 31.7433 52.114 0
      vertex 31.7433 52.114 12
    endloop
  endfacet
  facet normal -0.999036 -0.0438921 0
    outer loop
      vertex 31.75 51.9615 0
      vertex 31.7433 52.114 12
      vertex 31.7433 52.114 0
    endloop
  endfacet
  facet normal -0.999036 -0.0438921 0
    outer loop
      vertex 31.7433 52.114 12
      vertex 31.75 51.9615 0
      vertex 31.75 51.9615 12
    endloop
  endfacet
  facet normal -0.976372 -0.216098 0
    outer loop
      vertex 31.7234 52.2654 0
      vertex 31.6904 52.4145 12
      vertex 31.6904 52.4145 0
    endloop
  endfacet
  facet normal -0.976372 -0.216098 0
    outer loop
      vertex 31.6904 52.4145 12
      vertex 31.7234 52.2654 0
      vertex 31.7234 52.2654 12
    endloop
  endfacet
  facet normal -0.382429 0.923985 0
    outer loop
      vertex 30.7396 50.3755 0
      vertex 30.5985 50.3171 12
      vertex 30.7396 50.3755 12
    endloop
  endfacet
  facet normal -0.382429 0.923985 0
    outer loop
      vertex 30.5985 50.3171 12
      vertex 30.7396 50.3755 0
      vertex 30.5985 50.3171 0
    endloop
  endfacet
  facet normal 0.537511 -0.843257 0
    outer loop
      vertex 28.9962 53.395 0
      vertex 29.125 53.4771 12
      vertex 28.9962 53.395 12
    endloop
  endfacet
  facet normal 0.537511 -0.843257 0
    outer loop
      vertex 29.125 53.4771 12
      vertex 28.9962 53.395 0
      vertex 29.125 53.4771 0
    endloop
  endfacet
  facet normal -0.382429 -0.923985 0
    outer loop
      vertex 30.5985 53.606 0
      vertex 30.7396 53.5476 12
      vertex 30.5985 53.606 12
    endloop
  endfacet
  facet normal -0.382429 -0.923985 -0
    outer loop
      vertex 30.7396 53.5476 12
      vertex 30.5985 53.606 0
      vertex 30.7396 53.5476 0
    endloop
  endfacet
  facet normal 0.675992 0.736909 -0
    outer loop
      vertex 28.8751 50.6209 0
      vertex 28.7626 50.7241 12
      vertex 28.8751 50.6209 12
    endloop
  endfacet
  facet normal 0.675992 0.736909 0
    outer loop
      vertex 28.7626 50.7241 12
      vertex 28.8751 50.6209 0
      vertex 28.7626 50.7241 0
    endloop
  endfacet
  facet normal 0.675636 -0.737236 0
    outer loop
      vertex 28.7626 53.199 0
      vertex 28.8751 53.3021 12
      vertex 28.7626 53.199 12
    endloop
  endfacet
  facet normal 0.675636 -0.737236 0
    outer loop
      vertex 28.8751 53.3021 12
      vertex 28.7626 53.199 0
      vertex 28.8751 53.3021 0
    endloop
  endfacet
  facet normal 0.300661 -0.953731 0
    outer loop
      vertex 29.4015 53.606 0
      vertex 29.5471 53.6519 12
      vertex 29.4015 53.606 12
    endloop
  endfacet
  facet normal 0.300661 -0.953731 0
    outer loop
      vertex 29.5471 53.6519 12
      vertex 29.4015 53.606 0
      vertex 29.5471 53.6519 0
    endloop
  endfacet
  facet normal -0.216861 0.976202 0
    outer loop
      vertex 30.4529 50.2712 0
      vertex 30.3039 50.2381 12
      vertex 30.4529 50.2712 12
    endloop
  endfacet
  facet normal -0.216861 0.976202 0
    outer loop
      vertex 30.3039 50.2381 12
      vertex 30.4529 50.2712 0
      vertex 30.3039 50.2381 0
    endloop
  endfacet
  facet normal 0.793427 -0.608665 0
    outer loop
      vertex 28.5665 52.9653 12
      vertex 28.6594 53.0864 0
      vertex 28.6594 53.0864 12
    endloop
  endfacet
  facet normal 0.793427 -0.608665 0
    outer loop
      vertex 28.6594 53.0864 0
      vertex 28.5665 52.9653 12
      vertex 28.5665 52.9653 0
    endloop
  endfacet
  facet normal -0.88697 -0.461827 0
    outer loop
      vertex 31.586 52.7011 0
      vertex 31.5155 52.8365 12
      vertex 31.5155 52.8365 0
    endloop
  endfacet
  facet normal -0.88697 -0.461827 0
    outer loop
      vertex 31.5155 52.8365 12
      vertex 31.586 52.7011 0
      vertex 31.586 52.7011 12
    endloop
  endfacet
  facet normal 0.0438921 0.999036 -0
    outer loop
      vertex 30 50.2115 0
      vertex 29.8475 50.2182 12
      vertex 30 50.2115 12
    endloop
  endfacet
  facet normal 0.0438921 0.999036 0
    outer loop
      vertex 29.8475 50.2182 12
      vertex 30 50.2115 0
      vertex 29.8475 50.2182 0
    endloop
  endfacet
  facet normal 0.923753 0.382988 0
    outer loop
      vertex 28.414 51.2219 12
      vertex 28.3555 51.363 0
      vertex 28.3555 51.363 12
    endloop
  endfacet
  facet normal 0.923753 0.382988 0
    outer loop
      vertex 28.3555 51.363 0
      vertex 28.414 51.2219 12
      vertex 28.414 51.2219 0
    endloop
  endfacet
  facet normal -0.79367 0.608349 0
    outer loop
      vertex 31.3406 50.8366 0
      vertex 31.4335 50.9578 12
      vertex 31.4335 50.9578 0
    endloop
  endfacet
  facet normal -0.79367 0.608349 0
    outer loop
      vertex 31.4335 50.9578 12
      vertex 31.3406 50.8366 0
      vertex 31.3406 50.8366 12
    endloop
  endfacet
  facet normal -0.793427 -0.608665 0
    outer loop
      vertex 31.4335 52.9653 0
      vertex 31.3406 53.0864 12
      vertex 31.3406 53.0864 0
    endloop
  endfacet
  facet normal -0.793427 -0.608665 0
    outer loop
      vertex 31.3406 53.0864 12
      vertex 31.4335 52.9653 0
      vertex 31.4335 52.9653 12
    endloop
  endfacet
  facet normal 0.537045 0.843554 -0
    outer loop
      vertex 29.125 50.446 0
      vertex 28.9962 50.528 12
      vertex 29.125 50.446 12
    endloop
  endfacet
  facet normal 0.537045 0.843554 0
    outer loop
      vertex 28.9962 50.528 12
      vertex 29.125 50.446 0
      vertex 28.9962 50.528 0
    endloop
  endfacet
  facet normal 0.843554 -0.537045 0
    outer loop
      vertex 28.4845 52.8365 12
      vertex 28.5665 52.9653 0
      vertex 28.5665 52.9653 12
    endloop
  endfacet
  facet normal 0.843554 -0.537045 0
    outer loop
      vertex 28.5665 52.9653 0
      vertex 28.4845 52.8365 12
      vertex 28.4845 52.8365 0
    endloop
  endfacet
  facet normal -0.976341 0.216237 0
    outer loop
      vertex 31.6904 51.5086 0
      vertex 31.7234 51.6576 12
      vertex 31.7234 51.6576 0
    endloop
  endfacet
  facet normal -0.976341 0.216237 0
    outer loop
      vertex 31.7234 51.6576 12
      vertex 31.6904 51.5086 0
      vertex 31.6904 51.5086 12
    endloop
  endfacet
  facet normal 0.991472 -0.130319 0
    outer loop
      vertex 28.2567 52.114 12
      vertex 28.2766 52.2654 0
      vertex 28.2766 52.2654 12
    endloop
  endfacet
  facet normal 0.991472 -0.130319 0
    outer loop
      vertex 28.2766 52.2654 0
      vertex 28.2567 52.114 12
      vertex 28.2567 52.114 0
    endloop
  endfacet
  facet normal 0.953731 -0.300661 0
    outer loop
      vertex 28.3096 52.4145 12
      vertex 28.3555 52.5601 0
      vertex 28.3555 52.5601 12
    endloop
  endfacet
  facet normal 0.953731 -0.300661 0
    outer loop
      vertex 28.3555 52.5601 0
      vertex 28.3096 52.4145 12
      vertex 28.3096 52.4145 0
    endloop
  endfacet
  facet normal 0.79367 0.608349 0
    outer loop
      vertex 28.6594 50.8366 12
      vertex 28.5665 50.9578 0
      vertex 28.5665 50.9578 12
    endloop
  endfacet
  facet normal 0.79367 0.608349 0
    outer loop
      vertex 28.5665 50.9578 0
      vertex 28.6594 50.8366 12
      vertex 28.6594 50.8366 0
    endloop
  endfacet
  facet normal -0.461827 -0.88697 0
    outer loop
      vertex 30.7396 53.5476 0
      vertex 30.875 53.4771 12
      vertex 30.7396 53.5476 12
    endloop
  endfacet
  facet normal -0.461827 -0.88697 -0
    outer loop
      vertex 30.875 53.4771 12
      vertex 30.7396 53.5476 0
      vertex 30.875 53.4771 0
    endloop
  endfacet
  facet normal -0.537511 -0.843257 0
    outer loop
      vertex 30.875 53.4771 0
      vertex 31.0038 53.395 12
      vertex 30.875 53.4771 12
    endloop
  endfacet
  facet normal -0.537511 -0.843257 -0
    outer loop
      vertex 31.0038 53.395 12
      vertex 30.875 53.4771 0
      vertex 31.0038 53.395 0
    endloop
  endfacet
  facet normal 0.461827 -0.88697 0
    outer loop
      vertex 29.125 53.4771 0
      vertex 29.2604 53.5476 12
      vertex 29.125 53.4771 12
    endloop
  endfacet
  facet normal 0.461827 -0.88697 0
    outer loop
      vertex 29.2604 53.5476 12
      vertex 29.125 53.4771 0
      vertex 29.2604 53.5476 0
    endloop
  endfacet
  facet normal 0.608665 -0.793427 0
    outer loop
      vertex 28.8751 53.3021 0
      vertex 28.9962 53.395 12
      vertex 28.8751 53.3021 12
    endloop
  endfacet
  facet normal 0.608665 -0.793427 0
    outer loop
      vertex 28.9962 53.395 12
      vertex 28.8751 53.3021 0
      vertex 28.9962 53.395 0
    endloop
  endfacet
  facet normal -0.953731 -0.300661 0
    outer loop
      vertex 31.6904 52.4145 0
      vertex 31.6445 52.5601 12
      vertex 31.6445 52.5601 0
    endloop
  endfacet
  facet normal -0.953731 -0.300661 0
    outer loop
      vertex 31.6445 52.5601 12
      vertex 31.6904 52.4145 0
      vertex 31.6904 52.4145 12
    endloop
  endfacet
  facet normal 0.0432382 -0.999065 0
    outer loop
      vertex 29.8475 53.7049 0
      vertex 30 53.7115 12
      vertex 29.8475 53.7049 12
    endloop
  endfacet
  facet normal 0.0432382 -0.999065 0
    outer loop
      vertex 30 53.7115 12
      vertex 29.8475 53.7049 0
      vertex 30 53.7115 0
    endloop
  endfacet
  facet normal 0.461827 0.88697 -0
    outer loop
      vertex 29.2604 50.3755 0
      vertex 29.125 50.446 12
      vertex 29.2604 50.3755 12
    endloop
  endfacet
  facet normal 0.461827 0.88697 0
    outer loop
      vertex 29.125 50.446 12
      vertex 29.2604 50.3755 0
      vertex 29.125 50.446 0
    endloop
  endfacet
  facet normal -0.0438921 0.999036 0
    outer loop
      vertex 30.1525 50.2182 0
      vertex 30 50.2115 12
      vertex 30.1525 50.2182 12
    endloop
  endfacet
  facet normal -0.0438921 0.999036 0
    outer loop
      vertex 30 50.2115 12
      vertex 30.1525 50.2182 0
      vertex 30 50.2115 0
    endloop
  endfacet
  facet normal -0.608665 0.793427 0
    outer loop
      vertex 31.1249 50.6209 0
      vertex 31.0038 50.528 12
      vertex 31.1249 50.6209 12
    endloop
  endfacet
  facet normal -0.608665 0.793427 0
    outer loop
      vertex 31.0038 50.528 12
      vertex 31.1249 50.6209 0
      vertex 31.0038 50.528 0
    endloop
  endfacet
  facet normal -0.300661 -0.953731 0
    outer loop
      vertex 30.4529 53.6519 0
      vertex 30.5985 53.606 12
      vertex 30.4529 53.6519 12
    endloop
  endfacet
  facet normal -0.300661 -0.953731 -0
    outer loop
      vertex 30.5985 53.606 12
      vertex 30.4529 53.6519 0
      vertex 30.5985 53.606 0
    endloop
  endfacet
  facet normal -0.537045 0.843554 0
    outer loop
      vertex 31.0038 50.528 0
      vertex 30.875 50.446 12
      vertex 31.0038 50.528 12
    endloop
  endfacet
  facet normal -0.537045 0.843554 0
    outer loop
      vertex 30.875 50.446 12
      vertex 31.0038 50.528 0
      vertex 30.875 50.446 0
    endloop
  endfacet
  facet normal -0.608665 -0.793427 0
    outer loop
      vertex 31.0038 53.395 0
      vertex 31.1249 53.3021 12
      vertex 31.0038 53.395 12
    endloop
  endfacet
  facet normal -0.608665 -0.793427 -0
    outer loop
      vertex 31.1249 53.3021 12
      vertex 31.0038 53.395 0
      vertex 31.1249 53.3021 0
    endloop
  endfacet
  facet normal -0.130319 0.991472 0
    outer loop
      vertex 30.3039 50.2381 0
      vertex 30.1525 50.2182 12
      vertex 30.3039 50.2381 12
    endloop
  endfacet
  facet normal -0.130319 0.991472 0
    outer loop
      vertex 30.1525 50.2182 12
      vertex 30.3039 50.2381 0
      vertex 30.1525 50.2182 0
    endloop
  endfacet
  facet normal -0.953731 0.300661 0
    outer loop
      vertex 31.6445 51.363 0
      vertex 31.6904 51.5086 12
      vertex 31.6904 51.5086 0
    endloop
  endfacet
  facet normal -0.953731 0.300661 0
    outer loop
      vertex 31.6904 51.5086 12
      vertex 31.6445 51.363 0
      vertex 31.6445 51.363 12
    endloop
  endfacet
  facet normal -0.843365 0.537342 0
    outer loop
      vertex 31.4335 50.9578 0
      vertex 31.5155 51.0865 12
      vertex 31.5155 51.0865 0
    endloop
  endfacet
  facet normal -0.843365 0.537342 0
    outer loop
      vertex 31.5155 51.0865 12
      vertex 31.4335 50.9578 0
      vertex 31.4335 50.9578 12
    endloop
  endfacet
  facet normal -0.999036 0.0438921 0
    outer loop
      vertex 31.7433 51.809 0
      vertex 31.75 51.9615 12
      vertex 31.75 51.9615 0
    endloop
  endfacet
  facet normal -0.999036 0.0438921 0
    outer loop
      vertex 31.75 51.9615 12
      vertex 31.7433 51.809 0
      vertex 31.7433 51.809 12
    endloop
  endfacet
  facet normal -0.0432382 -0.999065 0
    outer loop
      vertex 30 53.7115 0
      vertex 30.1525 53.7049 12
      vertex 30 53.7115 12
    endloop
  endfacet
  facet normal -0.0432382 -0.999065 -0
    outer loop
      vertex 30.1525 53.7049 12
      vertex 30 53.7115 0
      vertex 30.1525 53.7049 0
    endloop
  endfacet
  facet normal 0.736909 0.675992 0
    outer loop
      vertex 28.7626 50.7241 12
      vertex 28.6594 50.8366 0
      vertex 28.6594 50.8366 12
    endloop
  endfacet
  facet normal 0.736909 0.675992 0
    outer loop
      vertex 28.6594 50.8366 0
      vertex 28.7626 50.7241 12
      vertex 28.7626 50.7241 0
    endloop
  endfacet
  facet normal 0.216237 -0.976341 0
    outer loop
      vertex 29.5471 53.6519 0
      vertex 29.6961 53.6849 12
      vertex 29.5471 53.6519 12
    endloop
  endfacet
  facet normal 0.216237 -0.976341 0
    outer loop
      vertex 29.6961 53.6849 12
      vertex 29.5471 53.6519 0
      vertex 29.6961 53.6849 0
    endloop
  endfacet
  facet normal -0.737208 -0.675665 0
    outer loop
      vertex 31.3406 53.0864 0
      vertex 31.2374 53.199 12
      vertex 31.2374 53.199 0
    endloop
  endfacet
  facet normal -0.737208 -0.675665 0
    outer loop
      vertex 31.2374 53.199 12
      vertex 31.3406 53.0864 0
      vertex 31.3406 53.0864 12
    endloop
  endfacet
  facet normal 0.88697 0.461827 0
    outer loop
      vertex 28.4845 51.0865 12
      vertex 28.414 51.2219 0
      vertex 28.414 51.2219 12
    endloop
  endfacet
  facet normal 0.88697 0.461827 0
    outer loop
      vertex 28.414 51.2219 0
      vertex 28.4845 51.0865 12
      vertex 28.4845 51.0865 0
    endloop
  endfacet
  facet normal 0.843365 0.537342 0
    outer loop
      vertex 28.5665 50.9578 12
      vertex 28.4845 51.0865 0
      vertex 28.4845 51.0865 12
    endloop
  endfacet
  facet normal 0.843365 0.537342 0
    outer loop
      vertex 28.4845 51.0865 0
      vertex 28.5665 50.9578 12
      vertex 28.5665 50.9578 0
    endloop
  endfacet
  facet normal 0.953731 0.300661 0
    outer loop
      vertex 28.3555 51.363 12
      vertex 28.3096 51.5086 0
      vertex 28.3096 51.5086 12
    endloop
  endfacet
  facet normal 0.953731 0.300661 0
    outer loop
      vertex 28.3096 51.5086 0
      vertex 28.3555 51.363 12
      vertex 28.3555 51.363 0
    endloop
  endfacet
  facet normal -0.923657 -0.38322 0
    outer loop
      vertex 31.6445 52.5601 0
      vertex 31.586 52.7011 12
      vertex 31.586 52.7011 0
    endloop
  endfacet
  facet normal -0.923657 -0.38322 0
    outer loop
      vertex 31.586 52.7011 12
      vertex 31.6445 52.5601 0
      vertex 31.6445 52.5601 12
    endloop
  endfacet
  facet normal 0.999036 -0.0438921 0
    outer loop
      vertex 28.25 51.9615 12
      vertex 28.2567 52.114 0
      vertex 28.2567 52.114 12
    endloop
  endfacet
  facet normal 0.999036 -0.0438921 0
    outer loop
      vertex 28.2567 52.114 0
      vertex 28.25 51.9615 12
      vertex 28.25 51.9615 0
    endloop
  endfacet
  facet normal 0.608665 0.793427 -0
    outer loop
      vertex 28.9962 50.528 0
      vertex 28.8751 50.6209 12
      vertex 28.9962 50.528 12
    endloop
  endfacet
  facet normal 0.608665 0.793427 0
    outer loop
      vertex 28.8751 50.6209 12
      vertex 28.9962 50.528 0
      vertex 28.8751 50.6209 0
    endloop
  endfacet
  facet normal 0.999036 0.0438921 0
    outer loop
      vertex 28.2567 51.809 12
      vertex 28.25 51.9615 0
      vertex 28.25 51.9615 12
    endloop
  endfacet
  facet normal 0.999036 0.0438921 0
    outer loop
      vertex 28.25 51.9615 0
      vertex 28.2567 51.809 12
      vertex 28.2567 51.809 0
    endloop
  endfacet
  facet normal -0.736909 0.675992 0
    outer loop
      vertex 31.2374 50.7241 0
      vertex 31.3406 50.8366 12
      vertex 31.3406 50.8366 0
    endloop
  endfacet
  facet normal -0.736909 0.675992 0
    outer loop
      vertex 31.3406 50.8366 12
      vertex 31.2374 50.7241 0
      vertex 31.2374 50.7241 12
    endloop
  endfacet
  facet normal 0.88697 -0.461827 0
    outer loop
      vertex 28.414 52.7011 12
      vertex 28.4845 52.8365 0
      vertex 28.4845 52.8365 12
    endloop
  endfacet
  facet normal 0.88697 -0.461827 0
    outer loop
      vertex 28.4845 52.8365 0
      vertex 28.414 52.7011 12
      vertex 28.414 52.7011 0
    endloop
  endfacet
  facet normal -0.675992 0.736909 0
    outer loop
      vertex 31.2374 50.7241 0
      vertex 31.1249 50.6209 12
      vertex 31.2374 50.7241 12
    endloop
  endfacet
  facet normal -0.675992 0.736909 0
    outer loop
      vertex 31.1249 50.6209 12
      vertex 31.2374 50.7241 0
      vertex 31.1249 50.6209 0
    endloop
  endfacet
  facet normal -0.991472 0.130319 0
    outer loop
      vertex 31.7234 51.6576 0
      vertex 31.7433 51.809 12
      vertex 31.7433 51.809 0
    endloop
  endfacet
  facet normal -0.991472 0.130319 0
    outer loop
      vertex 31.7433 51.809 12
      vertex 31.7234 51.6576 0
      vertex 31.7234 51.6576 12
    endloop
  endfacet
  facet normal 0.382429 -0.923985 0
    outer loop
      vertex 29.2604 53.5476 0
      vertex 29.4015 53.606 12
      vertex 29.2604 53.5476 12
    endloop
  endfacet
  facet normal 0.382429 -0.923985 0
    outer loop
      vertex 29.4015 53.606 12
      vertex 29.2604 53.5476 0
      vertex 29.4015 53.606 0
    endloop
  endfacet
  facet normal 0.991472 0.130319 0
    outer loop
      vertex 28.2766 51.6576 12
      vertex 28.2567 51.809 0
      vertex 28.2567 51.809 12
    endloop
  endfacet
  facet normal 0.991472 0.130319 0
    outer loop
      vertex 28.2567 51.809 0
      vertex 28.2766 51.6576 12
      vertex 28.2766 51.6576 0
    endloop
  endfacet
  facet normal 0.216861 0.976202 -0
    outer loop
      vertex 29.6961 50.2381 0
      vertex 29.5471 50.2712 12
      vertex 29.6961 50.2381 12
    endloop
  endfacet
  facet normal 0.216861 0.976202 0
    outer loop
      vertex 29.5471 50.2712 12
      vertex 29.6961 50.2381 0
      vertex 29.5471 50.2712 0
    endloop
  endfacet
  facet normal 0.130963 -0.991387 0
    outer loop
      vertex 29.6961 53.6849 0
      vertex 29.8475 53.7049 12
      vertex 29.6961 53.6849 12
    endloop
  endfacet
  facet normal 0.130963 -0.991387 0
    outer loop
      vertex 29.8475 53.7049 12
      vertex 29.6961 53.6849 0
      vertex 29.8475 53.7049 0
    endloop
  endfacet
  facet normal -0.461827 0.88697 0
    outer loop
      vertex 30.875 50.446 0
      vertex 30.7396 50.3755 12
      vertex 30.875 50.446 12
    endloop
  endfacet
  facet normal -0.461827 0.88697 0
    outer loop
      vertex 30.7396 50.3755 12
      vertex 30.875 50.446 0
      vertex 30.7396 50.3755 0
    endloop
  endfacet
  facet normal -0.300661 0.953731 0
    outer loop
      vertex 30.5985 50.3171 0
      vertex 30.4529 50.2712 12
      vertex 30.5985 50.3171 12
    endloop
  endfacet
  facet normal -0.300661 0.953731 0
    outer loop
      vertex 30.4529 50.2712 12
      vertex 30.5985 50.3171 0
      vertex 30.4529 50.2712 0
    endloop
  endfacet
  facet normal 0.976341 0.216237 0
    outer loop
      vertex 28.3096 51.5086 12
      vertex 28.2766 51.6576 0
      vertex 28.2766 51.6576 12
    endloop
  endfacet
  facet normal 0.976341 0.216237 0
    outer loop
      vertex 28.2766 51.6576 0
      vertex 28.3096 51.5086 12
      vertex 28.3096 51.5086 0
    endloop
  endfacet
  facet normal 0.976372 -0.216098 0
    outer loop
      vertex 28.2766 52.2654 12
      vertex 28.3096 52.4145 0
      vertex 28.3096 52.4145 12
    endloop
  endfacet
  facet normal 0.976372 -0.216098 0
    outer loop
      vertex 28.3096 52.4145 0
      vertex 28.2766 52.2654 12
      vertex 28.2766 52.2654 0
    endloop
  endfacet
  facet normal -0.675636 -0.737236 0
    outer loop
      vertex 31.1249 53.3021 0
      vertex 31.2374 53.199 12
      vertex 31.1249 53.3021 12
    endloop
  endfacet
  facet normal -0.675636 -0.737236 -0
    outer loop
      vertex 31.2374 53.199 12
      vertex 31.1249 53.3021 0
      vertex 31.2374 53.199 0
    endloop
  endfacet
  facet normal -0.88697 0.461827 0
    outer loop
      vertex 31.5155 51.0865 0
      vertex 31.586 51.2219 12
      vertex 31.586 51.2219 0
    endloop
  endfacet
  facet normal -0.88697 0.461827 0
    outer loop
      vertex 31.586 51.2219 12
      vertex 31.5155 51.0865 0
      vertex 31.5155 51.0865 12
    endloop
  endfacet
  facet normal 0.737208 -0.675665 0
    outer loop
      vertex 28.6594 53.0864 12
      vertex 28.7626 53.199 0
      vertex 28.7626 53.199 12
    endloop
  endfacet
  facet normal 0.737208 -0.675665 0
    outer loop
      vertex 28.7626 53.199 0
      vertex 28.6594 53.0864 12
      vertex 28.6594 53.0864 0
    endloop
  endfacet
  facet normal -0.923753 0.382988 0
    outer loop
      vertex 31.586 51.2219 0
      vertex 31.6445 51.363 12
      vertex 31.6445 51.363 0
    endloop
  endfacet
  facet normal -0.923753 0.382988 0
    outer loop
      vertex 31.6445 51.363 12
      vertex 31.586 51.2219 0
      vertex 31.586 51.2219 12
    endloop
  endfacet
  facet normal -0.843554 -0.537045 0
    outer loop
      vertex 31.5155 52.8365 0
      vertex 31.4335 52.9653 12
      vertex 31.4335 52.9653 0
    endloop
  endfacet
  facet normal -0.843554 -0.537045 0
    outer loop
      vertex 31.4335 52.9653 12
      vertex 31.5155 52.8365 0
      vertex 31.5155 52.8365 12
    endloop
  endfacet
  facet normal 0.130319 0.991472 -0
    outer loop
      vertex 29.8475 50.2182 0
      vertex 29.6961 50.2381 12
      vertex 29.8475 50.2182 12
    endloop
  endfacet
  facet normal 0.130319 0.991472 0
    outer loop
      vertex 29.6961 50.2381 12
      vertex 29.8475 50.2182 0
      vertex 29.6961 50.2381 0
    endloop
  endfacet
  facet normal 0.300661 0.953731 -0
    outer loop
      vertex 29.5471 50.2712 0
      vertex 29.4015 50.3171 12
      vertex 29.5471 50.2712 12
    endloop
  endfacet
  facet normal 0.300661 0.953731 0
    outer loop
      vertex 29.4015 50.3171 12
      vertex 29.5471 50.2712 0
      vertex 29.4015 50.3171 0
    endloop
  endfacet
  facet normal -0.130963 -0.991387 0
    outer loop
      vertex 30.1525 53.7049 0
      vertex 30.3039 53.6849 12
      vertex 30.1525 53.7049 12
    endloop
  endfacet
  facet normal -0.130963 -0.991387 -0
    outer loop
      vertex 30.3039 53.6849 12
      vertex 30.1525 53.7049 0
      vertex 30.3039 53.6849 0
    endloop
  endfacet
  facet normal 0.923657 -0.38322 0
    outer loop
      vertex 28.3555 52.5601 12
      vertex 28.414 52.7011 0
      vertex 28.414 52.7011 12
    endloop
  endfacet
  facet normal 0.923657 -0.38322 0
    outer loop
      vertex 28.414 52.7011 0
      vertex 28.3555 52.5601 12
      vertex 28.3555 52.5601 0
    endloop
  endfacet
  facet normal -0.216237 -0.976341 0
    outer loop
      vertex 30.3039 53.6849 0
      vertex 30.4529 53.6519 12
      vertex 30.3039 53.6849 12
    endloop
  endfacet
  facet normal -0.216237 -0.976341 -0
    outer loop
      vertex 30.4529 53.6519 12
      vertex 30.3039 53.6849 0
      vertex 30.4529 53.6519 0
    endloop
  endfacet
  facet normal 0.382429 0.923985 -0
    outer loop
      vertex 29.4015 50.3171 0
      vertex 29.2604 50.3755 12
      vertex 29.4015 50.3171 12
    endloop
  endfacet
  facet normal 0.382429 0.923985 0
    outer loop
      vertex 29.2604 50.3755 12
      vertex 29.4015 50.3171 0
      vertex 29.2604 50.3755 0
    endloop
  endfacet
  facet normal -0.991472 -0.130319 0
    outer loop
      vertex -28.2567 52.114 0
      vertex -28.2766 52.2654 12
      vertex -28.2766 52.2654 0
    endloop
  endfacet
  facet normal -0.991472 -0.130319 0
    outer loop
      vertex -28.2766 52.2654 12
      vertex -28.2567 52.114 0
      vertex -28.2567 52.114 12
    endloop
  endfacet
  facet normal -0.999036 -0.0438921 0
    outer loop
      vertex -28.25 51.9615 0
      vertex -28.2567 52.114 12
      vertex -28.2567 52.114 0
    endloop
  endfacet
  facet normal -0.999036 -0.0438921 0
    outer loop
      vertex -28.2567 52.114 12
      vertex -28.25 51.9615 0
      vertex -28.25 51.9615 12
    endloop
  endfacet
  facet normal -0.976372 -0.216098 0
    outer loop
      vertex -28.2766 52.2654 0
      vertex -28.3096 52.4145 12
      vertex -28.3096 52.4145 0
    endloop
  endfacet
  facet normal -0.976372 -0.216098 0
    outer loop
      vertex -28.3096 52.4145 12
      vertex -28.2766 52.2654 0
      vertex -28.2766 52.2654 12
    endloop
  endfacet
  facet normal 0.216237 -0.976341 0
    outer loop
      vertex -30.4529 53.6519 0
      vertex -30.3039 53.6849 12
      vertex -30.4529 53.6519 12
    endloop
  endfacet
  facet normal 0.216237 -0.976341 0
    outer loop
      vertex -30.3039 53.6849 12
      vertex -30.4529 53.6519 0
      vertex -30.3039 53.6849 0
    endloop
  endfacet
  facet normal 0.976341 0.216237 0
    outer loop
      vertex -31.6904 51.5086 12
      vertex -31.7234 51.6576 0
      vertex -31.7234 51.6576 12
    endloop
  endfacet
  facet normal 0.976341 0.216237 0
    outer loop
      vertex -31.7234 51.6576 0
      vertex -31.6904 51.5086 12
      vertex -31.6904 51.5086 0
    endloop
  endfacet
  facet normal -0.300661 0.953731 0
    outer loop
      vertex -29.4015 50.3171 0
      vertex -29.5471 50.2712 12
      vertex -29.4015 50.3171 12
    endloop
  endfacet
  facet normal -0.300661 0.953731 0
    outer loop
      vertex -29.5471 50.2712 12
      vertex -29.4015 50.3171 0
      vertex -29.5471 50.2712 0
    endloop
  endfacet
  facet normal 0.79367 0.608349 0
    outer loop
      vertex -31.3406 50.8366 12
      vertex -31.4335 50.9578 0
      vertex -31.4335 50.9578 12
    endloop
  endfacet
  facet normal 0.79367 0.608349 0
    outer loop
      vertex -31.4335 50.9578 0
      vertex -31.3406 50.8366 12
      vertex -31.3406 50.8366 0
    endloop
  endfacet
  facet normal -0.923753 0.382988 0
    outer loop
      vertex -28.414 51.2219 0
      vertex -28.3555 51.363 12
      vertex -28.3555 51.363 0
    endloop
  endfacet
  facet normal -0.923753 0.382988 0
    outer loop
      vertex -28.3555 51.363 12
      vertex -28.414 51.2219 0
      vertex -28.414 51.2219 12
    endloop
  endfacet
  facet normal 0.382429 0.923985 -0
    outer loop
      vertex -30.5985 50.3171 0
      vertex -30.7396 50.3755 12
      vertex -30.5985 50.3171 12
    endloop
  endfacet
  facet normal 0.382429 0.923985 0
    outer loop
      vertex -30.7396 50.3755 12
      vertex -30.5985 50.3171 0
      vertex -30.7396 50.3755 0
    endloop
  endfacet
  facet normal -0.675636 -0.737236 0
    outer loop
      vertex -28.8751 53.3021 0
      vertex -28.7626 53.199 12
      vertex -28.8751 53.3021 12
    endloop
  endfacet
  facet normal -0.675636 -0.737236 -0
    outer loop
      vertex -28.7626 53.199 12
      vertex -28.8751 53.3021 0
      vertex -28.7626 53.199 0
    endloop
  endfacet
  facet normal 0.675636 -0.737236 0
    outer loop
      vertex -31.2374 53.199 0
      vertex -31.1249 53.3021 12
      vertex -31.2374 53.199 12
    endloop
  endfacet
  facet normal 0.675636 -0.737236 0
    outer loop
      vertex -31.1249 53.3021 12
      vertex -31.2374 53.199 0
      vertex -31.1249 53.3021 0
    endloop
  endfacet
  facet normal 0.537045 0.843554 -0
    outer loop
      vertex -30.875 50.446 0
      vertex -31.0038 50.528 12
      vertex -30.875 50.446 12
    endloop
  endfacet
  facet normal 0.537045 0.843554 0
    outer loop
      vertex -31.0038 50.528 12
      vertex -30.875 50.446 0
      vertex -31.0038 50.528 0
    endloop
  endfacet
  facet normal 0.461827 -0.88697 0
    outer loop
      vertex -30.875 53.4771 0
      vertex -30.7396 53.5476 12
      vertex -30.875 53.4771 12
    endloop
  endfacet
  facet normal 0.461827 -0.88697 0
    outer loop
      vertex -30.7396 53.5476 12
      vertex -30.875 53.4771 0
      vertex -30.7396 53.5476 0
    endloop
  endfacet
  facet normal 0.843554 -0.537045 0
    outer loop
      vertex -31.5155 52.8365 12
      vertex -31.4335 52.9653 0
      vertex -31.4335 52.9653 12
    endloop
  endfacet
  facet normal 0.843554 -0.537045 0
    outer loop
      vertex -31.4335 52.9653 0
      vertex -31.5155 52.8365 12
      vertex -31.5155 52.8365 0
    endloop
  endfacet
  facet normal 0.991472 0.130319 0
    outer loop
      vertex -31.7234 51.6576 12
      vertex -31.7433 51.809 0
      vertex -31.7433 51.809 12
    endloop
  endfacet
  facet normal 0.991472 0.130319 0
    outer loop
      vertex -31.7433 51.809 0
      vertex -31.7234 51.6576 12
      vertex -31.7234 51.6576 0
    endloop
  endfacet
  facet normal -0.843365 0.537342 0
    outer loop
      vertex -28.5665 50.9578 0
      vertex -28.4845 51.0865 12
      vertex -28.4845 51.0865 0
    endloop
  endfacet
  facet normal -0.843365 0.537342 0
    outer loop
      vertex -28.4845 51.0865 12
      vertex -28.5665 50.9578 0
      vertex -28.5665 50.9578 12
    endloop
  endfacet
  facet normal -0.675992 0.736909 0
    outer loop
      vertex -28.7626 50.7241 0
      vertex -28.8751 50.6209 12
      vertex -28.7626 50.7241 12
    endloop
  endfacet
  facet normal -0.675992 0.736909 0
    outer loop
      vertex -28.8751 50.6209 12
      vertex -28.7626 50.7241 0
      vertex -28.8751 50.6209 0
    endloop
  endfacet
  facet normal 0.991472 -0.130319 0
    outer loop
      vertex -31.7433 52.114 12
      vertex -31.7234 52.2654 0
      vertex -31.7234 52.2654 12
    endloop
  endfacet
  facet normal 0.991472 -0.130319 0
    outer loop
      vertex -31.7234 52.2654 0
      vertex -31.7433 52.114 12
      vertex -31.7433 52.114 0
    endloop
  endfacet
  facet normal 0.793427 -0.608665 0
    outer loop
      vertex -31.4335 52.9653 12
      vertex -31.3406 53.0864 0
      vertex -31.3406 53.0864 12
    endloop
  endfacet
  facet normal 0.793427 -0.608665 0
    outer loop
      vertex -31.3406 53.0864 0
      vertex -31.4335 52.9653 12
      vertex -31.4335 52.9653 0
    endloop
  endfacet
  facet normal -0.737208 -0.675665 0
    outer loop
      vertex -28.6594 53.0864 0
      vertex -28.7626 53.199 12
      vertex -28.7626 53.199 0
    endloop
  endfacet
  facet normal -0.737208 -0.675665 0
    outer loop
      vertex -28.7626 53.199 12
      vertex -28.6594 53.0864 0
      vertex -28.6594 53.0864 12
    endloop
  endfacet
  facet normal -0.79367 0.608349 0
    outer loop
      vertex -28.6594 50.8366 0
      vertex -28.5665 50.9578 12
      vertex -28.5665 50.9578 0
    endloop
  endfacet
  facet normal -0.79367 0.608349 0
    outer loop
      vertex -28.5665 50.9578 12
      vertex -28.6594 50.8366 0
      vertex -28.6594 50.8366 12
    endloop
  endfacet
  facet normal 0.675992 0.736909 -0
    outer loop
      vertex -31.1249 50.6209 0
      vertex -31.2374 50.7241 12
      vertex -31.1249 50.6209 12
    endloop
  endfacet
  facet normal 0.675992 0.736909 0
    outer loop
      vertex -31.2374 50.7241 12
      vertex -31.1249 50.6209 0
      vertex -31.2374 50.7241 0
    endloop
  endfacet
  facet normal 0.608665 -0.793427 0
    outer loop
      vertex -31.1249 53.3021 0
      vertex -31.0038 53.395 12
      vertex -31.1249 53.3021 12
    endloop
  endfacet
  facet normal 0.608665 -0.793427 0
    outer loop
      vertex -31.0038 53.395 12
      vertex -31.1249 53.3021 0
      vertex -31.0038 53.395 0
    endloop
  endfacet
  facet normal -0.608665 -0.793427 0
    outer loop
      vertex -28.9962 53.395 0
      vertex -28.8751 53.3021 12
      vertex -28.9962 53.395 12
    endloop
  endfacet
  facet normal -0.608665 -0.793427 -0
    outer loop
      vertex -28.8751 53.3021 12
      vertex -28.9962 53.395 0
      vertex -28.8751 53.3021 0
    endloop
  endfacet
  facet normal -0.216861 0.976202 0
    outer loop
      vertex -29.5471 50.2712 0
      vertex -29.6961 50.2381 12
      vertex -29.5471 50.2712 12
    endloop
  endfacet
  facet normal -0.216861 0.976202 0
    outer loop
      vertex -29.6961 50.2381 12
      vertex -29.5471 50.2712 0
      vertex -29.6961 50.2381 0
    endloop
  endfacet
  facet normal 0.923753 0.382988 0
    outer loop
      vertex -31.586 51.2219 12
      vertex -31.6445 51.363 0
      vertex -31.6445 51.363 12
    endloop
  endfacet
  facet normal 0.923753 0.382988 0
    outer loop
      vertex -31.6445 51.363 0
      vertex -31.586 51.2219 12
      vertex -31.586 51.2219 0
    endloop
  endfacet
  facet normal -0.843554 -0.537045 0
    outer loop
      vertex -28.4845 52.8365 0
      vertex -28.5665 52.9653 12
      vertex -28.5665 52.9653 0
    endloop
  endfacet
  facet normal -0.843554 -0.537045 0
    outer loop
      vertex -28.5665 52.9653 12
      vertex -28.4845 52.8365 0
      vertex -28.4845 52.8365 12
    endloop
  endfacet
  facet normal -0.88697 -0.461827 0
    outer loop
      vertex -28.414 52.7011 0
      vertex -28.4845 52.8365 12
      vertex -28.4845 52.8365 0
    endloop
  endfacet
  facet normal -0.88697 -0.461827 0
    outer loop
      vertex -28.4845 52.8365 12
      vertex -28.414 52.7011 0
      vertex -28.414 52.7011 12
    endloop
  endfacet
  facet normal 0.130319 0.991472 -0
    outer loop
      vertex -30.1525 50.2182 0
      vertex -30.3039 50.2381 12
      vertex -30.1525 50.2182 12
    endloop
  endfacet
  facet normal 0.130319 0.991472 0
    outer loop
      vertex -30.3039 50.2381 12
      vertex -30.1525 50.2182 0
      vertex -30.3039 50.2381 0
    endloop
  endfacet
  facet normal -0.953731 -0.300661 0
    outer loop
      vertex -28.3096 52.4145 0
      vertex -28.3555 52.5601 12
      vertex -28.3555 52.5601 0
    endloop
  endfacet
  facet normal -0.953731 -0.300661 0
    outer loop
      vertex -28.3555 52.5601 12
      vertex -28.3096 52.4145 0
      vertex -28.3096 52.4145 12
    endloop
  endfacet
  facet normal 0.608665 0.793427 -0
    outer loop
      vertex -31.0038 50.528 0
      vertex -31.1249 50.6209 12
      vertex -31.0038 50.528 12
    endloop
  endfacet
  facet normal 0.608665 0.793427 0
    outer loop
      vertex -31.1249 50.6209 12
      vertex -31.0038 50.528 0
      vertex -31.1249 50.6209 0
    endloop
  endfacet
  facet normal -0.130963 -0.991387 0
    outer loop
      vertex -29.8475 53.7049 0
      vertex -29.6961 53.6849 12
      vertex -29.8475 53.7049 12
    endloop
  endfacet
  facet normal -0.130963 -0.991387 -0
    outer loop
      vertex -29.6961 53.6849 12
      vertex -29.8475 53.7049 0
      vertex -29.6961 53.6849 0
    endloop
  endfacet
  facet normal 0.0438921 0.999036 -0
    outer loop
      vertex -30 50.2115 0
      vertex -30.1525 50.2182 12
      vertex -30 50.2115 12
    endloop
  endfacet
  facet normal 0.0438921 0.999036 0
    outer loop
      vertex -30.1525 50.2182 12
      vertex -30 50.2115 0
      vertex -30.1525 50.2182 0
    endloop
  endfacet
  facet normal -0.382429 0.923985 0
    outer loop
      vertex -29.2604 50.3755 0
      vertex -29.4015 50.3171 12
      vertex -29.2604 50.3755 12
    endloop
  endfacet
  facet normal -0.382429 0.923985 0
    outer loop
      vertex -29.4015 50.3171 12
      vertex -29.2604 50.3755 0
      vertex -29.4015 50.3171 0
    endloop
  endfacet
  facet normal 0.736909 0.675992 0
    outer loop
      vertex -31.2374 50.7241 12
      vertex -31.3406 50.8366 0
      vertex -31.3406 50.8366 12
    endloop
  endfacet
  facet normal 0.736909 0.675992 0
    outer loop
      vertex -31.3406 50.8366 0
      vertex -31.2374 50.7241 12
      vertex -31.2374 50.7241 0
    endloop
  endfacet
  facet normal -0.736909 0.675992 0
    outer loop
      vertex -28.7626 50.7241 0
      vertex -28.6594 50.8366 12
      vertex -28.6594 50.8366 0
    endloop
  endfacet
  facet normal -0.736909 0.675992 0
    outer loop
      vertex -28.6594 50.8366 12
      vertex -28.7626 50.7241 0
      vertex -28.7626 50.7241 12
    endloop
  endfacet
  facet normal 0.976372 -0.216098 0
    outer loop
      vertex -31.7234 52.2654 12
      vertex -31.6904 52.4145 0
      vertex -31.6904 52.4145 12
    endloop
  endfacet
  facet normal 0.976372 -0.216098 0
    outer loop
      vertex -31.6904 52.4145 0
      vertex -31.7234 52.2654 12
      vertex -31.7234 52.2654 0
    endloop
  endfacet
  facet normal -0.461827 0.88697 0
    outer loop
      vertex -29.125 50.446 0
      vertex -29.2604 50.3755 12
      vertex -29.125 50.446 12
    endloop
  endfacet
  facet normal -0.461827 0.88697 0
    outer loop
      vertex -29.2604 50.3755 12
      vertex -29.125 50.446 0
      vertex -29.2604 50.3755 0
    endloop
  endfacet
  facet normal -0.793427 -0.608665 0
    outer loop
      vertex -28.5665 52.9653 0
      vertex -28.6594 53.0864 12
      vertex -28.6594 53.0864 0
    endloop
  endfacet
  facet normal -0.793427 -0.608665 0
    outer loop
      vertex -28.6594 53.0864 12
      vertex -28.5665 52.9653 0
      vertex -28.5665 52.9653 12
    endloop
  endfacet
  facet normal -0.999036 0.0438921 0
    outer loop
      vertex -28.2567 51.809 0
      vertex -28.25 51.9615 12
      vertex -28.25 51.9615 0
    endloop
  endfacet
  facet normal -0.999036 0.0438921 0
    outer loop
      vertex -28.25 51.9615 12
      vertex -28.2567 51.809 0
      vertex -28.2567 51.809 12
    endloop
  endfacet
  facet normal -0.976341 0.216237 0
    outer loop
      vertex -28.3096 51.5086 0
      vertex -28.2766 51.6576 12
      vertex -28.2766 51.6576 0
    endloop
  endfacet
  facet normal -0.976341 0.216237 0
    outer loop
      vertex -28.2766 51.6576 12
      vertex -28.3096 51.5086 0
      vertex -28.3096 51.5086 12
    endloop
  endfacet
  facet normal -0.88697 0.461827 0
    outer loop
      vertex -28.4845 51.0865 0
      vertex -28.414 51.2219 12
      vertex -28.414 51.2219 0
    endloop
  endfacet
  facet normal -0.88697 0.461827 0
    outer loop
      vertex -28.414 51.2219 12
      vertex -28.4845 51.0865 0
      vertex -28.4845 51.0865 12
    endloop
  endfacet
  facet normal -0.382429 -0.923985 0
    outer loop
      vertex -29.4015 53.606 0
      vertex -29.2604 53.5476 12
      vertex -29.4015 53.606 12
    endloop
  endfacet
  facet normal -0.382429 -0.923985 -0
    outer loop
      vertex -29.2604 53.5476 12
      vertex -29.4015 53.606 0
      vertex -29.2604 53.5476 0
    endloop
  endfacet
  facet normal 0.300661 -0.953731 0
    outer loop
      vertex -30.5985 53.606 0
      vertex -30.4529 53.6519 12
      vertex -30.5985 53.606 12
    endloop
  endfacet
  facet normal 0.300661 -0.953731 0
    outer loop
      vertex -30.4529 53.6519 12
      vertex -30.5985 53.606 0
      vertex -30.4529 53.6519 0
    endloop
  endfacet
  facet normal -0.537511 -0.843257 0
    outer loop
      vertex -29.125 53.4771 0
      vertex -28.9962 53.395 12
      vertex -29.125 53.4771 12
    endloop
  endfacet
  facet normal -0.537511 -0.843257 -0
    outer loop
      vertex -28.9962 53.395 12
      vertex -29.125 53.4771 0
      vertex -28.9962 53.395 0
    endloop
  endfacet
  facet normal -0.130319 0.991472 0
    outer loop
      vertex -29.6961 50.2381 0
      vertex -29.8475 50.2182 12
      vertex -29.6961 50.2381 12
    endloop
  endfacet
  facet normal -0.130319 0.991472 0
    outer loop
      vertex -29.8475 50.2182 12
      vertex -29.6961 50.2381 0
      vertex -29.8475 50.2182 0
    endloop
  endfacet
  facet normal -0.461827 -0.88697 0
    outer loop
      vertex -29.2604 53.5476 0
      vertex -29.125 53.4771 12
      vertex -29.2604 53.5476 12
    endloop
  endfacet
  facet normal -0.461827 -0.88697 -0
    outer loop
      vertex -29.125 53.4771 12
      vertex -29.2604 53.5476 0
      vertex -29.125 53.4771 0
    endloop
  endfacet
  facet normal -0.923657 -0.38322 0
    outer loop
      vertex -28.3555 52.5601 0
      vertex -28.414 52.7011 12
      vertex -28.414 52.7011 0
    endloop
  endfacet
  facet normal -0.923657 -0.38322 0
    outer loop
      vertex -28.414 52.7011 12
      vertex -28.3555 52.5601 0
      vertex -28.3555 52.5601 12
    endloop
  endfacet
  facet normal 0.216861 0.976202 -0
    outer loop
      vertex -30.3039 50.2381 0
      vertex -30.4529 50.2712 12
      vertex -30.3039 50.2381 12
    endloop
  endfacet
  facet normal 0.216861 0.976202 0
    outer loop
      vertex -30.4529 50.2712 12
      vertex -30.3039 50.2381 0
      vertex -30.4529 50.2712 0
    endloop
  endfacet
  facet normal -0.0432382 -0.999065 0
    outer loop
      vertex -30 53.7115 0
      vertex -29.8475 53.7049 12
      vertex -30 53.7115 12
    endloop
  endfacet
  facet normal -0.0432382 -0.999065 -0
    outer loop
      vertex -29.8475 53.7049 12
      vertex -30 53.7115 0
      vertex -29.8475 53.7049 0
    endloop
  endfacet
  facet normal 0.843365 0.537342 0
    outer loop
      vertex -31.4335 50.9578 12
      vertex -31.5155 51.0865 0
      vertex -31.5155 51.0865 12
    endloop
  endfacet
  facet normal 0.843365 0.537342 0
    outer loop
      vertex -31.5155 51.0865 0
      vertex -31.4335 50.9578 12
      vertex -31.4335 50.9578 0
    endloop
  endfacet
  facet normal 0.953731 -0.300661 0
    outer loop
      vertex -31.6904 52.4145 12
      vertex -31.6445 52.5601 0
      vertex -31.6445 52.5601 12
    endloop
  endfacet
  facet normal 0.953731 -0.300661 0
    outer loop
      vertex -31.6445 52.5601 0
      vertex -31.6904 52.4145 12
      vertex -31.6904 52.4145 0
    endloop
  endfacet
  facet normal 0.953731 0.300661 0
    outer loop
      vertex -31.6445 51.363 12
      vertex -31.6904 51.5086 0
      vertex -31.6904 51.5086 12
    endloop
  endfacet
  facet normal 0.953731 0.300661 0
    outer loop
      vertex -31.6904 51.5086 0
      vertex -31.6445 51.363 12
      vertex -31.6445 51.363 0
    endloop
  endfacet
  facet normal 0.130963 -0.991387 0
    outer loop
      vertex -30.3039 53.6849 0
      vertex -30.1525 53.7049 12
      vertex -30.3039 53.6849 12
    endloop
  endfacet
  facet normal 0.130963 -0.991387 0
    outer loop
      vertex -30.1525 53.7049 12
      vertex -30.3039 53.6849 0
      vertex -30.1525 53.7049 0
    endloop
  endfacet
  facet normal 0.999036 0.0438921 0
    outer loop
      vertex -31.7433 51.809 12
      vertex -31.75 51.9615 0
      vertex -31.75 51.9615 12
    endloop
  endfacet
  facet normal 0.999036 0.0438921 0
    outer loop
      vertex -31.75 51.9615 0
      vertex -31.7433 51.809 12
      vertex -31.7433 51.809 0
    endloop
  endfacet
  facet normal 0.923657 -0.38322 0
    outer loop
      vertex -31.6445 52.5601 12
      vertex -31.586 52.7011 0
      vertex -31.586 52.7011 12
    endloop
  endfacet
  facet normal 0.923657 -0.38322 0
    outer loop
      vertex -31.586 52.7011 0
      vertex -31.6445 52.5601 12
      vertex -31.6445 52.5601 0
    endloop
  endfacet
  facet normal 0.300661 0.953731 -0
    outer loop
      vertex -30.4529 50.2712 0
      vertex -30.5985 50.3171 12
      vertex -30.4529 50.2712 12
    endloop
  endfacet
  facet normal 0.300661 0.953731 0
    outer loop
      vertex -30.5985 50.3171 12
      vertex -30.4529 50.2712 0
      vertex -30.5985 50.3171 0
    endloop
  endfacet
  facet normal -0.0438921 0.999036 0
    outer loop
      vertex -29.8475 50.2182 0
      vertex -30 50.2115 12
      vertex -29.8475 50.2182 12
    endloop
  endfacet
  facet normal -0.0438921 0.999036 0
    outer loop
      vertex -30 50.2115 12
      vertex -29.8475 50.2182 0
      vertex -30 50.2115 0
    endloop
  endfacet
  facet normal 0.461827 0.88697 -0
    outer loop
      vertex -30.7396 50.3755 0
      vertex -30.875 50.446 12
      vertex -30.7396 50.3755 12
    endloop
  endfacet
  facet normal 0.461827 0.88697 0
    outer loop
      vertex -30.875 50.446 12
      vertex -30.7396 50.3755 0
      vertex -30.875 50.446 0
    endloop
  endfacet
  facet normal 0.0432382 -0.999065 0
    outer loop
      vertex -30.1525 53.7049 0
      vertex -30 53.7115 12
      vertex -30.1525 53.7049 12
    endloop
  endfacet
  facet normal 0.0432382 -0.999065 0
    outer loop
      vertex -30 53.7115 12
      vertex -30.1525 53.7049 0
      vertex -30 53.7115 0
    endloop
  endfacet
  facet normal -0.216237 -0.976341 0
    outer loop
      vertex -29.6961 53.6849 0
      vertex -29.5471 53.6519 12
      vertex -29.6961 53.6849 12
    endloop
  endfacet
  facet normal -0.216237 -0.976341 -0
    outer loop
      vertex -29.5471 53.6519 12
      vertex -29.6961 53.6849 0
      vertex -29.5471 53.6519 0
    endloop
  endfacet
  facet normal 0.382429 -0.923985 0
    outer loop
      vertex -30.7396 53.5476 0
      vertex -30.5985 53.606 12
      vertex -30.7396 53.5476 12
    endloop
  endfacet
  facet normal 0.382429 -0.923985 0
    outer loop
      vertex -30.5985 53.606 12
      vertex -30.7396 53.5476 0
      vertex -30.5985 53.606 0
    endloop
  endfacet
  facet normal 0.737208 -0.675665 0
    outer loop
      vertex -31.3406 53.0864 12
      vertex -31.2374 53.199 0
      vertex -31.2374 53.199 12
    endloop
  endfacet
  facet normal 0.737208 -0.675665 0
    outer loop
      vertex -31.2374 53.199 0
      vertex -31.3406 53.0864 12
      vertex -31.3406 53.0864 0
    endloop
  endfacet
  facet normal -0.537045 0.843554 0
    outer loop
      vertex -28.9962 50.528 0
      vertex -29.125 50.446 12
      vertex -28.9962 50.528 12
    endloop
  endfacet
  facet normal -0.537045 0.843554 0
    outer loop
      vertex -29.125 50.446 12
      vertex -28.9962 50.528 0
      vertex -29.125 50.446 0
    endloop
  endfacet
  facet normal 0.999036 -0.0438921 0
    outer loop
      vertex -31.75 51.9615 12
      vertex -31.7433 52.114 0
      vertex -31.7433 52.114 12
    endloop
  endfacet
  facet normal 0.999036 -0.0438921 0
    outer loop
      vertex -31.7433 52.114 0
      vertex -31.75 51.9615 12
      vertex -31.75 51.9615 0
    endloop
  endfacet
  facet normal -0.608665 0.793427 0
    outer loop
      vertex -28.8751 50.6209 0
      vertex -28.9962 50.528 12
      vertex -28.8751 50.6209 12
    endloop
  endfacet
  facet normal -0.608665 0.793427 0
    outer loop
      vertex -28.9962 50.528 12
      vertex -28.8751 50.6209 0
      vertex -28.9962 50.528 0
    endloop
  endfacet
  facet normal 0.537511 -0.843257 0
    outer loop
      vertex -31.0038 53.395 0
      vertex -30.875 53.4771 12
      vertex -31.0038 53.395 12
    endloop
  endfacet
  facet normal 0.537511 -0.843257 0
    outer loop
      vertex -30.875 53.4771 12
      vertex -31.0038 53.395 0
      vertex -30.875 53.4771 0
    endloop
  endfacet
  facet normal -0.991472 0.130319 0
    outer loop
      vertex -28.2766 51.6576 0
      vertex -28.2567 51.809 12
      vertex -28.2567 51.809 0
    endloop
  endfacet
  facet normal -0.991472 0.130319 0
    outer loop
      vertex -28.2567 51.809 12
      vertex -28.2766 51.6576 0
      vertex -28.2766 51.6576 12
    endloop
  endfacet
  facet normal -0.953731 0.300661 0
    outer loop
      vertex -28.3555 51.363 0
      vertex -28.3096 51.5086 12
      vertex -28.3096 51.5086 0
    endloop
  endfacet
  facet normal -0.953731 0.300661 0
    outer loop
      vertex -28.3096 51.5086 12
      vertex -28.3555 51.363 0
      vertex -28.3555 51.363 12
    endloop
  endfacet
  facet normal -0.300661 -0.953731 0
    outer loop
      vertex -29.5471 53.6519 0
      vertex -29.4015 53.606 12
      vertex -29.5471 53.6519 12
    endloop
  endfacet
  facet normal -0.300661 -0.953731 -0
    outer loop
      vertex -29.4015 53.606 12
      vertex -29.5471 53.6519 0
      vertex -29.4015 53.606 0
    endloop
  endfacet
  facet normal 0.88697 -0.461827 0
    outer loop
      vertex -31.586 52.7011 12
      vertex -31.5155 52.8365 0
      vertex -31.5155 52.8365 12
    endloop
  endfacet
  facet normal 0.88697 -0.461827 0
    outer loop
      vertex -31.5155 52.8365 0
      vertex -31.586 52.7011 12
      vertex -31.586 52.7011 0
    endloop
  endfacet
  facet normal 0.88697 0.461827 0
    outer loop
      vertex -31.5155 51.0865 12
      vertex -31.586 51.2219 0
      vertex -31.586 51.2219 12
    endloop
  endfacet
  facet normal 0.88697 0.461827 0
    outer loop
      vertex -31.586 51.2219 0
      vertex -31.5155 51.0865 12
      vertex -31.5155 51.0865 0
    endloop
  endfacet
  facet normal -0.991468 -0.130351 0
    outer loop
      vertex -58.2567 0.152522 0
      vertex -58.2766 0.303884 12
      vertex -58.2766 0.303884 0
    endloop
  endfacet
  facet normal -0.991468 -0.130351 0
    outer loop
      vertex -58.2766 0.303884 12
      vertex -58.2567 0.152522 0
      vertex -58.2567 0.152522 12
    endloop
  endfacet
  facet normal -0.999037 -0.0438858 0
    outer loop
      vertex -58.25 0 0
      vertex -58.2567 0.152522 12
      vertex -58.2567 0.152522 0
    endloop
  endfacet
  facet normal -0.999037 -0.0438858 0
    outer loop
      vertex -58.2567 0.152522 12
      vertex -58.25 0 0
      vertex -58.25 0 12
    endloop
  endfacet
  facet normal -0.976356 -0.216169 0
    outer loop
      vertex -58.2766 0.303884 0
      vertex -58.3096 0.452933 12
      vertex -58.3096 0.452933 0
    endloop
  endfacet
  facet normal -0.976356 -0.216169 0
    outer loop
      vertex -58.3096 0.452933 12
      vertex -58.2766 0.303884 0
      vertex -58.2766 0.303884 12
    endloop
  endfacet
  facet normal -0.216486 -0.976286 0
    outer loop
      vertex -59.6961 1.72341 0
      vertex -59.5471 1.69037 12
      vertex -59.6961 1.72341 12
    endloop
  endfacet
  facet normal -0.216486 -0.976286 -0
    outer loop
      vertex -59.5471 1.69037 12
      vertex -59.6961 1.72341 0
      vertex -59.5471 1.69037 0
    endloop
  endfacet
  facet normal -0.675778 0.737105 0
    outer loop
      vertex -58.7626 -1.23744 0
      vertex -58.8751 -1.34058 12
      vertex -58.7626 -1.23744 12
    endloop
  endfacet
  facet normal -0.675778 0.737105 0
    outer loop
      vertex -58.8751 -1.34058 12
      vertex -58.7626 -1.23744 0
      vertex -58.8751 -1.34058 0
    endloop
  endfacet
  facet normal 0.216486 0.976286 -0
    outer loop
      vertex -60.3039 -1.72341 0
      vertex -60.4529 -1.69037 12
      vertex -60.3039 -1.72341 12
    endloop
  endfacet
  facet normal 0.216486 0.976286 0
    outer loop
      vertex -60.4529 -1.69037 12
      vertex -60.3039 -1.72341 0
      vertex -60.4529 -1.69037 0
    endloop
  endfacet
  facet normal -0.793476 -0.608602 0
    outer loop
      vertex -58.5665 1.00376 0
      vertex -58.6594 1.12488 12
      vertex -58.6594 1.12488 0
    endloop
  endfacet
  facet normal -0.793476 -0.608602 0
    outer loop
      vertex -58.6594 1.12488 12
      vertex -58.5665 1.00376 0
      vertex -58.5665 1.00376 12
    endloop
  endfacet
  facet normal 0.843478 0.537164 0
    outer loop
      vertex -61.4335 -1.00376 12
      vertex -61.5155 -0.875 0
      vertex -61.5155 -0.875 12
    endloop
  endfacet
  facet normal 0.843478 0.537164 0
    outer loop
      vertex -61.5155 -0.875 0
      vertex -61.4335 -1.00376 12
      vertex -61.4335 -1.00376 0
    endloop
  endfacet
  facet normal 0.300721 -0.953712 0
    outer loop
      vertex -60.5985 1.64446 0
      vertex -60.4529 1.69037 12
      vertex -60.5985 1.64446 12
    endloop
  endfacet
  facet normal 0.300721 -0.953712 0
    outer loop
      vertex -60.4529 1.69037 12
      vertex -60.5985 1.64446 0
      vertex -60.4529 1.69037 0
    endloop
  endfacet
  facet normal -0.130512 -0.991447 0
    outer loop
      vertex -59.8475 1.74334 0
      vertex -59.6961 1.72341 12
      vertex -59.8475 1.74334 12
    endloop
  endfacet
  facet normal -0.130512 -0.991447 -0
    outer loop
      vertex -59.6961 1.72341 12
      vertex -59.8475 1.74334 0
      vertex -59.6961 1.72341 0
    endloop
  endfacet
  facet normal -0.675778 -0.737105 0
    outer loop
      vertex -58.8751 1.34058 0
      vertex -58.7626 1.23744 12
      vertex -58.8751 1.34058 12
    endloop
  endfacet
  facet normal -0.675778 -0.737105 -0
    outer loop
      vertex -58.7626 1.23744 12
      vertex -58.8751 1.34058 0
      vertex -58.7626 1.23744 0
    endloop
  endfacet
  facet normal -0.737089 -0.675796 0
    outer loop
      vertex -58.6594 1.12488 0
      vertex -58.7626 1.23744 12
      vertex -58.7626 1.23744 0
    endloop
  endfacet
  facet normal -0.737089 -0.675796 0
    outer loop
      vertex -58.7626 1.23744 12
      vertex -58.6594 1.12488 0
      vertex -58.6594 1.12488 12
    endloop
  endfacet
  facet normal -0.130512 0.991447 0
    outer loop
      vertex -59.6961 -1.72341 0
      vertex -59.8475 -1.74334 12
      vertex -59.6961 -1.72341 12
    endloop
  endfacet
  facet normal -0.130512 0.991447 0
    outer loop
      vertex -59.8475 -1.74334 12
      vertex -59.6961 -1.72341 0
      vertex -59.8475 -1.74334 0
    endloop
  endfacet
  facet normal -0.999037 0.0438858 0
    outer loop
      vertex -58.2567 -0.152522 0
      vertex -58.25 0 12
      vertex -58.25 0 0
    endloop
  endfacet
  facet normal -0.999037 0.0438858 0
    outer loop
      vertex -58.25 0 12
      vertex -58.2567 -0.152522 0
      vertex -58.2567 -0.152522 12
    endloop
  endfacet
  facet normal -0.382541 -0.923939 0
    outer loop
      vertex -59.4015 1.64446 0
      vertex -59.2604 1.58604 12
      vertex -59.4015 1.64446 12
    endloop
  endfacet
  facet normal -0.382541 -0.923939 -0
    outer loop
      vertex -59.2604 1.58604 12
      vertex -59.4015 1.64446 0
      vertex -59.2604 1.58604 0
    endloop
  endfacet
  facet normal -0.793476 0.608602 0
    outer loop
      vertex -58.6594 -1.12488 0
      vertex -58.5665 -1.00376 12
      vertex -58.5665 -1.00376 0
    endloop
  endfacet
  facet normal -0.793476 0.608602 0
    outer loop
      vertex -58.5665 -1.00376 12
      vertex -58.6594 -1.12488 0
      vertex -58.6594 -1.12488 12
    endloop
  endfacet
  facet normal 0.130512 -0.991447 0
    outer loop
      vertex -60.3039 1.72341 0
      vertex -60.1525 1.74334 12
      vertex -60.3039 1.72341 12
    endloop
  endfacet
  facet normal 0.130512 -0.991447 0
    outer loop
      vertex -60.1525 1.74334 12
      vertex -60.3039 1.72341 0
      vertex -60.1525 1.74334 0
    endloop
  endfacet
  facet normal -0.923702 -0.383113 0
    outer loop
      vertex -58.3555 0.598535 0
      vertex -58.414 0.739581 12
      vertex -58.414 0.739581 0
    endloop
  endfacet
  facet normal -0.923702 -0.383113 0
    outer loop
      vertex -58.414 0.739581 12
      vertex -58.3555 0.598535 0
      vertex -58.3555 0.598535 12
    endloop
  endfacet
  facet normal 0.976356 0.216169 0
    outer loop
      vertex -61.6904 -0.452933 12
      vertex -61.7234 -0.303884 0
      vertex -61.7234 -0.303884 12
    endloop
  endfacet
  facet normal 0.976356 0.216169 0
    outer loop
      vertex -61.7234 -0.303884 0
      vertex -61.6904 -0.452933 12
      vertex -61.6904 -0.452933 0
    endloop
  endfacet
  facet normal -0.953732 -0.300657 0
    outer loop
      vertex -58.3096 0.452933 0
      vertex -58.3555 0.598535 12
      vertex -58.3555 0.598535 0
    endloop
  endfacet
  facet normal -0.953732 -0.300657 0
    outer loop
      vertex -58.3555 0.598535 12
      vertex -58.3096 0.452933 0
      vertex -58.3096 0.452933 12
    endloop
  endfacet
  facet normal -0.382541 0.923939 0
    outer loop
      vertex -59.2604 -1.58604 0
      vertex -59.4015 -1.64446 12
      vertex -59.2604 -1.58604 12
    endloop
  endfacet
  facet normal -0.382541 0.923939 0
    outer loop
      vertex -59.4015 -1.64446 12
      vertex -59.2604 -1.58604 0
      vertex -59.4015 -1.64446 0
    endloop
  endfacet
  facet normal 0.976356 -0.216169 0
    outer loop
      vertex -61.7234 0.303884 12
      vertex -61.6904 0.452933 0
      vertex -61.6904 0.452933 12
    endloop
  endfacet
  facet normal 0.976356 -0.216169 0
    outer loop
      vertex -61.6904 0.452933 0
      vertex -61.7234 0.303884 12
      vertex -61.7234 0.303884 0
    endloop
  endfacet
  facet normal 0.216486 -0.976286 0
    outer loop
      vertex -60.4529 1.69037 0
      vertex -60.3039 1.72341 12
      vertex -60.4529 1.69037 12
    endloop
  endfacet
  facet normal 0.216486 -0.976286 0
    outer loop
      vertex -60.3039 1.72341 12
      vertex -60.4529 1.69037 0
      vertex -60.3039 1.72341 0
    endloop
  endfacet
  facet normal -0.300721 -0.953712 0
    outer loop
      vertex -59.5471 1.69037 0
      vertex -59.4015 1.64446 12
      vertex -59.5471 1.69037 12
    endloop
  endfacet
  facet normal -0.300721 -0.953712 -0
    outer loop
      vertex -59.4015 1.64446 12
      vertex -59.5471 1.69037 0
      vertex -59.4015 1.64446 0
    endloop
  endfacet
  facet normal -0.923702 0.383113 0
    outer loop
      vertex -58.414 -0.739581 0
      vertex -58.3555 -0.598535 12
      vertex -58.3555 -0.598535 0
    endloop
  endfacet
  facet normal -0.923702 0.383113 0
    outer loop
      vertex -58.3555 -0.598535 12
      vertex -58.414 -0.739581 0
      vertex -58.414 -0.739581 12
    endloop
  endfacet
  facet normal -0.60883 0.7933 0
    outer loop
      vertex -58.8751 -1.34058 0
      vertex -58.9962 -1.43352 12
      vertex -58.8751 -1.34058 12
    endloop
  endfacet
  facet normal -0.60883 0.7933 0
    outer loop
      vertex -58.9962 -1.43352 12
      vertex -58.8751 -1.34058 0
      vertex -58.9962 -1.43352 0
    endloop
  endfacet
  facet normal -0.537138 -0.843494 0
    outer loop
      vertex -59.125 1.51554 0
      vertex -58.9962 1.43352 12
      vertex -59.125 1.51554 12
    endloop
  endfacet
  facet normal -0.537138 -0.843494 -0
    outer loop
      vertex -58.9962 1.43352 12
      vertex -59.125 1.51554 0
      vertex -58.9962 1.43352 0
    endloop
  endfacet
  facet normal 0.0436305 0.999048 -0
    outer loop
      vertex -60 -1.75 0
      vertex -60.1525 -1.74334 12
      vertex -60 -1.75 12
    endloop
  endfacet
  facet normal 0.0436305 0.999048 0
    outer loop
      vertex -60.1525 -1.74334 12
      vertex -60 -1.75 0
      vertex -60.1525 -1.74334 0
    endloop
  endfacet
  facet normal 0.793476 -0.608602 0
    outer loop
      vertex -61.4335 1.00376 12
      vertex -61.3406 1.12488 0
      vertex -61.3406 1.12488 12
    endloop
  endfacet
  facet normal 0.793476 -0.608602 0
    outer loop
      vertex -61.3406 1.12488 0
      vertex -61.4335 1.00376 12
      vertex -61.4335 1.00376 0
    endloop
  endfacet
  facet normal 0.953732 0.300657 0
    outer loop
      vertex -61.6445 -0.598535 12
      vertex -61.6904 -0.452933 0
      vertex -61.6904 -0.452933 12
    endloop
  endfacet
  facet normal 0.953732 0.300657 0
    outer loop
      vertex -61.6904 -0.452933 0
      vertex -61.6445 -0.598535 12
      vertex -61.6445 -0.598535 0
    endloop
  endfacet
  facet normal 0.953732 -0.300657 0
    outer loop
      vertex -61.6904 0.452933 12
      vertex -61.6445 0.598535 0
      vertex -61.6445 0.598535 12
    endloop
  endfacet
  facet normal 0.953732 -0.300657 0
    outer loop
      vertex -61.6445 0.598535 0
      vertex -61.6904 0.452933 12
      vertex -61.6904 0.452933 0
    endloop
  endfacet
  facet normal -0.300721 0.953712 0
    outer loop
      vertex -59.4015 -1.64446 0
      vertex -59.5471 -1.69037 12
      vertex -59.4015 -1.64446 12
    endloop
  endfacet
  facet normal -0.300721 0.953712 0
    outer loop
      vertex -59.5471 -1.69037 12
      vertex -59.4015 -1.64446 0
      vertex -59.5471 -1.69037 0
    endloop
  endfacet
  facet normal -0.843478 -0.537164 0
    outer loop
      vertex -58.4845 0.875 0
      vertex -58.5665 1.00376 12
      vertex -58.5665 1.00376 0
    endloop
  endfacet
  facet normal -0.843478 -0.537164 0
    outer loop
      vertex -58.5665 1.00376 12
      vertex -58.4845 0.875 0
      vertex -58.4845 0.875 12
    endloop
  endfacet
  facet normal 0.793476 0.608602 0
    outer loop
      vertex -61.3406 -1.12488 12
      vertex -61.4335 -1.00376 0
      vertex -61.4335 -1.00376 12
    endloop
  endfacet
  facet normal 0.793476 0.608602 0
    outer loop
      vertex -61.4335 -1.00376 0
      vertex -61.3406 -1.12488 12
      vertex -61.3406 -1.12488 0
    endloop
  endfacet
  facet normal -0.953732 0.300657 0
    outer loop
      vertex -58.3555 -0.598535 0
      vertex -58.3096 -0.452933 12
      vertex -58.3096 -0.452933 0
    endloop
  endfacet
  facet normal -0.953732 0.300657 0
    outer loop
      vertex -58.3096 -0.452933 12
      vertex -58.3555 -0.598535 0
      vertex -58.3555 -0.598535 12
    endloop
  endfacet
  facet normal -0.976356 0.216169 0
    outer loop
      vertex -58.3096 -0.452933 0
      vertex -58.2766 -0.303884 12
      vertex -58.2766 -0.303884 0
    endloop
  endfacet
  facet normal -0.976356 0.216169 0
    outer loop
      vertex -58.2766 -0.303884 12
      vertex -58.3096 -0.452933 0
      vertex -58.3096 -0.452933 12
    endloop
  endfacet
  facet normal -0.0436305 -0.999048 0
    outer loop
      vertex -60 1.75 0
      vertex -59.8475 1.74334 12
      vertex -60 1.75 12
    endloop
  endfacet
  facet normal -0.0436305 -0.999048 -0
    outer loop
      vertex -59.8475 1.74334 12
      vertex -60 1.75 0
      vertex -59.8475 1.74334 0
    endloop
  endfacet
  facet normal -0.60883 -0.7933 0
    outer loop
      vertex -58.9962 1.43352 0
      vertex -58.8751 1.34058 12
      vertex -58.9962 1.43352 12
    endloop
  endfacet
  facet normal -0.60883 -0.7933 -0
    outer loop
      vertex -58.8751 1.34058 12
      vertex -58.9962 1.43352 0
      vertex -58.8751 1.34058 0
    endloop
  endfacet
  facet normal 0.60883 -0.7933 0
    outer loop
      vertex -61.1249 1.34058 0
      vertex -61.0038 1.43352 12
      vertex -61.1249 1.34058 12
    endloop
  endfacet
  facet normal 0.60883 -0.7933 0
    outer loop
      vertex -61.0038 1.43352 12
      vertex -61.1249 1.34058 0
      vertex -61.0038 1.43352 0
    endloop
  endfacet
  facet normal -0.0436305 0.999048 0
    outer loop
      vertex -59.8475 -1.74334 0
      vertex -60 -1.75 12
      vertex -59.8475 -1.74334 12
    endloop
  endfacet
  facet normal -0.0436305 0.999048 0
    outer loop
      vertex -60 -1.75 12
      vertex -59.8475 -1.74334 0
      vertex -60 -1.75 0
    endloop
  endfacet
  facet normal 0.382541 -0.923939 0
    outer loop
      vertex -60.7396 1.58604 0
      vertex -60.5985 1.64446 12
      vertex -60.7396 1.58604 12
    endloop
  endfacet
  facet normal 0.382541 -0.923939 0
    outer loop
      vertex -60.5985 1.64446 12
      vertex -60.7396 1.58604 0
      vertex -60.5985 1.64446 0
    endloop
  endfacet
  facet normal -0.843478 0.537164 0
    outer loop
      vertex -58.5665 -1.00376 0
      vertex -58.4845 -0.875 12
      vertex -58.4845 -0.875 0
    endloop
  endfacet
  facet normal -0.843478 0.537164 0
    outer loop
      vertex -58.4845 -0.875 12
      vertex -58.5665 -1.00376 0
      vertex -58.5665 -1.00376 12
    endloop
  endfacet
  facet normal 0.999037 -0.0438858 0
    outer loop
      vertex -61.75 0 12
      vertex -61.7433 0.152522 0
      vertex -61.7433 0.152522 12
    endloop
  endfacet
  facet normal 0.999037 -0.0438858 0
    outer loop
      vertex -61.7433 0.152522 0
      vertex -61.75 0 12
      vertex -61.75 0 0
    endloop
  endfacet
  facet normal 0.886997 0.461776 0
    outer loop
      vertex -61.5155 -0.875 12
      vertex -61.586 -0.739581 0
      vertex -61.586 -0.739581 12
    endloop
  endfacet
  facet normal 0.886997 0.461776 0
    outer loop
      vertex -61.586 -0.739581 0
      vertex -61.5155 -0.875 12
      vertex -61.5155 -0.875 0
    endloop
  endfacet
  facet normal -0.537138 0.843494 0
    outer loop
      vertex -58.9962 -1.43352 0
      vertex -59.125 -1.51554 12
      vertex -58.9962 -1.43352 12
    endloop
  endfacet
  facet normal -0.537138 0.843494 0
    outer loop
      vertex -59.125 -1.51554 12
      vertex -58.9962 -1.43352 0
      vertex -59.125 -1.51554 0
    endloop
  endfacet
  facet normal -0.461827 -0.88697 0
    outer loop
      vertex -59.2604 1.58604 0
      vertex -59.125 1.51554 12
      vertex -59.2604 1.58604 12
    endloop
  endfacet
  facet normal -0.461827 -0.88697 -0
    outer loop
      vertex -59.125 1.51554 12
      vertex -59.2604 1.58604 0
      vertex -59.125 1.51554 0
    endloop
  endfacet
  facet normal -0.991468 0.130351 0
    outer loop
      vertex -58.2766 -0.303884 0
      vertex -58.2567 -0.152522 12
      vertex -58.2567 -0.152522 0
    endloop
  endfacet
  facet normal -0.991468 0.130351 0
    outer loop
      vertex -58.2567 -0.152522 12
      vertex -58.2766 -0.303884 0
      vertex -58.2766 -0.303884 12
    endloop
  endfacet
  facet normal 0.461827 -0.88697 0
    outer loop
      vertex -60.875 1.51554 0
      vertex -60.7396 1.58604 12
      vertex -60.875 1.51554 12
    endloop
  endfacet
  facet normal 0.461827 -0.88697 0
    outer loop
      vertex -60.7396 1.58604 12
      vertex -60.875 1.51554 0
      vertex -60.7396 1.58604 0
    endloop
  endfacet
  facet normal 0.923702 0.383113 0
    outer loop
      vertex -61.586 -0.739581 12
      vertex -61.6445 -0.598535 0
      vertex -61.6445 -0.598535 12
    endloop
  endfacet
  facet normal 0.923702 0.383113 0
    outer loop
      vertex -61.6445 -0.598535 0
      vertex -61.586 -0.739581 12
      vertex -61.586 -0.739581 0
    endloop
  endfacet
  facet normal -0.886997 -0.461776 0
    outer loop
      vertex -58.414 0.739581 0
      vertex -58.4845 0.875 12
      vertex -58.4845 0.875 0
    endloop
  endfacet
  facet normal -0.886997 -0.461776 0
    outer loop
      vertex -58.4845 0.875 12
      vertex -58.414 0.739581 0
      vertex -58.414 0.739581 12
    endloop
  endfacet
  facet normal 0.923702 -0.383113 0
    outer loop
      vertex -61.6445 0.598535 12
      vertex -61.586 0.739581 0
      vertex -61.586 0.739581 12
    endloop
  endfacet
  facet normal 0.923702 -0.383113 0
    outer loop
      vertex -61.586 0.739581 0
      vertex -61.6445 0.598535 12
      vertex -61.6445 0.598535 0
    endloop
  endfacet
  facet normal 0.130512 0.991447 -0
    outer loop
      vertex -60.1525 -1.74334 0
      vertex -60.3039 -1.72341 12
      vertex -60.1525 -1.74334 12
    endloop
  endfacet
  facet normal 0.130512 0.991447 0
    outer loop
      vertex -60.3039 -1.72341 12
      vertex -60.1525 -1.74334 0
      vertex -60.3039 -1.72341 0
    endloop
  endfacet
  facet normal -0.461827 0.88697 0
    outer loop
      vertex -59.125 -1.51554 0
      vertex -59.2604 -1.58604 12
      vertex -59.125 -1.51554 12
    endloop
  endfacet
  facet normal -0.461827 0.88697 0
    outer loop
      vertex -59.2604 -1.58604 12
      vertex -59.125 -1.51554 0
      vertex -59.2604 -1.58604 0
    endloop
  endfacet
  facet normal 0.675778 -0.737105 0
    outer loop
      vertex -61.2374 1.23744 0
      vertex -61.1249 1.34058 12
      vertex -61.2374 1.23744 12
    endloop
  endfacet
  facet normal 0.675778 -0.737105 0
    outer loop
      vertex -61.1249 1.34058 12
      vertex -61.2374 1.23744 0
      vertex -61.1249 1.34058 0
    endloop
  endfacet
  facet normal 0.461827 0.88697 -0
    outer loop
      vertex -60.7396 -1.58604 0
      vertex -60.875 -1.51554 12
      vertex -60.7396 -1.58604 12
    endloop
  endfacet
  facet normal 0.461827 0.88697 0
    outer loop
      vertex -60.875 -1.51554 12
      vertex -60.7396 -1.58604 0
      vertex -60.875 -1.51554 0
    endloop
  endfacet
  facet normal 0.999037 0.0438858 0
    outer loop
      vertex -61.7433 -0.152522 12
      vertex -61.75 0 0
      vertex -61.75 0 12
    endloop
  endfacet
  facet normal 0.999037 0.0438858 0
    outer loop
      vertex -61.75 0 0
      vertex -61.7433 -0.152522 12
      vertex -61.7433 -0.152522 0
    endloop
  endfacet
  facet normal 0.0436305 -0.999048 0
    outer loop
      vertex -60.1525 1.74334 0
      vertex -60 1.75 12
      vertex -60.1525 1.74334 12
    endloop
  endfacet
  facet normal 0.0436305 -0.999048 0
    outer loop
      vertex -60 1.75 12
      vertex -60.1525 1.74334 0
      vertex -60 1.75 0
    endloop
  endfacet
  facet normal 0.60883 0.7933 -0
    outer loop
      vertex -61.0038 -1.43352 0
      vertex -61.1249 -1.34058 12
      vertex -61.0038 -1.43352 12
    endloop
  endfacet
  facet normal 0.60883 0.7933 0
    outer loop
      vertex -61.1249 -1.34058 12
      vertex -61.0038 -1.43352 0
      vertex -61.1249 -1.34058 0
    endloop
  endfacet
  facet normal -0.216486 0.976286 0
    outer loop
      vertex -59.5471 -1.69037 0
      vertex -59.6961 -1.72341 12
      vertex -59.5471 -1.69037 12
    endloop
  endfacet
  facet normal -0.216486 0.976286 0
    outer loop
      vertex -59.6961 -1.72341 12
      vertex -59.5471 -1.69037 0
      vertex -59.6961 -1.72341 0
    endloop
  endfacet
  facet normal 0.737089 0.675796 0
    outer loop
      vertex -61.2374 -1.23744 12
      vertex -61.3406 -1.12488 0
      vertex -61.3406 -1.12488 12
    endloop
  endfacet
  facet normal 0.737089 0.675796 0
    outer loop
      vertex -61.3406 -1.12488 0
      vertex -61.2374 -1.23744 12
      vertex -61.2374 -1.23744 0
    endloop
  endfacet
  facet normal 0.991468 0.130351 0
    outer loop
      vertex -61.7234 -0.303884 12
      vertex -61.7433 -0.152522 0
      vertex -61.7433 -0.152522 12
    endloop
  endfacet
  facet normal 0.991468 0.130351 0
    outer loop
      vertex -61.7433 -0.152522 0
      vertex -61.7234 -0.303884 12
      vertex -61.7234 -0.303884 0
    endloop
  endfacet
  facet normal 0.537138 -0.843494 0
    outer loop
      vertex -61.0038 1.43352 0
      vertex -60.875 1.51554 12
      vertex -61.0038 1.43352 12
    endloop
  endfacet
  facet normal 0.537138 -0.843494 0
    outer loop
      vertex -60.875 1.51554 12
      vertex -61.0038 1.43352 0
      vertex -60.875 1.51554 0
    endloop
  endfacet
  facet normal -0.886997 0.461776 0
    outer loop
      vertex -58.4845 -0.875 0
      vertex -58.414 -0.739581 12
      vertex -58.414 -0.739581 0
    endloop
  endfacet
  facet normal -0.886997 0.461776 0
    outer loop
      vertex -58.414 -0.739581 12
      vertex -58.4845 -0.875 0
      vertex -58.4845 -0.875 12
    endloop
  endfacet
  facet normal 0.737089 -0.675796 0
    outer loop
      vertex -61.3406 1.12488 12
      vertex -61.2374 1.23744 0
      vertex -61.2374 1.23744 12
    endloop
  endfacet
  facet normal 0.737089 -0.675796 0
    outer loop
      vertex -61.2374 1.23744 0
      vertex -61.3406 1.12488 12
      vertex -61.3406 1.12488 0
    endloop
  endfacet
  facet normal 0.675778 0.737105 -0
    outer loop
      vertex -61.1249 -1.34058 0
      vertex -61.2374 -1.23744 12
      vertex -61.1249 -1.34058 12
    endloop
  endfacet
  facet normal 0.675778 0.737105 0
    outer loop
      vertex -61.2374 -1.23744 12
      vertex -61.1249 -1.34058 0
      vertex -61.2374 -1.23744 0
    endloop
  endfacet
  facet normal 0.991468 -0.130351 0
    outer loop
      vertex -61.7433 0.152522 12
      vertex -61.7234 0.303884 0
      vertex -61.7234 0.303884 12
    endloop
  endfacet
  facet normal 0.991468 -0.130351 0
    outer loop
      vertex -61.7234 0.303884 0
      vertex -61.7433 0.152522 12
      vertex -61.7433 0.152522 0
    endloop
  endfacet
  facet normal 0.382541 0.923939 -0
    outer loop
      vertex -60.5985 -1.64446 0
      vertex -60.7396 -1.58604 12
      vertex -60.5985 -1.64446 12
    endloop
  endfacet
  facet normal 0.382541 0.923939 0
    outer loop
      vertex -60.7396 -1.58604 12
      vertex -60.5985 -1.64446 0
      vertex -60.7396 -1.58604 0
    endloop
  endfacet
  facet normal 0.537138 0.843494 -0
    outer loop
      vertex -60.875 -1.51554 0
      vertex -61.0038 -1.43352 12
      vertex -60.875 -1.51554 12
    endloop
  endfacet
  facet normal 0.537138 0.843494 0
    outer loop
      vertex -61.0038 -1.43352 12
      vertex -60.875 -1.51554 0
      vertex -61.0038 -1.43352 0
    endloop
  endfacet
  facet normal 0.300721 0.953712 -0
    outer loop
      vertex -60.4529 -1.69037 0
      vertex -60.5985 -1.64446 12
      vertex -60.4529 -1.69037 12
    endloop
  endfacet
  facet normal 0.300721 0.953712 0
    outer loop
      vertex -60.5985 -1.64446 12
      vertex -60.4529 -1.69037 0
      vertex -60.5985 -1.64446 0
    endloop
  endfacet
  facet normal -0.737089 0.675796 0
    outer loop
      vertex -58.7626 -1.23744 0
      vertex -58.6594 -1.12488 12
      vertex -58.6594 -1.12488 0
    endloop
  endfacet
  facet normal -0.737089 0.675796 0
    outer loop
      vertex -58.6594 -1.12488 12
      vertex -58.7626 -1.23744 0
      vertex -58.7626 -1.23744 12
    endloop
  endfacet
  facet normal 0.886997 -0.461776 0
    outer loop
      vertex -61.586 0.739581 12
      vertex -61.5155 0.875 0
      vertex -61.5155 0.875 12
    endloop
  endfacet
  facet normal 0.886997 -0.461776 0
    outer loop
      vertex -61.5155 0.875 0
      vertex -61.586 0.739581 12
      vertex -61.586 0.739581 0
    endloop
  endfacet
  facet normal 0.843478 -0.537164 0
    outer loop
      vertex -61.5155 0.875 12
      vertex -61.4335 1.00376 0
      vertex -61.4335 1.00376 12
    endloop
  endfacet
  facet normal 0.843478 -0.537164 0
    outer loop
      vertex -61.4335 1.00376 0
      vertex -61.5155 0.875 12
      vertex -61.5155 0.875 0
    endloop
  endfacet
  facet normal -0.991472 -0.130319 0
    outer loop
      vertex -28.2567 -51.809 0
      vertex -28.2766 -51.6576 12
      vertex -28.2766 -51.6576 0
    endloop
  endfacet
  facet normal -0.991472 -0.130319 0
    outer loop
      vertex -28.2766 -51.6576 12
      vertex -28.2567 -51.809 0
      vertex -28.2567 -51.809 12
    endloop
  endfacet
  facet normal -0.999036 -0.0438921 0
    outer loop
      vertex -28.25 -51.9615 0
      vertex -28.2567 -51.809 12
      vertex -28.2567 -51.809 0
    endloop
  endfacet
  facet normal -0.999036 -0.0438921 0
    outer loop
      vertex -28.2567 -51.809 12
      vertex -28.25 -51.9615 0
      vertex -28.25 -51.9615 12
    endloop
  endfacet
  facet normal -0.976341 -0.216237 0
    outer loop
      vertex -28.2766 -51.6576 0
      vertex -28.3096 -51.5086 12
      vertex -28.3096 -51.5086 0
    endloop
  endfacet
  facet normal -0.976341 -0.216237 0
    outer loop
      vertex -28.3096 -51.5086 12
      vertex -28.2766 -51.6576 0
      vertex -28.2766 -51.6576 12
    endloop
  endfacet
  facet normal 0.461827 0.88697 -0
    outer loop
      vertex -30.7396 -53.5476 0
      vertex -30.875 -53.4771 12
      vertex -30.7396 -53.5476 12
    endloop
  endfacet
  facet normal 0.461827 0.88697 0
    outer loop
      vertex -30.875 -53.4771 12
      vertex -30.7396 -53.5476 0
      vertex -30.875 -53.4771 0
    endloop
  endfacet
  facet normal -0.461827 -0.88697 0
    outer loop
      vertex -29.2604 -50.3755 0
      vertex -29.125 -50.446 12
      vertex -29.2604 -50.3755 12
    endloop
  endfacet
  facet normal -0.461827 -0.88697 -0
    outer loop
      vertex -29.125 -50.446 12
      vertex -29.2604 -50.3755 0
      vertex -29.125 -50.446 0
    endloop
  endfacet
  facet normal -0.216237 0.976341 0
    outer loop
      vertex -29.5471 -53.6519 0
      vertex -29.6961 -53.6849 12
      vertex -29.5471 -53.6519 12
    endloop
  endfacet
  facet normal -0.216237 0.976341 0
    outer loop
      vertex -29.6961 -53.6849 12
      vertex -29.5471 -53.6519 0
      vertex -29.6961 -53.6849 0
    endloop
  endfacet
  facet normal -0.0438921 -0.999036 0
    outer loop
      vertex -30 -50.2115 0
      vertex -29.8475 -50.2182 12
      vertex -30 -50.2115 12
    endloop
  endfacet
  facet normal -0.0438921 -0.999036 -0
    outer loop
      vertex -29.8475 -50.2182 12
      vertex -30 -50.2115 0
      vertex -29.8475 -50.2182 0
    endloop
  endfacet
  facet normal 0.537511 0.843257 -0
    outer loop
      vertex -30.875 -53.4771 0
      vertex -31.0038 -53.395 12
      vertex -30.875 -53.4771 12
    endloop
  endfacet
  facet normal 0.537511 0.843257 0
    outer loop
      vertex -31.0038 -53.395 12
      vertex -30.875 -53.4771 0
      vertex -31.0038 -53.395 0
    endloop
  endfacet
  facet normal 0.216861 -0.976202 0
    outer loop
      vertex -30.4529 -50.2712 0
      vertex -30.3039 -50.2381 12
      vertex -30.4529 -50.2712 12
    endloop
  endfacet
  facet normal 0.216861 -0.976202 0
    outer loop
      vertex -30.3039 -50.2381 12
      vertex -30.4529 -50.2712 0
      vertex -30.3039 -50.2381 0
    endloop
  endfacet
  facet normal -0.300661 -0.953731 0
    outer loop
      vertex -29.5471 -50.2712 0
      vertex -29.4015 -50.3171 12
      vertex -29.5471 -50.2712 12
    endloop
  endfacet
  facet normal -0.300661 -0.953731 -0
    outer loop
      vertex -29.4015 -50.3171 12
      vertex -29.5471 -50.2712 0
      vertex -29.4015 -50.3171 0
    endloop
  endfacet
  facet normal -0.300661 0.953731 0
    outer loop
      vertex -29.4015 -53.606 0
      vertex -29.5471 -53.6519 12
      vertex -29.4015 -53.606 12
    endloop
  endfacet
  facet normal -0.300661 0.953731 0
    outer loop
      vertex -29.5471 -53.6519 12
      vertex -29.4015 -53.606 0
      vertex -29.5471 -53.6519 0
    endloop
  endfacet
  facet normal 0.923657 0.38322 0
    outer loop
      vertex -31.586 -52.7011 12
      vertex -31.6445 -52.5601 0
      vertex -31.6445 -52.5601 12
    endloop
  endfacet
  facet normal 0.923657 0.38322 0
    outer loop
      vertex -31.6445 -52.5601 0
      vertex -31.586 -52.7011 12
      vertex -31.586 -52.7011 0
    endloop
  endfacet
  facet normal 0.0438921 -0.999036 0
    outer loop
      vertex -30.1525 -50.2182 0
      vertex -30 -50.2115 12
      vertex -30.1525 -50.2182 12
    endloop
  endfacet
  facet normal 0.0438921 -0.999036 0
    outer loop
      vertex -30 -50.2115 12
      vertex -30.1525 -50.2182 0
      vertex -30 -50.2115 0
    endloop
  endfacet
  facet normal 0.843365 -0.537342 0
    outer loop
      vertex -31.5155 -51.0865 12
      vertex -31.4335 -50.9578 0
      vertex -31.4335 -50.9578 12
    endloop
  endfacet
  facet normal 0.843365 -0.537342 0
    outer loop
      vertex -31.4335 -50.9578 0
      vertex -31.5155 -51.0865 12
      vertex -31.5155 -51.0865 0
    endloop
  endfacet
  facet normal -0.130963 0.991387 0
    outer loop
      vertex -29.6961 -53.6849 0
      vertex -29.8475 -53.7049 12
      vertex -29.6961 -53.6849 12
    endloop
  endfacet
  facet normal -0.130963 0.991387 0
    outer loop
      vertex -29.8475 -53.7049 12
      vertex -29.6961 -53.6849 0
      vertex -29.8475 -53.7049 0
    endloop
  endfacet
  facet normal -0.608665 -0.793427 0
    outer loop
      vertex -28.9962 -50.528 0
      vertex -28.8751 -50.6209 12
      vertex -28.9962 -50.528 12
    endloop
  endfacet
  facet normal -0.608665 -0.793427 -0
    outer loop
      vertex -28.8751 -50.6209 12
      vertex -28.9962 -50.528 0
      vertex -28.8751 -50.6209 0
    endloop
  endfacet
  facet normal -0.843365 -0.537342 0
    outer loop
      vertex -28.4845 -51.0865 0
      vertex -28.5665 -50.9578 12
      vertex -28.5665 -50.9578 0
    endloop
  endfacet
  facet normal -0.843365 -0.537342 0
    outer loop
      vertex -28.5665 -50.9578 12
      vertex -28.4845 -51.0865 0
      vertex -28.4845 -51.0865 12
    endloop
  endfacet
  facet normal 0.608665 -0.793427 0
    outer loop
      vertex -31.1249 -50.6209 0
      vertex -31.0038 -50.528 12
      vertex -31.1249 -50.6209 12
    endloop
  endfacet
  facet normal 0.608665 -0.793427 0
    outer loop
      vertex -31.0038 -50.528 12
      vertex -31.1249 -50.6209 0
      vertex -31.0038 -50.528 0
    endloop
  endfacet
  facet normal 0.130319 -0.991472 0
    outer loop
      vertex -30.3039 -50.2381 0
      vertex -30.1525 -50.2182 12
      vertex -30.3039 -50.2381 12
    endloop
  endfacet
  facet normal 0.130319 -0.991472 0
    outer loop
      vertex -30.1525 -50.2182 12
      vertex -30.3039 -50.2381 0
      vertex -30.1525 -50.2182 0
    endloop
  endfacet
  facet normal 0.675636 0.737236 -0
    outer loop
      vertex -31.1249 -53.3021 0
      vertex -31.2374 -53.199 12
      vertex -31.1249 -53.3021 12
    endloop
  endfacet
  facet normal 0.675636 0.737236 0
    outer loop
      vertex -31.2374 -53.199 12
      vertex -31.1249 -53.3021 0
      vertex -31.2374 -53.199 0
    endloop
  endfacet
  facet normal -0.79367 -0.608349 0
    outer loop
      vertex -28.5665 -50.9578 0
      vertex -28.6594 -50.8366 12
      vertex -28.6594 -50.8366 0
    endloop
  endfacet
  facet normal -0.79367 -0.608349 0
    outer loop
      vertex -28.6594 -50.8366 12
      vertex -28.5665 -50.9578 0
      vertex -28.5665 -50.9578 12
    endloop
  endfacet
  facet normal 0.976372 0.216098 0
    outer loop
      vertex -31.6904 -52.4145 12
      vertex -31.7234 -52.2654 0
      vertex -31.7234 -52.2654 12
    endloop
  endfacet
  facet normal 0.976372 0.216098 0
    outer loop
      vertex -31.7234 -52.2654 0
      vertex -31.6904 -52.4145 12
      vertex -31.6904 -52.4145 0
    endloop
  endfacet
  facet normal -0.130319 -0.991472 0
    outer loop
      vertex -29.8475 -50.2182 0
      vertex -29.6961 -50.2381 12
      vertex -29.8475 -50.2182 12
    endloop
  endfacet
  facet normal -0.130319 -0.991472 -0
    outer loop
      vertex -29.6961 -50.2381 12
      vertex -29.8475 -50.2182 0
      vertex -29.6961 -50.2381 0
    endloop
  endfacet
  facet normal 0.675992 -0.736909 0
    outer loop
      vertex -31.2374 -50.7241 0
      vertex -31.1249 -50.6209 12
      vertex -31.2374 -50.7241 12
    endloop
  endfacet
  facet normal 0.675992 -0.736909 0
    outer loop
      vertex -31.1249 -50.6209 12
      vertex -31.2374 -50.7241 0
      vertex -31.1249 -50.6209 0
    endloop
  endfacet
  facet normal 0.216237 0.976341 -0
    outer loop
      vertex -30.3039 -53.6849 0
      vertex -30.4529 -53.6519 12
      vertex -30.3039 -53.6849 12
    endloop
  endfacet
  facet normal 0.216237 0.976341 0
    outer loop
      vertex -30.4529 -53.6519 12
      vertex -30.3039 -53.6849 0
      vertex -30.4529 -53.6519 0
    endloop
  endfacet
  facet normal 0.976341 -0.216237 0
    outer loop
      vertex -31.7234 -51.6576 12
      vertex -31.6904 -51.5086 0
      vertex -31.6904 -51.5086 12
    endloop
  endfacet
  facet normal 0.976341 -0.216237 0
    outer loop
      vertex -31.6904 -51.5086 0
      vertex -31.7234 -51.6576 12
      vertex -31.7234 -51.6576 0
    endloop
  endfacet
  facet normal -0.923657 0.38322 0
    outer loop
      vertex -28.414 -52.7011 0
      vertex -28.3555 -52.5601 12
      vertex -28.3555 -52.5601 0
    endloop
  endfacet
  facet normal -0.923657 0.38322 0
    outer loop
      vertex -28.3555 -52.5601 12
      vertex -28.414 -52.7011 0
      vertex -28.414 -52.7011 12
    endloop
  endfacet
  facet normal -0.793427 0.608665 0
    outer loop
      vertex -28.6594 -53.0864 0
      vertex -28.5665 -52.9653 12
      vertex -28.5665 -52.9653 0
    endloop
  endfacet
  facet normal -0.793427 0.608665 0
    outer loop
      vertex -28.5665 -52.9653 12
      vertex -28.6594 -53.0864 0
      vertex -28.6594 -53.0864 12
    endloop
  endfacet
  facet normal -0.736909 -0.675992 0
    outer loop
      vertex -28.6594 -50.8366 0
      vertex -28.7626 -50.7241 12
      vertex -28.7626 -50.7241 0
    endloop
  endfacet
  facet normal -0.736909 -0.675992 0
    outer loop
      vertex -28.7626 -50.7241 12
      vertex -28.6594 -50.8366 0
      vertex -28.6594 -50.8366 12
    endloop
  endfacet
  facet normal 0.991472 -0.130319 0
    outer loop
      vertex -31.7433 -51.809 12
      vertex -31.7234 -51.6576 0
      vertex -31.7234 -51.6576 12
    endloop
  endfacet
  facet normal 0.991472 -0.130319 0
    outer loop
      vertex -31.7234 -51.6576 0
      vertex -31.7433 -51.809 12
      vertex -31.7433 -51.809 0
    endloop
  endfacet
  facet normal -0.461827 0.88697 0
    outer loop
      vertex -29.125 -53.4771 0
      vertex -29.2604 -53.5476 12
      vertex -29.125 -53.4771 12
    endloop
  endfacet
  facet normal -0.461827 0.88697 0
    outer loop
      vertex -29.2604 -53.5476 12
      vertex -29.125 -53.4771 0
      vertex -29.2604 -53.5476 0
    endloop
  endfacet
  facet normal -0.923753 -0.382988 0
    outer loop
      vertex -28.3555 -51.363 0
      vertex -28.414 -51.2219 12
      vertex -28.414 -51.2219 0
    endloop
  endfacet
  facet normal -0.923753 -0.382988 0
    outer loop
      vertex -28.414 -51.2219 12
      vertex -28.3555 -51.363 0
      vertex -28.3555 -51.363 12
    endloop
  endfacet
  facet normal -0.953731 -0.300661 0
    outer loop
      vertex -28.3096 -51.5086 0
      vertex -28.3555 -51.363 12
      vertex -28.3555 -51.363 0
    endloop
  endfacet
  facet normal -0.953731 -0.300661 0
    outer loop
      vertex -28.3555 -51.363 12
      vertex -28.3096 -51.5086 0
      vertex -28.3096 -51.5086 12
    endloop
  endfacet
  facet normal -0.991472 0.130319 0
    outer loop
      vertex -28.2766 -52.2654 0
      vertex -28.2567 -52.114 12
      vertex -28.2567 -52.114 0
    endloop
  endfacet
  facet normal -0.991472 0.130319 0
    outer loop
      vertex -28.2567 -52.114 12
      vertex -28.2766 -52.2654 0
      vertex -28.2766 -52.2654 12
    endloop
  endfacet
  facet normal -0.999036 0.0438921 0
    outer loop
      vertex -28.2567 -52.114 0
      vertex -28.25 -51.9615 12
      vertex -28.25 -51.9615 0
    endloop
  endfacet
  facet normal -0.999036 0.0438921 0
    outer loop
      vertex -28.25 -51.9615 12
      vertex -28.2567 -52.114 0
      vertex -28.2567 -52.114 12
    endloop
  endfacet
  facet normal -0.537045 -0.843554 0
    outer loop
      vertex -29.125 -50.446 0
      vertex -28.9962 -50.528 12
      vertex -29.125 -50.446 12
    endloop
  endfacet
  facet normal -0.537045 -0.843554 -0
    outer loop
      vertex -28.9962 -50.528 12
      vertex -29.125 -50.446 0
      vertex -28.9962 -50.528 0
    endloop
  endfacet
  facet normal -0.953731 0.300661 0
    outer loop
      vertex -28.3555 -52.5601 0
      vertex -28.3096 -52.4145 12
      vertex -28.3096 -52.4145 0
    endloop
  endfacet
  facet normal -0.953731 0.300661 0
    outer loop
      vertex -28.3096 -52.4145 12
      vertex -28.3555 -52.5601 0
      vertex -28.3555 -52.5601 12
    endloop
  endfacet
  facet normal 0.461827 -0.88697 0
    outer loop
      vertex -30.875 -50.446 0
      vertex -30.7396 -50.3755 12
      vertex -30.875 -50.446 12
    endloop
  endfacet
  facet normal 0.461827 -0.88697 0
    outer loop
      vertex -30.7396 -50.3755 12
      vertex -30.875 -50.446 0
      vertex -30.7396 -50.3755 0
    endloop
  endfacet
  facet normal 0.300661 0.953731 -0
    outer loop
      vertex -30.4529 -53.6519 0
      vertex -30.5985 -53.606 12
      vertex -30.4529 -53.6519 12
    endloop
  endfacet
  facet normal 0.300661 0.953731 0
    outer loop
      vertex -30.5985 -53.606 12
      vertex -30.4529 -53.6519 0
      vertex -30.5985 -53.606 0
    endloop
  endfacet
  facet normal -0.0432382 0.999065 0
    outer loop
      vertex -29.8475 -53.7049 0
      vertex -30 -53.7115 12
      vertex -29.8475 -53.7049 12
    endloop
  endfacet
  facet normal -0.0432382 0.999065 0
    outer loop
      vertex -30 -53.7115 12
      vertex -29.8475 -53.7049 0
      vertex -30 -53.7115 0
    endloop
  endfacet
  facet normal 0.953731 0.300661 0
    outer loop
      vertex -31.6445 -52.5601 12
      vertex -31.6904 -52.4145 0
      vertex -31.6904 -52.4145 12
    endloop
  endfacet
  facet normal 0.953731 0.300661 0
    outer loop
      vertex -31.6904 -52.4145 0
      vertex -31.6445 -52.5601 12
      vertex -31.6445 -52.5601 0
    endloop
  endfacet
  facet normal -0.675992 -0.736909 0
    outer loop
      vertex -28.8751 -50.6209 0
      vertex -28.7626 -50.7241 12
      vertex -28.8751 -50.6209 12
    endloop
  endfacet
  facet normal -0.675992 -0.736909 -0
    outer loop
      vertex -28.7626 -50.7241 12
      vertex -28.8751 -50.6209 0
      vertex -28.7626 -50.7241 0
    endloop
  endfacet
  facet normal 0.88697 0.461827 0
    outer loop
      vertex -31.5155 -52.8365 12
      vertex -31.586 -52.7011 0
      vertex -31.586 -52.7011 12
    endloop
  endfacet
  facet normal 0.88697 0.461827 0
    outer loop
      vertex -31.586 -52.7011 0
      vertex -31.5155 -52.8365 12
      vertex -31.5155 -52.8365 0
    endloop
  endfacet
  facet normal -0.88697 -0.461827 0
    outer loop
      vertex -28.414 -51.2219 0
      vertex -28.4845 -51.0865 12
      vertex -28.4845 -51.0865 0
    endloop
  endfacet
  facet normal -0.88697 -0.461827 0
    outer loop
      vertex -28.4845 -51.0865 12
      vertex -28.414 -51.2219 0
      vertex -28.414 -51.2219 12
    endloop
  endfacet
  facet normal 0.736909 -0.675992 0
    outer loop
      vertex -31.3406 -50.8366 12
      vertex -31.2374 -50.7241 0
      vertex -31.2374 -50.7241 12
    endloop
  endfacet
  facet normal 0.736909 -0.675992 0
    outer loop
      vertex -31.2374 -50.7241 0
      vertex -31.3406 -50.8366 12
      vertex -31.3406 -50.8366 0
    endloop
  endfacet
  facet normal 0.843554 0.537045 0
    outer loop
      vertex -31.4335 -52.9653 12
      vertex -31.5155 -52.8365 0
      vertex -31.5155 -52.8365 12
    endloop
  endfacet
  facet normal 0.843554 0.537045 0
    outer loop
      vertex -31.5155 -52.8365 0
      vertex -31.4335 -52.9653 12
      vertex -31.4335 -52.9653 0
    endloop
  endfacet
  facet normal -0.608665 0.793427 0
    outer loop
      vertex -28.8751 -53.3021 0
      vertex -28.9962 -53.395 12
      vertex -28.8751 -53.3021 12
    endloop
  endfacet
  facet normal -0.608665 0.793427 0
    outer loop
      vertex -28.9962 -53.395 12
      vertex -28.8751 -53.3021 0
      vertex -28.9962 -53.395 0
    endloop
  endfacet
  facet normal 0.300661 -0.953731 0
    outer loop
      vertex -30.5985 -50.3171 0
      vertex -30.4529 -50.2712 12
      vertex -30.5985 -50.3171 12
    endloop
  endfacet
  facet normal 0.300661 -0.953731 0
    outer loop
      vertex -30.4529 -50.2712 12
      vertex -30.5985 -50.3171 0
      vertex -30.4529 -50.2712 0
    endloop
  endfacet
  facet normal 0.991472 0.130319 0
    outer loop
      vertex -31.7234 -52.2654 12
      vertex -31.7433 -52.114 0
      vertex -31.7433 -52.114 12
    endloop
  endfacet
  facet normal 0.991472 0.130319 0
    outer loop
      vertex -31.7433 -52.114 0
      vertex -31.7234 -52.2654 12
      vertex -31.7234 -52.2654 0
    endloop
  endfacet
  facet normal 0.999036 -0.0438921 0
    outer loop
      vertex -31.75 -51.9615 12
      vertex -31.7433 -51.809 0
      vertex -31.7433 -51.809 12
    endloop
  endfacet
  facet normal 0.999036 -0.0438921 0
    outer loop
      vertex -31.7433 -51.809 0
      vertex -31.75 -51.9615 12
      vertex -31.75 -51.9615 0
    endloop
  endfacet
  facet normal 0.737208 0.675665 0
    outer loop
      vertex -31.2374 -53.199 12
      vertex -31.3406 -53.0864 0
      vertex -31.3406 -53.0864 12
    endloop
  endfacet
  facet normal 0.737208 0.675665 0
    outer loop
      vertex -31.3406 -53.0864 0
      vertex -31.2374 -53.199 12
      vertex -31.2374 -53.199 0
    endloop
  endfacet
  facet normal 0.382429 0.923985 -0
    outer loop
      vertex -30.5985 -53.606 0
      vertex -30.7396 -53.5476 12
      vertex -30.5985 -53.606 12
    endloop
  endfacet
  facet normal 0.382429 0.923985 0
    outer loop
      vertex -30.7396 -53.5476 12
      vertex -30.5985 -53.606 0
      vertex -30.7396 -53.5476 0
    endloop
  endfacet
  facet normal -0.976372 0.216098 0
    outer loop
      vertex -28.3096 -52.4145 0
      vertex -28.2766 -52.2654 12
      vertex -28.2766 -52.2654 0
    endloop
  endfacet
  facet normal -0.976372 0.216098 0
    outer loop
      vertex -28.2766 -52.2654 12
      vertex -28.3096 -52.4145 0
      vertex -28.3096 -52.4145 12
    endloop
  endfacet
  facet normal 0.537045 -0.843554 0
    outer loop
      vertex -31.0038 -50.528 0
      vertex -30.875 -50.446 12
      vertex -31.0038 -50.528 12
    endloop
  endfacet
  facet normal 0.537045 -0.843554 0
    outer loop
      vertex -30.875 -50.446 12
      vertex -31.0038 -50.528 0
      vertex -30.875 -50.446 0
    endloop
  endfacet
  facet normal 0.953731 -0.300661 0
    outer loop
      vertex -31.6904 -51.5086 12
      vertex -31.6445 -51.363 0
      vertex -31.6445 -51.363 12
    endloop
  endfacet
  facet normal 0.953731 -0.300661 0
    outer loop
      vertex -31.6445 -51.363 0
      vertex -31.6904 -51.5086 12
      vertex -31.6904 -51.5086 0
    endloop
  endfacet
  facet normal 0.793427 0.608665 0
    outer loop
      vertex -31.3406 -53.0864 12
      vertex -31.4335 -52.9653 0
      vertex -31.4335 -52.9653 12
    endloop
  endfacet
  facet normal 0.793427 0.608665 0
    outer loop
      vertex -31.4335 -52.9653 0
      vertex -31.3406 -53.0864 12
      vertex -31.3406 -53.0864 0
    endloop
  endfacet
  facet normal 0.130963 0.991387 -0
    outer loop
      vertex -30.1525 -53.7049 0
      vertex -30.3039 -53.6849 12
      vertex -30.1525 -53.7049 12
    endloop
  endfacet
  facet normal 0.130963 0.991387 0
    outer loop
      vertex -30.3039 -53.6849 12
      vertex -30.1525 -53.7049 0
      vertex -30.3039 -53.6849 0
    endloop
  endfacet
  facet normal 0.0432382 0.999065 -0
    outer loop
      vertex -30 -53.7115 0
      vertex -30.1525 -53.7049 12
      vertex -30 -53.7115 12
    endloop
  endfacet
  facet normal 0.0432382 0.999065 0
    outer loop
      vertex -30.1525 -53.7049 12
      vertex -30 -53.7115 0
      vertex -30.1525 -53.7049 0
    endloop
  endfacet
  facet normal 0.999036 0.0438921 0
    outer loop
      vertex -31.7433 -52.114 12
      vertex -31.75 -51.9615 0
      vertex -31.75 -51.9615 12
    endloop
  endfacet
  facet normal 0.999036 0.0438921 0
    outer loop
      vertex -31.75 -51.9615 0
      vertex -31.7433 -52.114 12
      vertex -31.7433 -52.114 0
    endloop
  endfacet
  facet normal 0.608665 0.793427 -0
    outer loop
      vertex -31.0038 -53.395 0
      vertex -31.1249 -53.3021 12
      vertex -31.0038 -53.395 12
    endloop
  endfacet
  facet normal 0.608665 0.793427 0
    outer loop
      vertex -31.1249 -53.3021 12
      vertex -31.0038 -53.395 0
      vertex -31.1249 -53.3021 0
    endloop
  endfacet
  facet normal -0.675636 0.737236 0
    outer loop
      vertex -28.7626 -53.199 0
      vertex -28.8751 -53.3021 12
      vertex -28.7626 -53.199 12
    endloop
  endfacet
  facet normal -0.675636 0.737236 0
    outer loop
      vertex -28.8751 -53.3021 12
      vertex -28.7626 -53.199 0
      vertex -28.8751 -53.3021 0
    endloop
  endfacet
  facet normal -0.88697 0.461827 0
    outer loop
      vertex -28.4845 -52.8365 0
      vertex -28.414 -52.7011 12
      vertex -28.414 -52.7011 0
    endloop
  endfacet
  facet normal -0.88697 0.461827 0
    outer loop
      vertex -28.414 -52.7011 12
      vertex -28.4845 -52.8365 0
      vertex -28.4845 -52.8365 12
    endloop
  endfacet
  facet normal -0.537511 0.843257 0
    outer loop
      vertex -28.9962 -53.395 0
      vertex -29.125 -53.4771 12
      vertex -28.9962 -53.395 12
    endloop
  endfacet
  facet normal -0.537511 0.843257 0
    outer loop
      vertex -29.125 -53.4771 12
      vertex -28.9962 -53.395 0
      vertex -29.125 -53.4771 0
    endloop
  endfacet
  facet normal 0.79367 -0.608349 0
    outer loop
      vertex -31.4335 -50.9578 12
      vertex -31.3406 -50.8366 0
      vertex -31.3406 -50.8366 12
    endloop
  endfacet
  facet normal 0.79367 -0.608349 0
    outer loop
      vertex -31.3406 -50.8366 0
      vertex -31.4335 -50.9578 12
      vertex -31.4335 -50.9578 0
    endloop
  endfacet
  facet normal -0.216861 -0.976202 0
    outer loop
      vertex -29.6961 -50.2381 0
      vertex -29.5471 -50.2712 12
      vertex -29.6961 -50.2381 12
    endloop
  endfacet
  facet normal -0.216861 -0.976202 -0
    outer loop
      vertex -29.5471 -50.2712 12
      vertex -29.6961 -50.2381 0
      vertex -29.5471 -50.2712 0
    endloop
  endfacet
  facet normal 0.382429 -0.923985 0
    outer loop
      vertex -30.7396 -50.3755 0
      vertex -30.5985 -50.3171 12
      vertex -30.7396 -50.3755 12
    endloop
  endfacet
  facet normal 0.382429 -0.923985 0
    outer loop
      vertex -30.5985 -50.3171 12
      vertex -30.7396 -50.3755 0
      vertex -30.5985 -50.3171 0
    endloop
  endfacet
  facet normal -0.843554 0.537045 0
    outer loop
      vertex -28.5665 -52.9653 0
      vertex -28.4845 -52.8365 12
      vertex -28.4845 -52.8365 0
    endloop
  endfacet
  facet normal -0.843554 0.537045 0
    outer loop
      vertex -28.4845 -52.8365 12
      vertex -28.5665 -52.9653 0
      vertex -28.5665 -52.9653 12
    endloop
  endfacet
  facet normal -0.382429 0.923985 0
    outer loop
      vertex -29.2604 -53.5476 0
      vertex -29.4015 -53.606 12
      vertex -29.2604 -53.5476 12
    endloop
  endfacet
  facet normal -0.382429 0.923985 0
    outer loop
      vertex -29.4015 -53.606 12
      vertex -29.2604 -53.5476 0
      vertex -29.4015 -53.606 0
    endloop
  endfacet
  facet normal 0.88697 -0.461827 0
    outer loop
      vertex -31.586 -51.2219 12
      vertex -31.5155 -51.0865 0
      vertex -31.5155 -51.0865 12
    endloop
  endfacet
  facet normal 0.88697 -0.461827 0
    outer loop
      vertex -31.5155 -51.0865 0
      vertex -31.586 -51.2219 12
      vertex -31.586 -51.2219 0
    endloop
  endfacet
  facet normal -0.382429 -0.923985 0
    outer loop
      vertex -29.4015 -50.3171 0
      vertex -29.2604 -50.3755 12
      vertex -29.4015 -50.3171 12
    endloop
  endfacet
  facet normal -0.382429 -0.923985 -0
    outer loop
      vertex -29.2604 -50.3755 12
      vertex -29.4015 -50.3171 0
      vertex -29.2604 -50.3755 0
    endloop
  endfacet
  facet normal -0.737208 0.675665 0
    outer loop
      vertex -28.7626 -53.199 0
      vertex -28.6594 -53.0864 12
      vertex -28.6594 -53.0864 0
    endloop
  endfacet
  facet normal -0.737208 0.675665 0
    outer loop
      vertex -28.6594 -53.0864 12
      vertex -28.7626 -53.199 0
      vertex -28.7626 -53.199 12
    endloop
  endfacet
  facet normal 0.923753 -0.382988 0
    outer loop
      vertex -31.6445 -51.363 12
      vertex -31.586 -51.2219 0
      vertex -31.586 -51.2219 12
    endloop
  endfacet
  facet normal 0.923753 -0.382988 0
    outer loop
      vertex -31.586 -51.2219 0
      vertex -31.6445 -51.363 12
      vertex -31.6445 -51.363 0
    endloop
  endfacet
  facet normal -0.991472 -0.130319 0
    outer loop
      vertex 31.7433 -51.809 0
      vertex 31.7234 -51.6576 12
      vertex 31.7234 -51.6576 0
    endloop
  endfacet
  facet normal -0.991472 -0.130319 0
    outer loop
      vertex 31.7234 -51.6576 12
      vertex 31.7433 -51.809 0
      vertex 31.7433 -51.809 12
    endloop
  endfacet
  facet normal -0.999036 -0.0438921 0
    outer loop
      vertex 31.75 -51.9615 0
      vertex 31.7433 -51.809 12
      vertex 31.7433 -51.809 0
    endloop
  endfacet
  facet normal -0.999036 -0.0438921 0
    outer loop
      vertex 31.7433 -51.809 12
      vertex 31.75 -51.9615 0
      vertex 31.75 -51.9615 12
    endloop
  endfacet
  facet normal -0.976341 -0.216237 0
    outer loop
      vertex 31.7234 -51.6576 0
      vertex 31.6904 -51.5086 12
      vertex 31.6904 -51.5086 0
    endloop
  endfacet
  facet normal -0.976341 -0.216237 0
    outer loop
      vertex 31.6904 -51.5086 12
      vertex 31.7234 -51.6576 0
      vertex 31.7234 -51.6576 12
    endloop
  endfacet
  facet normal -0.608665 -0.793427 0
    outer loop
      vertex 31.0038 -50.528 0
      vertex 31.1249 -50.6209 12
      vertex 31.0038 -50.528 12
    endloop
  endfacet
  facet normal -0.608665 -0.793427 -0
    outer loop
      vertex 31.1249 -50.6209 12
      vertex 31.0038 -50.528 0
      vertex 31.1249 -50.6209 0
    endloop
  endfacet
  facet normal 0.88697 0.461827 0
    outer loop
      vertex 28.4845 -52.8365 12
      vertex 28.414 -52.7011 0
      vertex 28.414 -52.7011 12
    endloop
  endfacet
  facet normal 0.88697 0.461827 0
    outer loop
      vertex 28.414 -52.7011 0
      vertex 28.4845 -52.8365 12
      vertex 28.4845 -52.8365 0
    endloop
  endfacet
  facet normal 0.675992 -0.736909 0
    outer loop
      vertex 28.7626 -50.7241 0
      vertex 28.8751 -50.6209 12
      vertex 28.7626 -50.7241 12
    endloop
  endfacet
  facet normal 0.675992 -0.736909 0
    outer loop
      vertex 28.8751 -50.6209 12
      vertex 28.7626 -50.7241 0
      vertex 28.8751 -50.6209 0
    endloop
  endfacet
  facet normal -0.923753 -0.382988 0
    outer loop
      vertex 31.6445 -51.363 0
      vertex 31.586 -51.2219 12
      vertex 31.586 -51.2219 0
    endloop
  endfacet
  facet normal -0.923753 -0.382988 0
    outer loop
      vertex 31.586 -51.2219 12
      vertex 31.6445 -51.363 0
      vertex 31.6445 -51.363 12
    endloop
  endfacet
  facet normal 0.130319 -0.991472 0
    outer loop
      vertex 29.6961 -50.2381 0
      vertex 29.8475 -50.2182 12
      vertex 29.6961 -50.2381 12
    endloop
  endfacet
  facet normal 0.130319 -0.991472 0
    outer loop
      vertex 29.8475 -50.2182 12
      vertex 29.6961 -50.2381 0
      vertex 29.8475 -50.2182 0
    endloop
  endfacet
  facet normal 0.991472 0.130319 0
    outer loop
      vertex 28.2766 -52.2654 12
      vertex 28.2567 -52.114 0
      vertex 28.2567 -52.114 12
    endloop
  endfacet
  facet normal 0.991472 0.130319 0
    outer loop
      vertex 28.2567 -52.114 0
      vertex 28.2766 -52.2654 12
      vertex 28.2766 -52.2654 0
    endloop
  endfacet
  facet normal -0.675992 -0.736909 0
    outer loop
      vertex 31.1249 -50.6209 0
      vertex 31.2374 -50.7241 12
      vertex 31.1249 -50.6209 12
    endloop
  endfacet
  facet normal -0.675992 -0.736909 -0
    outer loop
      vertex 31.2374 -50.7241 12
      vertex 31.1249 -50.6209 0
      vertex 31.2374 -50.7241 0
    endloop
  endfacet
  facet normal -0.300661 0.953731 0
    outer loop
      vertex 30.5985 -53.606 0
      vertex 30.4529 -53.6519 12
      vertex 30.5985 -53.606 12
    endloop
  endfacet
  facet normal -0.300661 0.953731 0
    outer loop
      vertex 30.4529 -53.6519 12
      vertex 30.5985 -53.606 0
      vertex 30.4529 -53.6519 0
    endloop
  endfacet
  facet normal 0.843365 -0.537342 0
    outer loop
      vertex 28.4845 -51.0865 12
      vertex 28.5665 -50.9578 0
      vertex 28.5665 -50.9578 12
    endloop
  endfacet
  facet normal 0.843365 -0.537342 0
    outer loop
      vertex 28.5665 -50.9578 0
      vertex 28.4845 -51.0865 12
      vertex 28.4845 -51.0865 0
    endloop
  endfacet
  facet normal 0.382429 -0.923985 0
    outer loop
      vertex 29.2604 -50.3755 0
      vertex 29.4015 -50.3171 12
      vertex 29.2604 -50.3755 12
    endloop
  endfacet
  facet normal 0.382429 -0.923985 0
    outer loop
      vertex 29.4015 -50.3171 12
      vertex 29.2604 -50.3755 0
      vertex 29.4015 -50.3171 0
    endloop
  endfacet
  facet normal -0.976372 0.216098 0
    outer loop
      vertex 31.6904 -52.4145 0
      vertex 31.7234 -52.2654 12
      vertex 31.7234 -52.2654 0
    endloop
  endfacet
  facet normal -0.976372 0.216098 0
    outer loop
      vertex 31.7234 -52.2654 12
      vertex 31.6904 -52.4145 0
      vertex 31.6904 -52.4145 12
    endloop
  endfacet
  facet normal -0.79367 -0.608349 0
    outer loop
      vertex 31.4335 -50.9578 0
      vertex 31.3406 -50.8366 12
      vertex 31.3406 -50.8366 0
    endloop
  endfacet
  facet normal -0.79367 -0.608349 0
    outer loop
      vertex 31.3406 -50.8366 12
      vertex 31.4335 -50.9578 0
      vertex 31.4335 -50.9578 12
    endloop
  endfacet
  facet normal -0.843365 -0.537342 0
    outer loop
      vertex 31.5155 -51.0865 0
      vertex 31.4335 -50.9578 12
      vertex 31.4335 -50.9578 0
    endloop
  endfacet
  facet normal -0.843365 -0.537342 0
    outer loop
      vertex 31.4335 -50.9578 12
      vertex 31.5155 -51.0865 0
      vertex 31.5155 -51.0865 12
    endloop
  endfacet
  facet normal -0.737208 0.675665 0
    outer loop
      vertex 31.2374 -53.199 0
      vertex 31.3406 -53.0864 12
      vertex 31.3406 -53.0864 0
    endloop
  endfacet
  facet normal -0.737208 0.675665 0
    outer loop
      vertex 31.3406 -53.0864 12
      vertex 31.2374 -53.199 0
      vertex 31.2374 -53.199 12
    endloop
  endfacet
  facet normal 0.923657 0.38322 0
    outer loop
      vertex 28.414 -52.7011 12
      vertex 28.3555 -52.5601 0
      vertex 28.3555 -52.5601 12
    endloop
  endfacet
  facet normal 0.923657 0.38322 0
    outer loop
      vertex 28.3555 -52.5601 0
      vertex 28.414 -52.7011 12
      vertex 28.414 -52.7011 0
    endloop
  endfacet
  facet normal 0.382429 0.923985 -0
    outer loop
      vertex 29.4015 -53.606 0
      vertex 29.2604 -53.5476 12
      vertex 29.4015 -53.606 12
    endloop
  endfacet
  facet normal 0.382429 0.923985 0
    outer loop
      vertex 29.2604 -53.5476 12
      vertex 29.4015 -53.606 0
      vertex 29.2604 -53.5476 0
    endloop
  endfacet
  facet normal 0.461827 -0.88697 0
    outer loop
      vertex 29.125 -50.446 0
      vertex 29.2604 -50.3755 12
      vertex 29.125 -50.446 12
    endloop
  endfacet
  facet normal 0.461827 -0.88697 0
    outer loop
      vertex 29.2604 -50.3755 12
      vertex 29.125 -50.446 0
      vertex 29.2604 -50.3755 0
    endloop
  endfacet
  facet normal 0.608665 0.793427 -0
    outer loop
      vertex 28.9962 -53.395 0
      vertex 28.8751 -53.3021 12
      vertex 28.9962 -53.395 12
    endloop
  endfacet
  facet normal 0.608665 0.793427 0
    outer loop
      vertex 28.8751 -53.3021 12
      vertex 28.9962 -53.395 0
      vertex 28.8751 -53.3021 0
    endloop
  endfacet
  facet normal 0.953731 -0.300661 0
    outer loop
      vertex 28.3096 -51.5086 12
      vertex 28.3555 -51.363 0
      vertex 28.3555 -51.363 12
    endloop
  endfacet
  facet normal 0.953731 -0.300661 0
    outer loop
      vertex 28.3555 -51.363 0
      vertex 28.3096 -51.5086 12
      vertex 28.3096 -51.5086 0
    endloop
  endfacet
  facet normal 0.953731 0.300661 0
    outer loop
      vertex 28.3555 -52.5601 12
      vertex 28.3096 -52.4145 0
      vertex 28.3096 -52.4145 12
    endloop
  endfacet
  facet normal 0.953731 0.300661 0
    outer loop
      vertex 28.3096 -52.4145 0
      vertex 28.3555 -52.5601 12
      vertex 28.3555 -52.5601 0
    endloop
  endfacet
  facet normal -0.216861 -0.976202 0
    outer loop
      vertex 30.3039 -50.2381 0
      vertex 30.4529 -50.2712 12
      vertex 30.3039 -50.2381 12
    endloop
  endfacet
  facet normal -0.216861 -0.976202 -0
    outer loop
      vertex 30.4529 -50.2712 12
      vertex 30.3039 -50.2381 0
      vertex 30.4529 -50.2712 0
    endloop
  endfacet
  facet normal -0.130963 0.991387 0
    outer loop
      vertex 30.3039 -53.6849 0
      vertex 30.1525 -53.7049 12
      vertex 30.3039 -53.6849 12
    endloop
  endfacet
  facet normal -0.130963 0.991387 0
    outer loop
      vertex 30.1525 -53.7049 12
      vertex 30.3039 -53.6849 0
      vertex 30.1525 -53.7049 0
    endloop
  endfacet
  facet normal 0.736909 -0.675992 0
    outer loop
      vertex 28.6594 -50.8366 12
      vertex 28.7626 -50.7241 0
      vertex 28.7626 -50.7241 12
    endloop
  endfacet
  facet normal 0.736909 -0.675992 0
    outer loop
      vertex 28.7626 -50.7241 0
      vertex 28.6594 -50.8366 12
      vertex 28.6594 -50.8366 0
    endloop
  endfacet
  facet normal -0.991472 0.130319 0
    outer loop
      vertex 31.7234 -52.2654 0
      vertex 31.7433 -52.114 12
      vertex 31.7433 -52.114 0
    endloop
  endfacet
  facet normal -0.991472 0.130319 0
    outer loop
      vertex 31.7433 -52.114 12
      vertex 31.7234 -52.2654 0
      vertex 31.7234 -52.2654 12
    endloop
  endfacet
  facet normal -0.999036 0.0438921 0
    outer loop
      vertex 31.7433 -52.114 0
      vertex 31.75 -51.9615 12
      vertex 31.75 -51.9615 0
    endloop
  endfacet
  facet normal -0.999036 0.0438921 0
    outer loop
      vertex 31.75 -51.9615 12
      vertex 31.7433 -52.114 0
      vertex 31.7433 -52.114 12
    endloop
  endfacet
  facet normal -0.953731 -0.300661 0
    outer loop
      vertex 31.6904 -51.5086 0
      vertex 31.6445 -51.363 12
      vertex 31.6445 -51.363 0
    endloop
  endfacet
  facet normal -0.953731 -0.300661 0
    outer loop
      vertex 31.6445 -51.363 12
      vertex 31.6904 -51.5086 0
      vertex 31.6904 -51.5086 12
    endloop
  endfacet
  facet normal -0.537511 0.843257 0
    outer loop
      vertex 31.0038 -53.395 0
      vertex 30.875 -53.4771 12
      vertex 31.0038 -53.395 12
    endloop
  endfacet
  facet normal -0.537511 0.843257 0
    outer loop
      vertex 30.875 -53.4771 12
      vertex 31.0038 -53.395 0
      vertex 30.875 -53.4771 0
    endloop
  endfacet
  facet normal 0.300661 0.953731 -0
    outer loop
      vertex 29.5471 -53.6519 0
      vertex 29.4015 -53.606 12
      vertex 29.5471 -53.6519 12
    endloop
  endfacet
  facet normal 0.300661 0.953731 0
    outer loop
      vertex 29.4015 -53.606 12
      vertex 29.5471 -53.6519 0
      vertex 29.4015 -53.606 0
    endloop
  endfacet
  facet normal -0.793427 0.608665 0
    outer loop
      vertex 31.3406 -53.0864 0
      vertex 31.4335 -52.9653 12
      vertex 31.4335 -52.9653 0
    endloop
  endfacet
  facet normal -0.793427 0.608665 0
    outer loop
      vertex 31.4335 -52.9653 12
      vertex 31.3406 -53.0864 0
      vertex 31.3406 -53.0864 12
    endloop
  endfacet
  facet normal -0.461827 -0.88697 0
    outer loop
      vertex 30.7396 -50.3755 0
      vertex 30.875 -50.446 12
      vertex 30.7396 -50.3755 12
    endloop
  endfacet
  facet normal -0.461827 -0.88697 -0
    outer loop
      vertex 30.875 -50.446 12
      vertex 30.7396 -50.3755 0
      vertex 30.875 -50.446 0
    endloop
  endfacet
  facet normal 0.976341 -0.216237 0
    outer loop
      vertex 28.2766 -51.6576 12
      vertex 28.3096 -51.5086 0
      vertex 28.3096 -51.5086 12
    endloop
  endfacet
  facet normal 0.976341 -0.216237 0
    outer loop
      vertex 28.3096 -51.5086 0
      vertex 28.2766 -51.6576 12
      vertex 28.2766 -51.6576 0
    endloop
  endfacet
  facet normal 0.608665 -0.793427 0
    outer loop
      vertex 28.8751 -50.6209 0
      vertex 28.9962 -50.528 12
      vertex 28.8751 -50.6209 12
    endloop
  endfacet
  facet normal 0.608665 -0.793427 0
    outer loop
      vertex 28.9962 -50.528 12
      vertex 28.8751 -50.6209 0
      vertex 28.9962 -50.528 0
    endloop
  endfacet
  facet normal -0.537045 -0.843554 0
    outer loop
      vertex 30.875 -50.446 0
      vertex 31.0038 -50.528 12
      vertex 30.875 -50.446 12
    endloop
  endfacet
  facet normal -0.537045 -0.843554 -0
    outer loop
      vertex 31.0038 -50.528 12
      vertex 30.875 -50.446 0
      vertex 31.0038 -50.528 0
    endloop
  endfacet
  facet normal -0.382429 0.923985 0
    outer loop
      vertex 30.7396 -53.5476 0
      vertex 30.5985 -53.606 12
      vertex 30.7396 -53.5476 12
    endloop
  endfacet
  facet normal -0.382429 0.923985 0
    outer loop
      vertex 30.5985 -53.606 12
      vertex 30.7396 -53.5476 0
      vertex 30.5985 -53.606 0
    endloop
  endfacet
  facet normal 0.79367 -0.608349 0
    outer loop
      vertex 28.5665 -50.9578 12
      vertex 28.6594 -50.8366 0
      vertex 28.6594 -50.8366 12
    endloop
  endfacet
  facet normal 0.79367 -0.608349 0
    outer loop
      vertex 28.6594 -50.8366 0
      vertex 28.5665 -50.9578 12
      vertex 28.5665 -50.9578 0
    endloop
  endfacet
  facet normal 0.999036 -0.0438921 0
    outer loop
      vertex 28.25 -51.9615 12
      vertex 28.2567 -51.809 0
      vertex 28.2567 -51.809 12
    endloop
  endfacet
  facet normal 0.999036 -0.0438921 0
    outer loop
      vertex 28.2567 -51.809 0
      vertex 28.25 -51.9615 12
      vertex 28.25 -51.9615 0
    endloop
  endfacet
  facet normal -0.300661 -0.953731 0
    outer loop
      vertex 30.4529 -50.2712 0
      vertex 30.5985 -50.3171 12
      vertex 30.4529 -50.2712 12
    endloop
  endfacet
  facet normal -0.300661 -0.953731 -0
    outer loop
      vertex 30.5985 -50.3171 12
      vertex 30.4529 -50.2712 0
      vertex 30.5985 -50.3171 0
    endloop
  endfacet
  facet normal 0.130963 0.991387 -0
    outer loop
      vertex 29.8475 -53.7049 0
      vertex 29.6961 -53.6849 12
      vertex 29.8475 -53.7049 12
    endloop
  endfacet
  facet normal 0.130963 0.991387 0
    outer loop
      vertex 29.6961 -53.6849 12
      vertex 29.8475 -53.7049 0
      vertex 29.6961 -53.6849 0
    endloop
  endfacet
  facet normal -0.216237 0.976341 0
    outer loop
      vertex 30.4529 -53.6519 0
      vertex 30.3039 -53.6849 12
      vertex 30.4529 -53.6519 12
    endloop
  endfacet
  facet normal -0.216237 0.976341 0
    outer loop
      vertex 30.3039 -53.6849 12
      vertex 30.4529 -53.6519 0
      vertex 30.3039 -53.6849 0
    endloop
  endfacet
  facet normal 0.976372 0.216098 0
    outer loop
      vertex 28.3096 -52.4145 12
      vertex 28.2766 -52.2654 0
      vertex 28.2766 -52.2654 12
    endloop
  endfacet
  facet normal 0.976372 0.216098 0
    outer loop
      vertex 28.2766 -52.2654 0
      vertex 28.3096 -52.4145 12
      vertex 28.3096 -52.4145 0
    endloop
  endfacet
  facet normal -0.953731 0.300661 0
    outer loop
      vertex 31.6445 -52.5601 0
      vertex 31.6904 -52.4145 12
      vertex 31.6904 -52.4145 0
    endloop
  endfacet
  facet normal -0.953731 0.300661 0
    outer loop
      vertex 31.6904 -52.4145 12
      vertex 31.6445 -52.5601 0
      vertex 31.6445 -52.5601 12
    endloop
  endfacet
  facet normal -0.88697 -0.461827 0
    outer loop
      vertex 31.586 -51.2219 0
      vertex 31.5155 -51.0865 12
      vertex 31.5155 -51.0865 0
    endloop
  endfacet
  facet normal -0.88697 -0.461827 0
    outer loop
      vertex 31.5155 -51.0865 12
      vertex 31.586 -51.2219 0
      vertex 31.586 -51.2219 12
    endloop
  endfacet
  facet normal -0.675636 0.737236 0
    outer loop
      vertex 31.2374 -53.199 0
      vertex 31.1249 -53.3021 12
      vertex 31.2374 -53.199 12
    endloop
  endfacet
  facet normal -0.675636 0.737236 0
    outer loop
      vertex 31.1249 -53.3021 12
      vertex 31.2374 -53.199 0
      vertex 31.1249 -53.3021 0
    endloop
  endfacet
  facet normal -0.0438921 -0.999036 0
    outer loop
      vertex 30 -50.2115 0
      vertex 30.1525 -50.2182 12
      vertex 30 -50.2115 12
    endloop
  endfacet
  facet normal -0.0438921 -0.999036 -0
    outer loop
      vertex 30.1525 -50.2182 12
      vertex 30 -50.2115 0
      vertex 30.1525 -50.2182 0
    endloop
  endfacet
  facet normal 0.300661 -0.953731 0
    outer loop
      vertex 29.4015 -50.3171 0
      vertex 29.5471 -50.2712 12
      vertex 29.4015 -50.3171 12
    endloop
  endfacet
  facet normal 0.300661 -0.953731 0
    outer loop
      vertex 29.5471 -50.2712 12
      vertex 29.4015 -50.3171 0
      vertex 29.5471 -50.2712 0
    endloop
  endfacet
  facet normal -0.923657 0.38322 0
    outer loop
      vertex 31.586 -52.7011 0
      vertex 31.6445 -52.5601 12
      vertex 31.6445 -52.5601 0
    endloop
  endfacet
  facet normal -0.923657 0.38322 0
    outer loop
      vertex 31.6445 -52.5601 12
      vertex 31.586 -52.7011 0
      vertex 31.586 -52.7011 12
    endloop
  endfacet
  facet normal 0.461827 0.88697 -0
    outer loop
      vertex 29.2604 -53.5476 0
      vertex 29.125 -53.4771 12
      vertex 29.2604 -53.5476 12
    endloop
  endfacet
  facet normal 0.461827 0.88697 0
    outer loop
      vertex 29.125 -53.4771 12
      vertex 29.2604 -53.5476 0
      vertex 29.125 -53.4771 0
    endloop
  endfacet
  facet normal -0.88697 0.461827 0
    outer loop
      vertex 31.5155 -52.8365 0
      vertex 31.586 -52.7011 12
      vertex 31.586 -52.7011 0
    endloop
  endfacet
  facet normal -0.88697 0.461827 0
    outer loop
      vertex 31.586 -52.7011 12
      vertex 31.5155 -52.8365 0
      vertex 31.5155 -52.8365 12
    endloop
  endfacet
  facet normal -0.130319 -0.991472 0
    outer loop
      vertex 30.1525 -50.2182 0
      vertex 30.3039 -50.2381 12
      vertex 30.1525 -50.2182 12
    endloop
  endfacet
  facet normal -0.130319 -0.991472 -0
    outer loop
      vertex 30.3039 -50.2381 12
      vertex 30.1525 -50.2182 0
      vertex 30.3039 -50.2381 0
    endloop
  endfacet
  facet normal 0.923753 -0.382988 0
    outer loop
      vertex 28.3555 -51.363 12
      vertex 28.414 -51.2219 0
      vertex 28.414 -51.2219 12
    endloop
  endfacet
  facet normal 0.923753 -0.382988 0
    outer loop
      vertex 28.414 -51.2219 0
      vertex 28.3555 -51.363 12
      vertex 28.3555 -51.363 0
    endloop
  endfacet
  facet normal 0.843554 0.537045 0
    outer loop
      vertex 28.5665 -52.9653 12
      vertex 28.4845 -52.8365 0
      vertex 28.4845 -52.8365 12
    endloop
  endfacet
  facet normal 0.843554 0.537045 0
    outer loop
      vertex 28.4845 -52.8365 0
      vertex 28.5665 -52.9653 12
      vertex 28.5665 -52.9653 0
    endloop
  endfacet
  facet normal 0.675636 0.737236 -0
    outer loop
      vertex 28.8751 -53.3021 0
      vertex 28.7626 -53.199 12
      vertex 28.8751 -53.3021 12
    endloop
  endfacet
  facet normal 0.675636 0.737236 0
    outer loop
      vertex 28.7626 -53.199 12
      vertex 28.8751 -53.3021 0
      vertex 28.7626 -53.199 0
    endloop
  endfacet
  facet normal 0.737208 0.675665 0
    outer loop
      vertex 28.7626 -53.199 12
      vertex 28.6594 -53.0864 0
      vertex 28.6594 -53.0864 12
    endloop
  endfacet
  facet normal 0.737208 0.675665 0
    outer loop
      vertex 28.6594 -53.0864 0
      vertex 28.7626 -53.199 12
      vertex 28.7626 -53.199 0
    endloop
  endfacet
  facet normal 0.0438921 -0.999036 0
    outer loop
      vertex 29.8475 -50.2182 0
      vertex 30 -50.2115 12
      vertex 29.8475 -50.2182 12
    endloop
  endfacet
  facet normal 0.0438921 -0.999036 0
    outer loop
      vertex 30 -50.2115 12
      vertex 29.8475 -50.2182 0
      vertex 30 -50.2115 0
    endloop
  endfacet
  facet normal 0.216237 0.976341 -0
    outer loop
      vertex 29.6961 -53.6849 0
      vertex 29.5471 -53.6519 12
      vertex 29.6961 -53.6849 12
    endloop
  endfacet
  facet normal 0.216237 0.976341 0
    outer loop
      vertex 29.5471 -53.6519 12
      vertex 29.6961 -53.6849 0
      vertex 29.5471 -53.6519 0
    endloop
  endfacet
  facet normal -0.0432382 0.999065 0
    outer loop
      vertex 30.1525 -53.7049 0
      vertex 30 -53.7115 12
      vertex 30.1525 -53.7049 12
    endloop
  endfacet
  facet normal -0.0432382 0.999065 0
    outer loop
      vertex 30 -53.7115 12
      vertex 30.1525 -53.7049 0
      vertex 30 -53.7115 0
    endloop
  endfacet
  facet normal 0.537045 -0.843554 0
    outer loop
      vertex 28.9962 -50.528 0
      vertex 29.125 -50.446 12
      vertex 28.9962 -50.528 12
    endloop
  endfacet
  facet normal 0.537045 -0.843554 0
    outer loop
      vertex 29.125 -50.446 12
      vertex 28.9962 -50.528 0
      vertex 29.125 -50.446 0
    endloop
  endfacet
  facet normal -0.461827 0.88697 0
    outer loop
      vertex 30.875 -53.4771 0
      vertex 30.7396 -53.5476 12
      vertex 30.875 -53.4771 12
    endloop
  endfacet
  facet normal -0.461827 0.88697 0
    outer loop
      vertex 30.7396 -53.5476 12
      vertex 30.875 -53.4771 0
      vertex 30.7396 -53.5476 0
    endloop
  endfacet
  facet normal 0.216861 -0.976202 0
    outer loop
      vertex 29.5471 -50.2712 0
      vertex 29.6961 -50.2381 12
      vertex 29.5471 -50.2712 12
    endloop
  endfacet
  facet normal 0.216861 -0.976202 0
    outer loop
      vertex 29.6961 -50.2381 12
      vertex 29.5471 -50.2712 0
      vertex 29.6961 -50.2381 0
    endloop
  endfacet
  facet normal 0.999036 0.0438921 0
    outer loop
      vertex 28.2567 -52.114 12
      vertex 28.25 -51.9615 0
      vertex 28.25 -51.9615 12
    endloop
  endfacet
  facet normal 0.999036 0.0438921 0
    outer loop
      vertex 28.25 -51.9615 0
      vertex 28.2567 -52.114 12
      vertex 28.2567 -52.114 0
    endloop
  endfacet
  facet normal 0.793427 0.608665 0
    outer loop
      vertex 28.6594 -53.0864 12
      vertex 28.5665 -52.9653 0
      vertex 28.5665 -52.9653 12
    endloop
  endfacet
  facet normal 0.793427 0.608665 0
    outer loop
      vertex 28.5665 -52.9653 0
      vertex 28.6594 -53.0864 12
      vertex 28.6594 -53.0864 0
    endloop
  endfacet
  facet normal 0.0432382 0.999065 -0
    outer loop
      vertex 30 -53.7115 0
      vertex 29.8475 -53.7049 12
      vertex 30 -53.7115 12
    endloop
  endfacet
  facet normal 0.0432382 0.999065 0
    outer loop
      vertex 29.8475 -53.7049 12
      vertex 30 -53.7115 0
      vertex 29.8475 -53.7049 0
    endloop
  endfacet
  facet normal 0.991472 -0.130319 0
    outer loop
      vertex 28.2567 -51.809 12
      vertex 28.2766 -51.6576 0
      vertex 28.2766 -51.6576 12
    endloop
  endfacet
  facet normal 0.991472 -0.130319 0
    outer loop
      vertex 28.2766 -51.6576 0
      vertex 28.2567 -51.809 12
      vertex 28.2567 -51.809 0
    endloop
  endfacet
  facet normal -0.843554 0.537045 0
    outer loop
      vertex 31.4335 -52.9653 0
      vertex 31.5155 -52.8365 12
      vertex 31.5155 -52.8365 0
    endloop
  endfacet
  facet normal -0.843554 0.537045 0
    outer loop
      vertex 31.5155 -52.8365 12
      vertex 31.4335 -52.9653 0
      vertex 31.4335 -52.9653 12
    endloop
  endfacet
  facet normal -0.736909 -0.675992 0
    outer loop
      vertex 31.3406 -50.8366 0
      vertex 31.2374 -50.7241 12
      vertex 31.2374 -50.7241 0
    endloop
  endfacet
  facet normal -0.736909 -0.675992 0
    outer loop
      vertex 31.2374 -50.7241 12
      vertex 31.3406 -50.8366 0
      vertex 31.3406 -50.8366 12
    endloop
  endfacet
  facet normal 0.88697 -0.461827 0
    outer loop
      vertex 28.414 -51.2219 12
      vertex 28.4845 -51.0865 0
      vertex 28.4845 -51.0865 12
    endloop
  endfacet
  facet normal 0.88697 -0.461827 0
    outer loop
      vertex 28.4845 -51.0865 0
      vertex 28.414 -51.2219 12
      vertex 28.414 -51.2219 0
    endloop
  endfacet
  facet normal -0.608665 0.793427 0
    outer loop
      vertex 31.1249 -53.3021 0
      vertex 31.0038 -53.395 12
      vertex 31.1249 -53.3021 12
    endloop
  endfacet
  facet normal -0.608665 0.793427 0
    outer loop
      vertex 31.0038 -53.395 12
      vertex 31.1249 -53.3021 0
      vertex 31.0038 -53.395 0
    endloop
  endfacet
  facet normal -0.382429 -0.923985 0
    outer loop
      vertex 30.5985 -50.3171 0
      vertex 30.7396 -50.3755 12
      vertex 30.5985 -50.3171 12
    endloop
  endfacet
  facet normal -0.382429 -0.923985 -0
    outer loop
      vertex 30.7396 -50.3755 12
      vertex 30.5985 -50.3171 0
      vertex 30.7396 -50.3755 0
    endloop
  endfacet
  facet normal 0.537511 0.843257 -0
    outer loop
      vertex 29.125 -53.4771 0
      vertex 28.9962 -53.395 12
      vertex 29.125 -53.4771 12
    endloop
  endfacet
  facet normal 0.537511 0.843257 0
    outer loop
      vertex 28.9962 -53.395 12
      vertex 29.125 -53.4771 0
      vertex 28.9962 -53.395 0
    endloop
  endfacet
  facet normal -0.382305 0 -0.924036
    outer loop
      vertex -56.2647 -67 11.0203
      vertex -56.0914 -60 10.9486
      vertex -56.0914 -67 10.9486
    endloop
  endfacet
  facet normal -0.382305 0 -0.924036
    outer loop
      vertex -56.0914 -60 10.9486
      vertex -56.2647 -67 11.0203
      vertex -56.2647 -60 11.0203
    endloop
  endfacet
  facet normal -0.999044 0 -0.0437195
    outer loop
      vertex -54.85 -67 9
      vertex -54.8582 -60 9.18738
      vertex -54.85 -60 9
    endloop
  endfacet
  facet normal -0.999044 -0 -0.0437195
    outer loop
      vertex -54.8582 -60 9.18738
      vertex -54.85 -67 9
      vertex -54.8582 -67 9.18738
    endloop
  endfacet
  facet normal -0.976292 0 -0.216456
    outer loop
      vertex -54.8827 -67 9.37334
      vertex -54.9233 -60 9.55646
      vertex -54.8827 -60 9.37334
    endloop
  endfacet
  facet normal -0.976292 -0 -0.216456
    outer loop
      vertex -54.9233 -60 9.55646
      vertex -54.8827 -67 9.37334
      vertex -54.9233 -67 9.55646
    endloop
  endfacet
  facet normal 0.130661 0 -0.991427
    outer loop
      vertex -57.3733 -67 11.1173
      vertex -57.1874 -60 11.1418
      vertex -57.1874 -67 11.1418
    endloop
  endfacet
  facet normal 0.130661 0 -0.991427
    outer loop
      vertex -57.1874 -60 11.1418
      vertex -57.3733 -67 11.1173
      vertex -57.3733 -60 11.1173
    endloop
  endfacet
  facet normal -0.887026 0 -0.46172
    outer loop
      vertex -55.0514 -67 9.90863
      vertex -55.138 -60 10.075
      vertex -55.0514 -60 9.90863
    endloop
  endfacet
  facet normal -0.887026 -0 -0.46172
    outer loop
      vertex -55.138 -60 10.075
      vertex -55.0514 -67 9.90863
      vertex -55.138 -67 10.075
    endloop
  endfacet
  facet normal 0.843354 0 -0.537358
    outer loop
      vertex -58.7612 -67 10.2332
      vertex -58.862 -60 10.075
      vertex -58.7612 -60 10.2332
    endloop
  endfacet
  facet normal 0.843354 0 -0.537358
    outer loop
      vertex -58.862 -60 10.075
      vertex -58.7612 -67 10.2332
      vertex -58.862 -67 10.075
    endloop
  endfacet
  facet normal 0.737329 -0 0.675534
    outer loop
      vertex -58.647 -67 7.61801
      vertex -58.5203 -60 7.47972
      vertex -58.647 -60 7.61801
    endloop
  endfacet
  facet normal 0.737329 0 0.675534
    outer loop
      vertex -58.5203 -60 7.47972
      vertex -58.647 -67 7.61801
      vertex -58.5203 -67 7.47972
    endloop
  endfacet
  facet normal 0.0436084 0 0.999049
    outer loop
      vertex -57.1874 -60 6.85818
      vertex -57 -67 6.85
      vertex -57 -60 6.85
    endloop
  endfacet
  facet normal 0.0436084 0 0.999049
    outer loop
      vertex -57 -67 6.85
      vertex -57.1874 -60 6.85818
      vertex -57.1874 -67 6.85818
    endloop
  endfacet
  facet normal -0.382669 0 0.923886
    outer loop
      vertex -56.2647 -60 6.97966
      vertex -56.0914 -67 7.05144
      vertex -56.0914 -60 7.05144
    endloop
  endfacet
  facet normal -0.382669 0 0.923886
    outer loop
      vertex -56.0914 -67 7.05144
      vertex -56.2647 -60 6.97966
      vertex -56.2647 -67 6.97966
    endloop
  endfacet
  facet normal -0.793297 0 -0.608834
    outer loop
      vertex -55.2388 -67 10.2332
      vertex -55.353 -60 10.382
      vertex -55.2388 -60 10.2332
    endloop
  endfacet
  facet normal -0.793297 -0 -0.608834
    outer loop
      vertex -55.353 -60 10.382
      vertex -55.2388 -67 10.2332
      vertex -55.353 -67 10.382
    endloop
  endfacet
  facet normal 0.0437148 0 -0.999044
    outer loop
      vertex -57.1874 -67 11.1418
      vertex -57 -60 11.15
      vertex -57 -67 11.15
    endloop
  endfacet
  facet normal 0.0437148 0 -0.999044
    outer loop
      vertex -57 -60 11.15
      vertex -57.1874 -67 11.1418
      vertex -57.1874 -60 11.1418
    endloop
  endfacet
  facet normal -0.461655 0 -0.88706
    outer loop
      vertex -56.0914 -67 10.9486
      vertex -55.925 -60 10.862
      vertex -55.925 -67 10.862
    endloop
  endfacet
  facet normal -0.461655 0 -0.88706
    outer loop
      vertex -55.925 -60 10.862
      vertex -56.0914 -67 10.9486
      vertex -56.0914 -60 10.9486
    endloop
  endfacet
  facet normal 0.216366 0 -0.976312
    outer loop
      vertex -57.5565 -67 11.0767
      vertex -57.3733 -60 11.1173
      vertex -57.3733 -67 11.1173
    endloop
  endfacet
  facet normal 0.216366 0 -0.976312
    outer loop
      vertex -57.3733 -60 11.1173
      vertex -57.5565 -67 11.0767
      vertex -57.5565 -60 11.0767
    endloop
  endfacet
  facet normal 0.953718 -0 0.300703
    outer loop
      vertex -59.0767 -67 8.44354
      vertex -59.0203 -60 8.26466
      vertex -59.0767 -60 8.44354
    endloop
  endfacet
  facet normal 0.953718 0 0.300703
    outer loop
      vertex -59.0203 -60 8.26466
      vertex -59.0767 -67 8.44354
      vertex -59.0203 -67 8.26466
    endloop
  endfacet
  facet normal -0.953718 0 -0.300703
    outer loop
      vertex -54.9233 -67 9.55646
      vertex -54.9797 -60 9.73534
      vertex -54.9233 -60 9.55646
    endloop
  endfacet
  facet normal -0.953718 -0 -0.300703
    outer loop
      vertex -54.9797 -60 9.73534
      vertex -54.9233 -67 9.55646
      vertex -54.9797 -67 9.73534
    endloop
  endfacet
  facet normal 0.461697 0 0.887038
    outer loop
      vertex -58.075 -60 7.13805
      vertex -57.9086 -67 7.05144
      vertex -57.9086 -60 7.05144
    endloop
  endfacet
  facet normal 0.461697 0 0.887038
    outer loop
      vertex -57.9086 -67 7.05144
      vertex -58.075 -60 7.13805
      vertex -58.075 -67 7.13805
    endloop
  endfacet
  facet normal 0.300825 0 0.953679
    outer loop
      vertex -57.7353 -60 6.97966
      vertex -57.5565 -67 6.92326
      vertex -57.5565 -60 6.92326
    endloop
  endfacet
  facet normal 0.300825 0 0.953679
    outer loop
      vertex -57.5565 -67 6.92326
      vertex -57.7353 -60 6.97966
      vertex -57.7353 -67 6.97966
    endloop
  endfacet
  facet normal -0.130557 0 0.991441
    outer loop
      vertex -56.8126 -60 6.85818
      vertex -56.6267 -67 6.88266
      vertex -56.6267 -60 6.88266
    endloop
  endfacet
  facet normal -0.130557 0 0.991441
    outer loop
      vertex -56.6267 -67 6.88266
      vertex -56.8126 -60 6.85818
      vertex -56.8126 -67 6.85818
    endloop
  endfacet
  facet normal -0.537358 0 -0.843354
    outer loop
      vertex -55.925 -67 10.862
      vertex -55.7668 -60 10.7612
      vertex -55.7668 -67 10.7612
    endloop
  endfacet
  facet normal -0.537358 0 -0.843354
    outer loop
      vertex -55.7668 -60 10.7612
      vertex -55.925 -67 10.862
      vertex -55.925 -60 10.862
    endloop
  endfacet
  facet normal 0.924029 -0 0.382324
    outer loop
      vertex -59.0203 -67 8.26466
      vertex -58.9486 -60 8.09137
      vertex -59.0203 -60 8.26466
    endloop
  endfacet
  facet normal 0.924029 0 0.382324
    outer loop
      vertex -58.9486 -60 8.09137
      vertex -59.0203 -67 8.26466
      vertex -58.9486 -67 8.09137
    endloop
  endfacet
  facet normal 0.887026 -0 0.46172
    outer loop
      vertex -58.9486 -67 8.09137
      vertex -58.862 -60 7.925
      vertex -58.9486 -60 8.09137
    endloop
  endfacet
  facet normal 0.887026 0 0.46172
    outer loop
      vertex -58.862 -60 7.925
      vertex -58.9486 -67 8.09137
      vertex -58.862 -67 7.925
    endloop
  endfacet
  facet normal -0.887026 0 0.46172
    outer loop
      vertex -55.138 -67 7.925
      vertex -55.0514 -60 8.09137
      vertex -55.138 -60 7.925
    endloop
  endfacet
  facet normal -0.887026 0 0.46172
    outer loop
      vertex -55.0514 -60 8.09137
      vertex -55.138 -67 7.925
      vertex -55.0514 -67 8.09137
    endloop
  endfacet
  facet normal -0.461697 0 0.887038
    outer loop
      vertex -56.0914 -60 7.05144
      vertex -55.925 -67 7.13805
      vertex -55.925 -60 7.13805
    endloop
  endfacet
  facet normal -0.461697 0 0.887038
    outer loop
      vertex -55.925 -67 7.13805
      vertex -56.0914 -60 7.05144
      vertex -56.0914 -67 7.05144
    endloop
  endfacet
  facet normal -0.991432 0 0.130627
    outer loop
      vertex -54.8827 -67 8.62666
      vertex -54.8582 -60 8.81261
      vertex -54.8827 -60 8.62666
    endloop
  endfacet
  facet normal -0.991432 0 0.130627
    outer loop
      vertex -54.8582 -60 8.81261
      vertex -54.8827 -67 8.62666
      vertex -54.8582 -67 8.81261
    endloop
  endfacet
  facet normal 0.461655 0 -0.88706
    outer loop
      vertex -58.075 -67 10.862
      vertex -57.9086 -60 10.9486
      vertex -57.9086 -67 10.9486
    endloop
  endfacet
  facet normal 0.461655 0 -0.88706
    outer loop
      vertex -57.9086 -60 10.9486
      vertex -58.075 -67 10.862
      vertex -58.075 -60 10.862
    endloop
  endfacet
  facet normal 0.991433 0 -0.13062
    outer loop
      vertex -59.1173 -67 9.37334
      vertex -59.1418 -60 9.18738
      vertex -59.1173 -60 9.37334
    endloop
  endfacet
  facet normal 0.991433 0 -0.13062
    outer loop
      vertex -59.1418 -60 9.18738
      vertex -59.1173 -67 9.37334
      vertex -59.1418 -67 9.18738
    endloop
  endfacet
  facet normal 0.953718 0 -0.300703
    outer loop
      vertex -59.0203 -67 9.73534
      vertex -59.0767 -60 9.55646
      vertex -59.0203 -60 9.73534
    endloop
  endfacet
  facet normal 0.953718 0 -0.300703
    outer loop
      vertex -59.0767 -60 9.55646
      vertex -59.0203 -67 9.73534
      vertex -59.0767 -67 9.55646
    endloop
  endfacet
  facet normal -0.843339 0 0.537382
    outer loop
      vertex -55.2388 -67 7.76681
      vertex -55.138 -60 7.925
      vertex -55.2388 -60 7.76681
    endloop
  endfacet
  facet normal -0.843339 0 0.537382
    outer loop
      vertex -55.138 -60 7.925
      vertex -55.2388 -67 7.76681
      vertex -55.138 -67 7.925
    endloop
  endfacet
  facet normal 0.675507 0 -0.737353
    outer loop
      vertex -58.5203 -67 10.5203
      vertex -58.382 -60 10.647
      vertex -58.382 -67 10.647
    endloop
  endfacet
  facet normal 0.675507 0 -0.737353
    outer loop
      vertex -58.382 -60 10.647
      vertex -58.5203 -67 10.5203
      vertex -58.5203 -60 10.5203
    endloop
  endfacet
  facet normal 0.887026 0 -0.46172
    outer loop
      vertex -58.862 -67 10.075
      vertex -58.9486 -60 9.90863
      vertex -58.862 -60 10.075
    endloop
  endfacet
  facet normal 0.887026 0 -0.46172
    outer loop
      vertex -58.9486 -60 9.90863
      vertex -58.862 -67 10.075
      vertex -58.9486 -67 9.90863
    endloop
  endfacet
  facet normal 0.675565 0 0.7373
    outer loop
      vertex -58.5203 -60 7.47972
      vertex -58.382 -67 7.353
      vertex -58.382 -60 7.353
    endloop
  endfacet
  facet normal 0.675565 0 0.7373
    outer loop
      vertex -58.382 -67 7.353
      vertex -58.5203 -60 7.47972
      vertex -58.5203 -67 7.47972
    endloop
  endfacet
  facet normal 0.793297 0 -0.608834
    outer loop
      vertex -58.647 -67 10.382
      vertex -58.7612 -60 10.2332
      vertex -58.647 -60 10.382
    endloop
  endfacet
  facet normal 0.793297 0 -0.608834
    outer loop
      vertex -58.7612 -60 10.2332
      vertex -58.647 -67 10.382
      vertex -58.7612 -67 10.2332
    endloop
  endfacet
  facet normal 0.976292 0 -0.216456
    outer loop
      vertex -59.0767 -67 9.55646
      vertex -59.1173 -60 9.37334
      vertex -59.0767 -60 9.55646
    endloop
  endfacet
  facet normal 0.976292 0 -0.216456
    outer loop
      vertex -59.1173 -60 9.37334
      vertex -59.0767 -67 9.55646
      vertex -59.1173 -67 9.37334
    endloop
  endfacet
  facet normal -0.675565 0 0.7373
    outer loop
      vertex -55.618 -60 7.353
      vertex -55.4797 -67 7.47972
      vertex -55.4797 -60 7.47972
    endloop
  endfacet
  facet normal -0.675565 0 0.7373
    outer loop
      vertex -55.4797 -67 7.47972
      vertex -55.618 -60 7.353
      vertex -55.618 -67 7.353
    endloop
  endfacet
  facet normal 0.300825 0 -0.953679
    outer loop
      vertex -57.7353 -67 11.0203
      vertex -57.5565 -60 11.0767
      vertex -57.5565 -67 11.0767
    endloop
  endfacet
  facet normal 0.300825 0 -0.953679
    outer loop
      vertex -57.5565 -60 11.0767
      vertex -57.7353 -67 11.0203
      vertex -57.7353 -60 11.0203
    endloop
  endfacet
  facet normal -0.991433 0 -0.13062
    outer loop
      vertex -54.8582 -67 9.18738
      vertex -54.8827 -60 9.37334
      vertex -54.8582 -60 9.18738
    endloop
  endfacet
  facet normal -0.991433 -0 -0.13062
    outer loop
      vertex -54.8827 -60 9.37334
      vertex -54.8582 -67 9.18738
      vertex -54.8827 -67 9.37334
    endloop
  endfacet
  facet normal -0.216366 0 0.976312
    outer loop
      vertex -56.6267 -60 6.88266
      vertex -56.4435 -67 6.92326
      vertex -56.4435 -60 6.92326
    endloop
  endfacet
  facet normal -0.216366 0 0.976312
    outer loop
      vertex -56.4435 -67 6.92326
      vertex -56.6267 -60 6.88266
      vertex -56.6267 -67 6.88266
    endloop
  endfacet
  facet normal -0.216366 0 -0.976312
    outer loop
      vertex -56.6267 -67 11.1173
      vertex -56.4435 -60 11.0767
      vertex -56.4435 -67 11.0767
    endloop
  endfacet
  facet normal -0.216366 0 -0.976312
    outer loop
      vertex -56.4435 -60 11.0767
      vertex -56.6267 -67 11.1173
      vertex -56.6267 -60 11.1173
    endloop
  endfacet
  facet normal -0.608834 0 -0.793297
    outer loop
      vertex -55.7668 -67 10.7612
      vertex -55.618 -60 10.647
      vertex -55.618 -67 10.647
    endloop
  endfacet
  facet normal -0.608834 0 -0.793297
    outer loop
      vertex -55.618 -60 10.647
      vertex -55.7668 -67 10.7612
      vertex -55.7668 -60 10.7612
    endloop
  endfacet
  facet normal -0.675507 0 -0.737353
    outer loop
      vertex -55.618 -67 10.647
      vertex -55.4797 -60 10.5203
      vertex -55.4797 -67 10.5203
    endloop
  endfacet
  facet normal -0.675507 0 -0.737353
    outer loop
      vertex -55.4797 -60 10.5203
      vertex -55.618 -67 10.647
      vertex -55.618 -60 10.647
    endloop
  endfacet
  facet normal -0.999044 0 0.0437172
    outer loop
      vertex -54.8582 -67 8.81261
      vertex -54.85 -60 9
      vertex -54.8582 -60 8.81261
    endloop
  endfacet
  facet normal -0.999044 0 0.0437172
    outer loop
      vertex -54.85 -60 9
      vertex -54.8582 -67 8.81261
      vertex -54.85 -67 9
    endloop
  endfacet
  facet normal -0.737353 0 -0.675507
    outer loop
      vertex -55.353 -67 10.382
      vertex -55.4797 -60 10.5203
      vertex -55.353 -60 10.382
    endloop
  endfacet
  facet normal -0.737353 -0 -0.675507
    outer loop
      vertex -55.4797 -60 10.5203
      vertex -55.353 -67 10.382
      vertex -55.4797 -67 10.5203
    endloop
  endfacet
  facet normal -0.924029 0 -0.382324
    outer loop
      vertex -54.9797 -67 9.73534
      vertex -55.0514 -60 9.90863
      vertex -54.9797 -60 9.73534
    endloop
  endfacet
  facet normal -0.924029 -0 -0.382324
    outer loop
      vertex -55.0514 -60 9.90863
      vertex -54.9797 -67 9.73534
      vertex -55.0514 -67 9.90863
    endloop
  endfacet
  facet normal -0.793297 0 0.608834
    outer loop
      vertex -55.353 -67 7.61801
      vertex -55.2388 -60 7.76681
      vertex -55.353 -60 7.61801
    endloop
  endfacet
  facet normal -0.793297 0 0.608834
    outer loop
      vertex -55.2388 -60 7.76681
      vertex -55.353 -67 7.61801
      vertex -55.2388 -67 7.76681
    endloop
  endfacet
  facet normal -0.976292 0 0.216456
    outer loop
      vertex -54.9233 -67 8.44354
      vertex -54.8827 -60 8.62666
      vertex -54.9233 -60 8.44354
    endloop
  endfacet
  facet normal -0.976292 0 0.216456
    outer loop
      vertex -54.8827 -60 8.62666
      vertex -54.9233 -67 8.44354
      vertex -54.8827 -67 8.62666
    endloop
  endfacet
  facet normal 0.382669 0 0.923886
    outer loop
      vertex -57.9086 -60 7.05144
      vertex -57.7353 -67 6.97966
      vertex -57.7353 -60 6.97966
    endloop
  endfacet
  facet normal 0.382669 0 0.923886
    outer loop
      vertex -57.7353 -67 6.97966
      vertex -57.9086 -60 7.05144
      vertex -57.9086 -67 7.05144
    endloop
  endfacet
  facet normal 0.382305 0 -0.924036
    outer loop
      vertex -57.9086 -67 10.9486
      vertex -57.7353 -60 11.0203
      vertex -57.7353 -67 11.0203
    endloop
  endfacet
  facet normal 0.382305 0 -0.924036
    outer loop
      vertex -57.7353 -60 11.0203
      vertex -57.9086 -67 10.9486
      vertex -57.9086 -60 10.9486
    endloop
  endfacet
  facet normal -0.953718 0 0.300703
    outer loop
      vertex -54.9797 -67 8.26466
      vertex -54.9233 -60 8.44354
      vertex -54.9797 -60 8.26466
    endloop
  endfacet
  facet normal -0.953718 0 0.300703
    outer loop
      vertex -54.9233 -60 8.44354
      vertex -54.9797 -67 8.26466
      vertex -54.9233 -67 8.44354
    endloop
  endfacet
  facet normal -0.737329 0 0.675534
    outer loop
      vertex -55.4797 -67 7.47972
      vertex -55.353 -60 7.61801
      vertex -55.4797 -60 7.47972
    endloop
  endfacet
  facet normal -0.737329 0 0.675534
    outer loop
      vertex -55.353 -60 7.61801
      vertex -55.4797 -67 7.47972
      vertex -55.353 -67 7.61801
    endloop
  endfacet
  facet normal 0.608767 0 0.793349
    outer loop
      vertex -58.382 -60 7.353
      vertex -58.2332 -67 7.23882
      vertex -58.2332 -60 7.23882
    endloop
  endfacet
  facet normal 0.608767 0 0.793349
    outer loop
      vertex -58.2332 -67 7.23882
      vertex -58.382 -60 7.353
      vertex -58.382 -67 7.353
    endloop
  endfacet
  facet normal 0.793297 -0 0.608834
    outer loop
      vertex -58.7612 -67 7.76681
      vertex -58.647 -60 7.61801
      vertex -58.7612 -60 7.76681
    endloop
  endfacet
  facet normal 0.793297 0 0.608834
    outer loop
      vertex -58.647 -60 7.61801
      vertex -58.7612 -67 7.76681
      vertex -58.647 -67 7.61801
    endloop
  endfacet
  facet normal 0.737353 0 -0.675507
    outer loop
      vertex -58.5203 -67 10.5203
      vertex -58.647 -60 10.382
      vertex -58.5203 -60 10.5203
    endloop
  endfacet
  facet normal 0.737353 0 -0.675507
    outer loop
      vertex -58.647 -60 10.382
      vertex -58.5203 -67 10.5203
      vertex -58.647 -67 10.382
    endloop
  endfacet
  facet normal -0.130661 0 -0.991427
    outer loop
      vertex -56.8126 -67 11.1418
      vertex -56.6267 -60 11.1173
      vertex -56.6267 -67 11.1173
    endloop
  endfacet
  facet normal -0.130661 0 -0.991427
    outer loop
      vertex -56.6267 -60 11.1173
      vertex -56.8126 -67 11.1418
      vertex -56.8126 -60 11.1418
    endloop
  endfacet
  facet normal 0.130557 0 0.991441
    outer loop
      vertex -57.3733 -60 6.88266
      vertex -57.1874 -67 6.85818
      vertex -57.1874 -60 6.85818
    endloop
  endfacet
  facet normal 0.130557 0 0.991441
    outer loop
      vertex -57.1874 -67 6.85818
      vertex -57.3733 -60 6.88266
      vertex -57.3733 -67 6.88266
    endloop
  endfacet
  facet normal -0.0436084 0 0.999049
    outer loop
      vertex -57 -60 6.85
      vertex -56.8126 -67 6.85818
      vertex -56.8126 -60 6.85818
    endloop
  endfacet
  facet normal -0.0436084 0 0.999049
    outer loop
      vertex -56.8126 -67 6.85818
      vertex -57 -60 6.85
      vertex -57 -67 6.85
    endloop
  endfacet
  facet normal 0.608834 0 -0.793297
    outer loop
      vertex -58.382 -67 10.647
      vertex -58.2332 -60 10.7612
      vertex -58.2332 -67 10.7612
    endloop
  endfacet
  facet normal 0.608834 0 -0.793297
    outer loop
      vertex -58.2332 -60 10.7612
      vertex -58.382 -67 10.647
      vertex -58.382 -60 10.647
    endloop
  endfacet
  facet normal 0.976292 -0 0.216456
    outer loop
      vertex -59.1173 -67 8.62666
      vertex -59.0767 -60 8.44354
      vertex -59.1173 -60 8.62666
    endloop
  endfacet
  facet normal 0.976292 0 0.216456
    outer loop
      vertex -59.0767 -60 8.44354
      vertex -59.1173 -67 8.62666
      vertex -59.0767 -67 8.44354
    endloop
  endfacet
  facet normal 0.991432 -0 0.130627
    outer loop
      vertex -59.1418 -67 8.81261
      vertex -59.1173 -60 8.62666
      vertex -59.1418 -60 8.81261
    endloop
  endfacet
  facet normal 0.991432 0 0.130627
    outer loop
      vertex -59.1173 -60 8.62666
      vertex -59.1418 -67 8.81261
      vertex -59.1173 -67 8.62666
    endloop
  endfacet
  facet normal -0.843354 0 -0.537358
    outer loop
      vertex -55.138 -67 10.075
      vertex -55.2388 -60 10.2332
      vertex -55.138 -60 10.075
    endloop
  endfacet
  facet normal -0.843354 -0 -0.537358
    outer loop
      vertex -55.2388 -60 10.2332
      vertex -55.138 -67 10.075
      vertex -55.2388 -67 10.2332
    endloop
  endfacet
  facet normal 0.999044 0 -0.0437195
    outer loop
      vertex -59.1418 -67 9.18738
      vertex -59.15 -60 9
      vertex -59.1418 -60 9.18738
    endloop
  endfacet
  facet normal 0.999044 0 -0.0437195
    outer loop
      vertex -59.15 -60 9
      vertex -59.1418 -67 9.18738
      vertex -59.15 -67 9
    endloop
  endfacet
  facet normal -0.924029 0 0.382324
    outer loop
      vertex -55.0514 -67 8.09137
      vertex -54.9797 -60 8.26466
      vertex -55.0514 -60 8.09137
    endloop
  endfacet
  facet normal -0.924029 0 0.382324
    outer loop
      vertex -54.9797 -60 8.26466
      vertex -55.0514 -67 8.09137
      vertex -54.9797 -67 8.26466
    endloop
  endfacet
  facet normal -0.300825 0 -0.953679
    outer loop
      vertex -56.4435 -67 11.0767
      vertex -56.2647 -60 11.0203
      vertex -56.2647 -67 11.0203
    endloop
  endfacet
  facet normal -0.300825 0 -0.953679
    outer loop
      vertex -56.2647 -60 11.0203
      vertex -56.4435 -67 11.0767
      vertex -56.4435 -60 11.0767
    endloop
  endfacet
  facet normal -0.0437148 0 -0.999044
    outer loop
      vertex -57 -67 11.15
      vertex -56.8126 -60 11.1418
      vertex -56.8126 -67 11.1418
    endloop
  endfacet
  facet normal -0.0437148 0 -0.999044
    outer loop
      vertex -56.8126 -60 11.1418
      vertex -57 -67 11.15
      vertex -57 -60 11.15
    endloop
  endfacet
  facet normal 0.843339 -0 0.537382
    outer loop
      vertex -58.862 -67 7.925
      vertex -58.7612 -60 7.76681
      vertex -58.862 -60 7.925
    endloop
  endfacet
  facet normal 0.843339 0 0.537382
    outer loop
      vertex -58.7612 -60 7.76681
      vertex -58.862 -67 7.925
      vertex -58.7612 -67 7.76681
    endloop
  endfacet
  facet normal 0 -1 0
    outer loop
      vertex -57.1874 -60 11.1418
      vertex -56.8126 -60 11.1418
      vertex -57 -60 11.15
    endloop
  endfacet
  facet normal 0 -1 0
    outer loop
      vertex -57.3733 -60 11.1173
      vertex -56.8126 -60 11.1418
      vertex -57.1874 -60 11.1418
    endloop
  endfacet
  facet normal 0 -1 0
    outer loop
      vertex -57.3733 -60 11.1173
      vertex -56.6267 -60 11.1173
      vertex -56.8126 -60 11.1418
    endloop
  endfacet
  facet normal 0 -1 0
    outer loop
      vertex -57.5565 -60 11.0767
      vertex -56.6267 -60 11.1173
      vertex -57.3733 -60 11.1173
    endloop
  endfacet
  facet normal 0 -1 0
    outer loop
      vertex -57.5565 -60 11.0767
      vertex -56.4435 -60 11.0767
      vertex -56.6267 -60 11.1173
    endloop
  endfacet
  facet normal 0 -1 0
    outer loop
      vertex -57.7353 -60 11.0203
      vertex -56.4435 -60 11.0767
      vertex -57.5565 -60 11.0767
    endloop
  endfacet
  facet normal 0 -1 0
    outer loop
      vertex -57.7353 -60 11.0203
      vertex -56.2647 -60 11.0203
      vertex -56.4435 -60 11.0767
    endloop
  endfacet
  facet normal 0 -1 0
    outer loop
      vertex -57.9086 -60 10.9486
      vertex -56.2647 -60 11.0203
      vertex -57.7353 -60 11.0203
    endloop
  endfacet
  facet normal 0 -1 0
    outer loop
      vertex -57.9086 -60 10.9486
      vertex -56.0914 -60 10.9486
      vertex -56.2647 -60 11.0203
    endloop
  endfacet
  facet normal 0 -1 0
    outer loop
      vertex -58.075 -60 10.862
      vertex -56.0914 -60 10.9486
      vertex -57.9086 -60 10.9486
    endloop
  endfacet
  facet normal 0 -1 0
    outer loop
      vertex -58.075 -60 10.862
      vertex -55.925 -60 10.862
      vertex -56.0914 -60 10.9486
    endloop
  endfacet
  facet normal 0 -1 0
    outer loop
      vertex -58.2332 -60 10.7612
      vertex -55.925 -60 10.862
      vertex -58.075 -60 10.862
    endloop
  endfacet
  facet normal 0 -1 0
    outer loop
      vertex -58.2332 -60 10.7612
      vertex -55.7668 -60 10.7612
      vertex -55.925 -60 10.862
    endloop
  endfacet
  facet normal 0 -1 0
    outer loop
      vertex -58.382 -60 10.647
      vertex -55.7668 -60 10.7612
      vertex -58.2332 -60 10.7612
    endloop
  endfacet
  facet normal 0 -1 0
    outer loop
      vertex -58.382 -60 10.647
      vertex -55.618 -60 10.647
      vertex -55.7668 -60 10.7612
    endloop
  endfacet
  facet normal 0 -1 0
    outer loop
      vertex -58.5203 -60 10.5203
      vertex -55.618 -60 10.647
      vertex -58.382 -60 10.647
    endloop
  endfacet
  facet normal 0 -1 0
    outer loop
      vertex -58.5203 -60 10.5203
      vertex -55.4797 -60 10.5203
      vertex -55.618 -60 10.647
    endloop
  endfacet
  facet normal 0 -1 0
    outer loop
      vertex -58.647 -60 10.382
      vertex -55.4797 -60 10.5203
      vertex -58.5203 -60 10.5203
    endloop
  endfacet
  facet normal 0 -1 0
    outer loop
      vertex -58.647 -60 10.382
      vertex -55.353 -60 10.382
      vertex -55.4797 -60 10.5203
    endloop
  endfacet
  facet normal 0 -1 0
    outer loop
      vertex -58.7612 -60 10.2332
      vertex -55.353 -60 10.382
      vertex -58.647 -60 10.382
    endloop
  endfacet
  facet normal 0 -1 0
    outer loop
      vertex -58.7612 -60 10.2332
      vertex -55.2388 -60 10.2332
      vertex -55.353 -60 10.382
    endloop
  endfacet
  facet normal 0 -1 0
    outer loop
      vertex -58.862 -60 10.075
      vertex -55.2388 -60 10.2332
      vertex -58.7612 -60 10.2332
    endloop
  endfacet
  facet normal 0 -1 0
    outer loop
      vertex -58.862 -60 10.075
      vertex -55.138 -60 10.075
      vertex -55.2388 -60 10.2332
    endloop
  endfacet
  facet normal 0 -1 0
    outer loop
      vertex -58.9486 -60 9.90863
      vertex -55.138 -60 10.075
      vertex -58.862 -60 10.075
    endloop
  endfacet
  facet normal 0 -1 0
    outer loop
      vertex -58.9486 -60 9.90863
      vertex -55.0514 -60 9.90863
      vertex -55.138 -60 10.075
    endloop
  endfacet
  facet normal 0 -1 0
    outer loop
      vertex -59.0203 -60 9.73534
      vertex -55.0514 -60 9.90863
      vertex -58.9486 -60 9.90863
    endloop
  endfacet
  facet normal 0 -1 0
    outer loop
      vertex -59.0203 -60 9.73534
      vertex -54.9797 -60 9.73534
      vertex -55.0514 -60 9.90863
    endloop
  endfacet
  facet normal 0 -1 0
    outer loop
      vertex -59.0767 -60 9.55646
      vertex -54.9797 -60 9.73534
      vertex -59.0203 -60 9.73534
    endloop
  endfacet
  facet normal 0 -1 0
    outer loop
      vertex -59.0767 -60 9.55646
      vertex -54.9233 -60 9.55646
      vertex -54.9797 -60 9.73534
    endloop
  endfacet
  facet normal 0 -1 0
    outer loop
      vertex -59.1173 -60 9.37334
      vertex -54.9233 -60 9.55646
      vertex -59.0767 -60 9.55646
    endloop
  endfacet
  facet normal 0 -1 0
    outer loop
      vertex -59.1173 -60 9.37334
      vertex -54.8827 -60 9.37334
      vertex -54.9233 -60 9.55646
    endloop
  endfacet
  facet normal 0 -1 0
    outer loop
      vertex -59.1418 -60 9.18738
      vertex -54.8827 -60 9.37334
      vertex -59.1173 -60 9.37334
    endloop
  endfacet
  facet normal 0 -1 0
    outer loop
      vertex -59.1418 -60 9.18738
      vertex -54.8582 -60 9.18738
      vertex -54.8827 -60 9.37334
    endloop
  endfacet
  facet normal 0 -1 0
    outer loop
      vertex -59.15 -60 9
      vertex -54.8582 -60 9.18738
      vertex -59.1418 -60 9.18738
    endloop
  endfacet
  facet normal 0 -1 0
    outer loop
      vertex -59.15 -60 9
      vertex -54.85 -60 9
      vertex -54.8582 -60 9.18738
    endloop
  endfacet
  facet normal 0 -1 0
    outer loop
      vertex -59.1418 -60 8.81261
      vertex -54.85 -60 9
      vertex -59.15 -60 9
    endloop
  endfacet
  facet normal 0 -1 0
    outer loop
      vertex -59.1418 -60 8.81261
      vertex -54.8582 -60 8.81261
      vertex -54.85 -60 9
    endloop
  endfacet
  facet normal 0 -1 0
    outer loop
      vertex -59.1173 -60 8.62666
      vertex -54.8582 -60 8.81261
      vertex -59.1418 -60 8.81261
    endloop
  endfacet
  facet normal 0 -1 0
    outer loop
      vertex -59.1173 -60 8.62666
      vertex -54.8827 -60 8.62666
      vertex -54.8582 -60 8.81261
    endloop
  endfacet
  facet normal 0 -1 0
    outer loop
      vertex -59.0767 -60 8.44354
      vertex -54.8827 -60 8.62666
      vertex -59.1173 -60 8.62666
    endloop
  endfacet
  facet normal 0 -1 0
    outer loop
      vertex -59.0767 -60 8.44354
      vertex -54.9233 -60 8.44354
      vertex -54.8827 -60 8.62666
    endloop
  endfacet
  facet normal 0 -1 0
    outer loop
      vertex -59.0203 -60 8.26466
      vertex -54.9233 -60 8.44354
      vertex -59.0767 -60 8.44354
    endloop
  endfacet
  facet normal 0 -1 0
    outer loop
      vertex -59.0203 -60 8.26466
      vertex -54.9797 -60 8.26466
      vertex -54.9233 -60 8.44354
    endloop
  endfacet
  facet normal 0 -1 0
    outer loop
      vertex -58.9486 -60 8.09137
      vertex -54.9797 -60 8.26466
      vertex -59.0203 -60 8.26466
    endloop
  endfacet
  facet normal 0 -1 0
    outer loop
      vertex -58.9486 -60 8.09137
      vertex -55.0514 -60 8.09137
      vertex -54.9797 -60 8.26466
    endloop
  endfacet
  facet normal 0 -1 0
    outer loop
      vertex -58.862 -60 7.925
      vertex -55.0514 -60 8.09137
      vertex -58.9486 -60 8.09137
    endloop
  endfacet
  facet normal 0 -1 0
    outer loop
      vertex -58.862 -60 7.925
      vertex -55.138 -60 7.925
      vertex -55.0514 -60 8.09137
    endloop
  endfacet
  facet normal 0 -1 0
    outer loop
      vertex -58.7612 -60 7.76681
      vertex -55.138 -60 7.925
      vertex -58.862 -60 7.925
    endloop
  endfacet
  facet normal 0 -1 0
    outer loop
      vertex -58.7612 -60 7.76681
      vertex -55.2388 -60 7.76681
      vertex -55.138 -60 7.925
    endloop
  endfacet
  facet normal 0 -1 0
    outer loop
      vertex -58.647 -60 7.61801
      vertex -55.2388 -60 7.76681
      vertex -58.7612 -60 7.76681
    endloop
  endfacet
  facet normal 0 -1 0
    outer loop
      vertex -58.647 -60 7.61801
      vertex -55.353 -60 7.61801
      vertex -55.2388 -60 7.76681
    endloop
  endfacet
  facet normal 0 -1 0
    outer loop
      vertex -58.5203 -60 7.47972
      vertex -55.353 -60 7.61801
      vertex -58.647 -60 7.61801
    endloop
  endfacet
  facet normal 0 -1 0
    outer loop
      vertex -58.5203 -60 7.47972
      vertex -55.4797 -60 7.47972
      vertex -55.353 -60 7.61801
    endloop
  endfacet
  facet normal 0 -1 0
    outer loop
      vertex -58.382 -60 7.353
      vertex -55.4797 -60 7.47972
      vertex -58.5203 -60 7.47972
    endloop
  endfacet
  facet normal 0 -1 0
    outer loop
      vertex -58.382 -60 7.353
      vertex -55.618 -60 7.353
      vertex -55.4797 -60 7.47972
    endloop
  endfacet
  facet normal 0 -1 0
    outer loop
      vertex -58.2332 -60 7.23882
      vertex -55.618 -60 7.353
      vertex -58.382 -60 7.353
    endloop
  endfacet
  facet normal 0 -1 0
    outer loop
      vertex -58.2332 -60 7.23882
      vertex -55.7668 -60 7.23882
      vertex -55.618 -60 7.353
    endloop
  endfacet
  facet normal 0 -1 0
    outer loop
      vertex -58.075 -60 7.13805
      vertex -55.7668 -60 7.23882
      vertex -58.2332 -60 7.23882
    endloop
  endfacet
  facet normal 0 -1 0
    outer loop
      vertex -58.075 -60 7.13805
      vertex -55.925 -60 7.13805
      vertex -55.7668 -60 7.23882
    endloop
  endfacet
  facet normal 0 -1 0
    outer loop
      vertex -57.9086 -60 7.05144
      vertex -55.925 -60 7.13805
      vertex -58.075 -60 7.13805
    endloop
  endfacet
  facet normal 0 -1 0
    outer loop
      vertex -57.9086 -60 7.05144
      vertex -56.0914 -60 7.05144
      vertex -55.925 -60 7.13805
    endloop
  endfacet
  facet normal 0 -1 0
    outer loop
      vertex -57.7353 -60 6.97966
      vertex -56.0914 -60 7.05144
      vertex -57.9086 -60 7.05144
    endloop
  endfacet
  facet normal 0 -1 0
    outer loop
      vertex -57.7353 -60 6.97966
      vertex -56.2647 -60 6.97966
      vertex -56.0914 -60 7.05144
    endloop
  endfacet
  facet normal 0 -1 0
    outer loop
      vertex -57.5565 -60 6.92326
      vertex -56.2647 -60 6.97966
      vertex -57.7353 -60 6.97966
    endloop
  endfacet
  facet normal 0 -1 0
    outer loop
      vertex -57.5565 -60 6.92326
      vertex -56.4435 -60 6.92326
      vertex -56.2647 -60 6.97966
    endloop
  endfacet
  facet normal 0 -1 0
    outer loop
      vertex -57.3733 -60 6.88266
      vertex -56.4435 -60 6.92326
      vertex -57.5565 -60 6.92326
    endloop
  endfacet
  facet normal 0 -1 0
    outer loop
      vertex -57.3733 -60 6.88266
      vertex -56.6267 -60 6.88266
      vertex -56.4435 -60 6.92326
    endloop
  endfacet
  facet normal 0 -1 0
    outer loop
      vertex -57.1874 -60 6.85818
      vertex -56.6267 -60 6.88266
      vertex -57.3733 -60 6.88266
    endloop
  endfacet
  facet normal 0 -1 0
    outer loop
      vertex -57.1874 -60 6.85818
      vertex -56.8126 -60 6.85818
      vertex -56.6267 -60 6.88266
    endloop
  endfacet
  facet normal -0 -1 0
    outer loop
      vertex -56.8126 -60 6.85818
      vertex -57.1874 -60 6.85818
      vertex -57 -60 6.85
    endloop
  endfacet
  facet normal 0.999044 -0 0.0437172
    outer loop
      vertex -59.15 -67 9
      vertex -59.1418 -60 8.81261
      vertex -59.15 -60 9
    endloop
  endfacet
  facet normal 0.999044 0 0.0437172
    outer loop
      vertex -59.1418 -60 8.81261
      vertex -59.15 -67 9
      vertex -59.1418 -67 8.81261
    endloop
  endfacet
  facet normal -0.608767 0 0.793349
    outer loop
      vertex -55.7668 -60 7.23882
      vertex -55.618 -67 7.353
      vertex -55.618 -60 7.353
    endloop
  endfacet
  facet normal -0.608767 0 0.793349
    outer loop
      vertex -55.618 -67 7.353
      vertex -55.7668 -60 7.23882
      vertex -55.7668 -67 7.23882
    endloop
  endfacet
  facet normal 0.216366 0 0.976312
    outer loop
      vertex -57.5565 -60 6.92326
      vertex -57.3733 -67 6.88266
      vertex -57.3733 -60 6.88266
    endloop
  endfacet
  facet normal 0.216366 0 0.976312
    outer loop
      vertex -57.3733 -67 6.88266
      vertex -57.5565 -60 6.92326
      vertex -57.5565 -67 6.92326
    endloop
  endfacet
  facet normal 0.924029 0 -0.382324
    outer loop
      vertex -58.9486 -67 9.90863
      vertex -59.0203 -60 9.73534
      vertex -58.9486 -60 9.90863
    endloop
  endfacet
  facet normal 0.924029 0 -0.382324
    outer loop
      vertex -59.0203 -60 9.73534
      vertex -58.9486 -67 9.90863
      vertex -59.0203 -67 9.73534
    endloop
  endfacet
  facet normal -0.537245 0 0.843427
    outer loop
      vertex -55.925 -60 7.13805
      vertex -55.7668 -67 7.23882
      vertex -55.7668 -60 7.23882
    endloop
  endfacet
  facet normal -0.537245 0 0.843427
    outer loop
      vertex -55.7668 -67 7.23882
      vertex -55.925 -60 7.13805
      vertex -55.925 -67 7.13805
    endloop
  endfacet
  facet normal 0.537245 0 0.843427
    outer loop
      vertex -58.2332 -60 7.23882
      vertex -58.075 -67 7.13805
      vertex -58.075 -60 7.13805
    endloop
  endfacet
  facet normal 0.537245 0 0.843427
    outer loop
      vertex -58.075 -67 7.13805
      vertex -58.2332 -60 7.23882
      vertex -58.2332 -67 7.23882
    endloop
  endfacet
  facet normal -0.300825 0 0.953679
    outer loop
      vertex -56.4435 -60 6.92326
      vertex -56.2647 -67 6.97966
      vertex -56.2647 -60 6.97966
    endloop
  endfacet
  facet normal -0.300825 0 0.953679
    outer loop
      vertex -56.2647 -67 6.97966
      vertex -56.4435 -60 6.92326
      vertex -56.4435 -67 6.92326
    endloop
  endfacet
  facet normal 0.537358 0 -0.843354
    outer loop
      vertex -58.2332 -67 10.7612
      vertex -58.075 -60 10.862
      vertex -58.075 -67 10.862
    endloop
  endfacet
  facet normal 0.537358 0 -0.843354
    outer loop
      vertex -58.075 -60 10.862
      vertex -58.2332 -67 10.7612
      vertex -58.2332 -60 10.7612
    endloop
  endfacet
  facet normal -0.382305 0 -0.924036
    outer loop
      vertex 57.7353 -67 11.0203
      vertex 57.9086 -60 10.9486
      vertex 57.9086 -67 10.9486
    endloop
  endfacet
  facet normal -0.382305 0 -0.924036
    outer loop
      vertex 57.9086 -60 10.9486
      vertex 57.7353 -67 11.0203
      vertex 57.7353 -60 11.0203
    endloop
  endfacet
  facet normal -0.991433 0 -0.13062
    outer loop
      vertex 59.1418 -67 9.18738
      vertex 59.1173 -60 9.37334
      vertex 59.1418 -60 9.18738
    endloop
  endfacet
  facet normal -0.991433 -0 -0.13062
    outer loop
      vertex 59.1173 -60 9.37334
      vertex 59.1418 -67 9.18738
      vertex 59.1173 -67 9.37334
    endloop
  endfacet
  facet normal -0.999044 0 -0.0437195
    outer loop
      vertex 59.15 -67 9
      vertex 59.1418 -60 9.18738
      vertex 59.15 -60 9
    endloop
  endfacet
  facet normal -0.999044 -0 -0.0437195
    outer loop
      vertex 59.1418 -60 9.18738
      vertex 59.15 -67 9
      vertex 59.1418 -67 9.18738
    endloop
  endfacet
  facet normal -0.976292 0 -0.216456
    outer loop
      vertex 59.1173 -67 9.37334
      vertex 59.0767 -60 9.55646
      vertex 59.1173 -60 9.37334
    endloop
  endfacet
  facet normal -0.976292 -0 -0.216456
    outer loop
      vertex 59.0767 -60 9.55646
      vertex 59.1173 -67 9.37334
      vertex 59.0767 -67 9.55646
    endloop
  endfacet
  facet normal -0.843339 0 0.537382
    outer loop
      vertex 58.7612 -67 7.76681
      vertex 58.862 -60 7.925
      vertex 58.7612 -60 7.76681
    endloop
  endfacet
  facet normal -0.843339 0 0.537382
    outer loop
      vertex 58.862 -60 7.925
      vertex 58.7612 -67 7.76681
      vertex 58.862 -67 7.925
    endloop
  endfacet
  facet normal 0.130661 0 -0.991427
    outer loop
      vertex 56.6267 -67 11.1173
      vertex 56.8126 -60 11.1418
      vertex 56.8126 -67 11.1418
    endloop
  endfacet
  facet normal 0.130661 0 -0.991427
    outer loop
      vertex 56.8126 -60 11.1418
      vertex 56.6267 -67 11.1173
      vertex 56.6267 -60 11.1173
    endloop
  endfacet
  facet normal -0.924029 0 -0.382324
    outer loop
      vertex 59.0203 -67 9.73534
      vertex 58.9486 -60 9.90863
      vertex 59.0203 -60 9.73534
    endloop
  endfacet
  facet normal -0.924029 -0 -0.382324
    outer loop
      vertex 58.9486 -60 9.90863
      vertex 59.0203 -67 9.73534
      vertex 58.9486 -67 9.90863
    endloop
  endfacet
  facet normal -0.887026 0 -0.46172
    outer loop
      vertex 58.9486 -67 9.90863
      vertex 58.862 -60 10.075
      vertex 58.9486 -60 9.90863
    endloop
  endfacet
  facet normal -0.887026 -0 -0.46172
    outer loop
      vertex 58.862 -60 10.075
      vertex 58.9486 -67 9.90863
      vertex 58.862 -67 10.075
    endloop
  endfacet
  facet normal 0.382669 0 0.923886
    outer loop
      vertex 56.0914 -60 7.05144
      vertex 56.2647 -67 6.97966
      vertex 56.2647 -60 6.97966
    endloop
  endfacet
  facet normal 0.382669 0 0.923886
    outer loop
      vertex 56.2647 -67 6.97966
      vertex 56.0914 -60 7.05144
      vertex 56.0914 -67 7.05144
    endloop
  endfacet
  facet normal -0.300825 0 0.953679
    outer loop
      vertex 57.5565 -60 6.92326
      vertex 57.7353 -67 6.97966
      vertex 57.7353 -60 6.97966
    endloop
  endfacet
  facet normal -0.300825 0 0.953679
    outer loop
      vertex 57.7353 -67 6.97966
      vertex 57.5565 -60 6.92326
      vertex 57.5565 -67 6.92326
    endloop
  endfacet
  facet normal 0.737329 -0 0.675534
    outer loop
      vertex 55.353 -67 7.61801
      vertex 55.4797 -60 7.47972
      vertex 55.353 -60 7.61801
    endloop
  endfacet
  facet normal 0.737329 0 0.675534
    outer loop
      vertex 55.4797 -60 7.47972
      vertex 55.353 -67 7.61801
      vertex 55.4797 -67 7.47972
    endloop
  endfacet
  facet normal 0.608767 0 0.793349
    outer loop
      vertex 55.618 -60 7.353
      vertex 55.7668 -67 7.23882
      vertex 55.7668 -60 7.23882
    endloop
  endfacet
  facet normal 0.608767 0 0.793349
    outer loop
      vertex 55.7668 -67 7.23882
      vertex 55.618 -60 7.353
      vertex 55.618 -67 7.353
    endloop
  endfacet
  facet normal -0.887026 0 0.46172
    outer loop
      vertex 58.862 -67 7.925
      vertex 58.9486 -60 8.09137
      vertex 58.862 -60 7.925
    endloop
  endfacet
  facet normal -0.887026 0 0.46172
    outer loop
      vertex 58.9486 -60 8.09137
      vertex 58.862 -67 7.925
      vertex 58.9486 -67 8.09137
    endloop
  endfacet
  facet normal 0.999044 -0 0.0437172
    outer loop
      vertex 54.85 -67 9
      vertex 54.8582 -60 8.81261
      vertex 54.85 -60 9
    endloop
  endfacet
  facet normal 0.999044 0 0.0437172
    outer loop
      vertex 54.8582 -60 8.81261
      vertex 54.85 -67 9
      vertex 54.8582 -67 8.81261
    endloop
  endfacet
  facet normal -0.461655 0 -0.88706
    outer loop
      vertex 57.9086 -67 10.9486
      vertex 58.075 -60 10.862
      vertex 58.075 -67 10.862
    endloop
  endfacet
  facet normal -0.461655 0 -0.88706
    outer loop
      vertex 58.075 -60 10.862
      vertex 57.9086 -67 10.9486
      vertex 57.9086 -60 10.9486
    endloop
  endfacet
  facet normal 0.216366 0 -0.976312
    outer loop
      vertex 56.4435 -67 11.0767
      vertex 56.6267 -60 11.1173
      vertex 56.6267 -67 11.1173
    endloop
  endfacet
  facet normal 0.216366 0 -0.976312
    outer loop
      vertex 56.6267 -60 11.1173
      vertex 56.4435 -67 11.0767
      vertex 56.4435 -60 11.0767
    endloop
  endfacet
  facet normal 0.953718 -0 0.300703
    outer loop
      vertex 54.9233 -67 8.44354
      vertex 54.9797 -60 8.26466
      vertex 54.9233 -60 8.44354
    endloop
  endfacet
  facet normal 0.953718 0 0.300703
    outer loop
      vertex 54.9797 -60 8.26466
      vertex 54.9233 -67 8.44354
      vertex 54.9797 -67 8.26466
    endloop
  endfacet
  facet normal -0.953718 0 -0.300703
    outer loop
      vertex 59.0767 -67 9.55646
      vertex 59.0203 -60 9.73534
      vertex 59.0767 -60 9.55646
    endloop
  endfacet
  facet normal -0.953718 -0 -0.300703
    outer loop
      vertex 59.0203 -60 9.73534
      vertex 59.0767 -67 9.55646
      vertex 59.0203 -67 9.73534
    endloop
  endfacet
  facet normal 0.216366 0 0.976312
    outer loop
      vertex 56.4435 -60 6.92326
      vertex 56.6267 -67 6.88266
      vertex 56.6267 -60 6.88266
    endloop
  endfacet
  facet normal 0.216366 0 0.976312
    outer loop
      vertex 56.6267 -67 6.88266
      vertex 56.4435 -60 6.92326
      vertex 56.4435 -67 6.92326
    endloop
  endfacet
  facet normal -0.537358 0 -0.843354
    outer loop
      vertex 58.075 -67 10.862
      vertex 58.2332 -60 10.7612
      vertex 58.2332 -67 10.7612
    endloop
  endfacet
  facet normal -0.537358 0 -0.843354
    outer loop
      vertex 58.2332 -60 10.7612
      vertex 58.075 -67 10.862
      vertex 58.075 -60 10.862
    endloop
  endfacet
  facet normal 0.924029 -0 0.382324
    outer loop
      vertex 54.9797 -67 8.26466
      vertex 55.0514 -60 8.09137
      vertex 54.9797 -60 8.26466
    endloop
  endfacet
  facet normal 0.924029 0 0.382324
    outer loop
      vertex 55.0514 -60 8.09137
      vertex 54.9797 -67 8.26466
      vertex 55.0514 -67 8.09137
    endloop
  endfacet
  facet normal 0.887026 0 -0.46172
    outer loop
      vertex 55.138 -67 10.075
      vertex 55.0514 -60 9.90863
      vertex 55.138 -60 10.075
    endloop
  endfacet
  facet normal 0.887026 0 -0.46172
    outer loop
      vertex 55.0514 -60 9.90863
      vertex 55.138 -67 10.075
      vertex 55.0514 -67 9.90863
    endloop
  endfacet
  facet normal 0.608834 0 -0.793297
    outer loop
      vertex 55.618 -67 10.647
      vertex 55.7668 -60 10.7612
      vertex 55.7668 -67 10.7612
    endloop
  endfacet
  facet normal 0.608834 0 -0.793297
    outer loop
      vertex 55.7668 -60 10.7612
      vertex 55.618 -67 10.647
      vertex 55.618 -60 10.647
    endloop
  endfacet
  facet normal -0.461697 0 0.887038
    outer loop
      vertex 57.9086 -60 7.05144
      vertex 58.075 -67 7.13805
      vertex 58.075 -60 7.13805
    endloop
  endfacet
  facet normal -0.461697 0 0.887038
    outer loop
      vertex 58.075 -67 7.13805
      vertex 57.9086 -60 7.05144
      vertex 57.9086 -67 7.05144
    endloop
  endfacet
  facet normal -0.991432 0 0.130627
    outer loop
      vertex 59.1173 -67 8.62666
      vertex 59.1418 -60 8.81261
      vertex 59.1173 -60 8.62666
    endloop
  endfacet
  facet normal -0.991432 0 0.130627
    outer loop
      vertex 59.1418 -60 8.81261
      vertex 59.1173 -67 8.62666
      vertex 59.1418 -67 8.81261
    endloop
  endfacet
  facet normal -0.976292 0 0.216456
    outer loop
      vertex 59.0767 -67 8.44354
      vertex 59.1173 -60 8.62666
      vertex 59.0767 -60 8.44354
    endloop
  endfacet
  facet normal -0.976292 0 0.216456
    outer loop
      vertex 59.1173 -60 8.62666
      vertex 59.0767 -67 8.44354
      vertex 59.1173 -67 8.62666
    endloop
  endfacet
  facet normal 0.999044 0 -0.0437195
    outer loop
      vertex 54.8582 -67 9.18738
      vertex 54.85 -60 9
      vertex 54.8582 -60 9.18738
    endloop
  endfacet
  facet normal 0.999044 0 -0.0437195
    outer loop
      vertex 54.85 -60 9
      vertex 54.8582 -67 9.18738
      vertex 54.85 -67 9
    endloop
  endfacet
  facet normal 0.675565 0 0.7373
    outer loop
      vertex 55.4797 -60 7.47972
      vertex 55.618 -67 7.353
      vertex 55.618 -60 7.353
    endloop
  endfacet
  facet normal 0.675565 0 0.7373
    outer loop
      vertex 55.618 -67 7.353
      vertex 55.4797 -60 7.47972
      vertex 55.4797 -67 7.47972
    endloop
  endfacet
  facet normal 0.793297 0 -0.608834
    outer loop
      vertex 55.353 -67 10.382
      vertex 55.2388 -60 10.2332
      vertex 55.353 -60 10.382
    endloop
  endfacet
  facet normal 0.793297 0 -0.608834
    outer loop
      vertex 55.2388 -60 10.2332
      vertex 55.353 -67 10.382
      vertex 55.2388 -67 10.2332
    endloop
  endfacet
  facet normal 0.675507 0 -0.737353
    outer loop
      vertex 55.4797 -67 10.5203
      vertex 55.618 -60 10.647
      vertex 55.618 -67 10.647
    endloop
  endfacet
  facet normal 0.675507 0 -0.737353
    outer loop
      vertex 55.618 -60 10.647
      vertex 55.4797 -67 10.5203
      vertex 55.4797 -60 10.5203
    endloop
  endfacet
  facet normal -0.793297 0 0.608834
    outer loop
      vertex 58.647 -67 7.61801
      vertex 58.7612 -60 7.76681
      vertex 58.647 -60 7.61801
    endloop
  endfacet
  facet normal -0.793297 0 0.608834
    outer loop
      vertex 58.7612 -60 7.76681
      vertex 58.647 -67 7.61801
      vertex 58.7612 -67 7.76681
    endloop
  endfacet
  facet normal -0.953718 0 0.300703
    outer loop
      vertex 59.0203 -67 8.26466
      vertex 59.0767 -60 8.44354
      vertex 59.0203 -60 8.26466
    endloop
  endfacet
  facet normal -0.953718 0 0.300703
    outer loop
      vertex 59.0767 -60 8.44354
      vertex 59.0203 -67 8.26466
      vertex 59.0767 -67 8.44354
    endloop
  endfacet
  facet normal -0.675565 0 0.7373
    outer loop
      vertex 58.382 -60 7.353
      vertex 58.5203 -67 7.47972
      vertex 58.5203 -60 7.47972
    endloop
  endfacet
  facet normal -0.675565 0 0.7373
    outer loop
      vertex 58.5203 -67 7.47972
      vertex 58.382 -60 7.353
      vertex 58.382 -67 7.353
    endloop
  endfacet
  facet normal 0.300825 0 -0.953679
    outer loop
      vertex 56.2647 -67 11.0203
      vertex 56.4435 -60 11.0767
      vertex 56.4435 -67 11.0767
    endloop
  endfacet
  facet normal 0.300825 0 -0.953679
    outer loop
      vertex 56.4435 -60 11.0767
      vertex 56.2647 -67 11.0203
      vertex 56.2647 -60 11.0203
    endloop
  endfacet
  facet normal 0.461655 0 -0.88706
    outer loop
      vertex 55.925 -67 10.862
      vertex 56.0914 -60 10.9486
      vertex 56.0914 -67 10.9486
    endloop
  endfacet
  facet normal 0.461655 0 -0.88706
    outer loop
      vertex 56.0914 -60 10.9486
      vertex 55.925 -67 10.862
      vertex 55.925 -60 10.862
    endloop
  endfacet
  facet normal -0.737329 0 0.675534
    outer loop
      vertex 58.5203 -67 7.47972
      vertex 58.647 -60 7.61801
      vertex 58.5203 -60 7.47972
    endloop
  endfacet
  facet normal -0.737329 0 0.675534
    outer loop
      vertex 58.647 -60 7.61801
      vertex 58.5203 -67 7.47972
      vertex 58.647 -67 7.61801
    endloop
  endfacet
  facet normal -0.843354 0 -0.537358
    outer loop
      vertex 58.862 -67 10.075
      vertex 58.7612 -60 10.2332
      vertex 58.862 -60 10.075
    endloop
  endfacet
  facet normal -0.843354 -0 -0.537358
    outer loop
      vertex 58.7612 -60 10.2332
      vertex 58.862 -67 10.075
      vertex 58.7612 -67 10.2332
    endloop
  endfacet
  facet normal -0.608834 0 -0.793297
    outer loop
      vertex 58.2332 -67 10.7612
      vertex 58.382 -60 10.647
      vertex 58.382 -67 10.647
    endloop
  endfacet
  facet normal -0.608834 0 -0.793297
    outer loop
      vertex 58.382 -60 10.647
      vertex 58.2332 -67 10.7612
      vertex 58.2332 -60 10.7612
    endloop
  endfacet
  facet normal 0.0437148 0 -0.999044
    outer loop
      vertex 56.8126 -67 11.1418
      vertex 57 -60 11.15
      vertex 57 -67 11.15
    endloop
  endfacet
  facet normal 0.0437148 0 -0.999044
    outer loop
      vertex 57 -60 11.15
      vertex 56.8126 -67 11.1418
      vertex 56.8126 -60 11.1418
    endloop
  endfacet
  facet normal -0.999044 0 0.0437172
    outer loop
      vertex 59.1418 -67 8.81261
      vertex 59.15 -60 9
      vertex 59.1418 -60 8.81261
    endloop
  endfacet
  facet normal -0.999044 0 0.0437172
    outer loop
      vertex 59.15 -60 9
      vertex 59.1418 -67 8.81261
      vertex 59.15 -67 9
    endloop
  endfacet
  facet normal -0.675507 0 -0.737353
    outer loop
      vertex 58.382 -67 10.647
      vertex 58.5203 -60 10.5203
      vertex 58.5203 -67 10.5203
    endloop
  endfacet
  facet normal -0.675507 0 -0.737353
    outer loop
      vertex 58.5203 -60 10.5203
      vertex 58.382 -67 10.647
      vertex 58.382 -60 10.647
    endloop
  endfacet
  facet normal 0.300825 0 0.953679
    outer loop
      vertex 56.2647 -60 6.97966
      vertex 56.4435 -67 6.92326
      vertex 56.4435 -60 6.92326
    endloop
  endfacet
  facet normal 0.300825 0 0.953679
    outer loop
      vertex 56.4435 -67 6.92326
      vertex 56.2647 -60 6.97966
      vertex 56.2647 -67 6.97966
    endloop
  endfacet
  facet normal -0.130661 0 -0.991427
    outer loop
      vertex 57.1874 -67 11.1418
      vertex 57.3733 -60 11.1173
      vertex 57.3733 -67 11.1173
    endloop
  endfacet
  facet normal -0.130661 0 -0.991427
    outer loop
      vertex 57.3733 -60 11.1173
      vertex 57.1874 -67 11.1418
      vertex 57.1874 -60 11.1418
    endloop
  endfacet
  facet normal -0.382669 0 0.923886
    outer loop
      vertex 57.7353 -60 6.97966
      vertex 57.9086 -67 7.05144
      vertex 57.9086 -60 7.05144
    endloop
  endfacet
  facet normal -0.382669 0 0.923886
    outer loop
      vertex 57.9086 -67 7.05144
      vertex 57.7353 -60 6.97966
      vertex 57.7353 -67 6.97966
    endloop
  endfacet
  facet normal 0.887026 -0 0.46172
    outer loop
      vertex 55.0514 -67 8.09137
      vertex 55.138 -60 7.925
      vertex 55.0514 -60 8.09137
    endloop
  endfacet
  facet normal 0.887026 0 0.46172
    outer loop
      vertex 55.138 -60 7.925
      vertex 55.0514 -67 8.09137
      vertex 55.138 -67 7.925
    endloop
  endfacet
  facet normal -0.737353 0 -0.675507
    outer loop
      vertex 58.647 -67 10.382
      vertex 58.5203 -60 10.5203
      vertex 58.647 -60 10.382
    endloop
  endfacet
  facet normal -0.737353 -0 -0.675507
    outer loop
      vertex 58.5203 -60 10.5203
      vertex 58.647 -67 10.382
      vertex 58.5203 -67 10.5203
    endloop
  endfacet
  facet normal 0.382305 0 -0.924036
    outer loop
      vertex 56.0914 -67 10.9486
      vertex 56.2647 -60 11.0203
      vertex 56.2647 -67 11.0203
    endloop
  endfacet
  facet normal 0.382305 0 -0.924036
    outer loop
      vertex 56.2647 -60 11.0203
      vertex 56.0914 -67 10.9486
      vertex 56.0914 -60 10.9486
    endloop
  endfacet
  facet normal 0.953718 0 -0.300703
    outer loop
      vertex 54.9797 -67 9.73534
      vertex 54.9233 -60 9.55646
      vertex 54.9797 -60 9.73534
    endloop
  endfacet
  facet normal 0.953718 0 -0.300703
    outer loop
      vertex 54.9233 -60 9.55646
      vertex 54.9797 -67 9.73534
      vertex 54.9233 -67 9.55646
    endloop
  endfacet
  facet normal 0.843354 0 -0.537358
    outer loop
      vertex 55.2388 -67 10.2332
      vertex 55.138 -60 10.075
      vertex 55.2388 -60 10.2332
    endloop
  endfacet
  facet normal 0.843354 0 -0.537358
    outer loop
      vertex 55.138 -60 10.075
      vertex 55.2388 -67 10.2332
      vertex 55.138 -67 10.075
    endloop
  endfacet
  facet normal -0.0437148 0 -0.999044
    outer loop
      vertex 57 -67 11.15
      vertex 57.1874 -60 11.1418
      vertex 57.1874 -67 11.1418
    endloop
  endfacet
  facet normal -0.0437148 0 -0.999044
    outer loop
      vertex 57.1874 -60 11.1418
      vertex 57 -67 11.15
      vertex 57 -60 11.15
    endloop
  endfacet
  facet normal 0.843339 -0 0.537382
    outer loop
      vertex 55.138 -67 7.925
      vertex 55.2388 -60 7.76681
      vertex 55.138 -60 7.925
    endloop
  endfacet
  facet normal 0.843339 0 0.537382
    outer loop
      vertex 55.2388 -60 7.76681
      vertex 55.138 -67 7.925
      vertex 55.2388 -67 7.76681
    endloop
  endfacet
  facet normal -0.216366 0 0.976312
    outer loop
      vertex 57.3733 -60 6.88266
      vertex 57.5565 -67 6.92326
      vertex 57.5565 -60 6.92326
    endloop
  endfacet
  facet normal -0.216366 0 0.976312
    outer loop
      vertex 57.5565 -67 6.92326
      vertex 57.3733 -60 6.88266
      vertex 57.3733 -67 6.88266
    endloop
  endfacet
  facet normal -0.130557 0 0.991441
    outer loop
      vertex 57.1874 -60 6.85818
      vertex 57.3733 -67 6.88266
      vertex 57.3733 -60 6.88266
    endloop
  endfacet
  facet normal -0.130557 0 0.991441
    outer loop
      vertex 57.3733 -67 6.88266
      vertex 57.1874 -60 6.85818
      vertex 57.1874 -67 6.85818
    endloop
  endfacet
  facet normal 0.793297 -0 0.608834
    outer loop
      vertex 55.2388 -67 7.76681
      vertex 55.353 -60 7.61801
      vertex 55.2388 -60 7.76681
    endloop
  endfacet
  facet normal 0.793297 0 0.608834
    outer loop
      vertex 55.353 -60 7.61801
      vertex 55.2388 -67 7.76681
      vertex 55.353 -67 7.61801
    endloop
  endfacet
  facet normal 0.737353 0 -0.675507
    outer loop
      vertex 55.4797 -67 10.5203
      vertex 55.353 -60 10.382
      vertex 55.4797 -60 10.5203
    endloop
  endfacet
  facet normal 0.737353 0 -0.675507
    outer loop
      vertex 55.353 -60 10.382
      vertex 55.4797 -67 10.5203
      vertex 55.353 -67 10.382
    endloop
  endfacet
  facet normal 0.130557 0 0.991441
    outer loop
      vertex 56.6267 -60 6.88266
      vertex 56.8126 -67 6.85818
      vertex 56.8126 -60 6.85818
    endloop
  endfacet
  facet normal 0.130557 0 0.991441
    outer loop
      vertex 56.8126 -67 6.85818
      vertex 56.6267 -60 6.88266
      vertex 56.6267 -67 6.88266
    endloop
  endfacet
  facet normal -0.0436084 0 0.999049
    outer loop
      vertex 57 -60 6.85
      vertex 57.1874 -67 6.85818
      vertex 57.1874 -60 6.85818
    endloop
  endfacet
  facet normal -0.0436084 0 0.999049
    outer loop
      vertex 57.1874 -67 6.85818
      vertex 57 -60 6.85
      vertex 57 -67 6.85
    endloop
  endfacet
  facet normal 0.976292 -0 0.216456
    outer loop
      vertex 54.8827 -67 8.62666
      vertex 54.9233 -60 8.44354
      vertex 54.8827 -60 8.62666
    endloop
  endfacet
  facet normal 0.976292 0 0.216456
    outer loop
      vertex 54.9233 -60 8.44354
      vertex 54.8827 -67 8.62666
      vertex 54.9233 -67 8.44354
    endloop
  endfacet
  facet normal 0.991432 -0 0.130627
    outer loop
      vertex 54.8582 -67 8.81261
      vertex 54.8827 -60 8.62666
      vertex 54.8582 -60 8.81261
    endloop
  endfacet
  facet normal 0.991432 0 0.130627
    outer loop
      vertex 54.8827 -60 8.62666
      vertex 54.8582 -67 8.81261
      vertex 54.8827 -67 8.62666
    endloop
  endfacet
  facet normal 0.976292 0 -0.216456
    outer loop
      vertex 54.9233 -67 9.55646
      vertex 54.8827 -60 9.37334
      vertex 54.9233 -60 9.55646
    endloop
  endfacet
  facet normal 0.976292 0 -0.216456
    outer loop
      vertex 54.8827 -60 9.37334
      vertex 54.9233 -67 9.55646
      vertex 54.8827 -67 9.37334
    endloop
  endfacet
  facet normal 0.991433 0 -0.13062
    outer loop
      vertex 54.8827 -67 9.37334
      vertex 54.8582 -60 9.18738
      vertex 54.8827 -60 9.37334
    endloop
  endfacet
  facet normal 0.991433 0 -0.13062
    outer loop
      vertex 54.8582 -60 9.18738
      vertex 54.8827 -67 9.37334
      vertex 54.8582 -67 9.18738
    endloop
  endfacet
  facet normal -0.793297 0 -0.608834
    outer loop
      vertex 58.7612 -67 10.2332
      vertex 58.647 -60 10.382
      vertex 58.7612 -60 10.2332
    endloop
  endfacet
  facet normal -0.793297 -0 -0.608834
    outer loop
      vertex 58.647 -60 10.382
      vertex 58.7612 -67 10.2332
      vertex 58.647 -67 10.382
    endloop
  endfacet
  facet normal 0.924029 0 -0.382324
    outer loop
      vertex 55.0514 -67 9.90863
      vertex 54.9797 -60 9.73534
      vertex 55.0514 -60 9.90863
    endloop
  endfacet
  facet normal 0.924029 0 -0.382324
    outer loop
      vertex 54.9797 -60 9.73534
      vertex 55.0514 -67 9.90863
      vertex 54.9797 -67 9.73534
    endloop
  endfacet
  facet normal 0.0436084 0 0.999049
    outer loop
      vertex 56.8126 -60 6.85818
      vertex 57 -67 6.85
      vertex 57 -60 6.85
    endloop
  endfacet
  facet normal 0.0436084 0 0.999049
    outer loop
      vertex 57 -67 6.85
      vertex 56.8126 -60 6.85818
      vertex 56.8126 -67 6.85818
    endloop
  endfacet
  facet normal -0.216366 0 -0.976312
    outer loop
      vertex 57.3733 -67 11.1173
      vertex 57.5565 -60 11.0767
      vertex 57.5565 -67 11.0767
    endloop
  endfacet
  facet normal -0.216366 0 -0.976312
    outer loop
      vertex 57.5565 -60 11.0767
      vertex 57.3733 -67 11.1173
      vertex 57.3733 -60 11.1173
    endloop
  endfacet
  facet normal -0.924029 0 0.382324
    outer loop
      vertex 58.9486 -67 8.09137
      vertex 59.0203 -60 8.26466
      vertex 58.9486 -60 8.09137
    endloop
  endfacet
  facet normal -0.924029 0 0.382324
    outer loop
      vertex 59.0203 -60 8.26466
      vertex 58.9486 -67 8.09137
      vertex 59.0203 -67 8.26466
    endloop
  endfacet
  facet normal -0.300825 0 -0.953679
    outer loop
      vertex 57.5565 -67 11.0767
      vertex 57.7353 -60 11.0203
      vertex 57.7353 -67 11.0203
    endloop
  endfacet
  facet normal -0.300825 0 -0.953679
    outer loop
      vertex 57.7353 -60 11.0203
      vertex 57.5565 -67 11.0767
      vertex 57.5565 -60 11.0767
    endloop
  endfacet
  facet normal 0 -1 0
    outer loop
      vertex 56.8126 -60 11.1418
      vertex 57.1874 -60 11.1418
      vertex 57 -60 11.15
    endloop
  endfacet
  facet normal 0 -1 0
    outer loop
      vertex 56.6267 -60 11.1173
      vertex 57.1874 -60 11.1418
      vertex 56.8126 -60 11.1418
    endloop
  endfacet
  facet normal 0 -1 0
    outer loop
      vertex 56.6267 -60 11.1173
      vertex 57.3733 -60 11.1173
      vertex 57.1874 -60 11.1418
    endloop
  endfacet
  facet normal 0 -1 0
    outer loop
      vertex 56.4435 -60 11.0767
      vertex 57.3733 -60 11.1173
      vertex 56.6267 -60 11.1173
    endloop
  endfacet
  facet normal 0 -1 0
    outer loop
      vertex 56.4435 -60 11.0767
      vertex 57.5565 -60 11.0767
      vertex 57.3733 -60 11.1173
    endloop
  endfacet
  facet normal 0 -1 0
    outer loop
      vertex 56.2647 -60 11.0203
      vertex 57.5565 -60 11.0767
      vertex 56.4435 -60 11.0767
    endloop
  endfacet
  facet normal 0 -1 0
    outer loop
      vertex 56.2647 -60 11.0203
      vertex 57.7353 -60 11.0203
      vertex 57.5565 -60 11.0767
    endloop
  endfacet
  facet normal 0 -1 0
    outer loop
      vertex 56.0914 -60 10.9486
      vertex 57.7353 -60 11.0203
      vertex 56.2647 -60 11.0203
    endloop
  endfacet
  facet normal 0 -1 0
    outer loop
      vertex 56.0914 -60 10.9486
      vertex 57.9086 -60 10.9486
      vertex 57.7353 -60 11.0203
    endloop
  endfacet
  facet normal 0 -1 0
    outer loop
      vertex 55.925 -60 10.862
      vertex 57.9086 -60 10.9486
      vertex 56.0914 -60 10.9486
    endloop
  endfacet
  facet normal 0 -1 0
    outer loop
      vertex 55.925 -60 10.862
      vertex 58.075 -60 10.862
      vertex 57.9086 -60 10.9486
    endloop
  endfacet
  facet normal 0 -1 0
    outer loop
      vertex 55.7668 -60 10.7612
      vertex 58.075 -60 10.862
      vertex 55.925 -60 10.862
    endloop
  endfacet
  facet normal 0 -1 0
    outer loop
      vertex 55.7668 -60 10.7612
      vertex 58.2332 -60 10.7612
      vertex 58.075 -60 10.862
    endloop
  endfacet
  facet normal 0 -1 0
    outer loop
      vertex 55.618 -60 10.647
      vertex 58.2332 -60 10.7612
      vertex 55.7668 -60 10.7612
    endloop
  endfacet
  facet normal 0 -1 0
    outer loop
      vertex 55.618 -60 10.647
      vertex 58.382 -60 10.647
      vertex 58.2332 -60 10.7612
    endloop
  endfacet
  facet normal 0 -1 0
    outer loop
      vertex 55.4797 -60 10.5203
      vertex 58.382 -60 10.647
      vertex 55.618 -60 10.647
    endloop
  endfacet
  facet normal 0 -1 0
    outer loop
      vertex 55.4797 -60 10.5203
      vertex 58.5203 -60 10.5203
      vertex 58.382 -60 10.647
    endloop
  endfacet
  facet normal 0 -1 0
    outer loop
      vertex 55.353 -60 10.382
      vertex 58.5203 -60 10.5203
      vertex 55.4797 -60 10.5203
    endloop
  endfacet
  facet normal 0 -1 0
    outer loop
      vertex 55.353 -60 10.382
      vertex 58.647 -60 10.382
      vertex 58.5203 -60 10.5203
    endloop
  endfacet
  facet normal 0 -1 0
    outer loop
      vertex 55.2388 -60 10.2332
      vertex 58.647 -60 10.382
      vertex 55.353 -60 10.382
    endloop
  endfacet
  facet normal 0 -1 0
    outer loop
      vertex 55.2388 -60 10.2332
      vertex 58.7612 -60 10.2332
      vertex 58.647 -60 10.382
    endloop
  endfacet
  facet normal 0 -1 0
    outer loop
      vertex 55.138 -60 10.075
      vertex 58.7612 -60 10.2332
      vertex 55.2388 -60 10.2332
    endloop
  endfacet
  facet normal 0 -1 0
    outer loop
      vertex 55.138 -60 10.075
      vertex 58.862 -60 10.075
      vertex 58.7612 -60 10.2332
    endloop
  endfacet
  facet normal 0 -1 0
    outer loop
      vertex 55.0514 -60 9.90863
      vertex 58.862 -60 10.075
      vertex 55.138 -60 10.075
    endloop
  endfacet
  facet normal 0 -1 0
    outer loop
      vertex 55.0514 -60 9.90863
      vertex 58.9486 -60 9.90863
      vertex 58.862 -60 10.075
    endloop
  endfacet
  facet normal 0 -1 0
    outer loop
      vertex 54.9797 -60 9.73534
      vertex 58.9486 -60 9.90863
      vertex 55.0514 -60 9.90863
    endloop
  endfacet
  facet normal 0 -1 0
    outer loop
      vertex 54.9797 -60 9.73534
      vertex 59.0203 -60 9.73534
      vertex 58.9486 -60 9.90863
    endloop
  endfacet
  facet normal 0 -1 0
    outer loop
      vertex 54.9233 -60 9.55646
      vertex 59.0203 -60 9.73534
      vertex 54.9797 -60 9.73534
    endloop
  endfacet
  facet normal 0 -1 0
    outer loop
      vertex 54.9233 -60 9.55646
      vertex 59.0767 -60 9.55646
      vertex 59.0203 -60 9.73534
    endloop
  endfacet
  facet normal 0 -1 0
    outer loop
      vertex 54.8827 -60 9.37334
      vertex 59.0767 -60 9.55646
      vertex 54.9233 -60 9.55646
    endloop
  endfacet
  facet normal 0 -1 0
    outer loop
      vertex 54.8827 -60 9.37334
      vertex 59.1173 -60 9.37334
      vertex 59.0767 -60 9.55646
    endloop
  endfacet
  facet normal 0 -1 0
    outer loop
      vertex 54.8582 -60 9.18738
      vertex 59.1173 -60 9.37334
      vertex 54.8827 -60 9.37334
    endloop
  endfacet
  facet normal 0 -1 0
    outer loop
      vertex 54.8582 -60 9.18738
      vertex 59.1418 -60 9.18738
      vertex 59.1173 -60 9.37334
    endloop
  endfacet
  facet normal 0 -1 0
    outer loop
      vertex 54.85 -60 9
      vertex 59.1418 -60 9.18738
      vertex 54.8582 -60 9.18738
    endloop
  endfacet
  facet normal 0 -1 0
    outer loop
      vertex 54.85 -60 9
      vertex 59.15 -60 9
      vertex 59.1418 -60 9.18738
    endloop
  endfacet
  facet normal 0 -1 0
    outer loop
      vertex 54.8582 -60 8.81261
      vertex 59.15 -60 9
      vertex 54.85 -60 9
    endloop
  endfacet
  facet normal 0 -1 0
    outer loop
      vertex 54.8582 -60 8.81261
      vertex 59.1418 -60 8.81261
      vertex 59.15 -60 9
    endloop
  endfacet
  facet normal 0 -1 0
    outer loop
      vertex 54.8827 -60 8.62666
      vertex 59.1418 -60 8.81261
      vertex 54.8582 -60 8.81261
    endloop
  endfacet
  facet normal 0 -1 0
    outer loop
      vertex 54.8827 -60 8.62666
      vertex 59.1173 -60 8.62666
      vertex 59.1418 -60 8.81261
    endloop
  endfacet
  facet normal 0 -1 0
    outer loop
      vertex 54.9233 -60 8.44354
      vertex 59.1173 -60 8.62666
      vertex 54.8827 -60 8.62666
    endloop
  endfacet
  facet normal 0 -1 0
    outer loop
      vertex 54.9233 -60 8.44354
      vertex 59.0767 -60 8.44354
      vertex 59.1173 -60 8.62666
    endloop
  endfacet
  facet normal 0 -1 0
    outer loop
      vertex 54.9797 -60 8.26466
      vertex 59.0767 -60 8.44354
      vertex 54.9233 -60 8.44354
    endloop
  endfacet
  facet normal 0 -1 0
    outer loop
      vertex 54.9797 -60 8.26466
      vertex 59.0203 -60 8.26466
      vertex 59.0767 -60 8.44354
    endloop
  endfacet
  facet normal 0 -1 0
    outer loop
      vertex 55.0514 -60 8.09137
      vertex 59.0203 -60 8.26466
      vertex 54.9797 -60 8.26466
    endloop
  endfacet
  facet normal 0 -1 0
    outer loop
      vertex 55.0514 -60 8.09137
      vertex 58.9486 -60 8.09137
      vertex 59.0203 -60 8.26466
    endloop
  endfacet
  facet normal 0 -1 0
    outer loop
      vertex 55.138 -60 7.925
      vertex 58.9486 -60 8.09137
      vertex 55.0514 -60 8.09137
    endloop
  endfacet
  facet normal 0 -1 0
    outer loop
      vertex 55.138 -60 7.925
      vertex 58.862 -60 7.925
      vertex 58.9486 -60 8.09137
    endloop
  endfacet
  facet normal 0 -1 0
    outer loop
      vertex 55.2388 -60 7.76681
      vertex 58.862 -60 7.925
      vertex 55.138 -60 7.925
    endloop
  endfacet
  facet normal 0 -1 0
    outer loop
      vertex 55.2388 -60 7.76681
      vertex 58.7612 -60 7.76681
      vertex 58.862 -60 7.925
    endloop
  endfacet
  facet normal 0 -1 0
    outer loop
      vertex 55.353 -60 7.61801
      vertex 58.7612 -60 7.76681
      vertex 55.2388 -60 7.76681
    endloop
  endfacet
  facet normal 0 -1 0
    outer loop
      vertex 55.353 -60 7.61801
      vertex 58.647 -60 7.61801
      vertex 58.7612 -60 7.76681
    endloop
  endfacet
  facet normal 0 -1 0
    outer loop
      vertex 55.4797 -60 7.47972
      vertex 58.647 -60 7.61801
      vertex 55.353 -60 7.61801
    endloop
  endfacet
  facet normal 0 -1 0
    outer loop
      vertex 55.4797 -60 7.47972
      vertex 58.5203 -60 7.47972
      vertex 58.647 -60 7.61801
    endloop
  endfacet
  facet normal 0 -1 0
    outer loop
      vertex 55.618 -60 7.353
      vertex 58.5203 -60 7.47972
      vertex 55.4797 -60 7.47972
    endloop
  endfacet
  facet normal 0 -1 0
    outer loop
      vertex 55.618 -60 7.353
      vertex 58.382 -60 7.353
      vertex 58.5203 -60 7.47972
    endloop
  endfacet
  facet normal 0 -1 0
    outer loop
      vertex 55.7668 -60 7.23882
      vertex 58.382 -60 7.353
      vertex 55.618 -60 7.353
    endloop
  endfacet
  facet normal 0 -1 0
    outer loop
      vertex 55.7668 -60 7.23882
      vertex 58.2332 -60 7.23882
      vertex 58.382 -60 7.353
    endloop
  endfacet
  facet normal 0 -1 0
    outer loop
      vertex 55.925 -60 7.13805
      vertex 58.2332 -60 7.23882
      vertex 55.7668 -60 7.23882
    endloop
  endfacet
  facet normal 0 -1 0
    outer loop
      vertex 55.925 -60 7.13805
      vertex 58.075 -60 7.13805
      vertex 58.2332 -60 7.23882
    endloop
  endfacet
  facet normal 0 -1 0
    outer loop
      vertex 56.0914 -60 7.05144
      vertex 58.075 -60 7.13805
      vertex 55.925 -60 7.13805
    endloop
  endfacet
  facet normal 0 -1 0
    outer loop
      vertex 56.0914 -60 7.05144
      vertex 57.9086 -60 7.05144
      vertex 58.075 -60 7.13805
    endloop
  endfacet
  facet normal 0 -1 0
    outer loop
      vertex 56.2647 -60 6.97966
      vertex 57.9086 -60 7.05144
      vertex 56.0914 -60 7.05144
    endloop
  endfacet
  facet normal 0 -1 0
    outer loop
      vertex 56.2647 -60 6.97966
      vertex 57.7353 -60 6.97966
      vertex 57.9086 -60 7.05144
    endloop
  endfacet
  facet normal 0 -1 0
    outer loop
      vertex 56.4435 -60 6.92326
      vertex 57.7353 -60 6.97966
      vertex 56.2647 -60 6.97966
    endloop
  endfacet
  facet normal 0 -1 0
    outer loop
      vertex 56.4435 -60 6.92326
      vertex 57.5565 -60 6.92326
      vertex 57.7353 -60 6.97966
    endloop
  endfacet
  facet normal 0 -1 0
    outer loop
      vertex 56.6267 -60 6.88266
      vertex 57.5565 -60 6.92326
      vertex 56.4435 -60 6.92326
    endloop
  endfacet
  facet normal 0 -1 0
    outer loop
      vertex 56.6267 -60 6.88266
      vertex 57.3733 -60 6.88266
      vertex 57.5565 -60 6.92326
    endloop
  endfacet
  facet normal 0 -1 0
    outer loop
      vertex 56.8126 -60 6.85818
      vertex 57.3733 -60 6.88266
      vertex 56.6267 -60 6.88266
    endloop
  endfacet
  facet normal 0 -1 0
    outer loop
      vertex 56.8126 -60 6.85818
      vertex 57.1874 -60 6.85818
      vertex 57.3733 -60 6.88266
    endloop
  endfacet
  facet normal -0 -1 0
    outer loop
      vertex 57.1874 -60 6.85818
      vertex 56.8126 -60 6.85818
      vertex 57 -60 6.85
    endloop
  endfacet
  facet normal -0.608767 0 0.793349
    outer loop
      vertex 58.2332 -60 7.23882
      vertex 58.382 -67 7.353
      vertex 58.382 -60 7.353
    endloop
  endfacet
  facet normal -0.608767 0 0.793349
    outer loop
      vertex 58.382 -67 7.353
      vertex 58.2332 -60 7.23882
      vertex 58.2332 -67 7.23882
    endloop
  endfacet
  facet normal -0.537245 0 0.843427
    outer loop
      vertex 58.075 -60 7.13805
      vertex 58.2332 -67 7.23882
      vertex 58.2332 -60 7.23882
    endloop
  endfacet
  facet normal -0.537245 0 0.843427
    outer loop
      vertex 58.2332 -67 7.23882
      vertex 58.075 -60 7.13805
      vertex 58.075 -67 7.13805
    endloop
  endfacet
  facet normal 0.537245 0 0.843427
    outer loop
      vertex 55.7668 -60 7.23882
      vertex 55.925 -67 7.13805
      vertex 55.925 -60 7.13805
    endloop
  endfacet
  facet normal 0.537245 0 0.843427
    outer loop
      vertex 55.925 -67 7.13805
      vertex 55.7668 -60 7.23882
      vertex 55.7668 -67 7.23882
    endloop
  endfacet
  facet normal 0.461697 0 0.887038
    outer loop
      vertex 55.925 -60 7.13805
      vertex 56.0914 -67 7.05144
      vertex 56.0914 -60 7.05144
    endloop
  endfacet
  facet normal 0.461697 0 0.887038
    outer loop
      vertex 56.0914 -67 7.05144
      vertex 55.925 -60 7.13805
      vertex 55.925 -67 7.13805
    endloop
  endfacet
  facet normal 0.537358 0 -0.843354
    outer loop
      vertex 55.7668 -67 10.7612
      vertex 55.925 -60 10.862
      vertex 55.925 -67 10.862
    endloop
  endfacet
  facet normal 0.537358 0 -0.843354
    outer loop
      vertex 55.925 -60 10.862
      vertex 55.7668 -67 10.7612
      vertex 55.7668 -60 10.7612
    endloop
  endfacet
  facet normal -0.991445 -0.130523 0
    outer loop
      vertex 10.8834 0.952176 0
      vertex 10.759 1.89711 7.55
      vertex 10.759 1.89711 0
    endloop
  endfacet
  facet normal -0.991445 -0.130523 0
    outer loop
      vertex 10.759 1.89711 7.55
      vertex 10.8834 0.952176 0
      vertex 10.8834 0.952176 7.55
    endloop
  endfacet
  facet normal -0.999047 -0.0436478 0
    outer loop
      vertex 10.925 0 0
      vertex 10.8834 0.952176 7.55
      vertex 10.8834 0.952176 0
    endloop
  endfacet
  facet normal -0.999047 -0.0436478 0
    outer loop
      vertex 10.8834 0.952176 7.55
      vertex 10.925 0 0
      vertex 10.925 0 7.55
    endloop
  endfacet
  facet normal -0.976293 -0.216455 0
    outer loop
      vertex 10.759 1.89711 0
      vertex 10.5527 2.8276 7.55
      vertex 10.5527 2.8276 0
    endloop
  endfacet
  facet normal -0.976293 -0.216455 0
    outer loop
      vertex 10.5527 2.8276 7.55
      vertex 10.759 1.89711 0
      vertex 10.759 1.89711 7.55
    endloop
  endfacet
  facet normal -0.608769 -0.793348 0
    outer loop
      vertex 6.26632 8.94924 0
      vertex 7.02245 8.36903 7.55
      vertex 6.26632 8.94924 7.55
    endloop
  endfacet
  facet normal -0.608769 -0.793348 -0
    outer loop
      vertex 7.02245 8.36903 7.55
      vertex 6.26632 8.94924 0
      vertex 7.02245 8.36903 0
    endloop
  endfacet
  facet normal -0.737281 0.675586 0
    outer loop
      vertex 7.72514 -7.72514 0
      vertex 8.36903 -7.02245 7.55
      vertex 8.36903 -7.02245 0
    endloop
  endfacet
  facet normal -0.737281 0.675586 0
    outer loop
      vertex 8.36903 -7.02245 7.55
      vertex 7.72514 -7.72514 0
      vertex 7.72514 -7.72514 7.55
    endloop
  endfacet
  facet normal 0.608769 -0.793348 0
    outer loop
      vertex -7.02245 8.36903 0
      vertex -6.26632 8.94924 7.55
      vertex -7.02245 8.36903 7.55
    endloop
  endfacet
  facet normal 0.608769 -0.793348 0
    outer loop
      vertex -6.26632 8.94924 7.55
      vertex -7.02245 8.36903 0
      vertex -6.26632 8.94924 0
    endloop
  endfacet
  facet normal 0.5373 -0.843391 0
    outer loop
      vertex -6.26632 8.94924 0
      vertex -5.4625 9.46133 7.55
      vertex -6.26632 8.94924 7.55
    endloop
  endfacet
  facet normal 0.5373 -0.843391 0
    outer loop
      vertex -5.4625 9.46133 7.55
      vertex -6.26632 8.94924 0
      vertex -5.4625 9.46133 0
    endloop
  endfacet
  facet normal -0.461743 -0.887014 0
    outer loop
      vertex 4.6171 9.90141 0
      vertex 5.4625 9.46133 7.55
      vertex 4.6171 9.90141 7.55
    endloop
  endfacet
  facet normal -0.461743 -0.887014 -0
    outer loop
      vertex 5.4625 9.46133 7.55
      vertex 4.6171 9.90141 0
      vertex 5.4625 9.46133 0
    endloop
  endfacet
  facet normal 0.461743 -0.887014 0
    outer loop
      vertex -5.4625 9.46133 0
      vertex -4.6171 9.90141 7.55
      vertex -5.4625 9.46133 7.55
    endloop
  endfacet
  facet normal 0.461743 -0.887014 0
    outer loop
      vertex -4.6171 9.90141 7.55
      vertex -5.4625 9.46133 0
      vertex -4.6171 9.90141 0
    endloop
  endfacet
  facet normal 0.38265 -0.923893 0
    outer loop
      vertex -4.6171 9.90141 0
      vertex -3.73657 10.2661 7.55
      vertex -4.6171 9.90141 7.55
    endloop
  endfacet
  facet normal 0.38265 -0.923893 0
    outer loop
      vertex -3.73657 10.2661 7.55
      vertex -4.6171 9.90141 0
      vertex -3.73657 10.2661 0
    endloop
  endfacet
  facet normal 0.793348 -0.608769 0
    outer loop
      vertex -8.94924 6.26632 7.55
      vertex -8.36903 7.02245 0
      vertex -8.36903 7.02245 7.55
    endloop
  endfacet
  facet normal 0.793348 -0.608769 0
    outer loop
      vertex -8.36903 7.02245 0
      vertex -8.94924 6.26632 7.55
      vertex -8.94924 6.26632 0
    endloop
  endfacet
  facet normal -0.923893 0.38265 0
    outer loop
      vertex 9.90141 -4.6171 0
      vertex 10.2661 -3.73657 7.55
      vertex 10.2661 -3.73657 0
    endloop
  endfacet
  facet normal -0.923893 0.38265 0
    outer loop
      vertex 10.2661 -3.73657 7.55
      vertex 9.90141 -4.6171 0
      vertex 9.90141 -4.6171 7.55
    endloop
  endfacet
  facet normal -0.923893 -0.38265 0
    outer loop
      vertex 10.2661 3.73657 0
      vertex 9.90141 4.6171 7.55
      vertex 9.90141 4.6171 0
    endloop
  endfacet
  facet normal -0.923893 -0.38265 0
    outer loop
      vertex 9.90141 4.6171 7.55
      vertex 10.2661 3.73657 0
      vertex 10.2661 3.73657 7.55
    endloop
  endfacet
  facet normal -0.5373 -0.843391 0
    outer loop
      vertex 5.4625 9.46133 0
      vertex 6.26632 8.94924 7.55
      vertex 5.4625 9.46133 7.55
    endloop
  endfacet
  facet normal -0.5373 -0.843391 -0
    outer loop
      vertex 6.26632 8.94924 7.55
      vertex 5.4625 9.46133 0
      vertex 6.26632 8.94924 0
    endloop
  endfacet
  facet normal 0.999047 0.0436478 0
    outer loop
      vertex -10.8834 -0.952176 7.55
      vertex -10.925 0 0
      vertex -10.925 0 7.55
    endloop
  endfacet
  facet normal 0.999047 0.0436478 0
    outer loop
      vertex -10.925 0 0
      vertex -10.8834 -0.952176 7.55
      vertex -10.8834 -0.952176 0
    endloop
  endfacet
  facet normal 0.887014 0.461743 0
    outer loop
      vertex -9.46133 -5.4625 7.55
      vertex -9.90141 -4.6171 0
      vertex -9.90141 -4.6171 7.55
    endloop
  endfacet
  facet normal 0.887014 0.461743 0
    outer loop
      vertex -9.90141 -4.6171 0
      vertex -9.46133 -5.4625 7.55
      vertex -9.46133 -5.4625 0
    endloop
  endfacet
  facet normal 0.976293 -0.216455 0
    outer loop
      vertex -10.759 1.89711 7.55
      vertex -10.5527 2.8276 0
      vertex -10.5527 2.8276 7.55
    endloop
  endfacet
  facet normal 0.976293 -0.216455 0
    outer loop
      vertex -10.5527 2.8276 0
      vertex -10.759 1.89711 7.55
      vertex -10.759 1.89711 0
    endloop
  endfacet
  facet normal 0.991445 -0.130523 0
    outer loop
      vertex -10.8834 0.952176 7.55
      vertex -10.759 1.89711 0
      vertex -10.759 1.89711 7.55
    endloop
  endfacet
  facet normal 0.991445 -0.130523 0
    outer loop
      vertex -10.759 1.89711 0
      vertex -10.8834 0.952176 7.55
      vertex -10.8834 0.952176 0
    endloop
  endfacet
  facet normal -0.300709 0.953716 0
    outer loop
      vertex 3.73657 -10.2661 0
      vertex 2.8276 -10.5527 7.55
      vertex 3.73657 -10.2661 7.55
    endloop
  endfacet
  facet normal -0.300709 0.953716 0
    outer loop
      vertex 2.8276 -10.5527 7.55
      vertex 3.73657 -10.2661 0
      vertex 2.8276 -10.5527 0
    endloop
  endfacet
  facet normal 0.300709 -0.953716 0
    outer loop
      vertex -3.73657 10.2661 0
      vertex -2.8276 10.5527 7.55
      vertex -3.73657 10.2661 7.55
    endloop
  endfacet
  facet normal 0.300709 -0.953716 0
    outer loop
      vertex -2.8276 10.5527 7.55
      vertex -3.73657 10.2661 0
      vertex -2.8276 10.5527 0
    endloop
  endfacet
  facet normal 0 0 -1
    outer loop
      vertex 5 0 7.55
      vertex 10.925 0 7.55
      vertex 10.8834 -0.952176 7.55
    endloop
  endfacet
  facet normal 0 0 -1
    outer loop
      vertex 4.98097 -0.435779 7.55
      vertex 10.8834 -0.952176 7.55
      vertex 10.759 -1.89711 7.55
    endloop
  endfacet
  facet normal 0 0 -1
    outer loop
      vertex 10.925 0 7.55
      vertex 5 0 7.55
      vertex 10.8834 0.952176 7.55
    endloop
  endfacet
  facet normal 0 0 -1
    outer loop
      vertex 4.92404 -0.86824 7.55
      vertex 10.759 -1.89711 7.55
      vertex 10.5527 -2.8276 7.55
    endloop
  endfacet
  facet normal 0 0 -1
    outer loop
      vertex 4.98097 0.435779 7.55
      vertex 10.8834 0.952176 7.55
      vertex 5 0 7.55
    endloop
  endfacet
  facet normal 0 0 -1
    outer loop
      vertex 4.82963 -1.2941 7.55
      vertex 10.5527 -2.8276 7.55
      vertex 10.2661 -3.73657 7.55
    endloop
  endfacet
  facet normal -0 0 -1
    outer loop
      vertex 10.8834 0.952176 7.55
      vertex 4.98097 0.435779 7.55
      vertex 10.759 1.89711 7.55
    endloop
  endfacet
  facet normal 0 0 -1
    outer loop
      vertex 4.69846 -1.7101 7.55
      vertex 10.2661 -3.73657 7.55
      vertex 9.90141 -4.6171 7.55
    endloop
  endfacet
  facet normal 0 0 -1
    outer loop
      vertex 4.92404 0.86824 7.55
      vertex 10.759 1.89711 7.55
      vertex 4.98097 0.435779 7.55
    endloop
  endfacet
  facet normal 0 0 -1
    outer loop
      vertex 4.53154 -2.11309 7.55
      vertex 9.90141 -4.6171 7.55
      vertex 9.46133 -5.4625 7.55
    endloop
  endfacet
  facet normal -0 0 -1
    outer loop
      vertex 10.759 1.89711 7.55
      vertex 4.92404 0.86824 7.55
      vertex 10.5527 2.8276 7.55
    endloop
  endfacet
  facet normal 0 0 -1
    outer loop
      vertex 4.33013 -2.5 7.55
      vertex 9.46133 -5.4625 7.55
      vertex 8.94924 -6.26632 7.55
    endloop
  endfacet
  facet normal 0 0 -1
    outer loop
      vertex 4.82963 1.2941 7.55
      vertex 10.5527 2.8276 7.55
      vertex 4.92404 0.86824 7.55
    endloop
  endfacet
  facet normal 0 0 -1
    outer loop
      vertex 4.09576 -2.86788 7.55
      vertex 8.94924 -6.26632 7.55
      vertex 8.36903 -7.02245 7.55
    endloop
  endfacet
  facet normal -0 0 -1
    outer loop
      vertex 10.5527 2.8276 7.55
      vertex 4.82963 1.2941 7.55
      vertex 10.2661 3.73657 7.55
    endloop
  endfacet
  facet normal 0 0 -1
    outer loop
      vertex 3.83022 -3.21394 7.55
      vertex 8.36903 -7.02245 7.55
      vertex 7.72514 -7.72514 7.55
    endloop
  endfacet
  facet normal 0 0 -1
    outer loop
      vertex 4.69846 1.7101 7.55
      vertex 10.2661 3.73657 7.55
      vertex 4.82963 1.2941 7.55
    endloop
  endfacet
  facet normal 0 0 -1
    outer loop
      vertex 3.53553 -3.53553 7.55
      vertex 7.72514 -7.72514 7.55
      vertex 7.02245 -8.36903 7.55
    endloop
  endfacet
  facet normal -0 0 -1
    outer loop
      vertex 10.2661 3.73657 7.55
      vertex 4.69846 1.7101 7.55
      vertex 9.90141 4.6171 7.55
    endloop
  endfacet
  facet normal 0 0 -1
    outer loop
      vertex 3.21394 -3.83022 7.55
      vertex 7.02245 -8.36903 7.55
      vertex 6.26632 -8.94924 7.55
    endloop
  endfacet
  facet normal 0 0 -1
    outer loop
      vertex 4.53154 2.11309 7.55
      vertex 9.90141 4.6171 7.55
      vertex 4.69846 1.7101 7.55
    endloop
  endfacet
  facet normal 0 0 -1
    outer loop
      vertex 2.86788 -4.09576 7.55
      vertex 6.26632 -8.94924 7.55
      vertex 5.4625 -9.46133 7.55
    endloop
  endfacet
  facet normal -0 0 -1
    outer loop
      vertex 9.90141 4.6171 7.55
      vertex 4.53154 2.11309 7.55
      vertex 9.46133 5.4625 7.55
    endloop
  endfacet
  facet normal 0 0 -1
    outer loop
      vertex 4.33013 2.5 7.55
      vertex 9.46133 5.4625 7.55
      vertex 4.53154 2.11309 7.55
    endloop
  endfacet
  facet normal 0 0 -1
    outer loop
      vertex 10.8834 -0.952176 7.55
      vertex 4.98097 -0.435779 7.55
      vertex 5 0 7.55
    endloop
  endfacet
  facet normal 0 0 -1
    outer loop
      vertex 10.759 -1.89711 7.55
      vertex 4.92404 -0.86824 7.55
      vertex 4.98097 -0.435779 7.55
    endloop
  endfacet
  facet normal 0 0 -1
    outer loop
      vertex 10.5527 -2.8276 7.55
      vertex 4.82963 -1.2941 7.55
      vertex 4.92404 -0.86824 7.55
    endloop
  endfacet
  facet normal 0 0 -1
    outer loop
      vertex 10.2661 -3.73657 7.55
      vertex 4.69846 -1.7101 7.55
      vertex 4.82963 -1.2941 7.55
    endloop
  endfacet
  facet normal 0 0 -1
    outer loop
      vertex 2.5 -4.33013 7.55
      vertex 5.4625 -9.46133 7.55
      vertex 4.6171 -9.90141 7.55
    endloop
  endfacet
  facet normal 0 0 -1
    outer loop
      vertex 9.90141 -4.6171 7.55
      vertex 4.53154 -2.11309 7.55
      vertex 4.69846 -1.7101 7.55
    endloop
  endfacet
  facet normal 0 0 -1
    outer loop
      vertex 9.46133 -5.4625 7.55
      vertex 4.33013 -2.5 7.55
      vertex 4.53154 -2.11309 7.55
    endloop
  endfacet
  facet normal 0 0 -1
    outer loop
      vertex 8.94924 -6.26632 7.55
      vertex 4.09576 -2.86788 7.55
      vertex 4.33013 -2.5 7.55
    endloop
  endfacet
  facet normal 0 0 -1
    outer loop
      vertex 8.36903 -7.02245 7.55
      vertex 3.83022 -3.21394 7.55
      vertex 4.09576 -2.86788 7.55
    endloop
  endfacet
  facet normal 0 0 -1
    outer loop
      vertex 2.11309 -4.53154 7.55
      vertex 4.6171 -9.90141 7.55
      vertex 3.73657 -10.2661 7.55
    endloop
  endfacet
  facet normal 0 0 -1
    outer loop
      vertex 7.72514 -7.72514 7.55
      vertex 3.53553 -3.53553 7.55
      vertex 3.83022 -3.21394 7.55
    endloop
  endfacet
  facet normal 0 0 -1
    outer loop
      vertex 7.02245 -8.36903 7.55
      vertex 3.21394 -3.83022 7.55
      vertex 3.53553 -3.53553 7.55
    endloop
  endfacet
  facet normal 0 0 -1
    outer loop
      vertex 6.26632 -8.94924 7.55
      vertex 2.86788 -4.09576 7.55
      vertex 3.21394 -3.83022 7.55
    endloop
  endfacet
  facet normal 0 0 -1
    outer loop
      vertex 1.7101 -4.69846 7.55
      vertex 3.73657 -10.2661 7.55
      vertex 2.8276 -10.5527 7.55
    endloop
  endfacet
  facet normal 0 0 -1
    outer loop
      vertex 5.4625 -9.46133 7.55
      vertex 2.5 -4.33013 7.55
      vertex 2.86788 -4.09576 7.55
    endloop
  endfacet
  facet normal 0 0 -1
    outer loop
      vertex 4.6171 -9.90141 7.55
      vertex 2.11309 -4.53154 7.55
      vertex 2.5 -4.33013 7.55
    endloop
  endfacet
  facet normal 0 0 -1
    outer loop
      vertex 1.2941 -4.82963 7.55
      vertex 2.8276 -10.5527 7.55
      vertex 1.89711 -10.759 7.55
    endloop
  endfacet
  facet normal 0 0 -1
    outer loop
      vertex 3.73657 -10.2661 7.55
      vertex 1.7101 -4.69846 7.55
      vertex 2.11309 -4.53154 7.55
    endloop
  endfacet
  facet normal 0 0 -1
    outer loop
      vertex 2.8276 -10.5527 7.55
      vertex 1.2941 -4.82963 7.55
      vertex 1.7101 -4.69846 7.55
    endloop
  endfacet
  facet normal 0 0 -1
    outer loop
      vertex 0.86824 -4.92404 7.55
      vertex 1.89711 -10.759 7.55
      vertex 0.952176 -10.8834 7.55
    endloop
  endfacet
  facet normal 0 0 -1
    outer loop
      vertex 1.89711 -10.759 7.55
      vertex 0.86824 -4.92404 7.55
      vertex 1.2941 -4.82963 7.55
    endloop
  endfacet
  facet normal 0 0 -1
    outer loop
      vertex 0.952176 -10.8834 7.55
      vertex 0.435779 -4.98097 7.55
      vertex 0.86824 -4.92404 7.55
    endloop
  endfacet
  facet normal 0 0 -1
    outer loop
      vertex 0 -10.925 7.55
      vertex 0.435779 -4.98097 7.55
      vertex 0.952176 -10.8834 7.55
    endloop
  endfacet
  facet normal 0 0 -1
    outer loop
      vertex 0 -10.925 7.55
      vertex 0 -5 7.55
      vertex 0.435779 -4.98097 7.55
    endloop
  endfacet
  facet normal 0 0 -1
    outer loop
      vertex 0 -10.925 7.55
      vertex -0.435779 -4.98097 7.55
      vertex 0 -5 7.55
    endloop
  endfacet
  facet normal 0 0 -1
    outer loop
      vertex -0.952176 -10.8834 7.55
      vertex -0.435779 -4.98097 7.55
      vertex 0 -10.925 7.55
    endloop
  endfacet
  facet normal -0 0 -1
    outer loop
      vertex -0.435779 -4.98097 7.55
      vertex -0.952176 -10.8834 7.55
      vertex -0.86824 -4.92404 7.55
    endloop
  endfacet
  facet normal 0 0 -1
    outer loop
      vertex -1.89711 -10.759 7.55
      vertex -0.86824 -4.92404 7.55
      vertex -0.952176 -10.8834 7.55
    endloop
  endfacet
  facet normal -0 0 -1
    outer loop
      vertex -0.86824 -4.92404 7.55
      vertex -1.89711 -10.759 7.55
      vertex -1.2941 -4.82963 7.55
    endloop
  endfacet
  facet normal 0 0 -1
    outer loop
      vertex -2.8276 -10.5527 7.55
      vertex -1.2941 -4.82963 7.55
      vertex -1.89711 -10.759 7.55
    endloop
  endfacet
  facet normal -0 0 -1
    outer loop
      vertex -1.2941 -4.82963 7.55
      vertex -2.8276 -10.5527 7.55
      vertex -1.7101 -4.69846 7.55
    endloop
  endfacet
  facet normal 0 0 -1
    outer loop
      vertex -3.73657 -10.2661 7.55
      vertex -1.7101 -4.69846 7.55
      vertex -2.8276 -10.5527 7.55
    endloop
  endfacet
  facet normal -0 0 -1
    outer loop
      vertex -1.7101 -4.69846 7.55
      vertex -3.73657 -10.2661 7.55
      vertex -2.11309 -4.53154 7.55
    endloop
  endfacet
  facet normal 0 0 -1
    outer loop
      vertex -4.6171 -9.90141 7.55
      vertex -2.11309 -4.53154 7.55
      vertex -3.73657 -10.2661 7.55
    endloop
  endfacet
  facet normal -0 0 -1
    outer loop
      vertex -2.11309 -4.53154 7.55
      vertex -4.6171 -9.90141 7.55
      vertex -2.5 -4.33013 7.55
    endloop
  endfacet
  facet normal 0 0 -1
    outer loop
      vertex -5.4625 -9.46133 7.55
      vertex -2.5 -4.33013 7.55
      vertex -4.6171 -9.90141 7.55
    endloop
  endfacet
  facet normal -0 0 -1
    outer loop
      vertex -2.5 -4.33013 7.55
      vertex -5.4625 -9.46133 7.55
      vertex -2.86788 -4.09576 7.55
    endloop
  endfacet
  facet normal 0 0 -1
    outer loop
      vertex -6.26632 -8.94924 7.55
      vertex -2.86788 -4.09576 7.55
      vertex -5.4625 -9.46133 7.55
    endloop
  endfacet
  facet normal -0 0 -1
    outer loop
      vertex -2.86788 -4.09576 7.55
      vertex -6.26632 -8.94924 7.55
      vertex -3.21394 -3.83022 7.55
    endloop
  endfacet
  facet normal 0 0 -1
    outer loop
      vertex -7.02245 -8.36903 7.55
      vertex -3.21394 -3.83022 7.55
      vertex -6.26632 -8.94924 7.55
    endloop
  endfacet
  facet normal -0 0 -1
    outer loop
      vertex -3.21394 -3.83022 7.55
      vertex -7.02245 -8.36903 7.55
      vertex -3.53553 -3.53553 7.55
    endloop
  endfacet
  facet normal 0 0 -1
    outer loop
      vertex -7.72514 -7.72514 7.55
      vertex -3.53553 -3.53553 7.55
      vertex -7.02245 -8.36903 7.55
    endloop
  endfacet
  facet normal -0 0 -1
    outer loop
      vertex -3.53553 -3.53553 7.55
      vertex -7.72514 -7.72514 7.55
      vertex -3.83022 -3.21394 7.55
    endloop
  endfacet
  facet normal 0 0 -1
    outer loop
      vertex -8.36903 -7.02245 7.55
      vertex -3.83022 -3.21394 7.55
      vertex -7.72514 -7.72514 7.55
    endloop
  endfacet
  facet normal -0 0 -1
    outer loop
      vertex -3.83022 -3.21394 7.55
      vertex -8.36903 -7.02245 7.55
      vertex -4.09576 -2.86788 7.55
    endloop
  endfacet
  facet normal 0 0 -1
    outer loop
      vertex -8.94924 -6.26632 7.55
      vertex -4.09576 -2.86788 7.55
      vertex -8.36903 -7.02245 7.55
    endloop
  endfacet
  facet normal -0 0 -1
    outer loop
      vertex -4.09576 -2.86788 7.55
      vertex -8.94924 -6.26632 7.55
      vertex -4.33013 -2.5 7.55
    endloop
  endfacet
  facet normal 0 0 -1
    outer loop
      vertex -9.46133 -5.4625 7.55
      vertex -4.33013 -2.5 7.55
      vertex -8.94924 -6.26632 7.55
    endloop
  endfacet
  facet normal -0 0 -1
    outer loop
      vertex 9.46133 5.4625 7.55
      vertex 4.33013 2.5 7.55
      vertex 8.94924 6.26632 7.55
    endloop
  endfacet
  facet normal 0 0 -1
    outer loop
      vertex 4.09576 2.86788 7.55
      vertex 8.94924 6.26632 7.55
      vertex 4.33013 2.5 7.55
    endloop
  endfacet
  facet normal -0 0 -1
    outer loop
      vertex 8.94924 6.26632 7.55
      vertex 4.09576 2.86788 7.55
      vertex 8.36903 7.02245 7.55
    endloop
  endfacet
  facet normal 0 0 -1
    outer loop
      vertex 3.83022 3.21394 7.55
      vertex 8.36903 7.02245 7.55
      vertex 4.09576 2.86788 7.55
    endloop
  endfacet
  facet normal -0 0 -1
    outer loop
      vertex 8.36903 7.02245 7.55
      vertex 3.83022 3.21394 7.55
      vertex 7.72514 7.72514 7.55
    endloop
  endfacet
  facet normal 0 0 -1
    outer loop
      vertex 3.53553 3.53553 7.55
      vertex 7.72514 7.72514 7.55
      vertex 3.83022 3.21394 7.55
    endloop
  endfacet
  facet normal -0 0 -1
    outer loop
      vertex 7.72514 7.72514 7.55
      vertex 3.53553 3.53553 7.55
      vertex 7.02245 8.36903 7.55
    endloop
  endfacet
  facet normal 0 0 -1
    outer loop
      vertex 3.21394 3.83022 7.55
      vertex 7.02245 8.36903 7.55
      vertex 3.53553 3.53553 7.55
    endloop
  endfacet
  facet normal -0 0 -1
    outer loop
      vertex 7.02245 8.36903 7.55
      vertex 3.21394 3.83022 7.55
      vertex 6.26632 8.94924 7.55
    endloop
  endfacet
  facet normal 0 0 -1
    outer loop
      vertex 2.86788 4.09576 7.55
      vertex 6.26632 8.94924 7.55
      vertex 3.21394 3.83022 7.55
    endloop
  endfacet
  facet normal -0 0 -1
    outer loop
      vertex 6.26632 8.94924 7.55
      vertex 2.86788 4.09576 7.55
      vertex 5.4625 9.46133 7.55
    endloop
  endfacet
  facet normal 0 0 -1
    outer loop
      vertex 2.5 4.33013 7.55
      vertex 5.4625 9.46133 7.55
      vertex 2.86788 4.09576 7.55
    endloop
  endfacet
  facet normal -0 0 -1
    outer loop
      vertex 5.4625 9.46133 7.55
      vertex 2.5 4.33013 7.55
      vertex 4.6171 9.90141 7.55
    endloop
  endfacet
  facet normal 0 0 -1
    outer loop
      vertex 2.11309 4.53154 7.55
      vertex 4.6171 9.90141 7.55
      vertex 2.5 4.33013 7.55
    endloop
  endfacet
  facet normal -0 0 -1
    outer loop
      vertex 4.6171 9.90141 7.55
      vertex 2.11309 4.53154 7.55
      vertex 3.73657 10.2661 7.55
    endloop
  endfacet
  facet normal 0 0 -1
    outer loop
      vertex 1.7101 4.69846 7.55
      vertex 3.73657 10.2661 7.55
      vertex 2.11309 4.53154 7.55
    endloop
  endfacet
  facet normal -0 0 -1
    outer loop
      vertex 3.73657 10.2661 7.55
      vertex 1.7101 4.69846 7.55
      vertex 2.8276 10.5527 7.55
    endloop
  endfacet
  facet normal 0 0 -1
    outer loop
      vertex 1.2941 4.82963 7.55
      vertex 2.8276 10.5527 7.55
      vertex 1.7101 4.69846 7.55
    endloop
  endfacet
  facet normal -0 0 -1
    outer loop
      vertex 2.8276 10.5527 7.55
      vertex 1.2941 4.82963 7.55
      vertex 1.89711 10.759 7.55
    endloop
  endfacet
  facet normal 0 0 -1
    outer loop
      vertex 0.86824 4.92404 7.55
      vertex 1.89711 10.759 7.55
      vertex 1.2941 4.82963 7.55
    endloop
  endfacet
  facet normal -0 0 -1
    outer loop
      vertex 1.89711 10.759 7.55
      vertex 0.86824 4.92404 7.55
      vertex 0.952176 10.8834 7.55
    endloop
  endfacet
  facet normal 0 0 -1
    outer loop
      vertex 0.435779 4.98097 7.55
      vertex 0.952176 10.8834 7.55
      vertex 0.86824 4.92404 7.55
    endloop
  endfacet
  facet normal 0 0 -1
    outer loop
      vertex 0 5 7.55
      vertex 0.952176 10.8834 7.55
      vertex 0.435779 4.98097 7.55
    endloop
  endfacet
  facet normal 0 0 -1
    outer loop
      vertex 0 5 7.55
      vertex 0 10.925 7.55
      vertex 0.952176 10.8834 7.55
    endloop
  endfacet
  facet normal 0 0 -1
    outer loop
      vertex -0.435779 4.98097 7.55
      vertex 0 10.925 7.55
      vertex 0 5 7.55
    endloop
  endfacet
  facet normal 0 0 -1
    outer loop
      vertex -0.952176 10.8834 7.55
      vertex -0.435779 4.98097 7.55
      vertex -0.86824 4.92404 7.55
    endloop
  endfacet
  facet normal 0 0 -1
    outer loop
      vertex -0.435779 4.98097 7.55
      vertex -0.952176 10.8834 7.55
      vertex 0 10.925 7.55
    endloop
  endfacet
  facet normal 0 0 -1
    outer loop
      vertex -1.89711 10.759 7.55
      vertex -0.86824 4.92404 7.55
      vertex -1.2941 4.82963 7.55
    endloop
  endfacet
  facet normal 0 0 -1
    outer loop
      vertex -2.8276 10.5527 7.55
      vertex -1.2941 4.82963 7.55
      vertex -1.7101 4.69846 7.55
    endloop
  endfacet
  facet normal 0 0 -1
    outer loop
      vertex -0.86824 4.92404 7.55
      vertex -1.89711 10.759 7.55
      vertex -0.952176 10.8834 7.55
    endloop
  endfacet
  facet normal 0 0 -1
    outer loop
      vertex -3.73657 10.2661 7.55
      vertex -1.7101 4.69846 7.55
      vertex -2.11309 4.53154 7.55
    endloop
  endfacet
  facet normal 0 0 -1
    outer loop
      vertex -4.6171 9.90141 7.55
      vertex -2.11309 4.53154 7.55
      vertex -2.5 4.33013 7.55
    endloop
  endfacet
  facet normal 0 0 -1
    outer loop
      vertex -1.2941 4.82963 7.55
      vertex -2.8276 10.5527 7.55
      vertex -1.89711 10.759 7.55
    endloop
  endfacet
  facet normal 0 0 -1
    outer loop
      vertex -5.4625 9.46133 7.55
      vertex -2.5 4.33013 7.55
      vertex -2.86788 4.09576 7.55
    endloop
  endfacet
  facet normal 0 0 -1
    outer loop
      vertex -6.26632 8.94924 7.55
      vertex -2.86788 4.09576 7.55
      vertex -3.21394 3.83022 7.55
    endloop
  endfacet
  facet normal 0 0 -1
    outer loop
      vertex -7.02245 8.36903 7.55
      vertex -3.21394 3.83022 7.55
      vertex -3.53553 3.53553 7.55
    endloop
  endfacet
  facet normal 0 0 -1
    outer loop
      vertex -1.7101 4.69846 7.55
      vertex -3.73657 10.2661 7.55
      vertex -2.8276 10.5527 7.55
    endloop
  endfacet
  facet normal 0 0 -1
    outer loop
      vertex -7.72514 7.72514 7.55
      vertex -3.53553 3.53553 7.55
      vertex -3.83022 3.21394 7.55
    endloop
  endfacet
  facet normal 0 0 -1
    outer loop
      vertex -8.36903 7.02245 7.55
      vertex -3.83022 3.21394 7.55
      vertex -4.09576 2.86788 7.55
    endloop
  endfacet
  facet normal 0 0 -1
    outer loop
      vertex -8.94924 6.26632 7.55
      vertex -4.09576 2.86788 7.55
      vertex -4.33013 2.5 7.55
    endloop
  endfacet
  facet normal 0 0 -1
    outer loop
      vertex -9.46133 5.4625 7.55
      vertex -4.33013 2.5 7.55
      vertex -4.53154 2.11309 7.55
    endloop
  endfacet
  facet normal 0 0 -1
    outer loop
      vertex -2.11309 4.53154 7.55
      vertex -4.6171 9.90141 7.55
      vertex -3.73657 10.2661 7.55
    endloop
  endfacet
  facet normal 0 0 -1
    outer loop
      vertex -9.90141 4.6171 7.55
      vertex -4.53154 2.11309 7.55
      vertex -4.69846 1.7101 7.55
    endloop
  endfacet
  facet normal 0 0 -1
    outer loop
      vertex -10.2661 3.73657 7.55
      vertex -4.69846 1.7101 7.55
      vertex -4.82963 1.2941 7.55
    endloop
  endfacet
  facet normal 0 0 -1
    outer loop
      vertex -10.5527 2.8276 7.55
      vertex -4.82963 1.2941 7.55
      vertex -4.92404 0.86824 7.55
    endloop
  endfacet
  facet normal 0 0 -1
    outer loop
      vertex -10.759 1.89711 7.55
      vertex -4.92404 0.86824 7.55
      vertex -4.98097 0.435779 7.55
    endloop
  endfacet
  facet normal 0 0 -1
    outer loop
      vertex -10.8834 0.952176 7.55
      vertex -4.98097 0.435779 7.55
      vertex -5 0 7.55
    endloop
  endfacet
  facet normal -0 0 -1
    outer loop
      vertex -4.33013 -2.5 7.55
      vertex -9.46133 -5.4625 7.55
      vertex -4.53154 -2.11309 7.55
    endloop
  endfacet
  facet normal 0 0 -1
    outer loop
      vertex -2.5 4.33013 7.55
      vertex -5.4625 9.46133 7.55
      vertex -4.6171 9.90141 7.55
    endloop
  endfacet
  facet normal 0 0 -1
    outer loop
      vertex -9.90141 -4.6171 7.55
      vertex -4.53154 -2.11309 7.55
      vertex -9.46133 -5.4625 7.55
    endloop
  endfacet
  facet normal 0 0 -1
    outer loop
      vertex -2.86788 4.09576 7.55
      vertex -6.26632 8.94924 7.55
      vertex -5.4625 9.46133 7.55
    endloop
  endfacet
  facet normal -0 0 -1
    outer loop
      vertex -4.53154 -2.11309 7.55
      vertex -9.90141 -4.6171 7.55
      vertex -4.69846 -1.7101 7.55
    endloop
  endfacet
  facet normal 0 0 -1
    outer loop
      vertex -3.21394 3.83022 7.55
      vertex -7.02245 8.36903 7.55
      vertex -6.26632 8.94924 7.55
    endloop
  endfacet
  facet normal 0 0 -1
    outer loop
      vertex -10.2661 -3.73657 7.55
      vertex -4.69846 -1.7101 7.55
      vertex -9.90141 -4.6171 7.55
    endloop
  endfacet
  facet normal 0 0 -1
    outer loop
      vertex -3.53553 3.53553 7.55
      vertex -7.72514 7.72514 7.55
      vertex -7.02245 8.36903 7.55
    endloop
  endfacet
  facet normal -0 0 -1
    outer loop
      vertex -4.69846 -1.7101 7.55
      vertex -10.2661 -3.73657 7.55
      vertex -4.82963 -1.2941 7.55
    endloop
  endfacet
  facet normal 0 0 -1
    outer loop
      vertex -3.83022 3.21394 7.55
      vertex -8.36903 7.02245 7.55
      vertex -7.72514 7.72514 7.55
    endloop
  endfacet
  facet normal 0 0 -1
    outer loop
      vertex -10.5527 -2.8276 7.55
      vertex -4.82963 -1.2941 7.55
      vertex -10.2661 -3.73657 7.55
    endloop
  endfacet
  facet normal 0 0 -1
    outer loop
      vertex -4.09576 2.86788 7.55
      vertex -8.94924 6.26632 7.55
      vertex -8.36903 7.02245 7.55
    endloop
  endfacet
  facet normal -0 0 -1
    outer loop
      vertex -4.82963 -1.2941 7.55
      vertex -10.5527 -2.8276 7.55
      vertex -4.92404 -0.86824 7.55
    endloop
  endfacet
  facet normal 0 0 -1
    outer loop
      vertex -4.33013 2.5 7.55
      vertex -9.46133 5.4625 7.55
      vertex -8.94924 6.26632 7.55
    endloop
  endfacet
  facet normal 0 0 -1
    outer loop
      vertex -10.759 -1.89711 7.55
      vertex -4.92404 -0.86824 7.55
      vertex -10.5527 -2.8276 7.55
    endloop
  endfacet
  facet normal 0 0 -1
    outer loop
      vertex -4.53154 2.11309 7.55
      vertex -9.90141 4.6171 7.55
      vertex -9.46133 5.4625 7.55
    endloop
  endfacet
  facet normal -0 0 -1
    outer loop
      vertex -4.92404 -0.86824 7.55
      vertex -10.759 -1.89711 7.55
      vertex -4.98097 -0.435779 7.55
    endloop
  endfacet
  facet normal 0 0 -1
    outer loop
      vertex -4.69846 1.7101 7.55
      vertex -10.2661 3.73657 7.55
      vertex -9.90141 4.6171 7.55
    endloop
  endfacet
  facet normal 0 0 -1
    outer loop
      vertex -10.8834 -0.952176 7.55
      vertex -4.98097 -0.435779 7.55
      vertex -10.759 -1.89711 7.55
    endloop
  endfacet
  facet normal 0 0 -1
    outer loop
      vertex -4.82963 1.2941 7.55
      vertex -10.5527 2.8276 7.55
      vertex -10.2661 3.73657 7.55
    endloop
  endfacet
  facet normal -0 0 -1
    outer loop
      vertex -4.98097 -0.435779 7.55
      vertex -10.8834 -0.952176 7.55
      vertex -5 0 7.55
    endloop
  endfacet
  facet normal 0 0 -1
    outer loop
      vertex -4.92404 0.86824 7.55
      vertex -10.759 1.89711 7.55
      vertex -10.5527 2.8276 7.55
    endloop
  endfacet
  facet normal 0 0 -1
    outer loop
      vertex -10.925 0 7.55
      vertex -5 0 7.55
      vertex -10.8834 -0.952176 7.55
    endloop
  endfacet
  facet normal 0 0 -1
    outer loop
      vertex -4.98097 0.435779 7.55
      vertex -10.8834 0.952176 7.55
      vertex -10.759 1.89711 7.55
    endloop
  endfacet
  facet normal 0 0 -1
    outer loop
      vertex -5 0 7.55
      vertex -10.925 0 7.55
      vertex -10.8834 0.952176 7.55
    endloop
  endfacet
  facet normal -0.38265 -0.923893 0
    outer loop
      vertex 3.73657 10.2661 0
      vertex 4.6171 9.90141 7.55
      vertex 3.73657 10.2661 7.55
    endloop
  endfacet
  facet normal -0.38265 -0.923893 -0
    outer loop
      vertex 4.6171 9.90141 7.55
      vertex 3.73657 10.2661 0
      vertex 4.6171 9.90141 0
    endloop
  endfacet
  facet normal -0.976293 0.216455 0
    outer loop
      vertex 10.5527 -2.8276 0
      vertex 10.759 -1.89711 7.55
      vertex 10.759 -1.89711 0
    endloop
  endfacet
  facet normal -0.976293 0.216455 0
    outer loop
      vertex 10.759 -1.89711 7.55
      vertex 10.5527 -2.8276 0
      vertex 10.5527 -2.8276 7.55
    endloop
  endfacet
  facet normal 0.461743 0.887014 -0
    outer loop
      vertex -4.6171 -9.90141 0
      vertex -5.4625 -9.46133 7.55
      vertex -4.6171 -9.90141 7.55
    endloop
  endfacet
  facet normal 0.461743 0.887014 0
    outer loop
      vertex -5.4625 -9.46133 7.55
      vertex -4.6171 -9.90141 0
      vertex -5.4625 -9.46133 0
    endloop
  endfacet
  facet normal -0.843391 -0.5373 0
    outer loop
      vertex 9.46133 5.4625 0
      vertex 8.94924 6.26632 7.55
      vertex 8.94924 6.26632 0
    endloop
  endfacet
  facet normal -0.843391 -0.5373 0
    outer loop
      vertex 8.94924 6.26632 7.55
      vertex 9.46133 5.4625 0
      vertex 9.46133 5.4625 7.55
    endloop
  endfacet
  facet normal -0.0436478 0.999047 0
    outer loop
      vertex 0.952176 -10.8834 0
      vertex 0 -10.925 7.55
      vertex 0.952176 -10.8834 7.55
    endloop
  endfacet
  facet normal -0.0436478 0.999047 0
    outer loop
      vertex 0 -10.925 7.55
      vertex 0.952176 -10.8834 0
      vertex 0 -10.925 0
    endloop
  endfacet
  facet normal -0.5373 0.843391 0
    outer loop
      vertex 6.26632 -8.94924 0
      vertex 5.4625 -9.46133 7.55
      vertex 6.26632 -8.94924 7.55
    endloop
  endfacet
  facet normal -0.5373 0.843391 0
    outer loop
      vertex 5.4625 -9.46133 7.55
      vertex 6.26632 -8.94924 0
      vertex 5.4625 -9.46133 0
    endloop
  endfacet
  facet normal 0.675586 0.737281 -0
    outer loop
      vertex -7.02245 -8.36903 0
      vertex -7.72514 -7.72514 7.55
      vertex -7.02245 -8.36903 7.55
    endloop
  endfacet
  facet normal 0.675586 0.737281 0
    outer loop
      vertex -7.72514 -7.72514 7.55
      vertex -7.02245 -8.36903 0
      vertex -7.72514 -7.72514 0
    endloop
  endfacet
  facet normal 0.737281 -0.675586 0
    outer loop
      vertex -8.36903 7.02245 7.55
      vertex -7.72514 7.72514 0
      vertex -7.72514 7.72514 7.55
    endloop
  endfacet
  facet normal 0.737281 -0.675586 0
    outer loop
      vertex -7.72514 7.72514 0
      vertex -8.36903 7.02245 7.55
      vertex -8.36903 7.02245 0
    endloop
  endfacet
  facet normal 0.976293 0.216455 0
    outer loop
      vertex -10.5527 -2.8276 7.55
      vertex -10.759 -1.89711 0
      vertex -10.759 -1.89711 7.55
    endloop
  endfacet
  facet normal 0.976293 0.216455 0
    outer loop
      vertex -10.759 -1.89711 0
      vertex -10.5527 -2.8276 7.55
      vertex -10.5527 -2.8276 0
    endloop
  endfacet
  facet normal -0.130523 0.991445 0
    outer loop
      vertex 1.89711 -10.759 0
      vertex 0.952176 -10.8834 7.55
      vertex 1.89711 -10.759 7.55
    endloop
  endfacet
  facet normal -0.130523 0.991445 0
    outer loop
      vertex 0.952176 -10.8834 7.55
      vertex 1.89711 -10.759 0
      vertex 0.952176 -10.8834 0
    endloop
  endfacet
  facet normal 0.675586 -0.737281 0
    outer loop
      vertex -7.72514 7.72514 0
      vertex -7.02245 8.36903 7.55
      vertex -7.72514 7.72514 7.55
    endloop
  endfacet
  facet normal 0.675586 -0.737281 0
    outer loop
      vertex -7.02245 8.36903 7.55
      vertex -7.72514 7.72514 0
      vertex -7.02245 8.36903 0
    endloop
  endfacet
  facet normal 0.923893 0.38265 0
    outer loop
      vertex -9.90141 -4.6171 7.55
      vertex -10.2661 -3.73657 0
      vertex -10.2661 -3.73657 7.55
    endloop
  endfacet
  facet normal 0.923893 0.38265 0
    outer loop
      vertex -10.2661 -3.73657 0
      vertex -9.90141 -4.6171 7.55
      vertex -9.90141 -4.6171 0
    endloop
  endfacet
  facet normal -0.991445 0.130523 0
    outer loop
      vertex 10.759 -1.89711 0
      vertex 10.8834 -0.952176 7.55
      vertex 10.8834 -0.952176 0
    endloop
  endfacet
  facet normal -0.991445 0.130523 0
    outer loop
      vertex 10.8834 -0.952176 7.55
      vertex 10.759 -1.89711 0
      vertex 10.759 -1.89711 7.55
    endloop
  endfacet
  facet normal -0.999047 0.0436478 0
    outer loop
      vertex 10.8834 -0.952176 0
      vertex 10.925 0 7.55
      vertex 10.925 0 0
    endloop
  endfacet
  facet normal -0.999047 0.0436478 0
    outer loop
      vertex 10.925 0 7.55
      vertex 10.8834 -0.952176 0
      vertex 10.8834 -0.952176 7.55
    endloop
  endfacet
  facet normal -0.953716 -0.300709 0
    outer loop
      vertex 10.5527 2.8276 0
      vertex 10.2661 3.73657 7.55
      vertex 10.2661 3.73657 0
    endloop
  endfacet
  facet normal -0.953716 -0.300709 0
    outer loop
      vertex 10.2661 3.73657 7.55
      vertex 10.5527 2.8276 0
      vertex 10.5527 2.8276 7.55
    endloop
  endfacet
  facet normal -0.793348 0.608769 0
    outer loop
      vertex 8.36903 -7.02245 0
      vertex 8.94924 -6.26632 7.55
      vertex 8.94924 -6.26632 0
    endloop
  endfacet
  facet normal -0.793348 0.608769 0
    outer loop
      vertex 8.94924 -6.26632 7.55
      vertex 8.36903 -7.02245 0
      vertex 8.36903 -7.02245 7.55
    endloop
  endfacet
  facet normal -0.216455 -0.976293 0
    outer loop
      vertex 1.89711 10.759 0
      vertex 2.8276 10.5527 7.55
      vertex 1.89711 10.759 7.55
    endloop
  endfacet
  facet normal -0.216455 -0.976293 -0
    outer loop
      vertex 2.8276 10.5527 7.55
      vertex 1.89711 10.759 0
      vertex 2.8276 10.5527 0
    endloop
  endfacet
  facet normal 0.991445 0.130523 0
    outer loop
      vertex -10.759 -1.89711 7.55
      vertex -10.8834 -0.952176 0
      vertex -10.8834 -0.952176 7.55
    endloop
  endfacet
  facet normal 0.991445 0.130523 0
    outer loop
      vertex -10.8834 -0.952176 0
      vertex -10.759 -1.89711 7.55
      vertex -10.759 -1.89711 0
    endloop
  endfacet
  facet normal -0.300709 -0.953716 0
    outer loop
      vertex 2.8276 10.5527 0
      vertex 3.73657 10.2661 7.55
      vertex 2.8276 10.5527 7.55
    endloop
  endfacet
  facet normal -0.300709 -0.953716 -0
    outer loop
      vertex 3.73657 10.2661 7.55
      vertex 2.8276 10.5527 0
      vertex 3.73657 10.2661 0
    endloop
  endfacet
  facet normal -0.216455 0.976293 0
    outer loop
      vertex 2.8276 -10.5527 0
      vertex 1.89711 -10.759 7.55
      vertex 2.8276 -10.5527 7.55
    endloop
  endfacet
  facet normal -0.216455 0.976293 0
    outer loop
      vertex 1.89711 -10.759 7.55
      vertex 2.8276 -10.5527 0
      vertex 1.89711 -10.759 0
    endloop
  endfacet
  facet normal -0.0436478 -0.999047 0
    outer loop
      vertex 0 10.925 0
      vertex 0.952176 10.8834 7.55
      vertex 0 10.925 7.55
    endloop
  endfacet
  facet normal -0.0436478 -0.999047 -0
    outer loop
      vertex 0.952176 10.8834 7.55
      vertex 0 10.925 0
      vertex 0.952176 10.8834 0
    endloop
  endfacet
  facet normal -0.887014 -0.461743 0
    outer loop
      vertex 9.90141 4.6171 0
      vertex 9.46133 5.4625 7.55
      vertex 9.46133 5.4625 0
    endloop
  endfacet
  facet normal -0.887014 -0.461743 0
    outer loop
      vertex 9.46133 5.4625 7.55
      vertex 9.90141 4.6171 0
      vertex 9.90141 4.6171 7.55
    endloop
  endfacet
  facet normal 0.843391 -0.5373 0
    outer loop
      vertex -9.46133 5.4625 7.55
      vertex -8.94924 6.26632 0
      vertex -8.94924 6.26632 7.55
    endloop
  endfacet
  facet normal 0.843391 -0.5373 0
    outer loop
      vertex -8.94924 6.26632 0
      vertex -9.46133 5.4625 7.55
      vertex -9.46133 5.4625 0
    endloop
  endfacet
  facet normal 0.887014 -0.461743 0
    outer loop
      vertex -9.90141 4.6171 7.55
      vertex -9.46133 5.4625 0
      vertex -9.46133 5.4625 7.55
    endloop
  endfacet
  facet normal 0.887014 -0.461743 0
    outer loop
      vertex -9.46133 5.4625 0
      vertex -9.90141 4.6171 7.55
      vertex -9.90141 4.6171 0
    endloop
  endfacet
  facet normal -0.461743 0.887014 0
    outer loop
      vertex 5.4625 -9.46133 0
      vertex 4.6171 -9.90141 7.55
      vertex 5.4625 -9.46133 7.55
    endloop
  endfacet
  facet normal -0.461743 0.887014 0
    outer loop
      vertex 4.6171 -9.90141 7.55
      vertex 5.4625 -9.46133 0
      vertex 4.6171 -9.90141 0
    endloop
  endfacet
  facet normal 0.216455 -0.976293 0
    outer loop
      vertex -2.8276 10.5527 0
      vertex -1.89711 10.759 7.55
      vertex -2.8276 10.5527 7.55
    endloop
  endfacet
  facet normal 0.216455 -0.976293 0
    outer loop
      vertex -1.89711 10.759 7.55
      vertex -2.8276 10.5527 0
      vertex -1.89711 10.759 0
    endloop
  endfacet
  facet normal 0.130523 -0.991445 0
    outer loop
      vertex -1.89711 10.759 0
      vertex -0.952176 10.8834 7.55
      vertex -1.89711 10.759 7.55
    endloop
  endfacet
  facet normal 0.130523 -0.991445 0
    outer loop
      vertex -0.952176 10.8834 7.55
      vertex -1.89711 10.759 0
      vertex -0.952176 10.8834 0
    endloop
  endfacet
  facet normal -0.675586 -0.737281 0
    outer loop
      vertex 7.02245 8.36903 0
      vertex 7.72514 7.72514 7.55
      vertex 7.02245 8.36903 7.55
    endloop
  endfacet
  facet normal -0.675586 -0.737281 -0
    outer loop
      vertex 7.72514 7.72514 7.55
      vertex 7.02245 8.36903 0
      vertex 7.72514 7.72514 0
    endloop
  endfacet
  facet normal 0.843391 0.5373 0
    outer loop
      vertex -8.94924 -6.26632 7.55
      vertex -9.46133 -5.4625 0
      vertex -9.46133 -5.4625 7.55
    endloop
  endfacet
  facet normal 0.843391 0.5373 0
    outer loop
      vertex -9.46133 -5.4625 0
      vertex -8.94924 -6.26632 7.55
      vertex -8.94924 -6.26632 0
    endloop
  endfacet
  facet normal 0.0436478 -0.999047 0
    outer loop
      vertex -0.952176 10.8834 0
      vertex 0 10.925 7.55
      vertex -0.952176 10.8834 7.55
    endloop
  endfacet
  facet normal 0.0436478 -0.999047 0
    outer loop
      vertex 0 10.925 7.55
      vertex -0.952176 10.8834 0
      vertex 0 10.925 0
    endloop
  endfacet
  facet normal -0.675586 0.737281 0
    outer loop
      vertex 7.72514 -7.72514 0
      vertex 7.02245 -8.36903 7.55
      vertex 7.72514 -7.72514 7.55
    endloop
  endfacet
  facet normal -0.675586 0.737281 0
    outer loop
      vertex 7.02245 -8.36903 7.55
      vertex 7.72514 -7.72514 0
      vertex 7.02245 -8.36903 0
    endloop
  endfacet
  facet normal 0.737281 0.675586 0
    outer loop
      vertex -7.72514 -7.72514 7.55
      vertex -8.36903 -7.02245 0
      vertex -8.36903 -7.02245 7.55
    endloop
  endfacet
  facet normal 0.737281 0.675586 0
    outer loop
      vertex -8.36903 -7.02245 0
      vertex -7.72514 -7.72514 7.55
      vertex -7.72514 -7.72514 0
    endloop
  endfacet
  facet normal 0.793348 0.608769 0
    outer loop
      vertex -8.36903 -7.02245 7.55
      vertex -8.94924 -6.26632 0
      vertex -8.94924 -6.26632 7.55
    endloop
  endfacet
  facet normal 0.793348 0.608769 0
    outer loop
      vertex -8.94924 -6.26632 0
      vertex -8.36903 -7.02245 7.55
      vertex -8.36903 -7.02245 0
    endloop
  endfacet
  facet normal 0.300709 0.953716 -0
    outer loop
      vertex -2.8276 -10.5527 0
      vertex -3.73657 -10.2661 7.55
      vertex -2.8276 -10.5527 7.55
    endloop
  endfacet
  facet normal 0.300709 0.953716 0
    outer loop
      vertex -3.73657 -10.2661 7.55
      vertex -2.8276 -10.5527 0
      vertex -3.73657 -10.2661 0
    endloop
  endfacet
  facet normal -0.38265 0.923893 0
    outer loop
      vertex 4.6171 -9.90141 0
      vertex 3.73657 -10.2661 7.55
      vertex 4.6171 -9.90141 7.55
    endloop
  endfacet
  facet normal -0.38265 0.923893 0
    outer loop
      vertex 3.73657 -10.2661 7.55
      vertex 4.6171 -9.90141 0
      vertex 3.73657 -10.2661 0
    endloop
  endfacet
  facet normal -0.843391 0.5373 0
    outer loop
      vertex 8.94924 -6.26632 0
      vertex 9.46133 -5.4625 7.55
      vertex 9.46133 -5.4625 0
    endloop
  endfacet
  facet normal -0.843391 0.5373 0
    outer loop
      vertex 9.46133 -5.4625 7.55
      vertex 8.94924 -6.26632 0
      vertex 8.94924 -6.26632 7.55
    endloop
  endfacet
  facet normal -0.887014 0.461743 0
    outer loop
      vertex 9.46133 -5.4625 0
      vertex 9.90141 -4.6171 7.55
      vertex 9.90141 -4.6171 0
    endloop
  endfacet
  facet normal -0.887014 0.461743 0
    outer loop
      vertex 9.90141 -4.6171 7.55
      vertex 9.46133 -5.4625 0
      vertex 9.46133 -5.4625 7.55
    endloop
  endfacet
  facet normal -0.953716 0.300709 0
    outer loop
      vertex 10.2661 -3.73657 0
      vertex 10.5527 -2.8276 7.55
      vertex 10.5527 -2.8276 0
    endloop
  endfacet
  facet normal -0.953716 0.300709 0
    outer loop
      vertex 10.5527 -2.8276 7.55
      vertex 10.2661 -3.73657 0
      vertex 10.2661 -3.73657 7.55
    endloop
  endfacet
  facet normal 0.0436478 0.999047 -0
    outer loop
      vertex 0 -10.925 0
      vertex -0.952176 -10.8834 7.55
      vertex 0 -10.925 7.55
    endloop
  endfacet
  facet normal 0.0436478 0.999047 0
    outer loop
      vertex -0.952176 -10.8834 7.55
      vertex 0 -10.925 0
      vertex -0.952176 -10.8834 0
    endloop
  endfacet
  facet normal 0.923893 -0.38265 0
    outer loop
      vertex -10.2661 3.73657 7.55
      vertex -9.90141 4.6171 0
      vertex -9.90141 4.6171 7.55
    endloop
  endfacet
  facet normal 0.923893 -0.38265 0
    outer loop
      vertex -9.90141 4.6171 0
      vertex -10.2661 3.73657 7.55
      vertex -10.2661 3.73657 0
    endloop
  endfacet
  facet normal 0.953716 -0.300709 0
    outer loop
      vertex -10.5527 2.8276 7.55
      vertex -10.2661 3.73657 0
      vertex -10.2661 3.73657 7.55
    endloop
  endfacet
  facet normal 0.953716 -0.300709 0
    outer loop
      vertex -10.2661 3.73657 0
      vertex -10.5527 2.8276 7.55
      vertex -10.5527 2.8276 0
    endloop
  endfacet
  facet normal -0.608769 0.793348 0
    outer loop
      vertex 7.02245 -8.36903 0
      vertex 6.26632 -8.94924 7.55
      vertex 7.02245 -8.36903 7.55
    endloop
  endfacet
  facet normal -0.608769 0.793348 0
    outer loop
      vertex 6.26632 -8.94924 7.55
      vertex 7.02245 -8.36903 0
      vertex 6.26632 -8.94924 0
    endloop
  endfacet
  facet normal -0.737281 -0.675586 0
    outer loop
      vertex 8.36903 7.02245 0
      vertex 7.72514 7.72514 7.55
      vertex 7.72514 7.72514 0
    endloop
  endfacet
  facet normal -0.737281 -0.675586 0
    outer loop
      vertex 7.72514 7.72514 7.55
      vertex 8.36903 7.02245 0
      vertex 8.36903 7.02245 7.55
    endloop
  endfacet
  facet normal 0.999047 -0.0436478 0
    outer loop
      vertex -10.925 0 7.55
      vertex -10.8834 0.952176 0
      vertex -10.8834 0.952176 7.55
    endloop
  endfacet
  facet normal 0.999047 -0.0436478 0
    outer loop
      vertex -10.8834 0.952176 0
      vertex -10.925 0 7.55
      vertex -10.925 0 0
    endloop
  endfacet
  facet normal 0.608769 0.793348 -0
    outer loop
      vertex -6.26632 -8.94924 0
      vertex -7.02245 -8.36903 7.55
      vertex -6.26632 -8.94924 7.55
    endloop
  endfacet
  facet normal 0.608769 0.793348 0
    outer loop
      vertex -7.02245 -8.36903 7.55
      vertex -6.26632 -8.94924 0
      vertex -7.02245 -8.36903 0
    endloop
  endfacet
  facet normal 0.953716 0.300709 0
    outer loop
      vertex -10.2661 -3.73657 7.55
      vertex -10.5527 -2.8276 0
      vertex -10.5527 -2.8276 7.55
    endloop
  endfacet
  facet normal 0.953716 0.300709 0
    outer loop
      vertex -10.5527 -2.8276 0
      vertex -10.2661 -3.73657 7.55
      vertex -10.2661 -3.73657 0
    endloop
  endfacet
  facet normal -0.130523 -0.991445 0
    outer loop
      vertex 0.952176 10.8834 0
      vertex 1.89711 10.759 7.55
      vertex 0.952176 10.8834 7.55
    endloop
  endfacet
  facet normal -0.130523 -0.991445 -0
    outer loop
      vertex 1.89711 10.759 7.55
      vertex 0.952176 10.8834 0
      vertex 1.89711 10.759 0
    endloop
  endfacet
  facet normal 0.5373 0.843391 -0
    outer loop
      vertex -5.4625 -9.46133 0
      vertex -6.26632 -8.94924 7.55
      vertex -5.4625 -9.46133 7.55
    endloop
  endfacet
  facet normal 0.5373 0.843391 0
    outer loop
      vertex -6.26632 -8.94924 7.55
      vertex -5.4625 -9.46133 0
      vertex -6.26632 -8.94924 0
    endloop
  endfacet
  facet normal 0.38265 0.923893 -0
    outer loop
      vertex -3.73657 -10.2661 0
      vertex -4.6171 -9.90141 7.55
      vertex -3.73657 -10.2661 7.55
    endloop
  endfacet
  facet normal 0.38265 0.923893 0
    outer loop
      vertex -4.6171 -9.90141 7.55
      vertex -3.73657 -10.2661 0
      vertex -4.6171 -9.90141 0
    endloop
  endfacet
  facet normal 0.130523 0.991445 -0
    outer loop
      vertex -0.952176 -10.8834 0
      vertex -1.89711 -10.759 7.55
      vertex -0.952176 -10.8834 7.55
    endloop
  endfacet
  facet normal 0.130523 0.991445 0
    outer loop
      vertex -1.89711 -10.759 7.55
      vertex -0.952176 -10.8834 0
      vertex -1.89711 -10.759 0
    endloop
  endfacet
  facet normal 0.216455 0.976293 -0
    outer loop
      vertex -1.89711 -10.759 0
      vertex -2.8276 -10.5527 7.55
      vertex -1.89711 -10.759 7.55
    endloop
  endfacet
  facet normal 0.216455 0.976293 0
    outer loop
      vertex -2.8276 -10.5527 7.55
      vertex -1.89711 -10.759 0
      vertex -2.8276 -10.5527 0
    endloop
  endfacet
  facet normal -0.793348 -0.608769 0
    outer loop
      vertex 8.94924 6.26632 0
      vertex 8.36903 7.02245 7.55
      vertex 8.36903 7.02245 0
    endloop
  endfacet
  facet normal -0.793348 -0.608769 0
    outer loop
      vertex 8.36903 7.02245 7.55
      vertex 8.94924 6.26632 0
      vertex 8.94924 6.26632 7.55
    endloop
  endfacet
  facet normal 0.60876 0.793355 -0
    outer loop
      vertex -2.86788 -4.09576 7.55
      vertex -3.21394 -3.83022 19.99
      vertex -2.86788 -4.09576 19.99
    endloop
  endfacet
  facet normal 0.60876 0.793355 0
    outer loop
      vertex -3.21394 -3.83022 19.99
      vertex -2.86788 -4.09576 7.55
      vertex -3.21394 -3.83022 7.55
    endloop
  endfacet
  facet normal -0.843387 -0.537307 0
    outer loop
      vertex 4.33013 2.5 7.55
      vertex 4.09576 2.86788 19.99
      vertex 4.09576 2.86788 7.55
    endloop
  endfacet
  facet normal -0.843387 -0.537307 0
    outer loop
      vertex 4.09576 2.86788 19.99
      vertex 4.33013 2.5 7.55
      vertex 4.33013 2.5 19.99
    endloop
  endfacet
  facet normal -0.991446 -0.130516 0
    outer loop
      vertex 4.98097 0.435779 7.55
      vertex 4.92404 0.86824 19.99
      vertex 4.92404 0.86824 7.55
    endloop
  endfacet
  facet normal -0.991446 -0.130516 0
    outer loop
      vertex 4.92404 0.86824 19.99
      vertex 4.98097 0.435779 7.55
      vertex 4.98097 0.435779 19.99
    endloop
  endfacet
  facet normal 0.382676 0.923883 -0
    outer loop
      vertex -1.7101 -4.69846 7.55
      vertex -2.11309 -4.53154 19.99
      vertex -1.7101 -4.69846 19.99
    endloop
  endfacet
  facet normal 0.382676 0.923883 0
    outer loop
      vertex -2.11309 -4.53154 19.99
      vertex -1.7101 -4.69846 7.55
      vertex -2.11309 -4.53154 7.55
    endloop
  endfacet
  facet normal -0.216438 0.976296 0
    outer loop
      vertex 1.2941 -4.82963 7.55
      vertex 0.86824 -4.92404 19.99
      vertex 1.2941 -4.82963 19.99
    endloop
  endfacet
  facet normal -0.216438 0.976296 0
    outer loop
      vertex 0.86824 -4.92404 19.99
      vertex 1.2941 -4.82963 7.55
      vertex 0.86824 -4.92404 7.55
    endloop
  endfacet
  facet normal 0.0436273 -0.999048 0
    outer loop
      vertex -0.435779 4.98097 7.55
      vertex 0 5 19.99
      vertex -0.435779 4.98097 19.99
    endloop
  endfacet
  facet normal 0.0436273 -0.999048 0
    outer loop
      vertex 0 5 19.99
      vertex -0.435779 4.98097 7.55
      vertex 0 5 7.55
    endloop
  endfacet
  facet normal -0.382676 -0.923883 0
    outer loop
      vertex 1.7101 4.69846 7.55
      vertex 2.11309 4.53154 19.99
      vertex 1.7101 4.69846 19.99
    endloop
  endfacet
  facet normal -0.382676 -0.923883 -0
    outer loop
      vertex 2.11309 4.53154 19.99
      vertex 1.7101 4.69846 7.55
      vertex 2.11309 4.53154 7.55
    endloop
  endfacet
  facet normal 0.737269 0.675599 0
    outer loop
      vertex -3.53553 -3.53553 19.99
      vertex -3.83022 -3.21394 7.55
      vertex -3.83022 -3.21394 19.99
    endloop
  endfacet
  facet normal 0.737269 0.675599 0
    outer loop
      vertex -3.83022 -3.21394 7.55
      vertex -3.53553 -3.53553 19.99
      vertex -3.53553 -3.53553 7.55
    endloop
  endfacet
  facet normal 0.953713 0.300718 0
    outer loop
      vertex -4.69846 -1.7101 19.99
      vertex -4.82963 -1.2941 7.55
      vertex -4.82963 -1.2941 19.99
    endloop
  endfacet
  facet normal 0.953713 0.300718 0
    outer loop
      vertex -4.82963 -1.2941 7.55
      vertex -4.69846 -1.7101 19.99
      vertex -4.69846 -1.7101 7.55
    endloop
  endfacet
  facet normal -0.461744 0.887013 0
    outer loop
      vertex 2.5 -4.33013 7.55
      vertex 2.11309 -4.53154 19.99
      vertex 2.5 -4.33013 19.99
    endloop
  endfacet
  facet normal -0.461744 0.887013 0
    outer loop
      vertex 2.11309 -4.53154 19.99
      vertex 2.5 -4.33013 7.55
      vertex 2.11309 -4.53154 7.55
    endloop
  endfacet
  facet normal 0.130516 -0.991446 0
    outer loop
      vertex -0.86824 4.92404 7.55
      vertex -0.435779 4.98097 19.99
      vertex -0.86824 4.92404 19.99
    endloop
  endfacet
  facet normal 0.130516 -0.991446 0
    outer loop
      vertex -0.435779 4.98097 19.99
      vertex -0.86824 4.92404 7.55
      vertex -0.435779 4.98097 7.55
    endloop
  endfacet
  facet normal 0.976296 0.216438 0
    outer loop
      vertex -4.82963 -1.2941 19.99
      vertex -4.92404 -0.86824 7.55
      vertex -4.92404 -0.86824 19.99
    endloop
  endfacet
  facet normal 0.976296 0.216438 0
    outer loop
      vertex -4.92404 -0.86824 7.55
      vertex -4.82963 -1.2941 19.99
      vertex -4.82963 -1.2941 7.55
    endloop
  endfacet
  facet normal -0.793355 0.60876 0
    outer loop
      vertex 3.83022 -3.21394 7.55
      vertex 4.09576 -2.86788 19.99
      vertex 4.09576 -2.86788 7.55
    endloop
  endfacet
  facet normal -0.793355 0.60876 0
    outer loop
      vertex 4.09576 -2.86788 19.99
      vertex 3.83022 -3.21394 7.55
      vertex 3.83022 -3.21394 19.99
    endloop
  endfacet
  facet normal -0.0436273 -0.999048 0
    outer loop
      vertex 0 5 7.55
      vertex 0.435779 4.98097 19.99
      vertex 0 5 19.99
    endloop
  endfacet
  facet normal -0.0436273 -0.999048 -0
    outer loop
      vertex 0.435779 4.98097 19.99
      vertex 0 5 7.55
      vertex 0.435779 4.98097 7.55
    endloop
  endfacet
  facet normal -0.0436273 0.999048 0
    outer loop
      vertex 0.435779 -4.98097 7.55
      vertex 0 -5 19.99
      vertex 0.435779 -4.98097 19.99
    endloop
  endfacet
  facet normal -0.0436273 0.999048 0
    outer loop
      vertex 0 -5 19.99
      vertex 0.435779 -4.98097 7.55
      vertex 0 -5 7.55
    endloop
  endfacet
  facet normal -0.537307 0.843387 0
    outer loop
      vertex 2.86788 -4.09576 7.55
      vertex 2.5 -4.33013 19.99
      vertex 2.86788 -4.09576 19.99
    endloop
  endfacet
  facet normal -0.537307 0.843387 0
    outer loop
      vertex 2.5 -4.33013 19.99
      vertex 2.86788 -4.09576 7.55
      vertex 2.5 -4.33013 7.55
    endloop
  endfacet
  facet normal -0.461744 -0.887013 0
    outer loop
      vertex 2.11309 4.53154 7.55
      vertex 2.5 4.33013 19.99
      vertex 2.11309 4.53154 19.99
    endloop
  endfacet
  facet normal -0.461744 -0.887013 -0
    outer loop
      vertex 2.5 4.33013 19.99
      vertex 2.11309 4.53154 7.55
      vertex 2.5 4.33013 7.55
    endloop
  endfacet
  facet normal -0.887013 0.461744 0
    outer loop
      vertex 4.33013 -2.5 7.55
      vertex 4.53154 -2.11309 19.99
      vertex 4.53154 -2.11309 7.55
    endloop
  endfacet
  facet normal -0.887013 0.461744 0
    outer loop
      vertex 4.53154 -2.11309 19.99
      vertex 4.33013 -2.5 7.55
      vertex 4.33013 -2.5 19.99
    endloop
  endfacet
  facet normal -0.976296 -0.216438 0
    outer loop
      vertex 4.92404 0.86824 7.55
      vertex 4.82963 1.2941 19.99
      vertex 4.82963 1.2941 7.55
    endloop
  endfacet
  facet normal -0.976296 -0.216438 0
    outer loop
      vertex 4.82963 1.2941 19.99
      vertex 4.92404 0.86824 7.55
      vertex 4.92404 0.86824 19.99
    endloop
  endfacet
  facet normal -0.999048 -0.0436273 0
    outer loop
      vertex 5 0 7.55
      vertex 4.98097 0.435779 19.99
      vertex 4.98097 0.435779 7.55
    endloop
  endfacet
  facet normal -0.999048 -0.0436273 0
    outer loop
      vertex 4.98097 0.435779 19.99
      vertex 5 0 7.55
      vertex 5 0 19.99
    endloop
  endfacet
  facet normal 0.216438 -0.976296 0
    outer loop
      vertex -1.2941 4.82963 7.55
      vertex -0.86824 4.92404 19.99
      vertex -1.2941 4.82963 19.99
    endloop
  endfacet
  facet normal 0.216438 -0.976296 0
    outer loop
      vertex -0.86824 4.92404 19.99
      vertex -1.2941 4.82963 7.55
      vertex -0.86824 4.92404 7.55
    endloop
  endfacet
  facet normal -0.60876 -0.793355 0
    outer loop
      vertex 2.86788 4.09576 7.55
      vertex 3.21394 3.83022 19.99
      vertex 2.86788 4.09576 19.99
    endloop
  endfacet
  facet normal -0.60876 -0.793355 -0
    outer loop
      vertex 3.21394 3.83022 19.99
      vertex 2.86788 4.09576 7.55
      vertex 3.21394 3.83022 7.55
    endloop
  endfacet
  facet normal 0.461744 -0.887013 0
    outer loop
      vertex -2.5 4.33013 7.55
      vertex -2.11309 4.53154 19.99
      vertex -2.5 4.33013 19.99
    endloop
  endfacet
  facet normal 0.461744 -0.887013 0
    outer loop
      vertex -2.11309 4.53154 19.99
      vertex -2.5 4.33013 7.55
      vertex -2.11309 4.53154 7.55
    endloop
  endfacet
  facet normal -0.216438 -0.976296 0
    outer loop
      vertex 0.86824 4.92404 7.55
      vertex 1.2941 4.82963 19.99
      vertex 0.86824 4.92404 19.99
    endloop
  endfacet
  facet normal -0.216438 -0.976296 -0
    outer loop
      vertex 1.2941 4.82963 19.99
      vertex 0.86824 4.92404 7.55
      vertex 1.2941 4.82963 7.55
    endloop
  endfacet
  facet normal -0.737269 -0.675599 0
    outer loop
      vertex 3.83022 3.21394 7.55
      vertex 3.53553 3.53553 19.99
      vertex 3.53553 3.53553 7.55
    endloop
  endfacet
  facet normal -0.737269 -0.675599 0
    outer loop
      vertex 3.53553 3.53553 19.99
      vertex 3.83022 3.21394 7.55
      vertex 3.83022 3.21394 19.99
    endloop
  endfacet
  facet normal -0.999048 0.0436273 0
    outer loop
      vertex 4.98097 -0.435779 7.55
      vertex 5 0 19.99
      vertex 5 0 7.55
    endloop
  endfacet
  facet normal -0.999048 0.0436273 0
    outer loop
      vertex 5 0 19.99
      vertex 4.98097 -0.435779 7.55
      vertex 4.98097 -0.435779 19.99
    endloop
  endfacet
  facet normal 0.991446 -0.130516 0
    outer loop
      vertex -4.98097 0.435779 19.99
      vertex -4.92404 0.86824 7.55
      vertex -4.92404 0.86824 19.99
    endloop
  endfacet
  facet normal 0.991446 -0.130516 0
    outer loop
      vertex -4.92404 0.86824 7.55
      vertex -4.98097 0.435779 19.99
      vertex -4.98097 0.435779 7.55
    endloop
  endfacet
  facet normal 0.976296 -0.216438 0
    outer loop
      vertex -4.92404 0.86824 19.99
      vertex -4.82963 1.2941 7.55
      vertex -4.82963 1.2941 19.99
    endloop
  endfacet
  facet normal 0.976296 -0.216438 0
    outer loop
      vertex -4.82963 1.2941 7.55
      vertex -4.92404 0.86824 19.99
      vertex -4.92404 0.86824 7.55
    endloop
  endfacet
  facet normal 0.130516 0.991446 -0
    outer loop
      vertex -0.435779 -4.98097 7.55
      vertex -0.86824 -4.92404 19.99
      vertex -0.435779 -4.98097 19.99
    endloop
  endfacet
  facet normal 0.130516 0.991446 0
    outer loop
      vertex -0.86824 -4.92404 19.99
      vertex -0.435779 -4.98097 7.55
      vertex -0.86824 -4.92404 7.55
    endloop
  endfacet
  facet normal 0.537307 -0.843387 0
    outer loop
      vertex -2.86788 4.09576 7.55
      vertex -2.5 4.33013 19.99
      vertex -2.86788 4.09576 19.99
    endloop
  endfacet
  facet normal 0.537307 -0.843387 0
    outer loop
      vertex -2.5 4.33013 19.99
      vertex -2.86788 4.09576 7.55
      vertex -2.5 4.33013 7.55
    endloop
  endfacet
  facet normal 0.675599 -0.737269 0
    outer loop
      vertex -3.53553 3.53553 7.55
      vertex -3.21394 3.83022 19.99
      vertex -3.53553 3.53553 19.99
    endloop
  endfacet
  facet normal 0.675599 -0.737269 0
    outer loop
      vertex -3.21394 3.83022 19.99
      vertex -3.53553 3.53553 7.55
      vertex -3.21394 3.83022 7.55
    endloop
  endfacet
  facet normal 0.60876 -0.793355 0
    outer loop
      vertex -3.21394 3.83022 7.55
      vertex -2.86788 4.09576 19.99
      vertex -3.21394 3.83022 19.99
    endloop
  endfacet
  facet normal 0.60876 -0.793355 0
    outer loop
      vertex -2.86788 4.09576 19.99
      vertex -3.21394 3.83022 7.55
      vertex -2.86788 4.09576 7.55
    endloop
  endfacet
  facet normal -0.953713 -0.300718 0
    outer loop
      vertex 4.82963 1.2941 7.55
      vertex 4.69846 1.7101 19.99
      vertex 4.69846 1.7101 7.55
    endloop
  endfacet
  facet normal -0.953713 -0.300718 0
    outer loop
      vertex 4.69846 1.7101 19.99
      vertex 4.82963 1.2941 7.55
      vertex 4.82963 1.2941 19.99
    endloop
  endfacet
  facet normal -0.923883 -0.382676 0
    outer loop
      vertex 4.69846 1.7101 7.55
      vertex 4.53154 2.11309 19.99
      vertex 4.53154 2.11309 7.55
    endloop
  endfacet
  facet normal -0.923883 -0.382676 0
    outer loop
      vertex 4.53154 2.11309 19.99
      vertex 4.69846 1.7101 7.55
      vertex 4.69846 1.7101 19.99
    endloop
  endfacet
  facet normal -0.130516 -0.991446 0
    outer loop
      vertex 0.435779 4.98097 7.55
      vertex 0.86824 4.92404 19.99
      vertex 0.435779 4.98097 19.99
    endloop
  endfacet
  facet normal -0.130516 -0.991446 -0
    outer loop
      vertex 0.86824 4.92404 19.99
      vertex 0.435779 4.98097 7.55
      vertex 0.86824 4.92404 7.55
    endloop
  endfacet
  facet normal -0.675599 -0.737269 0
    outer loop
      vertex 3.21394 3.83022 7.55
      vertex 3.53553 3.53553 19.99
      vertex 3.21394 3.83022 19.99
    endloop
  endfacet
  facet normal -0.675599 -0.737269 -0
    outer loop
      vertex 3.53553 3.53553 19.99
      vertex 3.21394 3.83022 7.55
      vertex 3.53553 3.53553 7.55
    endloop
  endfacet
  facet normal 0.923883 -0.382676 0
    outer loop
      vertex -4.69846 1.7101 19.99
      vertex -4.53154 2.11309 7.55
      vertex -4.53154 2.11309 19.99
    endloop
  endfacet
  facet normal 0.923883 -0.382676 0
    outer loop
      vertex -4.53154 2.11309 7.55
      vertex -4.69846 1.7101 19.99
      vertex -4.69846 1.7101 7.55
    endloop
  endfacet
  facet normal -0.130516 0.991446 0
    outer loop
      vertex 0.86824 -4.92404 7.55
      vertex 0.435779 -4.98097 19.99
      vertex 0.86824 -4.92404 19.99
    endloop
  endfacet
  facet normal -0.130516 0.991446 0
    outer loop
      vertex 0.435779 -4.98097 19.99
      vertex 0.86824 -4.92404 7.55
      vertex 0.435779 -4.98097 7.55
    endloop
  endfacet
  facet normal -0.793355 -0.60876 0
    outer loop
      vertex 4.09576 2.86788 7.55
      vertex 3.83022 3.21394 19.99
      vertex 3.83022 3.21394 7.55
    endloop
  endfacet
  facet normal -0.793355 -0.60876 0
    outer loop
      vertex 3.83022 3.21394 19.99
      vertex 4.09576 2.86788 7.55
      vertex 4.09576 2.86788 19.99
    endloop
  endfacet
  facet normal 0.953713 -0.300718 0
    outer loop
      vertex -4.82963 1.2941 19.99
      vertex -4.69846 1.7101 7.55
      vertex -4.69846 1.7101 19.99
    endloop
  endfacet
  facet normal 0.953713 -0.300718 0
    outer loop
      vertex -4.69846 1.7101 7.55
      vertex -4.82963 1.2941 19.99
      vertex -4.82963 1.2941 7.55
    endloop
  endfacet
  facet normal 0.999048 0.0436273 0
    outer loop
      vertex -4.98097 -0.435779 19.99
      vertex -5 0 7.55
      vertex -5 0 19.99
    endloop
  endfacet
  facet normal 0.999048 0.0436273 0
    outer loop
      vertex -5 0 7.55
      vertex -4.98097 -0.435779 19.99
      vertex -4.98097 -0.435779 7.55
    endloop
  endfacet
  facet normal 0.887013 -0.461744 0
    outer loop
      vertex -4.53154 2.11309 19.99
      vertex -4.33013 2.5 7.55
      vertex -4.33013 2.5 19.99
    endloop
  endfacet
  facet normal 0.887013 -0.461744 0
    outer loop
      vertex -4.33013 2.5 7.55
      vertex -4.53154 2.11309 19.99
      vertex -4.53154 2.11309 7.55
    endloop
  endfacet
  facet normal 0.675599 0.737269 -0
    outer loop
      vertex -3.21394 -3.83022 7.55
      vertex -3.53553 -3.53553 19.99
      vertex -3.21394 -3.83022 19.99
    endloop
  endfacet
  facet normal 0.675599 0.737269 0
    outer loop
      vertex -3.53553 -3.53553 19.99
      vertex -3.21394 -3.83022 7.55
      vertex -3.53553 -3.53553 7.55
    endloop
  endfacet
  facet normal -0.923883 0.382676 0
    outer loop
      vertex 4.53154 -2.11309 7.55
      vertex 4.69846 -1.7101 19.99
      vertex 4.69846 -1.7101 7.55
    endloop
  endfacet
  facet normal -0.923883 0.382676 0
    outer loop
      vertex 4.69846 -1.7101 19.99
      vertex 4.53154 -2.11309 7.55
      vertex 4.53154 -2.11309 19.99
    endloop
  endfacet
  facet normal -0.887013 -0.461744 0
    outer loop
      vertex 4.53154 2.11309 7.55
      vertex 4.33013 2.5 19.99
      vertex 4.33013 2.5 7.55
    endloop
  endfacet
  facet normal -0.887013 -0.461744 0
    outer loop
      vertex 4.33013 2.5 19.99
      vertex 4.53154 2.11309 7.55
      vertex 4.53154 2.11309 19.99
    endloop
  endfacet
  facet normal -0.991446 0.130516 0
    outer loop
      vertex 4.92404 -0.86824 7.55
      vertex 4.98097 -0.435779 19.99
      vertex 4.98097 -0.435779 7.55
    endloop
  endfacet
  facet normal -0.991446 0.130516 0
    outer loop
      vertex 4.98097 -0.435779 19.99
      vertex 4.92404 -0.86824 7.55
      vertex 4.92404 -0.86824 19.99
    endloop
  endfacet
  facet normal 0.793355 0.60876 0
    outer loop
      vertex -3.83022 -3.21394 19.99
      vertex -4.09576 -2.86788 7.55
      vertex -4.09576 -2.86788 19.99
    endloop
  endfacet
  facet normal 0.793355 0.60876 0
    outer loop
      vertex -4.09576 -2.86788 7.55
      vertex -3.83022 -3.21394 19.99
      vertex -3.83022 -3.21394 7.55
    endloop
  endfacet
  facet normal 0.300718 0.953713 -0
    outer loop
      vertex -1.2941 -4.82963 7.55
      vertex -1.7101 -4.69846 19.99
      vertex -1.2941 -4.82963 19.99
    endloop
  endfacet
  facet normal 0.300718 0.953713 0
    outer loop
      vertex -1.7101 -4.69846 19.99
      vertex -1.2941 -4.82963 7.55
      vertex -1.7101 -4.69846 7.55
    endloop
  endfacet
  facet normal 0.999048 -0.0436273 0
    outer loop
      vertex -5 0 19.99
      vertex -4.98097 0.435779 7.55
      vertex -4.98097 0.435779 19.99
    endloop
  endfacet
  facet normal 0.999048 -0.0436273 0
    outer loop
      vertex -4.98097 0.435779 7.55
      vertex -5 0 19.99
      vertex -5 0 7.55
    endloop
  endfacet
  facet normal 0.923883 0.382676 0
    outer loop
      vertex -4.53154 -2.11309 19.99
      vertex -4.69846 -1.7101 7.55
      vertex -4.69846 -1.7101 19.99
    endloop
  endfacet
  facet normal 0.923883 0.382676 0
    outer loop
      vertex -4.69846 -1.7101 7.55
      vertex -4.53154 -2.11309 19.99
      vertex -4.53154 -2.11309 7.55
    endloop
  endfacet
  facet normal -0.843387 0.537307 0
    outer loop
      vertex 4.09576 -2.86788 7.55
      vertex 4.33013 -2.5 19.99
      vertex 4.33013 -2.5 7.55
    endloop
  endfacet
  facet normal -0.843387 0.537307 0
    outer loop
      vertex 4.33013 -2.5 19.99
      vertex 4.09576 -2.86788 7.55
      vertex 4.09576 -2.86788 19.99
    endloop
  endfacet
  facet normal 0.216438 0.976296 -0
    outer loop
      vertex -0.86824 -4.92404 7.55
      vertex -1.2941 -4.82963 19.99
      vertex -0.86824 -4.92404 19.99
    endloop
  endfacet
  facet normal 0.216438 0.976296 0
    outer loop
      vertex -1.2941 -4.82963 19.99
      vertex -0.86824 -4.92404 7.55
      vertex -1.2941 -4.82963 7.55
    endloop
  endfacet
  facet normal 0.300718 -0.953713 0
    outer loop
      vertex -1.7101 4.69846 7.55
      vertex -1.2941 4.82963 19.99
      vertex -1.7101 4.69846 19.99
    endloop
  endfacet
  facet normal 0.300718 -0.953713 0
    outer loop
      vertex -1.2941 4.82963 19.99
      vertex -1.7101 4.69846 7.55
      vertex -1.2941 4.82963 7.55
    endloop
  endfacet
  facet normal -0.675599 0.737269 0
    outer loop
      vertex 3.53553 -3.53553 7.55
      vertex 3.21394 -3.83022 19.99
      vertex 3.53553 -3.53553 19.99
    endloop
  endfacet
  facet normal -0.675599 0.737269 0
    outer loop
      vertex 3.21394 -3.83022 19.99
      vertex 3.53553 -3.53553 7.55
      vertex 3.21394 -3.83022 7.55
    endloop
  endfacet
  facet normal 0.991446 0.130516 0
    outer loop
      vertex -4.92404 -0.86824 19.99
      vertex -4.98097 -0.435779 7.55
      vertex -4.98097 -0.435779 19.99
    endloop
  endfacet
  facet normal 0.991446 0.130516 0
    outer loop
      vertex -4.98097 -0.435779 7.55
      vertex -4.92404 -0.86824 19.99
      vertex -4.92404 -0.86824 7.55
    endloop
  endfacet
  facet normal -0.537307 -0.843387 0
    outer loop
      vertex 2.5 4.33013 7.55
      vertex 2.86788 4.09576 19.99
      vertex 2.5 4.33013 19.99
    endloop
  endfacet
  facet normal -0.537307 -0.843387 -0
    outer loop
      vertex 2.86788 4.09576 19.99
      vertex 2.5 4.33013 7.55
      vertex 2.86788 4.09576 7.55
    endloop
  endfacet
  facet normal -0.737269 0.675599 0
    outer loop
      vertex 3.53553 -3.53553 7.55
      vertex 3.83022 -3.21394 19.99
      vertex 3.83022 -3.21394 7.55
    endloop
  endfacet
  facet normal -0.737269 0.675599 0
    outer loop
      vertex 3.83022 -3.21394 19.99
      vertex 3.53553 -3.53553 7.55
      vertex 3.53553 -3.53553 19.99
    endloop
  endfacet
  facet normal -0.300718 0.953713 0
    outer loop
      vertex 1.7101 -4.69846 7.55
      vertex 1.2941 -4.82963 19.99
      vertex 1.7101 -4.69846 19.99
    endloop
  endfacet
  facet normal -0.300718 0.953713 0
    outer loop
      vertex 1.2941 -4.82963 19.99
      vertex 1.7101 -4.69846 7.55
      vertex 1.2941 -4.82963 7.55
    endloop
  endfacet
  facet normal -0.953713 0.300718 0
    outer loop
      vertex 4.69846 -1.7101 7.55
      vertex 4.82963 -1.2941 19.99
      vertex 4.82963 -1.2941 7.55
    endloop
  endfacet
  facet normal -0.953713 0.300718 0
    outer loop
      vertex 4.82963 -1.2941 19.99
      vertex 4.69846 -1.7101 7.55
      vertex 4.69846 -1.7101 19.99
    endloop
  endfacet
  facet normal -0.976296 0.216438 0
    outer loop
      vertex 4.82963 -1.2941 7.55
      vertex 4.92404 -0.86824 19.99
      vertex 4.92404 -0.86824 7.55
    endloop
  endfacet
  facet normal -0.976296 0.216438 0
    outer loop
      vertex 4.92404 -0.86824 19.99
      vertex 4.82963 -1.2941 7.55
      vertex 4.82963 -1.2941 19.99
    endloop
  endfacet
  facet normal 0.887013 0.461744 0
    outer loop
      vertex -4.33013 -2.5 19.99
      vertex -4.53154 -2.11309 7.55
      vertex -4.53154 -2.11309 19.99
    endloop
  endfacet
  facet normal 0.887013 0.461744 0
    outer loop
      vertex -4.53154 -2.11309 7.55
      vertex -4.33013 -2.5 19.99
      vertex -4.33013 -2.5 7.55
    endloop
  endfacet
  facet normal -0.382676 0.923883 0
    outer loop
      vertex 2.11309 -4.53154 7.55
      vertex 1.7101 -4.69846 19.99
      vertex 2.11309 -4.53154 19.99
    endloop
  endfacet
  facet normal -0.382676 0.923883 0
    outer loop
      vertex 1.7101 -4.69846 19.99
      vertex 2.11309 -4.53154 7.55
      vertex 1.7101 -4.69846 7.55
    endloop
  endfacet
  facet normal 0.737269 -0.675599 0
    outer loop
      vertex -3.83022 3.21394 19.99
      vertex -3.53553 3.53553 7.55
      vertex -3.53553 3.53553 19.99
    endloop
  endfacet
  facet normal 0.737269 -0.675599 0
    outer loop
      vertex -3.53553 3.53553 7.55
      vertex -3.83022 3.21394 19.99
      vertex -3.83022 3.21394 7.55
    endloop
  endfacet
  facet normal -0.60876 0.793355 0
    outer loop
      vertex 3.21394 -3.83022 7.55
      vertex 2.86788 -4.09576 19.99
      vertex 3.21394 -3.83022 19.99
    endloop
  endfacet
  facet normal -0.60876 0.793355 0
    outer loop
      vertex 2.86788 -4.09576 19.99
      vertex 3.21394 -3.83022 7.55
      vertex 2.86788 -4.09576 7.55
    endloop
  endfacet
  facet normal 0.0436273 0.999048 -0
    outer loop
      vertex 0 -5 7.55
      vertex -0.435779 -4.98097 19.99
      vertex 0 -5 19.99
    endloop
  endfacet
  facet normal 0.0436273 0.999048 0
    outer loop
      vertex -0.435779 -4.98097 19.99
      vertex 0 -5 7.55
      vertex -0.435779 -4.98097 7.55
    endloop
  endfacet
  facet normal -0.300718 -0.953713 0
    outer loop
      vertex 1.2941 4.82963 7.55
      vertex 1.7101 4.69846 19.99
      vertex 1.2941 4.82963 19.99
    endloop
  endfacet
  facet normal -0.300718 -0.953713 -0
    outer loop
      vertex 1.7101 4.69846 19.99
      vertex 1.2941 4.82963 7.55
      vertex 1.7101 4.69846 7.55
    endloop
  endfacet
  facet normal 0.382676 -0.923883 0
    outer loop
      vertex -2.11309 4.53154 7.55
      vertex -1.7101 4.69846 19.99
      vertex -2.11309 4.53154 19.99
    endloop
  endfacet
  facet normal 0.382676 -0.923883 0
    outer loop
      vertex -1.7101 4.69846 19.99
      vertex -2.11309 4.53154 7.55
      vertex -1.7101 4.69846 7.55
    endloop
  endfacet
  facet normal 0.461744 0.887013 -0
    outer loop
      vertex -2.11309 -4.53154 7.55
      vertex -2.5 -4.33013 19.99
      vertex -2.11309 -4.53154 19.99
    endloop
  endfacet
  facet normal 0.461744 0.887013 0
    outer loop
      vertex -2.5 -4.33013 19.99
      vertex -2.11309 -4.53154 7.55
      vertex -2.5 -4.33013 7.55
    endloop
  endfacet
  facet normal 0.843387 -0.537307 0
    outer loop
      vertex -4.33013 2.5 19.99
      vertex -4.09576 2.86788 7.55
      vertex -4.09576 2.86788 19.99
    endloop
  endfacet
  facet normal 0.843387 -0.537307 0
    outer loop
      vertex -4.09576 2.86788 7.55
      vertex -4.33013 2.5 19.99
      vertex -4.33013 2.5 7.55
    endloop
  endfacet
  facet normal 0.793355 -0.60876 0
    outer loop
      vertex -4.09576 2.86788 19.99
      vertex -3.83022 3.21394 7.55
      vertex -3.83022 3.21394 19.99
    endloop
  endfacet
  facet normal 0.793355 -0.60876 0
    outer loop
      vertex -3.83022 3.21394 7.55
      vertex -4.09576 2.86788 19.99
      vertex -4.09576 2.86788 7.55
    endloop
  endfacet
  facet normal 0.843387 0.537307 0
    outer loop
      vertex -4.09576 -2.86788 19.99
      vertex -4.33013 -2.5 7.55
      vertex -4.33013 -2.5 19.99
    endloop
  endfacet
  facet normal 0.843387 0.537307 0
    outer loop
      vertex -4.33013 -2.5 7.55
      vertex -4.09576 -2.86788 19.99
      vertex -4.09576 -2.86788 7.55
    endloop
  endfacet
  facet normal 0.537307 0.843387 -0
    outer loop
      vertex -2.5 -4.33013 7.55
      vertex -2.86788 -4.09576 19.99
      vertex -2.5 -4.33013 19.99
    endloop
  endfacet
  facet normal 0.537307 0.843387 0
    outer loop
      vertex -2.86788 -4.09576 19.99
      vertex -2.5 -4.33013 7.55
      vertex -2.86788 -4.09576 7.55
    endloop
  endfacet
endsolid OpenSCAD_Model
