solid OpenSCAD_Model
  facet normal 0.98918 0.146708 0
    outer loop
      vertex 8.82707 1.75581 8
      vertex 8.86501 1.5 4
      vertex 8.82707 1.75581 0
    endloop
  endfacet
  facet normal 0.9891 0.147243 -3.49278e-05
    outer loop
      vertex 8.82707 1.75581 8
      vertex 8.86609 1.49278 4.14703
      vertex 8.86501 1.5 4
    endloop
  endfacet
  facet normal 0.989194 0.14661 9.24714e-06
    outer loop
      vertex 8.82707 1.75581 8
      vertex 8.86929 1.47118 4.29263
      vertex 8.86609 1.49278 4.14703
    endloop
  endfacet
  facet normal 0.989195 0.146606 9.53695e-06
    outer loop
      vertex 8.82707 1.75581 8
      vertex 8.87459 1.43541 4.43543
      vertex 8.86929 1.47118 4.29263
    endloop
  endfacet
  facet normal 0.989168 0.146789 -7.2775e-06
    outer loop
      vertex 8.82707 1.75581 8
      vertex 8.88195 1.38582 4.57402
      vertex 8.87459 1.43541 4.43543
    endloop
  endfacet
  facet normal 0.98917 0.146776 -5.82375e-06
    outer loop
      vertex 8.82707 1.75581 8
      vertex 8.89129 1.32288 4.70709
      vertex 8.88195 1.38582 4.57402
    endloop
  endfacet
  facet normal 0.989186 0.146667 8.77304e-06
    outer loop
      vertex 8.82707 1.75581 8
      vertex 8.90251 1.2472 4.83335
      vertex 8.89129 1.32288 4.70709
    endloop
  endfacet
  facet normal 0.989172 0.146764 -7.13613e-06
    outer loop
      vertex 8.82707 1.75581 8
      vertex 8.91552 1.15952 4.95159
      vertex 8.90251 1.2472 4.83335
    endloop
  endfacet
  facet normal 0.989182 0.146694 6.89938e-06
    outer loop
      vertex 8.82707 1.75581 8
      vertex 8.93018 1.06066 5.06066
      vertex 8.91552 1.15952 4.95159
    endloop
  endfacet
  facet normal 0.989176 0.146736 -3.35208e-06
    outer loop
      vertex 8.82707 1.75581 8
      vertex 8.94636 0.95159 5.15952
      vertex 8.93018 1.06066 5.06066
    endloop
  endfacet
  facet normal 0.989177 0.146725 -0
    outer loop
      vertex 8.95666 0.882154 5.21101
      vertex 8.82707 1.75581 8
      vertex 8.95666 0.882154 8
    endloop
  endfacet
  facet normal 0.989176 0.146731 -1.84686e-06
    outer loop
      vertex 8.82707 1.75581 8
      vertex 8.95666 0.882154 5.21101
      vertex 8.94636 0.95159 5.15952
    endloop
  endfacet
  facet normal 0.9891 0.147243 3.49278e-05
    outer loop
      vertex 8.86609 1.49278 3.85297
      vertex 8.82707 1.75581 0
      vertex 8.86501 1.5 4
    endloop
  endfacet
  facet normal 0.989194 0.14661 -9.24694e-06
    outer loop
      vertex 8.86929 1.47118 3.70736
      vertex 8.82707 1.75581 0
      vertex 8.86609 1.49278 3.85297
    endloop
  endfacet
  facet normal 0.989195 0.146606 -9.53713e-06
    outer loop
      vertex 8.87459 1.43541 3.56457
      vertex 8.82707 1.75581 0
      vertex 8.86929 1.47118 3.70736
    endloop
  endfacet
  facet normal 0.989168 0.146789 7.27739e-06
    outer loop
      vertex 8.88195 1.38582 3.42597
      vertex 8.82707 1.75581 0
      vertex 8.87459 1.43541 3.56457
    endloop
  endfacet
  facet normal 0.98917 0.146776 5.82376e-06
    outer loop
      vertex 8.89129 1.32288 3.2929
      vertex 8.82707 1.75581 0
      vertex 8.88195 1.38582 3.42597
    endloop
  endfacet
  facet normal 0.989186 0.146667 -8.77306e-06
    outer loop
      vertex 8.90251 1.2472 3.16664
      vertex 8.82707 1.75581 0
      vertex 8.89129 1.32288 3.2929
    endloop
  endfacet
  facet normal 0.989172 0.146764 7.13625e-06
    outer loop
      vertex 8.91552 1.15952 3.04841
      vertex 8.82707 1.75581 0
      vertex 8.90251 1.2472 3.16664
    endloop
  endfacet
  facet normal 0.989182 0.146694 -6.89938e-06
    outer loop
      vertex 8.93018 1.06066 2.93934
      vertex 8.82707 1.75581 0
      vertex 8.91552 1.15952 3.04841
    endloop
  endfacet
  facet normal 0.989176 0.146736 3.35208e-06
    outer loop
      vertex 8.94636 0.95159 2.84048
      vertex 8.82707 1.75581 0
      vertex 8.93018 1.06066 2.93934
    endloop
  endfacet
  facet normal 0.989176 0.146731 1.84686e-06
    outer loop
      vertex 8.95666 0.882154 2.78899
      vertex 8.82707 1.75581 0
      vertex 8.94636 0.95159 2.84048
    endloop
  endfacet
  facet normal 0.989177 0.146725 0
    outer loop
      vertex 8.82707 1.75581 0
      vertex 8.95666 0.882154 2.78899
      vertex 8.95666 0.882154 0
    endloop
  endfacet
  facet normal 0.998793 0.049122 0
    outer loop
      vertex 8.95906 0.833355 2.7528
      vertex 8.95666 0.882154 0
      vertex 8.95666 0.882154 2.78899
    endloop
  endfacet
  facet normal 0.998797 0.0490463 -1.34381e-06
    outer loop
      vertex 8.96526 0.707094 2.67712
      vertex 8.95666 0.882154 0
      vertex 8.95906 0.833355 2.7528
    endloop
  endfacet
  facet normal 0.998794 0.0490872 1.33367e-06
    outer loop
      vertex 8.9718 0.574024 2.61418
      vertex 8.95666 0.882154 0
      vertex 8.96526 0.707094 2.67712
    endloop
  endfacet
  facet normal 0.998795 0.0490761 1.77753e-08
    outer loop
      vertex 8.97861 0.435427 2.56459
      vertex 8.95666 0.882154 0
      vertex 8.9718 0.574024 2.61418
    endloop
  endfacet
  facet normal 0.998797 0.0490351 -7.12971e-06
    outer loop
      vertex 8.98562 0.292635 2.52882
      vertex 8.95666 0.882154 0
      vertex 8.97861 0.435427 2.56459
    endloop
  endfacet
  facet normal 0.998793 0.0491137 -3.84945e-06
    outer loop
      vertex 9 0 0
      vertex 8.98562 0.292635 2.52882
      vertex 8.99278 0.147025 2.50722
    endloop
  endfacet
  facet normal 0.998796 0.0490482 -0
    outer loop
      vertex 9 0 0
      vertex 8.99278 0.147025 2.50722
      vertex 9 0 2.5
    endloop
  endfacet
  facet normal 0.998795 0.0490706 1.15228e-06
    outer loop
      vertex 8.98562 0.292635 2.52882
      vertex 9 0 0
      vertex 8.95666 0.882154 0
    endloop
  endfacet
  facet normal 0.998793 0.049122 0
    outer loop
      vertex 8.95666 0.882154 8
      vertex 8.95906 0.833355 5.2472
      vertex 8.95666 0.882154 5.21101
    endloop
  endfacet
  facet normal 0.998797 0.0490463 1.34381e-06
    outer loop
      vertex 8.95666 0.882154 8
      vertex 8.96526 0.707094 5.32288
      vertex 8.95906 0.833355 5.2472
    endloop
  endfacet
  facet normal 0.998794 0.0490872 -1.33367e-06
    outer loop
      vertex 8.95666 0.882154 8
      vertex 8.9718 0.574024 5.38582
      vertex 8.96526 0.707094 5.32288
    endloop
  endfacet
  facet normal 0.998795 0.0490761 -1.77753e-08
    outer loop
      vertex 8.95666 0.882154 8
      vertex 8.97861 0.435427 5.43541
      vertex 8.9718 0.574024 5.38582
    endloop
  endfacet
  facet normal 0.998797 0.0490351 7.12971e-06
    outer loop
      vertex 8.95666 0.882154 8
      vertex 8.98562 0.292635 5.47118
      vertex 8.97861 0.435427 5.43541
    endloop
  endfacet
  facet normal 0.998795 0.0490706 -1.15228e-06
    outer loop
      vertex 9 0 8
      vertex 8.98562 0.292635 5.47118
      vertex 8.95666 0.882154 8
    endloop
  endfacet
  facet normal 0.998793 0.0491137 3.84945e-06
    outer loop
      vertex 8.98562 0.292635 5.47118
      vertex 9 0 8
      vertex 8.99278 0.147025 5.49278
    endloop
  endfacet
  facet normal 0.998796 0.0490482 0
    outer loop
      vertex 8.99278 0.147025 5.49278
      vertex 9 0 8
      vertex 9 0 5.5
    endloop
  endfacet
  facet normal 0.97003 0.242986 0
    outer loop
      vertex 8.82707 1.75581 8
      vertex 8.61246 2.61256 0
      vertex 8.61246 2.61256 8
    endloop
  endfacet
  facet normal 0.97003 0.242986 0
    outer loop
      vertex 8.61246 2.61256 0
      vertex 8.82707 1.75581 8
      vertex 8.82707 1.75581 0
    endloop
  endfacet
  facet normal 0.336882 -0.941547 0
    outer loop
      vertex 2.61256 -8.61246 0
      vertex 3.44415 -8.31492 8
      vertex 2.61256 -8.61246 8
    endloop
  endfacet
  facet normal 0.336882 -0.941547 0
    outer loop
      vertex 3.44415 -8.31492 8
      vertex 2.61256 -8.61246 0
      vertex 3.44415 -8.31492 0
    endloop
  endfacet
  facet normal -0.803204 -0.595703 0
    outer loop
      vertex -6.95709 -5.70954 0
      vertex -7.48323 -5.00013 8
      vertex -7.48323 -5.00013 0
    endloop
  endfacet
  facet normal -0.803204 -0.595703 0
    outer loop
      vertex -7.48323 -5.00013 8
      vertex -6.95709 -5.70954 0
      vertex -6.95709 -5.70954 8
    endloop
  endfacet
  facet normal -0.146725 -0.989177 0
    outer loop
      vertex -1.75581 -8.82707 0
      vertex -0.882154 -8.95666 8
      vertex -1.75581 -8.82707 8
    endloop
  endfacet
  facet normal -0.146725 -0.989177 -0
    outer loop
      vertex -0.882154 -8.95666 8
      vertex -1.75581 -8.82707 0
      vertex -0.882154 -8.95666 0
    endloop
  endfacet
  facet normal 0.671558 0.740952 -0
    outer loop
      vertex 6.36396 6.36396 0
      vertex 5.70954 6.95709 8
      vertex 6.36396 6.36396 8
    endloop
  endfacet
  facet normal 0.671558 0.740952 0
    outer loop
      vertex 5.70954 6.95709 8
      vertex 6.36396 6.36396 0
      vertex 5.70954 6.95709 0
    endloop
  endfacet
  facet normal 0.42756 0.903987 -0
    outer loop
      vertex 4.24257 7.93729 0
      vertex 3.44415 8.31492 8
      vertex 4.24257 7.93729 8
    endloop
  endfacet
  facet normal 0.42756 0.903987 0
    outer loop
      vertex 3.44415 8.31492 8
      vertex 4.24257 7.93729 0
      vertex 3.44415 8.31492 0
    endloop
  endfacet
  facet normal -0.803204 0.595703 0
    outer loop
      vertex -7.48323 5.00013 0
      vertex -6.95709 5.70954 8
      vertex -6.95709 5.70954 0
    endloop
  endfacet
  facet normal -0.803204 0.595703 0
    outer loop
      vertex -6.95709 5.70954 8
      vertex -7.48323 5.00013 0
      vertex -7.48323 5.00013 8
    endloop
  endfacet
  facet normal -0.514099 0.857731 0
    outer loop
      vertex -4.24257 7.93729 0
      vertex -5.00013 7.48323 8
      vertex -4.24257 7.93729 8
    endloop
  endfacet
  facet normal -0.514099 0.857731 0
    outer loop
      vertex -5.00013 7.48323 8
      vertex -4.24257 7.93729 0
      vertex -5.00013 7.48323 0
    endloop
  endfacet
  facet normal 0.336882 0.941547 -0
    outer loop
      vertex 3.44415 8.31492 0
      vertex 2.61256 8.61246 8
      vertex 3.44415 8.31492 8
    endloop
  endfacet
  facet normal 0.336882 0.941547 0
    outer loop
      vertex 2.61256 8.61246 8
      vertex 3.44415 8.31492 0
      vertex 2.61256 8.61246 0
    endloop
  endfacet
  facet normal -0.97003 0.242986 0
    outer loop
      vertex -8.82707 1.75581 0
      vertex -8.61246 2.61256 8
      vertex -8.61246 2.61256 0
    endloop
  endfacet
  facet normal -0.97003 0.242986 0
    outer loop
      vertex -8.61246 2.61256 8
      vertex -8.82707 1.75581 0
      vertex -8.82707 1.75581 8
    endloop
  endfacet
  facet normal 0.595703 -0.803204 0
    outer loop
      vertex 5.00013 -7.48323 0
      vertex 5.70954 -6.95709 8
      vertex 5.00013 -7.48323 8
    endloop
  endfacet
  facet normal 0.595703 -0.803204 0
    outer loop
      vertex 5.70954 -6.95709 8
      vertex 5.00013 -7.48323 0
      vertex 5.70954 -6.95709 0
    endloop
  endfacet
  facet normal -0.42756 0.903987 0
    outer loop
      vertex -3.44415 8.31492 0
      vertex -4.24257 7.93729 8
      vertex -3.44415 8.31492 8
    endloop
  endfacet
  facet normal -0.42756 0.903987 0
    outer loop
      vertex -4.24257 7.93729 8
      vertex -3.44415 8.31492 0
      vertex -4.24257 7.93729 0
    endloop
  endfacet
  facet normal -0.97003 -0.242986 0
    outer loop
      vertex -8.61246 -2.61256 0
      vertex -8.82707 -1.75581 8
      vertex -8.82707 -1.75581 0
    endloop
  endfacet
  facet normal -0.97003 -0.242986 0
    outer loop
      vertex -8.82707 -1.75581 8
      vertex -8.61246 -2.61256 0
      vertex -8.61246 -2.61256 8
    endloop
  endfacet
  facet normal -0.242986 0.97003 0
    outer loop
      vertex -1.75581 8.82707 0
      vertex -2.61256 8.61246 8
      vertex -1.75581 8.82707 8
    endloop
  endfacet
  facet normal -0.242986 0.97003 0
    outer loop
      vertex -2.61256 8.61246 8
      vertex -1.75581 8.82707 0
      vertex -2.61256 8.61246 0
    endloop
  endfacet
  facet normal -0.903987 -0.42756 0
    outer loop
      vertex -7.93729 -4.24257 0
      vertex -8.31492 -3.44415 8
      vertex -8.31492 -3.44415 0
    endloop
  endfacet
  facet normal -0.903987 -0.42756 0
    outer loop
      vertex -8.31492 -3.44415 8
      vertex -7.93729 -4.24257 0
      vertex -7.93729 -4.24257 8
    endloop
  endfacet
  facet normal 0.42756 -0.903987 0
    outer loop
      vertex 3.44415 -8.31492 0
      vertex 4.24257 -7.93729 8
      vertex 3.44415 -8.31492 8
    endloop
  endfacet
  facet normal 0.42756 -0.903987 0
    outer loop
      vertex 4.24257 -7.93729 8
      vertex 3.44415 -8.31492 0
      vertex 4.24257 -7.93729 0
    endloop
  endfacet
  facet normal -0.595703 0.803204 0
    outer loop
      vertex -5.00013 7.48323 0
      vertex -5.70954 6.95709 8
      vertex -5.00013 7.48323 8
    endloop
  endfacet
  facet normal -0.595703 0.803204 0
    outer loop
      vertex -5.70954 6.95709 8
      vertex -5.00013 7.48323 0
      vertex -5.70954 6.95709 0
    endloop
  endfacet
  facet normal -0.998795 -0.0490706 0
    outer loop
      vertex -8.95666 -0.882154 0
      vertex -9 0 8
      vertex -9 0 0
    endloop
  endfacet
  facet normal -0.998795 -0.0490706 0
    outer loop
      vertex -9 0 8
      vertex -8.95666 -0.882154 0
      vertex -8.95666 -0.882154 8
    endloop
  endfacet
  facet normal 0 0 -1
    outer loop
      vertex 4.175 0 0
      vertex 9 0 0
      vertex 8.95666 -0.882154 0
    endloop
  endfacet
  facet normal 0 0 -1
    outer loop
      vertex 4.1549 -0.409221 0
      vertex 8.95666 -0.882154 0
      vertex 8.82707 -1.75581 0
    endloop
  endfacet
  facet normal 0 0 -1
    outer loop
      vertex 9 0 0
      vertex 4.175 0 0
      vertex 8.95666 0.882154 0
    endloop
  endfacet
  facet normal 0 0 -1
    outer loop
      vertex 4.09478 -0.814502 0
      vertex 8.82707 -1.75581 0
      vertex 8.61246 -2.61256 0
    endloop
  endfacet
  facet normal 0 0 -1
    outer loop
      vertex 4.1549 0.409221 0
      vertex 8.95666 0.882154 0
      vertex 4.175 0 0
    endloop
  endfacet
  facet normal 0 0 -1
    outer loop
      vertex 3.99522 -1.21194 0
      vertex 8.61246 -2.61256 0
      vertex 8.31492 -3.44415 0
    endloop
  endfacet
  facet normal -0 0 -1
    outer loop
      vertex 8.95666 0.882154 0
      vertex 4.1549 0.409221 0
      vertex 8.82707 1.75581 0
    endloop
  endfacet
  facet normal 0 0 -1
    outer loop
      vertex 3.8572 -1.5977 0
      vertex 8.31492 -3.44415 0
      vertex 7.93729 -4.24257 0
    endloop
  endfacet
  facet normal 0 0 -1
    outer loop
      vertex 4.09478 0.814502 0
      vertex 8.82707 1.75581 0
      vertex 4.1549 0.409221 0
    endloop
  endfacet
  facet normal 0 0 -1
    outer loop
      vertex 3.68202 -1.96808 0
      vertex 7.93729 -4.24257 0
      vertex 7.48323 -5.00013 0
    endloop
  endfacet
  facet normal -0 0 -1
    outer loop
      vertex 8.82707 1.75581 0
      vertex 4.09478 0.814502 0
      vertex 8.61246 2.61256 0
    endloop
  endfacet
  facet normal 0 0 -1
    outer loop
      vertex 3.47139 -2.31951 0
      vertex 7.48323 -5.00013 0
      vertex 6.95709 -5.70954 0
    endloop
  endfacet
  facet normal 0 0 -1
    outer loop
      vertex 3.99522 1.21194 0
      vertex 8.61246 2.61256 0
      vertex 4.09478 0.814502 0
    endloop
  endfacet
  facet normal 0 0 -1
    outer loop
      vertex 3.22732 -2.64859 0
      vertex 6.95709 -5.70954 0
      vertex 6.36396 -6.36396 0
    endloop
  endfacet
  facet normal -0 0 -1
    outer loop
      vertex 8.61246 2.61256 0
      vertex 3.99522 1.21194 0
      vertex 8.31492 3.44415 0
    endloop
  endfacet
  facet normal 0 0 -1
    outer loop
      vertex 2.95217 -2.95217 0
      vertex 6.36396 -6.36396 0
      vertex 5.70954 -6.95709 0
    endloop
  endfacet
  facet normal 0 0 -1
    outer loop
      vertex 3.8572 1.5977 0
      vertex 8.31492 3.44415 0
      vertex 3.99522 1.21194 0
    endloop
  endfacet
  facet normal 0 0 -1
    outer loop
      vertex 2.64859 -3.22732 0
      vertex 5.70954 -6.95709 0
      vertex 5.00013 -7.48323 0
    endloop
  endfacet
  facet normal -0 0 -1
    outer loop
      vertex 8.31492 3.44415 0
      vertex 3.8572 1.5977 0
      vertex 7.93729 4.24257 0
    endloop
  endfacet
  facet normal 0 0 -1
    outer loop
      vertex 2.31951 -3.47139 0
      vertex 5.00013 -7.48323 0
      vertex 4.24257 -7.93729 0
    endloop
  endfacet
  facet normal 0 0 -1
    outer loop
      vertex 3.68202 1.96808 0
      vertex 7.93729 4.24257 0
      vertex 3.8572 1.5977 0
    endloop
  endfacet
  facet normal -0 0 -1
    outer loop
      vertex 7.93729 4.24257 0
      vertex 3.68202 1.96808 0
      vertex 7.48323 5.00013 0
    endloop
  endfacet
  facet normal 0 0 -1
    outer loop
      vertex 8.95666 -0.882154 0
      vertex 4.1549 -0.409221 0
      vertex 4.175 0 0
    endloop
  endfacet
  facet normal 0 0 -1
    outer loop
      vertex 8.82707 -1.75581 0
      vertex 4.09478 -0.814502 0
      vertex 4.1549 -0.409221 0
    endloop
  endfacet
  facet normal 0 0 -1
    outer loop
      vertex 8.61246 -2.61256 0
      vertex 3.99522 -1.21194 0
      vertex 4.09478 -0.814502 0
    endloop
  endfacet
  facet normal 0 0 -1
    outer loop
      vertex 8.31492 -3.44415 0
      vertex 3.8572 -1.5977 0
      vertex 3.99522 -1.21194 0
    endloop
  endfacet
  facet normal 0 0 -1
    outer loop
      vertex 7.93729 -4.24257 0
      vertex 3.68202 -1.96808 0
      vertex 3.8572 -1.5977 0
    endloop
  endfacet
  facet normal 0 0 -1
    outer loop
      vertex 7.48323 -5.00013 0
      vertex 3.47139 -2.31951 0
      vertex 3.68202 -1.96808 0
    endloop
  endfacet
  facet normal 0 0 -1
    outer loop
      vertex 1.96808 -3.68202 0
      vertex 4.24257 -7.93729 0
      vertex 3.44415 -8.31492 0
    endloop
  endfacet
  facet normal 0 0 -1
    outer loop
      vertex 6.95709 -5.70954 0
      vertex 3.22732 -2.64859 0
      vertex 3.47139 -2.31951 0
    endloop
  endfacet
  facet normal 0 0 -1
    outer loop
      vertex 6.36396 -6.36396 0
      vertex 2.95217 -2.95217 0
      vertex 3.22732 -2.64859 0
    endloop
  endfacet
  facet normal 0 0 -1
    outer loop
      vertex 5.70954 -6.95709 0
      vertex 2.64859 -3.22732 0
      vertex 2.95217 -2.95217 0
    endloop
  endfacet
  facet normal 0 0 -1
    outer loop
      vertex 1.5977 -3.8572 0
      vertex 3.44415 -8.31492 0
      vertex 2.61256 -8.61246 0
    endloop
  endfacet
  facet normal 0 0 -1
    outer loop
      vertex 5.00013 -7.48323 0
      vertex 2.31951 -3.47139 0
      vertex 2.64859 -3.22732 0
    endloop
  endfacet
  facet normal 0 0 -1
    outer loop
      vertex 4.24257 -7.93729 0
      vertex 1.96808 -3.68202 0
      vertex 2.31951 -3.47139 0
    endloop
  endfacet
  facet normal 0 0 -1
    outer loop
      vertex 1.21194 -3.99522 0
      vertex 2.61256 -8.61246 0
      vertex 1.75581 -8.82707 0
    endloop
  endfacet
  facet normal 0 0 -1
    outer loop
      vertex 3.44415 -8.31492 0
      vertex 1.5977 -3.8572 0
      vertex 1.96808 -3.68202 0
    endloop
  endfacet
  facet normal 0 0 -1
    outer loop
      vertex 2.61256 -8.61246 0
      vertex 1.21194 -3.99522 0
      vertex 1.5977 -3.8572 0
    endloop
  endfacet
  facet normal 0 0 -1
    outer loop
      vertex 0.814502 -4.09478 0
      vertex 1.75581 -8.82707 0
      vertex 0.882154 -8.95666 0
    endloop
  endfacet
  facet normal 0 0 -1
    outer loop
      vertex 1.75581 -8.82707 0
      vertex 0.814502 -4.09478 0
      vertex 1.21194 -3.99522 0
    endloop
  endfacet
  facet normal 0 0 -1
    outer loop
      vertex 0.882154 -8.95666 0
      vertex 0.409221 -4.1549 0
      vertex 0.814502 -4.09478 0
    endloop
  endfacet
  facet normal 0 0 -1
    outer loop
      vertex 0 -9 0
      vertex 0.409221 -4.1549 0
      vertex 0.882154 -8.95666 0
    endloop
  endfacet
  facet normal 0 0 -1
    outer loop
      vertex 0 -9 0
      vertex 0 -4.175 0
      vertex 0.409221 -4.1549 0
    endloop
  endfacet
  facet normal 0 0 -1
    outer loop
      vertex 0 -9 0
      vertex -0.409221 -4.1549 0
      vertex 0 -4.175 0
    endloop
  endfacet
  facet normal 0 0 -1
    outer loop
      vertex -0.882154 -8.95666 0
      vertex -0.409221 -4.1549 0
      vertex 0 -9 0
    endloop
  endfacet
  facet normal -0 0 -1
    outer loop
      vertex -0.409221 -4.1549 0
      vertex -0.882154 -8.95666 0
      vertex -0.814502 -4.09478 0
    endloop
  endfacet
  facet normal 0 0 -1
    outer loop
      vertex -1.75581 -8.82707 0
      vertex -0.814502 -4.09478 0
      vertex -0.882154 -8.95666 0
    endloop
  endfacet
  facet normal -0 0 -1
    outer loop
      vertex -0.814502 -4.09478 0
      vertex -1.75581 -8.82707 0
      vertex -1.21194 -3.99522 0
    endloop
  endfacet
  facet normal 0 0 -1
    outer loop
      vertex -2.61256 -8.61246 0
      vertex -1.21194 -3.99522 0
      vertex -1.75581 -8.82707 0
    endloop
  endfacet
  facet normal -0 0 -1
    outer loop
      vertex -1.21194 -3.99522 0
      vertex -2.61256 -8.61246 0
      vertex -1.5977 -3.8572 0
    endloop
  endfacet
  facet normal 0 0 -1
    outer loop
      vertex -3.44415 -8.31492 0
      vertex -1.5977 -3.8572 0
      vertex -2.61256 -8.61246 0
    endloop
  endfacet
  facet normal -0 0 -1
    outer loop
      vertex -1.5977 -3.8572 0
      vertex -3.44415 -8.31492 0
      vertex -1.96808 -3.68202 0
    endloop
  endfacet
  facet normal 0 0 -1
    outer loop
      vertex -4.24257 -7.93729 0
      vertex -1.96808 -3.68202 0
      vertex -3.44415 -8.31492 0
    endloop
  endfacet
  facet normal -0 0 -1
    outer loop
      vertex -1.96808 -3.68202 0
      vertex -4.24257 -7.93729 0
      vertex -2.31951 -3.47139 0
    endloop
  endfacet
  facet normal 0 0 -1
    outer loop
      vertex -5.00013 -7.48323 0
      vertex -2.31951 -3.47139 0
      vertex -4.24257 -7.93729 0
    endloop
  endfacet
  facet normal -0 0 -1
    outer loop
      vertex -2.31951 -3.47139 0
      vertex -5.00013 -7.48323 0
      vertex -2.64859 -3.22732 0
    endloop
  endfacet
  facet normal 0 0 -1
    outer loop
      vertex -5.70954 -6.95709 0
      vertex -2.64859 -3.22732 0
      vertex -5.00013 -7.48323 0
    endloop
  endfacet
  facet normal -0 0 -1
    outer loop
      vertex -2.64859 -3.22732 0
      vertex -5.70954 -6.95709 0
      vertex -2.95217 -2.95217 0
    endloop
  endfacet
  facet normal 0 0 -1
    outer loop
      vertex -6.36396 -6.36396 0
      vertex -2.95217 -2.95217 0
      vertex -5.70954 -6.95709 0
    endloop
  endfacet
  facet normal -0 0 -1
    outer loop
      vertex -2.95217 -2.95217 0
      vertex -6.36396 -6.36396 0
      vertex -3.22732 -2.64859 0
    endloop
  endfacet
  facet normal 0 0 -1
    outer loop
      vertex -6.95709 -5.70954 0
      vertex -3.22732 -2.64859 0
      vertex -6.36396 -6.36396 0
    endloop
  endfacet
  facet normal -0 0 -1
    outer loop
      vertex -3.22732 -2.64859 0
      vertex -6.95709 -5.70954 0
      vertex -3.47139 -2.31951 0
    endloop
  endfacet
  facet normal -0 0 -1
    outer loop
      vertex -3.47139 -2.31951 0
      vertex -7.48323 -5.00013 0
      vertex -3.68202 -1.96808 0
    endloop
  endfacet
  facet normal 0 0 -1
    outer loop
      vertex -7.48323 -5.00013 0
      vertex -3.47139 -2.31951 0
      vertex -6.95709 -5.70954 0
    endloop
  endfacet
  facet normal 0 0 -1
    outer loop
      vertex 3.47139 2.31951 0
      vertex 7.48323 5.00013 0
      vertex 3.68202 1.96808 0
    endloop
  endfacet
  facet normal -0 0 -1
    outer loop
      vertex 7.48323 5.00013 0
      vertex 3.47139 2.31951 0
      vertex 6.95709 5.70954 0
    endloop
  endfacet
  facet normal 0 0 -1
    outer loop
      vertex 3.22732 2.64859 0
      vertex 6.95709 5.70954 0
      vertex 3.47139 2.31951 0
    endloop
  endfacet
  facet normal -0 0 -1
    outer loop
      vertex 6.95709 5.70954 0
      vertex 3.22732 2.64859 0
      vertex 6.36396 6.36396 0
    endloop
  endfacet
  facet normal 0 0 -1
    outer loop
      vertex 2.95217 2.95217 0
      vertex 6.36396 6.36396 0
      vertex 3.22732 2.64859 0
    endloop
  endfacet
  facet normal -0 0 -1
    outer loop
      vertex 6.36396 6.36396 0
      vertex 2.95217 2.95217 0
      vertex 5.70954 6.95709 0
    endloop
  endfacet
  facet normal 0 0 -1
    outer loop
      vertex 2.64859 3.22732 0
      vertex 5.70954 6.95709 0
      vertex 2.95217 2.95217 0
    endloop
  endfacet
  facet normal -0 0 -1
    outer loop
      vertex 5.70954 6.95709 0
      vertex 2.64859 3.22732 0
      vertex 5.00013 7.48323 0
    endloop
  endfacet
  facet normal 0 0 -1
    outer loop
      vertex 2.31951 3.47139 0
      vertex 5.00013 7.48323 0
      vertex 2.64859 3.22732 0
    endloop
  endfacet
  facet normal -0 0 -1
    outer loop
      vertex 5.00013 7.48323 0
      vertex 2.31951 3.47139 0
      vertex 4.24257 7.93729 0
    endloop
  endfacet
  facet normal 0 0 -1
    outer loop
      vertex 1.96808 3.68202 0
      vertex 4.24257 7.93729 0
      vertex 2.31951 3.47139 0
    endloop
  endfacet
  facet normal -0 0 -1
    outer loop
      vertex 4.24257 7.93729 0
      vertex 1.96808 3.68202 0
      vertex 3.44415 8.31492 0
    endloop
  endfacet
  facet normal 0 0 -1
    outer loop
      vertex 1.5977 3.8572 0
      vertex 3.44415 8.31492 0
      vertex 1.96808 3.68202 0
    endloop
  endfacet
  facet normal -0 0 -1
    outer loop
      vertex 3.44415 8.31492 0
      vertex 1.5977 3.8572 0
      vertex 2.61256 8.61246 0
    endloop
  endfacet
  facet normal 0 0 -1
    outer loop
      vertex 1.21194 3.99522 0
      vertex 2.61256 8.61246 0
      vertex 1.5977 3.8572 0
    endloop
  endfacet
  facet normal -0 0 -1
    outer loop
      vertex 2.61256 8.61246 0
      vertex 1.21194 3.99522 0
      vertex 1.75581 8.82707 0
    endloop
  endfacet
  facet normal 0 0 -1
    outer loop
      vertex 0.814502 4.09478 0
      vertex 1.75581 8.82707 0
      vertex 1.21194 3.99522 0
    endloop
  endfacet
  facet normal -0 0 -1
    outer loop
      vertex 1.75581 8.82707 0
      vertex 0.814502 4.09478 0
      vertex 0.882154 8.95666 0
    endloop
  endfacet
  facet normal 0 0 -1
    outer loop
      vertex 0.409221 4.1549 0
      vertex 0.882154 8.95666 0
      vertex 0.814502 4.09478 0
    endloop
  endfacet
  facet normal 0 0 -1
    outer loop
      vertex 0 4.175 0
      vertex 0.882154 8.95666 0
      vertex 0.409221 4.1549 0
    endloop
  endfacet
  facet normal 0 0 -1
    outer loop
      vertex 0 4.175 0
      vertex 0 9 0
      vertex 0.882154 8.95666 0
    endloop
  endfacet
  facet normal 0 0 -1
    outer loop
      vertex -0.409221 4.1549 0
      vertex 0 9 0
      vertex 0 4.175 0
    endloop
  endfacet
  facet normal 0 0 -1
    outer loop
      vertex -0.882154 8.95666 0
      vertex -0.409221 4.1549 0
      vertex -0.814502 4.09478 0
    endloop
  endfacet
  facet normal 0 0 -1
    outer loop
      vertex -0.409221 4.1549 0
      vertex -0.882154 8.95666 0
      vertex 0 9 0
    endloop
  endfacet
  facet normal 0 0 -1
    outer loop
      vertex -1.75581 8.82707 0
      vertex -0.814502 4.09478 0
      vertex -1.21194 3.99522 0
    endloop
  endfacet
  facet normal 0 0 -1
    outer loop
      vertex -2.61256 8.61246 0
      vertex -1.21194 3.99522 0
      vertex -1.5977 3.8572 0
    endloop
  endfacet
  facet normal 0 0 -1
    outer loop
      vertex -0.814502 4.09478 0
      vertex -1.75581 8.82707 0
      vertex -0.882154 8.95666 0
    endloop
  endfacet
  facet normal 0 0 -1
    outer loop
      vertex -3.44415 8.31492 0
      vertex -1.5977 3.8572 0
      vertex -1.96808 3.68202 0
    endloop
  endfacet
  facet normal 0 0 -1
    outer loop
      vertex -4.24257 7.93729 0
      vertex -1.96808 3.68202 0
      vertex -2.31951 3.47139 0
    endloop
  endfacet
  facet normal 0 0 -1
    outer loop
      vertex -1.21194 3.99522 0
      vertex -2.61256 8.61246 0
      vertex -1.75581 8.82707 0
    endloop
  endfacet
  facet normal 0 0 -1
    outer loop
      vertex -5.00013 7.48323 0
      vertex -2.31951 3.47139 0
      vertex -2.64859 3.22732 0
    endloop
  endfacet
  facet normal 0 0 -1
    outer loop
      vertex -5.70954 6.95709 0
      vertex -2.64859 3.22732 0
      vertex -2.95217 2.95217 0
    endloop
  endfacet
  facet normal 0 0 -1
    outer loop
      vertex -6.36396 6.36396 0
      vertex -2.95217 2.95217 0
      vertex -3.22732 2.64859 0
    endloop
  endfacet
  facet normal 0 0 -1
    outer loop
      vertex -1.5977 3.8572 0
      vertex -3.44415 8.31492 0
      vertex -2.61256 8.61246 0
    endloop
  endfacet
  facet normal 0 0 -1
    outer loop
      vertex -6.95709 5.70954 0
      vertex -3.22732 2.64859 0
      vertex -3.47139 2.31951 0
    endloop
  endfacet
  facet normal 0 0 -1
    outer loop
      vertex -7.48323 5.00013 0
      vertex -3.47139 2.31951 0
      vertex -3.68202 1.96808 0
    endloop
  endfacet
  facet normal 0 0 -1
    outer loop
      vertex -7.93729 4.24257 0
      vertex -3.68202 1.96808 0
      vertex -3.8572 1.5977 0
    endloop
  endfacet
  facet normal 0 0 -1
    outer loop
      vertex -8.31492 3.44415 0
      vertex -3.8572 1.5977 0
      vertex -3.99522 1.21194 0
    endloop
  endfacet
  facet normal 0 0 -1
    outer loop
      vertex -8.61246 2.61256 0
      vertex -3.99522 1.21194 0
      vertex -4.09478 0.814502 0
    endloop
  endfacet
  facet normal 0 0 -1
    outer loop
      vertex -8.82707 1.75581 0
      vertex -4.09478 0.814502 0
      vertex -4.1549 0.409221 0
    endloop
  endfacet
  facet normal 0 0 -1
    outer loop
      vertex -1.96808 3.68202 0
      vertex -4.24257 7.93729 0
      vertex -3.44415 8.31492 0
    endloop
  endfacet
  facet normal 0 0 -1
    outer loop
      vertex -8.95666 0.882154 0
      vertex -4.1549 0.409221 0
      vertex -4.175 0 0
    endloop
  endfacet
  facet normal 0 0 -1
    outer loop
      vertex -7.93729 -4.24257 0
      vertex -3.68202 -1.96808 0
      vertex -7.48323 -5.00013 0
    endloop
  endfacet
  facet normal -0 0 -1
    outer loop
      vertex -3.68202 -1.96808 0
      vertex -7.93729 -4.24257 0
      vertex -3.8572 -1.5977 0
    endloop
  endfacet
  facet normal 0 0 -1
    outer loop
      vertex -2.31951 3.47139 0
      vertex -5.00013 7.48323 0
      vertex -4.24257 7.93729 0
    endloop
  endfacet
  facet normal 0 0 -1
    outer loop
      vertex -8.31492 -3.44415 0
      vertex -3.8572 -1.5977 0
      vertex -7.93729 -4.24257 0
    endloop
  endfacet
  facet normal 0 0 -1
    outer loop
      vertex -2.64859 3.22732 0
      vertex -5.70954 6.95709 0
      vertex -5.00013 7.48323 0
    endloop
  endfacet
  facet normal -0 0 -1
    outer loop
      vertex -3.8572 -1.5977 0
      vertex -8.31492 -3.44415 0
      vertex -3.99522 -1.21194 0
    endloop
  endfacet
  facet normal 0 0 -1
    outer loop
      vertex -2.95217 2.95217 0
      vertex -6.36396 6.36396 0
      vertex -5.70954 6.95709 0
    endloop
  endfacet
  facet normal 0 0 -1
    outer loop
      vertex -8.61246 -2.61256 0
      vertex -3.99522 -1.21194 0
      vertex -8.31492 -3.44415 0
    endloop
  endfacet
  facet normal 0 0 -1
    outer loop
      vertex -3.22732 2.64859 0
      vertex -6.95709 5.70954 0
      vertex -6.36396 6.36396 0
    endloop
  endfacet
  facet normal -0 0 -1
    outer loop
      vertex -3.99522 -1.21194 0
      vertex -8.61246 -2.61256 0
      vertex -4.09478 -0.814502 0
    endloop
  endfacet
  facet normal 0 0 -1
    outer loop
      vertex -3.47139 2.31951 0
      vertex -7.48323 5.00013 0
      vertex -6.95709 5.70954 0
    endloop
  endfacet
  facet normal 0 0 -1
    outer loop
      vertex -8.82707 -1.75581 0
      vertex -4.09478 -0.814502 0
      vertex -8.61246 -2.61256 0
    endloop
  endfacet
  facet normal 0 0 -1
    outer loop
      vertex -3.68202 1.96808 0
      vertex -7.93729 4.24257 0
      vertex -7.48323 5.00013 0
    endloop
  endfacet
  facet normal -0 0 -1
    outer loop
      vertex -4.09478 -0.814502 0
      vertex -8.82707 -1.75581 0
      vertex -4.1549 -0.409221 0
    endloop
  endfacet
  facet normal 0 0 -1
    outer loop
      vertex -3.8572 1.5977 0
      vertex -8.31492 3.44415 0
      vertex -7.93729 4.24257 0
    endloop
  endfacet
  facet normal 0 0 -1
    outer loop
      vertex -8.95666 -0.882154 0
      vertex -4.1549 -0.409221 0
      vertex -8.82707 -1.75581 0
    endloop
  endfacet
  facet normal 0 0 -1
    outer loop
      vertex -3.99522 1.21194 0
      vertex -8.61246 2.61256 0
      vertex -8.31492 3.44415 0
    endloop
  endfacet
  facet normal -0 0 -1
    outer loop
      vertex -4.1549 -0.409221 0
      vertex -8.95666 -0.882154 0
      vertex -4.175 0 0
    endloop
  endfacet
  facet normal 0 0 -1
    outer loop
      vertex -4.09478 0.814502 0
      vertex -8.82707 1.75581 0
      vertex -8.61246 2.61256 0
    endloop
  endfacet
  facet normal 0 0 -1
    outer loop
      vertex -9 0 0
      vertex -4.175 0 0
      vertex -8.95666 -0.882154 0
    endloop
  endfacet
  facet normal 0 0 -1
    outer loop
      vertex -4.1549 0.409221 0
      vertex -8.95666 0.882154 0
      vertex -8.82707 1.75581 0
    endloop
  endfacet
  facet normal 0 0 -1
    outer loop
      vertex -4.175 0 0
      vertex -9 0 0
      vertex -8.95666 0.882154 0
    endloop
  endfacet
  facet normal 0.903987 -0.42756 0
    outer loop
      vertex 7.93729 -4.24257 8
      vertex 8.31492 -3.44415 0
      vertex 8.31492 -3.44415 8
    endloop
  endfacet
  facet normal 0.903987 -0.42756 0
    outer loop
      vertex 8.31492 -3.44415 0
      vertex 7.93729 -4.24257 8
      vertex 7.93729 -4.24257 0
    endloop
  endfacet
  facet normal 0.97003 -0.242986 0
    outer loop
      vertex 8.61246 -2.61256 8
      vertex 8.82707 -1.75581 0
      vertex 8.82707 -1.75581 8
    endloop
  endfacet
  facet normal 0.97003 -0.242986 0
    outer loop
      vertex 8.82707 -1.75581 0
      vertex 8.61246 -2.61256 8
      vertex 8.61246 -2.61256 0
    endloop
  endfacet
  facet normal -0.336882 0.941547 0
    outer loop
      vertex -2.61256 8.61246 0
      vertex -3.44415 8.31492 8
      vertex -2.61256 8.61246 8
    endloop
  endfacet
  facet normal -0.336882 0.941547 0
    outer loop
      vertex -3.44415 8.31492 8
      vertex -2.61256 8.61246 0
      vertex -3.44415 8.31492 0
    endloop
  endfacet
  facet normal -0.941547 -0.336882 0
    outer loop
      vertex -8.31492 -3.44415 0
      vertex -8.61246 -2.61256 8
      vertex -8.61246 -2.61256 0
    endloop
  endfacet
  facet normal -0.941547 -0.336882 0
    outer loop
      vertex -8.61246 -2.61256 8
      vertex -8.31492 -3.44415 0
      vertex -8.31492 -3.44415 8
    endloop
  endfacet
  facet normal 0.514099 -0.857731 0
    outer loop
      vertex 4.24257 -7.93729 0
      vertex 5.00013 -7.48323 8
      vertex 4.24257 -7.93729 8
    endloop
  endfacet
  facet normal 0.514099 -0.857731 0
    outer loop
      vertex 5.00013 -7.48323 8
      vertex 4.24257 -7.93729 0
      vertex 5.00013 -7.48323 0
    endloop
  endfacet
  facet normal -0.514099 -0.857731 0
    outer loop
      vertex -5.00013 -7.48323 0
      vertex -4.24257 -7.93729 8
      vertex -5.00013 -7.48323 8
    endloop
  endfacet
  facet normal -0.514099 -0.857731 -0
    outer loop
      vertex -4.24257 -7.93729 8
      vertex -5.00013 -7.48323 0
      vertex -4.24257 -7.93729 0
    endloop
  endfacet
  facet normal 0.989177 -0.146725 0
    outer loop
      vertex 8.82707 -1.75581 8
      vertex 8.95666 -0.882154 5.21101
      vertex 8.95666 -0.882154 8
    endloop
  endfacet
  facet normal 0.989176 -0.146731 -1.84686e-06
    outer loop
      vertex 8.95666 -0.882154 5.21101
      vertex 8.82707 -1.75581 8
      vertex 8.94636 -0.95159 5.15952
    endloop
  endfacet
  facet normal 0.989176 -0.146736 -3.35208e-06
    outer loop
      vertex 8.94636 -0.95159 5.15952
      vertex 8.82707 -1.75581 8
      vertex 8.93018 -1.06066 5.06066
    endloop
  endfacet
  facet normal 0.989182 -0.146694 6.89938e-06
    outer loop
      vertex 8.93018 -1.06066 5.06066
      vertex 8.82707 -1.75581 8
      vertex 8.91552 -1.15952 4.95159
    endloop
  endfacet
  facet normal 0.989172 -0.146764 -7.13613e-06
    outer loop
      vertex 8.91552 -1.15952 4.95159
      vertex 8.82707 -1.75581 8
      vertex 8.90251 -1.2472 4.83335
    endloop
  endfacet
  facet normal 0.989186 -0.146667 8.77304e-06
    outer loop
      vertex 8.90251 -1.2472 4.83335
      vertex 8.82707 -1.75581 8
      vertex 8.89129 -1.32288 4.70709
    endloop
  endfacet
  facet normal 0.98917 -0.146776 -5.82375e-06
    outer loop
      vertex 8.89129 -1.32288 4.70709
      vertex 8.82707 -1.75581 8
      vertex 8.88195 -1.38582 4.57402
    endloop
  endfacet
  facet normal 0.989168 -0.146789 -7.2775e-06
    outer loop
      vertex 8.88195 -1.38582 4.57402
      vertex 8.82707 -1.75581 8
      vertex 8.87459 -1.43541 4.43543
    endloop
  endfacet
  facet normal 0.9891 -0.147243 -3.49278e-05
    outer loop
      vertex 8.86609 -1.49278 4.14703
      vertex 8.82707 -1.75581 8
      vertex 8.86501 -1.5 4
    endloop
  endfacet
  facet normal 0.989194 -0.14661 9.24714e-06
    outer loop
      vertex 8.86929 -1.47118 4.29263
      vertex 8.82707 -1.75581 8
      vertex 8.86609 -1.49278 4.14703
    endloop
  endfacet
  facet normal 0.989195 -0.146606 9.53695e-06
    outer loop
      vertex 8.87459 -1.43541 4.43543
      vertex 8.82707 -1.75581 8
      vertex 8.86929 -1.47118 4.29263
    endloop
  endfacet
  facet normal 0.989176 -0.146731 1.84686e-06
    outer loop
      vertex 8.82707 -1.75581 0
      vertex 8.95666 -0.882154 2.78899
      vertex 8.94636 -0.95159 2.84048
    endloop
  endfacet
  facet normal 0.989176 -0.146736 3.35208e-06
    outer loop
      vertex 8.82707 -1.75581 0
      vertex 8.94636 -0.95159 2.84048
      vertex 8.93018 -1.06066 2.93934
    endloop
  endfacet
  facet normal 0.989182 -0.146694 -6.89938e-06
    outer loop
      vertex 8.82707 -1.75581 0
      vertex 8.93018 -1.06066 2.93934
      vertex 8.91552 -1.15952 3.04841
    endloop
  endfacet
  facet normal 0.989172 -0.146764 7.13625e-06
    outer loop
      vertex 8.82707 -1.75581 0
      vertex 8.91552 -1.15952 3.04841
      vertex 8.90251 -1.2472 3.16664
    endloop
  endfacet
  facet normal 0.989186 -0.146667 -8.77306e-06
    outer loop
      vertex 8.82707 -1.75581 0
      vertex 8.90251 -1.2472 3.16664
      vertex 8.89129 -1.32288 3.2929
    endloop
  endfacet
  facet normal 0.98917 -0.146776 5.82376e-06
    outer loop
      vertex 8.82707 -1.75581 0
      vertex 8.89129 -1.32288 3.2929
      vertex 8.88195 -1.38582 3.42597
    endloop
  endfacet
  facet normal 0.989168 -0.146789 7.27739e-06
    outer loop
      vertex 8.82707 -1.75581 0
      vertex 8.88195 -1.38582 3.42597
      vertex 8.87459 -1.43541 3.56457
    endloop
  endfacet
  facet normal 0.989195 -0.146606 -9.53713e-06
    outer loop
      vertex 8.82707 -1.75581 0
      vertex 8.87459 -1.43541 3.56457
      vertex 8.86929 -1.47118 3.70736
    endloop
  endfacet
  facet normal 0.98918 -0.146708 0
    outer loop
      vertex 8.82707 -1.75581 0
      vertex 8.86501 -1.5 4
      vertex 8.82707 -1.75581 8
    endloop
  endfacet
  facet normal 0.989177 -0.146725 0
    outer loop
      vertex 8.95666 -0.882154 2.78899
      vertex 8.82707 -1.75581 0
      vertex 8.95666 -0.882154 0
    endloop
  endfacet
  facet normal 0.989194 -0.14661 -9.24694e-06
    outer loop
      vertex 8.86609 -1.49278 3.85297
      vertex 8.82707 -1.75581 0
      vertex 8.86929 -1.47118 3.70736
    endloop
  endfacet
  facet normal 0.9891 -0.147243 3.49278e-05
    outer loop
      vertex 8.86501 -1.5 4
      vertex 8.82707 -1.75581 0
      vertex 8.86609 -1.49278 3.85297
    endloop
  endfacet
  facet normal -0.941547 0.336882 0
    outer loop
      vertex -8.61246 2.61256 0
      vertex -8.31492 3.44415 8
      vertex -8.31492 3.44415 0
    endloop
  endfacet
  facet normal -0.941547 0.336882 0
    outer loop
      vertex -8.31492 3.44415 8
      vertex -8.61246 2.61256 0
      vertex -8.61246 2.61256 8
    endloop
  endfacet
  facet normal 0.740952 0.671558 0
    outer loop
      vertex 6.95709 5.70954 8
      vertex 6.36396 6.36396 0
      vertex 6.36396 6.36396 8
    endloop
  endfacet
  facet normal 0.740952 0.671558 0
    outer loop
      vertex 6.36396 6.36396 0
      vertex 6.95709 5.70954 8
      vertex 6.95709 5.70954 0
    endloop
  endfacet
  facet normal -0.989177 0.146725 0
    outer loop
      vertex -8.95666 0.882154 0
      vertex -8.82707 1.75581 8
      vertex -8.82707 1.75581 0
    endloop
  endfacet
  facet normal -0.989177 0.146725 0
    outer loop
      vertex -8.82707 1.75581 8
      vertex -8.95666 0.882154 0
      vertex -8.95666 0.882154 8
    endloop
  endfacet
  facet normal -0.336882 -0.941547 0
    outer loop
      vertex -3.44415 -8.31492 0
      vertex -2.61256 -8.61246 8
      vertex -3.44415 -8.31492 8
    endloop
  endfacet
  facet normal -0.336882 -0.941547 -0
    outer loop
      vertex -2.61256 -8.61246 8
      vertex -3.44415 -8.31492 0
      vertex -2.61256 -8.61246 0
    endloop
  endfacet
  facet normal 0.0490706 0.998795 -0
    outer loop
      vertex 0.882154 8.95666 0
      vertex 0 9 8
      vertex 0.882154 8.95666 8
    endloop
  endfacet
  facet normal 0.0490706 0.998795 0
    outer loop
      vertex 0 9 8
      vertex 0.882154 8.95666 0
      vertex 0 9 0
    endloop
  endfacet
  facet normal 0.998796 -0.0490482 0
    outer loop
      vertex 9 0 8
      vertex 8.99278 -0.147025 5.49278
      vertex 9 0 5.5
    endloop
  endfacet
  facet normal 0.998793 -0.0491137 3.84945e-06
    outer loop
      vertex 9 0 8
      vertex 8.98562 -0.292635 5.47118
      vertex 8.99278 -0.147025 5.49278
    endloop
  endfacet
  facet normal 0.998795 -0.0490706 -1.15228e-06
    outer loop
      vertex 8.95666 -0.882154 8
      vertex 8.98562 -0.292635 5.47118
      vertex 9 0 8
    endloop
  endfacet
  facet normal 0.998797 -0.0490351 7.12971e-06
    outer loop
      vertex 8.98562 -0.292635 5.47118
      vertex 8.95666 -0.882154 8
      vertex 8.97861 -0.435427 5.43541
    endloop
  endfacet
  facet normal 0.998795 -0.0490761 -1.77753e-08
    outer loop
      vertex 8.97861 -0.435427 5.43541
      vertex 8.95666 -0.882154 8
      vertex 8.9718 -0.574024 5.38582
    endloop
  endfacet
  facet normal 0.998794 -0.0490872 -1.33367e-06
    outer loop
      vertex 8.9718 -0.574024 5.38582
      vertex 8.95666 -0.882154 8
      vertex 8.96526 -0.707094 5.32288
    endloop
  endfacet
  facet normal 0.998797 -0.0490463 1.34381e-06
    outer loop
      vertex 8.96526 -0.707094 5.32288
      vertex 8.95666 -0.882154 8
      vertex 8.95906 -0.833355 5.2472
    endloop
  endfacet
  facet normal 0.998793 -0.049122 0
    outer loop
      vertex 8.95906 -0.833355 5.2472
      vertex 8.95666 -0.882154 8
      vertex 8.95666 -0.882154 5.21101
    endloop
  endfacet
  facet normal 0.998796 -0.0490482 0
    outer loop
      vertex 8.99278 -0.147025 2.50722
      vertex 9 0 0
      vertex 9 0 2.5
    endloop
  endfacet
  facet normal 0.998793 -0.0491137 -3.84945e-06
    outer loop
      vertex 8.98562 -0.292635 2.52882
      vertex 9 0 0
      vertex 8.99278 -0.147025 2.50722
    endloop
  endfacet
  facet normal 0.998797 -0.0490351 -7.12971e-06
    outer loop
      vertex 8.95666 -0.882154 0
      vertex 8.98562 -0.292635 2.52882
      vertex 8.97861 -0.435427 2.56459
    endloop
  endfacet
  facet normal 0.998795 -0.0490761 1.77753e-08
    outer loop
      vertex 8.95666 -0.882154 0
      vertex 8.97861 -0.435427 2.56459
      vertex 8.9718 -0.574024 2.61418
    endloop
  endfacet
  facet normal 0.998794 -0.0490872 1.33367e-06
    outer loop
      vertex 8.95666 -0.882154 0
      vertex 8.9718 -0.574024 2.61418
      vertex 8.96526 -0.707094 2.67712
    endloop
  endfacet
  facet normal 0.998797 -0.0490463 -1.34381e-06
    outer loop
      vertex 8.95666 -0.882154 0
      vertex 8.96526 -0.707094 2.67712
      vertex 8.95906 -0.833355 2.7528
    endloop
  endfacet
  facet normal 0.998793 -0.049122 0
    outer loop
      vertex 8.95666 -0.882154 0
      vertex 8.95906 -0.833355 2.7528
      vertex 8.95666 -0.882154 2.78899
    endloop
  endfacet
  facet normal 0.998795 -0.0490706 1.15228e-06
    outer loop
      vertex 8.98562 -0.292635 2.52882
      vertex 8.95666 -0.882154 0
      vertex 9 0 0
    endloop
  endfacet
  facet normal 0.595703 0.803204 -0
    outer loop
      vertex 5.70954 6.95709 0
      vertex 5.00013 7.48323 8
      vertex 5.70954 6.95709 8
    endloop
  endfacet
  facet normal 0.595703 0.803204 0
    outer loop
      vertex 5.00013 7.48323 8
      vertex 5.70954 6.95709 0
      vertex 5.00013 7.48323 0
    endloop
  endfacet
  facet normal -0.242986 -0.97003 0
    outer loop
      vertex -2.61256 -8.61246 0
      vertex -1.75581 -8.82707 8
      vertex -2.61256 -8.61246 8
    endloop
  endfacet
  facet normal -0.242986 -0.97003 -0
    outer loop
      vertex -1.75581 -8.82707 8
      vertex -2.61256 -8.61246 0
      vertex -1.75581 -8.82707 0
    endloop
  endfacet
  facet normal 0.242986 -0.97003 0
    outer loop
      vertex 1.75581 -8.82707 0
      vertex 2.61256 -8.61246 8
      vertex 1.75581 -8.82707 8
    endloop
  endfacet
  facet normal 0.242986 -0.97003 0
    outer loop
      vertex 2.61256 -8.61246 8
      vertex 1.75581 -8.82707 0
      vertex 2.61256 -8.61246 0
    endloop
  endfacet
  facet normal 0.941547 0.336882 0
    outer loop
      vertex 8.61246 2.61256 8
      vertex 8.31492 3.44415 0
      vertex 8.31492 3.44415 8
    endloop
  endfacet
  facet normal 0.941547 0.336882 0
    outer loop
      vertex 8.31492 3.44415 0
      vertex 8.61246 2.61256 8
      vertex 8.61246 2.61256 0
    endloop
  endfacet
  facet normal 0.803204 -0.595703 0
    outer loop
      vertex 6.95709 -5.70954 8
      vertex 7.48323 -5.00013 0
      vertex 7.48323 -5.00013 8
    endloop
  endfacet
  facet normal 0.803204 -0.595703 0
    outer loop
      vertex 7.48323 -5.00013 0
      vertex 6.95709 -5.70954 8
      vertex 6.95709 -5.70954 0
    endloop
  endfacet
  facet normal 0.857731 -0.514099 0
    outer loop
      vertex 7.48323 -5.00013 8
      vertex 7.93729 -4.24257 0
      vertex 7.93729 -4.24257 8
    endloop
  endfacet
  facet normal 0.857731 -0.514099 0
    outer loop
      vertex 7.93729 -4.24257 0
      vertex 7.48323 -5.00013 8
      vertex 7.48323 -5.00013 0
    endloop
  endfacet
  facet normal 0.941547 -0.336882 0
    outer loop
      vertex 8.31492 -3.44415 8
      vertex 8.61246 -2.61256 0
      vertex 8.61246 -2.61256 8
    endloop
  endfacet
  facet normal 0.941547 -0.336882 0
    outer loop
      vertex 8.61246 -2.61256 0
      vertex 8.31492 -3.44415 8
      vertex 8.31492 -3.44415 0
    endloop
  endfacet
  facet normal -0.857731 -0.514099 0
    outer loop
      vertex -7.48323 -5.00013 0
      vertex -7.93729 -4.24257 8
      vertex -7.93729 -4.24257 0
    endloop
  endfacet
  facet normal -0.857731 -0.514099 0
    outer loop
      vertex -7.93729 -4.24257 8
      vertex -7.48323 -5.00013 0
      vertex -7.48323 -5.00013 8
    endloop
  endfacet
  facet normal 0.514099 0.857731 -0
    outer loop
      vertex 5.00013 7.48323 0
      vertex 4.24257 7.93729 8
      vertex 5.00013 7.48323 8
    endloop
  endfacet
  facet normal 0.514099 0.857731 0
    outer loop
      vertex 4.24257 7.93729 8
      vertex 5.00013 7.48323 0
      vertex 4.24257 7.93729 0
    endloop
  endfacet
  facet normal 0.803204 0.595703 0
    outer loop
      vertex 7.48323 5.00013 8
      vertex 6.95709 5.70954 0
      vertex 6.95709 5.70954 8
    endloop
  endfacet
  facet normal 0.803204 0.595703 0
    outer loop
      vertex 6.95709 5.70954 0
      vertex 7.48323 5.00013 8
      vertex 7.48323 5.00013 0
    endloop
  endfacet
  facet normal -0.42756 -0.903987 0
    outer loop
      vertex -4.24257 -7.93729 0
      vertex -3.44415 -8.31492 8
      vertex -4.24257 -7.93729 8
    endloop
  endfacet
  facet normal -0.42756 -0.903987 -0
    outer loop
      vertex -3.44415 -8.31492 8
      vertex -4.24257 -7.93729 0
      vertex -3.44415 -8.31492 0
    endloop
  endfacet
  facet normal -0.903987 0.42756 0
    outer loop
      vertex -8.31492 3.44415 0
      vertex -7.93729 4.24257 8
      vertex -7.93729 4.24257 0
    endloop
  endfacet
  facet normal -0.903987 0.42756 0
    outer loop
      vertex -7.93729 4.24257 8
      vertex -8.31492 3.44415 0
      vertex -8.31492 3.44415 8
    endloop
  endfacet
  facet normal 0.903987 0.42756 0
    outer loop
      vertex 8.31492 3.44415 8
      vertex 7.93729 4.24257 0
      vertex 7.93729 4.24257 8
    endloop
  endfacet
  facet normal 0.903987 0.42756 0
    outer loop
      vertex 7.93729 4.24257 0
      vertex 8.31492 3.44415 8
      vertex 8.31492 3.44415 0
    endloop
  endfacet
  facet normal 0.0490706 -0.998795 0
    outer loop
      vertex 0 -9 0
      vertex 0.882154 -8.95666 8
      vertex 0 -9 8
    endloop
  endfacet
  facet normal 0.0490706 -0.998795 0
    outer loop
      vertex 0.882154 -8.95666 8
      vertex 0 -9 0
      vertex 0.882154 -8.95666 0
    endloop
  endfacet
  facet normal 0.146725 0.989177 -0
    outer loop
      vertex 1.75581 8.82707 0
      vertex 0.882154 8.95666 8
      vertex 1.75581 8.82707 8
    endloop
  endfacet
  facet normal 0.146725 0.989177 0
    outer loop
      vertex 0.882154 8.95666 8
      vertex 1.75581 8.82707 0
      vertex 0.882154 8.95666 0
    endloop
  endfacet
  facet normal 0.857731 0.514099 0
    outer loop
      vertex 7.93729 4.24257 8
      vertex 7.48323 5.00013 0
      vertex 7.48323 5.00013 8
    endloop
  endfacet
  facet normal 0.857731 0.514099 0
    outer loop
      vertex 7.48323 5.00013 0
      vertex 7.93729 4.24257 8
      vertex 7.93729 4.24257 0
    endloop
  endfacet
  facet normal -0.671558 0.740952 0
    outer loop
      vertex -5.70954 6.95709 0
      vertex -6.36396 6.36396 8
      vertex -5.70954 6.95709 8
    endloop
  endfacet
  facet normal -0.671558 0.740952 0
    outer loop
      vertex -6.36396 6.36396 8
      vertex -5.70954 6.95709 0
      vertex -6.36396 6.36396 0
    endloop
  endfacet
  facet normal -0.0490706 0.998795 0
    outer loop
      vertex 0 9 0
      vertex -0.882154 8.95666 8
      vertex 0 9 8
    endloop
  endfacet
  facet normal -0.0490706 0.998795 0
    outer loop
      vertex -0.882154 8.95666 8
      vertex 0 9 0
      vertex -0.882154 8.95666 0
    endloop
  endfacet
  facet normal -0.671558 -0.740952 0
    outer loop
      vertex -6.36396 -6.36396 0
      vertex -5.70954 -6.95709 8
      vertex -6.36396 -6.36396 8
    endloop
  endfacet
  facet normal -0.671558 -0.740952 -0
    outer loop
      vertex -5.70954 -6.95709 8
      vertex -6.36396 -6.36396 0
      vertex -5.70954 -6.95709 0
    endloop
  endfacet
  facet normal -0.146725 0.989177 0
    outer loop
      vertex -0.882154 8.95666 0
      vertex -1.75581 8.82707 8
      vertex -0.882154 8.95666 8
    endloop
  endfacet
  facet normal -0.146725 0.989177 0
    outer loop
      vertex -1.75581 8.82707 8
      vertex -0.882154 8.95666 0
      vertex -1.75581 8.82707 0
    endloop
  endfacet
  facet normal -0.989177 -0.146725 0
    outer loop
      vertex -8.82707 -1.75581 0
      vertex -8.95666 -0.882154 8
      vertex -8.95666 -0.882154 0
    endloop
  endfacet
  facet normal -0.989177 -0.146725 0
    outer loop
      vertex -8.95666 -0.882154 8
      vertex -8.82707 -1.75581 0
      vertex -8.82707 -1.75581 8
    endloop
  endfacet
  facet normal -0.740952 -0.671558 0
    outer loop
      vertex -6.36396 -6.36396 0
      vertex -6.95709 -5.70954 8
      vertex -6.95709 -5.70954 0
    endloop
  endfacet
  facet normal -0.740952 -0.671558 0
    outer loop
      vertex -6.95709 -5.70954 8
      vertex -6.36396 -6.36396 0
      vertex -6.36396 -6.36396 8
    endloop
  endfacet
  facet normal 0.146725 -0.989177 0
    outer loop
      vertex 0.882154 -8.95666 0
      vertex 1.75581 -8.82707 8
      vertex 0.882154 -8.95666 8
    endloop
  endfacet
  facet normal 0.146725 -0.989177 0
    outer loop
      vertex 1.75581 -8.82707 8
      vertex 0.882154 -8.95666 0
      vertex 1.75581 -8.82707 0
    endloop
  endfacet
  facet normal -0.740952 0.671558 0
    outer loop
      vertex -6.95709 5.70954 0
      vertex -6.36396 6.36396 8
      vertex -6.36396 6.36396 0
    endloop
  endfacet
  facet normal -0.740952 0.671558 0
    outer loop
      vertex -6.36396 6.36396 8
      vertex -6.95709 5.70954 0
      vertex -6.95709 5.70954 8
    endloop
  endfacet
  facet normal -0.595703 -0.803204 0
    outer loop
      vertex -5.70954 -6.95709 0
      vertex -5.00013 -7.48323 8
      vertex -5.70954 -6.95709 8
    endloop
  endfacet
  facet normal -0.595703 -0.803204 -0
    outer loop
      vertex -5.00013 -7.48323 8
      vertex -5.70954 -6.95709 0
      vertex -5.00013 -7.48323 0
    endloop
  endfacet
  facet normal 0.242986 0.97003 -0
    outer loop
      vertex 2.61256 8.61246 0
      vertex 1.75581 8.82707 8
      vertex 2.61256 8.61246 8
    endloop
  endfacet
  facet normal 0.242986 0.97003 0
    outer loop
      vertex 1.75581 8.82707 8
      vertex 2.61256 8.61246 0
      vertex 1.75581 8.82707 0
    endloop
  endfacet
  facet normal -0.857731 0.514099 0
    outer loop
      vertex -7.93729 4.24257 0
      vertex -7.48323 5.00013 8
      vertex -7.48323 5.00013 0
    endloop
  endfacet
  facet normal -0.857731 0.514099 0
    outer loop
      vertex -7.48323 5.00013 8
      vertex -7.93729 4.24257 0
      vertex -7.93729 4.24257 8
    endloop
  endfacet
  facet normal 0 0 1
    outer loop
      vertex 4.175 0 8
      vertex 9 0 8
      vertex 8.95666 0.882154 8
    endloop
  endfacet
  facet normal 0 0 1
    outer loop
      vertex 4.1549 0.409221 8
      vertex 8.95666 0.882154 8
      vertex 8.82707 1.75581 8
    endloop
  endfacet
  facet normal 0 0 1
    outer loop
      vertex 9 0 8
      vertex 4.175 0 8
      vertex 8.95666 -0.882154 8
    endloop
  endfacet
  facet normal 0 0 1
    outer loop
      vertex 4.09478 0.814502 8
      vertex 8.82707 1.75581 8
      vertex 8.61246 2.61256 8
    endloop
  endfacet
  facet normal -0 0 1
    outer loop
      vertex 4.1549 -0.409221 8
      vertex 8.95666 -0.882154 8
      vertex 4.175 0 8
    endloop
  endfacet
  facet normal 0 0 1
    outer loop
      vertex 3.99522 1.21194 8
      vertex 8.61246 2.61256 8
      vertex 8.31492 3.44415 8
    endloop
  endfacet
  facet normal 0 0 1
    outer loop
      vertex 8.95666 -0.882154 8
      vertex 4.1549 -0.409221 8
      vertex 8.82707 -1.75581 8
    endloop
  endfacet
  facet normal 0 0 1
    outer loop
      vertex 3.8572 1.5977 8
      vertex 8.31492 3.44415 8
      vertex 7.93729 4.24257 8
    endloop
  endfacet
  facet normal -0 0 1
    outer loop
      vertex 4.09478 -0.814502 8
      vertex 8.82707 -1.75581 8
      vertex 4.1549 -0.409221 8
    endloop
  endfacet
  facet normal 0 0 1
    outer loop
      vertex 3.68202 1.96808 8
      vertex 7.93729 4.24257 8
      vertex 7.48323 5.00013 8
    endloop
  endfacet
  facet normal 0 0 1
    outer loop
      vertex 8.82707 -1.75581 8
      vertex 4.09478 -0.814502 8
      vertex 8.61246 -2.61256 8
    endloop
  endfacet
  facet normal 0 0 1
    outer loop
      vertex 3.47139 2.31951 8
      vertex 7.48323 5.00013 8
      vertex 6.95709 5.70954 8
    endloop
  endfacet
  facet normal -0 0 1
    outer loop
      vertex 3.99522 -1.21194 8
      vertex 8.61246 -2.61256 8
      vertex 4.09478 -0.814502 8
    endloop
  endfacet
  facet normal 0 0 1
    outer loop
      vertex 3.22732 2.64859 8
      vertex 6.95709 5.70954 8
      vertex 6.36396 6.36396 8
    endloop
  endfacet
  facet normal 0 0 1
    outer loop
      vertex 8.61246 -2.61256 8
      vertex 3.99522 -1.21194 8
      vertex 8.31492 -3.44415 8
    endloop
  endfacet
  facet normal 0 0 1
    outer loop
      vertex 2.95217 2.95217 8
      vertex 6.36396 6.36396 8
      vertex 5.70954 6.95709 8
    endloop
  endfacet
  facet normal -0 0 1
    outer loop
      vertex 3.8572 -1.5977 8
      vertex 8.31492 -3.44415 8
      vertex 3.99522 -1.21194 8
    endloop
  endfacet
  facet normal 0 0 1
    outer loop
      vertex 2.64859 3.22732 8
      vertex 5.70954 6.95709 8
      vertex 5.00013 7.48323 8
    endloop
  endfacet
  facet normal 0 0 1
    outer loop
      vertex 8.31492 -3.44415 8
      vertex 3.8572 -1.5977 8
      vertex 7.93729 -4.24257 8
    endloop
  endfacet
  facet normal 0 0 1
    outer loop
      vertex 2.31951 3.47139 8
      vertex 5.00013 7.48323 8
      vertex 4.24257 7.93729 8
    endloop
  endfacet
  facet normal -0 0 1
    outer loop
      vertex 3.68202 -1.96808 8
      vertex 7.93729 -4.24257 8
      vertex 3.8572 -1.5977 8
    endloop
  endfacet
  facet normal 0 0 1
    outer loop
      vertex 7.93729 -4.24257 8
      vertex 3.68202 -1.96808 8
      vertex 7.48323 -5.00013 8
    endloop
  endfacet
  facet normal 0 0 1
    outer loop
      vertex 8.95666 0.882154 8
      vertex 4.1549 0.409221 8
      vertex 4.175 0 8
    endloop
  endfacet
  facet normal 0 0 1
    outer loop
      vertex 8.82707 1.75581 8
      vertex 4.09478 0.814502 8
      vertex 4.1549 0.409221 8
    endloop
  endfacet
  facet normal 0 0 1
    outer loop
      vertex 8.61246 2.61256 8
      vertex 3.99522 1.21194 8
      vertex 4.09478 0.814502 8
    endloop
  endfacet
  facet normal 0 0 1
    outer loop
      vertex 8.31492 3.44415 8
      vertex 3.8572 1.5977 8
      vertex 3.99522 1.21194 8
    endloop
  endfacet
  facet normal 0 0 1
    outer loop
      vertex 7.93729 4.24257 8
      vertex 3.68202 1.96808 8
      vertex 3.8572 1.5977 8
    endloop
  endfacet
  facet normal 0 0 1
    outer loop
      vertex 7.48323 5.00013 8
      vertex 3.47139 2.31951 8
      vertex 3.68202 1.96808 8
    endloop
  endfacet
  facet normal 0 0 1
    outer loop
      vertex 1.96808 3.68202 8
      vertex 4.24257 7.93729 8
      vertex 3.44415 8.31492 8
    endloop
  endfacet
  facet normal 0 0 1
    outer loop
      vertex 6.95709 5.70954 8
      vertex 3.22732 2.64859 8
      vertex 3.47139 2.31951 8
    endloop
  endfacet
  facet normal 0 0 1
    outer loop
      vertex 6.36396 6.36396 8
      vertex 2.95217 2.95217 8
      vertex 3.22732 2.64859 8
    endloop
  endfacet
  facet normal 0 0 1
    outer loop
      vertex 5.70954 6.95709 8
      vertex 2.64859 3.22732 8
      vertex 2.95217 2.95217 8
    endloop
  endfacet
  facet normal 0 0 1
    outer loop
      vertex 1.5977 3.8572 8
      vertex 3.44415 8.31492 8
      vertex 2.61256 8.61246 8
    endloop
  endfacet
  facet normal 0 0 1
    outer loop
      vertex 5.00013 7.48323 8
      vertex 2.31951 3.47139 8
      vertex 2.64859 3.22732 8
    endloop
  endfacet
  facet normal 0 0 1
    outer loop
      vertex 4.24257 7.93729 8
      vertex 1.96808 3.68202 8
      vertex 2.31951 3.47139 8
    endloop
  endfacet
  facet normal 0 0 1
    outer loop
      vertex 1.21194 3.99522 8
      vertex 2.61256 8.61246 8
      vertex 1.75581 8.82707 8
    endloop
  endfacet
  facet normal 0 0 1
    outer loop
      vertex 3.44415 8.31492 8
      vertex 1.5977 3.8572 8
      vertex 1.96808 3.68202 8
    endloop
  endfacet
  facet normal 0 0 1
    outer loop
      vertex 2.61256 8.61246 8
      vertex 1.21194 3.99522 8
      vertex 1.5977 3.8572 8
    endloop
  endfacet
  facet normal 0 0 1
    outer loop
      vertex 0.814502 4.09478 8
      vertex 1.75581 8.82707 8
      vertex 0.882154 8.95666 8
    endloop
  endfacet
  facet normal 0 0 1
    outer loop
      vertex 1.75581 8.82707 8
      vertex 0.814502 4.09478 8
      vertex 1.21194 3.99522 8
    endloop
  endfacet
  facet normal 0 0 1
    outer loop
      vertex 0.882154 8.95666 8
      vertex 0.409221 4.1549 8
      vertex 0.814502 4.09478 8
    endloop
  endfacet
  facet normal 0 0 1
    outer loop
      vertex 0 9 8
      vertex 0.409221 4.1549 8
      vertex 0.882154 8.95666 8
    endloop
  endfacet
  facet normal 0 0 1
    outer loop
      vertex 0 9 8
      vertex 0 4.175 8
      vertex 0.409221 4.1549 8
    endloop
  endfacet
  facet normal 0 0 1
    outer loop
      vertex 0 9 8
      vertex -0.409221 4.1549 8
      vertex 0 4.175 8
    endloop
  endfacet
  facet normal -0 0 1
    outer loop
      vertex -0.882154 8.95666 8
      vertex -0.409221 4.1549 8
      vertex 0 9 8
    endloop
  endfacet
  facet normal 0 0 1
    outer loop
      vertex -0.409221 4.1549 8
      vertex -0.882154 8.95666 8
      vertex -0.814502 4.09478 8
    endloop
  endfacet
  facet normal -0 0 1
    outer loop
      vertex -1.75581 8.82707 8
      vertex -0.814502 4.09478 8
      vertex -0.882154 8.95666 8
    endloop
  endfacet
  facet normal 0 0 1
    outer loop
      vertex -0.814502 4.09478 8
      vertex -1.75581 8.82707 8
      vertex -1.21194 3.99522 8
    endloop
  endfacet
  facet normal -0 0 1
    outer loop
      vertex -2.61256 8.61246 8
      vertex -1.21194 3.99522 8
      vertex -1.75581 8.82707 8
    endloop
  endfacet
  facet normal 0 0 1
    outer loop
      vertex -1.21194 3.99522 8
      vertex -2.61256 8.61246 8
      vertex -1.5977 3.8572 8
    endloop
  endfacet
  facet normal -0 0 1
    outer loop
      vertex -3.44415 8.31492 8
      vertex -1.5977 3.8572 8
      vertex -2.61256 8.61246 8
    endloop
  endfacet
  facet normal 0 0 1
    outer loop
      vertex -1.5977 3.8572 8
      vertex -3.44415 8.31492 8
      vertex -1.96808 3.68202 8
    endloop
  endfacet
  facet normal -0 0 1
    outer loop
      vertex -4.24257 7.93729 8
      vertex -1.96808 3.68202 8
      vertex -3.44415 8.31492 8
    endloop
  endfacet
  facet normal 0 0 1
    outer loop
      vertex -1.96808 3.68202 8
      vertex -4.24257 7.93729 8
      vertex -2.31951 3.47139 8
    endloop
  endfacet
  facet normal -0 0 1
    outer loop
      vertex -5.00013 7.48323 8
      vertex -2.31951 3.47139 8
      vertex -4.24257 7.93729 8
    endloop
  endfacet
  facet normal 0 0 1
    outer loop
      vertex -2.31951 3.47139 8
      vertex -5.00013 7.48323 8
      vertex -2.64859 3.22732 8
    endloop
  endfacet
  facet normal -0 0 1
    outer loop
      vertex -5.70954 6.95709 8
      vertex -2.64859 3.22732 8
      vertex -5.00013 7.48323 8
    endloop
  endfacet
  facet normal 0 0 1
    outer loop
      vertex -2.64859 3.22732 8
      vertex -5.70954 6.95709 8
      vertex -2.95217 2.95217 8
    endloop
  endfacet
  facet normal -0 0 1
    outer loop
      vertex -6.36396 6.36396 8
      vertex -2.95217 2.95217 8
      vertex -5.70954 6.95709 8
    endloop
  endfacet
  facet normal 0 0 1
    outer loop
      vertex -2.95217 2.95217 8
      vertex -6.36396 6.36396 8
      vertex -3.22732 2.64859 8
    endloop
  endfacet
  facet normal -0 0 1
    outer loop
      vertex -6.95709 5.70954 8
      vertex -3.22732 2.64859 8
      vertex -6.36396 6.36396 8
    endloop
  endfacet
  facet normal 0 0 1
    outer loop
      vertex -3.22732 2.64859 8
      vertex -6.95709 5.70954 8
      vertex -3.47139 2.31951 8
    endloop
  endfacet
  facet normal 0 0 1
    outer loop
      vertex -3.47139 2.31951 8
      vertex -7.48323 5.00013 8
      vertex -3.68202 1.96808 8
    endloop
  endfacet
  facet normal -0 0 1
    outer loop
      vertex -7.48323 5.00013 8
      vertex -3.47139 2.31951 8
      vertex -6.95709 5.70954 8
    endloop
  endfacet
  facet normal -0 0 1
    outer loop
      vertex 3.47139 -2.31951 8
      vertex 7.48323 -5.00013 8
      vertex 3.68202 -1.96808 8
    endloop
  endfacet
  facet normal 0 0 1
    outer loop
      vertex 7.48323 -5.00013 8
      vertex 3.47139 -2.31951 8
      vertex 6.95709 -5.70954 8
    endloop
  endfacet
  facet normal -0 0 1
    outer loop
      vertex 3.22732 -2.64859 8
      vertex 6.95709 -5.70954 8
      vertex 3.47139 -2.31951 8
    endloop
  endfacet
  facet normal 0 0 1
    outer loop
      vertex 6.95709 -5.70954 8
      vertex 3.22732 -2.64859 8
      vertex 6.36396 -6.36396 8
    endloop
  endfacet
  facet normal -0 0 1
    outer loop
      vertex 2.95217 -2.95217 8
      vertex 6.36396 -6.36396 8
      vertex 3.22732 -2.64859 8
    endloop
  endfacet
  facet normal 0 0 1
    outer loop
      vertex 6.36396 -6.36396 8
      vertex 2.95217 -2.95217 8
      vertex 5.70954 -6.95709 8
    endloop
  endfacet
  facet normal -0 0 1
    outer loop
      vertex 2.64859 -3.22732 8
      vertex 5.70954 -6.95709 8
      vertex 2.95217 -2.95217 8
    endloop
  endfacet
  facet normal 0 0 1
    outer loop
      vertex 5.70954 -6.95709 8
      vertex 2.64859 -3.22732 8
      vertex 5.00013 -7.48323 8
    endloop
  endfacet
  facet normal -0 0 1
    outer loop
      vertex 2.31951 -3.47139 8
      vertex 5.00013 -7.48323 8
      vertex 2.64859 -3.22732 8
    endloop
  endfacet
  facet normal 0 0 1
    outer loop
      vertex 5.00013 -7.48323 8
      vertex 2.31951 -3.47139 8
      vertex 4.24257 -7.93729 8
    endloop
  endfacet
  facet normal -0 0 1
    outer loop
      vertex 1.96808 -3.68202 8
      vertex 4.24257 -7.93729 8
      vertex 2.31951 -3.47139 8
    endloop
  endfacet
  facet normal 0 0 1
    outer loop
      vertex 4.24257 -7.93729 8
      vertex 1.96808 -3.68202 8
      vertex 3.44415 -8.31492 8
    endloop
  endfacet
  facet normal -0 0 1
    outer loop
      vertex 1.5977 -3.8572 8
      vertex 3.44415 -8.31492 8
      vertex 1.96808 -3.68202 8
    endloop
  endfacet
  facet normal 0 0 1
    outer loop
      vertex 3.44415 -8.31492 8
      vertex 1.5977 -3.8572 8
      vertex 2.61256 -8.61246 8
    endloop
  endfacet
  facet normal -0 0 1
    outer loop
      vertex 1.21194 -3.99522 8
      vertex 2.61256 -8.61246 8
      vertex 1.5977 -3.8572 8
    endloop
  endfacet
  facet normal 0 0 1
    outer loop
      vertex 2.61256 -8.61246 8
      vertex 1.21194 -3.99522 8
      vertex 1.75581 -8.82707 8
    endloop
  endfacet
  facet normal -0 0 1
    outer loop
      vertex 0.814502 -4.09478 8
      vertex 1.75581 -8.82707 8
      vertex 1.21194 -3.99522 8
    endloop
  endfacet
  facet normal 0 0 1
    outer loop
      vertex 1.75581 -8.82707 8
      vertex 0.814502 -4.09478 8
      vertex 0.882154 -8.95666 8
    endloop
  endfacet
  facet normal -0 0 1
    outer loop
      vertex 0.409221 -4.1549 8
      vertex 0.882154 -8.95666 8
      vertex 0.814502 -4.09478 8
    endloop
  endfacet
  facet normal -0 0 1
    outer loop
      vertex 0 -4.175 8
      vertex 0.882154 -8.95666 8
      vertex 0.409221 -4.1549 8
    endloop
  endfacet
  facet normal 0 0 1
    outer loop
      vertex 0 -4.175 8
      vertex 0 -9 8
      vertex 0.882154 -8.95666 8
    endloop
  endfacet
  facet normal 0 0 1
    outer loop
      vertex -0.409221 -4.1549 8
      vertex 0 -9 8
      vertex 0 -4.175 8
    endloop
  endfacet
  facet normal 0 0 1
    outer loop
      vertex -0.882154 -8.95666 8
      vertex -0.409221 -4.1549 8
      vertex -0.814502 -4.09478 8
    endloop
  endfacet
  facet normal 0 0 1
    outer loop
      vertex -0.409221 -4.1549 8
      vertex -0.882154 -8.95666 8
      vertex 0 -9 8
    endloop
  endfacet
  facet normal 0 0 1
    outer loop
      vertex -1.75581 -8.82707 8
      vertex -0.814502 -4.09478 8
      vertex -1.21194 -3.99522 8
    endloop
  endfacet
  facet normal 0 0 1
    outer loop
      vertex -2.61256 -8.61246 8
      vertex -1.21194 -3.99522 8
      vertex -1.5977 -3.8572 8
    endloop
  endfacet
  facet normal 0 0 1
    outer loop
      vertex -0.814502 -4.09478 8
      vertex -1.75581 -8.82707 8
      vertex -0.882154 -8.95666 8
    endloop
  endfacet
  facet normal 0 0 1
    outer loop
      vertex -3.44415 -8.31492 8
      vertex -1.5977 -3.8572 8
      vertex -1.96808 -3.68202 8
    endloop
  endfacet
  facet normal 0 0 1
    outer loop
      vertex -4.24257 -7.93729 8
      vertex -1.96808 -3.68202 8
      vertex -2.31951 -3.47139 8
    endloop
  endfacet
  facet normal 0 0 1
    outer loop
      vertex -1.21194 -3.99522 8
      vertex -2.61256 -8.61246 8
      vertex -1.75581 -8.82707 8
    endloop
  endfacet
  facet normal 0 0 1
    outer loop
      vertex -5.00013 -7.48323 8
      vertex -2.31951 -3.47139 8
      vertex -2.64859 -3.22732 8
    endloop
  endfacet
  facet normal 0 0 1
    outer loop
      vertex -5.70954 -6.95709 8
      vertex -2.64859 -3.22732 8
      vertex -2.95217 -2.95217 8
    endloop
  endfacet
  facet normal 0 0 1
    outer loop
      vertex -6.36396 -6.36396 8
      vertex -2.95217 -2.95217 8
      vertex -3.22732 -2.64859 8
    endloop
  endfacet
  facet normal 0 0 1
    outer loop
      vertex -1.5977 -3.8572 8
      vertex -3.44415 -8.31492 8
      vertex -2.61256 -8.61246 8
    endloop
  endfacet
  facet normal 0 0 1
    outer loop
      vertex -6.95709 -5.70954 8
      vertex -3.22732 -2.64859 8
      vertex -3.47139 -2.31951 8
    endloop
  endfacet
  facet normal 0 0 1
    outer loop
      vertex -7.48323 -5.00013 8
      vertex -3.47139 -2.31951 8
      vertex -3.68202 -1.96808 8
    endloop
  endfacet
  facet normal 0 0 1
    outer loop
      vertex -7.93729 -4.24257 8
      vertex -3.68202 -1.96808 8
      vertex -3.8572 -1.5977 8
    endloop
  endfacet
  facet normal 0 0 1
    outer loop
      vertex -8.31492 -3.44415 8
      vertex -3.8572 -1.5977 8
      vertex -3.99522 -1.21194 8
    endloop
  endfacet
  facet normal 0 0 1
    outer loop
      vertex -8.61246 -2.61256 8
      vertex -3.99522 -1.21194 8
      vertex -4.09478 -0.814502 8
    endloop
  endfacet
  facet normal 0 0 1
    outer loop
      vertex -8.82707 -1.75581 8
      vertex -4.09478 -0.814502 8
      vertex -4.1549 -0.409221 8
    endloop
  endfacet
  facet normal 0 0 1
    outer loop
      vertex -1.96808 -3.68202 8
      vertex -4.24257 -7.93729 8
      vertex -3.44415 -8.31492 8
    endloop
  endfacet
  facet normal 0 0 1
    outer loop
      vertex -8.95666 -0.882154 8
      vertex -4.1549 -0.409221 8
      vertex -4.175 0 8
    endloop
  endfacet
  facet normal -0 0 1
    outer loop
      vertex -7.93729 4.24257 8
      vertex -3.68202 1.96808 8
      vertex -7.48323 5.00013 8
    endloop
  endfacet
  facet normal 0 0 1
    outer loop
      vertex -3.68202 1.96808 8
      vertex -7.93729 4.24257 8
      vertex -3.8572 1.5977 8
    endloop
  endfacet
  facet normal 0 0 1
    outer loop
      vertex -2.31951 -3.47139 8
      vertex -5.00013 -7.48323 8
      vertex -4.24257 -7.93729 8
    endloop
  endfacet
  facet normal -0 0 1
    outer loop
      vertex -8.31492 3.44415 8
      vertex -3.8572 1.5977 8
      vertex -7.93729 4.24257 8
    endloop
  endfacet
  facet normal 0 0 1
    outer loop
      vertex -2.64859 -3.22732 8
      vertex -5.70954 -6.95709 8
      vertex -5.00013 -7.48323 8
    endloop
  endfacet
  facet normal 0 0 1
    outer loop
      vertex -3.8572 1.5977 8
      vertex -8.31492 3.44415 8
      vertex -3.99522 1.21194 8
    endloop
  endfacet
  facet normal 0 0 1
    outer loop
      vertex -2.95217 -2.95217 8
      vertex -6.36396 -6.36396 8
      vertex -5.70954 -6.95709 8
    endloop
  endfacet
  facet normal -0 0 1
    outer loop
      vertex -8.61246 2.61256 8
      vertex -3.99522 1.21194 8
      vertex -8.31492 3.44415 8
    endloop
  endfacet
  facet normal 0 0 1
    outer loop
      vertex -3.22732 -2.64859 8
      vertex -6.95709 -5.70954 8
      vertex -6.36396 -6.36396 8
    endloop
  endfacet
  facet normal 0 0 1
    outer loop
      vertex -3.99522 1.21194 8
      vertex -8.61246 2.61256 8
      vertex -4.09478 0.814502 8
    endloop
  endfacet
  facet normal 0 0 1
    outer loop
      vertex -3.47139 -2.31951 8
      vertex -7.48323 -5.00013 8
      vertex -6.95709 -5.70954 8
    endloop
  endfacet
  facet normal -0 0 1
    outer loop
      vertex -8.82707 1.75581 8
      vertex -4.09478 0.814502 8
      vertex -8.61246 2.61256 8
    endloop
  endfacet
  facet normal 0 0 1
    outer loop
      vertex -3.68202 -1.96808 8
      vertex -7.93729 -4.24257 8
      vertex -7.48323 -5.00013 8
    endloop
  endfacet
  facet normal 0 0 1
    outer loop
      vertex -4.09478 0.814502 8
      vertex -8.82707 1.75581 8
      vertex -4.1549 0.409221 8
    endloop
  endfacet
  facet normal 0 0 1
    outer loop
      vertex -3.8572 -1.5977 8
      vertex -8.31492 -3.44415 8
      vertex -7.93729 -4.24257 8
    endloop
  endfacet
  facet normal -0 0 1
    outer loop
      vertex -8.95666 0.882154 8
      vertex -4.1549 0.409221 8
      vertex -8.82707 1.75581 8
    endloop
  endfacet
  facet normal 0 0 1
    outer loop
      vertex -3.99522 -1.21194 8
      vertex -8.61246 -2.61256 8
      vertex -8.31492 -3.44415 8
    endloop
  endfacet
  facet normal 0 0 1
    outer loop
      vertex -4.1549 0.409221 8
      vertex -8.95666 0.882154 8
      vertex -4.175 0 8
    endloop
  endfacet
  facet normal 0 0 1
    outer loop
      vertex -4.09478 -0.814502 8
      vertex -8.82707 -1.75581 8
      vertex -8.61246 -2.61256 8
    endloop
  endfacet
  facet normal 0 0 1
    outer loop
      vertex -9 0 8
      vertex -4.175 0 8
      vertex -8.95666 0.882154 8
    endloop
  endfacet
  facet normal 0 0 1
    outer loop
      vertex -4.1549 -0.409221 8
      vertex -8.95666 -0.882154 8
      vertex -8.82707 -1.75581 8
    endloop
  endfacet
  facet normal 0 0 1
    outer loop
      vertex -4.175 0 8
      vertex -9 0 8
      vertex -8.95666 -0.882154 8
    endloop
  endfacet
  facet normal -0.0490706 -0.998795 0
    outer loop
      vertex -0.882154 -8.95666 0
      vertex 0 -9 8
      vertex -0.882154 -8.95666 8
    endloop
  endfacet
  facet normal -0.0490706 -0.998795 -0
    outer loop
      vertex 0 -9 8
      vertex -0.882154 -8.95666 0
      vertex 0 -9 0
    endloop
  endfacet
  facet normal -0.998795 0.0490706 0
    outer loop
      vertex -9 0 0
      vertex -8.95666 0.882154 8
      vertex -8.95666 0.882154 0
    endloop
  endfacet
  facet normal -0.998795 0.0490706 0
    outer loop
      vertex -8.95666 0.882154 8
      vertex -9 0 0
      vertex -9 0 8
    endloop
  endfacet
  facet normal 0.740952 -0.671558 0
    outer loop
      vertex 6.36396 -6.36396 8
      vertex 6.95709 -5.70954 0
      vertex 6.95709 -5.70954 8
    endloop
  endfacet
  facet normal 0.740952 -0.671558 0
    outer loop
      vertex 6.95709 -5.70954 0
      vertex 6.36396 -6.36396 8
      vertex 6.36396 -6.36396 0
    endloop
  endfacet
  facet normal 0.671558 -0.740952 0
    outer loop
      vertex 5.70954 -6.95709 0
      vertex 6.36396 -6.36396 8
      vertex 5.70954 -6.95709 8
    endloop
  endfacet
  facet normal 0.671558 -0.740952 0
    outer loop
      vertex 6.36396 -6.36396 8
      vertex 5.70954 -6.95709 0
      vertex 6.36396 -6.36396 0
    endloop
  endfacet
  facet normal -0.98918 -0.146708 0
    outer loop
      vertex 4.11071 0.707094 5.32288
      vertex 4.09478 0.814502 8
      vertex 4.09478 0.814502 5.2585
    endloop
  endfacet
  facet normal -0.989176 -0.146737 1.16852e-06
    outer loop
      vertex 4.13045 0.574024 5.38582
      vertex 4.09478 0.814502 8
      vertex 4.11071 0.707094 5.32288
    endloop
  endfacet
  facet normal -0.989175 -0.146738 1.24938e-06
    outer loop
      vertex 4.15101 0.435427 5.43541
      vertex 4.09478 0.814502 8
      vertex 4.13045 0.574024 5.38582
    endloop
  endfacet
  facet normal -0.989162 -0.146827 1.47374e-05
    outer loop
      vertex 4.1549 0.409221 5.44197
      vertex 4.09478 0.814502 8
      vertex 4.15101 0.435427 5.43541
    endloop
  endfacet
  facet normal -0.989176 -0.146736 0
    outer loop
      vertex 4.09478 0.814502 8
      vertex 4.1549 0.409221 5.44197
      vertex 4.1549 0.409221 8
    endloop
  endfacet
  facet normal -0.98918 -0.146708 0
    outer loop
      vertex 4.09478 0.814502 0
      vertex 4.11071 0.707094 2.67712
      vertex 4.09478 0.814502 2.7415
    endloop
  endfacet
  facet normal -0.989176 -0.146737 -1.16852e-06
    outer loop
      vertex 4.09478 0.814502 0
      vertex 4.13045 0.574024 2.61418
      vertex 4.11071 0.707094 2.67712
    endloop
  endfacet
  facet normal -0.989175 -0.146738 -1.24938e-06
    outer loop
      vertex 4.09478 0.814502 0
      vertex 4.15101 0.435427 2.56459
      vertex 4.13045 0.574024 2.61418
    endloop
  endfacet
  facet normal -0.989176 -0.146736 -0
    outer loop
      vertex 4.1549 0.409221 2.55802
      vertex 4.09478 0.814502 0
      vertex 4.1549 0.409221 0
    endloop
  endfacet
  facet normal -0.989162 -0.146827 -1.47366e-05
    outer loop
      vertex 4.09478 0.814502 0
      vertex 4.1549 0.409221 2.55802
      vertex 4.15101 0.435427 2.56459
    endloop
  endfacet
  facet normal -0.998799 -0.0490036 0
    outer loop
      vertex 4.16062 0.292635 5.47118
      vertex 4.1549 0.409221 8
      vertex 4.1549 0.409221 5.44197
    endloop
  endfacet
  facet normal -0.998793 -0.0491124 5.02862e-06
    outer loop
      vertex 4.16778 0.147025 5.49278
      vertex 4.1549 0.409221 8
      vertex 4.16062 0.292635 5.47118
    endloop
  endfacet
  facet normal -0.998796 -0.0490482 -0
    outer loop
      vertex 4.175 0 8
      vertex 4.16778 0.147025 5.49278
      vertex 4.175 0 5.5
    endloop
  endfacet
  facet normal -0.998796 -0.0490586 -6.10254e-07
    outer loop
      vertex 4.16778 0.147025 5.49278
      vertex 4.175 0 8
      vertex 4.1549 0.409221 8
    endloop
  endfacet
  facet normal -0.998799 -0.0490036 0
    outer loop
      vertex 4.1549 0.409221 0
      vertex 4.16062 0.292635 2.52882
      vertex 4.1549 0.409221 2.55802
    endloop
  endfacet
  facet normal -0.998793 -0.0491124 -5.02862e-06
    outer loop
      vertex 4.1549 0.409221 0
      vertex 4.16778 0.147025 2.50722
      vertex 4.16062 0.292635 2.52882
    endloop
  endfacet
  facet normal -0.998796 -0.0490586 6.10254e-07
    outer loop
      vertex 4.175 0 0
      vertex 4.16778 0.147025 2.50722
      vertex 4.1549 0.409221 0
    endloop
  endfacet
  facet normal -0.998796 -0.0490482 0
    outer loop
      vertex 4.16778 0.147025 2.50722
      vertex 4.175 0 0
      vertex 4.175 0 2.5
    endloop
  endfacet
  facet normal -0.96999 -0.243145 0
    outer loop
      vertex 4.00836 1.15952 4.95159
      vertex 3.99522 1.21194 8
      vertex 3.99522 1.21194 4.88091
    endloop
  endfacet
  facet normal -0.970038 -0.242955 -3.47855e-06
    outer loop
      vertex 4.03312 1.06066 5.06066
      vertex 3.99522 1.21194 8
      vertex 4.00836 1.15952 4.95159
    endloop
  endfacet
  facet normal -0.970032 -0.242977 -2.26471e-06
    outer loop
      vertex 4.06044 0.95159 5.15952
      vertex 3.99522 1.21194 8
      vertex 4.03312 1.06066 5.06066
    endloop
  endfacet
  facet normal -0.970024 -0.243008 7.58069e-07
    outer loop
      vertex 4.09006 0.833355 5.2472
      vertex 3.99522 1.21194 8
      vertex 4.06044 0.95159 5.15952
    endloop
  endfacet
  facet normal -0.970058 -0.242873 -1.89485e-05
    outer loop
      vertex 4.09478 0.814502 5.2585
      vertex 3.99522 1.21194 8
      vertex 4.09006 0.833355 5.2472
    endloop
  endfacet
  facet normal -0.970027 -0.242996 0
    outer loop
      vertex 3.99522 1.21194 8
      vertex 4.09478 0.814502 5.2585
      vertex 4.09478 0.814502 8
    endloop
  endfacet
  facet normal -0.96999 -0.243145 0
    outer loop
      vertex 3.99522 1.21194 0
      vertex 4.00836 1.15952 3.04841
      vertex 3.99522 1.21194 3.11909
    endloop
  endfacet
  facet normal -0.970038 -0.242955 3.47855e-06
    outer loop
      vertex 3.99522 1.21194 0
      vertex 4.03312 1.06066 2.93934
      vertex 4.00836 1.15952 3.04841
    endloop
  endfacet
  facet normal -0.970032 -0.242977 2.26471e-06
    outer loop
      vertex 3.99522 1.21194 0
      vertex 4.06044 0.95159 2.84048
      vertex 4.03312 1.06066 2.93934
    endloop
  endfacet
  facet normal -0.970024 -0.243008 -7.58069e-07
    outer loop
      vertex 3.99522 1.21194 0
      vertex 4.09006 0.833355 2.7528
      vertex 4.06044 0.95159 2.84048
    endloop
  endfacet
  facet normal -0.970027 -0.242996 -0
    outer loop
      vertex 4.09478 0.814502 2.7415
      vertex 3.99522 1.21194 0
      vertex 4.09478 0.814502 0
    endloop
  endfacet
  facet normal -0.970058 -0.242873 1.89485e-05
    outer loop
      vertex 3.99522 1.21194 0
      vertex 4.09478 0.814502 2.7415
      vertex 4.09006 0.833355 2.7528
    endloop
  endfacet
  facet normal -0.514087 0.857738 0
    outer loop
      vertex 2.31951 -3.47139 0
      vertex 1.96808 -3.68202 8
      vertex 2.31951 -3.47139 8
    endloop
  endfacet
  facet normal -0.514087 0.857738 0
    outer loop
      vertex 1.96808 -3.68202 8
      vertex 2.31951 -3.47139 0
      vertex 1.96808 -3.68202 0
    endloop
  endfacet
  facet normal -0.74095 0.67156 0
    outer loop
      vertex 2.95217 -2.95217 0
      vertex 3.22732 -2.64859 8
      vertex 3.22732 -2.64859 0
    endloop
  endfacet
  facet normal -0.74095 0.67156 0
    outer loop
      vertex 3.22732 -2.64859 8
      vertex 2.95217 -2.95217 0
      vertex 2.95217 -2.95217 8
    endloop
  endfacet
  facet normal -0.803199 0.595711 0
    outer loop
      vertex 3.22732 -2.64859 0
      vertex 3.47139 -2.31951 8
      vertex 3.47139 -2.31951 0
    endloop
  endfacet
  facet normal -0.803199 0.595711 0
    outer loop
      vertex 3.47139 -2.31951 8
      vertex 3.22732 -2.64859 0
      vertex 3.22732 -2.64859 8
    endloop
  endfacet
  facet normal -0.514087 -0.857738 0
    outer loop
      vertex 1.96808 3.68202 0
      vertex 2.31951 3.47139 8
      vertex 1.96808 3.68202 8
    endloop
  endfacet
  facet normal -0.514087 -0.857738 -0
    outer loop
      vertex 2.31951 3.47139 8
      vertex 1.96808 3.68202 0
      vertex 2.31951 3.47139 0
    endloop
  endfacet
  facet normal -0.146736 -0.989176 0
    outer loop
      vertex 0.409221 4.1549 0
      vertex 0.814502 4.09478 8
      vertex 0.409221 4.1549 8
    endloop
  endfacet
  facet normal -0.146736 -0.989176 -0
    outer loop
      vertex 0.814502 4.09478 8
      vertex 0.409221 4.1549 0
      vertex 0.814502 4.09478 0
    endloop
  endfacet
  facet normal 0.146736 -0.989176 0
    outer loop
      vertex -0.814502 4.09478 0
      vertex -0.409221 4.1549 8
      vertex -0.814502 4.09478 8
    endloop
  endfacet
  facet normal 0.146736 -0.989176 0
    outer loop
      vertex -0.409221 4.1549 8
      vertex -0.814502 4.09478 0
      vertex -0.409221 4.1549 0
    endloop
  endfacet
  facet normal 0.803199 0.595711 0
    outer loop
      vertex -3.22732 -2.64859 8
      vertex -3.47139 -2.31951 0
      vertex -3.47139 -2.31951 8
    endloop
  endfacet
  facet normal 0.803199 0.595711 0
    outer loop
      vertex -3.47139 -2.31951 0
      vertex -3.22732 -2.64859 8
      vertex -3.22732 -2.64859 0
    endloop
  endfacet
  facet normal -0.941537 -0.33691 0
    outer loop
      vertex 3.8572 1.5977 0
      vertex 3.89216 1.5 4
      vertex 3.8572 1.5977 8
    endloop
  endfacet
  facet normal -0.941634 -0.336637 7.51656e-06
    outer loop
      vertex 3.8572 1.5977 0
      vertex 3.89474 1.49278 3.85297
      vertex 3.89216 1.5 4
    endloop
  endfacet
  facet normal -0.941528 -0.336934 -1.60201e-06
    outer loop
      vertex 3.8572 1.5977 0
      vertex 3.90247 1.47118 3.70736
      vertex 3.89474 1.49278 3.85297
    endloop
  endfacet
  facet normal -0.941534 -0.336917 -9.25425e-07
    outer loop
      vertex 3.8572 1.5977 0
      vertex 3.91527 1.43541 3.56457
      vertex 3.90247 1.47118 3.70736
    endloop
  endfacet
  facet normal -0.941563 -0.336837 3.15035e-06
    outer loop
      vertex 3.8572 1.5977 0
      vertex 3.93301 1.38582 3.42597
      vertex 3.91527 1.43541 3.56457
    endloop
  endfacet
  facet normal -0.941546 -0.336886 -2.17019e-07
    outer loop
      vertex 3.8572 1.5977 0
      vertex 3.95553 1.32288 3.2929
      vertex 3.93301 1.38582 3.42597
    endloop
  endfacet
  facet normal -0.94154 -0.336901 -1.69534e-06
    outer loop
      vertex 3.8572 1.5977 0
      vertex 3.98261 1.2472 3.16664
      vertex 3.95553 1.32288 3.2929
    endloop
  endfacet
  facet normal -0.94155 -0.336874 -0
    outer loop
      vertex 3.99522 1.21194 3.11909
      vertex 3.8572 1.5977 0
      vertex 3.99522 1.21194 0
    endloop
  endfacet
  facet normal -0.94159 -0.336761 1.57878e-05
    outer loop
      vertex 3.8572 1.5977 0
      vertex 3.99522 1.21194 3.11909
      vertex 3.98261 1.2472 3.16664
    endloop
  endfacet
  facet normal -0.941634 -0.336637 -7.51656e-06
    outer loop
      vertex 3.89474 1.49278 4.14703
      vertex 3.8572 1.5977 8
      vertex 3.89216 1.5 4
    endloop
  endfacet
  facet normal -0.941528 -0.336934 1.60202e-06
    outer loop
      vertex 3.90247 1.47118 4.29263
      vertex 3.8572 1.5977 8
      vertex 3.89474 1.49278 4.14703
    endloop
  endfacet
  facet normal -0.941534 -0.336917 9.25415e-07
    outer loop
      vertex 3.91527 1.43541 4.43543
      vertex 3.8572 1.5977 8
      vertex 3.90247 1.47118 4.29263
    endloop
  endfacet
  facet normal -0.941563 -0.336837 -3.15038e-06
    outer loop
      vertex 3.93301 1.38582 4.57402
      vertex 3.8572 1.5977 8
      vertex 3.91527 1.43541 4.43543
    endloop
  endfacet
  facet normal -0.941546 -0.336886 2.17019e-07
    outer loop
      vertex 3.95553 1.32288 4.70709
      vertex 3.8572 1.5977 8
      vertex 3.93301 1.38582 4.57402
    endloop
  endfacet
  facet normal -0.94154 -0.336901 1.69533e-06
    outer loop
      vertex 3.98261 1.2472 4.83335
      vertex 3.8572 1.5977 8
      vertex 3.95553 1.32288 4.70709
    endloop
  endfacet
  facet normal -0.94159 -0.336761 -1.57873e-05
    outer loop
      vertex 3.99522 1.21194 4.88091
      vertex 3.8572 1.5977 8
      vertex 3.98261 1.2472 4.83335
    endloop
  endfacet
  facet normal -0.94155 -0.336874 0
    outer loop
      vertex 3.8572 1.5977 8
      vertex 3.99522 1.21194 4.88091
      vertex 3.99522 1.21194 8
    endloop
  endfacet
  facet normal -0.427562 0.903986 0
    outer loop
      vertex 1.96808 -3.68202 0
      vertex 1.5977 -3.8572 8
      vertex 1.96808 -3.68202 8
    endloop
  endfacet
  facet normal -0.427562 0.903986 0
    outer loop
      vertex 1.5977 -3.8572 8
      vertex 1.96808 -3.68202 0
      vertex 1.5977 -3.8572 0
    endloop
  endfacet
  facet normal 0.242996 0.970027 -0
    outer loop
      vertex -0.814502 -4.09478 0
      vertex -1.21194 -3.99522 8
      vertex -0.814502 -4.09478 8
    endloop
  endfacet
  facet normal 0.242996 0.970027 0
    outer loop
      vertex -1.21194 -3.99522 8
      vertex -0.814502 -4.09478 0
      vertex -1.21194 -3.99522 0
    endloop
  endfacet
  facet normal -0.67156 0.74095 0
    outer loop
      vertex 2.95217 -2.95217 0
      vertex 2.64859 -3.22732 8
      vertex 2.95217 -2.95217 8
    endloop
  endfacet
  facet normal -0.67156 0.74095 0
    outer loop
      vertex 2.64859 -3.22732 8
      vertex 2.95217 -2.95217 0
      vertex 2.64859 -3.22732 0
    endloop
  endfacet
  facet normal 0.94155 0.336874 0
    outer loop
      vertex -3.8572 -1.5977 8
      vertex -3.99522 -1.21194 0
      vertex -3.99522 -1.21194 8
    endloop
  endfacet
  facet normal 0.94155 0.336874 0
    outer loop
      vertex -3.99522 -1.21194 0
      vertex -3.8572 -1.5977 8
      vertex -3.8572 -1.5977 0
    endloop
  endfacet
  facet normal -0.427562 -0.903986 0
    outer loop
      vertex 1.5977 3.8572 0
      vertex 1.96808 3.68202 8
      vertex 1.5977 3.8572 8
    endloop
  endfacet
  facet normal -0.427562 -0.903986 -0
    outer loop
      vertex 1.96808 3.68202 8
      vertex 1.5977 3.8572 0
      vertex 1.96808 3.68202 0
    endloop
  endfacet
  facet normal 0.970027 -0.242996 0
    outer loop
      vertex -4.09478 0.814502 8
      vertex -3.99522 1.21194 0
      vertex -3.99522 1.21194 8
    endloop
  endfacet
  facet normal 0.970027 -0.242996 0
    outer loop
      vertex -3.99522 1.21194 0
      vertex -4.09478 0.814502 8
      vertex -4.09478 0.814502 0
    endloop
  endfacet
  facet normal 0.67156 -0.74095 0
    outer loop
      vertex -2.95217 2.95217 0
      vertex -2.64859 3.22732 8
      vertex -2.95217 2.95217 8
    endloop
  endfacet
  facet normal 0.67156 -0.74095 0
    outer loop
      vertex -2.64859 3.22732 8
      vertex -2.95217 2.95217 0
      vertex -2.64859 3.22732 0
    endloop
  endfacet
  facet normal 0.595711 0.803199 -0
    outer loop
      vertex -2.31951 -3.47139 0
      vertex -2.64859 -3.22732 8
      vertex -2.31951 -3.47139 8
    endloop
  endfacet
  facet normal 0.595711 0.803199 0
    outer loop
      vertex -2.64859 -3.22732 8
      vertex -2.31951 -3.47139 0
      vertex -2.64859 -3.22732 0
    endloop
  endfacet
  facet normal -0.998796 0.0490482 0
    outer loop
      vertex 4.16778 -0.147025 5.49278
      vertex 4.175 0 8
      vertex 4.175 0 5.5
    endloop
  endfacet
  facet normal -0.998793 0.0491124 5.02862e-06
    outer loop
      vertex 4.1549 -0.409221 8
      vertex 4.16778 -0.147025 5.49278
      vertex 4.16062 -0.292635 5.47118
    endloop
  endfacet
  facet normal -0.998799 0.0490036 0
    outer loop
      vertex 4.1549 -0.409221 8
      vertex 4.16062 -0.292635 5.47118
      vertex 4.1549 -0.409221 5.44197
    endloop
  endfacet
  facet normal -0.998796 0.0490586 -6.10254e-07
    outer loop
      vertex 4.16778 -0.147025 5.49278
      vertex 4.1549 -0.409221 8
      vertex 4.175 0 8
    endloop
  endfacet
  facet normal -0.998796 0.0490482 0
    outer loop
      vertex 4.175 0 0
      vertex 4.16778 -0.147025 2.50722
      vertex 4.175 0 2.5
    endloop
  endfacet
  facet normal -0.998796 0.0490586 6.10254e-07
    outer loop
      vertex 4.1549 -0.409221 0
      vertex 4.16778 -0.147025 2.50722
      vertex 4.175 0 0
    endloop
  endfacet
  facet normal -0.998793 0.0491124 -5.02862e-06
    outer loop
      vertex 4.16778 -0.147025 2.50722
      vertex 4.1549 -0.409221 0
      vertex 4.16062 -0.292635 2.52882
    endloop
  endfacet
  facet normal -0.998799 0.0490036 0
    outer loop
      vertex 4.16062 -0.292635 2.52882
      vertex 4.1549 -0.409221 0
      vertex 4.1549 -0.409221 2.55802
    endloop
  endfacet
  facet normal 0.595711 -0.803199 0
    outer loop
      vertex -2.64859 3.22732 0
      vertex -2.31951 3.47139 8
      vertex -2.64859 3.22732 8
    endloop
  endfacet
  facet normal 0.595711 -0.803199 0
    outer loop
      vertex -2.31951 3.47139 8
      vertex -2.64859 3.22732 0
      vertex -2.31951 3.47139 0
    endloop
  endfacet
  facet normal -0.595711 -0.803199 0
    outer loop
      vertex 2.31951 3.47139 0
      vertex 2.64859 3.22732 8
      vertex 2.31951 3.47139 8
    endloop
  endfacet
  facet normal -0.595711 -0.803199 -0
    outer loop
      vertex 2.64859 3.22732 8
      vertex 2.31951 3.47139 0
      vertex 2.64859 3.22732 0
    endloop
  endfacet
  facet normal -0.94155 0.336874 0
    outer loop
      vertex 3.8572 -1.5977 0
      vertex 3.99522 -1.21194 3.11909
      vertex 3.99522 -1.21194 0
    endloop
  endfacet
  facet normal -0.94159 0.336761 1.57878e-05
    outer loop
      vertex 3.99522 -1.21194 3.11909
      vertex 3.8572 -1.5977 0
      vertex 3.98261 -1.2472 3.16664
    endloop
  endfacet
  facet normal -0.94154 0.336901 -1.69534e-06
    outer loop
      vertex 3.98261 -1.2472 3.16664
      vertex 3.8572 -1.5977 0
      vertex 3.95553 -1.32288 3.2929
    endloop
  endfacet
  facet normal -0.941546 0.336886 -2.17019e-07
    outer loop
      vertex 3.95553 -1.32288 3.2929
      vertex 3.8572 -1.5977 0
      vertex 3.93301 -1.38582 3.42597
    endloop
  endfacet
  facet normal -0.941563 0.336837 3.15035e-06
    outer loop
      vertex 3.93301 -1.38582 3.42597
      vertex 3.8572 -1.5977 0
      vertex 3.91527 -1.43541 3.56457
    endloop
  endfacet
  facet normal -0.941534 0.336917 -9.25425e-07
    outer loop
      vertex 3.91527 -1.43541 3.56457
      vertex 3.8572 -1.5977 0
      vertex 3.90247 -1.47118 3.70736
    endloop
  endfacet
  facet normal -0.941634 0.336637 7.51656e-06
    outer loop
      vertex 3.89474 -1.49278 3.85297
      vertex 3.8572 -1.5977 0
      vertex 3.89216 -1.5 4
    endloop
  endfacet
  facet normal -0.941528 0.336934 -1.60201e-06
    outer loop
      vertex 3.90247 -1.47118 3.70736
      vertex 3.8572 -1.5977 0
      vertex 3.89474 -1.49278 3.85297
    endloop
  endfacet
  facet normal -0.94159 0.336761 -1.57873e-05
    outer loop
      vertex 3.8572 -1.5977 8
      vertex 3.99522 -1.21194 4.88091
      vertex 3.98261 -1.2472 4.83335
    endloop
  endfacet
  facet normal -0.94154 0.336901 1.69533e-06
    outer loop
      vertex 3.8572 -1.5977 8
      vertex 3.98261 -1.2472 4.83335
      vertex 3.95553 -1.32288 4.70709
    endloop
  endfacet
  facet normal -0.941546 0.336886 2.17019e-07
    outer loop
      vertex 3.8572 -1.5977 8
      vertex 3.95553 -1.32288 4.70709
      vertex 3.93301 -1.38582 4.57402
    endloop
  endfacet
  facet normal -0.941563 0.336837 -3.15038e-06
    outer loop
      vertex 3.8572 -1.5977 8
      vertex 3.93301 -1.38582 4.57402
      vertex 3.91527 -1.43541 4.43543
    endloop
  endfacet
  facet normal -0.941534 0.336917 9.25415e-07
    outer loop
      vertex 3.8572 -1.5977 8
      vertex 3.91527 -1.43541 4.43543
      vertex 3.90247 -1.47118 4.29263
    endloop
  endfacet
  facet normal -0.941528 0.336934 1.60202e-06
    outer loop
      vertex 3.8572 -1.5977 8
      vertex 3.90247 -1.47118 4.29263
      vertex 3.89474 -1.49278 4.14703
    endloop
  endfacet
  facet normal -0.94155 0.336874 0
    outer loop
      vertex 3.99522 -1.21194 4.88091
      vertex 3.8572 -1.5977 8
      vertex 3.99522 -1.21194 8
    endloop
  endfacet
  facet normal -0.941634 0.336637 -7.51656e-06
    outer loop
      vertex 3.89216 -1.5 4
      vertex 3.8572 -1.5977 8
      vertex 3.89474 -1.49278 4.14703
    endloop
  endfacet
  facet normal -0.941537 0.33691 0
    outer loop
      vertex 3.8572 -1.5977 8
      vertex 3.89216 -1.5 4
      vertex 3.8572 -1.5977 0
    endloop
  endfacet
  facet normal -0.989162 0.146827 1.47374e-05
    outer loop
      vertex 4.09478 -0.814502 8
      vertex 4.1549 -0.409221 5.44197
      vertex 4.15101 -0.435427 5.43541
    endloop
  endfacet
  facet normal -0.989175 0.146738 1.24938e-06
    outer loop
      vertex 4.09478 -0.814502 8
      vertex 4.15101 -0.435427 5.43541
      vertex 4.13045 -0.574024 5.38582
    endloop
  endfacet
  facet normal -0.989176 0.146737 1.16852e-06
    outer loop
      vertex 4.09478 -0.814502 8
      vertex 4.13045 -0.574024 5.38582
      vertex 4.11071 -0.707094 5.32288
    endloop
  endfacet
  facet normal -0.98918 0.146708 0
    outer loop
      vertex 4.09478 -0.814502 8
      vertex 4.11071 -0.707094 5.32288
      vertex 4.09478 -0.814502 5.2585
    endloop
  endfacet
  facet normal -0.989176 0.146736 0
    outer loop
      vertex 4.1549 -0.409221 5.44197
      vertex 4.09478 -0.814502 8
      vertex 4.1549 -0.409221 8
    endloop
  endfacet
  facet normal -0.989176 0.146736 0
    outer loop
      vertex 4.09478 -0.814502 0
      vertex 4.1549 -0.409221 2.55802
      vertex 4.1549 -0.409221 0
    endloop
  endfacet
  facet normal -0.989162 0.146827 -1.47366e-05
    outer loop
      vertex 4.1549 -0.409221 2.55802
      vertex 4.09478 -0.814502 0
      vertex 4.15101 -0.435427 2.56459
    endloop
  endfacet
  facet normal -0.989175 0.146738 -1.24938e-06
    outer loop
      vertex 4.15101 -0.435427 2.56459
      vertex 4.09478 -0.814502 0
      vertex 4.13045 -0.574024 2.61418
    endloop
  endfacet
  facet normal -0.989176 0.146737 -1.16852e-06
    outer loop
      vertex 4.13045 -0.574024 2.61418
      vertex 4.09478 -0.814502 0
      vertex 4.11071 -0.707094 2.67712
    endloop
  endfacet
  facet normal -0.98918 0.146708 0
    outer loop
      vertex 4.11071 -0.707094 2.67712
      vertex 4.09478 -0.814502 0
      vertex 4.09478 -0.814502 2.7415
    endloop
  endfacet
  facet normal 0.94155 -0.336874 0
    outer loop
      vertex -3.99522 1.21194 8
      vertex -3.8572 1.5977 0
      vertex -3.8572 1.5977 8
    endloop
  endfacet
  facet normal 0.94155 -0.336874 0
    outer loop
      vertex -3.8572 1.5977 0
      vertex -3.99522 1.21194 8
      vertex -3.99522 1.21194 0
    endloop
  endfacet
  facet normal 0.989176 -0.146736 0
    outer loop
      vertex -4.1549 0.409221 8
      vertex -4.09478 0.814502 0
      vertex -4.09478 0.814502 8
    endloop
  endfacet
  facet normal 0.989176 -0.146736 0
    outer loop
      vertex -4.09478 0.814502 0
      vertex -4.1549 0.409221 8
      vertex -4.1549 0.409221 0
    endloop
  endfacet
  facet normal 0.903986 0.427562 0
    outer loop
      vertex -3.68202 -1.96808 8
      vertex -3.8572 -1.5977 0
      vertex -3.8572 -1.5977 8
    endloop
  endfacet
  facet normal 0.903986 0.427562 0
    outer loop
      vertex -3.8572 -1.5977 0
      vertex -3.68202 -1.96808 8
      vertex -3.68202 -1.96808 0
    endloop
  endfacet
  facet normal -0.0490586 -0.998796 0
    outer loop
      vertex 0 4.175 0
      vertex 0.409221 4.1549 8
      vertex 0 4.175 8
    endloop
  endfacet
  facet normal -0.0490586 -0.998796 -0
    outer loop
      vertex 0.409221 4.1549 8
      vertex 0 4.175 0
      vertex 0.409221 4.1549 0
    endloop
  endfacet
  facet normal -0.970058 0.242873 -1.89485e-05
    outer loop
      vertex 3.99522 -1.21194 8
      vertex 4.09478 -0.814502 5.2585
      vertex 4.09006 -0.833355 5.2472
    endloop
  endfacet
  facet normal -0.970024 0.243008 7.58069e-07
    outer loop
      vertex 3.99522 -1.21194 8
      vertex 4.09006 -0.833355 5.2472
      vertex 4.06044 -0.95159 5.15952
    endloop
  endfacet
  facet normal -0.970032 0.242977 -2.26471e-06
    outer loop
      vertex 3.99522 -1.21194 8
      vertex 4.06044 -0.95159 5.15952
      vertex 4.03312 -1.06066 5.06066
    endloop
  endfacet
  facet normal -0.970038 0.242955 -3.47855e-06
    outer loop
      vertex 3.99522 -1.21194 8
      vertex 4.03312 -1.06066 5.06066
      vertex 4.00836 -1.15952 4.95159
    endloop
  endfacet
  facet normal -0.96999 0.243145 0
    outer loop
      vertex 3.99522 -1.21194 8
      vertex 4.00836 -1.15952 4.95159
      vertex 3.99522 -1.21194 4.88091
    endloop
  endfacet
  facet normal -0.970027 0.242996 0
    outer loop
      vertex 4.09478 -0.814502 5.2585
      vertex 3.99522 -1.21194 8
      vertex 4.09478 -0.814502 8
    endloop
  endfacet
  facet normal -0.970027 0.242996 0
    outer loop
      vertex 3.99522 -1.21194 0
      vertex 4.09478 -0.814502 2.7415
      vertex 4.09478 -0.814502 0
    endloop
  endfacet
  facet normal -0.970058 0.242873 1.89485e-05
    outer loop
      vertex 4.09478 -0.814502 2.7415
      vertex 3.99522 -1.21194 0
      vertex 4.09006 -0.833355 2.7528
    endloop
  endfacet
  facet normal -0.970024 0.243008 -7.58069e-07
    outer loop
      vertex 4.09006 -0.833355 2.7528
      vertex 3.99522 -1.21194 0
      vertex 4.06044 -0.95159 2.84048
    endloop
  endfacet
  facet normal -0.970032 0.242977 2.26471e-06
    outer loop
      vertex 4.06044 -0.95159 2.84048
      vertex 3.99522 -1.21194 0
      vertex 4.03312 -1.06066 2.93934
    endloop
  endfacet
  facet normal -0.970038 0.242955 3.47855e-06
    outer loop
      vertex 4.03312 -1.06066 2.93934
      vertex 3.99522 -1.21194 0
      vertex 4.00836 -1.15952 3.04841
    endloop
  endfacet
  facet normal -0.96999 0.243145 0
    outer loop
      vertex 4.00836 -1.15952 3.04841
      vertex 3.99522 -1.21194 0
      vertex 3.99522 -1.21194 3.11909
    endloop
  endfacet
  facet normal -0.903986 0.427562 0
    outer loop
      vertex 3.68202 -1.96808 0
      vertex 3.8572 -1.5977 8
      vertex 3.8572 -1.5977 0
    endloop
  endfacet
  facet normal -0.903986 0.427562 0
    outer loop
      vertex 3.8572 -1.5977 8
      vertex 3.68202 -1.96808 0
      vertex 3.68202 -1.96808 8
    endloop
  endfacet
  facet normal 0.74095 0.67156 0
    outer loop
      vertex -2.95217 -2.95217 8
      vertex -3.22732 -2.64859 0
      vertex -3.22732 -2.64859 8
    endloop
  endfacet
  facet normal 0.74095 0.67156 0
    outer loop
      vertex -3.22732 -2.64859 0
      vertex -2.95217 -2.95217 8
      vertex -2.95217 -2.95217 0
    endloop
  endfacet
  facet normal 0.146736 0.989176 -0
    outer loop
      vertex -0.409221 -4.1549 0
      vertex -0.814502 -4.09478 8
      vertex -0.409221 -4.1549 8
    endloop
  endfacet
  facet normal 0.146736 0.989176 0
    outer loop
      vertex -0.814502 -4.09478 8
      vertex -0.409221 -4.1549 0
      vertex -0.814502 -4.09478 0
    endloop
  endfacet
  facet normal 0.336874 -0.94155 0
    outer loop
      vertex -1.5977 3.8572 0
      vertex -1.21194 3.99522 8
      vertex -1.5977 3.8572 8
    endloop
  endfacet
  facet normal 0.336874 -0.94155 0
    outer loop
      vertex -1.21194 3.99522 8
      vertex -1.5977 3.8572 0
      vertex -1.21194 3.99522 0
    endloop
  endfacet
  facet normal -0.242996 0.970027 0
    outer loop
      vertex 1.21194 -3.99522 0
      vertex 0.814502 -4.09478 8
      vertex 1.21194 -3.99522 8
    endloop
  endfacet
  facet normal -0.242996 0.970027 0
    outer loop
      vertex 0.814502 -4.09478 8
      vertex 1.21194 -3.99522 0
      vertex 0.814502 -4.09478 0
    endloop
  endfacet
  facet normal -0.146736 0.989176 0
    outer loop
      vertex 0.814502 -4.09478 0
      vertex 0.409221 -4.1549 8
      vertex 0.814502 -4.09478 8
    endloop
  endfacet
  facet normal -0.146736 0.989176 0
    outer loop
      vertex 0.409221 -4.1549 8
      vertex 0.814502 -4.09478 0
      vertex 0.409221 -4.1549 0
    endloop
  endfacet
  facet normal -0.803199 -0.595711 0
    outer loop
      vertex 3.47139 2.31951 0
      vertex 3.22732 2.64859 8
      vertex 3.22732 2.64859 0
    endloop
  endfacet
  facet normal -0.803199 -0.595711 0
    outer loop
      vertex 3.22732 2.64859 8
      vertex 3.47139 2.31951 0
      vertex 3.47139 2.31951 8
    endloop
  endfacet
  facet normal 0.989176 0.146736 0
    outer loop
      vertex -4.09478 -0.814502 8
      vertex -4.1549 -0.409221 0
      vertex -4.1549 -0.409221 8
    endloop
  endfacet
  facet normal 0.989176 0.146736 0
    outer loop
      vertex -4.1549 -0.409221 0
      vertex -4.09478 -0.814502 8
      vertex -4.09478 -0.814502 0
    endloop
  endfacet
  facet normal -0.903986 -0.427562 0
    outer loop
      vertex 3.8572 1.5977 0
      vertex 3.68202 1.96808 8
      vertex 3.68202 1.96808 0
    endloop
  endfacet
  facet normal -0.903986 -0.427562 0
    outer loop
      vertex 3.68202 1.96808 8
      vertex 3.8572 1.5977 0
      vertex 3.8572 1.5977 8
    endloop
  endfacet
  facet normal -0.857738 0.514087 0
    outer loop
      vertex 3.47139 -2.31951 0
      vertex 3.68202 -1.96808 8
      vertex 3.68202 -1.96808 0
    endloop
  endfacet
  facet normal -0.857738 0.514087 0
    outer loop
      vertex 3.68202 -1.96808 8
      vertex 3.47139 -2.31951 0
      vertex 3.47139 -2.31951 8
    endloop
  endfacet
  facet normal -0.336874 -0.94155 0
    outer loop
      vertex 1.21194 3.99522 0
      vertex 1.5977 3.8572 8
      vertex 1.21194 3.99522 8
    endloop
  endfacet
  facet normal -0.336874 -0.94155 -0
    outer loop
      vertex 1.5977 3.8572 8
      vertex 1.21194 3.99522 0
      vertex 1.5977 3.8572 0
    endloop
  endfacet
  facet normal 0.74095 -0.67156 0
    outer loop
      vertex -3.22732 2.64859 8
      vertex -2.95217 2.95217 0
      vertex -2.95217 2.95217 8
    endloop
  endfacet
  facet normal 0.74095 -0.67156 0
    outer loop
      vertex -2.95217 2.95217 0
      vertex -3.22732 2.64859 8
      vertex -3.22732 2.64859 0
    endloop
  endfacet
  facet normal 0.0490586 0.998796 -0
    outer loop
      vertex 0 -4.175 0
      vertex -0.409221 -4.1549 8
      vertex 0 -4.175 8
    endloop
  endfacet
  facet normal 0.0490586 0.998796 0
    outer loop
      vertex -0.409221 -4.1549 8
      vertex 0 -4.175 0
      vertex -0.409221 -4.1549 0
    endloop
  endfacet
  facet normal 0.514087 -0.857738 0
    outer loop
      vertex -2.31951 3.47139 0
      vertex -1.96808 3.68202 8
      vertex -2.31951 3.47139 8
    endloop
  endfacet
  facet normal 0.514087 -0.857738 0
    outer loop
      vertex -1.96808 3.68202 8
      vertex -2.31951 3.47139 0
      vertex -1.96808 3.68202 0
    endloop
  endfacet
  facet normal 0.67156 0.74095 -0
    outer loop
      vertex -2.64859 -3.22732 0
      vertex -2.95217 -2.95217 8
      vertex -2.64859 -3.22732 8
    endloop
  endfacet
  facet normal 0.67156 0.74095 0
    outer loop
      vertex -2.95217 -2.95217 8
      vertex -2.64859 -3.22732 0
      vertex -2.95217 -2.95217 0
    endloop
  endfacet
  facet normal 0.903986 -0.427562 0
    outer loop
      vertex -3.8572 1.5977 8
      vertex -3.68202 1.96808 0
      vertex -3.68202 1.96808 8
    endloop
  endfacet
  facet normal 0.903986 -0.427562 0
    outer loop
      vertex -3.68202 1.96808 0
      vertex -3.8572 1.5977 8
      vertex -3.8572 1.5977 0
    endloop
  endfacet
  facet normal 0.427562 -0.903986 0
    outer loop
      vertex -1.96808 3.68202 0
      vertex -1.5977 3.8572 8
      vertex -1.96808 3.68202 8
    endloop
  endfacet
  facet normal 0.427562 -0.903986 0
    outer loop
      vertex -1.5977 3.8572 8
      vertex -1.96808 3.68202 0
      vertex -1.5977 3.8572 0
    endloop
  endfacet
  facet normal 0.427562 0.903986 -0
    outer loop
      vertex -1.5977 -3.8572 0
      vertex -1.96808 -3.68202 8
      vertex -1.5977 -3.8572 8
    endloop
  endfacet
  facet normal 0.427562 0.903986 0
    outer loop
      vertex -1.96808 -3.68202 8
      vertex -1.5977 -3.8572 0
      vertex -1.96808 -3.68202 0
    endloop
  endfacet
  facet normal -0.336874 0.94155 0
    outer loop
      vertex 1.5977 -3.8572 0
      vertex 1.21194 -3.99522 8
      vertex 1.5977 -3.8572 8
    endloop
  endfacet
  facet normal -0.336874 0.94155 0
    outer loop
      vertex 1.21194 -3.99522 8
      vertex 1.5977 -3.8572 0
      vertex 1.21194 -3.99522 0
    endloop
  endfacet
  facet normal -0.857738 -0.514087 0
    outer loop
      vertex 3.68202 1.96808 0
      vertex 3.47139 2.31951 8
      vertex 3.47139 2.31951 0
    endloop
  endfacet
  facet normal -0.857738 -0.514087 0
    outer loop
      vertex 3.47139 2.31951 8
      vertex 3.68202 1.96808 0
      vertex 3.68202 1.96808 8
    endloop
  endfacet
  facet normal 0.857738 0.514087 0
    outer loop
      vertex -3.47139 -2.31951 8
      vertex -3.68202 -1.96808 0
      vertex -3.68202 -1.96808 8
    endloop
  endfacet
  facet normal 0.857738 0.514087 0
    outer loop
      vertex -3.68202 -1.96808 0
      vertex -3.47139 -2.31951 8
      vertex -3.47139 -2.31951 0
    endloop
  endfacet
  facet normal 0.857738 -0.514087 0
    outer loop
      vertex -3.68202 1.96808 8
      vertex -3.47139 2.31951 0
      vertex -3.47139 2.31951 8
    endloop
  endfacet
  facet normal 0.857738 -0.514087 0
    outer loop
      vertex -3.47139 2.31951 0
      vertex -3.68202 1.96808 8
      vertex -3.68202 1.96808 0
    endloop
  endfacet
  facet normal 0.0490586 -0.998796 0
    outer loop
      vertex -0.409221 4.1549 0
      vertex 0 4.175 8
      vertex -0.409221 4.1549 8
    endloop
  endfacet
  facet normal 0.0490586 -0.998796 0
    outer loop
      vertex 0 4.175 8
      vertex -0.409221 4.1549 0
      vertex 0 4.175 0
    endloop
  endfacet
  facet normal 0.242996 -0.970027 0
    outer loop
      vertex -1.21194 3.99522 0
      vertex -0.814502 4.09478 8
      vertex -1.21194 3.99522 8
    endloop
  endfacet
  facet normal 0.242996 -0.970027 0
    outer loop
      vertex -0.814502 4.09478 8
      vertex -1.21194 3.99522 0
      vertex -0.814502 4.09478 0
    endloop
  endfacet
  facet normal 0.970027 0.242996 0
    outer loop
      vertex -3.99522 -1.21194 8
      vertex -4.09478 -0.814502 0
      vertex -4.09478 -0.814502 8
    endloop
  endfacet
  facet normal 0.970027 0.242996 0
    outer loop
      vertex -4.09478 -0.814502 0
      vertex -3.99522 -1.21194 8
      vertex -3.99522 -1.21194 0
    endloop
  endfacet
  facet normal 0.998796 0.0490586 0
    outer loop
      vertex -4.1549 -0.409221 8
      vertex -4.175 0 0
      vertex -4.175 0 8
    endloop
  endfacet
  facet normal 0.998796 0.0490586 0
    outer loop
      vertex -4.175 0 0
      vertex -4.1549 -0.409221 8
      vertex -4.1549 -0.409221 0
    endloop
  endfacet
  facet normal -0.67156 -0.74095 0
    outer loop
      vertex 2.64859 3.22732 0
      vertex 2.95217 2.95217 8
      vertex 2.64859 3.22732 8
    endloop
  endfacet
  facet normal -0.67156 -0.74095 -0
    outer loop
      vertex 2.95217 2.95217 8
      vertex 2.64859 3.22732 0
      vertex 2.95217 2.95217 0
    endloop
  endfacet
  facet normal -0.74095 -0.67156 0
    outer loop
      vertex 3.22732 2.64859 0
      vertex 2.95217 2.95217 8
      vertex 2.95217 2.95217 0
    endloop
  endfacet
  facet normal -0.74095 -0.67156 0
    outer loop
      vertex 2.95217 2.95217 8
      vertex 3.22732 2.64859 0
      vertex 3.22732 2.64859 8
    endloop
  endfacet
  facet normal 0.336874 0.94155 -0
    outer loop
      vertex -1.21194 -3.99522 0
      vertex -1.5977 -3.8572 8
      vertex -1.21194 -3.99522 8
    endloop
  endfacet
  facet normal 0.336874 0.94155 0
    outer loop
      vertex -1.5977 -3.8572 8
      vertex -1.21194 -3.99522 0
      vertex -1.5977 -3.8572 0
    endloop
  endfacet
  facet normal -0.0490586 0.998796 0
    outer loop
      vertex 0.409221 -4.1549 0
      vertex 0 -4.175 8
      vertex 0.409221 -4.1549 8
    endloop
  endfacet
  facet normal -0.0490586 0.998796 0
    outer loop
      vertex 0 -4.175 8
      vertex 0.409221 -4.1549 0
      vertex 0 -4.175 0
    endloop
  endfacet
  facet normal -0.242996 -0.970027 0
    outer loop
      vertex 0.814502 4.09478 0
      vertex 1.21194 3.99522 8
      vertex 0.814502 4.09478 8
    endloop
  endfacet
  facet normal -0.242996 -0.970027 -0
    outer loop
      vertex 1.21194 3.99522 8
      vertex 0.814502 4.09478 0
      vertex 1.21194 3.99522 0
    endloop
  endfacet
  facet normal 0.803199 -0.595711 0
    outer loop
      vertex -3.47139 2.31951 8
      vertex -3.22732 2.64859 0
      vertex -3.22732 2.64859 8
    endloop
  endfacet
  facet normal 0.803199 -0.595711 0
    outer loop
      vertex -3.22732 2.64859 0
      vertex -3.47139 2.31951 8
      vertex -3.47139 2.31951 0
    endloop
  endfacet
  facet normal -0.595711 0.803199 0
    outer loop
      vertex 2.64859 -3.22732 0
      vertex 2.31951 -3.47139 8
      vertex 2.64859 -3.22732 8
    endloop
  endfacet
  facet normal -0.595711 0.803199 0
    outer loop
      vertex 2.31951 -3.47139 8
      vertex 2.64859 -3.22732 0
      vertex 2.31951 -3.47139 0
    endloop
  endfacet
  facet normal 0.998796 -0.0490586 0
    outer loop
      vertex -4.175 0 8
      vertex -4.1549 0.409221 0
      vertex -4.1549 0.409221 8
    endloop
  endfacet
  facet normal 0.998796 -0.0490586 0
    outer loop
      vertex -4.1549 0.409221 0
      vertex -4.175 0 8
      vertex -4.175 0 0
    endloop
  endfacet
  facet normal 0.514087 0.857738 -0
    outer loop
      vertex -1.96808 -3.68202 0
      vertex -2.31951 -3.47139 8
      vertex -1.96808 -3.68202 8
    endloop
  endfacet
  facet normal 0.514087 0.857738 0
    outer loop
      vertex -2.31951 -3.47139 8
      vertex -1.96808 -3.68202 0
      vertex -2.31951 -3.47139 0
    endloop
  endfacet
  facet normal 0 -0.242996 -0.970027
    outer loop
      vertex 4.16062 0.292635 5.47118
      vertex 8.97861 0.435427 5.43541
      vertex 8.98562 0.292635 5.47118
    endloop
  endfacet
  facet normal 1.16069e-06 -0.243033 -0.970018
    outer loop
      vertex 4.1549 0.409221 5.44197
      vertex 8.97861 0.435427 5.43541
      vertex 4.16062 0.292635 5.47118
    endloop
  endfacet
  facet normal -0 -0.242832 -0.970068
    outer loop
      vertex 8.97861 0.435427 5.43541
      vertex 4.1549 0.409221 5.44197
      vertex 4.15101 0.435427 5.43541
    endloop
  endfacet
  facet normal 0 -0.970027 0.242999
    outer loop
      vertex 3.91527 1.43541 3.56457
      vertex 8.86929 1.47118 3.70736
      vertex 3.90247 1.47118 3.70736
    endloop
  endfacet
  facet normal 0 -0.970027 0.242999
    outer loop
      vertex 8.86929 1.47118 3.70736
      vertex 3.91527 1.43541 3.56457
      vertex 8.87459 1.43541 3.56457
    endloop
  endfacet
  facet normal 0 0.857721 -0.514116
    outer loop
      vertex 8.89129 -1.32288 4.70709
      vertex 3.98261 -1.2472 4.83335
      vertex 8.90251 -1.2472 4.83335
    endloop
  endfacet
  facet normal 0 0.857721 -0.514116
    outer loop
      vertex 3.98261 -1.2472 4.83335
      vertex 8.89129 -1.32288 4.70709
      vertex 3.95553 -1.32288 4.70709
    endloop
  endfacet
  facet normal 0 -0.0490482 0.998796
    outer loop
      vertex 8.99278 0.147025 2.50722
      vertex 4.175 0 2.5
      vertex 9 0 2.5
    endloop
  endfacet
  facet normal 0 -0.0490482 0.998796
    outer loop
      vertex 4.175 0 2.5
      vertex 8.99278 0.147025 2.50722
      vertex 4.16778 0.147025 2.50722
    endloop
  endfacet
  facet normal 0 0.94154 -0.3369
    outer loop
      vertex 8.87459 -1.43541 4.43543
      vertex 3.93301 -1.38582 4.57402
      vertex 8.88195 -1.38582 4.57402
    endloop
  endfacet
  facet normal 0 0.94154 -0.3369
    outer loop
      vertex 3.93301 -1.38582 4.57402
      vertex 8.87459 -1.43541 4.43543
      vertex 3.91527 -1.43541 4.43543
    endloop
  endfacet
  facet normal -0 0.336885 0.941546
    outer loop
      vertex 4.15101 -0.435427 2.56459
      vertex 8.9718 -0.574024 2.61418
      vertex 8.97861 -0.435427 2.56459
    endloop
  endfacet
  facet normal 0 0.336885 0.941546
    outer loop
      vertex 8.9718 -0.574024 2.61418
      vertex 4.15101 -0.435427 2.56459
      vertex 4.13045 -0.574024 2.61418
    endloop
  endfacet
  facet normal 0 -0.0490482 -0.998796
    outer loop
      vertex 4.175 0 5.5
      vertex 8.99278 0.147025 5.49278
      vertex 9 0 5.5
    endloop
  endfacet
  facet normal -0 -0.0490482 -0.998796
    outer loop
      vertex 8.99278 0.147025 5.49278
      vertex 4.175 0 5.5
      vertex 4.16778 0.147025 5.49278
    endloop
  endfacet
  facet normal 0 0.514113 -0.857722
    outer loop
      vertex 8.95906 -0.833355 5.2472
      vertex 4.11071 -0.707094 5.32288
      vertex 8.96526 -0.707094 5.32288
    endloop
  endfacet
  facet normal 7.50477e-08 0.514115 -0.857721
    outer loop
      vertex 8.95906 -0.833355 5.2472
      vertex 4.09478 -0.814502 5.2585
      vertex 4.11071 -0.707094 5.32288
    endloop
  endfacet
  facet normal 0 0.514101 -0.85773
    outer loop
      vertex 4.09478 -0.814502 5.2585
      vertex 8.95906 -0.833355 5.2472
      vertex 4.09006 -0.833355 5.2472
    endloop
  endfacet
  facet normal -0 -0.857721 -0.514116
    outer loop
      vertex 8.89129 1.32288 4.70709
      vertex 3.98261 1.2472 4.83335
      vertex 3.95553 1.32288 4.70709
    endloop
  endfacet
  facet normal 0 -0.857721 -0.514116
    outer loop
      vertex 3.98261 1.2472 4.83335
      vertex 8.89129 1.32288 4.70709
      vertex 8.90251 1.2472 4.83335
    endloop
  endfacet
  facet normal 0 -0.146736 0.989176
    outer loop
      vertex 8.98562 0.292635 2.52882
      vertex 4.16778 0.147025 2.50722
      vertex 8.99278 0.147025 2.50722
    endloop
  endfacet
  facet normal 0 -0.146736 0.989176
    outer loop
      vertex 4.16778 0.147025 2.50722
      vertex 8.98562 0.292635 2.52882
      vertex 4.16062 0.292635 2.52882
    endloop
  endfacet
  facet normal -0 0.941548 0.336879
    outer loop
      vertex 3.93301 -1.38582 3.42597
      vertex 8.87459 -1.43541 3.56457
      vertex 8.88195 -1.38582 3.42597
    endloop
  endfacet
  facet normal 0 0.941548 0.336879
    outer loop
      vertex 8.87459 -1.43541 3.56457
      vertex 3.93301 -1.38582 3.42597
      vertex 3.91527 -1.43541 3.56457
    endloop
  endfacet
  facet normal 0 0.336885 -0.941546
    outer loop
      vertex 8.9718 -0.574024 5.38582
      vertex 4.15101 -0.435427 5.43541
      vertex 8.97861 -0.435427 5.43541
    endloop
  endfacet
  facet normal 0 0.336885 -0.941546
    outer loop
      vertex 4.15101 -0.435427 5.43541
      vertex 8.9718 -0.574024 5.38582
      vertex 4.13045 -0.574024 5.38582
    endloop
  endfacet
  facet normal -0.000545851 -0.595697 0.803209
    outer loop
      vertex 8.94636 0.95159 2.84048
      vertex 8.95906 0.833355 2.7528
      vertex 8.95666 0.882154 2.78899
    endloop
  endfacet
  facet normal 0 -0.59566 0.803237
    outer loop
      vertex 8.94636 0.95159 2.84048
      vertex 4.09006 0.833355 2.7528
      vertex 8.95906 0.833355 2.7528
    endloop
  endfacet
  facet normal 0 -0.59566 0.803237
    outer loop
      vertex 4.09006 0.833355 2.7528
      vertex 8.94636 0.95159 2.84048
      vertex 4.06044 0.95159 2.84048
    endloop
  endfacet
  facet normal 0 -0.242996 0.970027
    outer loop
      vertex 8.97861 0.435427 2.56459
      vertex 4.16062 0.292635 2.52882
      vertex 8.98562 0.292635 2.52882
    endloop
  endfacet
  facet normal -1.30163e-06 -0.242955 0.970038
    outer loop
      vertex 8.97861 0.435427 2.56459
      vertex 4.1549 0.409221 2.55802
      vertex 4.16062 0.292635 2.52882
    endloop
  endfacet
  facet normal 0 -0.24318 0.969981
    outer loop
      vertex 4.1549 0.409221 2.55802
      vertex 8.97861 0.435427 2.56459
      vertex 4.15101 0.435427 2.56459
    endloop
  endfacet
  facet normal -0 0.989176 0.146736
    outer loop
      vertex 3.90247 -1.47118 3.70736
      vertex 8.86609 -1.49278 3.85297
      vertex 8.86929 -1.47118 3.70736
    endloop
  endfacet
  facet normal 0 0.989176 0.146736
    outer loop
      vertex 8.86609 -1.49278 3.85297
      vertex 3.90247 -1.47118 3.70736
      vertex 3.89474 -1.49278 3.85297
    endloop
  endfacet
  facet normal 0 0.242996 -0.970027
    outer loop
      vertex 8.97861 -0.435427 5.43541
      vertex 4.16062 -0.292635 5.47118
      vertex 8.98562 -0.292635 5.47118
    endloop
  endfacet
  facet normal 1.16069e-06 0.243033 -0.970018
    outer loop
      vertex 8.97861 -0.435427 5.43541
      vertex 4.1549 -0.409221 5.44197
      vertex 4.16062 -0.292635 5.47118
    endloop
  endfacet
  facet normal 0 0.242832 -0.970068
    outer loop
      vertex 4.1549 -0.409221 5.44197
      vertex 8.97861 -0.435427 5.43541
      vertex 4.15101 -0.435427 5.43541
    endloop
  endfacet
  facet normal -0 0.0490482 0.998796
    outer loop
      vertex 4.175 0 2.5
      vertex 8.99278 -0.147025 2.50722
      vertex 9 0 2.5
    endloop
  endfacet
  facet normal 0 0.0490482 0.998796
    outer loop
      vertex 8.99278 -0.147025 2.50722
      vertex 4.175 0 2.5
      vertex 4.16778 -0.147025 2.50722
    endloop
  endfacet
  facet normal 0 -0.427569 -0.903983
    outer loop
      vertex 4.13045 0.574024 5.38582
      vertex 8.96526 0.707094 5.32288
      vertex 8.9718 0.574024 5.38582
    endloop
  endfacet
  facet normal -0 -0.427569 -0.903983
    outer loop
      vertex 8.96526 0.707094 5.32288
      vertex 4.13045 0.574024 5.38582
      vertex 4.11071 0.707094 5.32288
    endloop
  endfacet
  facet normal -0 0.998796 0.0490465
    outer loop
      vertex 3.89474 -1.49278 3.85297
      vertex 8.86501 -1.5 4
      vertex 8.86609 -1.49278 3.85297
    endloop
  endfacet
  facet normal 0 0.998796 0.0490465
    outer loop
      vertex 8.86501 -1.5 4
      vertex 3.89474 -1.49278 3.85297
      vertex 3.89216 -1.5 4
    endloop
  endfacet
  facet normal -0 0.242996 0.970027
    outer loop
      vertex 4.16062 -0.292635 2.52882
      vertex 8.97861 -0.435427 2.56459
      vertex 8.98562 -0.292635 2.52882
    endloop
  endfacet
  facet normal -1.30163e-06 0.242955 0.970038
    outer loop
      vertex 4.1549 -0.409221 2.55802
      vertex 8.97861 -0.435427 2.56459
      vertex 4.16062 -0.292635 2.52882
    endloop
  endfacet
  facet normal 0 0.24318 0.969981
    outer loop
      vertex 8.97861 -0.435427 2.56459
      vertex 4.1549 -0.409221 2.55802
      vertex 4.15101 -0.435427 2.56459
    endloop
  endfacet
  facet normal 0 -0.336885 0.941546
    outer loop
      vertex 8.9718 0.574024 2.61418
      vertex 4.15101 0.435427 2.56459
      vertex 8.97861 0.435427 2.56459
    endloop
  endfacet
  facet normal 0 -0.336885 0.941546
    outer loop
      vertex 4.15101 0.435427 2.56459
      vertex 8.9718 0.574024 2.61418
      vertex 4.13045 0.574024 2.61418
    endloop
  endfacet
  facet normal -0 -0.740935 -0.671577
    outer loop
      vertex 8.91552 1.15952 4.95159
      vertex 4.03312 1.06066 5.06066
      vertex 4.00836 1.15952 4.95159
    endloop
  endfacet
  facet normal 0 -0.740935 -0.671577
    outer loop
      vertex 4.03312 1.06066 5.06066
      vertex 8.91552 1.15952 4.95159
      vertex 8.93018 1.06066 5.06066
    endloop
  endfacet
  facet normal 0 -0.903983 0.427569
    outer loop
      vertex 3.95553 1.32288 3.2929
      vertex 8.88195 1.38582 3.42597
      vertex 3.93301 1.38582 3.42597
    endloop
  endfacet
  facet normal 0 -0.903983 0.427569
    outer loop
      vertex 8.88195 1.38582 3.42597
      vertex 3.95553 1.32288 3.2929
      vertex 8.89129 1.32288 3.2929
    endloop
  endfacet
  facet normal 0 -0.671577 0.740935
    outer loop
      vertex 8.93018 1.06066 2.93934
      vertex 4.06044 0.95159 2.84048
      vertex 8.94636 0.95159 2.84048
    endloop
  endfacet
  facet normal 0 -0.671577 0.740935
    outer loop
      vertex 4.06044 0.95159 2.84048
      vertex 8.93018 1.06066 2.93934
      vertex 4.03312 1.06066 2.93934
    endloop
  endfacet
  facet normal 0 -0.998796 0.0490465
    outer loop
      vertex 3.89474 1.49278 3.85297
      vertex 8.86501 1.5 4
      vertex 3.89216 1.5 4
    endloop
  endfacet
  facet normal 0 -0.998796 0.0490465
    outer loop
      vertex 8.86501 1.5 4
      vertex 3.89474 1.49278 3.85297
      vertex 8.86609 1.49278 3.85297
    endloop
  endfacet
  facet normal -0 0.970027 0.242999
    outer loop
      vertex 3.91527 -1.43541 3.56457
      vertex 8.86929 -1.47118 3.70736
      vertex 8.87459 -1.43541 3.56457
    endloop
  endfacet
  facet normal 0 0.970027 0.242999
    outer loop
      vertex 8.86929 -1.47118 3.70736
      vertex 3.91527 -1.43541 3.56457
      vertex 3.90247 -1.47118 3.70736
    endloop
  endfacet
  facet normal 0 0.740935 -0.671577
    outer loop
      vertex 8.91552 -1.15952 4.95159
      vertex 4.03312 -1.06066 5.06066
      vertex 8.93018 -1.06066 5.06066
    endloop
  endfacet
  facet normal 0 0.740935 -0.671577
    outer loop
      vertex 4.03312 -1.06066 5.06066
      vertex 8.91552 -1.15952 4.95159
      vertex 4.00836 -1.15952 4.95159
    endloop
  endfacet
  facet normal 0 -0.514113 0.857722
    outer loop
      vertex 8.95906 0.833355 2.7528
      vertex 4.11071 0.707094 2.67712
      vertex 8.96526 0.707094 2.67712
    endloop
  endfacet
  facet normal 7.50477e-08 -0.514115 0.857721
    outer loop
      vertex 8.95906 0.833355 2.7528
      vertex 4.09478 0.814502 2.7415
      vertex 4.11071 0.707094 2.67712
    endloop
  endfacet
  facet normal 0 -0.514101 0.85773
    outer loop
      vertex 4.09478 0.814502 2.7415
      vertex 8.95906 0.833355 2.7528
      vertex 4.09006 0.833355 2.7528
    endloop
  endfacet
  facet normal 0 0.803249 -0.595643
    outer loop
      vertex 8.90251 -1.2472 4.83335
      vertex 4.00836 -1.15952 4.95159
      vertex 8.91552 -1.15952 4.95159
    endloop
  endfacet
  facet normal -2.12295e-06 0.803207 -0.5957
    outer loop
      vertex 4.00836 -1.15952 4.95159
      vertex 8.90251 -1.2472 4.83335
      vertex 3.99522 -1.21194 4.88091
    endloop
  endfacet
  facet normal 0 0.803312 -0.595559
    outer loop
      vertex 3.99522 -1.21194 4.88091
      vertex 8.90251 -1.2472 4.83335
      vertex 3.98261 -1.2472 4.83335
    endloop
  endfacet
  facet normal -0 0.146736 0.989176
    outer loop
      vertex 4.16778 -0.147025 2.50722
      vertex 8.98562 -0.292635 2.52882
      vertex 8.99278 -0.147025 2.50722
    endloop
  endfacet
  facet normal 0 0.146736 0.989176
    outer loop
      vertex 8.98562 -0.292635 2.52882
      vertex 4.16778 -0.147025 2.50722
      vertex 4.16062 -0.292635 2.52882
    endloop
  endfacet
  facet normal 0 0.903983 -0.427569
    outer loop
      vertex 8.88195 -1.38582 4.57402
      vertex 3.95553 -1.32288 4.70709
      vertex 8.89129 -1.32288 4.70709
    endloop
  endfacet
  facet normal 0 0.903983 -0.427569
    outer loop
      vertex 3.95553 -1.32288 4.70709
      vertex 8.88195 -1.38582 4.57402
      vertex 3.93301 -1.38582 4.57402
    endloop
  endfacet
  facet normal -0 -0.94154 -0.3369
    outer loop
      vertex 8.87459 1.43541 4.43543
      vertex 3.93301 1.38582 4.57402
      vertex 3.91527 1.43541 4.43543
    endloop
  endfacet
  facet normal 0 -0.94154 -0.3369
    outer loop
      vertex 3.93301 1.38582 4.57402
      vertex 8.87459 1.43541 4.43543
      vertex 8.88195 1.38582 4.57402
    endloop
  endfacet
  facet normal -0 -0.989174 -0.146746
    outer loop
      vertex 8.86609 1.49278 4.14703
      vertex 3.90247 1.47118 4.29263
      vertex 3.89474 1.49278 4.14703
    endloop
  endfacet
  facet normal 0 -0.989174 -0.146746
    outer loop
      vertex 3.90247 1.47118 4.29263
      vertex 8.86609 1.49278 4.14703
      vertex 8.86929 1.47118 4.29263
    endloop
  endfacet
  facet normal -0.000545851 -0.595697 -0.803209
    outer loop
      vertex 8.95906 0.833355 5.2472
      vertex 8.94636 0.95159 5.15952
      vertex 8.95666 0.882154 5.21101
    endloop
  endfacet
  facet normal 0 -0.59566 -0.803237
    outer loop
      vertex 4.09006 0.833355 5.2472
      vertex 8.94636 0.95159 5.15952
      vertex 8.95906 0.833355 5.2472
    endloop
  endfacet
  facet normal -0 -0.59566 -0.803237
    outer loop
      vertex 8.94636 0.95159 5.15952
      vertex 4.09006 0.833355 5.2472
      vertex 4.06044 0.95159 5.15952
    endloop
  endfacet
  facet normal 0 -0.857721 0.514116
    outer loop
      vertex 3.98261 1.2472 3.16664
      vertex 8.89129 1.32288 3.2929
      vertex 3.95553 1.32288 3.2929
    endloop
  endfacet
  facet normal 0 -0.857721 0.514116
    outer loop
      vertex 8.89129 1.32288 3.2929
      vertex 3.98261 1.2472 3.16664
      vertex 8.90251 1.2472 3.16664
    endloop
  endfacet
  facet normal 0 -0.989176 0.146736
    outer loop
      vertex 3.90247 1.47118 3.70736
      vertex 8.86609 1.49278 3.85297
      vertex 3.89474 1.49278 3.85297
    endloop
  endfacet
  facet normal 0 -0.989176 0.146736
    outer loop
      vertex 8.86609 1.49278 3.85297
      vertex 3.90247 1.47118 3.70736
      vertex 8.86929 1.47118 3.70736
    endloop
  endfacet
  facet normal 0 0.0490482 -0.998796
    outer loop
      vertex 8.99278 -0.147025 5.49278
      vertex 4.175 0 5.5
      vertex 9 0 5.5
    endloop
  endfacet
  facet normal 0 0.0490482 -0.998796
    outer loop
      vertex 4.175 0 5.5
      vertex 8.99278 -0.147025 5.49278
      vertex 4.16778 -0.147025 5.49278
    endloop
  endfacet
  facet normal 0 0.998796 -0.0490465
    outer loop
      vertex 8.86501 -1.5 4
      vertex 3.89474 -1.49278 4.14703
      vertex 8.86609 -1.49278 4.14703
    endloop
  endfacet
  facet normal 0 0.998796 -0.0490465
    outer loop
      vertex 3.89474 -1.49278 4.14703
      vertex 8.86501 -1.5 4
      vertex 3.89216 -1.5 4
    endloop
  endfacet
  facet normal -0.000545851 0.595697 0.803209
    outer loop
      vertex 8.95906 -0.833355 2.7528
      vertex 8.94636 -0.95159 2.84048
      vertex 8.95666 -0.882154 2.78899
    endloop
  endfacet
  facet normal -0 0.59566 0.803237
    outer loop
      vertex 4.09006 -0.833355 2.7528
      vertex 8.94636 -0.95159 2.84048
      vertex 8.95906 -0.833355 2.7528
    endloop
  endfacet
  facet normal 0 0.59566 0.803237
    outer loop
      vertex 8.94636 -0.95159 2.84048
      vertex 4.09006 -0.833355 2.7528
      vertex 4.06044 -0.95159 2.84048
    endloop
  endfacet
  facet normal -0 0.514113 0.857722
    outer loop
      vertex 4.11071 -0.707094 2.67712
      vertex 8.95906 -0.833355 2.7528
      vertex 8.96526 -0.707094 2.67712
    endloop
  endfacet
  facet normal 7.50477e-08 0.514115 0.857721
    outer loop
      vertex 4.09478 -0.814502 2.7415
      vertex 8.95906 -0.833355 2.7528
      vertex 4.11071 -0.707094 2.67712
    endloop
  endfacet
  facet normal 0 0.514101 0.85773
    outer loop
      vertex 8.95906 -0.833355 2.7528
      vertex 4.09478 -0.814502 2.7415
      vertex 4.09006 -0.833355 2.7528
    endloop
  endfacet
  facet normal 0 -0.427569 0.903983
    outer loop
      vertex 8.96526 0.707094 2.67712
      vertex 4.13045 0.574024 2.61418
      vertex 8.9718 0.574024 2.61418
    endloop
  endfacet
  facet normal 0 -0.427569 0.903983
    outer loop
      vertex 4.13045 0.574024 2.61418
      vertex 8.96526 0.707094 2.67712
      vertex 4.11071 0.707094 2.67712
    endloop
  endfacet
  facet normal 0 -0.514113 -0.857722
    outer loop
      vertex 4.11071 0.707094 5.32288
      vertex 8.95906 0.833355 5.2472
      vertex 8.96526 0.707094 5.32288
    endloop
  endfacet
  facet normal 7.50477e-08 -0.514115 -0.857721
    outer loop
      vertex 4.09478 0.814502 5.2585
      vertex 8.95906 0.833355 5.2472
      vertex 4.11071 0.707094 5.32288
    endloop
  endfacet
  facet normal -0 -0.514101 -0.85773
    outer loop
      vertex 8.95906 0.833355 5.2472
      vertex 4.09478 0.814502 5.2585
      vertex 4.09006 0.833355 5.2472
    endloop
  endfacet
  facet normal 0 -0.336885 -0.941546
    outer loop
      vertex 4.15101 0.435427 5.43541
      vertex 8.9718 0.574024 5.38582
      vertex 8.97861 0.435427 5.43541
    endloop
  endfacet
  facet normal -0 -0.336885 -0.941546
    outer loop
      vertex 8.9718 0.574024 5.38582
      vertex 4.15101 0.435427 5.43541
      vertex 4.13045 0.574024 5.38582
    endloop
  endfacet
  facet normal -0 0.671577 0.740935
    outer loop
      vertex 4.06044 -0.95159 2.84048
      vertex 8.93018 -1.06066 2.93934
      vertex 8.94636 -0.95159 2.84048
    endloop
  endfacet
  facet normal 0 0.671577 0.740935
    outer loop
      vertex 8.93018 -1.06066 2.93934
      vertex 4.06044 -0.95159 2.84048
      vertex 4.03312 -1.06066 2.93934
    endloop
  endfacet
  facet normal 0 -0.146736 -0.989176
    outer loop
      vertex 4.16778 0.147025 5.49278
      vertex 8.98562 0.292635 5.47118
      vertex 8.99278 0.147025 5.49278
    endloop
  endfacet
  facet normal -0 -0.146736 -0.989176
    outer loop
      vertex 8.98562 0.292635 5.47118
      vertex 4.16778 0.147025 5.49278
      vertex 4.16062 0.292635 5.47118
    endloop
  endfacet
  facet normal 0 -0.941548 0.336879
    outer loop
      vertex 3.93301 1.38582 3.42597
      vertex 8.87459 1.43541 3.56457
      vertex 3.91527 1.43541 3.56457
    endloop
  endfacet
  facet normal 0 -0.941548 0.336879
    outer loop
      vertex 8.87459 1.43541 3.56457
      vertex 3.93301 1.38582 3.42597
      vertex 8.88195 1.38582 3.42597
    endloop
  endfacet
  facet normal -2.12295e-06 -0.803207 -0.5957
    outer loop
      vertex 8.90251 1.2472 4.83335
      vertex 4.00836 1.15952 4.95159
      vertex 3.99522 1.21194 4.88091
    endloop
  endfacet
  facet normal -0 -0.803312 -0.595559
    outer loop
      vertex 8.90251 1.2472 4.83335
      vertex 3.99522 1.21194 4.88091
      vertex 3.98261 1.2472 4.83335
    endloop
  endfacet
  facet normal 0 -0.803249 -0.595643
    outer loop
      vertex 4.00836 1.15952 4.95159
      vertex 8.90251 1.2472 4.83335
      vertex 8.91552 1.15952 4.95159
    endloop
  endfacet
  facet normal -0 -0.998796 -0.0490465
    outer loop
      vertex 8.86501 1.5 4
      vertex 3.89474 1.49278 4.14703
      vertex 3.89216 1.5 4
    endloop
  endfacet
  facet normal 0 -0.998796 -0.0490465
    outer loop
      vertex 3.89474 1.49278 4.14703
      vertex 8.86501 1.5 4
      vertex 8.86609 1.49278 4.14703
    endloop
  endfacet
  facet normal 0 -0.803252 0.59564
    outer loop
      vertex 3.99522 1.21194 3.11909
      vertex 8.90251 1.2472 3.16664
      vertex 3.98261 1.2472 3.16664
    endloop
  endfacet
  facet normal -9.11222e-07 -0.803207 0.5957
    outer loop
      vertex 4.00836 1.15952 3.04841
      vertex 8.90251 1.2472 3.16664
      vertex 3.99522 1.21194 3.11909
    endloop
  endfacet
  facet normal 0 -0.803225 0.595676
    outer loop
      vertex 8.90251 1.2472 3.16664
      vertex 4.00836 1.15952 3.04841
      vertex 8.91552 1.15952 3.04841
    endloop
  endfacet
  facet normal 0 0.671577 -0.740935
    outer loop
      vertex 8.93018 -1.06066 5.06066
      vertex 4.06044 -0.95159 5.15952
      vertex 8.94636 -0.95159 5.15952
    endloop
  endfacet
  facet normal 0 0.671577 -0.740935
    outer loop
      vertex 4.06044 -0.95159 5.15952
      vertex 8.93018 -1.06066 5.06066
      vertex 4.03312 -1.06066 5.06066
    endloop
  endfacet
  facet normal -0 -0.970031 -0.242983
    outer loop
      vertex 8.86929 1.47118 4.29263
      vertex 3.91527 1.43541 4.43543
      vertex 3.90247 1.47118 4.29263
    endloop
  endfacet
  facet normal 0 -0.970031 -0.242983
    outer loop
      vertex 3.91527 1.43541 4.43543
      vertex 8.86929 1.47118 4.29263
      vertex 8.87459 1.43541 4.43543
    endloop
  endfacet
  facet normal 0 -0.740935 0.671577
    outer loop
      vertex 4.03312 1.06066 2.93934
      vertex 8.91552 1.15952 3.04841
      vertex 4.00836 1.15952 3.04841
    endloop
  endfacet
  facet normal 0 -0.740935 0.671577
    outer loop
      vertex 8.91552 1.15952 3.04841
      vertex 4.03312 1.06066 2.93934
      vertex 8.93018 1.06066 2.93934
    endloop
  endfacet
  facet normal -0 0.857721 0.514116
    outer loop
      vertex 3.98261 -1.2472 3.16664
      vertex 8.89129 -1.32288 3.2929
      vertex 8.90251 -1.2472 3.16664
    endloop
  endfacet
  facet normal 0 0.857721 0.514116
    outer loop
      vertex 8.89129 -1.32288 3.2929
      vertex 3.98261 -1.2472 3.16664
      vertex 3.95553 -1.32288 3.2929
    endloop
  endfacet
  facet normal 0 0.970031 -0.242983
    outer loop
      vertex 8.86929 -1.47118 4.29263
      vertex 3.91527 -1.43541 4.43543
      vertex 8.87459 -1.43541 4.43543
    endloop
  endfacet
  facet normal 0 0.970031 -0.242983
    outer loop
      vertex 3.91527 -1.43541 4.43543
      vertex 8.86929 -1.47118 4.29263
      vertex 3.90247 -1.47118 4.29263
    endloop
  endfacet
  facet normal -0.000545851 0.595697 -0.803209
    outer loop
      vertex 8.94636 -0.95159 5.15952
      vertex 8.95906 -0.833355 5.2472
      vertex 8.95666 -0.882154 5.21101
    endloop
  endfacet
  facet normal 0 0.59566 -0.803237
    outer loop
      vertex 8.94636 -0.95159 5.15952
      vertex 4.09006 -0.833355 5.2472
      vertex 8.95906 -0.833355 5.2472
    endloop
  endfacet
  facet normal 0 0.59566 -0.803237
    outer loop
      vertex 4.09006 -0.833355 5.2472
      vertex 8.94636 -0.95159 5.15952
      vertex 4.06044 -0.95159 5.15952
    endloop
  endfacet
  facet normal 0 0.146736 -0.989176
    outer loop
      vertex 8.98562 -0.292635 5.47118
      vertex 4.16778 -0.147025 5.49278
      vertex 8.99278 -0.147025 5.49278
    endloop
  endfacet
  facet normal 0 0.146736 -0.989176
    outer loop
      vertex 4.16778 -0.147025 5.49278
      vertex 8.98562 -0.292635 5.47118
      vertex 4.16062 -0.292635 5.47118
    endloop
  endfacet
  facet normal 0 0.803252 0.59564
    outer loop
      vertex 8.90251 -1.2472 3.16664
      vertex 3.99522 -1.21194 3.11909
      vertex 3.98261 -1.2472 3.16664
    endloop
  endfacet
  facet normal -0 0.803225 0.595676
    outer loop
      vertex 4.00836 -1.15952 3.04841
      vertex 8.90251 -1.2472 3.16664
      vertex 8.91552 -1.15952 3.04841
    endloop
  endfacet
  facet normal -9.11222e-07 0.803207 0.5957
    outer loop
      vertex 8.90251 -1.2472 3.16664
      vertex 4.00836 -1.15952 3.04841
      vertex 3.99522 -1.21194 3.11909
    endloop
  endfacet
  facet normal -0 0.903983 0.427569
    outer loop
      vertex 3.95553 -1.32288 3.2929
      vertex 8.88195 -1.38582 3.42597
      vertex 8.89129 -1.32288 3.2929
    endloop
  endfacet
  facet normal 0 0.903983 0.427569
    outer loop
      vertex 8.88195 -1.38582 3.42597
      vertex 3.95553 -1.32288 3.2929
      vertex 3.93301 -1.38582 3.42597
    endloop
  endfacet
  facet normal -0 0.427569 0.903983
    outer loop
      vertex 4.13045 -0.574024 2.61418
      vertex 8.96526 -0.707094 2.67712
      vertex 8.9718 -0.574024 2.61418
    endloop
  endfacet
  facet normal 0 0.427569 0.903983
    outer loop
      vertex 8.96526 -0.707094 2.67712
      vertex 4.13045 -0.574024 2.61418
      vertex 4.11071 -0.707094 2.67712
    endloop
  endfacet
  facet normal -0 0.740935 0.671577
    outer loop
      vertex 4.03312 -1.06066 2.93934
      vertex 8.91552 -1.15952 3.04841
      vertex 8.93018 -1.06066 2.93934
    endloop
  endfacet
  facet normal 0 0.740935 0.671577
    outer loop
      vertex 8.91552 -1.15952 3.04841
      vertex 4.03312 -1.06066 2.93934
      vertex 4.00836 -1.15952 3.04841
    endloop
  endfacet
  facet normal 0 0.427569 -0.903983
    outer loop
      vertex 8.96526 -0.707094 5.32288
      vertex 4.13045 -0.574024 5.38582
      vertex 8.9718 -0.574024 5.38582
    endloop
  endfacet
  facet normal 0 0.427569 -0.903983
    outer loop
      vertex 4.13045 -0.574024 5.38582
      vertex 8.96526 -0.707094 5.32288
      vertex 4.11071 -0.707094 5.32288
    endloop
  endfacet
  facet normal -0 -0.903983 -0.427569
    outer loop
      vertex 8.88195 1.38582 4.57402
      vertex 3.95553 1.32288 4.70709
      vertex 3.93301 1.38582 4.57402
    endloop
  endfacet
  facet normal 0 -0.903983 -0.427569
    outer loop
      vertex 3.95553 1.32288 4.70709
      vertex 8.88195 1.38582 4.57402
      vertex 8.89129 1.32288 4.70709
    endloop
  endfacet
  facet normal 0 -0.671577 -0.740935
    outer loop
      vertex 4.06044 0.95159 5.15952
      vertex 8.93018 1.06066 5.06066
      vertex 8.94636 0.95159 5.15952
    endloop
  endfacet
  facet normal -0 -0.671577 -0.740935
    outer loop
      vertex 8.93018 1.06066 5.06066
      vertex 4.06044 0.95159 5.15952
      vertex 4.03312 1.06066 5.06066
    endloop
  endfacet
  facet normal 0 0.989174 -0.146746
    outer loop
      vertex 8.86609 -1.49278 4.14703
      vertex 3.90247 -1.47118 4.29263
      vertex 8.86929 -1.47118 4.29263
    endloop
  endfacet
  facet normal 0 0.989174 -0.146746
    outer loop
      vertex 3.90247 -1.47118 4.29263
      vertex 8.86609 -1.49278 4.14703
      vertex 3.89474 -1.49278 4.14703
    endloop
  endfacet
endsolid OpenSCAD_Model
