solid OpenSCAD_Model
  facet normal -0.957971 0.286865 0
    outer loop
      vertex 64.1829 -17.1829 0
      vertex 64.1938 -17.1465 2.4
      vertex 64.1938 -17.1465 0
    endloop
  endfacet
  facet normal -0.957971 0.286865 0
    outer loop
      vertex 64.1938 -17.1465 2.4
      vertex 64.1829 -17.1829 0
      vertex 64.1829 -17.1829 2.4
    endloop
  endfacet
  facet normal -0.972372 0.233438 0
    outer loop
      vertex 64.1938 -17.1465 0
      vertex 64.9814 -13.8658 2.4
      vertex 64.9814 -13.8658 0
    endloop
  endfacet
  facet normal -0.972372 0.233438 0
    outer loop
      vertex 64.9814 -13.8658 2.4
      vertex 64.1938 -17.1465 0
      vertex 64.1938 -17.1465 2.4
    endloop
  endfacet
  facet normal -0.978122 0.20803 0
    outer loop
      vertex 64.9814 -13.8658 0
      vertex 65.0032 -13.7633 2.4
      vertex 65.0032 -13.7633 0
    endloop
  endfacet
  facet normal -0.978122 0.20803 0
    outer loop
      vertex 65.0032 -13.7633 2.4
      vertex 64.9814 -13.8658 0
      vertex 64.9814 -13.8658 2.4
    endloop
  endfacet
  facet normal -0.983252 0.182252 0
    outer loop
      vertex 65.0032 -13.7633 0
      vertex 65.6181 -10.4459 2.4
      vertex 65.6181 -10.4459 0
    endloop
  endfacet
  facet normal -0.983252 0.182252 0
    outer loop
      vertex 65.6181 -10.4459 2.4
      vertex 65.0032 -13.7633 0
      vertex 65.0032 -13.7633 2.4
    endloop
  endfacet
  facet normal -0.987654 0.156649 0
    outer loop
      vertex 65.6181 -10.4459 0
      vertex 65.6345 -10.3425 2.4
      vertex 65.6345 -10.3425 0
    endloop
  endfacet
  facet normal -0.987654 0.156649 0
    outer loop
      vertex 65.6345 -10.3425 2.4
      vertex 65.6181 -10.4459 0
      vertex 65.6181 -10.4459 2.4
    endloop
  endfacet
  facet normal -0.991448 0.130499 0
    outer loop
      vertex 65.6345 -10.3425 0
      vertex 66.0748 -6.99738 2.4
      vertex 66.0748 -6.99738 0
    endloop
  endfacet
  facet normal -0.991448 0.130499 0
    outer loop
      vertex 66.0748 -6.99738 2.4
      vertex 65.6345 -10.3425 0
      vertex 65.6345 -10.3425 2.4
    endloop
  endfacet
  facet normal -0.994467 0.105053 0
    outer loop
      vertex 66.0748 -6.99738 0
      vertex 66.0858 -6.89325 2.4
      vertex 66.0858 -6.89325 0
    endloop
  endfacet
  facet normal -0.994467 0.105053 0
    outer loop
      vertex 66.0858 -6.89325 2.4
      vertex 66.0748 -6.99738 0
      vertex 66.0748 -6.99738 2.4
    endloop
  endfacet
  facet normal -0.996918 0.0784543 0
    outer loop
      vertex 66.0858 -6.89325 0
      vertex 66.3505 -3.52971 2.4
      vertex 66.3505 -3.52971 0
    endloop
  endfacet
  facet normal -0.996918 0.0784543 0
    outer loop
      vertex 66.3505 -3.52971 2.4
      vertex 66.0858 -6.89325 0
      vertex 66.0858 -6.89325 2.4
    endloop
  endfacet
  facet normal -0.99862 0.0525237 0
    outer loop
      vertex 66.3505 -3.52971 0
      vertex 66.356 -3.42514 2.4
      vertex 66.356 -3.42514 0
    endloop
  endfacet
  facet normal -0.99862 0.0525237 0
    outer loop
      vertex 66.356 -3.42514 2.4
      vertex 66.3505 -3.52971 0
      vertex 66.3505 -3.52971 2.4
    endloop
  endfacet
  facet normal -0.999657 0.0261712 0
    outer loop
      vertex 66.356 -3.42514 0
      vertex 66.4443 -0.0523529 2.4
      vertex 66.4443 -0.0523529 0
    endloop
  endfacet
  facet normal -0.999657 0.0261712 0
    outer loop
      vertex 66.4443 -0.0523529 2.4
      vertex 66.356 -3.42514 0
      vertex 66.356 -3.42514 2.4
    endloop
  endfacet
  facet normal -1 0 0
    outer loop
      vertex 66.4443 -0.0523529 0
      vertex 66.4443 0.0523529 2.4
      vertex 66.4443 0.0523529 0
    endloop
  endfacet
  facet normal -1 -0 0
    outer loop
      vertex 66.4443 0.0523529 2.4
      vertex 66.4443 -0.0523529 0
      vertex 66.4443 -0.0523529 2.4
    endloop
  endfacet
  facet normal -0.999657 -0.0261712 0
    outer loop
      vertex 66.4443 0.0523529 0
      vertex 66.356 3.42514 2.4
      vertex 66.356 3.42514 0
    endloop
  endfacet
  facet normal -0.999657 -0.0261712 0
    outer loop
      vertex 66.356 3.42514 2.4
      vertex 66.4443 0.0523529 0
      vertex 66.4443 0.0523529 2.4
    endloop
  endfacet
  facet normal -0.99862 -0.0525237 0
    outer loop
      vertex 66.356 3.42514 0
      vertex 66.3505 3.52971 2.4
      vertex 66.3505 3.52971 0
    endloop
  endfacet
  facet normal -0.99862 -0.0525237 0
    outer loop
      vertex 66.3505 3.52971 2.4
      vertex 66.356 3.42514 0
      vertex 66.356 3.42514 2.4
    endloop
  endfacet
  facet normal -0.996918 -0.0784543 0
    outer loop
      vertex 66.3505 3.52971 0
      vertex 66.0858 6.89325 2.4
      vertex 66.0858 6.89325 0
    endloop
  endfacet
  facet normal -0.996918 -0.0784543 0
    outer loop
      vertex 66.0858 6.89325 2.4
      vertex 66.3505 3.52971 0
      vertex 66.3505 3.52971 2.4
    endloop
  endfacet
  facet normal -0.994467 -0.105053 0
    outer loop
      vertex 66.0858 6.89325 0
      vertex 66.0748 6.99738 2.4
      vertex 66.0748 6.99738 0
    endloop
  endfacet
  facet normal -0.994467 -0.105053 0
    outer loop
      vertex 66.0748 6.99738 2.4
      vertex 66.0858 6.89325 0
      vertex 66.0858 6.89325 2.4
    endloop
  endfacet
  facet normal -0.991448 -0.130499 0
    outer loop
      vertex 66.0748 6.99738 0
      vertex 65.6345 10.3425 2.4
      vertex 65.6345 10.3425 0
    endloop
  endfacet
  facet normal -0.991448 -0.130499 0
    outer loop
      vertex 65.6345 10.3425 2.4
      vertex 66.0748 6.99738 0
      vertex 66.0748 6.99738 2.4
    endloop
  endfacet
  facet normal -0.987654 -0.156649 0
    outer loop
      vertex 65.6345 10.3425 0
      vertex 65.6181 10.4459 2.4
      vertex 65.6181 10.4459 0
    endloop
  endfacet
  facet normal -0.987654 -0.156649 0
    outer loop
      vertex 65.6181 10.4459 2.4
      vertex 65.6345 10.3425 0
      vertex 65.6345 10.3425 2.4
    endloop
  endfacet
  facet normal -0.983252 -0.182252 0
    outer loop
      vertex 65.6181 10.4459 0
      vertex 65.0032 13.7633 2.4
      vertex 65.0032 13.7633 0
    endloop
  endfacet
  facet normal -0.983252 -0.182252 0
    outer loop
      vertex 65.0032 13.7633 2.4
      vertex 65.6181 10.4459 0
      vertex 65.6181 10.4459 2.4
    endloop
  endfacet
  facet normal -0.978122 -0.20803 0
    outer loop
      vertex 65.0032 13.7633 0
      vertex 64.9814 13.8658 2.4
      vertex 64.9814 13.8658 0
    endloop
  endfacet
  facet normal -0.978122 -0.20803 0
    outer loop
      vertex 64.9814 13.8658 2.4
      vertex 65.0032 13.7633 0
      vertex 65.0032 13.7633 2.4
    endloop
  endfacet
  facet normal -0.972371 -0.23344 0
    outer loop
      vertex 64.9814 13.8658 0
      vertex 64.5183 15.7948 2.4
      vertex 64.5183 15.7948 0
    endloop
  endfacet
  facet normal -0.972371 -0.23344 0
    outer loop
      vertex 64.5183 15.7948 2.4
      vertex 64.9814 13.8658 0
      vertex 64.9814 13.8658 2.4
    endloop
  endfacet
  facet normal -0.958828 -0.283989 0
    outer loop
      vertex 63.7719 18.5804 0
      vertex 63.2085 20.4826 2.4
      vertex 63.2085 20.4826 0
    endloop
  endfacet
  facet normal -0.958828 -0.283989 0
    outer loop
      vertex 63.2085 20.4826 2.4
      vertex 63.7719 18.5804 0
      vertex 63.7719 18.5804 2.4
    endloop
  endfacet
  facet normal -0.95095 -0.309345 0
    outer loop
      vertex 63.2085 20.4826 0
      vertex 63.1761 20.5822 2.4
      vertex 63.1761 20.5822 0
    endloop
  endfacet
  facet normal -0.95095 -0.309345 0
    outer loop
      vertex 63.1761 20.5822 2.4
      vertex 63.2085 20.4826 0
      vertex 63.2085 20.4826 2.4
    endloop
  endfacet
  facet normal -0.942645 -0.333797 0
    outer loop
      vertex 63.1761 20.5822 0
      vertex 62.0499 23.7626 2.4
      vertex 62.0499 23.7626 0
    endloop
  endfacet
  facet normal -0.942645 -0.333797 0
    outer loop
      vertex 62.0499 23.7626 2.4
      vertex 63.1761 20.5822 0
      vertex 63.1761 20.5822 2.4
    endloop
  endfacet
  facet normal -0.933395 -0.358851 0
    outer loop
      vertex 62.0499 23.7626 0
      vertex 62.0123 23.8604 2.4
      vertex 62.0123 23.8604 0
    endloop
  endfacet
  facet normal -0.933395 -0.358851 0
    outer loop
      vertex 62.0123 23.8604 2.4
      vertex 62.0499 23.7626 0
      vertex 62.0499 23.7626 2.4
    endloop
  endfacet
  facet normal -0.923884 -0.382672 0
    outer loop
      vertex 62.0123 23.8604 0
      vertex 60.7212 26.9775 2.4
      vertex 60.7212 26.9775 0
    endloop
  endfacet
  facet normal -0.923884 -0.382672 0
    outer loop
      vertex 60.7212 26.9775 2.4
      vertex 62.0123 23.8604 0
      vertex 62.0123 23.8604 2.4
    endloop
  endfacet
  facet normal -0.913575 -0.40667 0
    outer loop
      vertex 60.7212 26.9775 0
      vertex 60.6786 27.0732 2.4
      vertex 60.6786 27.0732 0
    endloop
  endfacet
  facet normal -0.913575 -0.40667 0
    outer loop
      vertex 60.6786 27.0732 2.4
      vertex 60.7212 26.9775 0
      vertex 60.7212 26.9775 2.4
    endloop
  endfacet
  facet normal -0.902584 -0.430515 0
    outer loop
      vertex 60.6786 27.0732 0
      vertex 59.2261 30.1184 2.4
      vertex 59.2261 30.1184 0
    endloop
  endfacet
  facet normal -0.902584 -0.430515 0
    outer loop
      vertex 59.2261 30.1184 2.4
      vertex 60.6786 27.0732 0
      vertex 60.6786 27.0732 2.4
    endloop
  endfacet
  facet normal -0.89077 -0.454455 0
    outer loop
      vertex 59.2261 30.1184 0
      vertex 59.1785 30.2117 2.4
      vertex 59.1785 30.2117 0
    endloop
  endfacet
  facet normal -0.89077 -0.454455 0
    outer loop
      vertex 59.1785 30.2117 2.4
      vertex 59.2261 30.1184 0
      vertex 59.2261 30.1184 2.4
    endloop
  endfacet
  facet normal -0.878819 -0.477155 0
    outer loop
      vertex 59.1785 30.2117 0
      vertex 57.5686 33.1768 2.4
      vertex 57.5686 33.1768 0
    endloop
  endfacet
  facet normal -0.878819 -0.477155 0
    outer loop
      vertex 57.5686 33.1768 2.4
      vertex 59.1785 30.2117 0
      vertex 59.1785 30.2117 2.4
    endloop
  endfacet
  facet normal -0.866297 -0.49953 0
    outer loop
      vertex 57.5686 33.1768 0
      vertex 57.5163 33.2675 2.4
      vertex 57.5163 33.2675 0
    endloop
  endfacet
  facet normal -0.866297 -0.49953 0
    outer loop
      vertex 57.5163 33.2675 2.4
      vertex 57.5686 33.1768 0
      vertex 57.5686 33.1768 2.4
    endloop
  endfacet
  facet normal -0.852641 -0.522497 0
    outer loop
      vertex 57.5163 33.2675 0
      vertex 55.7534 36.1443 2.4
      vertex 55.7534 36.1443 0
    endloop
  endfacet
  facet normal -0.852641 -0.522497 0
    outer loop
      vertex 55.7534 36.1443 2.4
      vertex 57.5163 33.2675 0
      vertex 57.5163 33.2675 2.4
    endloop
  endfacet
  facet normal -0.838749 -0.544518 0
    outer loop
      vertex 55.7534 36.1443 0
      vertex 55.6964 36.2321 2.4
      vertex 55.6964 36.2321 0
    endloop
  endfacet
  facet normal -0.838749 -0.544518 0
    outer loop
      vertex 55.6964 36.2321 2.4
      vertex 55.7534 36.1443 0
      vertex 55.7534 36.1443 2.4
    endloop
  endfacet
  facet normal -0.82411 -0.566429 0
    outer loop
      vertex 55.6964 36.2321 0
      vertex 53.7853 39.0126 2.4
      vertex 53.7853 39.0126 0
    endloop
  endfacet
  facet normal -0.82411 -0.566429 0
    outer loop
      vertex 53.7853 39.0126 2.4
      vertex 55.6964 36.2321 0
      vertex 55.6964 36.2321 2.4
    endloop
  endfacet
  facet normal -0.80919 -0.587547 0
    outer loop
      vertex 53.7853 39.0126 0
      vertex 53.7238 39.0973 2.4
      vertex 53.7238 39.0973 0
    endloop
  endfacet
  facet normal -0.80919 -0.587547 0
    outer loop
      vertex 53.7238 39.0973 2.4
      vertex 53.7853 39.0126 0
      vertex 53.7853 39.0126 2.4
    endloop
  endfacet
  facet normal -0.793365 -0.608746 0
    outer loop
      vertex 53.7238 39.0973 0
      vertex 51.6699 41.7741 2.4
      vertex 51.6699 41.7741 0
    endloop
  endfacet
  facet normal -0.793365 -0.608746 0
    outer loop
      vertex 51.6699 41.7741 2.4
      vertex 53.7238 39.0973 0
      vertex 53.7238 39.0973 2.4
    endloop
  endfacet
  facet normal -0.776844 -0.629693 0
    outer loop
      vertex 51.6699 41.7741 0
      vertex 51.604 41.8554 2.4
      vertex 51.604 41.8554 0
    endloop
  endfacet
  facet normal -0.776844 -0.629693 0
    outer loop
      vertex 51.604 41.8554 2.4
      vertex 51.6699 41.7741 0
      vertex 51.6699 41.7741 2.4
    endloop
  endfacet
  facet normal -0.76041 -0.649443 0
    outer loop
      vertex 51.604 41.8554 0
      vertex 49.4128 44.421 2.4
      vertex 49.4128 44.421 0
    endloop
  endfacet
  facet normal -0.76041 -0.649443 0
    outer loop
      vertex 49.4128 44.421 2.4
      vertex 51.604 41.8554 0
      vertex 51.604 41.8554 2.4
    endloop
  endfacet
  facet normal -0.742914 -0.669387 0
    outer loop
      vertex 49.4128 44.421 0
      vertex 49.3427 44.4988 2.4
      vertex 49.3427 44.4988 0
    endloop
  endfacet
  facet normal -0.742914 -0.669387 0
    outer loop
      vertex 49.3427 44.4988 2.4
      vertex 49.4128 44.421 0
      vertex 49.4128 44.421 2.4
    endloop
  endfacet
  facet normal -0.725374 -0.688355 0
    outer loop
      vertex 49.3427 44.4988 0
      vertex 47.0202 46.9462 2.4
      vertex 47.0202 46.9462 0
    endloop
  endfacet
  facet normal -0.725374 -0.688355 0
    outer loop
      vertex 47.0202 46.9462 2.4
      vertex 49.3427 44.4988 0
      vertex 49.3427 44.4988 2.4
    endloop
  endfacet
  facet normal -0.695022 -0.718988 0
    outer loop
      vertex 46.9722 46.9926 0
      vertex 47.0202 46.9462 2.4
      vertex 46.9722 46.9926 2.4
    endloop
  endfacet
  facet normal -0.695022 -0.718988 -0
    outer loop
      vertex 47.0202 46.9462 2.4
      vertex 46.9722 46.9926 0
      vertex 47.0202 46.9462 0
    endloop
  endfacet
  facet normal -0.72789 -0.685694 0
    outer loop
      vertex 46.9722 46.9926 0
      vertex 46.9462 47.0202 2.4
      vertex 46.9462 47.0202 0
    endloop
  endfacet
  facet normal -0.72789 -0.685694 0
    outer loop
      vertex 46.9462 47.0202 2.4
      vertex 46.9722 46.9926 0
      vertex 46.9722 46.9926 2.4
    endloop
  endfacet
  facet normal -0.688355 -0.725374 0
    outer loop
      vertex 44.4988 49.3427 0
      vertex 46.9462 47.0202 2.4
      vertex 44.4988 49.3427 2.4
    endloop
  endfacet
  facet normal -0.688355 -0.725374 -0
    outer loop
      vertex 46.9462 47.0202 2.4
      vertex 44.4988 49.3427 0
      vertex 46.9462 47.0202 0
    endloop
  endfacet
  facet normal -0.669387 -0.742914 0
    outer loop
      vertex 44.421 49.4128 0
      vertex 44.4988 49.3427 2.4
      vertex 44.421 49.4128 2.4
    endloop
  endfacet
  facet normal -0.669387 -0.742914 -0
    outer loop
      vertex 44.4988 49.3427 2.4
      vertex 44.421 49.4128 0
      vertex 44.4988 49.3427 0
    endloop
  endfacet
  facet normal -0.649443 -0.76041 0
    outer loop
      vertex 41.8554 51.604 0
      vertex 44.421 49.4128 2.4
      vertex 41.8554 51.604 2.4
    endloop
  endfacet
  facet normal -0.649443 -0.76041 -0
    outer loop
      vertex 44.421 49.4128 2.4
      vertex 41.8554 51.604 0
      vertex 44.421 49.4128 0
    endloop
  endfacet
  facet normal -0.629693 -0.776844 0
    outer loop
      vertex 41.7741 51.6699 0
      vertex 41.8554 51.604 2.4
      vertex 41.7741 51.6699 2.4
    endloop
  endfacet
  facet normal -0.629693 -0.776844 -0
    outer loop
      vertex 41.8554 51.604 2.4
      vertex 41.7741 51.6699 0
      vertex 41.8554 51.604 0
    endloop
  endfacet
  facet normal -0.608746 -0.793365 0
    outer loop
      vertex 39.0973 53.7238 0
      vertex 41.7741 51.6699 2.4
      vertex 39.0973 53.7238 2.4
    endloop
  endfacet
  facet normal -0.608746 -0.793365 -0
    outer loop
      vertex 41.7741 51.6699 2.4
      vertex 39.0973 53.7238 0
      vertex 41.7741 51.6699 0
    endloop
  endfacet
  facet normal -0.587547 -0.80919 0
    outer loop
      vertex 39.0126 53.7853 0
      vertex 39.0973 53.7238 2.4
      vertex 39.0126 53.7853 2.4
    endloop
  endfacet
  facet normal -0.587547 -0.80919 -0
    outer loop
      vertex 39.0973 53.7238 2.4
      vertex 39.0126 53.7853 0
      vertex 39.0973 53.7238 0
    endloop
  endfacet
  facet normal -0.566429 -0.82411 0
    outer loop
      vertex 36.2321 55.6964 0
      vertex 39.0126 53.7853 2.4
      vertex 36.2321 55.6964 2.4
    endloop
  endfacet
  facet normal -0.566429 -0.82411 -0
    outer loop
      vertex 39.0126 53.7853 2.4
      vertex 36.2321 55.6964 0
      vertex 39.0126 53.7853 0
    endloop
  endfacet
  facet normal -0.544518 -0.838749 0
    outer loop
      vertex 36.1443 55.7534 0
      vertex 36.2321 55.6964 2.4
      vertex 36.1443 55.7534 2.4
    endloop
  endfacet
  facet normal -0.544518 -0.838749 -0
    outer loop
      vertex 36.2321 55.6964 2.4
      vertex 36.1443 55.7534 0
      vertex 36.2321 55.6964 0
    endloop
  endfacet
  facet normal -0.522497 -0.852641 0
    outer loop
      vertex 33.2675 57.5163 0
      vertex 36.1443 55.7534 2.4
      vertex 33.2675 57.5163 2.4
    endloop
  endfacet
  facet normal -0.522497 -0.852641 -0
    outer loop
      vertex 36.1443 55.7534 2.4
      vertex 33.2675 57.5163 0
      vertex 36.1443 55.7534 0
    endloop
  endfacet
  facet normal -0.49953 -0.866297 0
    outer loop
      vertex 33.1768 57.5686 0
      vertex 33.2675 57.5163 2.4
      vertex 33.1768 57.5686 2.4
    endloop
  endfacet
  facet normal -0.49953 -0.866297 -0
    outer loop
      vertex 33.2675 57.5163 2.4
      vertex 33.1768 57.5686 0
      vertex 33.2675 57.5163 0
    endloop
  endfacet
  facet normal -0.477155 -0.878819 0
    outer loop
      vertex 30.2117 59.1785 0
      vertex 33.1768 57.5686 2.4
      vertex 30.2117 59.1785 2.4
    endloop
  endfacet
  facet normal -0.477155 -0.878819 -0
    outer loop
      vertex 33.1768 57.5686 2.4
      vertex 30.2117 59.1785 0
      vertex 33.1768 57.5686 0
    endloop
  endfacet
  facet normal -0.454455 -0.89077 0
    outer loop
      vertex 30.1184 59.2261 0
      vertex 30.2117 59.1785 2.4
      vertex 30.1184 59.2261 2.4
    endloop
  endfacet
  facet normal -0.454455 -0.89077 -0
    outer loop
      vertex 30.2117 59.1785 2.4
      vertex 30.1184 59.2261 0
      vertex 30.2117 59.1785 0
    endloop
  endfacet
  facet normal -0.430515 -0.902584 0
    outer loop
      vertex 27.0732 60.6786 0
      vertex 30.1184 59.2261 2.4
      vertex 27.0732 60.6786 2.4
    endloop
  endfacet
  facet normal -0.430515 -0.902584 -0
    outer loop
      vertex 30.1184 59.2261 2.4
      vertex 27.0732 60.6786 0
      vertex 30.1184 59.2261 0
    endloop
  endfacet
  facet normal -0.40667 -0.913575 0
    outer loop
      vertex 26.9775 60.7212 0
      vertex 27.0732 60.6786 2.4
      vertex 26.9775 60.7212 2.4
    endloop
  endfacet
  facet normal -0.40667 -0.913575 -0
    outer loop
      vertex 27.0732 60.6786 2.4
      vertex 26.9775 60.7212 0
      vertex 27.0732 60.6786 0
    endloop
  endfacet
  facet normal -0.382672 -0.923884 0
    outer loop
      vertex 23.8604 62.0123 0
      vertex 26.9775 60.7212 2.4
      vertex 23.8604 62.0123 2.4
    endloop
  endfacet
  facet normal -0.382672 -0.923884 -0
    outer loop
      vertex 26.9775 60.7212 2.4
      vertex 23.8604 62.0123 0
      vertex 26.9775 60.7212 0
    endloop
  endfacet
  facet normal -0.358851 -0.933395 0
    outer loop
      vertex 23.7626 62.0499 0
      vertex 23.8604 62.0123 2.4
      vertex 23.7626 62.0499 2.4
    endloop
  endfacet
  facet normal -0.358851 -0.933395 -0
    outer loop
      vertex 23.8604 62.0123 2.4
      vertex 23.7626 62.0499 0
      vertex 23.8604 62.0123 0
    endloop
  endfacet
  facet normal -0.333797 -0.942645 0
    outer loop
      vertex 20.5822 63.1761 0
      vertex 23.7626 62.0499 2.4
      vertex 20.5822 63.1761 2.4
    endloop
  endfacet
  facet normal -0.333797 -0.942645 -0
    outer loop
      vertex 23.7626 62.0499 2.4
      vertex 20.5822 63.1761 0
      vertex 23.7626 62.0499 0
    endloop
  endfacet
  facet normal -0.309345 -0.95095 0
    outer loop
      vertex 20.4826 63.2085 0
      vertex 20.5822 63.1761 2.4
      vertex 20.4826 63.2085 2.4
    endloop
  endfacet
  facet normal -0.309345 -0.95095 -0
    outer loop
      vertex 20.5822 63.1761 2.4
      vertex 20.4826 63.2085 0
      vertex 20.5822 63.1761 0
    endloop
  endfacet
  facet normal -0.284002 -0.958824 0
    outer loop
      vertex 17.2476 64.1667 0
      vertex 20.4826 63.2085 2.4
      vertex 17.2476 64.1667 2.4
    endloop
  endfacet
  facet normal -0.284002 -0.958824 -0
    outer loop
      vertex 20.4826 63.2085 2.4
      vertex 17.2476 64.1667 0
      vertex 20.4826 63.2085 0
    endloop
  endfacet
  facet normal -0.242888 -0.970054 0
    outer loop
      vertex 17.1829 64.1829 0
      vertex 17.2476 64.1667 2.4
      vertex 17.1829 64.1829 2.4
    endloop
  endfacet
  facet normal -0.242888 -0.970054 -0
    outer loop
      vertex 17.2476 64.1667 2.4
      vertex 17.1829 64.1829 0
      vertex 17.2476 64.1667 0
    endloop
  endfacet
  facet normal -0.286865 -0.957971 0
    outer loop
      vertex 17.1465 64.1938 0
      vertex 17.1829 64.1829 2.4
      vertex 17.1465 64.1938 2.4
    endloop
  endfacet
  facet normal -0.286865 -0.957971 -0
    outer loop
      vertex 17.1829 64.1829 2.4
      vertex 17.1465 64.1938 0
      vertex 17.1829 64.1829 0
    endloop
  endfacet
  facet normal -0.233438 -0.972372 0
    outer loop
      vertex 13.8658 64.9814 0
      vertex 17.1465 64.1938 2.4
      vertex 13.8658 64.9814 2.4
    endloop
  endfacet
  facet normal -0.233438 -0.972372 -0
    outer loop
      vertex 17.1465 64.1938 2.4
      vertex 13.8658 64.9814 0
      vertex 17.1465 64.1938 0
    endloop
  endfacet
  facet normal -0.20803 -0.978122 0
    outer loop
      vertex 13.7633 65.0032 0
      vertex 13.8658 64.9814 2.4
      vertex 13.7633 65.0032 2.4
    endloop
  endfacet
  facet normal -0.20803 -0.978122 -0
    outer loop
      vertex 13.8658 64.9814 2.4
      vertex 13.7633 65.0032 0
      vertex 13.8658 64.9814 0
    endloop
  endfacet
  facet normal -0.182252 -0.983252 0
    outer loop
      vertex 10.4459 65.6181 0
      vertex 13.7633 65.0032 2.4
      vertex 10.4459 65.6181 2.4
    endloop
  endfacet
  facet normal -0.182252 -0.983252 -0
    outer loop
      vertex 13.7633 65.0032 2.4
      vertex 10.4459 65.6181 0
      vertex 13.7633 65.0032 0
    endloop
  endfacet
  facet normal -0.156649 -0.987654 0
    outer loop
      vertex 10.3425 65.6345 0
      vertex 10.4459 65.6181 2.4
      vertex 10.3425 65.6345 2.4
    endloop
  endfacet
  facet normal -0.156649 -0.987654 -0
    outer loop
      vertex 10.4459 65.6181 2.4
      vertex 10.3425 65.6345 0
      vertex 10.4459 65.6181 0
    endloop
  endfacet
  facet normal -0.130499 -0.991448 0
    outer loop
      vertex 6.99738 66.0748 0
      vertex 10.3425 65.6345 2.4
      vertex 6.99738 66.0748 2.4
    endloop
  endfacet
  facet normal -0.130499 -0.991448 -0
    outer loop
      vertex 10.3425 65.6345 2.4
      vertex 6.99738 66.0748 0
      vertex 10.3425 65.6345 0
    endloop
  endfacet
  facet normal -0.105053 -0.994467 0
    outer loop
      vertex 6.89325 66.0858 0
      vertex 6.99738 66.0748 2.4
      vertex 6.89325 66.0858 2.4
    endloop
  endfacet
  facet normal -0.105053 -0.994467 -0
    outer loop
      vertex 6.99738 66.0748 2.4
      vertex 6.89325 66.0858 0
      vertex 6.99738 66.0748 0
    endloop
  endfacet
  facet normal -0.0784543 -0.996918 0
    outer loop
      vertex 3.52971 66.3505 0
      vertex 6.89325 66.0858 2.4
      vertex 3.52971 66.3505 2.4
    endloop
  endfacet
  facet normal -0.0784543 -0.996918 -0
    outer loop
      vertex 6.89325 66.0858 2.4
      vertex 3.52971 66.3505 0
      vertex 6.89325 66.0858 0
    endloop
  endfacet
  facet normal -0.0525237 -0.99862 0
    outer loop
      vertex 3.42514 66.356 0
      vertex 3.52971 66.3505 2.4
      vertex 3.42514 66.356 2.4
    endloop
  endfacet
  facet normal -0.0525237 -0.99862 -0
    outer loop
      vertex 3.52971 66.3505 2.4
      vertex 3.42514 66.356 0
      vertex 3.52971 66.3505 0
    endloop
  endfacet
  facet normal -0.0261712 -0.999657 0
    outer loop
      vertex 0.0523529 66.4443 0
      vertex 3.42514 66.356 2.4
      vertex 0.0523529 66.4443 2.4
    endloop
  endfacet
  facet normal -0.0261712 -0.999657 -0
    outer loop
      vertex 3.42514 66.356 2.4
      vertex 0.0523529 66.4443 0
      vertex 3.42514 66.356 0
    endloop
  endfacet
  facet normal 0 -1 0
    outer loop
      vertex -0.0523529 66.4443 0
      vertex 0.0523529 66.4443 2.4
      vertex -0.0523529 66.4443 2.4
    endloop
  endfacet
  facet normal 0 -1 -0
    outer loop
      vertex 0.0523529 66.4443 2.4
      vertex -0.0523529 66.4443 0
      vertex 0.0523529 66.4443 0
    endloop
  endfacet
  facet normal 0.0261712 -0.999657 0
    outer loop
      vertex -3.42514 66.356 0
      vertex -0.0523529 66.4443 2.4
      vertex -3.42514 66.356 2.4
    endloop
  endfacet
  facet normal 0.0261712 -0.999657 0
    outer loop
      vertex -0.0523529 66.4443 2.4
      vertex -3.42514 66.356 0
      vertex -0.0523529 66.4443 0
    endloop
  endfacet
  facet normal 0.0525237 -0.99862 0
    outer loop
      vertex -3.52971 66.3505 0
      vertex -3.42514 66.356 2.4
      vertex -3.52971 66.3505 2.4
    endloop
  endfacet
  facet normal 0.0525237 -0.99862 0
    outer loop
      vertex -3.42514 66.356 2.4
      vertex -3.52971 66.3505 0
      vertex -3.42514 66.356 0
    endloop
  endfacet
  facet normal 0.0784543 -0.996918 0
    outer loop
      vertex -6.89325 66.0858 0
      vertex -3.52971 66.3505 2.4
      vertex -6.89325 66.0858 2.4
    endloop
  endfacet
  facet normal 0.0784543 -0.996918 0
    outer loop
      vertex -3.52971 66.3505 2.4
      vertex -6.89325 66.0858 0
      vertex -3.52971 66.3505 0
    endloop
  endfacet
  facet normal 0.105053 -0.994467 0
    outer loop
      vertex -6.99738 66.0748 0
      vertex -6.89325 66.0858 2.4
      vertex -6.99738 66.0748 2.4
    endloop
  endfacet
  facet normal 0.105053 -0.994467 0
    outer loop
      vertex -6.89325 66.0858 2.4
      vertex -6.99738 66.0748 0
      vertex -6.89325 66.0858 0
    endloop
  endfacet
  facet normal 0.130499 -0.991448 0
    outer loop
      vertex -10.3425 65.6345 0
      vertex -6.99738 66.0748 2.4
      vertex -10.3425 65.6345 2.4
    endloop
  endfacet
  facet normal 0.130499 -0.991448 0
    outer loop
      vertex -6.99738 66.0748 2.4
      vertex -10.3425 65.6345 0
      vertex -6.99738 66.0748 0
    endloop
  endfacet
  facet normal 0.156649 -0.987654 0
    outer loop
      vertex -10.4459 65.6181 0
      vertex -10.3425 65.6345 2.4
      vertex -10.4459 65.6181 2.4
    endloop
  endfacet
  facet normal 0.156649 -0.987654 0
    outer loop
      vertex -10.3425 65.6345 2.4
      vertex -10.4459 65.6181 0
      vertex -10.3425 65.6345 0
    endloop
  endfacet
  facet normal 0.182252 -0.983252 0
    outer loop
      vertex -13.7633 65.0032 0
      vertex -10.4459 65.6181 2.4
      vertex -13.7633 65.0032 2.4
    endloop
  endfacet
  facet normal 0.182252 -0.983252 0
    outer loop
      vertex -10.4459 65.6181 2.4
      vertex -13.7633 65.0032 0
      vertex -10.4459 65.6181 0
    endloop
  endfacet
  facet normal 0.20803 -0.978122 0
    outer loop
      vertex -13.8658 64.9814 0
      vertex -13.7633 65.0032 2.4
      vertex -13.8658 64.9814 2.4
    endloop
  endfacet
  facet normal 0.20803 -0.978122 0
    outer loop
      vertex -13.7633 65.0032 2.4
      vertex -13.8658 64.9814 0
      vertex -13.7633 65.0032 0
    endloop
  endfacet
  facet normal 0.23344 -0.972371 0
    outer loop
      vertex -15.7948 64.5183 0
      vertex -13.8658 64.9814 2.4
      vertex -15.7948 64.5183 2.4
    endloop
  endfacet
  facet normal 0.23344 -0.972371 0
    outer loop
      vertex -13.8658 64.9814 2.4
      vertex -15.7948 64.5183 0
      vertex -13.8658 64.9814 0
    endloop
  endfacet
  facet normal 0.283989 -0.958828 0
    outer loop
      vertex -20.4826 63.2085 0
      vertex -18.5804 63.7719 2.4
      vertex -20.4826 63.2085 2.4
    endloop
  endfacet
  facet normal 0.283989 -0.958828 0
    outer loop
      vertex -18.5804 63.7719 2.4
      vertex -20.4826 63.2085 0
      vertex -18.5804 63.7719 0
    endloop
  endfacet
  facet normal 0.309345 -0.95095 0
    outer loop
      vertex -20.5822 63.1761 0
      vertex -20.4826 63.2085 2.4
      vertex -20.5822 63.1761 2.4
    endloop
  endfacet
  facet normal 0.309345 -0.95095 0
    outer loop
      vertex -20.4826 63.2085 2.4
      vertex -20.5822 63.1761 0
      vertex -20.4826 63.2085 0
    endloop
  endfacet
  facet normal 0.333797 -0.942645 0
    outer loop
      vertex -23.7626 62.0499 0
      vertex -20.5822 63.1761 2.4
      vertex -23.7626 62.0499 2.4
    endloop
  endfacet
  facet normal 0.333797 -0.942645 0
    outer loop
      vertex -20.5822 63.1761 2.4
      vertex -23.7626 62.0499 0
      vertex -20.5822 63.1761 0
    endloop
  endfacet
  facet normal 0.358851 -0.933395 0
    outer loop
      vertex -23.8604 62.0123 0
      vertex -23.7626 62.0499 2.4
      vertex -23.8604 62.0123 2.4
    endloop
  endfacet
  facet normal 0.358851 -0.933395 0
    outer loop
      vertex -23.7626 62.0499 2.4
      vertex -23.8604 62.0123 0
      vertex -23.7626 62.0499 0
    endloop
  endfacet
  facet normal 0.382672 -0.923884 0
    outer loop
      vertex -26.9775 60.7212 0
      vertex -23.8604 62.0123 2.4
      vertex -26.9775 60.7212 2.4
    endloop
  endfacet
  facet normal 0.382672 -0.923884 0
    outer loop
      vertex -23.8604 62.0123 2.4
      vertex -26.9775 60.7212 0
      vertex -23.8604 62.0123 0
    endloop
  endfacet
  facet normal 0.40667 -0.913575 0
    outer loop
      vertex -27.0732 60.6786 0
      vertex -26.9775 60.7212 2.4
      vertex -27.0732 60.6786 2.4
    endloop
  endfacet
  facet normal 0.40667 -0.913575 0
    outer loop
      vertex -26.9775 60.7212 2.4
      vertex -27.0732 60.6786 0
      vertex -26.9775 60.7212 0
    endloop
  endfacet
  facet normal 0.430515 -0.902584 0
    outer loop
      vertex -30.1184 59.2261 0
      vertex -27.0732 60.6786 2.4
      vertex -30.1184 59.2261 2.4
    endloop
  endfacet
  facet normal 0.430515 -0.902584 0
    outer loop
      vertex -27.0732 60.6786 2.4
      vertex -30.1184 59.2261 0
      vertex -27.0732 60.6786 0
    endloop
  endfacet
  facet normal 0.454455 -0.89077 0
    outer loop
      vertex -30.2117 59.1785 0
      vertex -30.1184 59.2261 2.4
      vertex -30.2117 59.1785 2.4
    endloop
  endfacet
  facet normal 0.454455 -0.89077 0
    outer loop
      vertex -30.1184 59.2261 2.4
      vertex -30.2117 59.1785 0
      vertex -30.1184 59.2261 0
    endloop
  endfacet
  facet normal 0.477155 -0.878819 0
    outer loop
      vertex -33.1768 57.5686 0
      vertex -30.2117 59.1785 2.4
      vertex -33.1768 57.5686 2.4
    endloop
  endfacet
  facet normal 0.477155 -0.878819 0
    outer loop
      vertex -30.2117 59.1785 2.4
      vertex -33.1768 57.5686 0
      vertex -30.2117 59.1785 0
    endloop
  endfacet
  facet normal 0.49953 -0.866297 0
    outer loop
      vertex -33.2675 57.5163 0
      vertex -33.1768 57.5686 2.4
      vertex -33.2675 57.5163 2.4
    endloop
  endfacet
  facet normal 0.49953 -0.866297 0
    outer loop
      vertex -33.1768 57.5686 2.4
      vertex -33.2675 57.5163 0
      vertex -33.1768 57.5686 0
    endloop
  endfacet
  facet normal 0.522497 -0.852641 0
    outer loop
      vertex -36.1443 55.7534 0
      vertex -33.2675 57.5163 2.4
      vertex -36.1443 55.7534 2.4
    endloop
  endfacet
  facet normal 0.522497 -0.852641 0
    outer loop
      vertex -33.2675 57.5163 2.4
      vertex -36.1443 55.7534 0
      vertex -33.2675 57.5163 0
    endloop
  endfacet
  facet normal 0.544518 -0.838749 0
    outer loop
      vertex -36.2321 55.6964 0
      vertex -36.1443 55.7534 2.4
      vertex -36.2321 55.6964 2.4
    endloop
  endfacet
  facet normal 0.544518 -0.838749 0
    outer loop
      vertex -36.1443 55.7534 2.4
      vertex -36.2321 55.6964 0
      vertex -36.1443 55.7534 0
    endloop
  endfacet
  facet normal 0.566429 -0.82411 0
    outer loop
      vertex -39.0126 53.7853 0
      vertex -36.2321 55.6964 2.4
      vertex -39.0126 53.7853 2.4
    endloop
  endfacet
  facet normal 0.566429 -0.82411 0
    outer loop
      vertex -36.2321 55.6964 2.4
      vertex -39.0126 53.7853 0
      vertex -36.2321 55.6964 0
    endloop
  endfacet
  facet normal 0.587547 -0.80919 0
    outer loop
      vertex -39.0973 53.7238 0
      vertex -39.0126 53.7853 2.4
      vertex -39.0973 53.7238 2.4
    endloop
  endfacet
  facet normal 0.587547 -0.80919 0
    outer loop
      vertex -39.0126 53.7853 2.4
      vertex -39.0973 53.7238 0
      vertex -39.0126 53.7853 0
    endloop
  endfacet
  facet normal 0.608746 -0.793365 0
    outer loop
      vertex -41.7741 51.6699 0
      vertex -39.0973 53.7238 2.4
      vertex -41.7741 51.6699 2.4
    endloop
  endfacet
  facet normal 0.608746 -0.793365 0
    outer loop
      vertex -39.0973 53.7238 2.4
      vertex -41.7741 51.6699 0
      vertex -39.0973 53.7238 0
    endloop
  endfacet
  facet normal 0.629693 -0.776844 0
    outer loop
      vertex -41.8554 51.604 0
      vertex -41.7741 51.6699 2.4
      vertex -41.8554 51.604 2.4
    endloop
  endfacet
  facet normal 0.629693 -0.776844 0
    outer loop
      vertex -41.7741 51.6699 2.4
      vertex -41.8554 51.604 0
      vertex -41.7741 51.6699 0
    endloop
  endfacet
  facet normal 0.649443 -0.76041 0
    outer loop
      vertex -44.421 49.4128 0
      vertex -41.8554 51.604 2.4
      vertex -44.421 49.4128 2.4
    endloop
  endfacet
  facet normal 0.649443 -0.76041 0
    outer loop
      vertex -41.8554 51.604 2.4
      vertex -44.421 49.4128 0
      vertex -41.8554 51.604 0
    endloop
  endfacet
  facet normal 0.669387 -0.742914 0
    outer loop
      vertex -44.4988 49.3427 0
      vertex -44.421 49.4128 2.4
      vertex -44.4988 49.3427 2.4
    endloop
  endfacet
  facet normal 0.669387 -0.742914 0
    outer loop
      vertex -44.421 49.4128 2.4
      vertex -44.4988 49.3427 0
      vertex -44.421 49.4128 0
    endloop
  endfacet
  facet normal 0.688355 -0.725374 0
    outer loop
      vertex -46.9462 47.0202 0
      vertex -44.4988 49.3427 2.4
      vertex -46.9462 47.0202 2.4
    endloop
  endfacet
  facet normal 0.688355 -0.725374 0
    outer loop
      vertex -44.4988 49.3427 2.4
      vertex -46.9462 47.0202 0
      vertex -44.4988 49.3427 0
    endloop
  endfacet
  facet normal 0.718988 -0.695022 0
    outer loop
      vertex -46.9926 46.9722 2.4
      vertex -46.9462 47.0202 0
      vertex -46.9462 47.0202 2.4
    endloop
  endfacet
  facet normal 0.718988 -0.695022 0
    outer loop
      vertex -46.9462 47.0202 0
      vertex -46.9926 46.9722 2.4
      vertex -46.9926 46.9722 0
    endloop
  endfacet
  facet normal 0.685694 -0.72789 0
    outer loop
      vertex -47.0202 46.9462 0
      vertex -46.9926 46.9722 2.4
      vertex -47.0202 46.9462 2.4
    endloop
  endfacet
  facet normal 0.685694 -0.72789 0
    outer loop
      vertex -46.9926 46.9722 2.4
      vertex -47.0202 46.9462 0
      vertex -46.9926 46.9722 0
    endloop
  endfacet
  facet normal 0.725374 -0.688355 0
    outer loop
      vertex -49.3427 44.4988 2.4
      vertex -47.0202 46.9462 0
      vertex -47.0202 46.9462 2.4
    endloop
  endfacet
  facet normal 0.725374 -0.688355 0
    outer loop
      vertex -47.0202 46.9462 0
      vertex -49.3427 44.4988 2.4
      vertex -49.3427 44.4988 0
    endloop
  endfacet
  facet normal 0.742914 -0.669387 0
    outer loop
      vertex -49.4128 44.421 2.4
      vertex -49.3427 44.4988 0
      vertex -49.3427 44.4988 2.4
    endloop
  endfacet
  facet normal 0.742914 -0.669387 0
    outer loop
      vertex -49.3427 44.4988 0
      vertex -49.4128 44.421 2.4
      vertex -49.4128 44.421 0
    endloop
  endfacet
  facet normal 0.76041 -0.649443 0
    outer loop
      vertex -51.604 41.8554 2.4
      vertex -49.4128 44.421 0
      vertex -49.4128 44.421 2.4
    endloop
  endfacet
  facet normal 0.76041 -0.649443 0
    outer loop
      vertex -49.4128 44.421 0
      vertex -51.604 41.8554 2.4
      vertex -51.604 41.8554 0
    endloop
  endfacet
  facet normal 0.776844 -0.629693 0
    outer loop
      vertex -51.6699 41.7741 2.4
      vertex -51.604 41.8554 0
      vertex -51.604 41.8554 2.4
    endloop
  endfacet
  facet normal 0.776844 -0.629693 0
    outer loop
      vertex -51.604 41.8554 0
      vertex -51.6699 41.7741 2.4
      vertex -51.6699 41.7741 0
    endloop
  endfacet
  facet normal 0.793365 -0.608746 0
    outer loop
      vertex -53.7238 39.0973 2.4
      vertex -51.6699 41.7741 0
      vertex -51.6699 41.7741 2.4
    endloop
  endfacet
  facet normal 0.793365 -0.608746 0
    outer loop
      vertex -51.6699 41.7741 0
      vertex -53.7238 39.0973 2.4
      vertex -53.7238 39.0973 0
    endloop
  endfacet
  facet normal 0.80919 -0.587547 0
    outer loop
      vertex -53.7853 39.0126 2.4
      vertex -53.7238 39.0973 0
      vertex -53.7238 39.0973 2.4
    endloop
  endfacet
  facet normal 0.80919 -0.587547 0
    outer loop
      vertex -53.7238 39.0973 0
      vertex -53.7853 39.0126 2.4
      vertex -53.7853 39.0126 0
    endloop
  endfacet
  facet normal 0.82411 -0.566429 0
    outer loop
      vertex -55.6964 36.2321 2.4
      vertex -53.7853 39.0126 0
      vertex -53.7853 39.0126 2.4
    endloop
  endfacet
  facet normal 0.82411 -0.566429 0
    outer loop
      vertex -53.7853 39.0126 0
      vertex -55.6964 36.2321 2.4
      vertex -55.6964 36.2321 0
    endloop
  endfacet
  facet normal 0.838749 -0.544518 0
    outer loop
      vertex -55.7534 36.1443 2.4
      vertex -55.6964 36.2321 0
      vertex -55.6964 36.2321 2.4
    endloop
  endfacet
  facet normal 0.838749 -0.544518 0
    outer loop
      vertex -55.6964 36.2321 0
      vertex -55.7534 36.1443 2.4
      vertex -55.7534 36.1443 0
    endloop
  endfacet
  facet normal 0.852641 -0.522497 0
    outer loop
      vertex -57.5163 33.2675 2.4
      vertex -55.7534 36.1443 0
      vertex -55.7534 36.1443 2.4
    endloop
  endfacet
  facet normal 0.852641 -0.522497 0
    outer loop
      vertex -55.7534 36.1443 0
      vertex -57.5163 33.2675 2.4
      vertex -57.5163 33.2675 0
    endloop
  endfacet
  facet normal 0.866297 -0.49953 0
    outer loop
      vertex -57.5686 33.1768 2.4
      vertex -57.5163 33.2675 0
      vertex -57.5163 33.2675 2.4
    endloop
  endfacet
  facet normal 0.866297 -0.49953 0
    outer loop
      vertex -57.5163 33.2675 0
      vertex -57.5686 33.1768 2.4
      vertex -57.5686 33.1768 0
    endloop
  endfacet
  facet normal 0.878819 -0.477155 0
    outer loop
      vertex -59.1785 30.2117 2.4
      vertex -57.5686 33.1768 0
      vertex -57.5686 33.1768 2.4
    endloop
  endfacet
  facet normal 0.878819 -0.477155 0
    outer loop
      vertex -57.5686 33.1768 0
      vertex -59.1785 30.2117 2.4
      vertex -59.1785 30.2117 0
    endloop
  endfacet
  facet normal 0.89077 -0.454455 0
    outer loop
      vertex -59.2261 30.1184 2.4
      vertex -59.1785 30.2117 0
      vertex -59.1785 30.2117 2.4
    endloop
  endfacet
  facet normal 0.89077 -0.454455 0
    outer loop
      vertex -59.1785 30.2117 0
      vertex -59.2261 30.1184 2.4
      vertex -59.2261 30.1184 0
    endloop
  endfacet
  facet normal 0.902584 -0.430515 0
    outer loop
      vertex -60.6786 27.0732 2.4
      vertex -59.2261 30.1184 0
      vertex -59.2261 30.1184 2.4
    endloop
  endfacet
  facet normal 0.902584 -0.430515 0
    outer loop
      vertex -59.2261 30.1184 0
      vertex -60.6786 27.0732 2.4
      vertex -60.6786 27.0732 0
    endloop
  endfacet
  facet normal 0.913575 -0.40667 0
    outer loop
      vertex -60.7212 26.9775 2.4
      vertex -60.6786 27.0732 0
      vertex -60.6786 27.0732 2.4
    endloop
  endfacet
  facet normal 0.913575 -0.40667 0
    outer loop
      vertex -60.6786 27.0732 0
      vertex -60.7212 26.9775 2.4
      vertex -60.7212 26.9775 0
    endloop
  endfacet
  facet normal 0.923884 -0.382672 0
    outer loop
      vertex -62.0123 23.8604 2.4
      vertex -60.7212 26.9775 0
      vertex -60.7212 26.9775 2.4
    endloop
  endfacet
  facet normal 0.923884 -0.382672 0
    outer loop
      vertex -60.7212 26.9775 0
      vertex -62.0123 23.8604 2.4
      vertex -62.0123 23.8604 0
    endloop
  endfacet
  facet normal 0.933395 -0.358851 0
    outer loop
      vertex -62.0499 23.7626 2.4
      vertex -62.0123 23.8604 0
      vertex -62.0123 23.8604 2.4
    endloop
  endfacet
  facet normal 0.933395 -0.358851 0
    outer loop
      vertex -62.0123 23.8604 0
      vertex -62.0499 23.7626 2.4
      vertex -62.0499 23.7626 0
    endloop
  endfacet
  facet normal 0.942645 -0.333797 0
    outer loop
      vertex -63.1761 20.5822 2.4
      vertex -62.0499 23.7626 0
      vertex -62.0499 23.7626 2.4
    endloop
  endfacet
  facet normal 0.942645 -0.333797 0
    outer loop
      vertex -62.0499 23.7626 0
      vertex -63.1761 20.5822 2.4
      vertex -63.1761 20.5822 0
    endloop
  endfacet
  facet normal 0.95095 -0.309345 0
    outer loop
      vertex -63.2085 20.4826 2.4
      vertex -63.1761 20.5822 0
      vertex -63.1761 20.5822 2.4
    endloop
  endfacet
  facet normal 0.95095 -0.309345 0
    outer loop
      vertex -63.1761 20.5822 0
      vertex -63.2085 20.4826 2.4
      vertex -63.2085 20.4826 0
    endloop
  endfacet
  facet normal 0.958824 -0.284002 0
    outer loop
      vertex -64.1667 17.2476 2.4
      vertex -63.2085 20.4826 0
      vertex -63.2085 20.4826 2.4
    endloop
  endfacet
  facet normal 0.958824 -0.284002 0
    outer loop
      vertex -63.2085 20.4826 0
      vertex -64.1667 17.2476 2.4
      vertex -64.1667 17.2476 0
    endloop
  endfacet
  facet normal 0.970054 -0.242888 0
    outer loop
      vertex -64.1829 17.1829 2.4
      vertex -64.1667 17.2476 0
      vertex -64.1667 17.2476 2.4
    endloop
  endfacet
  facet normal 0.970054 -0.242888 0
    outer loop
      vertex -64.1667 17.2476 0
      vertex -64.1829 17.1829 2.4
      vertex -64.1829 17.1829 0
    endloop
  endfacet
  facet normal 0.957971 -0.286865 0
    outer loop
      vertex -64.1938 17.1465 2.4
      vertex -64.1829 17.1829 0
      vertex -64.1829 17.1829 2.4
    endloop
  endfacet
  facet normal 0.957971 -0.286865 0
    outer loop
      vertex -64.1829 17.1829 0
      vertex -64.1938 17.1465 2.4
      vertex -64.1938 17.1465 0
    endloop
  endfacet
  facet normal 0.972372 -0.233438 0
    outer loop
      vertex -64.9814 13.8658 2.4
      vertex -64.1938 17.1465 0
      vertex -64.1938 17.1465 2.4
    endloop
  endfacet
  facet normal 0.972372 -0.233438 0
    outer loop
      vertex -64.1938 17.1465 0
      vertex -64.9814 13.8658 2.4
      vertex -64.9814 13.8658 0
    endloop
  endfacet
  facet normal 0.978122 -0.20803 0
    outer loop
      vertex -65.0032 13.7633 2.4
      vertex -64.9814 13.8658 0
      vertex -64.9814 13.8658 2.4
    endloop
  endfacet
  facet normal 0.978122 -0.20803 0
    outer loop
      vertex -64.9814 13.8658 0
      vertex -65.0032 13.7633 2.4
      vertex -65.0032 13.7633 0
    endloop
  endfacet
  facet normal 0.983252 -0.182252 0
    outer loop
      vertex -65.6181 10.4459 2.4
      vertex -65.0032 13.7633 0
      vertex -65.0032 13.7633 2.4
    endloop
  endfacet
  facet normal 0.983252 -0.182252 0
    outer loop
      vertex -65.0032 13.7633 0
      vertex -65.6181 10.4459 2.4
      vertex -65.6181 10.4459 0
    endloop
  endfacet
  facet normal 0.987654 -0.156649 0
    outer loop
      vertex -65.6345 10.3425 2.4
      vertex -65.6181 10.4459 0
      vertex -65.6181 10.4459 2.4
    endloop
  endfacet
  facet normal 0.987654 -0.156649 0
    outer loop
      vertex -65.6181 10.4459 0
      vertex -65.6345 10.3425 2.4
      vertex -65.6345 10.3425 0
    endloop
  endfacet
  facet normal 0.991448 -0.130499 0
    outer loop
      vertex -66.0748 6.99738 2.4
      vertex -65.6345 10.3425 0
      vertex -65.6345 10.3425 2.4
    endloop
  endfacet
  facet normal 0.991448 -0.130499 0
    outer loop
      vertex -65.6345 10.3425 0
      vertex -66.0748 6.99738 2.4
      vertex -66.0748 6.99738 0
    endloop
  endfacet
  facet normal 0.994467 -0.105053 0
    outer loop
      vertex -66.0858 6.89325 2.4
      vertex -66.0748 6.99738 0
      vertex -66.0748 6.99738 2.4
    endloop
  endfacet
  facet normal 0.994467 -0.105053 0
    outer loop
      vertex -66.0748 6.99738 0
      vertex -66.0858 6.89325 2.4
      vertex -66.0858 6.89325 0
    endloop
  endfacet
  facet normal 0.996918 -0.0784543 0
    outer loop
      vertex -66.3505 3.52971 2.4
      vertex -66.0858 6.89325 0
      vertex -66.0858 6.89325 2.4
    endloop
  endfacet
  facet normal 0.996918 -0.0784543 0
    outer loop
      vertex -66.0858 6.89325 0
      vertex -66.3505 3.52971 2.4
      vertex -66.3505 3.52971 0
    endloop
  endfacet
  facet normal 0.99862 -0.0525237 0
    outer loop
      vertex -66.356 3.42514 2.4
      vertex -66.3505 3.52971 0
      vertex -66.3505 3.52971 2.4
    endloop
  endfacet
  facet normal 0.99862 -0.0525237 0
    outer loop
      vertex -66.3505 3.52971 0
      vertex -66.356 3.42514 2.4
      vertex -66.356 3.42514 0
    endloop
  endfacet
  facet normal 0.999657 -0.0261712 0
    outer loop
      vertex -66.4443 0.0523529 2.4
      vertex -66.356 3.42514 0
      vertex -66.356 3.42514 2.4
    endloop
  endfacet
  facet normal 0.999657 -0.0261712 0
    outer loop
      vertex -66.356 3.42514 0
      vertex -66.4443 0.0523529 2.4
      vertex -66.4443 0.0523529 0
    endloop
  endfacet
  facet normal 1 -0 0
    outer loop
      vertex -66.4443 -0.0523529 2.4
      vertex -66.4443 0.0523529 0
      vertex -66.4443 0.0523529 2.4
    endloop
  endfacet
  facet normal 1 0 0
    outer loop
      vertex -66.4443 0.0523529 0
      vertex -66.4443 -0.0523529 2.4
      vertex -66.4443 -0.0523529 0
    endloop
  endfacet
  facet normal 0.999657 0.0261712 0
    outer loop
      vertex -66.356 -3.42514 2.4
      vertex -66.4443 -0.0523529 0
      vertex -66.4443 -0.0523529 2.4
    endloop
  endfacet
  facet normal 0.999657 0.0261712 0
    outer loop
      vertex -66.4443 -0.0523529 0
      vertex -66.356 -3.42514 2.4
      vertex -66.356 -3.42514 0
    endloop
  endfacet
  facet normal 0.99862 0.0525237 0
    outer loop
      vertex -66.3505 -3.52971 2.4
      vertex -66.356 -3.42514 0
      vertex -66.356 -3.42514 2.4
    endloop
  endfacet
  facet normal 0.99862 0.0525237 0
    outer loop
      vertex -66.356 -3.42514 0
      vertex -66.3505 -3.52971 2.4
      vertex -66.3505 -3.52971 0
    endloop
  endfacet
  facet normal 0.996918 0.0784543 0
    outer loop
      vertex -66.0858 -6.89325 2.4
      vertex -66.3505 -3.52971 0
      vertex -66.3505 -3.52971 2.4
    endloop
  endfacet
  facet normal 0.996918 0.0784543 0
    outer loop
      vertex -66.3505 -3.52971 0
      vertex -66.0858 -6.89325 2.4
      vertex -66.0858 -6.89325 0
    endloop
  endfacet
  facet normal 0.994467 0.105053 0
    outer loop
      vertex -66.0748 -6.99738 2.4
      vertex -66.0858 -6.89325 0
      vertex -66.0858 -6.89325 2.4
    endloop
  endfacet
  facet normal 0.994467 0.105053 0
    outer loop
      vertex -66.0858 -6.89325 0
      vertex -66.0748 -6.99738 2.4
      vertex -66.0748 -6.99738 0
    endloop
  endfacet
  facet normal 0.991448 0.130499 0
    outer loop
      vertex -65.6345 -10.3425 2.4
      vertex -66.0748 -6.99738 0
      vertex -66.0748 -6.99738 2.4
    endloop
  endfacet
  facet normal 0.991448 0.130499 0
    outer loop
      vertex -66.0748 -6.99738 0
      vertex -65.6345 -10.3425 2.4
      vertex -65.6345 -10.3425 0
    endloop
  endfacet
  facet normal 0.987654 0.156649 0
    outer loop
      vertex -65.6181 -10.4459 2.4
      vertex -65.6345 -10.3425 0
      vertex -65.6345 -10.3425 2.4
    endloop
  endfacet
  facet normal 0.987654 0.156649 0
    outer loop
      vertex -65.6345 -10.3425 0
      vertex -65.6181 -10.4459 2.4
      vertex -65.6181 -10.4459 0
    endloop
  endfacet
  facet normal 0.983252 0.182252 0
    outer loop
      vertex -65.0032 -13.7633 2.4
      vertex -65.6181 -10.4459 0
      vertex -65.6181 -10.4459 2.4
    endloop
  endfacet
  facet normal 0.983252 0.182252 0
    outer loop
      vertex -65.6181 -10.4459 0
      vertex -65.0032 -13.7633 2.4
      vertex -65.0032 -13.7633 0
    endloop
  endfacet
  facet normal 0.978122 0.20803 0
    outer loop
      vertex -64.9814 -13.8658 2.4
      vertex -65.0032 -13.7633 0
      vertex -65.0032 -13.7633 2.4
    endloop
  endfacet
  facet normal 0.978122 0.20803 0
    outer loop
      vertex -65.0032 -13.7633 0
      vertex -64.9814 -13.8658 2.4
      vertex -64.9814 -13.8658 0
    endloop
  endfacet
  facet normal 0.972371 0.23344 0
    outer loop
      vertex -64.5183 -15.7948 2.4
      vertex -64.9814 -13.8658 0
      vertex -64.9814 -13.8658 2.4
    endloop
  endfacet
  facet normal 0.972371 0.23344 0
    outer loop
      vertex -64.9814 -13.8658 0
      vertex -64.5183 -15.7948 2.4
      vertex -64.5183 -15.7948 0
    endloop
  endfacet
  facet normal 0.958828 0.283989 0
    outer loop
      vertex -63.2085 -20.4826 2.4
      vertex -63.7719 -18.5804 0
      vertex -63.7719 -18.5804 2.4
    endloop
  endfacet
  facet normal 0.958828 0.283989 0
    outer loop
      vertex -63.7719 -18.5804 0
      vertex -63.2085 -20.4826 2.4
      vertex -63.2085 -20.4826 0
    endloop
  endfacet
  facet normal 0.95095 0.309345 0
    outer loop
      vertex -63.1761 -20.5822 2.4
      vertex -63.2085 -20.4826 0
      vertex -63.2085 -20.4826 2.4
    endloop
  endfacet
  facet normal 0.95095 0.309345 0
    outer loop
      vertex -63.2085 -20.4826 0
      vertex -63.1761 -20.5822 2.4
      vertex -63.1761 -20.5822 0
    endloop
  endfacet
  facet normal 0.942645 0.333797 0
    outer loop
      vertex -62.0499 -23.7626 2.4
      vertex -63.1761 -20.5822 0
      vertex -63.1761 -20.5822 2.4
    endloop
  endfacet
  facet normal 0.942645 0.333797 0
    outer loop
      vertex -63.1761 -20.5822 0
      vertex -62.0499 -23.7626 2.4
      vertex -62.0499 -23.7626 0
    endloop
  endfacet
  facet normal 0.933395 0.358851 0
    outer loop
      vertex -62.0123 -23.8604 2.4
      vertex -62.0499 -23.7626 0
      vertex -62.0499 -23.7626 2.4
    endloop
  endfacet
  facet normal 0.933395 0.358851 0
    outer loop
      vertex -62.0499 -23.7626 0
      vertex -62.0123 -23.8604 2.4
      vertex -62.0123 -23.8604 0
    endloop
  endfacet
  facet normal 0.923884 0.382672 0
    outer loop
      vertex -60.7212 -26.9775 2.4
      vertex -62.0123 -23.8604 0
      vertex -62.0123 -23.8604 2.4
    endloop
  endfacet
  facet normal 0.923884 0.382672 0
    outer loop
      vertex -62.0123 -23.8604 0
      vertex -60.7212 -26.9775 2.4
      vertex -60.7212 -26.9775 0
    endloop
  endfacet
  facet normal 0.913575 0.40667 0
    outer loop
      vertex -60.6786 -27.0732 2.4
      vertex -60.7212 -26.9775 0
      vertex -60.7212 -26.9775 2.4
    endloop
  endfacet
  facet normal 0.913575 0.40667 0
    outer loop
      vertex -60.7212 -26.9775 0
      vertex -60.6786 -27.0732 2.4
      vertex -60.6786 -27.0732 0
    endloop
  endfacet
  facet normal 0.902584 0.430515 0
    outer loop
      vertex -59.2261 -30.1184 2.4
      vertex -60.6786 -27.0732 0
      vertex -60.6786 -27.0732 2.4
    endloop
  endfacet
  facet normal 0.902584 0.430515 0
    outer loop
      vertex -60.6786 -27.0732 0
      vertex -59.2261 -30.1184 2.4
      vertex -59.2261 -30.1184 0
    endloop
  endfacet
  facet normal 0.89077 0.454455 0
    outer loop
      vertex -59.1785 -30.2117 2.4
      vertex -59.2261 -30.1184 0
      vertex -59.2261 -30.1184 2.4
    endloop
  endfacet
  facet normal 0.89077 0.454455 0
    outer loop
      vertex -59.2261 -30.1184 0
      vertex -59.1785 -30.2117 2.4
      vertex -59.1785 -30.2117 0
    endloop
  endfacet
  facet normal 0.878819 0.477155 0
    outer loop
      vertex -57.5686 -33.1768 2.4
      vertex -59.1785 -30.2117 0
      vertex -59.1785 -30.2117 2.4
    endloop
  endfacet
  facet normal 0.878819 0.477155 0
    outer loop
      vertex -59.1785 -30.2117 0
      vertex -57.5686 -33.1768 2.4
      vertex -57.5686 -33.1768 0
    endloop
  endfacet
  facet normal 0.866297 0.49953 0
    outer loop
      vertex -57.5163 -33.2675 2.4
      vertex -57.5686 -33.1768 0
      vertex -57.5686 -33.1768 2.4
    endloop
  endfacet
  facet normal 0.866297 0.49953 0
    outer loop
      vertex -57.5686 -33.1768 0
      vertex -57.5163 -33.2675 2.4
      vertex -57.5163 -33.2675 0
    endloop
  endfacet
  facet normal 0.852641 0.522497 0
    outer loop
      vertex -55.7534 -36.1443 2.4
      vertex -57.5163 -33.2675 0
      vertex -57.5163 -33.2675 2.4
    endloop
  endfacet
  facet normal 0.852641 0.522497 0
    outer loop
      vertex -57.5163 -33.2675 0
      vertex -55.7534 -36.1443 2.4
      vertex -55.7534 -36.1443 0
    endloop
  endfacet
  facet normal 0.838749 0.544518 0
    outer loop
      vertex -55.6964 -36.2321 2.4
      vertex -55.7534 -36.1443 0
      vertex -55.7534 -36.1443 2.4
    endloop
  endfacet
  facet normal 0.838749 0.544518 0
    outer loop
      vertex -55.7534 -36.1443 0
      vertex -55.6964 -36.2321 2.4
      vertex -55.6964 -36.2321 0
    endloop
  endfacet
  facet normal 0.82411 0.566429 0
    outer loop
      vertex -53.7853 -39.0126 2.4
      vertex -55.6964 -36.2321 0
      vertex -55.6964 -36.2321 2.4
    endloop
  endfacet
  facet normal 0.82411 0.566429 0
    outer loop
      vertex -55.6964 -36.2321 0
      vertex -53.7853 -39.0126 2.4
      vertex -53.7853 -39.0126 0
    endloop
  endfacet
  facet normal 0.80919 0.587547 0
    outer loop
      vertex -53.7238 -39.0973 2.4
      vertex -53.7853 -39.0126 0
      vertex -53.7853 -39.0126 2.4
    endloop
  endfacet
  facet normal 0.80919 0.587547 0
    outer loop
      vertex -53.7853 -39.0126 0
      vertex -53.7238 -39.0973 2.4
      vertex -53.7238 -39.0973 0
    endloop
  endfacet
  facet normal 0.793365 0.608746 0
    outer loop
      vertex -51.6699 -41.7741 2.4
      vertex -53.7238 -39.0973 0
      vertex -53.7238 -39.0973 2.4
    endloop
  endfacet
  facet normal 0.793365 0.608746 0
    outer loop
      vertex -53.7238 -39.0973 0
      vertex -51.6699 -41.7741 2.4
      vertex -51.6699 -41.7741 0
    endloop
  endfacet
  facet normal 0.776844 0.629693 0
    outer loop
      vertex -51.604 -41.8554 2.4
      vertex -51.6699 -41.7741 0
      vertex -51.6699 -41.7741 2.4
    endloop
  endfacet
  facet normal 0.776844 0.629693 0
    outer loop
      vertex -51.6699 -41.7741 0
      vertex -51.604 -41.8554 2.4
      vertex -51.604 -41.8554 0
    endloop
  endfacet
  facet normal 0.76041 0.649443 0
    outer loop
      vertex -49.4128 -44.421 2.4
      vertex -51.604 -41.8554 0
      vertex -51.604 -41.8554 2.4
    endloop
  endfacet
  facet normal 0.76041 0.649443 0
    outer loop
      vertex -51.604 -41.8554 0
      vertex -49.4128 -44.421 2.4
      vertex -49.4128 -44.421 0
    endloop
  endfacet
  facet normal 0.742914 0.669387 0
    outer loop
      vertex -49.3427 -44.4988 2.4
      vertex -49.4128 -44.421 0
      vertex -49.4128 -44.421 2.4
    endloop
  endfacet
  facet normal 0.742914 0.669387 0
    outer loop
      vertex -49.4128 -44.421 0
      vertex -49.3427 -44.4988 2.4
      vertex -49.3427 -44.4988 0
    endloop
  endfacet
  facet normal 0.725374 0.688355 0
    outer loop
      vertex -47.0202 -46.9462 2.4
      vertex -49.3427 -44.4988 0
      vertex -49.3427 -44.4988 2.4
    endloop
  endfacet
  facet normal 0.725374 0.688355 0
    outer loop
      vertex -49.3427 -44.4988 0
      vertex -47.0202 -46.9462 2.4
      vertex -47.0202 -46.9462 0
    endloop
  endfacet
  facet normal 0.695022 0.718988 -0
    outer loop
      vertex -46.9722 -46.9926 0
      vertex -47.0202 -46.9462 2.4
      vertex -46.9722 -46.9926 2.4
    endloop
  endfacet
  facet normal 0.695022 0.718988 0
    outer loop
      vertex -47.0202 -46.9462 2.4
      vertex -46.9722 -46.9926 0
      vertex -47.0202 -46.9462 0
    endloop
  endfacet
  facet normal 0.72789 0.685694 0
    outer loop
      vertex -46.9462 -47.0202 2.4
      vertex -46.9722 -46.9926 0
      vertex -46.9722 -46.9926 2.4
    endloop
  endfacet
  facet normal 0.72789 0.685694 0
    outer loop
      vertex -46.9722 -46.9926 0
      vertex -46.9462 -47.0202 2.4
      vertex -46.9462 -47.0202 0
    endloop
  endfacet
  facet normal 0.688355 0.725374 -0
    outer loop
      vertex -44.4988 -49.3427 0
      vertex -46.9462 -47.0202 2.4
      vertex -44.4988 -49.3427 2.4
    endloop
  endfacet
  facet normal 0.688355 0.725374 0
    outer loop
      vertex -46.9462 -47.0202 2.4
      vertex -44.4988 -49.3427 0
      vertex -46.9462 -47.0202 0
    endloop
  endfacet
  facet normal 0.669387 0.742914 -0
    outer loop
      vertex -44.421 -49.4128 0
      vertex -44.4988 -49.3427 2.4
      vertex -44.421 -49.4128 2.4
    endloop
  endfacet
  facet normal 0.669387 0.742914 0
    outer loop
      vertex -44.4988 -49.3427 2.4
      vertex -44.421 -49.4128 0
      vertex -44.4988 -49.3427 0
    endloop
  endfacet
  facet normal 0.649443 0.76041 -0
    outer loop
      vertex -41.8554 -51.604 0
      vertex -44.421 -49.4128 2.4
      vertex -41.8554 -51.604 2.4
    endloop
  endfacet
  facet normal 0.649443 0.76041 0
    outer loop
      vertex -44.421 -49.4128 2.4
      vertex -41.8554 -51.604 0
      vertex -44.421 -49.4128 0
    endloop
  endfacet
  facet normal 0.629693 0.776844 -0
    outer loop
      vertex -41.7741 -51.6699 0
      vertex -41.8554 -51.604 2.4
      vertex -41.7741 -51.6699 2.4
    endloop
  endfacet
  facet normal 0.629693 0.776844 0
    outer loop
      vertex -41.8554 -51.604 2.4
      vertex -41.7741 -51.6699 0
      vertex -41.8554 -51.604 0
    endloop
  endfacet
  facet normal 0.608746 0.793365 -0
    outer loop
      vertex -39.0973 -53.7238 0
      vertex -41.7741 -51.6699 2.4
      vertex -39.0973 -53.7238 2.4
    endloop
  endfacet
  facet normal 0.608746 0.793365 0
    outer loop
      vertex -41.7741 -51.6699 2.4
      vertex -39.0973 -53.7238 0
      vertex -41.7741 -51.6699 0
    endloop
  endfacet
  facet normal 0.587547 0.80919 -0
    outer loop
      vertex -39.0126 -53.7853 0
      vertex -39.0973 -53.7238 2.4
      vertex -39.0126 -53.7853 2.4
    endloop
  endfacet
  facet normal 0.587547 0.80919 0
    outer loop
      vertex -39.0973 -53.7238 2.4
      vertex -39.0126 -53.7853 0
      vertex -39.0973 -53.7238 0
    endloop
  endfacet
  facet normal 0.566429 0.82411 -0
    outer loop
      vertex -36.2321 -55.6964 0
      vertex -39.0126 -53.7853 2.4
      vertex -36.2321 -55.6964 2.4
    endloop
  endfacet
  facet normal 0.566429 0.82411 0
    outer loop
      vertex -39.0126 -53.7853 2.4
      vertex -36.2321 -55.6964 0
      vertex -39.0126 -53.7853 0
    endloop
  endfacet
  facet normal 0.544518 0.838749 -0
    outer loop
      vertex -36.1443 -55.7534 0
      vertex -36.2321 -55.6964 2.4
      vertex -36.1443 -55.7534 2.4
    endloop
  endfacet
  facet normal 0.544518 0.838749 0
    outer loop
      vertex -36.2321 -55.6964 2.4
      vertex -36.1443 -55.7534 0
      vertex -36.2321 -55.6964 0
    endloop
  endfacet
  facet normal 0.522497 0.852641 -0
    outer loop
      vertex -33.2675 -57.5163 0
      vertex -36.1443 -55.7534 2.4
      vertex -33.2675 -57.5163 2.4
    endloop
  endfacet
  facet normal 0.522497 0.852641 0
    outer loop
      vertex -36.1443 -55.7534 2.4
      vertex -33.2675 -57.5163 0
      vertex -36.1443 -55.7534 0
    endloop
  endfacet
  facet normal 0.49953 0.866297 -0
    outer loop
      vertex -33.1768 -57.5686 0
      vertex -33.2675 -57.5163 2.4
      vertex -33.1768 -57.5686 2.4
    endloop
  endfacet
  facet normal 0.49953 0.866297 0
    outer loop
      vertex -33.2675 -57.5163 2.4
      vertex -33.1768 -57.5686 0
      vertex -33.2675 -57.5163 0
    endloop
  endfacet
  facet normal 0.477155 0.878819 -0
    outer loop
      vertex -30.2117 -59.1785 0
      vertex -33.1768 -57.5686 2.4
      vertex -30.2117 -59.1785 2.4
    endloop
  endfacet
  facet normal 0.477155 0.878819 0
    outer loop
      vertex -33.1768 -57.5686 2.4
      vertex -30.2117 -59.1785 0
      vertex -33.1768 -57.5686 0
    endloop
  endfacet
  facet normal 0.454455 0.89077 -0
    outer loop
      vertex -30.1184 -59.2261 0
      vertex -30.2117 -59.1785 2.4
      vertex -30.1184 -59.2261 2.4
    endloop
  endfacet
  facet normal 0.454455 0.89077 0
    outer loop
      vertex -30.2117 -59.1785 2.4
      vertex -30.1184 -59.2261 0
      vertex -30.2117 -59.1785 0
    endloop
  endfacet
  facet normal 0.430515 0.902584 -0
    outer loop
      vertex -27.0732 -60.6786 0
      vertex -30.1184 -59.2261 2.4
      vertex -27.0732 -60.6786 2.4
    endloop
  endfacet
  facet normal 0.430515 0.902584 0
    outer loop
      vertex -30.1184 -59.2261 2.4
      vertex -27.0732 -60.6786 0
      vertex -30.1184 -59.2261 0
    endloop
  endfacet
  facet normal 0.40667 0.913575 -0
    outer loop
      vertex -26.9775 -60.7212 0
      vertex -27.0732 -60.6786 2.4
      vertex -26.9775 -60.7212 2.4
    endloop
  endfacet
  facet normal 0.40667 0.913575 0
    outer loop
      vertex -27.0732 -60.6786 2.4
      vertex -26.9775 -60.7212 0
      vertex -27.0732 -60.6786 0
    endloop
  endfacet
  facet normal 0.382672 0.923884 -0
    outer loop
      vertex -23.8604 -62.0123 0
      vertex -26.9775 -60.7212 2.4
      vertex -23.8604 -62.0123 2.4
    endloop
  endfacet
  facet normal 0.382672 0.923884 0
    outer loop
      vertex -26.9775 -60.7212 2.4
      vertex -23.8604 -62.0123 0
      vertex -26.9775 -60.7212 0
    endloop
  endfacet
  facet normal 0.358851 0.933395 -0
    outer loop
      vertex -23.7626 -62.0499 0
      vertex -23.8604 -62.0123 2.4
      vertex -23.7626 -62.0499 2.4
    endloop
  endfacet
  facet normal 0.358851 0.933395 0
    outer loop
      vertex -23.8604 -62.0123 2.4
      vertex -23.7626 -62.0499 0
      vertex -23.8604 -62.0123 0
    endloop
  endfacet
  facet normal 0.333797 0.942645 -0
    outer loop
      vertex -20.5822 -63.1761 0
      vertex -23.7626 -62.0499 2.4
      vertex -20.5822 -63.1761 2.4
    endloop
  endfacet
  facet normal 0.333797 0.942645 0
    outer loop
      vertex -23.7626 -62.0499 2.4
      vertex -20.5822 -63.1761 0
      vertex -23.7626 -62.0499 0
    endloop
  endfacet
  facet normal 0.309345 0.95095 -0
    outer loop
      vertex -20.4826 -63.2085 0
      vertex -20.5822 -63.1761 2.4
      vertex -20.4826 -63.2085 2.4
    endloop
  endfacet
  facet normal 0.309345 0.95095 0
    outer loop
      vertex -20.5822 -63.1761 2.4
      vertex -20.4826 -63.2085 0
      vertex -20.5822 -63.1761 0
    endloop
  endfacet
  facet normal 0.284002 0.958824 -0
    outer loop
      vertex -17.2476 -64.1667 0
      vertex -20.4826 -63.2085 2.4
      vertex -17.2476 -64.1667 2.4
    endloop
  endfacet
  facet normal 0.284002 0.958824 0
    outer loop
      vertex -20.4826 -63.2085 2.4
      vertex -17.2476 -64.1667 0
      vertex -20.4826 -63.2085 0
    endloop
  endfacet
  facet normal 0.242888 0.970054 -0
    outer loop
      vertex -17.1829 -64.1829 0
      vertex -17.2476 -64.1667 2.4
      vertex -17.1829 -64.1829 2.4
    endloop
  endfacet
  facet normal 0.242888 0.970054 0
    outer loop
      vertex -17.2476 -64.1667 2.4
      vertex -17.1829 -64.1829 0
      vertex -17.2476 -64.1667 0
    endloop
  endfacet
  facet normal 0.286865 0.957971 -0
    outer loop
      vertex -17.1465 -64.1938 0
      vertex -17.1829 -64.1829 2.4
      vertex -17.1465 -64.1938 2.4
    endloop
  endfacet
  facet normal 0.286865 0.957971 0
    outer loop
      vertex -17.1829 -64.1829 2.4
      vertex -17.1465 -64.1938 0
      vertex -17.1829 -64.1829 0
    endloop
  endfacet
  facet normal 0.233438 0.972372 -0
    outer loop
      vertex -13.8658 -64.9814 0
      vertex -17.1465 -64.1938 2.4
      vertex -13.8658 -64.9814 2.4
    endloop
  endfacet
  facet normal 0.233438 0.972372 0
    outer loop
      vertex -17.1465 -64.1938 2.4
      vertex -13.8658 -64.9814 0
      vertex -17.1465 -64.1938 0
    endloop
  endfacet
  facet normal 0.20803 0.978122 -0
    outer loop
      vertex -13.7633 -65.0032 0
      vertex -13.8658 -64.9814 2.4
      vertex -13.7633 -65.0032 2.4
    endloop
  endfacet
  facet normal 0.20803 0.978122 0
    outer loop
      vertex -13.8658 -64.9814 2.4
      vertex -13.7633 -65.0032 0
      vertex -13.8658 -64.9814 0
    endloop
  endfacet
  facet normal 0.182252 0.983252 -0
    outer loop
      vertex -10.4459 -65.6181 0
      vertex -13.7633 -65.0032 2.4
      vertex -10.4459 -65.6181 2.4
    endloop
  endfacet
  facet normal 0.182252 0.983252 0
    outer loop
      vertex -13.7633 -65.0032 2.4
      vertex -10.4459 -65.6181 0
      vertex -13.7633 -65.0032 0
    endloop
  endfacet
  facet normal 0.156649 0.987654 -0
    outer loop
      vertex -10.3425 -65.6345 0
      vertex -10.4459 -65.6181 2.4
      vertex -10.3425 -65.6345 2.4
    endloop
  endfacet
  facet normal 0.156649 0.987654 0
    outer loop
      vertex -10.4459 -65.6181 2.4
      vertex -10.3425 -65.6345 0
      vertex -10.4459 -65.6181 0
    endloop
  endfacet
  facet normal 0.130499 0.991448 -0
    outer loop
      vertex -6.99738 -66.0748 0
      vertex -10.3425 -65.6345 2.4
      vertex -6.99738 -66.0748 2.4
    endloop
  endfacet
  facet normal 0.130499 0.991448 0
    outer loop
      vertex -10.3425 -65.6345 2.4
      vertex -6.99738 -66.0748 0
      vertex -10.3425 -65.6345 0
    endloop
  endfacet
  facet normal 0.105053 0.994467 -0
    outer loop
      vertex -6.89325 -66.0858 0
      vertex -6.99738 -66.0748 2.4
      vertex -6.89325 -66.0858 2.4
    endloop
  endfacet
  facet normal 0.105053 0.994467 0
    outer loop
      vertex -6.99738 -66.0748 2.4
      vertex -6.89325 -66.0858 0
      vertex -6.99738 -66.0748 0
    endloop
  endfacet
  facet normal 0.0784543 0.996918 -0
    outer loop
      vertex -3.52971 -66.3505 0
      vertex -6.89325 -66.0858 2.4
      vertex -3.52971 -66.3505 2.4
    endloop
  endfacet
  facet normal 0.0784543 0.996918 0
    outer loop
      vertex -6.89325 -66.0858 2.4
      vertex -3.52971 -66.3505 0
      vertex -6.89325 -66.0858 0
    endloop
  endfacet
  facet normal 0.0525237 0.99862 -0
    outer loop
      vertex -3.42514 -66.356 0
      vertex -3.52971 -66.3505 2.4
      vertex -3.42514 -66.356 2.4
    endloop
  endfacet
  facet normal 0.0525237 0.99862 0
    outer loop
      vertex -3.52971 -66.3505 2.4
      vertex -3.42514 -66.356 0
      vertex -3.52971 -66.3505 0
    endloop
  endfacet
  facet normal 0.0261712 0.999657 -0
    outer loop
      vertex -0.0523529 -66.4443 0
      vertex -3.42514 -66.356 2.4
      vertex -0.0523529 -66.4443 2.4
    endloop
  endfacet
  facet normal 0.0261712 0.999657 0
    outer loop
      vertex -3.42514 -66.356 2.4
      vertex -0.0523529 -66.4443 0
      vertex -3.42514 -66.356 0
    endloop
  endfacet
  facet normal 0 1 -0
    outer loop
      vertex 0.0523529 -66.4443 0
      vertex -0.0523529 -66.4443 2.4
      vertex 0.0523529 -66.4443 2.4
    endloop
  endfacet
  facet normal 0 1 0
    outer loop
      vertex -0.0523529 -66.4443 2.4
      vertex 0.0523529 -66.4443 0
      vertex -0.0523529 -66.4443 0
    endloop
  endfacet
  facet normal -0.0261712 0.999657 0
    outer loop
      vertex 3.42514 -66.356 0
      vertex 0.0523529 -66.4443 2.4
      vertex 3.42514 -66.356 2.4
    endloop
  endfacet
  facet normal -0.0261712 0.999657 0
    outer loop
      vertex 0.0523529 -66.4443 2.4
      vertex 3.42514 -66.356 0
      vertex 0.0523529 -66.4443 0
    endloop
  endfacet
  facet normal -0.0525237 0.99862 0
    outer loop
      vertex 3.52971 -66.3505 0
      vertex 3.42514 -66.356 2.4
      vertex 3.52971 -66.3505 2.4
    endloop
  endfacet
  facet normal -0.0525237 0.99862 0
    outer loop
      vertex 3.42514 -66.356 2.4
      vertex 3.52971 -66.3505 0
      vertex 3.42514 -66.356 0
    endloop
  endfacet
  facet normal -0.0784543 0.996918 0
    outer loop
      vertex 6.89325 -66.0858 0
      vertex 3.52971 -66.3505 2.4
      vertex 6.89325 -66.0858 2.4
    endloop
  endfacet
  facet normal -0.0784543 0.996918 0
    outer loop
      vertex 3.52971 -66.3505 2.4
      vertex 6.89325 -66.0858 0
      vertex 3.52971 -66.3505 0
    endloop
  endfacet
  facet normal -0.105053 0.994467 0
    outer loop
      vertex 6.99738 -66.0748 0
      vertex 6.89325 -66.0858 2.4
      vertex 6.99738 -66.0748 2.4
    endloop
  endfacet
  facet normal -0.105053 0.994467 0
    outer loop
      vertex 6.89325 -66.0858 2.4
      vertex 6.99738 -66.0748 0
      vertex 6.89325 -66.0858 0
    endloop
  endfacet
  facet normal -0.130499 0.991448 0
    outer loop
      vertex 10.3425 -65.6345 0
      vertex 6.99738 -66.0748 2.4
      vertex 10.3425 -65.6345 2.4
    endloop
  endfacet
  facet normal -0.130499 0.991448 0
    outer loop
      vertex 6.99738 -66.0748 2.4
      vertex 10.3425 -65.6345 0
      vertex 6.99738 -66.0748 0
    endloop
  endfacet
  facet normal -0.156649 0.987654 0
    outer loop
      vertex 10.4459 -65.6181 0
      vertex 10.3425 -65.6345 2.4
      vertex 10.4459 -65.6181 2.4
    endloop
  endfacet
  facet normal -0.156649 0.987654 0
    outer loop
      vertex 10.3425 -65.6345 2.4
      vertex 10.4459 -65.6181 0
      vertex 10.3425 -65.6345 0
    endloop
  endfacet
  facet normal -0.182252 0.983252 0
    outer loop
      vertex 13.7633 -65.0032 0
      vertex 10.4459 -65.6181 2.4
      vertex 13.7633 -65.0032 2.4
    endloop
  endfacet
  facet normal -0.182252 0.983252 0
    outer loop
      vertex 10.4459 -65.6181 2.4
      vertex 13.7633 -65.0032 0
      vertex 10.4459 -65.6181 0
    endloop
  endfacet
  facet normal -0.20803 0.978122 0
    outer loop
      vertex 13.8658 -64.9814 0
      vertex 13.7633 -65.0032 2.4
      vertex 13.8658 -64.9814 2.4
    endloop
  endfacet
  facet normal -0.20803 0.978122 0
    outer loop
      vertex 13.7633 -65.0032 2.4
      vertex 13.8658 -64.9814 0
      vertex 13.7633 -65.0032 0
    endloop
  endfacet
  facet normal -0.23344 0.972371 0
    outer loop
      vertex 15.7948 -64.5183 0
      vertex 13.8658 -64.9814 2.4
      vertex 15.7948 -64.5183 2.4
    endloop
  endfacet
  facet normal -0.23344 0.972371 0
    outer loop
      vertex 13.8658 -64.9814 2.4
      vertex 15.7948 -64.5183 0
      vertex 13.8658 -64.9814 0
    endloop
  endfacet
  facet normal -0.283989 0.958828 0
    outer loop
      vertex 20.4826 -63.2085 0
      vertex 18.5804 -63.7719 2.4
      vertex 20.4826 -63.2085 2.4
    endloop
  endfacet
  facet normal -0.283989 0.958828 0
    outer loop
      vertex 18.5804 -63.7719 2.4
      vertex 20.4826 -63.2085 0
      vertex 18.5804 -63.7719 0
    endloop
  endfacet
  facet normal -0.309345 0.95095 0
    outer loop
      vertex 20.5822 -63.1761 0
      vertex 20.4826 -63.2085 2.4
      vertex 20.5822 -63.1761 2.4
    endloop
  endfacet
  facet normal -0.309345 0.95095 0
    outer loop
      vertex 20.4826 -63.2085 2.4
      vertex 20.5822 -63.1761 0
      vertex 20.4826 -63.2085 0
    endloop
  endfacet
  facet normal -0.333797 0.942645 0
    outer loop
      vertex 23.7626 -62.0499 0
      vertex 20.5822 -63.1761 2.4
      vertex 23.7626 -62.0499 2.4
    endloop
  endfacet
  facet normal -0.333797 0.942645 0
    outer loop
      vertex 20.5822 -63.1761 2.4
      vertex 23.7626 -62.0499 0
      vertex 20.5822 -63.1761 0
    endloop
  endfacet
  facet normal -0.358851 0.933395 0
    outer loop
      vertex 23.8604 -62.0123 0
      vertex 23.7626 -62.0499 2.4
      vertex 23.8604 -62.0123 2.4
    endloop
  endfacet
  facet normal -0.358851 0.933395 0
    outer loop
      vertex 23.7626 -62.0499 2.4
      vertex 23.8604 -62.0123 0
      vertex 23.7626 -62.0499 0
    endloop
  endfacet
  facet normal -0.382672 0.923884 0
    outer loop
      vertex 26.9775 -60.7212 0
      vertex 23.8604 -62.0123 2.4
      vertex 26.9775 -60.7212 2.4
    endloop
  endfacet
  facet normal -0.382672 0.923884 0
    outer loop
      vertex 23.8604 -62.0123 2.4
      vertex 26.9775 -60.7212 0
      vertex 23.8604 -62.0123 0
    endloop
  endfacet
  facet normal -0.40667 0.913575 0
    outer loop
      vertex 27.0732 -60.6786 0
      vertex 26.9775 -60.7212 2.4
      vertex 27.0732 -60.6786 2.4
    endloop
  endfacet
  facet normal -0.40667 0.913575 0
    outer loop
      vertex 26.9775 -60.7212 2.4
      vertex 27.0732 -60.6786 0
      vertex 26.9775 -60.7212 0
    endloop
  endfacet
  facet normal -0.430515 0.902584 0
    outer loop
      vertex 30.1184 -59.2261 0
      vertex 27.0732 -60.6786 2.4
      vertex 30.1184 -59.2261 2.4
    endloop
  endfacet
  facet normal -0.430515 0.902584 0
    outer loop
      vertex 27.0732 -60.6786 2.4
      vertex 30.1184 -59.2261 0
      vertex 27.0732 -60.6786 0
    endloop
  endfacet
  facet normal -0.454455 0.89077 0
    outer loop
      vertex 30.2117 -59.1785 0
      vertex 30.1184 -59.2261 2.4
      vertex 30.2117 -59.1785 2.4
    endloop
  endfacet
  facet normal -0.454455 0.89077 0
    outer loop
      vertex 30.1184 -59.2261 2.4
      vertex 30.2117 -59.1785 0
      vertex 30.1184 -59.2261 0
    endloop
  endfacet
  facet normal -0.477155 0.878819 0
    outer loop
      vertex 33.1768 -57.5686 0
      vertex 30.2117 -59.1785 2.4
      vertex 33.1768 -57.5686 2.4
    endloop
  endfacet
  facet normal -0.477155 0.878819 0
    outer loop
      vertex 30.2117 -59.1785 2.4
      vertex 33.1768 -57.5686 0
      vertex 30.2117 -59.1785 0
    endloop
  endfacet
  facet normal -0.49953 0.866297 0
    outer loop
      vertex 33.2675 -57.5163 0
      vertex 33.1768 -57.5686 2.4
      vertex 33.2675 -57.5163 2.4
    endloop
  endfacet
  facet normal -0.49953 0.866297 0
    outer loop
      vertex 33.1768 -57.5686 2.4
      vertex 33.2675 -57.5163 0
      vertex 33.1768 -57.5686 0
    endloop
  endfacet
  facet normal -0.522497 0.852641 0
    outer loop
      vertex 36.1443 -55.7534 0
      vertex 33.2675 -57.5163 2.4
      vertex 36.1443 -55.7534 2.4
    endloop
  endfacet
  facet normal -0.522497 0.852641 0
    outer loop
      vertex 33.2675 -57.5163 2.4
      vertex 36.1443 -55.7534 0
      vertex 33.2675 -57.5163 0
    endloop
  endfacet
  facet normal -0.544518 0.838749 0
    outer loop
      vertex 36.2321 -55.6964 0
      vertex 36.1443 -55.7534 2.4
      vertex 36.2321 -55.6964 2.4
    endloop
  endfacet
  facet normal -0.544518 0.838749 0
    outer loop
      vertex 36.1443 -55.7534 2.4
      vertex 36.2321 -55.6964 0
      vertex 36.1443 -55.7534 0
    endloop
  endfacet
  facet normal -0.566429 0.82411 0
    outer loop
      vertex 39.0126 -53.7853 0
      vertex 36.2321 -55.6964 2.4
      vertex 39.0126 -53.7853 2.4
    endloop
  endfacet
  facet normal -0.566429 0.82411 0
    outer loop
      vertex 36.2321 -55.6964 2.4
      vertex 39.0126 -53.7853 0
      vertex 36.2321 -55.6964 0
    endloop
  endfacet
  facet normal -0.587547 0.80919 0
    outer loop
      vertex 39.0973 -53.7238 0
      vertex 39.0126 -53.7853 2.4
      vertex 39.0973 -53.7238 2.4
    endloop
  endfacet
  facet normal -0.587547 0.80919 0
    outer loop
      vertex 39.0126 -53.7853 2.4
      vertex 39.0973 -53.7238 0
      vertex 39.0126 -53.7853 0
    endloop
  endfacet
  facet normal -0.608746 0.793365 0
    outer loop
      vertex 41.7741 -51.6699 0
      vertex 39.0973 -53.7238 2.4
      vertex 41.7741 -51.6699 2.4
    endloop
  endfacet
  facet normal -0.608746 0.793365 0
    outer loop
      vertex 39.0973 -53.7238 2.4
      vertex 41.7741 -51.6699 0
      vertex 39.0973 -53.7238 0
    endloop
  endfacet
  facet normal -0.629693 0.776844 0
    outer loop
      vertex 41.8554 -51.604 0
      vertex 41.7741 -51.6699 2.4
      vertex 41.8554 -51.604 2.4
    endloop
  endfacet
  facet normal -0.629693 0.776844 0
    outer loop
      vertex 41.7741 -51.6699 2.4
      vertex 41.8554 -51.604 0
      vertex 41.7741 -51.6699 0
    endloop
  endfacet
  facet normal -0.649443 0.76041 0
    outer loop
      vertex 44.421 -49.4128 0
      vertex 41.8554 -51.604 2.4
      vertex 44.421 -49.4128 2.4
    endloop
  endfacet
  facet normal -0.649443 0.76041 0
    outer loop
      vertex 41.8554 -51.604 2.4
      vertex 44.421 -49.4128 0
      vertex 41.8554 -51.604 0
    endloop
  endfacet
  facet normal -0.669387 0.742914 0
    outer loop
      vertex 44.4988 -49.3427 0
      vertex 44.421 -49.4128 2.4
      vertex 44.4988 -49.3427 2.4
    endloop
  endfacet
  facet normal -0.669387 0.742914 0
    outer loop
      vertex 44.421 -49.4128 2.4
      vertex 44.4988 -49.3427 0
      vertex 44.421 -49.4128 0
    endloop
  endfacet
  facet normal -0.688355 0.725374 0
    outer loop
      vertex 46.9462 -47.0202 0
      vertex 44.4988 -49.3427 2.4
      vertex 46.9462 -47.0202 2.4
    endloop
  endfacet
  facet normal -0.688355 0.725374 0
    outer loop
      vertex 44.4988 -49.3427 2.4
      vertex 46.9462 -47.0202 0
      vertex 44.4988 -49.3427 0
    endloop
  endfacet
  facet normal -0.718988 0.695022 0
    outer loop
      vertex 46.9462 -47.0202 0
      vertex 46.9926 -46.9722 2.4
      vertex 46.9926 -46.9722 0
    endloop
  endfacet
  facet normal -0.718988 0.695022 0
    outer loop
      vertex 46.9926 -46.9722 2.4
      vertex 46.9462 -47.0202 0
      vertex 46.9462 -47.0202 2.4
    endloop
  endfacet
  facet normal -0.685694 0.72789 0
    outer loop
      vertex 47.0202 -46.9462 0
      vertex 46.9926 -46.9722 2.4
      vertex 47.0202 -46.9462 2.4
    endloop
  endfacet
  facet normal -0.685694 0.72789 0
    outer loop
      vertex 46.9926 -46.9722 2.4
      vertex 47.0202 -46.9462 0
      vertex 46.9926 -46.9722 0
    endloop
  endfacet
  facet normal -0.725374 0.688355 0
    outer loop
      vertex 47.0202 -46.9462 0
      vertex 49.3427 -44.4988 2.4
      vertex 49.3427 -44.4988 0
    endloop
  endfacet
  facet normal -0.725374 0.688355 0
    outer loop
      vertex 49.3427 -44.4988 2.4
      vertex 47.0202 -46.9462 0
      vertex 47.0202 -46.9462 2.4
    endloop
  endfacet
  facet normal -0.742914 0.669387 0
    outer loop
      vertex 49.3427 -44.4988 0
      vertex 49.4128 -44.421 2.4
      vertex 49.4128 -44.421 0
    endloop
  endfacet
  facet normal -0.742914 0.669387 0
    outer loop
      vertex 49.4128 -44.421 2.4
      vertex 49.3427 -44.4988 0
      vertex 49.3427 -44.4988 2.4
    endloop
  endfacet
  facet normal -0.76041 0.649443 0
    outer loop
      vertex 49.4128 -44.421 0
      vertex 51.604 -41.8554 2.4
      vertex 51.604 -41.8554 0
    endloop
  endfacet
  facet normal -0.76041 0.649443 0
    outer loop
      vertex 51.604 -41.8554 2.4
      vertex 49.4128 -44.421 0
      vertex 49.4128 -44.421 2.4
    endloop
  endfacet
  facet normal -0.776844 0.629693 0
    outer loop
      vertex 51.604 -41.8554 0
      vertex 51.6699 -41.7741 2.4
      vertex 51.6699 -41.7741 0
    endloop
  endfacet
  facet normal -0.776844 0.629693 0
    outer loop
      vertex 51.6699 -41.7741 2.4
      vertex 51.604 -41.8554 0
      vertex 51.604 -41.8554 2.4
    endloop
  endfacet
  facet normal -0.793365 0.608746 0
    outer loop
      vertex 51.6699 -41.7741 0
      vertex 53.7238 -39.0973 2.4
      vertex 53.7238 -39.0973 0
    endloop
  endfacet
  facet normal -0.793365 0.608746 0
    outer loop
      vertex 53.7238 -39.0973 2.4
      vertex 51.6699 -41.7741 0
      vertex 51.6699 -41.7741 2.4
    endloop
  endfacet
  facet normal -0.80919 0.587547 0
    outer loop
      vertex 53.7238 -39.0973 0
      vertex 53.7853 -39.0126 2.4
      vertex 53.7853 -39.0126 0
    endloop
  endfacet
  facet normal -0.80919 0.587547 0
    outer loop
      vertex 53.7853 -39.0126 2.4
      vertex 53.7238 -39.0973 0
      vertex 53.7238 -39.0973 2.4
    endloop
  endfacet
  facet normal -0.82411 0.566429 0
    outer loop
      vertex 53.7853 -39.0126 0
      vertex 55.6964 -36.2321 2.4
      vertex 55.6964 -36.2321 0
    endloop
  endfacet
  facet normal -0.82411 0.566429 0
    outer loop
      vertex 55.6964 -36.2321 2.4
      vertex 53.7853 -39.0126 0
      vertex 53.7853 -39.0126 2.4
    endloop
  endfacet
  facet normal -0.838749 0.544518 0
    outer loop
      vertex 55.6964 -36.2321 0
      vertex 55.7534 -36.1443 2.4
      vertex 55.7534 -36.1443 0
    endloop
  endfacet
  facet normal -0.838749 0.544518 0
    outer loop
      vertex 55.7534 -36.1443 2.4
      vertex 55.6964 -36.2321 0
      vertex 55.6964 -36.2321 2.4
    endloop
  endfacet
  facet normal -0.852641 0.522497 0
    outer loop
      vertex 55.7534 -36.1443 0
      vertex 57.5163 -33.2675 2.4
      vertex 57.5163 -33.2675 0
    endloop
  endfacet
  facet normal -0.852641 0.522497 0
    outer loop
      vertex 57.5163 -33.2675 2.4
      vertex 55.7534 -36.1443 0
      vertex 55.7534 -36.1443 2.4
    endloop
  endfacet
  facet normal -0.866297 0.49953 0
    outer loop
      vertex 57.5163 -33.2675 0
      vertex 57.5686 -33.1768 2.4
      vertex 57.5686 -33.1768 0
    endloop
  endfacet
  facet normal -0.866297 0.49953 0
    outer loop
      vertex 57.5686 -33.1768 2.4
      vertex 57.5163 -33.2675 0
      vertex 57.5163 -33.2675 2.4
    endloop
  endfacet
  facet normal -0.878819 0.477155 0
    outer loop
      vertex 57.5686 -33.1768 0
      vertex 59.1785 -30.2117 2.4
      vertex 59.1785 -30.2117 0
    endloop
  endfacet
  facet normal -0.878819 0.477155 0
    outer loop
      vertex 59.1785 -30.2117 2.4
      vertex 57.5686 -33.1768 0
      vertex 57.5686 -33.1768 2.4
    endloop
  endfacet
  facet normal -0.89077 0.454455 0
    outer loop
      vertex 59.1785 -30.2117 0
      vertex 59.2261 -30.1184 2.4
      vertex 59.2261 -30.1184 0
    endloop
  endfacet
  facet normal -0.89077 0.454455 0
    outer loop
      vertex 59.2261 -30.1184 2.4
      vertex 59.1785 -30.2117 0
      vertex 59.1785 -30.2117 2.4
    endloop
  endfacet
  facet normal -0.902584 0.430515 0
    outer loop
      vertex 59.2261 -30.1184 0
      vertex 60.6786 -27.0732 2.4
      vertex 60.6786 -27.0732 0
    endloop
  endfacet
  facet normal -0.902584 0.430515 0
    outer loop
      vertex 60.6786 -27.0732 2.4
      vertex 59.2261 -30.1184 0
      vertex 59.2261 -30.1184 2.4
    endloop
  endfacet
  facet normal -0.913575 0.40667 0
    outer loop
      vertex 60.6786 -27.0732 0
      vertex 60.7212 -26.9775 2.4
      vertex 60.7212 -26.9775 0
    endloop
  endfacet
  facet normal -0.913575 0.40667 0
    outer loop
      vertex 60.7212 -26.9775 2.4
      vertex 60.6786 -27.0732 0
      vertex 60.6786 -27.0732 2.4
    endloop
  endfacet
  facet normal -0.923884 0.382672 0
    outer loop
      vertex 60.7212 -26.9775 0
      vertex 62.0123 -23.8604 2.4
      vertex 62.0123 -23.8604 0
    endloop
  endfacet
  facet normal -0.923884 0.382672 0
    outer loop
      vertex 62.0123 -23.8604 2.4
      vertex 60.7212 -26.9775 0
      vertex 60.7212 -26.9775 2.4
    endloop
  endfacet
  facet normal -0.933395 0.358851 0
    outer loop
      vertex 62.0123 -23.8604 0
      vertex 62.0499 -23.7626 2.4
      vertex 62.0499 -23.7626 0
    endloop
  endfacet
  facet normal -0.933395 0.358851 0
    outer loop
      vertex 62.0499 -23.7626 2.4
      vertex 62.0123 -23.8604 0
      vertex 62.0123 -23.8604 2.4
    endloop
  endfacet
  facet normal -0.942645 0.333797 0
    outer loop
      vertex 62.0499 -23.7626 0
      vertex 63.1761 -20.5822 2.4
      vertex 63.1761 -20.5822 0
    endloop
  endfacet
  facet normal -0.942645 0.333797 0
    outer loop
      vertex 63.1761 -20.5822 2.4
      vertex 62.0499 -23.7626 0
      vertex 62.0499 -23.7626 2.4
    endloop
  endfacet
  facet normal -0.95095 0.309345 0
    outer loop
      vertex 63.1761 -20.5822 0
      vertex 63.2085 -20.4826 2.4
      vertex 63.2085 -20.4826 0
    endloop
  endfacet
  facet normal -0.95095 0.309345 0
    outer loop
      vertex 63.2085 -20.4826 2.4
      vertex 63.1761 -20.5822 0
      vertex 63.1761 -20.5822 2.4
    endloop
  endfacet
  facet normal -0.958824 0.284002 0
    outer loop
      vertex 63.2085 -20.4826 0
      vertex 64.1667 -17.2476 2.4
      vertex 64.1667 -17.2476 0
    endloop
  endfacet
  facet normal -0.958824 0.284002 0
    outer loop
      vertex 64.1667 -17.2476 2.4
      vertex 63.2085 -20.4826 0
      vertex 63.2085 -20.4826 2.4
    endloop
  endfacet
  facet normal -0.970054 0.242888 0
    outer loop
      vertex 64.1667 -17.2476 0
      vertex 64.1829 -17.1829 2.4
      vertex 64.1829 -17.1829 0
    endloop
  endfacet
  facet normal -0.970054 0.242888 0
    outer loop
      vertex 64.1829 -17.1829 2.4
      vertex 64.1667 -17.2476 0
      vertex 64.1667 -17.2476 2.4
    endloop
  endfacet
  facet normal 0.216479 0.976287 -0
    outer loop
      vertex 65.3096 15.4824 0
      vertex 65.1265 15.523 2.4
      vertex 65.3096 15.4824 2.4
    endloop
  endfacet
  facet normal 0.216479 0.976287 0
    outer loop
      vertex 65.1265 15.523 2.4
      vertex 65.3096 15.4824 0
      vertex 65.1265 15.523 0
    endloop
  endfacet
  facet normal -0.0437381 0.999043 0
    outer loop
      vertex 65.8703 15.4579 0
      vertex 65.683 15.4497 2.4
      vertex 65.8703 15.4579 2.4
    endloop
  endfacet
  facet normal -0.0437381 0.999043 0
    outer loop
      vertex 65.683 15.4497 2.4
      vertex 65.8703 15.4579 0
      vertex 65.683 15.4497 0
    endloop
  endfacet
  facet normal 0.843354 -0.537358 0
    outer loop
      vertex 63.821 18.6747 2.4
      vertex 63.9218 18.8329 0
      vertex 63.9218 18.8329 2.4
    endloop
  endfacet
  facet normal 0.843354 -0.537358 0
    outer loop
      vertex 63.9218 18.8329 0
      vertex 63.821 18.6747 2.4
      vertex 63.821 18.6747 0
    endloop
  endfacet
  facet normal -0.999044 0.0437148 0
    outer loop
      vertex 67.8248 17.4123 0
      vertex 67.833 17.5997 2.4
      vertex 67.833 17.5997 0
    endloop
  endfacet
  facet normal -0.999044 0.0437148 0
    outer loop
      vertex 67.833 17.5997 2.4
      vertex 67.8248 17.4123 0
      vertex 67.8248 17.4123 2.4
    endloop
  endfacet
  facet normal -0.793297 -0.608834 0
    outer loop
      vertex 67.4441 18.8329 0
      vertex 67.3299 18.9817 2.4
      vertex 67.3299 18.9817 0
    endloop
  endfacet
  facet normal -0.793297 -0.608834 0
    outer loop
      vertex 67.3299 18.9817 2.4
      vertex 67.4441 18.8329 0
      vertex 67.4441 18.8329 2.4
    endloop
  endfacet
  facet normal -0.793297 0.608834 0
    outer loop
      vertex 67.3299 16.2177 0
      vertex 67.4441 16.3665 2.4
      vertex 67.4441 16.3665 0
    endloop
  endfacet
  facet normal -0.793297 0.608834 0
    outer loop
      vertex 67.4441 16.3665 2.4
      vertex 67.3299 16.2177 0
      vertex 67.3299 16.2177 2.4
    endloop
  endfacet
  facet normal 0.216479 -0.976287 0
    outer loop
      vertex 65.1265 19.6764 0
      vertex 65.3096 19.717 2.4
      vertex 65.1265 19.6764 2.4
    endloop
  endfacet
  facet normal 0.216479 -0.976287 0
    outer loop
      vertex 65.3096 19.717 2.4
      vertex 65.1265 19.6764 0
      vertex 65.3096 19.717 0
    endloop
  endfacet
  facet normal -0.0437381 -0.999043 0
    outer loop
      vertex 65.683 19.7497 0
      vertex 65.8703 19.7415 2.4
      vertex 65.683 19.7497 2.4
    endloop
  endfacet
  facet normal -0.0437381 -0.999043 -0
    outer loop
      vertex 65.8703 19.7415 2.4
      vertex 65.683 19.7497 0
      vertex 65.8703 19.7415 0
    endloop
  endfacet
  facet normal -0.608834 -0.793297 0
    outer loop
      vertex 66.9161 19.3609 0
      vertex 67.0649 19.2467 2.4
      vertex 66.9161 19.3609 2.4
    endloop
  endfacet
  facet normal -0.608834 -0.793297 -0
    outer loop
      vertex 67.0649 19.2467 2.4
      vertex 66.9161 19.3609 0
      vertex 67.0649 19.2467 0
    endloop
  endfacet
  facet normal -0.537221 -0.843442 0
    outer loop
      vertex 66.758 19.4616 0
      vertex 66.9161 19.3609 2.4
      vertex 66.758 19.4616 2.4
    endloop
  endfacet
  facet normal -0.537221 -0.843442 -0
    outer loop
      vertex 66.9161 19.3609 2.4
      vertex 66.758 19.4616 0
      vertex 66.9161 19.3609 0
    endloop
  endfacet
  facet normal -0.923848 -0.38276 0
    outer loop
      vertex 67.7033 18.335 0
      vertex 67.6315 18.5083 2.4
      vertex 67.6315 18.5083 0
    endloop
  endfacet
  facet normal -0.923848 -0.38276 0
    outer loop
      vertex 67.6315 18.5083 2.4
      vertex 67.7033 18.335 0
      vertex 67.7033 18.335 2.4
    endloop
  endfacet
  facet normal -0.462074 -0.886841 0
    outer loop
      vertex 66.5916 19.5483 0
      vertex 66.758 19.4616 2.4
      vertex 66.5916 19.5483 2.4
    endloop
  endfacet
  facet normal -0.462074 -0.886841 -0
    outer loop
      vertex 66.758 19.4616 2.4
      vertex 66.5916 19.5483 0
      vertex 66.758 19.4616 0
    endloop
  endfacet
  facet normal -0.843354 0.537358 0
    outer loop
      vertex 67.4441 16.3665 0
      vertex 67.5449 16.5247 2.4
      vertex 67.5449 16.5247 0
    endloop
  endfacet
  facet normal -0.843354 0.537358 0
    outer loop
      vertex 67.5449 16.5247 2.4
      vertex 67.4441 16.3665 0
      vertex 67.4441 16.3665 2.4
    endloop
  endfacet
  facet normal -0.88706 0.461655 0
    outer loop
      vertex 67.5449 16.5247 0
      vertex 67.6315 16.6911 2.4
      vertex 67.6315 16.6911 0
    endloop
  endfacet
  facet normal -0.88706 0.461655 0
    outer loop
      vertex 67.6315 16.6911 2.4
      vertex 67.5449 16.5247 0
      vertex 67.5449 16.5247 2.4
    endloop
  endfacet
  facet normal -0.991427 -0.130661 0
    outer loop
      vertex 67.8248 17.7871 0
      vertex 67.8003 17.973 2.4
      vertex 67.8003 17.973 0
    endloop
  endfacet
  facet normal -0.991427 -0.130661 0
    outer loop
      vertex 67.8003 17.973 2.4
      vertex 67.8248 17.7871 0
      vertex 67.8248 17.7871 2.4
    endloop
  endfacet
  facet normal -0.999044 -0.0437148 0
    outer loop
      vertex 67.833 17.5997 0
      vertex 67.8248 17.7871 2.4
      vertex 67.8248 17.7871 0
    endloop
  endfacet
  facet normal -0.999044 -0.0437148 0
    outer loop
      vertex 67.8248 17.7871 2.4
      vertex 67.833 17.5997 0
      vertex 67.833 17.5997 2.4
    endloop
  endfacet
  facet normal 0.382305 0.924036 -0
    outer loop
      vertex 64.9476 15.5794 0
      vertex 64.7743 15.6511 2.4
      vertex 64.9476 15.5794 2.4
    endloop
  endfacet
  facet normal 0.382305 0.924036 0
    outer loop
      vertex 64.7743 15.6511 2.4
      vertex 64.9476 15.5794 0
      vertex 64.7743 15.6511 0
    endloop
  endfacet
  facet normal -0.843354 -0.537358 0
    outer loop
      vertex 67.5449 18.6747 0
      vertex 67.4441 18.8329 2.4
      vertex 67.4441 18.8329 0
    endloop
  endfacet
  facet normal -0.843354 -0.537358 0
    outer loop
      vertex 67.4441 18.8329 2.4
      vertex 67.5449 18.6747 0
      vertex 67.5449 18.6747 2.4
    endloop
  endfacet
  facet normal 0.675507 -0.737353 0
    outer loop
      vertex 64.1627 19.12 0
      vertex 64.301 19.2467 2.4
      vertex 64.1627 19.12 2.4
    endloop
  endfacet
  facet normal 0.675507 -0.737353 0
    outer loop
      vertex 64.301 19.2467 2.4
      vertex 64.1627 19.12 0
      vertex 64.301 19.2467 0
    endloop
  endfacet
  facet normal 0.536979 -0.843596 0
    outer loop
      vertex 64.4498 19.3609 0
      vertex 64.608 19.4616 2.4
      vertex 64.4498 19.3609 2.4
    endloop
  endfacet
  facet normal 0.536979 -0.843596 0
    outer loop
      vertex 64.608 19.4616 2.4
      vertex 64.4498 19.3609 0
      vertex 64.608 19.4616 0
    endloop
  endfacet
  facet normal 0.300672 0.953728 -0
    outer loop
      vertex 65.1265 15.523 0
      vertex 64.9476 15.5794 2.4
      vertex 65.1265 15.523 2.4
    endloop
  endfacet
  facet normal 0.300672 0.953728 0
    outer loop
      vertex 64.9476 15.5794 2.4
      vertex 65.1265 15.523 0
      vertex 64.9476 15.5794 0
    endloop
  endfacet
  facet normal 0.382305 -0.924036 0
    outer loop
      vertex 64.7743 19.5483 0
      vertex 64.9476 19.62 2.4
      vertex 64.7743 19.5483 2.4
    endloop
  endfacet
  facet normal 0.382305 -0.924036 0
    outer loop
      vertex 64.9476 19.62 2.4
      vertex 64.7743 19.5483 0
      vertex 64.9476 19.62 0
    endloop
  endfacet
  facet normal -0.976312 -0.216366 0
    outer loop
      vertex 67.8003 17.973 0
      vertex 67.7597 18.1562 2.4
      vertex 67.7597 18.1562 0
    endloop
  endfacet
  facet normal -0.976312 -0.216366 0
    outer loop
      vertex 67.7597 18.1562 2.4
      vertex 67.8003 17.973 0
      vertex 67.8003 17.973 2.4
    endloop
  endfacet
  facet normal -0.923848 0.38276 0
    outer loop
      vertex 67.6315 16.6911 0
      vertex 67.7033 16.8644 2.4
      vertex 67.7033 16.8644 0
    endloop
  endfacet
  facet normal -0.923848 0.38276 0
    outer loop
      vertex 67.7033 16.8644 2.4
      vertex 67.6315 16.6911 0
      vertex 67.6315 16.6911 2.4
    endloop
  endfacet
  facet normal 0.737353 -0.675507 0
    outer loop
      vertex 64.036 18.9817 2.4
      vertex 64.1627 19.12 0
      vertex 64.1627 19.12 2.4
    endloop
  endfacet
  facet normal 0.737353 -0.675507 0
    outer loop
      vertex 64.1627 19.12 0
      vertex 64.036 18.9817 2.4
      vertex 64.036 18.9817 0
    endloop
  endfacet
  facet normal 0.130592 0.991436 -0
    outer loop
      vertex 65.4956 15.4579 0
      vertex 65.3096 15.4824 2.4
      vertex 65.4956 15.4579 2.4
    endloop
  endfacet
  facet normal 0.130592 0.991436 0
    outer loop
      vertex 65.3096 15.4824 2.4
      vertex 65.4956 15.4579 0
      vertex 65.3096 15.4824 0
    endloop
  endfacet
  facet normal 0.0437148 -0.999044 0
    outer loop
      vertex 65.4956 19.7415 0
      vertex 65.683 19.7497 2.4
      vertex 65.4956 19.7415 2.4
    endloop
  endfacet
  facet normal 0.0437148 -0.999044 0
    outer loop
      vertex 65.683 19.7497 2.4
      vertex 65.4956 19.7415 0
      vertex 65.683 19.7497 0
    endloop
  endfacet
  facet normal 0.130592 -0.991436 0
    outer loop
      vertex 65.3096 19.717 0
      vertex 65.4956 19.7415 2.4
      vertex 65.3096 19.717 2.4
    endloop
  endfacet
  facet normal 0.130592 -0.991436 0
    outer loop
      vertex 65.4956 19.7415 2.4
      vertex 65.3096 19.717 0
      vertex 65.4956 19.7415 0
    endloop
  endfacet
  facet normal -0.737353 -0.675507 0
    outer loop
      vertex 67.3299 18.9817 0
      vertex 67.2032 19.12 2.4
      vertex 67.2032 19.12 0
    endloop
  endfacet
  facet normal -0.737353 -0.675507 0
    outer loop
      vertex 67.2032 19.12 2.4
      vertex 67.3299 18.9817 0
      vertex 67.3299 18.9817 2.4
    endloop
  endfacet
  facet normal -0.300672 0.953728 0
    outer loop
      vertex 66.4183 15.5794 0
      vertex 66.2394 15.523 2.4
      vertex 66.4183 15.5794 2.4
    endloop
  endfacet
  facet normal -0.300672 0.953728 0
    outer loop
      vertex 66.2394 15.523 2.4
      vertex 66.4183 15.5794 0
      vertex 66.2394 15.523 0
    endloop
  endfacet
  facet normal -0.216479 0.976287 0
    outer loop
      vertex 66.2394 15.523 0
      vertex 66.0563 15.4824 2.4
      vertex 66.2394 15.523 2.4
    endloop
  endfacet
  facet normal -0.216479 0.976287 0
    outer loop
      vertex 66.0563 15.4824 2.4
      vertex 66.2394 15.523 0
      vertex 66.0563 15.4824 0
    endloop
  endfacet
  facet normal -0.953679 -0.300825 0
    outer loop
      vertex 67.7597 18.1562 0
      vertex 67.7033 18.335 2.4
      vertex 67.7033 18.335 0
    endloop
  endfacet
  facet normal -0.953679 -0.300825 0
    outer loop
      vertex 67.7033 18.335 2.4
      vertex 67.7597 18.1562 0
      vertex 67.7597 18.1562 2.4
    endloop
  endfacet
  facet normal -0.737353 0.675507 0
    outer loop
      vertex 67.2032 16.0794 0
      vertex 67.3299 16.2177 2.4
      vertex 67.3299 16.2177 0
    endloop
  endfacet
  facet normal -0.737353 0.675507 0
    outer loop
      vertex 67.3299 16.2177 2.4
      vertex 67.2032 16.0794 0
      vertex 67.2032 16.0794 2.4
    endloop
  endfacet
  facet normal 0.793297 -0.608834 0
    outer loop
      vertex 63.9218 18.8329 2.4
      vertex 64.036 18.9817 0
      vertex 64.036 18.9817 2.4
    endloop
  endfacet
  facet normal 0.793297 -0.608834 0
    outer loop
      vertex 64.036 18.9817 0
      vertex 63.9218 18.8329 2.4
      vertex 63.9218 18.8329 0
    endloop
  endfacet
  facet normal -0.953679 0.300825 0
    outer loop
      vertex 67.7033 16.8644 0
      vertex 67.7597 17.0432 2.4
      vertex 67.7597 17.0432 0
    endloop
  endfacet
  facet normal -0.953679 0.300825 0
    outer loop
      vertex 67.7597 17.0432 2.4
      vertex 67.7033 16.8644 0
      vertex 67.7033 16.8644 2.4
    endloop
  endfacet
  facet normal -0.675507 -0.737353 0
    outer loop
      vertex 67.0649 19.2467 0
      vertex 67.2032 19.12 2.4
      vertex 67.0649 19.2467 2.4
    endloop
  endfacet
  facet normal -0.675507 -0.737353 -0
    outer loop
      vertex 67.2032 19.12 2.4
      vertex 67.0649 19.2467 0
      vertex 67.2032 19.12 0
    endloop
  endfacet
  facet normal -0.88706 -0.461655 0
    outer loop
      vertex 67.6315 18.5083 0
      vertex 67.5449 18.6747 2.4
      vertex 67.5449 18.6747 0
    endloop
  endfacet
  facet normal -0.88706 -0.461655 0
    outer loop
      vertex 67.5449 18.6747 2.4
      vertex 67.6315 18.5083 0
      vertex 67.6315 18.5083 2.4
    endloop
  endfacet
  facet normal 0.536997 0.843584 -0
    outer loop
      vertex 64.608 15.7377 0
      vertex 64.5183 15.7948 2.4
      vertex 64.608 15.7377 2.4
    endloop
  endfacet
  facet normal 0.536997 0.843584 0
    outer loop
      vertex 64.5183 15.7948 2.4
      vertex 64.608 15.7377 0
      vertex 64.5183 15.7948 0
    endloop
  endfacet
  facet normal -0.130592 -0.991436 0
    outer loop
      vertex 65.8703 19.7415 0
      vertex 66.0563 19.717 2.4
      vertex 65.8703 19.7415 2.4
    endloop
  endfacet
  facet normal -0.130592 -0.991436 -0
    outer loop
      vertex 66.0563 19.717 2.4
      vertex 65.8703 19.7415 0
      vertex 66.0563 19.717 0
    endloop
  endfacet
  facet normal 0.608834 -0.793297 0
    outer loop
      vertex 64.301 19.2467 0
      vertex 64.4498 19.3609 2.4
      vertex 64.301 19.2467 2.4
    endloop
  endfacet
  facet normal 0.608834 -0.793297 0
    outer loop
      vertex 64.4498 19.3609 2.4
      vertex 64.301 19.2467 0
      vertex 64.4498 19.3609 0
    endloop
  endfacet
  facet normal -0.130592 0.991436 0
    outer loop
      vertex 66.0563 15.4824 0
      vertex 65.8703 15.4579 2.4
      vertex 66.0563 15.4824 2.4
    endloop
  endfacet
  facet normal -0.130592 0.991436 0
    outer loop
      vertex 65.8703 15.4579 2.4
      vertex 66.0563 15.4824 0
      vertex 65.8703 15.4579 0
    endloop
  endfacet
  facet normal 0.300672 -0.953728 0
    outer loop
      vertex 64.9476 19.62 0
      vertex 65.1265 19.6764 2.4
      vertex 64.9476 19.62 2.4
    endloop
  endfacet
  facet normal 0.300672 -0.953728 0
    outer loop
      vertex 65.1265 19.6764 2.4
      vertex 64.9476 19.62 0
      vertex 65.1265 19.6764 0
    endloop
  endfacet
  facet normal 0.88697 -0.461827 0
    outer loop
      vertex 63.7719 18.5804 2.4
      vertex 63.821 18.6747 0
      vertex 63.821 18.6747 2.4
    endloop
  endfacet
  facet normal 0.88697 -0.461827 0
    outer loop
      vertex 63.821 18.6747 0
      vertex 63.7719 18.5804 2.4
      vertex 63.7719 18.5804 0
    endloop
  endfacet
  facet normal -0.991427 0.130661 0
    outer loop
      vertex 67.8003 17.2264 0
      vertex 67.8248 17.4123 2.4
      vertex 67.8248 17.4123 0
    endloop
  endfacet
  facet normal -0.991427 0.130661 0
    outer loop
      vertex 67.8248 17.4123 2.4
      vertex 67.8003 17.2264 0
      vertex 67.8003 17.2264 2.4
    endloop
  endfacet
  facet normal -0.382305 0.924036 0
    outer loop
      vertex 66.5916 15.6511 0
      vertex 66.4183 15.5794 2.4
      vertex 66.5916 15.6511 2.4
    endloop
  endfacet
  facet normal -0.382305 0.924036 0
    outer loop
      vertex 66.4183 15.5794 2.4
      vertex 66.5916 15.6511 0
      vertex 66.4183 15.5794 0
    endloop
  endfacet
  facet normal -0.461655 0.88706 0
    outer loop
      vertex 66.758 15.7377 0
      vertex 66.5916 15.6511 2.4
      vertex 66.758 15.7377 2.4
    endloop
  endfacet
  facet normal -0.461655 0.88706 0
    outer loop
      vertex 66.5916 15.6511 2.4
      vertex 66.758 15.7377 0
      vertex 66.5916 15.6511 0
    endloop
  endfacet
  facet normal -0.216479 -0.976287 0
    outer loop
      vertex 66.0563 19.717 0
      vertex 66.2394 19.6764 2.4
      vertex 66.0563 19.717 2.4
    endloop
  endfacet
  facet normal -0.216479 -0.976287 -0
    outer loop
      vertex 66.2394 19.6764 2.4
      vertex 66.0563 19.717 0
      vertex 66.2394 19.6764 0
    endloop
  endfacet
  facet normal -0.382305 -0.924036 0
    outer loop
      vertex 66.4183 19.62 0
      vertex 66.5916 19.5483 2.4
      vertex 66.4183 19.62 2.4
    endloop
  endfacet
  facet normal -0.382305 -0.924036 -0
    outer loop
      vertex 66.5916 19.5483 2.4
      vertex 66.4183 19.62 0
      vertex 66.5916 19.5483 0
    endloop
  endfacet
  facet normal 0.462293 -0.886727 0
    outer loop
      vertex 64.608 19.4616 0
      vertex 64.7743 19.5483 2.4
      vertex 64.608 19.4616 2.4
    endloop
  endfacet
  facet normal 0.462293 -0.886727 0
    outer loop
      vertex 64.7743 19.5483 2.4
      vertex 64.608 19.4616 0
      vertex 64.7743 19.5483 0
    endloop
  endfacet
  facet normal -0.300672 -0.953728 0
    outer loop
      vertex 66.2394 19.6764 0
      vertex 66.4183 19.62 2.4
      vertex 66.2394 19.6764 2.4
    endloop
  endfacet
  facet normal -0.300672 -0.953728 -0
    outer loop
      vertex 66.4183 19.62 2.4
      vertex 66.2394 19.6764 0
      vertex 66.4183 19.62 0
    endloop
  endfacet
  facet normal -0.675507 0.737353 0
    outer loop
      vertex 67.2032 16.0794 0
      vertex 67.0649 15.9527 2.4
      vertex 67.2032 16.0794 2.4
    endloop
  endfacet
  facet normal -0.675507 0.737353 0
    outer loop
      vertex 67.0649 15.9527 2.4
      vertex 67.2032 16.0794 0
      vertex 67.0649 15.9527 0
    endloop
  endfacet
  facet normal 0.461873 0.886946 -0
    outer loop
      vertex 64.7743 15.6511 0
      vertex 64.608 15.7377 2.4
      vertex 64.7743 15.6511 2.4
    endloop
  endfacet
  facet normal 0.461873 0.886946 0
    outer loop
      vertex 64.608 15.7377 2.4
      vertex 64.7743 15.6511 0
      vertex 64.608 15.7377 0
    endloop
  endfacet
  facet normal -0.5376 0.8432 0
    outer loop
      vertex 66.9161 15.8385 0
      vertex 66.758 15.7377 2.4
      vertex 66.9161 15.8385 2.4
    endloop
  endfacet
  facet normal -0.5376 0.8432 0
    outer loop
      vertex 66.758 15.7377 2.4
      vertex 66.9161 15.8385 0
      vertex 66.758 15.7377 0
    endloop
  endfacet
  facet normal -0.608834 0.793297 0
    outer loop
      vertex 67.0649 15.9527 0
      vertex 66.9161 15.8385 2.4
      vertex 67.0649 15.9527 2.4
    endloop
  endfacet
  facet normal -0.608834 0.793297 0
    outer loop
      vertex 66.9161 15.8385 2.4
      vertex 67.0649 15.9527 0
      vertex 66.9161 15.8385 0
    endloop
  endfacet
  facet normal -0.976312 0.216366 0
    outer loop
      vertex 67.7597 17.0432 0
      vertex 67.8003 17.2264 2.4
      vertex 67.8003 17.2264 0
    endloop
  endfacet
  facet normal -0.976312 0.216366 0
    outer loop
      vertex 67.8003 17.2264 2.4
      vertex 67.7597 17.0432 0
      vertex 67.7597 17.0432 2.4
    endloop
  endfacet
  facet normal 0.0437148 0.999044 -0
    outer loop
      vertex 65.683 15.4497 0
      vertex 65.4956 15.4579 2.4
      vertex 65.683 15.4497 2.4
    endloop
  endfacet
  facet normal 0.0437148 0.999044 0
    outer loop
      vertex 65.4956 15.4579 2.4
      vertex 65.683 15.4497 0
      vertex 65.4956 15.4579 0
    endloop
  endfacet
  facet normal 0.999044 0.0437148 0
    outer loop
      vertex -19.7415 65.4956 2.4
      vertex -19.7497 65.683 0
      vertex -19.7497 65.683 2.4
    endloop
  endfacet
  facet normal 0.999044 0.0437148 0
    outer loop
      vertex -19.7497 65.683 0
      vertex -19.7415 65.4956 2.4
      vertex -19.7415 65.4956 0
    endloop
  endfacet
  facet normal -0.216366 -0.976312 0
    outer loop
      vertex -17.2264 67.8003 0
      vertex -17.0432 67.7597 2.4
      vertex -17.2264 67.8003 2.4
    endloop
  endfacet
  facet normal -0.216366 -0.976312 -0
    outer loop
      vertex -17.0432 67.7597 2.4
      vertex -17.2264 67.8003 0
      vertex -17.0432 67.7597 0
    endloop
  endfacet
  facet normal 0.953728 0.300672 0
    outer loop
      vertex -19.62 64.9476 2.4
      vertex -19.6764 65.1265 0
      vertex -19.6764 65.1265 2.4
    endloop
  endfacet
  facet normal 0.953728 0.300672 0
    outer loop
      vertex -19.6764 65.1265 0
      vertex -19.62 64.9476 2.4
      vertex -19.62 64.9476 0
    endloop
  endfacet
  facet normal -0.38276 -0.923848 0
    outer loop
      vertex -16.8644 67.7033 0
      vertex -16.6911 67.6315 2.4
      vertex -16.8644 67.7033 2.4
    endloop
  endfacet
  facet normal -0.38276 -0.923848 -0
    outer loop
      vertex -16.6911 67.6315 2.4
      vertex -16.8644 67.7033 0
      vertex -16.6911 67.6315 0
    endloop
  endfacet
  facet normal -0.0437148 -0.999044 0
    outer loop
      vertex -17.5997 67.833 0
      vertex -17.4123 67.8248 2.4
      vertex -17.5997 67.833 2.4
    endloop
  endfacet
  facet normal -0.0437148 -0.999044 -0
    outer loop
      vertex -17.4123 67.8248 2.4
      vertex -17.5997 67.833 0
      vertex -17.4123 67.8248 0
    endloop
  endfacet
  facet normal 0.953728 -0.300672 0
    outer loop
      vertex -19.6764 66.2394 2.4
      vertex -19.62 66.4183 0
      vertex -19.62 66.4183 2.4
    endloop
  endfacet
  facet normal 0.953728 -0.300672 0
    outer loop
      vertex -19.62 66.4183 0
      vertex -19.6764 66.2394 2.4
      vertex -19.6764 66.2394 0
    endloop
  endfacet
  facet normal -0.924036 0.382305 0
    outer loop
      vertex -15.6511 64.7743 0
      vertex -15.5794 64.9476 2.4
      vertex -15.5794 64.9476 0
    endloop
  endfacet
  facet normal -0.924036 0.382305 0
    outer loop
      vertex -15.5794 64.9476 2.4
      vertex -15.6511 64.7743 0
      vertex -15.6511 64.7743 2.4
    endloop
  endfacet
  facet normal -0.843584 0.536997 0
    outer loop
      vertex -15.7948 64.5183 0
      vertex -15.7377 64.608 2.4
      vertex -15.7377 64.608 0
    endloop
  endfacet
  facet normal -0.843584 0.536997 0
    outer loop
      vertex -15.7377 64.608 2.4
      vertex -15.7948 64.5183 0
      vertex -15.7948 64.5183 2.4
    endloop
  endfacet
  facet normal 0.924036 0.382305 0
    outer loop
      vertex -19.5483 64.7743 2.4
      vertex -19.62 64.9476 0
      vertex -19.62 64.9476 2.4
    endloop
  endfacet
  facet normal 0.924036 0.382305 0
    outer loop
      vertex -19.62 64.9476 0
      vertex -19.5483 64.7743 2.4
      vertex -19.5483 64.7743 0
    endloop
  endfacet
  facet normal -0.793297 -0.608834 0
    outer loop
      vertex -15.8385 66.9161 0
      vertex -15.9527 67.0649 2.4
      vertex -15.9527 67.0649 0
    endloop
  endfacet
  facet normal -0.793297 -0.608834 0
    outer loop
      vertex -15.9527 67.0649 2.4
      vertex -15.8385 66.9161 0
      vertex -15.8385 66.9161 2.4
    endloop
  endfacet
  facet normal 0.999043 -0.0437381 0
    outer loop
      vertex -19.7497 65.683 2.4
      vertex -19.7415 65.8703 0
      vertex -19.7415 65.8703 2.4
    endloop
  endfacet
  facet normal 0.999043 -0.0437381 0
    outer loop
      vertex -19.7415 65.8703 0
      vertex -19.7497 65.683 2.4
      vertex -19.7497 65.683 0
    endloop
  endfacet
  facet normal 0.675507 -0.737353 0
    outer loop
      vertex -19.12 67.2032 0
      vertex -18.9817 67.3299 2.4
      vertex -19.12 67.2032 2.4
    endloop
  endfacet
  facet normal 0.675507 -0.737353 0
    outer loop
      vertex -18.9817 67.3299 2.4
      vertex -19.12 67.2032 0
      vertex -18.9817 67.3299 0
    endloop
  endfacet
  facet normal -0.537358 -0.843354 0
    outer loop
      vertex -16.5247 67.5449 0
      vertex -16.3665 67.4441 2.4
      vertex -16.5247 67.5449 2.4
    endloop
  endfacet
  facet normal -0.537358 -0.843354 -0
    outer loop
      vertex -16.3665 67.4441 2.4
      vertex -16.5247 67.5449 0
      vertex -16.3665 67.4441 0
    endloop
  endfacet
  facet normal -0.991436 -0.130592 0
    outer loop
      vertex -15.4579 65.8703 0
      vertex -15.4824 66.0563 2.4
      vertex -15.4824 66.0563 0
    endloop
  endfacet
  facet normal -0.991436 -0.130592 0
    outer loop
      vertex -15.4824 66.0563 2.4
      vertex -15.4579 65.8703 0
      vertex -15.4579 65.8703 2.4
    endloop
  endfacet
  facet normal -0.953728 0.300672 0
    outer loop
      vertex -15.5794 64.9476 0
      vertex -15.523 65.1265 2.4
      vertex -15.523 65.1265 0
    endloop
  endfacet
  facet normal -0.953728 0.300672 0
    outer loop
      vertex -15.523 65.1265 2.4
      vertex -15.5794 64.9476 0
      vertex -15.5794 64.9476 2.4
    endloop
  endfacet
  facet normal -0.976287 0.216479 0
    outer loop
      vertex -15.523 65.1265 0
      vertex -15.4824 65.3096 2.4
      vertex -15.4824 65.3096 0
    endloop
  endfacet
  facet normal -0.976287 0.216479 0
    outer loop
      vertex -15.4824 65.3096 2.4
      vertex -15.523 65.1265 0
      vertex -15.523 65.1265 2.4
    endloop
  endfacet
  facet normal -0.999043 -0.0437381 0
    outer loop
      vertex -15.4497 65.683 0
      vertex -15.4579 65.8703 2.4
      vertex -15.4579 65.8703 0
    endloop
  endfacet
  facet normal -0.999043 -0.0437381 0
    outer loop
      vertex -15.4579 65.8703 2.4
      vertex -15.4497 65.683 0
      vertex -15.4497 65.683 2.4
    endloop
  endfacet
  facet normal 0.38276 -0.923848 0
    outer loop
      vertex -18.5083 67.6315 0
      vertex -18.335 67.7033 2.4
      vertex -18.5083 67.6315 2.4
    endloop
  endfacet
  facet normal 0.38276 -0.923848 0
    outer loop
      vertex -18.335 67.7033 2.4
      vertex -18.5083 67.6315 0
      vertex -18.335 67.7033 0
    endloop
  endfacet
  facet normal -0.976287 -0.216479 0
    outer loop
      vertex -15.4824 66.0563 0
      vertex -15.523 66.2394 2.4
      vertex -15.523 66.2394 0
    endloop
  endfacet
  facet normal -0.976287 -0.216479 0
    outer loop
      vertex -15.523 66.2394 2.4
      vertex -15.4824 66.0563 0
      vertex -15.4824 66.0563 2.4
    endloop
  endfacet
  facet normal 0.991436 0.130592 0
    outer loop
      vertex -19.717 65.3096 2.4
      vertex -19.7415 65.4956 0
      vertex -19.7415 65.4956 2.4
    endloop
  endfacet
  facet normal 0.991436 0.130592 0
    outer loop
      vertex -19.7415 65.4956 0
      vertex -19.717 65.3096 2.4
      vertex -19.717 65.3096 0
    endloop
  endfacet
  facet normal -0.999044 0.0437148 0
    outer loop
      vertex -15.4579 65.4956 0
      vertex -15.4497 65.683 2.4
      vertex -15.4497 65.683 0
    endloop
  endfacet
  facet normal -0.999044 0.0437148 0
    outer loop
      vertex -15.4497 65.683 2.4
      vertex -15.4579 65.4956 0
      vertex -15.4579 65.4956 2.4
    endloop
  endfacet
  facet normal -0.8432 -0.5376 0
    outer loop
      vertex -15.7377 66.758 0
      vertex -15.8385 66.9161 2.4
      vertex -15.8385 66.9161 0
    endloop
  endfacet
  facet normal -0.8432 -0.5376 0
    outer loop
      vertex -15.8385 66.9161 2.4
      vertex -15.7377 66.758 0
      vertex -15.7377 66.758 2.4
    endloop
  endfacet
  facet normal 0.991436 -0.130592 0
    outer loop
      vertex -19.7415 65.8703 2.4
      vertex -19.717 66.0563 0
      vertex -19.717 66.0563 2.4
    endloop
  endfacet
  facet normal 0.991436 -0.130592 0
    outer loop
      vertex -19.717 66.0563 0
      vertex -19.7415 65.8703 2.4
      vertex -19.7415 65.8703 0
    endloop
  endfacet
  facet normal -0.924036 -0.382305 0
    outer loop
      vertex -15.5794 66.4183 0
      vertex -15.6511 66.5916 2.4
      vertex -15.6511 66.5916 0
    endloop
  endfacet
  facet normal -0.924036 -0.382305 0
    outer loop
      vertex -15.6511 66.5916 2.4
      vertex -15.5794 66.4183 0
      vertex -15.5794 66.4183 2.4
    endloop
  endfacet
  facet normal -0.953728 -0.300672 0
    outer loop
      vertex -15.523 66.2394 0
      vertex -15.5794 66.4183 2.4
      vertex -15.5794 66.4183 0
    endloop
  endfacet
  facet normal -0.953728 -0.300672 0
    outer loop
      vertex -15.5794 66.4183 2.4
      vertex -15.523 66.2394 0
      vertex -15.523 66.2394 2.4
    endloop
  endfacet
  facet normal 0.461655 -0.88706 0
    outer loop
      vertex -18.6747 67.5449 0
      vertex -18.5083 67.6315 2.4
      vertex -18.6747 67.5449 2.4
    endloop
  endfacet
  facet normal 0.461655 -0.88706 0
    outer loop
      vertex -18.5083 67.6315 2.4
      vertex -18.6747 67.5449 0
      vertex -18.5083 67.6315 0
    endloop
  endfacet
  facet normal 0.537358 0.843354 -0
    outer loop
      vertex -18.6747 63.821 0
      vertex -18.8329 63.9218 2.4
      vertex -18.6747 63.821 2.4
    endloop
  endfacet
  facet normal 0.537358 0.843354 0
    outer loop
      vertex -18.8329 63.9218 2.4
      vertex -18.6747 63.821 0
      vertex -18.8329 63.9218 0
    endloop
  endfacet
  facet normal -0.88706 -0.461655 0
    outer loop
      vertex -15.6511 66.5916 0
      vertex -15.7377 66.758 2.4
      vertex -15.7377 66.758 0
    endloop
  endfacet
  facet normal -0.88706 -0.461655 0
    outer loop
      vertex -15.7377 66.758 2.4
      vertex -15.6511 66.5916 0
      vertex -15.6511 66.5916 2.4
    endloop
  endfacet
  facet normal 0.976287 -0.216479 0
    outer loop
      vertex -19.717 66.0563 2.4
      vertex -19.6764 66.2394 0
      vertex -19.6764 66.2394 2.4
    endloop
  endfacet
  facet normal 0.976287 -0.216479 0
    outer loop
      vertex -19.6764 66.2394 0
      vertex -19.717 66.0563 2.4
      vertex -19.717 66.0563 0
    endloop
  endfacet
  facet normal 0.130661 -0.991427 0
    outer loop
      vertex -17.973 67.8003 0
      vertex -17.7871 67.8248 2.4
      vertex -17.973 67.8003 2.4
    endloop
  endfacet
  facet normal 0.130661 -0.991427 0
    outer loop
      vertex -17.7871 67.8248 2.4
      vertex -17.973 67.8003 0
      vertex -17.7871 67.8248 0
    endloop
  endfacet
  facet normal -0.461655 -0.88706 0
    outer loop
      vertex -16.6911 67.6315 0
      vertex -16.5247 67.5449 2.4
      vertex -16.6911 67.6315 2.4
    endloop
  endfacet
  facet normal -0.461655 -0.88706 -0
    outer loop
      vertex -16.5247 67.5449 2.4
      vertex -16.6911 67.6315 0
      vertex -16.5247 67.5449 0
    endloop
  endfacet
  facet normal 0.216366 -0.976312 0
    outer loop
      vertex -18.1562 67.7597 0
      vertex -17.973 67.8003 2.4
      vertex -18.1562 67.7597 2.4
    endloop
  endfacet
  facet normal 0.216366 -0.976312 0
    outer loop
      vertex -17.973 67.8003 2.4
      vertex -18.1562 67.7597 0
      vertex -17.973 67.8003 0
    endloop
  endfacet
  facet normal -0.886946 0.461873 0
    outer loop
      vertex -15.7377 64.608 0
      vertex -15.6511 64.7743 2.4
      vertex -15.6511 64.7743 0
    endloop
  endfacet
  facet normal -0.886946 0.461873 0
    outer loop
      vertex -15.6511 64.7743 2.4
      vertex -15.7377 64.608 0
      vertex -15.7377 64.608 2.4
    endloop
  endfacet
  facet normal 0.608834 0.793297 -0
    outer loop
      vertex -18.8329 63.9218 0
      vertex -18.9817 64.036 2.4
      vertex -18.8329 63.9218 2.4
    endloop
  endfacet
  facet normal 0.608834 0.793297 0
    outer loop
      vertex -18.9817 64.036 2.4
      vertex -18.8329 63.9218 0
      vertex -18.9817 64.036 0
    endloop
  endfacet
  facet normal 0.300825 -0.953679 0
    outer loop
      vertex -18.335 67.7033 0
      vertex -18.1562 67.7597 2.4
      vertex -18.335 67.7033 2.4
    endloop
  endfacet
  facet normal 0.300825 -0.953679 0
    outer loop
      vertex -18.1562 67.7597 2.4
      vertex -18.335 67.7033 0
      vertex -18.1562 67.7597 0
    endloop
  endfacet
  facet normal 0.608834 -0.793297 0
    outer loop
      vertex -18.9817 67.3299 0
      vertex -18.8329 67.4441 2.4
      vertex -18.9817 67.3299 2.4
    endloop
  endfacet
  facet normal 0.608834 -0.793297 0
    outer loop
      vertex -18.8329 67.4441 2.4
      vertex -18.9817 67.3299 0
      vertex -18.8329 67.4441 0
    endloop
  endfacet
  facet normal 0.924036 -0.382305 0
    outer loop
      vertex -19.62 66.4183 2.4
      vertex -19.5483 66.5916 0
      vertex -19.5483 66.5916 2.4
    endloop
  endfacet
  facet normal 0.924036 -0.382305 0
    outer loop
      vertex -19.5483 66.5916 0
      vertex -19.62 66.4183 2.4
      vertex -19.62 66.4183 0
    endloop
  endfacet
  facet normal 0.737353 0.675507 0
    outer loop
      vertex -19.12 64.1627 2.4
      vertex -19.2467 64.301 0
      vertex -19.2467 64.301 2.4
    endloop
  endfacet
  facet normal 0.737353 0.675507 0
    outer loop
      vertex -19.2467 64.301 0
      vertex -19.12 64.1627 2.4
      vertex -19.12 64.1627 0
    endloop
  endfacet
  facet normal -0.608834 -0.793297 0
    outer loop
      vertex -16.3665 67.4441 0
      vertex -16.2177 67.3299 2.4
      vertex -16.3665 67.4441 2.4
    endloop
  endfacet
  facet normal -0.608834 -0.793297 -0
    outer loop
      vertex -16.2177 67.3299 2.4
      vertex -16.3665 67.4441 0
      vertex -16.2177 67.3299 0
    endloop
  endfacet
  facet normal 0.976287 0.216479 0
    outer loop
      vertex -19.6764 65.1265 2.4
      vertex -19.717 65.3096 0
      vertex -19.717 65.3096 2.4
    endloop
  endfacet
  facet normal 0.976287 0.216479 0
    outer loop
      vertex -19.717 65.3096 0
      vertex -19.6764 65.1265 2.4
      vertex -19.6764 65.1265 0
    endloop
  endfacet
  facet normal -0.991436 0.130592 0
    outer loop
      vertex -15.4824 65.3096 0
      vertex -15.4579 65.4956 2.4
      vertex -15.4579 65.4956 0
    endloop
  endfacet
  facet normal -0.991436 0.130592 0
    outer loop
      vertex -15.4579 65.4956 2.4
      vertex -15.4824 65.3096 0
      vertex -15.4824 65.3096 2.4
    endloop
  endfacet
  facet normal 0.537358 -0.843354 0
    outer loop
      vertex -18.8329 67.4441 0
      vertex -18.6747 67.5449 2.4
      vertex -18.8329 67.4441 2.4
    endloop
  endfacet
  facet normal 0.537358 -0.843354 0
    outer loop
      vertex -18.6747 67.5449 2.4
      vertex -18.8329 67.4441 0
      vertex -18.6747 67.5449 0
    endloop
  endfacet
  facet normal -0.737353 -0.675507 0
    outer loop
      vertex -15.9527 67.0649 0
      vertex -16.0794 67.2032 2.4
      vertex -16.0794 67.2032 0
    endloop
  endfacet
  facet normal -0.737353 -0.675507 0
    outer loop
      vertex -16.0794 67.2032 2.4
      vertex -15.9527 67.0649 0
      vertex -15.9527 67.0649 2.4
    endloop
  endfacet
  facet normal 0.0437148 -0.999044 0
    outer loop
      vertex -17.7871 67.8248 0
      vertex -17.5997 67.833 2.4
      vertex -17.7871 67.8248 2.4
    endloop
  endfacet
  facet normal 0.0437148 -0.999044 0
    outer loop
      vertex -17.5997 67.833 2.4
      vertex -17.7871 67.8248 0
      vertex -17.5997 67.833 0
    endloop
  endfacet
  facet normal -0.675507 -0.737353 0
    outer loop
      vertex -16.2177 67.3299 0
      vertex -16.0794 67.2032 2.4
      vertex -16.2177 67.3299 2.4
    endloop
  endfacet
  facet normal -0.675507 -0.737353 -0
    outer loop
      vertex -16.0794 67.2032 2.4
      vertex -16.2177 67.3299 0
      vertex -16.0794 67.2032 0
    endloop
  endfacet
  facet normal 0.843442 -0.537221 0
    outer loop
      vertex -19.4616 66.758 2.4
      vertex -19.3609 66.9161 0
      vertex -19.3609 66.9161 2.4
    endloop
  endfacet
  facet normal 0.843442 -0.537221 0
    outer loop
      vertex -19.3609 66.9161 0
      vertex -19.4616 66.758 2.4
      vertex -19.4616 66.758 0
    endloop
  endfacet
  facet normal 0.793297 0.608834 0
    outer loop
      vertex -19.2467 64.301 2.4
      vertex -19.3609 64.4498 0
      vertex -19.3609 64.4498 2.4
    endloop
  endfacet
  facet normal 0.793297 0.608834 0
    outer loop
      vertex -19.3609 64.4498 0
      vertex -19.2467 64.301 2.4
      vertex -19.2467 64.301 0
    endloop
  endfacet
  facet normal 0.886727 0.462293 0
    outer loop
      vertex -19.4616 64.608 2.4
      vertex -19.5483 64.7743 0
      vertex -19.5483 64.7743 2.4
    endloop
  endfacet
  facet normal 0.886727 0.462293 0
    outer loop
      vertex -19.5483 64.7743 0
      vertex -19.4616 64.608 2.4
      vertex -19.4616 64.608 0
    endloop
  endfacet
  facet normal 0.843596 0.536979 0
    outer loop
      vertex -19.3609 64.4498 2.4
      vertex -19.4616 64.608 0
      vertex -19.4616 64.608 2.4
    endloop
  endfacet
  facet normal 0.843596 0.536979 0
    outer loop
      vertex -19.4616 64.608 0
      vertex -19.3609 64.4498 2.4
      vertex -19.3609 64.4498 0
    endloop
  endfacet
  facet normal 0.793297 -0.608834 0
    outer loop
      vertex -19.3609 66.9161 2.4
      vertex -19.2467 67.0649 0
      vertex -19.2467 67.0649 2.4
    endloop
  endfacet
  facet normal 0.793297 -0.608834 0
    outer loop
      vertex -19.2467 67.0649 0
      vertex -19.3609 66.9161 2.4
      vertex -19.3609 66.9161 0
    endloop
  endfacet
  facet normal 0.886841 -0.462074 0
    outer loop
      vertex -19.5483 66.5916 2.4
      vertex -19.4616 66.758 0
      vertex -19.4616 66.758 2.4
    endloop
  endfacet
  facet normal 0.886841 -0.462074 0
    outer loop
      vertex -19.4616 66.758 0
      vertex -19.5483 66.5916 2.4
      vertex -19.5483 66.5916 0
    endloop
  endfacet
  facet normal -0.130661 -0.991427 0
    outer loop
      vertex -17.4123 67.8248 0
      vertex -17.2264 67.8003 2.4
      vertex -17.4123 67.8248 2.4
    endloop
  endfacet
  facet normal -0.130661 -0.991427 -0
    outer loop
      vertex -17.2264 67.8003 2.4
      vertex -17.4123 67.8248 0
      vertex -17.2264 67.8003 0
    endloop
  endfacet
  facet normal 0.675507 0.737353 -0
    outer loop
      vertex -18.9817 64.036 0
      vertex -19.12 64.1627 2.4
      vertex -18.9817 64.036 2.4
    endloop
  endfacet
  facet normal 0.675507 0.737353 0
    outer loop
      vertex -19.12 64.1627 2.4
      vertex -18.9817 64.036 0
      vertex -19.12 64.1627 0
    endloop
  endfacet
  facet normal -0.300825 -0.953679 0
    outer loop
      vertex -17.0432 67.7597 0
      vertex -16.8644 67.7033 2.4
      vertex -17.0432 67.7597 2.4
    endloop
  endfacet
  facet normal -0.300825 -0.953679 -0
    outer loop
      vertex -16.8644 67.7033 2.4
      vertex -17.0432 67.7597 0
      vertex -16.8644 67.7033 0
    endloop
  endfacet
  facet normal 0.737353 -0.675507 0
    outer loop
      vertex -19.2467 67.0649 2.4
      vertex -19.12 67.2032 0
      vertex -19.12 67.2032 2.4
    endloop
  endfacet
  facet normal 0.737353 -0.675507 0
    outer loop
      vertex -19.12 67.2032 0
      vertex -19.2467 67.0649 2.4
      vertex -19.2467 67.0649 0
    endloop
  endfacet
  facet normal 0.461827 0.88697 -0
    outer loop
      vertex -18.5804 63.7719 0
      vertex -18.6747 63.821 2.4
      vertex -18.5804 63.7719 2.4
    endloop
  endfacet
  facet normal 0.461827 0.88697 0
    outer loop
      vertex -18.6747 63.821 2.4
      vertex -18.5804 63.7719 0
      vertex -18.6747 63.821 0
    endloop
  endfacet
  facet normal 0.976312 -0.216366 0
    outer loop
      vertex -67.8003 -17.2264 2.4
      vertex -67.7597 -17.0432 0
      vertex -67.7597 -17.0432 2.4
    endloop
  endfacet
  facet normal 0.976312 -0.216366 0
    outer loop
      vertex -67.7597 -17.0432 0
      vertex -67.8003 -17.2264 2.4
      vertex -67.8003 -17.2264 0
    endloop
  endfacet
  facet normal -0.300672 0.953728 0
    outer loop
      vertex -64.9476 -19.62 0
      vertex -65.1265 -19.6764 2.4
      vertex -64.9476 -19.62 2.4
    endloop
  endfacet
  facet normal -0.300672 0.953728 0
    outer loop
      vertex -65.1265 -19.6764 2.4
      vertex -64.9476 -19.62 0
      vertex -65.1265 -19.6764 0
    endloop
  endfacet
  facet normal 0.991427 0.130661 0
    outer loop
      vertex -67.8003 -17.973 2.4
      vertex -67.8248 -17.7871 0
      vertex -67.8248 -17.7871 2.4
    endloop
  endfacet
  facet normal 0.991427 0.130661 0
    outer loop
      vertex -67.8248 -17.7871 0
      vertex -67.8003 -17.973 2.4
      vertex -67.8003 -17.973 0
    endloop
  endfacet
  facet normal 0.923848 0.38276 0
    outer loop
      vertex -67.6315 -18.5083 2.4
      vertex -67.7033 -18.335 0
      vertex -67.7033 -18.335 2.4
    endloop
  endfacet
  facet normal 0.923848 0.38276 0
    outer loop
      vertex -67.7033 -18.335 0
      vertex -67.6315 -18.5083 2.4
      vertex -67.6315 -18.5083 0
    endloop
  endfacet
  facet normal -0.216479 0.976287 0
    outer loop
      vertex -65.1265 -19.6764 0
      vertex -65.3096 -19.717 2.4
      vertex -65.1265 -19.6764 2.4
    endloop
  endfacet
  facet normal -0.216479 0.976287 0
    outer loop
      vertex -65.3096 -19.717 2.4
      vertex -65.1265 -19.6764 0
      vertex -65.3096 -19.717 0
    endloop
  endfacet
  facet normal 0.608834 -0.793297 0
    outer loop
      vertex -67.0649 -15.9527 0
      vertex -66.9161 -15.8385 2.4
      vertex -67.0649 -15.9527 2.4
    endloop
  endfacet
  facet normal 0.608834 -0.793297 0
    outer loop
      vertex -66.9161 -15.8385 2.4
      vertex -67.0649 -15.9527 0
      vertex -66.9161 -15.8385 0
    endloop
  endfacet
  facet normal -0.0437148 0.999044 0
    outer loop
      vertex -65.4956 -19.7415 0
      vertex -65.683 -19.7497 2.4
      vertex -65.4956 -19.7415 2.4
    endloop
  endfacet
  facet normal -0.0437148 0.999044 0
    outer loop
      vertex -65.683 -19.7497 2.4
      vertex -65.4956 -19.7415 0
      vertex -65.683 -19.7497 0
    endloop
  endfacet
  facet normal 0.382305 -0.924036 0
    outer loop
      vertex -66.5916 -15.6511 0
      vertex -66.4183 -15.5794 2.4
      vertex -66.5916 -15.6511 2.4
    endloop
  endfacet
  facet normal 0.382305 -0.924036 0
    outer loop
      vertex -66.4183 -15.5794 2.4
      vertex -66.5916 -15.6511 0
      vertex -66.4183 -15.5794 0
    endloop
  endfacet
  facet normal 0.675507 0.737353 -0
    outer loop
      vertex -67.0649 -19.2467 0
      vertex -67.2032 -19.12 2.4
      vertex -67.0649 -19.2467 2.4
    endloop
  endfacet
  facet normal 0.675507 0.737353 0
    outer loop
      vertex -67.2032 -19.12 2.4
      vertex -67.0649 -19.2467 0
      vertex -67.2032 -19.12 0
    endloop
  endfacet
  facet normal 0.0437381 0.999043 -0
    outer loop
      vertex -65.683 -19.7497 0
      vertex -65.8703 -19.7415 2.4
      vertex -65.683 -19.7497 2.4
    endloop
  endfacet
  facet normal 0.0437381 0.999043 0
    outer loop
      vertex -65.8703 -19.7415 2.4
      vertex -65.683 -19.7497 0
      vertex -65.8703 -19.7415 0
    endloop
  endfacet
  facet normal 0.5376 -0.8432 0
    outer loop
      vertex -66.9161 -15.8385 0
      vertex -66.758 -15.7377 2.4
      vertex -66.9161 -15.8385 2.4
    endloop
  endfacet
  facet normal 0.5376 -0.8432 0
    outer loop
      vertex -66.758 -15.7377 2.4
      vertex -66.9161 -15.8385 0
      vertex -66.758 -15.7377 0
    endloop
  endfacet
  facet normal 0.130592 -0.991436 0
    outer loop
      vertex -66.0563 -15.4824 0
      vertex -65.8703 -15.4579 2.4
      vertex -66.0563 -15.4824 2.4
    endloop
  endfacet
  facet normal 0.130592 -0.991436 0
    outer loop
      vertex -65.8703 -15.4579 2.4
      vertex -66.0563 -15.4824 0
      vertex -65.8703 -15.4579 0
    endloop
  endfacet
  facet normal 0.608834 0.793297 -0
    outer loop
      vertex -66.9161 -19.3609 0
      vertex -67.0649 -19.2467 2.4
      vertex -66.9161 -19.3609 2.4
    endloop
  endfacet
  facet normal 0.608834 0.793297 0
    outer loop
      vertex -67.0649 -19.2467 2.4
      vertex -66.9161 -19.3609 0
      vertex -67.0649 -19.2467 0
    endloop
  endfacet
  facet normal 0.843354 0.537358 0
    outer loop
      vertex -67.4441 -18.8329 2.4
      vertex -67.5449 -18.6747 0
      vertex -67.5449 -18.6747 2.4
    endloop
  endfacet
  facet normal 0.843354 0.537358 0
    outer loop
      vertex -67.5449 -18.6747 0
      vertex -67.4441 -18.8329 2.4
      vertex -67.4441 -18.8329 0
    endloop
  endfacet
  facet normal 0.843354 -0.537358 0
    outer loop
      vertex -67.5449 -16.5247 2.4
      vertex -67.4441 -16.3665 0
      vertex -67.4441 -16.3665 2.4
    endloop
  endfacet
  facet normal 0.843354 -0.537358 0
    outer loop
      vertex -67.4441 -16.3665 0
      vertex -67.5449 -16.5247 2.4
      vertex -67.5449 -16.5247 0
    endloop
  endfacet
  facet normal -0.737353 0.675507 0
    outer loop
      vertex -64.1627 -19.12 0
      vertex -64.036 -18.9817 2.4
      vertex -64.036 -18.9817 0
    endloop
  endfacet
  facet normal -0.737353 0.675507 0
    outer loop
      vertex -64.036 -18.9817 2.4
      vertex -64.1627 -19.12 0
      vertex -64.1627 -19.12 2.4
    endloop
  endfacet
  facet normal -0.462293 0.886727 0
    outer loop
      vertex -64.608 -19.4616 0
      vertex -64.7743 -19.5483 2.4
      vertex -64.608 -19.4616 2.4
    endloop
  endfacet
  facet normal -0.462293 0.886727 0
    outer loop
      vertex -64.7743 -19.5483 2.4
      vertex -64.608 -19.4616 0
      vertex -64.7743 -19.5483 0
    endloop
  endfacet
  facet normal 0.953679 -0.300825 0
    outer loop
      vertex -67.7597 -17.0432 2.4
      vertex -67.7033 -16.8644 0
      vertex -67.7033 -16.8644 2.4
    endloop
  endfacet
  facet normal 0.953679 -0.300825 0
    outer loop
      vertex -67.7033 -16.8644 0
      vertex -67.7597 -17.0432 2.4
      vertex -67.7597 -17.0432 0
    endloop
  endfacet
  facet normal 0.793297 -0.608834 0
    outer loop
      vertex -67.4441 -16.3665 2.4
      vertex -67.3299 -16.2177 0
      vertex -67.3299 -16.2177 2.4
    endloop
  endfacet
  facet normal 0.793297 -0.608834 0
    outer loop
      vertex -67.3299 -16.2177 0
      vertex -67.4441 -16.3665 2.4
      vertex -67.4441 -16.3665 0
    endloop
  endfacet
  facet normal 0.991427 -0.130661 0
    outer loop
      vertex -67.8248 -17.4123 2.4
      vertex -67.8003 -17.2264 0
      vertex -67.8003 -17.2264 2.4
    endloop
  endfacet
  facet normal 0.991427 -0.130661 0
    outer loop
      vertex -67.8003 -17.2264 0
      vertex -67.8248 -17.4123 2.4
      vertex -67.8248 -17.4123 0
    endloop
  endfacet
  facet normal -0.300672 -0.953728 0
    outer loop
      vertex -65.1265 -15.523 0
      vertex -64.9476 -15.5794 2.4
      vertex -65.1265 -15.523 2.4
    endloop
  endfacet
  facet normal -0.300672 -0.953728 -0
    outer loop
      vertex -64.9476 -15.5794 2.4
      vertex -65.1265 -15.523 0
      vertex -64.9476 -15.5794 0
    endloop
  endfacet
  facet normal 0.793297 0.608834 0
    outer loop
      vertex -67.3299 -18.9817 2.4
      vertex -67.4441 -18.8329 0
      vertex -67.4441 -18.8329 2.4
    endloop
  endfacet
  facet normal 0.793297 0.608834 0
    outer loop
      vertex -67.4441 -18.8329 0
      vertex -67.3299 -18.9817 2.4
      vertex -67.3299 -18.9817 0
    endloop
  endfacet
  facet normal -0.536997 -0.843584 0
    outer loop
      vertex -64.608 -15.7377 0
      vertex -64.5183 -15.7948 2.4
      vertex -64.608 -15.7377 2.4
    endloop
  endfacet
  facet normal -0.536997 -0.843584 -0
    outer loop
      vertex -64.5183 -15.7948 2.4
      vertex -64.608 -15.7377 0
      vertex -64.5183 -15.7948 0
    endloop
  endfacet
  facet normal 0.216479 -0.976287 0
    outer loop
      vertex -66.2394 -15.523 0
      vertex -66.0563 -15.4824 2.4
      vertex -66.2394 -15.523 2.4
    endloop
  endfacet
  facet normal 0.216479 -0.976287 0
    outer loop
      vertex -66.0563 -15.4824 2.4
      vertex -66.2394 -15.523 0
      vertex -66.0563 -15.4824 0
    endloop
  endfacet
  facet normal 0.300672 -0.953728 0
    outer loop
      vertex -66.4183 -15.5794 0
      vertex -66.2394 -15.523 2.4
      vertex -66.4183 -15.5794 2.4
    endloop
  endfacet
  facet normal 0.300672 -0.953728 0
    outer loop
      vertex -66.2394 -15.523 2.4
      vertex -66.4183 -15.5794 0
      vertex -66.2394 -15.523 0
    endloop
  endfacet
  facet normal 0.675507 -0.737353 0
    outer loop
      vertex -67.2032 -16.0794 0
      vertex -67.0649 -15.9527 2.4
      vertex -67.2032 -16.0794 2.4
    endloop
  endfacet
  facet normal 0.675507 -0.737353 0
    outer loop
      vertex -67.0649 -15.9527 2.4
      vertex -67.2032 -16.0794 0
      vertex -67.0649 -15.9527 0
    endloop
  endfacet
  facet normal 0.976312 0.216366 0
    outer loop
      vertex -67.7597 -18.1562 2.4
      vertex -67.8003 -17.973 0
      vertex -67.8003 -17.973 2.4
    endloop
  endfacet
  facet normal 0.976312 0.216366 0
    outer loop
      vertex -67.8003 -17.973 0
      vertex -67.7597 -18.1562 2.4
      vertex -67.7597 -18.1562 0
    endloop
  endfacet
  facet normal 0.999044 0.0437148 0
    outer loop
      vertex -67.8248 -17.7871 2.4
      vertex -67.833 -17.5997 0
      vertex -67.833 -17.5997 2.4
    endloop
  endfacet
  facet normal 0.999044 0.0437148 0
    outer loop
      vertex -67.833 -17.5997 0
      vertex -67.8248 -17.7871 2.4
      vertex -67.8248 -17.7871 0
    endloop
  endfacet
  facet normal 0.737353 -0.675507 0
    outer loop
      vertex -67.3299 -16.2177 2.4
      vertex -67.2032 -16.0794 0
      vertex -67.2032 -16.0794 2.4
    endloop
  endfacet
  facet normal 0.737353 -0.675507 0
    outer loop
      vertex -67.2032 -16.0794 0
      vertex -67.3299 -16.2177 2.4
      vertex -67.3299 -16.2177 0
    endloop
  endfacet
  facet normal -0.382305 0.924036 0
    outer loop
      vertex -64.7743 -19.5483 0
      vertex -64.9476 -19.62 2.4
      vertex -64.7743 -19.5483 2.4
    endloop
  endfacet
  facet normal -0.382305 0.924036 0
    outer loop
      vertex -64.9476 -19.62 2.4
      vertex -64.7743 -19.5483 0
      vertex -64.9476 -19.62 0
    endloop
  endfacet
  facet normal 0.216479 0.976287 -0
    outer loop
      vertex -66.0563 -19.717 0
      vertex -66.2394 -19.6764 2.4
      vertex -66.0563 -19.717 2.4
    endloop
  endfacet
  facet normal 0.216479 0.976287 0
    outer loop
      vertex -66.2394 -19.6764 2.4
      vertex -66.0563 -19.717 0
      vertex -66.2394 -19.6764 0
    endloop
  endfacet
  facet normal -0.0437148 -0.999044 0
    outer loop
      vertex -65.683 -15.4497 0
      vertex -65.4956 -15.4579 2.4
      vertex -65.683 -15.4497 2.4
    endloop
  endfacet
  facet normal -0.0437148 -0.999044 -0
    outer loop
      vertex -65.4956 -15.4579 2.4
      vertex -65.683 -15.4497 0
      vertex -65.4956 -15.4579 0
    endloop
  endfacet
  facet normal 0.537221 0.843442 -0
    outer loop
      vertex -66.758 -19.4616 0
      vertex -66.9161 -19.3609 2.4
      vertex -66.758 -19.4616 2.4
    endloop
  endfacet
  facet normal 0.537221 0.843442 0
    outer loop
      vertex -66.9161 -19.3609 2.4
      vertex -66.758 -19.4616 0
      vertex -66.9161 -19.3609 0
    endloop
  endfacet
  facet normal -0.843354 0.537358 0
    outer loop
      vertex -63.9218 -18.8329 0
      vertex -63.821 -18.6747 2.4
      vertex -63.821 -18.6747 0
    endloop
  endfacet
  facet normal -0.843354 0.537358 0
    outer loop
      vertex -63.821 -18.6747 2.4
      vertex -63.9218 -18.8329 0
      vertex -63.9218 -18.8329 2.4
    endloop
  endfacet
  facet normal -0.130592 0.991436 0
    outer loop
      vertex -65.3096 -19.717 0
      vertex -65.4956 -19.7415 2.4
      vertex -65.3096 -19.717 2.4
    endloop
  endfacet
  facet normal -0.130592 0.991436 0
    outer loop
      vertex -65.4956 -19.7415 2.4
      vertex -65.3096 -19.717 0
      vertex -65.4956 -19.7415 0
    endloop
  endfacet
  facet normal -0.382305 -0.924036 0
    outer loop
      vertex -64.9476 -15.5794 0
      vertex -64.7743 -15.6511 2.4
      vertex -64.9476 -15.5794 2.4
    endloop
  endfacet
  facet normal -0.382305 -0.924036 -0
    outer loop
      vertex -64.7743 -15.6511 2.4
      vertex -64.9476 -15.5794 0
      vertex -64.7743 -15.6511 0
    endloop
  endfacet
  facet normal -0.461873 -0.886946 0
    outer loop
      vertex -64.7743 -15.6511 0
      vertex -64.608 -15.7377 2.4
      vertex -64.7743 -15.6511 2.4
    endloop
  endfacet
  facet normal -0.461873 -0.886946 -0
    outer loop
      vertex -64.608 -15.7377 2.4
      vertex -64.7743 -15.6511 0
      vertex -64.608 -15.7377 0
    endloop
  endfacet
  facet normal -0.88697 0.461827 0
    outer loop
      vertex -63.821 -18.6747 0
      vertex -63.7719 -18.5804 2.4
      vertex -63.7719 -18.5804 0
    endloop
  endfacet
  facet normal -0.88697 0.461827 0
    outer loop
      vertex -63.7719 -18.5804 2.4
      vertex -63.821 -18.6747 0
      vertex -63.821 -18.6747 2.4
    endloop
  endfacet
  facet normal -0.793297 0.608834 0
    outer loop
      vertex -64.036 -18.9817 0
      vertex -63.9218 -18.8329 2.4
      vertex -63.9218 -18.8329 0
    endloop
  endfacet
  facet normal -0.793297 0.608834 0
    outer loop
      vertex -63.9218 -18.8329 2.4
      vertex -64.036 -18.9817 0
      vertex -64.036 -18.9817 2.4
    endloop
  endfacet
  facet normal 0.0437381 -0.999043 0
    outer loop
      vertex -65.8703 -15.4579 0
      vertex -65.683 -15.4497 2.4
      vertex -65.8703 -15.4579 2.4
    endloop
  endfacet
  facet normal 0.0437381 -0.999043 0
    outer loop
      vertex -65.683 -15.4497 2.4
      vertex -65.8703 -15.4579 0
      vertex -65.683 -15.4497 0
    endloop
  endfacet
  facet normal 0.88706 0.461655 0
    outer loop
      vertex -67.5449 -18.6747 2.4
      vertex -67.6315 -18.5083 0
      vertex -67.6315 -18.5083 2.4
    endloop
  endfacet
  facet normal 0.88706 0.461655 0
    outer loop
      vertex -67.6315 -18.5083 0
      vertex -67.5449 -18.6747 2.4
      vertex -67.5449 -18.6747 0
    endloop
  endfacet
  facet normal -0.536979 0.843596 0
    outer loop
      vertex -64.4498 -19.3609 0
      vertex -64.608 -19.4616 2.4
      vertex -64.4498 -19.3609 2.4
    endloop
  endfacet
  facet normal -0.536979 0.843596 0
    outer loop
      vertex -64.608 -19.4616 2.4
      vertex -64.4498 -19.3609 0
      vertex -64.608 -19.4616 0
    endloop
  endfacet
  facet normal 0.130592 0.991436 -0
    outer loop
      vertex -65.8703 -19.7415 0
      vertex -66.0563 -19.717 2.4
      vertex -65.8703 -19.7415 2.4
    endloop
  endfacet
  facet normal 0.130592 0.991436 0
    outer loop
      vertex -66.0563 -19.717 2.4
      vertex -65.8703 -19.7415 0
      vertex -66.0563 -19.717 0
    endloop
  endfacet
  facet normal 0.999044 -0.0437148 0
    outer loop
      vertex -67.833 -17.5997 2.4
      vertex -67.8248 -17.4123 0
      vertex -67.8248 -17.4123 2.4
    endloop
  endfacet
  facet normal 0.999044 -0.0437148 0
    outer loop
      vertex -67.8248 -17.4123 0
      vertex -67.833 -17.5997 2.4
      vertex -67.833 -17.5997 0
    endloop
  endfacet
  facet normal 0.953679 0.300825 0
    outer loop
      vertex -67.7033 -18.335 2.4
      vertex -67.7597 -18.1562 0
      vertex -67.7597 -18.1562 2.4
    endloop
  endfacet
  facet normal 0.953679 0.300825 0
    outer loop
      vertex -67.7597 -18.1562 0
      vertex -67.7033 -18.335 2.4
      vertex -67.7033 -18.335 0
    endloop
  endfacet
  facet normal 0.300672 0.953728 -0
    outer loop
      vertex -66.2394 -19.6764 0
      vertex -66.4183 -19.62 2.4
      vertex -66.2394 -19.6764 2.4
    endloop
  endfacet
  facet normal 0.300672 0.953728 0
    outer loop
      vertex -66.4183 -19.62 2.4
      vertex -66.2394 -19.6764 0
      vertex -66.4183 -19.62 0
    endloop
  endfacet
  facet normal 0.737353 0.675507 0
    outer loop
      vertex -67.2032 -19.12 2.4
      vertex -67.3299 -18.9817 0
      vertex -67.3299 -18.9817 2.4
    endloop
  endfacet
  facet normal 0.737353 0.675507 0
    outer loop
      vertex -67.3299 -18.9817 0
      vertex -67.2032 -19.12 2.4
      vertex -67.2032 -19.12 0
    endloop
  endfacet
  facet normal 0.462074 0.886841 -0
    outer loop
      vertex -66.5916 -19.5483 0
      vertex -66.758 -19.4616 2.4
      vertex -66.5916 -19.5483 2.4
    endloop
  endfacet
  facet normal 0.462074 0.886841 0
    outer loop
      vertex -66.758 -19.4616 2.4
      vertex -66.5916 -19.5483 0
      vertex -66.758 -19.4616 0
    endloop
  endfacet
  facet normal 0.923848 -0.38276 0
    outer loop
      vertex -67.7033 -16.8644 2.4
      vertex -67.6315 -16.6911 0
      vertex -67.6315 -16.6911 2.4
    endloop
  endfacet
  facet normal 0.923848 -0.38276 0
    outer loop
      vertex -67.6315 -16.6911 0
      vertex -67.7033 -16.8644 2.4
      vertex -67.7033 -16.8644 0
    endloop
  endfacet
  facet normal -0.608834 0.793297 0
    outer loop
      vertex -64.301 -19.2467 0
      vertex -64.4498 -19.3609 2.4
      vertex -64.301 -19.2467 2.4
    endloop
  endfacet
  facet normal -0.608834 0.793297 0
    outer loop
      vertex -64.4498 -19.3609 2.4
      vertex -64.301 -19.2467 0
      vertex -64.4498 -19.3609 0
    endloop
  endfacet
  facet normal 0.461655 -0.88706 0
    outer loop
      vertex -66.758 -15.7377 0
      vertex -66.5916 -15.6511 2.4
      vertex -66.758 -15.7377 2.4
    endloop
  endfacet
  facet normal 0.461655 -0.88706 0
    outer loop
      vertex -66.5916 -15.6511 2.4
      vertex -66.758 -15.7377 0
      vertex -66.5916 -15.6511 0
    endloop
  endfacet
  facet normal -0.675507 0.737353 0
    outer loop
      vertex -64.1627 -19.12 0
      vertex -64.301 -19.2467 2.4
      vertex -64.1627 -19.12 2.4
    endloop
  endfacet
  facet normal -0.675507 0.737353 0
    outer loop
      vertex -64.301 -19.2467 2.4
      vertex -64.1627 -19.12 0
      vertex -64.301 -19.2467 0
    endloop
  endfacet
  facet normal -0.216479 -0.976287 0
    outer loop
      vertex -65.3096 -15.4824 0
      vertex -65.1265 -15.523 2.4
      vertex -65.3096 -15.4824 2.4
    endloop
  endfacet
  facet normal -0.216479 -0.976287 -0
    outer loop
      vertex -65.1265 -15.523 2.4
      vertex -65.3096 -15.4824 0
      vertex -65.1265 -15.523 0
    endloop
  endfacet
  facet normal -0.130592 -0.991436 0
    outer loop
      vertex -65.4956 -15.4579 0
      vertex -65.3096 -15.4824 2.4
      vertex -65.4956 -15.4579 2.4
    endloop
  endfacet
  facet normal -0.130592 -0.991436 -0
    outer loop
      vertex -65.3096 -15.4824 2.4
      vertex -65.4956 -15.4579 0
      vertex -65.3096 -15.4824 0
    endloop
  endfacet
  facet normal 0.88706 -0.461655 0
    outer loop
      vertex -67.6315 -16.6911 2.4
      vertex -67.5449 -16.5247 0
      vertex -67.5449 -16.5247 2.4
    endloop
  endfacet
  facet normal 0.88706 -0.461655 0
    outer loop
      vertex -67.5449 -16.5247 0
      vertex -67.6315 -16.6911 2.4
      vertex -67.6315 -16.6911 0
    endloop
  endfacet
  facet normal 0.382305 0.924036 -0
    outer loop
      vertex -66.4183 -19.62 0
      vertex -66.5916 -19.5483 2.4
      vertex -66.4183 -19.62 2.4
    endloop
  endfacet
  facet normal 0.382305 0.924036 0
    outer loop
      vertex -66.5916 -19.5483 2.4
      vertex -66.4183 -19.62 0
      vertex -66.5916 -19.5483 0
    endloop
  endfacet
  facet normal -0.737353 0.675507 0
    outer loop
      vertex 19.12 -67.2032 0
      vertex 19.2467 -67.0649 2.4
      vertex 19.2467 -67.0649 0
    endloop
  endfacet
  facet normal -0.737353 0.675507 0
    outer loop
      vertex 19.2467 -67.0649 2.4
      vertex 19.12 -67.2032 0
      vertex 19.12 -67.2032 2.4
    endloop
  endfacet
  facet normal -0.537358 0.843354 0
    outer loop
      vertex 18.8329 -67.4441 0
      vertex 18.6747 -67.5449 2.4
      vertex 18.8329 -67.4441 2.4
    endloop
  endfacet
  facet normal -0.537358 0.843354 0
    outer loop
      vertex 18.6747 -67.5449 2.4
      vertex 18.8329 -67.4441 0
      vertex 18.6747 -67.5449 0
    endloop
  endfacet
  facet normal 0.38276 0.923848 -0
    outer loop
      vertex 16.8644 -67.7033 0
      vertex 16.6911 -67.6315 2.4
      vertex 16.8644 -67.7033 2.4
    endloop
  endfacet
  facet normal 0.38276 0.923848 0
    outer loop
      vertex 16.6911 -67.6315 2.4
      vertex 16.8644 -67.7033 0
      vertex 16.6911 -67.6315 0
    endloop
  endfacet
  facet normal 0.675507 0.737353 -0
    outer loop
      vertex 16.2177 -67.3299 0
      vertex 16.0794 -67.2032 2.4
      vertex 16.2177 -67.3299 2.4
    endloop
  endfacet
  facet normal 0.675507 0.737353 0
    outer loop
      vertex 16.0794 -67.2032 2.4
      vertex 16.2177 -67.3299 0
      vertex 16.0794 -67.2032 0
    endloop
  endfacet
  facet normal -0.737353 -0.675507 0
    outer loop
      vertex 19.2467 -64.301 0
      vertex 19.12 -64.1627 2.4
      vertex 19.12 -64.1627 0
    endloop
  endfacet
  facet normal -0.737353 -0.675507 0
    outer loop
      vertex 19.12 -64.1627 2.4
      vertex 19.2467 -64.301 0
      vertex 19.2467 -64.301 2.4
    endloop
  endfacet
  facet normal 0.793297 0.608834 0
    outer loop
      vertex 15.9527 -67.0649 2.4
      vertex 15.8385 -66.9161 0
      vertex 15.8385 -66.9161 2.4
    endloop
  endfacet
  facet normal 0.793297 0.608834 0
    outer loop
      vertex 15.8385 -66.9161 0
      vertex 15.9527 -67.0649 2.4
      vertex 15.9527 -67.0649 0
    endloop
  endfacet
  facet normal -0.886727 -0.462293 0
    outer loop
      vertex 19.5483 -64.7743 0
      vertex 19.4616 -64.608 2.4
      vertex 19.4616 -64.608 0
    endloop
  endfacet
  facet normal -0.886727 -0.462293 0
    outer loop
      vertex 19.4616 -64.608 2.4
      vertex 19.5483 -64.7743 0
      vertex 19.5483 -64.7743 2.4
    endloop
  endfacet
  facet normal -0.608834 -0.793297 0
    outer loop
      vertex 18.8329 -63.9218 0
      vertex 18.9817 -64.036 2.4
      vertex 18.8329 -63.9218 2.4
    endloop
  endfacet
  facet normal -0.608834 -0.793297 -0
    outer loop
      vertex 18.9817 -64.036 2.4
      vertex 18.8329 -63.9218 0
      vertex 18.9817 -64.036 0
    endloop
  endfacet
  facet normal 0.999044 -0.0437148 0
    outer loop
      vertex 15.4497 -65.683 2.4
      vertex 15.4579 -65.4956 0
      vertex 15.4579 -65.4956 2.4
    endloop
  endfacet
  facet normal 0.999044 -0.0437148 0
    outer loop
      vertex 15.4579 -65.4956 0
      vertex 15.4497 -65.683 2.4
      vertex 15.4497 -65.683 0
    endloop
  endfacet
  facet normal -0.991436 0.130592 0
    outer loop
      vertex 19.717 -66.0563 0
      vertex 19.7415 -65.8703 2.4
      vertex 19.7415 -65.8703 0
    endloop
  endfacet
  facet normal -0.991436 0.130592 0
    outer loop
      vertex 19.7415 -65.8703 2.4
      vertex 19.717 -66.0563 0
      vertex 19.717 -66.0563 2.4
    endloop
  endfacet
  facet normal -0.991436 -0.130592 0
    outer loop
      vertex 19.7415 -65.4956 0
      vertex 19.717 -65.3096 2.4
      vertex 19.717 -65.3096 0
    endloop
  endfacet
  facet normal -0.991436 -0.130592 0
    outer loop
      vertex 19.717 -65.3096 2.4
      vertex 19.7415 -65.4956 0
      vertex 19.7415 -65.4956 2.4
    endloop
  endfacet
  facet normal -0.300825 0.953679 0
    outer loop
      vertex 18.335 -67.7033 0
      vertex 18.1562 -67.7597 2.4
      vertex 18.335 -67.7033 2.4
    endloop
  endfacet
  facet normal -0.300825 0.953679 0
    outer loop
      vertex 18.1562 -67.7597 2.4
      vertex 18.335 -67.7033 0
      vertex 18.1562 -67.7597 0
    endloop
  endfacet
  facet normal -0.999044 -0.0437148 0
    outer loop
      vertex 19.7497 -65.683 0
      vertex 19.7415 -65.4956 2.4
      vertex 19.7415 -65.4956 0
    endloop
  endfacet
  facet normal -0.999044 -0.0437148 0
    outer loop
      vertex 19.7415 -65.4956 2.4
      vertex 19.7497 -65.683 0
      vertex 19.7497 -65.683 2.4
    endloop
  endfacet
  facet normal -0.38276 0.923848 0
    outer loop
      vertex 18.5083 -67.6315 0
      vertex 18.335 -67.7033 2.4
      vertex 18.5083 -67.6315 2.4
    endloop
  endfacet
  facet normal -0.38276 0.923848 0
    outer loop
      vertex 18.335 -67.7033 2.4
      vertex 18.5083 -67.6315 0
      vertex 18.335 -67.7033 0
    endloop
  endfacet
  facet normal 0.924036 -0.382305 0
    outer loop
      vertex 15.5794 -64.9476 2.4
      vertex 15.6511 -64.7743 0
      vertex 15.6511 -64.7743 2.4
    endloop
  endfacet
  facet normal 0.924036 -0.382305 0
    outer loop
      vertex 15.6511 -64.7743 0
      vertex 15.5794 -64.9476 2.4
      vertex 15.5794 -64.9476 0
    endloop
  endfacet
  facet normal 0.886946 -0.461873 0
    outer loop
      vertex 15.6511 -64.7743 2.4
      vertex 15.7377 -64.608 0
      vertex 15.7377 -64.608 2.4
    endloop
  endfacet
  facet normal 0.886946 -0.461873 0
    outer loop
      vertex 15.7377 -64.608 0
      vertex 15.6511 -64.7743 2.4
      vertex 15.6511 -64.7743 0
    endloop
  endfacet
  facet normal -0.999043 0.0437381 0
    outer loop
      vertex 19.7415 -65.8703 0
      vertex 19.7497 -65.683 2.4
      vertex 19.7497 -65.683 0
    endloop
  endfacet
  facet normal -0.999043 0.0437381 0
    outer loop
      vertex 19.7497 -65.683 2.4
      vertex 19.7415 -65.8703 0
      vertex 19.7415 -65.8703 2.4
    endloop
  endfacet
  facet normal -0.216366 0.976312 0
    outer loop
      vertex 18.1562 -67.7597 0
      vertex 17.973 -67.8003 2.4
      vertex 18.1562 -67.7597 2.4
    endloop
  endfacet
  facet normal -0.216366 0.976312 0
    outer loop
      vertex 17.973 -67.8003 2.4
      vertex 18.1562 -67.7597 0
      vertex 17.973 -67.8003 0
    endloop
  endfacet
  facet normal -0.793297 -0.608834 0
    outer loop
      vertex 19.3609 -64.4498 0
      vertex 19.2467 -64.301 2.4
      vertex 19.2467 -64.301 0
    endloop
  endfacet
  facet normal -0.793297 -0.608834 0
    outer loop
      vertex 19.2467 -64.301 2.4
      vertex 19.3609 -64.4498 0
      vertex 19.3609 -64.4498 2.4
    endloop
  endfacet
  facet normal -0.130661 0.991427 0
    outer loop
      vertex 17.973 -67.8003 0
      vertex 17.7871 -67.8248 2.4
      vertex 17.973 -67.8003 2.4
    endloop
  endfacet
  facet normal -0.130661 0.991427 0
    outer loop
      vertex 17.7871 -67.8248 2.4
      vertex 17.973 -67.8003 0
      vertex 17.7871 -67.8248 0
    endloop
  endfacet
  facet normal -0.976287 -0.216479 0
    outer loop
      vertex 19.717 -65.3096 0
      vertex 19.6764 -65.1265 2.4
      vertex 19.6764 -65.1265 0
    endloop
  endfacet
  facet normal -0.976287 -0.216479 0
    outer loop
      vertex 19.6764 -65.1265 2.4
      vertex 19.717 -65.3096 0
      vertex 19.717 -65.3096 2.4
    endloop
  endfacet
  facet normal 0.953728 0.300672 0
    outer loop
      vertex 15.5794 -66.4183 2.4
      vertex 15.523 -66.2394 0
      vertex 15.523 -66.2394 2.4
    endloop
  endfacet
  facet normal 0.953728 0.300672 0
    outer loop
      vertex 15.523 -66.2394 0
      vertex 15.5794 -66.4183 2.4
      vertex 15.5794 -66.4183 0
    endloop
  endfacet
  facet normal 0.300825 0.953679 -0
    outer loop
      vertex 17.0432 -67.7597 0
      vertex 16.8644 -67.7033 2.4
      vertex 17.0432 -67.7597 2.4
    endloop
  endfacet
  facet normal 0.300825 0.953679 0
    outer loop
      vertex 16.8644 -67.7033 2.4
      vertex 17.0432 -67.7597 0
      vertex 16.8644 -67.7033 0
    endloop
  endfacet
  facet normal -0.843596 -0.536979 0
    outer loop
      vertex 19.4616 -64.608 0
      vertex 19.3609 -64.4498 2.4
      vertex 19.3609 -64.4498 0
    endloop
  endfacet
  facet normal -0.843596 -0.536979 0
    outer loop
      vertex 19.3609 -64.4498 2.4
      vertex 19.4616 -64.608 0
      vertex 19.4616 -64.608 2.4
    endloop
  endfacet
  facet normal 0.924036 0.382305 0
    outer loop
      vertex 15.6511 -66.5916 2.4
      vertex 15.5794 -66.4183 0
      vertex 15.5794 -66.4183 2.4
    endloop
  endfacet
  facet normal 0.924036 0.382305 0
    outer loop
      vertex 15.5794 -66.4183 0
      vertex 15.6511 -66.5916 2.4
      vertex 15.6511 -66.5916 0
    endloop
  endfacet
  facet normal 0.8432 0.5376 0
    outer loop
      vertex 15.8385 -66.9161 2.4
      vertex 15.7377 -66.758 0
      vertex 15.7377 -66.758 2.4
    endloop
  endfacet
  facet normal 0.8432 0.5376 0
    outer loop
      vertex 15.7377 -66.758 0
      vertex 15.8385 -66.9161 2.4
      vertex 15.8385 -66.9161 0
    endloop
  endfacet
  facet normal -0.924036 0.382305 0
    outer loop
      vertex 19.5483 -66.5916 0
      vertex 19.62 -66.4183 2.4
      vertex 19.62 -66.4183 0
    endloop
  endfacet
  facet normal -0.924036 0.382305 0
    outer loop
      vertex 19.62 -66.4183 2.4
      vertex 19.5483 -66.5916 0
      vertex 19.5483 -66.5916 2.4
    endloop
  endfacet
  facet normal 0.537358 0.843354 -0
    outer loop
      vertex 16.5247 -67.5449 0
      vertex 16.3665 -67.4441 2.4
      vertex 16.5247 -67.5449 2.4
    endloop
  endfacet
  facet normal 0.537358 0.843354 0
    outer loop
      vertex 16.3665 -67.4441 2.4
      vertex 16.5247 -67.5449 0
      vertex 16.3665 -67.4441 0
    endloop
  endfacet
  facet normal 0.953728 -0.300672 0
    outer loop
      vertex 15.523 -65.1265 2.4
      vertex 15.5794 -64.9476 0
      vertex 15.5794 -64.9476 2.4
    endloop
  endfacet
  facet normal 0.953728 -0.300672 0
    outer loop
      vertex 15.5794 -64.9476 0
      vertex 15.523 -65.1265 2.4
      vertex 15.523 -65.1265 0
    endloop
  endfacet
  facet normal 0.130661 0.991427 -0
    outer loop
      vertex 17.4123 -67.8248 0
      vertex 17.2264 -67.8003 2.4
      vertex 17.4123 -67.8248 2.4
    endloop
  endfacet
  facet normal 0.130661 0.991427 0
    outer loop
      vertex 17.2264 -67.8003 2.4
      vertex 17.4123 -67.8248 0
      vertex 17.2264 -67.8003 0
    endloop
  endfacet
  facet normal 0.991436 -0.130592 0
    outer loop
      vertex 15.4579 -65.4956 2.4
      vertex 15.4824 -65.3096 0
      vertex 15.4824 -65.3096 2.4
    endloop
  endfacet
  facet normal 0.991436 -0.130592 0
    outer loop
      vertex 15.4824 -65.3096 0
      vertex 15.4579 -65.4956 2.4
      vertex 15.4579 -65.4956 0
    endloop
  endfacet
  facet normal -0.537358 -0.843354 0
    outer loop
      vertex 18.6747 -63.821 0
      vertex 18.8329 -63.9218 2.4
      vertex 18.6747 -63.821 2.4
    endloop
  endfacet
  facet normal -0.537358 -0.843354 -0
    outer loop
      vertex 18.8329 -63.9218 2.4
      vertex 18.6747 -63.821 0
      vertex 18.8329 -63.9218 0
    endloop
  endfacet
  facet normal -0.461827 -0.88697 0
    outer loop
      vertex 18.5804 -63.7719 0
      vertex 18.6747 -63.821 2.4
      vertex 18.5804 -63.7719 2.4
    endloop
  endfacet
  facet normal -0.461827 -0.88697 -0
    outer loop
      vertex 18.6747 -63.821 2.4
      vertex 18.5804 -63.7719 0
      vertex 18.6747 -63.821 0
    endloop
  endfacet
  facet normal -0.793297 0.608834 0
    outer loop
      vertex 19.2467 -67.0649 0
      vertex 19.3609 -66.9161 2.4
      vertex 19.3609 -66.9161 0
    endloop
  endfacet
  facet normal -0.793297 0.608834 0
    outer loop
      vertex 19.3609 -66.9161 2.4
      vertex 19.2467 -67.0649 0
      vertex 19.2467 -67.0649 2.4
    endloop
  endfacet
  facet normal -0.924036 -0.382305 0
    outer loop
      vertex 19.62 -64.9476 0
      vertex 19.5483 -64.7743 2.4
      vertex 19.5483 -64.7743 0
    endloop
  endfacet
  facet normal -0.924036 -0.382305 0
    outer loop
      vertex 19.5483 -64.7743 2.4
      vertex 19.62 -64.9476 0
      vertex 19.62 -64.9476 2.4
    endloop
  endfacet
  facet normal -0.886841 0.462074 0
    outer loop
      vertex 19.4616 -66.758 0
      vertex 19.5483 -66.5916 2.4
      vertex 19.5483 -66.5916 0
    endloop
  endfacet
  facet normal -0.886841 0.462074 0
    outer loop
      vertex 19.5483 -66.5916 2.4
      vertex 19.4616 -66.758 0
      vertex 19.4616 -66.758 2.4
    endloop
  endfacet
  facet normal 0.976287 -0.216479 0
    outer loop
      vertex 15.4824 -65.3096 2.4
      vertex 15.523 -65.1265 0
      vertex 15.523 -65.1265 2.4
    endloop
  endfacet
  facet normal 0.976287 -0.216479 0
    outer loop
      vertex 15.523 -65.1265 0
      vertex 15.4824 -65.3096 2.4
      vertex 15.4824 -65.3096 0
    endloop
  endfacet
  facet normal -0.675507 0.737353 0
    outer loop
      vertex 19.12 -67.2032 0
      vertex 18.9817 -67.3299 2.4
      vertex 19.12 -67.2032 2.4
    endloop
  endfacet
  facet normal -0.675507 0.737353 0
    outer loop
      vertex 18.9817 -67.3299 2.4
      vertex 19.12 -67.2032 0
      vertex 18.9817 -67.3299 0
    endloop
  endfacet
  facet normal -0.843442 0.537221 0
    outer loop
      vertex 19.3609 -66.9161 0
      vertex 19.4616 -66.758 2.4
      vertex 19.4616 -66.758 0
    endloop
  endfacet
  facet normal -0.843442 0.537221 0
    outer loop
      vertex 19.4616 -66.758 2.4
      vertex 19.3609 -66.9161 0
      vertex 19.3609 -66.9161 2.4
    endloop
  endfacet
  facet normal 0.608834 0.793297 -0
    outer loop
      vertex 16.3665 -67.4441 0
      vertex 16.2177 -67.3299 2.4
      vertex 16.3665 -67.4441 2.4
    endloop
  endfacet
  facet normal 0.608834 0.793297 0
    outer loop
      vertex 16.2177 -67.3299 2.4
      vertex 16.3665 -67.4441 0
      vertex 16.2177 -67.3299 0
    endloop
  endfacet
  facet normal 0.216366 0.976312 -0
    outer loop
      vertex 17.2264 -67.8003 0
      vertex 17.0432 -67.7597 2.4
      vertex 17.2264 -67.8003 2.4
    endloop
  endfacet
  facet normal 0.216366 0.976312 0
    outer loop
      vertex 17.0432 -67.7597 2.4
      vertex 17.2264 -67.8003 0
      vertex 17.0432 -67.7597 0
    endloop
  endfacet
  facet normal -0.0437148 0.999044 0
    outer loop
      vertex 17.7871 -67.8248 0
      vertex 17.5997 -67.833 2.4
      vertex 17.7871 -67.8248 2.4
    endloop
  endfacet
  facet normal -0.0437148 0.999044 0
    outer loop
      vertex 17.5997 -67.833 2.4
      vertex 17.7871 -67.8248 0
      vertex 17.5997 -67.833 0
    endloop
  endfacet
  facet normal -0.953728 -0.300672 0
    outer loop
      vertex 19.6764 -65.1265 0
      vertex 19.62 -64.9476 2.4
      vertex 19.62 -64.9476 0
    endloop
  endfacet
  facet normal -0.953728 -0.300672 0
    outer loop
      vertex 19.62 -64.9476 2.4
      vertex 19.6764 -65.1265 0
      vertex 19.6764 -65.1265 2.4
    endloop
  endfacet
  facet normal -0.976287 0.216479 0
    outer loop
      vertex 19.6764 -66.2394 0
      vertex 19.717 -66.0563 2.4
      vertex 19.717 -66.0563 0
    endloop
  endfacet
  facet normal -0.976287 0.216479 0
    outer loop
      vertex 19.717 -66.0563 2.4
      vertex 19.6764 -66.2394 0
      vertex 19.6764 -66.2394 2.4
    endloop
  endfacet
  facet normal -0.461655 0.88706 0
    outer loop
      vertex 18.6747 -67.5449 0
      vertex 18.5083 -67.6315 2.4
      vertex 18.6747 -67.5449 2.4
    endloop
  endfacet
  facet normal -0.461655 0.88706 0
    outer loop
      vertex 18.5083 -67.6315 2.4
      vertex 18.6747 -67.5449 0
      vertex 18.5083 -67.6315 0
    endloop
  endfacet
  facet normal 0.999043 0.0437381 0
    outer loop
      vertex 15.4579 -65.8703 2.4
      vertex 15.4497 -65.683 0
      vertex 15.4497 -65.683 2.4
    endloop
  endfacet
  facet normal 0.999043 0.0437381 0
    outer loop
      vertex 15.4497 -65.683 0
      vertex 15.4579 -65.8703 2.4
      vertex 15.4579 -65.8703 0
    endloop
  endfacet
  facet normal -0.675507 -0.737353 0
    outer loop
      vertex 18.9817 -64.036 0
      vertex 19.12 -64.1627 2.4
      vertex 18.9817 -64.036 2.4
    endloop
  endfacet
  facet normal -0.675507 -0.737353 -0
    outer loop
      vertex 19.12 -64.1627 2.4
      vertex 18.9817 -64.036 0
      vertex 19.12 -64.1627 0
    endloop
  endfacet
  facet normal 0.976287 0.216479 0
    outer loop
      vertex 15.523 -66.2394 2.4
      vertex 15.4824 -66.0563 0
      vertex 15.4824 -66.0563 2.4
    endloop
  endfacet
  facet normal 0.976287 0.216479 0
    outer loop
      vertex 15.4824 -66.0563 0
      vertex 15.523 -66.2394 2.4
      vertex 15.523 -66.2394 0
    endloop
  endfacet
  facet normal 0.0437148 0.999044 -0
    outer loop
      vertex 17.5997 -67.833 0
      vertex 17.4123 -67.8248 2.4
      vertex 17.5997 -67.833 2.4
    endloop
  endfacet
  facet normal 0.0437148 0.999044 0
    outer loop
      vertex 17.4123 -67.8248 2.4
      vertex 17.5997 -67.833 0
      vertex 17.4123 -67.8248 0
    endloop
  endfacet
  facet normal 0.461655 0.88706 -0
    outer loop
      vertex 16.6911 -67.6315 0
      vertex 16.5247 -67.5449 2.4
      vertex 16.6911 -67.6315 2.4
    endloop
  endfacet
  facet normal 0.461655 0.88706 0
    outer loop
      vertex 16.5247 -67.5449 2.4
      vertex 16.6911 -67.6315 0
      vertex 16.5247 -67.5449 0
    endloop
  endfacet
  facet normal 0.737353 0.675507 0
    outer loop
      vertex 16.0794 -67.2032 2.4
      vertex 15.9527 -67.0649 0
      vertex 15.9527 -67.0649 2.4
    endloop
  endfacet
  facet normal 0.737353 0.675507 0
    outer loop
      vertex 15.9527 -67.0649 0
      vertex 16.0794 -67.2032 2.4
      vertex 16.0794 -67.2032 0
    endloop
  endfacet
  facet normal -0.608834 0.793297 0
    outer loop
      vertex 18.9817 -67.3299 0
      vertex 18.8329 -67.4441 2.4
      vertex 18.9817 -67.3299 2.4
    endloop
  endfacet
  facet normal -0.608834 0.793297 0
    outer loop
      vertex 18.8329 -67.4441 2.4
      vertex 18.9817 -67.3299 0
      vertex 18.8329 -67.4441 0
    endloop
  endfacet
  facet normal 0.991436 0.130592 0
    outer loop
      vertex 15.4824 -66.0563 2.4
      vertex 15.4579 -65.8703 0
      vertex 15.4579 -65.8703 2.4
    endloop
  endfacet
  facet normal 0.991436 0.130592 0
    outer loop
      vertex 15.4579 -65.8703 0
      vertex 15.4824 -66.0563 2.4
      vertex 15.4824 -66.0563 0
    endloop
  endfacet
  facet normal -0.953728 0.300672 0
    outer loop
      vertex 19.62 -66.4183 0
      vertex 19.6764 -66.2394 2.4
      vertex 19.6764 -66.2394 0
    endloop
  endfacet
  facet normal -0.953728 0.300672 0
    outer loop
      vertex 19.6764 -66.2394 2.4
      vertex 19.62 -66.4183 0
      vertex 19.62 -66.4183 2.4
    endloop
  endfacet
  facet normal 0.843584 -0.536997 0
    outer loop
      vertex 15.7377 -64.608 2.4
      vertex 15.7948 -64.5183 0
      vertex 15.7948 -64.5183 2.4
    endloop
  endfacet
  facet normal 0.843584 -0.536997 0
    outer loop
      vertex 15.7948 -64.5183 0
      vertex 15.7377 -64.608 2.4
      vertex 15.7377 -64.608 0
    endloop
  endfacet
  facet normal 0.88706 0.461655 0
    outer loop
      vertex 15.7377 -66.758 2.4
      vertex 15.6511 -66.5916 0
      vertex 15.6511 -66.5916 2.4
    endloop
  endfacet
  facet normal 0.88706 0.461655 0
    outer loop
      vertex 15.6511 -66.5916 0
      vertex 15.7377 -66.758 2.4
      vertex 15.7377 -66.758 0
    endloop
  endfacet
  facet normal -0.991468 -0.130351 0
    outer loop
      vertex 73.7433 0.152522 0
      vertex 73.7234 0.303884 2.4
      vertex 73.7234 0.303884 0
    endloop
  endfacet
  facet normal -0.991468 -0.130351 0
    outer loop
      vertex 73.7234 0.303884 2.4
      vertex 73.7433 0.152522 0
      vertex 73.7433 0.152522 2.4
    endloop
  endfacet
  facet normal -0.999037 -0.0438858 0
    outer loop
      vertex 73.75 0 0
      vertex 73.7433 0.152522 2.4
      vertex 73.7433 0.152522 0
    endloop
  endfacet
  facet normal -0.999037 -0.0438858 0
    outer loop
      vertex 73.7433 0.152522 2.4
      vertex 73.75 0 0
      vertex 73.75 0 2.4
    endloop
  endfacet
  facet normal -0.976356 -0.216169 0
    outer loop
      vertex 73.7234 0.303884 0
      vertex 73.6904 0.452933 2.4
      vertex 73.6904 0.452933 0
    endloop
  endfacet
  facet normal -0.976356 -0.216169 0
    outer loop
      vertex 73.6904 0.452933 2.4
      vertex 73.7234 0.303884 0
      vertex 73.7234 0.303884 2.4
    endloop
  endfacet
  facet normal -0.843478 -0.537164 0
    outer loop
      vertex 73.5155 0.875 0
      vertex 73.4335 1.00376 2.4
      vertex 73.4335 1.00376 0
    endloop
  endfacet
  facet normal -0.843478 -0.537164 0
    outer loop
      vertex 73.4335 1.00376 2.4
      vertex 73.5155 0.875 0
      vertex 73.5155 0.875 2.4
    endloop
  endfacet
  facet normal 0.461827 -0.88697 0
    outer loop
      vertex 71.125 1.51554 0
      vertex 71.2604 1.58604 2.4
      vertex 71.125 1.51554 2.4
    endloop
  endfacet
  facet normal 0.461827 -0.88697 0
    outer loop
      vertex 71.2604 1.58604 2.4
      vertex 71.125 1.51554 0
      vertex 71.2604 1.58604 0
    endloop
  endfacet
  facet normal 0.999037 -0.0438858 0
    outer loop
      vertex 70.25 0 2.4
      vertex 70.2567 0.152522 0
      vertex 70.2567 0.152522 2.4
    endloop
  endfacet
  facet normal 0.999037 -0.0438858 0
    outer loop
      vertex 70.2567 0.152522 0
      vertex 70.25 0 2.4
      vertex 70.25 0 0
    endloop
  endfacet
  facet normal -0.923702 -0.383113 0
    outer loop
      vertex 73.6445 0.598535 0
      vertex 73.586 0.739581 2.4
      vertex 73.586 0.739581 0
    endloop
  endfacet
  facet normal -0.923702 -0.383113 0
    outer loop
      vertex 73.586 0.739581 2.4
      vertex 73.6445 0.598535 0
      vertex 73.6445 0.598535 2.4
    endloop
  endfacet
  facet normal 0.953732 -0.300657 0
    outer loop
      vertex 70.3096 0.452933 2.4
      vertex 70.3555 0.598535 0
      vertex 70.3555 0.598535 2.4
    endloop
  endfacet
  facet normal 0.953732 -0.300657 0
    outer loop
      vertex 70.3555 0.598535 0
      vertex 70.3096 0.452933 2.4
      vertex 70.3096 0.452933 0
    endloop
  endfacet
  facet normal 0.130512 0.991447 -0
    outer loop
      vertex 71.8475 -1.74334 0
      vertex 71.6961 -1.72341 2.4
      vertex 71.8475 -1.74334 2.4
    endloop
  endfacet
  facet normal 0.130512 0.991447 0
    outer loop
      vertex 71.6961 -1.72341 2.4
      vertex 71.8475 -1.74334 0
      vertex 71.6961 -1.72341 0
    endloop
  endfacet
  facet normal 0.0436305 -0.999048 0
    outer loop
      vertex 71.8475 1.74334 0
      vertex 72 1.75 2.4
      vertex 71.8475 1.74334 2.4
    endloop
  endfacet
  facet normal 0.0436305 -0.999048 0
    outer loop
      vertex 72 1.75 2.4
      vertex 71.8475 1.74334 0
      vertex 72 1.75 0
    endloop
  endfacet
  facet normal 0.537138 0.843494 -0
    outer loop
      vertex 71.125 -1.51554 0
      vertex 70.9962 -1.43352 2.4
      vertex 71.125 -1.51554 2.4
    endloop
  endfacet
  facet normal 0.537138 0.843494 0
    outer loop
      vertex 70.9962 -1.43352 2.4
      vertex 71.125 -1.51554 0
      vertex 70.9962 -1.43352 0
    endloop
  endfacet
  facet normal 0.953732 0.300657 0
    outer loop
      vertex 70.3555 -0.598535 2.4
      vertex 70.3096 -0.452933 0
      vertex 70.3096 -0.452933 2.4
    endloop
  endfacet
  facet normal 0.953732 0.300657 0
    outer loop
      vertex 70.3096 -0.452933 0
      vertex 70.3555 -0.598535 2.4
      vertex 70.3555 -0.598535 0
    endloop
  endfacet
  facet normal 0.60883 0.7933 -0
    outer loop
      vertex 70.9962 -1.43352 0
      vertex 70.8751 -1.34058 2.4
      vertex 70.9962 -1.43352 2.4
    endloop
  endfacet
  facet normal 0.60883 0.7933 0
    outer loop
      vertex 70.8751 -1.34058 2.4
      vertex 70.9962 -1.43352 0
      vertex 70.8751 -1.34058 0
    endloop
  endfacet
  facet normal 0.537138 -0.843494 0
    outer loop
      vertex 70.9962 1.43352 0
      vertex 71.125 1.51554 2.4
      vertex 70.9962 1.43352 2.4
    endloop
  endfacet
  facet normal 0.537138 -0.843494 0
    outer loop
      vertex 71.125 1.51554 2.4
      vertex 70.9962 1.43352 0
      vertex 71.125 1.51554 0
    endloop
  endfacet
  facet normal -0.382541 -0.923939 0
    outer loop
      vertex 72.5985 1.64446 0
      vertex 72.7396 1.58604 2.4
      vertex 72.5985 1.64446 2.4
    endloop
  endfacet
  facet normal -0.382541 -0.923939 -0
    outer loop
      vertex 72.7396 1.58604 2.4
      vertex 72.5985 1.64446 0
      vertex 72.7396 1.58604 0
    endloop
  endfacet
  facet normal -0.737089 0.675796 0
    outer loop
      vertex 73.2374 -1.23744 0
      vertex 73.3406 -1.12488 2.4
      vertex 73.3406 -1.12488 0
    endloop
  endfacet
  facet normal -0.737089 0.675796 0
    outer loop
      vertex 73.3406 -1.12488 2.4
      vertex 73.2374 -1.23744 0
      vertex 73.2374 -1.23744 2.4
    endloop
  endfacet
  facet normal 0.976356 0.216169 0
    outer loop
      vertex 70.3096 -0.452933 2.4
      vertex 70.2766 -0.303884 0
      vertex 70.2766 -0.303884 2.4
    endloop
  endfacet
  facet normal 0.976356 0.216169 0
    outer loop
      vertex 70.2766 -0.303884 0
      vertex 70.3096 -0.452933 2.4
      vertex 70.3096 -0.452933 0
    endloop
  endfacet
  facet normal -0.793476 -0.608602 0
    outer loop
      vertex 73.4335 1.00376 0
      vertex 73.3406 1.12488 2.4
      vertex 73.3406 1.12488 0
    endloop
  endfacet
  facet normal -0.793476 -0.608602 0
    outer loop
      vertex 73.3406 1.12488 2.4
      vertex 73.4335 1.00376 0
      vertex 73.4335 1.00376 2.4
    endloop
  endfacet
  facet normal -0.675778 0.737105 0
    outer loop
      vertex 73.2374 -1.23744 0
      vertex 73.1249 -1.34058 2.4
      vertex 73.2374 -1.23744 2.4
    endloop
  endfacet
  facet normal -0.675778 0.737105 0
    outer loop
      vertex 73.1249 -1.34058 2.4
      vertex 73.2374 -1.23744 0
      vertex 73.1249 -1.34058 0
    endloop
  endfacet
  facet normal -0.976356 0.216169 0
    outer loop
      vertex 73.6904 -0.452933 0
      vertex 73.7234 -0.303884 2.4
      vertex 73.7234 -0.303884 0
    endloop
  endfacet
  facet normal -0.976356 0.216169 0
    outer loop
      vertex 73.7234 -0.303884 2.4
      vertex 73.6904 -0.452933 0
      vertex 73.6904 -0.452933 2.4
    endloop
  endfacet
  facet normal -0.793476 0.608602 0
    outer loop
      vertex 73.3406 -1.12488 0
      vertex 73.4335 -1.00376 2.4
      vertex 73.4335 -1.00376 0
    endloop
  endfacet
  facet normal -0.793476 0.608602 0
    outer loop
      vertex 73.4335 -1.00376 2.4
      vertex 73.3406 -1.12488 0
      vertex 73.3406 -1.12488 2.4
    endloop
  endfacet
  facet normal 0.675778 -0.737105 0
    outer loop
      vertex 70.7626 1.23744 0
      vertex 70.8751 1.34058 2.4
      vertex 70.7626 1.23744 2.4
    endloop
  endfacet
  facet normal 0.675778 -0.737105 0
    outer loop
      vertex 70.8751 1.34058 2.4
      vertex 70.7626 1.23744 0
      vertex 70.8751 1.34058 0
    endloop
  endfacet
  facet normal 0.300721 0.953712 -0
    outer loop
      vertex 71.5471 -1.69037 0
      vertex 71.4015 -1.64446 2.4
      vertex 71.5471 -1.69037 2.4
    endloop
  endfacet
  facet normal 0.300721 0.953712 0
    outer loop
      vertex 71.4015 -1.64446 2.4
      vertex 71.5471 -1.69037 0
      vertex 71.4015 -1.64446 0
    endloop
  endfacet
  facet normal 0.300721 -0.953712 0
    outer loop
      vertex 71.4015 1.64446 0
      vertex 71.5471 1.69037 2.4
      vertex 71.4015 1.64446 2.4
    endloop
  endfacet
  facet normal 0.300721 -0.953712 0
    outer loop
      vertex 71.5471 1.69037 2.4
      vertex 71.4015 1.64446 0
      vertex 71.5471 1.69037 0
    endloop
  endfacet
  facet normal 0.60883 -0.7933 0
    outer loop
      vertex 70.8751 1.34058 0
      vertex 70.9962 1.43352 2.4
      vertex 70.8751 1.34058 2.4
    endloop
  endfacet
  facet normal 0.60883 -0.7933 0
    outer loop
      vertex 70.9962 1.43352 2.4
      vertex 70.8751 1.34058 0
      vertex 70.9962 1.43352 0
    endloop
  endfacet
  facet normal 0.461827 0.88697 -0
    outer loop
      vertex 71.2604 -1.58604 0
      vertex 71.125 -1.51554 2.4
      vertex 71.2604 -1.58604 2.4
    endloop
  endfacet
  facet normal 0.461827 0.88697 0
    outer loop
      vertex 71.125 -1.51554 2.4
      vertex 71.2604 -1.58604 0
      vertex 71.125 -1.51554 0
    endloop
  endfacet
  facet normal -0.991468 0.130351 0
    outer loop
      vertex 73.7234 -0.303884 0
      vertex 73.7433 -0.152522 2.4
      vertex 73.7433 -0.152522 0
    endloop
  endfacet
  facet normal -0.991468 0.130351 0
    outer loop
      vertex 73.7433 -0.152522 2.4
      vertex 73.7234 -0.303884 0
      vertex 73.7234 -0.303884 2.4
    endloop
  endfacet
  facet normal -0.300721 -0.953712 0
    outer loop
      vertex 72.4529 1.69037 0
      vertex 72.5985 1.64446 2.4
      vertex 72.4529 1.69037 2.4
    endloop
  endfacet
  facet normal -0.300721 -0.953712 -0
    outer loop
      vertex 72.5985 1.64446 2.4
      vertex 72.4529 1.69037 0
      vertex 72.5985 1.64446 0
    endloop
  endfacet
  facet normal 0.382541 -0.923939 0
    outer loop
      vertex 71.2604 1.58604 0
      vertex 71.4015 1.64446 2.4
      vertex 71.2604 1.58604 2.4
    endloop
  endfacet
  facet normal 0.382541 -0.923939 0
    outer loop
      vertex 71.4015 1.64446 2.4
      vertex 71.2604 1.58604 0
      vertex 71.4015 1.64446 0
    endloop
  endfacet
  facet normal -0.923702 0.383113 0
    outer loop
      vertex 73.586 -0.739581 0
      vertex 73.6445 -0.598535 2.4
      vertex 73.6445 -0.598535 0
    endloop
  endfacet
  facet normal -0.923702 0.383113 0
    outer loop
      vertex 73.6445 -0.598535 2.4
      vertex 73.586 -0.739581 0
      vertex 73.586 -0.739581 2.4
    endloop
  endfacet
  facet normal -0.843478 0.537164 0
    outer loop
      vertex 73.4335 -1.00376 0
      vertex 73.5155 -0.875 2.4
      vertex 73.5155 -0.875 0
    endloop
  endfacet
  facet normal -0.843478 0.537164 0
    outer loop
      vertex 73.5155 -0.875 2.4
      vertex 73.4335 -1.00376 0
      vertex 73.4335 -1.00376 2.4
    endloop
  endfacet
  facet normal -0.537138 -0.843494 0
    outer loop
      vertex 72.875 1.51554 0
      vertex 73.0038 1.43352 2.4
      vertex 72.875 1.51554 2.4
    endloop
  endfacet
  facet normal -0.537138 -0.843494 -0
    outer loop
      vertex 73.0038 1.43352 2.4
      vertex 72.875 1.51554 0
      vertex 73.0038 1.43352 0
    endloop
  endfacet
  facet normal 0.991468 -0.130351 0
    outer loop
      vertex 70.2567 0.152522 2.4
      vertex 70.2766 0.303884 0
      vertex 70.2766 0.303884 2.4
    endloop
  endfacet
  facet normal 0.991468 -0.130351 0
    outer loop
      vertex 70.2766 0.303884 0
      vertex 70.2567 0.152522 2.4
      vertex 70.2567 0.152522 0
    endloop
  endfacet
  facet normal -0.537138 0.843494 0
    outer loop
      vertex 73.0038 -1.43352 0
      vertex 72.875 -1.51554 2.4
      vertex 73.0038 -1.43352 2.4
    endloop
  endfacet
  facet normal -0.537138 0.843494 0
    outer loop
      vertex 72.875 -1.51554 2.4
      vertex 73.0038 -1.43352 0
      vertex 72.875 -1.51554 0
    endloop
  endfacet
  facet normal 0.976356 -0.216169 0
    outer loop
      vertex 70.2766 0.303884 2.4
      vertex 70.3096 0.452933 0
      vertex 70.3096 0.452933 2.4
    endloop
  endfacet
  facet normal 0.976356 -0.216169 0
    outer loop
      vertex 70.3096 0.452933 0
      vertex 70.2766 0.303884 2.4
      vertex 70.2766 0.303884 0
    endloop
  endfacet
  facet normal 0.737089 0.675796 0
    outer loop
      vertex 70.7626 -1.23744 2.4
      vertex 70.6594 -1.12488 0
      vertex 70.6594 -1.12488 2.4
    endloop
  endfacet
  facet normal 0.737089 0.675796 0
    outer loop
      vertex 70.6594 -1.12488 0
      vertex 70.7626 -1.23744 2.4
      vertex 70.7626 -1.23744 0
    endloop
  endfacet
  facet normal -0.216486 -0.976286 0
    outer loop
      vertex 72.3039 1.72341 0
      vertex 72.4529 1.69037 2.4
      vertex 72.3039 1.72341 2.4
    endloop
  endfacet
  facet normal -0.216486 -0.976286 -0
    outer loop
      vertex 72.4529 1.69037 2.4
      vertex 72.3039 1.72341 0
      vertex 72.4529 1.69037 0
    endloop
  endfacet
  facet normal 0.886997 0.461776 0
    outer loop
      vertex 70.4845 -0.875 2.4
      vertex 70.414 -0.739581 0
      vertex 70.414 -0.739581 2.4
    endloop
  endfacet
  facet normal 0.886997 0.461776 0
    outer loop
      vertex 70.414 -0.739581 0
      vertex 70.4845 -0.875 2.4
      vertex 70.4845 -0.875 0
    endloop
  endfacet
  facet normal -0.60883 -0.7933 0
    outer loop
      vertex 73.0038 1.43352 0
      vertex 73.1249 1.34058 2.4
      vertex 73.0038 1.43352 2.4
    endloop
  endfacet
  facet normal -0.60883 -0.7933 -0
    outer loop
      vertex 73.1249 1.34058 2.4
      vertex 73.0038 1.43352 0
      vertex 73.1249 1.34058 0
    endloop
  endfacet
  facet normal -0.953732 -0.300657 0
    outer loop
      vertex 73.6904 0.452933 0
      vertex 73.6445 0.598535 2.4
      vertex 73.6445 0.598535 0
    endloop
  endfacet
  facet normal -0.953732 -0.300657 0
    outer loop
      vertex 73.6445 0.598535 2.4
      vertex 73.6904 0.452933 0
      vertex 73.6904 0.452933 2.4
    endloop
  endfacet
  facet normal -0.130512 0.991447 0
    outer loop
      vertex 72.3039 -1.72341 0
      vertex 72.1525 -1.74334 2.4
      vertex 72.3039 -1.72341 2.4
    endloop
  endfacet
  facet normal -0.130512 0.991447 0
    outer loop
      vertex 72.1525 -1.74334 2.4
      vertex 72.3039 -1.72341 0
      vertex 72.1525 -1.74334 0
    endloop
  endfacet
  facet normal -0.675778 -0.737105 0
    outer loop
      vertex 73.1249 1.34058 0
      vertex 73.2374 1.23744 2.4
      vertex 73.1249 1.34058 2.4
    endloop
  endfacet
  facet normal -0.675778 -0.737105 -0
    outer loop
      vertex 73.2374 1.23744 2.4
      vertex 73.1249 1.34058 0
      vertex 73.2374 1.23744 0
    endloop
  endfacet
  facet normal -0.216486 0.976286 0
    outer loop
      vertex 72.4529 -1.69037 0
      vertex 72.3039 -1.72341 2.4
      vertex 72.4529 -1.69037 2.4
    endloop
  endfacet
  facet normal -0.216486 0.976286 0
    outer loop
      vertex 72.3039 -1.72341 2.4
      vertex 72.4529 -1.69037 0
      vertex 72.3039 -1.72341 0
    endloop
  endfacet
  facet normal 0.0436305 0.999048 -0
    outer loop
      vertex 72 -1.75 0
      vertex 71.8475 -1.74334 2.4
      vertex 72 -1.75 2.4
    endloop
  endfacet
  facet normal 0.0436305 0.999048 0
    outer loop
      vertex 71.8475 -1.74334 2.4
      vertex 72 -1.75 0
      vertex 71.8475 -1.74334 0
    endloop
  endfacet
  facet normal -0.461827 -0.88697 0
    outer loop
      vertex 72.7396 1.58604 0
      vertex 72.875 1.51554 2.4
      vertex 72.7396 1.58604 2.4
    endloop
  endfacet
  facet normal -0.461827 -0.88697 -0
    outer loop
      vertex 72.875 1.51554 2.4
      vertex 72.7396 1.58604 0
      vertex 72.875 1.51554 0
    endloop
  endfacet
  facet normal -0.382541 0.923939 0
    outer loop
      vertex 72.7396 -1.58604 0
      vertex 72.5985 -1.64446 2.4
      vertex 72.7396 -1.58604 2.4
    endloop
  endfacet
  facet normal -0.382541 0.923939 0
    outer loop
      vertex 72.5985 -1.64446 2.4
      vertex 72.7396 -1.58604 0
      vertex 72.5985 -1.64446 0
    endloop
  endfacet
  facet normal 0.843478 0.537164 0
    outer loop
      vertex 70.5665 -1.00376 2.4
      vertex 70.4845 -0.875 0
      vertex 70.4845 -0.875 2.4
    endloop
  endfacet
  facet normal 0.843478 0.537164 0
    outer loop
      vertex 70.4845 -0.875 0
      vertex 70.5665 -1.00376 2.4
      vertex 70.5665 -1.00376 0
    endloop
  endfacet
  facet normal 0.923702 0.383113 0
    outer loop
      vertex 70.414 -0.739581 2.4
      vertex 70.3555 -0.598535 0
      vertex 70.3555 -0.598535 2.4
    endloop
  endfacet
  facet normal 0.923702 0.383113 0
    outer loop
      vertex 70.3555 -0.598535 0
      vertex 70.414 -0.739581 2.4
      vertex 70.414 -0.739581 0
    endloop
  endfacet
  facet normal -0.886997 0.461776 0
    outer loop
      vertex 73.5155 -0.875 0
      vertex 73.586 -0.739581 2.4
      vertex 73.586 -0.739581 0
    endloop
  endfacet
  facet normal -0.886997 0.461776 0
    outer loop
      vertex 73.586 -0.739581 2.4
      vertex 73.5155 -0.875 0
      vertex 73.5155 -0.875 2.4
    endloop
  endfacet
  facet normal -0.953732 0.300657 0
    outer loop
      vertex 73.6445 -0.598535 0
      vertex 73.6904 -0.452933 2.4
      vertex 73.6904 -0.452933 0
    endloop
  endfacet
  facet normal -0.953732 0.300657 0
    outer loop
      vertex 73.6904 -0.452933 2.4
      vertex 73.6445 -0.598535 0
      vertex 73.6445 -0.598535 2.4
    endloop
  endfacet
  facet normal -0.0436305 0.999048 0
    outer loop
      vertex 72.1525 -1.74334 0
      vertex 72 -1.75 2.4
      vertex 72.1525 -1.74334 2.4
    endloop
  endfacet
  facet normal -0.0436305 0.999048 0
    outer loop
      vertex 72 -1.75 2.4
      vertex 72.1525 -1.74334 0
      vertex 72 -1.75 0
    endloop
  endfacet
  facet normal 0.382541 0.923939 -0
    outer loop
      vertex 71.4015 -1.64446 0
      vertex 71.2604 -1.58604 2.4
      vertex 71.4015 -1.64446 2.4
    endloop
  endfacet
  facet normal 0.382541 0.923939 0
    outer loop
      vertex 71.2604 -1.58604 2.4
      vertex 71.4015 -1.64446 0
      vertex 71.2604 -1.58604 0
    endloop
  endfacet
  facet normal -0.999037 0.0438858 0
    outer loop
      vertex 73.7433 -0.152522 0
      vertex 73.75 0 2.4
      vertex 73.75 0 0
    endloop
  endfacet
  facet normal -0.999037 0.0438858 0
    outer loop
      vertex 73.75 0 2.4
      vertex 73.7433 -0.152522 0
      vertex 73.7433 -0.152522 2.4
    endloop
  endfacet
  facet normal -0.886997 -0.461776 0
    outer loop
      vertex 73.586 0.739581 0
      vertex 73.5155 0.875 2.4
      vertex 73.5155 0.875 0
    endloop
  endfacet
  facet normal -0.886997 -0.461776 0
    outer loop
      vertex 73.5155 0.875 2.4
      vertex 73.586 0.739581 0
      vertex 73.586 0.739581 2.4
    endloop
  endfacet
  facet normal -0.461827 0.88697 0
    outer loop
      vertex 72.875 -1.51554 0
      vertex 72.7396 -1.58604 2.4
      vertex 72.875 -1.51554 2.4
    endloop
  endfacet
  facet normal -0.461827 0.88697 0
    outer loop
      vertex 72.7396 -1.58604 2.4
      vertex 72.875 -1.51554 0
      vertex 72.7396 -1.58604 0
    endloop
  endfacet
  facet normal 0.923702 -0.383113 0
    outer loop
      vertex 70.3555 0.598535 2.4
      vertex 70.414 0.739581 0
      vertex 70.414 0.739581 2.4
    endloop
  endfacet
  facet normal 0.923702 -0.383113 0
    outer loop
      vertex 70.414 0.739581 0
      vertex 70.3555 0.598535 2.4
      vertex 70.3555 0.598535 0
    endloop
  endfacet
  facet normal 0.216486 0.976286 -0
    outer loop
      vertex 71.6961 -1.72341 0
      vertex 71.5471 -1.69037 2.4
      vertex 71.6961 -1.72341 2.4
    endloop
  endfacet
  facet normal 0.216486 0.976286 0
    outer loop
      vertex 71.5471 -1.69037 2.4
      vertex 71.6961 -1.72341 0
      vertex 71.5471 -1.69037 0
    endloop
  endfacet
  facet normal 0.130512 -0.991447 0
    outer loop
      vertex 71.6961 1.72341 0
      vertex 71.8475 1.74334 2.4
      vertex 71.6961 1.72341 2.4
    endloop
  endfacet
  facet normal 0.130512 -0.991447 0
    outer loop
      vertex 71.8475 1.74334 2.4
      vertex 71.6961 1.72341 0
      vertex 71.8475 1.74334 0
    endloop
  endfacet
  facet normal 0.216486 -0.976286 0
    outer loop
      vertex 71.5471 1.69037 0
      vertex 71.6961 1.72341 2.4
      vertex 71.5471 1.69037 2.4
    endloop
  endfacet
  facet normal 0.216486 -0.976286 0
    outer loop
      vertex 71.6961 1.72341 2.4
      vertex 71.5471 1.69037 0
      vertex 71.6961 1.72341 0
    endloop
  endfacet
  facet normal -0.130512 -0.991447 0
    outer loop
      vertex 72.1525 1.74334 0
      vertex 72.3039 1.72341 2.4
      vertex 72.1525 1.74334 2.4
    endloop
  endfacet
  facet normal -0.130512 -0.991447 -0
    outer loop
      vertex 72.3039 1.72341 2.4
      vertex 72.1525 1.74334 0
      vertex 72.3039 1.72341 0
    endloop
  endfacet
  facet normal 0.793476 0.608602 0
    outer loop
      vertex 70.6594 -1.12488 2.4
      vertex 70.5665 -1.00376 0
      vertex 70.5665 -1.00376 2.4
    endloop
  endfacet
  facet normal 0.793476 0.608602 0
    outer loop
      vertex 70.5665 -1.00376 0
      vertex 70.6594 -1.12488 2.4
      vertex 70.6594 -1.12488 0
    endloop
  endfacet
  facet normal 0.991468 0.130351 0
    outer loop
      vertex 70.2766 -0.303884 2.4
      vertex 70.2567 -0.152522 0
      vertex 70.2567 -0.152522 2.4
    endloop
  endfacet
  facet normal 0.991468 0.130351 0
    outer loop
      vertex 70.2567 -0.152522 0
      vertex 70.2766 -0.303884 2.4
      vertex 70.2766 -0.303884 0
    endloop
  endfacet
  facet normal 0.737089 -0.675796 0
    outer loop
      vertex 70.6594 1.12488 2.4
      vertex 70.7626 1.23744 0
      vertex 70.7626 1.23744 2.4
    endloop
  endfacet
  facet normal 0.737089 -0.675796 0
    outer loop
      vertex 70.7626 1.23744 0
      vertex 70.6594 1.12488 2.4
      vertex 70.6594 1.12488 0
    endloop
  endfacet
  facet normal -0.0436305 -0.999048 0
    outer loop
      vertex 72 1.75 0
      vertex 72.1525 1.74334 2.4
      vertex 72 1.75 2.4
    endloop
  endfacet
  facet normal -0.0436305 -0.999048 -0
    outer loop
      vertex 72.1525 1.74334 2.4
      vertex 72 1.75 0
      vertex 72.1525 1.74334 0
    endloop
  endfacet
  facet normal -0.300721 0.953712 0
    outer loop
      vertex 72.5985 -1.64446 0
      vertex 72.4529 -1.69037 2.4
      vertex 72.5985 -1.64446 2.4
    endloop
  endfacet
  facet normal -0.300721 0.953712 0
    outer loop
      vertex 72.4529 -1.69037 2.4
      vertex 72.5985 -1.64446 0
      vertex 72.4529 -1.69037 0
    endloop
  endfacet
  facet normal -0.60883 0.7933 0
    outer loop
      vertex 73.1249 -1.34058 0
      vertex 73.0038 -1.43352 2.4
      vertex 73.1249 -1.34058 2.4
    endloop
  endfacet
  facet normal -0.60883 0.7933 0
    outer loop
      vertex 73.0038 -1.43352 2.4
      vertex 73.1249 -1.34058 0
      vertex 73.0038 -1.43352 0
    endloop
  endfacet
  facet normal 0.886997 -0.461776 0
    outer loop
      vertex 70.414 0.739581 2.4
      vertex 70.4845 0.875 0
      vertex 70.4845 0.875 2.4
    endloop
  endfacet
  facet normal 0.886997 -0.461776 0
    outer loop
      vertex 70.4845 0.875 0
      vertex 70.414 0.739581 2.4
      vertex 70.414 0.739581 0
    endloop
  endfacet
  facet normal 0.675778 0.737105 -0
    outer loop
      vertex 70.8751 -1.34058 0
      vertex 70.7626 -1.23744 2.4
      vertex 70.8751 -1.34058 2.4
    endloop
  endfacet
  facet normal 0.675778 0.737105 0
    outer loop
      vertex 70.7626 -1.23744 2.4
      vertex 70.8751 -1.34058 0
      vertex 70.7626 -1.23744 0
    endloop
  endfacet
  facet normal 0.793476 -0.608602 0
    outer loop
      vertex 70.5665 1.00376 2.4
      vertex 70.6594 1.12488 0
      vertex 70.6594 1.12488 2.4
    endloop
  endfacet
  facet normal 0.793476 -0.608602 0
    outer loop
      vertex 70.6594 1.12488 0
      vertex 70.5665 1.00376 2.4
      vertex 70.5665 1.00376 0
    endloop
  endfacet
  facet normal -0.737089 -0.675796 0
    outer loop
      vertex 73.3406 1.12488 0
      vertex 73.2374 1.23744 2.4
      vertex 73.2374 1.23744 0
    endloop
  endfacet
  facet normal -0.737089 -0.675796 0
    outer loop
      vertex 73.2374 1.23744 2.4
      vertex 73.3406 1.12488 0
      vertex 73.3406 1.12488 2.4
    endloop
  endfacet
  facet normal 0.843478 -0.537164 0
    outer loop
      vertex 70.4845 0.875 2.4
      vertex 70.5665 1.00376 0
      vertex 70.5665 1.00376 2.4
    endloop
  endfacet
  facet normal 0.843478 -0.537164 0
    outer loop
      vertex 70.5665 1.00376 0
      vertex 70.4845 0.875 2.4
      vertex 70.4845 0.875 0
    endloop
  endfacet
  facet normal 0.999037 0.0438858 0
    outer loop
      vertex 70.2567 -0.152522 2.4
      vertex 70.25 0 0
      vertex 70.25 0 2.4
    endloop
  endfacet
  facet normal 0.999037 0.0438858 0
    outer loop
      vertex 70.25 0 0
      vertex 70.2567 -0.152522 2.4
      vertex 70.2567 -0.152522 0
    endloop
  endfacet
  facet normal -0.991461 -0.130404 0
    outer loop
      vertex 37.7433 62.5064 0
      vertex 37.7234 62.6577 2.4
      vertex 37.7234 62.6577 0
    endloop
  endfacet
  facet normal -0.991461 -0.130404 0
    outer loop
      vertex 37.7234 62.6577 2.4
      vertex 37.7433 62.5064 0
      vertex 37.7433 62.5064 2.4
    endloop
  endfacet
  facet normal -0.999038 -0.0438634 0
    outer loop
      vertex 37.75 62.3538 0
      vertex 37.7433 62.5064 2.4
      vertex 37.7433 62.5064 0
    endloop
  endfacet
  facet normal -0.999038 -0.0438634 0
    outer loop
      vertex 37.7433 62.5064 2.4
      vertex 37.75 62.3538 0
      vertex 37.75 62.3538 2.4
    endloop
  endfacet
  facet normal -0.976372 -0.216098 0
    outer loop
      vertex 37.7234 62.6577 0
      vertex 37.6904 62.8068 2.4
      vertex 37.6904 62.8068 0
    endloop
  endfacet
  facet normal -0.976372 -0.216098 0
    outer loop
      vertex 37.6904 62.8068 2.4
      vertex 37.7234 62.6577 0
      vertex 37.7234 62.6577 2.4
    endloop
  endfacet
  facet normal 0.382429 -0.923985 0
    outer loop
      vertex 35.2604 63.9399 0
      vertex 35.4015 63.9983 2.4
      vertex 35.2604 63.9399 2.4
    endloop
  endfacet
  facet normal 0.382429 -0.923985 0
    outer loop
      vertex 35.4015 63.9983 2.4
      vertex 35.2604 63.9399 0
      vertex 35.4015 63.9983 0
    endloop
  endfacet
  facet normal -0.843554 -0.537045 0
    outer loop
      vertex 37.5155 63.2288 0
      vertex 37.4335 63.3576 2.4
      vertex 37.4335 63.3576 0
    endloop
  endfacet
  facet normal -0.843554 -0.537045 0
    outer loop
      vertex 37.4335 63.3576 2.4
      vertex 37.5155 63.2288 0
      vertex 37.5155 63.2288 2.4
    endloop
  endfacet
  facet normal 0.608665 -0.793427 0
    outer loop
      vertex 34.8751 63.6944 0
      vertex 34.9962 63.7873 2.4
      vertex 34.8751 63.6944 2.4
    endloop
  endfacet
  facet normal 0.608665 -0.793427 0
    outer loop
      vertex 34.9962 63.7873 2.4
      vertex 34.8751 63.6944 0
      vertex 34.9962 63.7873 0
    endloop
  endfacet
  facet normal -0.537045 0.843554 0
    outer loop
      vertex 37.0038 60.9203 0
      vertex 36.875 60.8383 2.4
      vertex 37.0038 60.9203 2.4
    endloop
  endfacet
  facet normal -0.537045 0.843554 0
    outer loop
      vertex 36.875 60.8383 2.4
      vertex 37.0038 60.9203 0
      vertex 36.875 60.8383 0
    endloop
  endfacet
  facet normal 0.216861 0.976202 -0
    outer loop
      vertex 35.6961 60.6304 0
      vertex 35.5471 60.6635 2.4
      vertex 35.6961 60.6304 2.4
    endloop
  endfacet
  facet normal 0.216861 0.976202 0
    outer loop
      vertex 35.5471 60.6635 2.4
      vertex 35.6961 60.6304 0
      vertex 35.5471 60.6635 0
    endloop
  endfacet
  facet normal -0.923657 -0.38322 0
    outer loop
      vertex 37.6445 62.9524 0
      vertex 37.586 63.0934 2.4
      vertex 37.586 63.0934 0
    endloop
  endfacet
  facet normal -0.923657 -0.38322 0
    outer loop
      vertex 37.586 63.0934 2.4
      vertex 37.6445 62.9524 0
      vertex 37.6445 62.9524 2.4
    endloop
  endfacet
  facet normal -0.923753 0.382988 0
    outer loop
      vertex 37.586 61.6142 0
      vertex 37.6445 61.7553 2.4
      vertex 37.6445 61.7553 0
    endloop
  endfacet
  facet normal -0.923753 0.382988 0
    outer loop
      vertex 37.6445 61.7553 2.4
      vertex 37.586 61.6142 0
      vertex 37.586 61.6142 2.4
    endloop
  endfacet
  facet normal -0.88697 0.461827 0
    outer loop
      vertex 37.5155 61.4788 0
      vertex 37.586 61.6142 2.4
      vertex 37.586 61.6142 0
    endloop
  endfacet
  facet normal -0.88697 0.461827 0
    outer loop
      vertex 37.586 61.6142 2.4
      vertex 37.5155 61.4788 0
      vertex 37.5155 61.4788 2.4
    endloop
  endfacet
  facet normal 0.953731 0.300661 0
    outer loop
      vertex 34.3555 61.7553 2.4
      vertex 34.3096 61.9009 0
      vertex 34.3096 61.9009 2.4
    endloop
  endfacet
  facet normal 0.953731 0.300661 0
    outer loop
      vertex 34.3096 61.9009 0
      vertex 34.3555 61.7553 2.4
      vertex 34.3555 61.7553 0
    endloop
  endfacet
  facet normal 0.609078 0.793111 -0
    outer loop
      vertex 34.9962 60.9203 0
      vertex 34.8751 61.0133 2.4
      vertex 34.9962 60.9203 2.4
    endloop
  endfacet
  facet normal 0.609078 0.793111 0
    outer loop
      vertex 34.8751 61.0133 2.4
      vertex 34.9962 60.9203 0
      vertex 34.8751 61.0133 0
    endloop
  endfacet
  facet normal 0.976341 0.216237 0
    outer loop
      vertex 34.3096 61.9009 2.4
      vertex 34.2766 62.0499 0
      vertex 34.2766 62.0499 2.4
    endloop
  endfacet
  facet normal 0.976341 0.216237 0
    outer loop
      vertex 34.2766 62.0499 0
      vertex 34.3096 61.9009 2.4
      vertex 34.3096 61.9009 0
    endloop
  endfacet
  facet normal -0.675636 0.737236 0
    outer loop
      vertex 37.2374 61.1164 0
      vertex 37.1249 61.0133 2.4
      vertex 37.2374 61.1164 2.4
    endloop
  endfacet
  facet normal -0.675636 0.737236 0
    outer loop
      vertex 37.1249 61.0133 2.4
      vertex 37.2374 61.1164 0
      vertex 37.1249 61.0133 0
    endloop
  endfacet
  facet normal -0.976341 0.216237 0
    outer loop
      vertex 37.6904 61.9009 0
      vertex 37.7234 62.0499 2.4
      vertex 37.7234 62.0499 0
    endloop
  endfacet
  facet normal -0.976341 0.216237 0
    outer loop
      vertex 37.7234 62.0499 2.4
      vertex 37.6904 61.9009 0
      vertex 37.6904 61.9009 2.4
    endloop
  endfacet
  facet normal 0.300661 0.953731 -0
    outer loop
      vertex 35.5471 60.6635 0
      vertex 35.4015 60.7094 2.4
      vertex 35.5471 60.6635 2.4
    endloop
  endfacet
  facet normal 0.300661 0.953731 0
    outer loop
      vertex 35.4015 60.7094 2.4
      vertex 35.5471 60.6635 0
      vertex 35.4015 60.7094 0
    endloop
  endfacet
  facet normal 0.300661 -0.953731 0
    outer loop
      vertex 35.4015 63.9983 0
      vertex 35.5471 64.0442 2.4
      vertex 35.4015 63.9983 2.4
    endloop
  endfacet
  facet normal 0.300661 -0.953731 0
    outer loop
      vertex 35.5471 64.0442 2.4
      vertex 35.4015 63.9983 0
      vertex 35.5471 64.0442 0
    endloop
  endfacet
  facet normal 0.537511 -0.843257 0
    outer loop
      vertex 34.9962 63.7873 0
      vertex 35.125 63.8694 2.4
      vertex 34.9962 63.7873 2.4
    endloop
  endfacet
  facet normal 0.537511 -0.843257 0
    outer loop
      vertex 35.125 63.8694 2.4
      vertex 34.9962 63.7873 0
      vertex 35.125 63.8694 0
    endloop
  endfacet
  facet normal 0.737208 -0.675665 0
    outer loop
      vertex 34.6594 63.4787 2.4
      vertex 34.7626 63.5913 0
      vertex 34.7626 63.5913 2.4
    endloop
  endfacet
  facet normal 0.737208 -0.675665 0
    outer loop
      vertex 34.7626 63.5913 0
      vertex 34.6594 63.4787 2.4
      vertex 34.6594 63.4787 0
    endloop
  endfacet
  facet normal 0.976372 -0.216098 0
    outer loop
      vertex 34.2766 62.6577 2.4
      vertex 34.3096 62.8068 0
      vertex 34.3096 62.8068 2.4
    endloop
  endfacet
  facet normal 0.976372 -0.216098 0
    outer loop
      vertex 34.3096 62.8068 0
      vertex 34.2766 62.6577 2.4
      vertex 34.2766 62.6577 0
    endloop
  endfacet
  facet normal 0.461827 0.88697 -0
    outer loop
      vertex 35.2604 60.7678 0
      vertex 35.125 60.8383 2.4
      vertex 35.2604 60.7678 2.4
    endloop
  endfacet
  facet normal 0.461827 0.88697 0
    outer loop
      vertex 35.125 60.8383 2.4
      vertex 35.2604 60.7678 0
      vertex 35.125 60.8383 0
    endloop
  endfacet
  facet normal 0.991461 -0.130404 0
    outer loop
      vertex 34.2567 62.5064 2.4
      vertex 34.2766 62.6577 0
      vertex 34.2766 62.6577 2.4
    endloop
  endfacet
  facet normal 0.991461 -0.130404 0
    outer loop
      vertex 34.2766 62.6577 0
      vertex 34.2567 62.5064 2.4
      vertex 34.2567 62.5064 0
    endloop
  endfacet
  facet normal -0.737208 0.675665 0
    outer loop
      vertex 37.2374 61.1164 0
      vertex 37.3406 61.229 2.4
      vertex 37.3406 61.229 0
    endloop
  endfacet
  facet normal -0.737208 0.675665 0
    outer loop
      vertex 37.3406 61.229 2.4
      vertex 37.2374 61.1164 0
      vertex 37.2374 61.1164 2.4
    endloop
  endfacet
  facet normal -0.537511 -0.843257 0
    outer loop
      vertex 36.875 63.8694 0
      vertex 37.0038 63.7873 2.4
      vertex 36.875 63.8694 2.4
    endloop
  endfacet
  facet normal -0.537511 -0.843257 -0
    outer loop
      vertex 37.0038 63.7873 2.4
      vertex 36.875 63.8694 0
      vertex 37.0038 63.7873 0
    endloop
  endfacet
  facet normal 0.537045 0.843554 -0
    outer loop
      vertex 35.125 60.8383 0
      vertex 34.9962 60.9203 2.4
      vertex 35.125 60.8383 2.4
    endloop
  endfacet
  facet normal 0.537045 0.843554 0
    outer loop
      vertex 34.9962 60.9203 2.4
      vertex 35.125 60.8383 0
      vertex 34.9962 60.9203 0
    endloop
  endfacet
  facet normal -0.793427 -0.608665 0
    outer loop
      vertex 37.4335 63.3576 0
      vertex 37.3406 63.4787 2.4
      vertex 37.3406 63.4787 0
    endloop
  endfacet
  facet normal -0.793427 -0.608665 0
    outer loop
      vertex 37.3406 63.4787 2.4
      vertex 37.4335 63.3576 0
      vertex 37.4335 63.3576 2.4
    endloop
  endfacet
  facet normal -0.130963 -0.991387 0
    outer loop
      vertex 36.1525 64.0972 0
      vertex 36.3039 64.0772 2.4
      vertex 36.1525 64.0972 2.4
    endloop
  endfacet
  facet normal -0.130963 -0.991387 -0
    outer loop
      vertex 36.3039 64.0772 2.4
      vertex 36.1525 64.0972 0
      vertex 36.3039 64.0772 0
    endloop
  endfacet
  facet normal -0.793427 0.608665 0
    outer loop
      vertex 37.3406 61.229 0
      vertex 37.4335 61.3501 2.4
      vertex 37.4335 61.3501 0
    endloop
  endfacet
  facet normal -0.793427 0.608665 0
    outer loop
      vertex 37.4335 61.3501 2.4
      vertex 37.3406 61.229 0
      vertex 37.3406 61.229 2.4
    endloop
  endfacet
  facet normal 0.88697 0.461827 0
    outer loop
      vertex 34.4845 61.4788 2.4
      vertex 34.414 61.6142 0
      vertex 34.414 61.6142 2.4
    endloop
  endfacet
  facet normal 0.88697 0.461827 0
    outer loop
      vertex 34.414 61.6142 0
      vertex 34.4845 61.4788 2.4
      vertex 34.4845 61.4788 0
    endloop
  endfacet
  facet normal 0.382429 0.923985 -0
    outer loop
      vertex 35.4015 60.7094 0
      vertex 35.2604 60.7678 2.4
      vertex 35.4015 60.7094 2.4
    endloop
  endfacet
  facet normal 0.382429 0.923985 0
    outer loop
      vertex 35.2604 60.7678 2.4
      vertex 35.4015 60.7094 0
      vertex 35.2604 60.7678 0
    endloop
  endfacet
  facet normal -0.608665 -0.793427 0
    outer loop
      vertex 37.0038 63.7873 0
      vertex 37.1249 63.6944 2.4
      vertex 37.0038 63.7873 2.4
    endloop
  endfacet
  facet normal -0.608665 -0.793427 -0
    outer loop
      vertex 37.1249 63.6944 2.4
      vertex 37.0038 63.7873 0
      vertex 37.1249 63.6944 0
    endloop
  endfacet
  facet normal 0.675636 -0.737236 0
    outer loop
      vertex 34.7626 63.5913 0
      vertex 34.8751 63.6944 2.4
      vertex 34.7626 63.5913 2.4
    endloop
  endfacet
  facet normal 0.675636 -0.737236 0
    outer loop
      vertex 34.8751 63.6944 2.4
      vertex 34.7626 63.5913 0
      vertex 34.8751 63.6944 0
    endloop
  endfacet
  facet normal -0.0432382 -0.999065 0
    outer loop
      vertex 36 64.1038 0
      vertex 36.1525 64.0972 2.4
      vertex 36 64.1038 2.4
    endloop
  endfacet
  facet normal -0.0432382 -0.999065 -0
    outer loop
      vertex 36.1525 64.0972 2.4
      vertex 36 64.1038 0
      vertex 36.1525 64.0972 0
    endloop
  endfacet
  facet normal -0.461827 -0.88697 0
    outer loop
      vertex 36.7396 63.9399 0
      vertex 36.875 63.8694 2.4
      vertex 36.7396 63.9399 2.4
    endloop
  endfacet
  facet normal -0.461827 -0.88697 -0
    outer loop
      vertex 36.875 63.8694 2.4
      vertex 36.7396 63.9399 0
      vertex 36.875 63.8694 0
    endloop
  endfacet
  facet normal -0.953731 -0.300661 0
    outer loop
      vertex 37.6904 62.8068 0
      vertex 37.6445 62.9524 2.4
      vertex 37.6445 62.9524 0
    endloop
  endfacet
  facet normal -0.953731 -0.300661 0
    outer loop
      vertex 37.6445 62.9524 2.4
      vertex 37.6904 62.8068 0
      vertex 37.6904 62.8068 2.4
    endloop
  endfacet
  facet normal -0.130319 0.991472 0
    outer loop
      vertex 36.3039 60.6304 0
      vertex 36.1525 60.6105 2.4
      vertex 36.3039 60.6304 2.4
    endloop
  endfacet
  facet normal -0.130319 0.991472 0
    outer loop
      vertex 36.1525 60.6105 2.4
      vertex 36.3039 60.6304 0
      vertex 36.1525 60.6105 0
    endloop
  endfacet
  facet normal -0.216861 0.976202 0
    outer loop
      vertex 36.4529 60.6635 0
      vertex 36.3039 60.6304 2.4
      vertex 36.4529 60.6635 2.4
    endloop
  endfacet
  facet normal -0.216861 0.976202 0
    outer loop
      vertex 36.3039 60.6304 2.4
      vertex 36.4529 60.6635 0
      vertex 36.3039 60.6304 0
    endloop
  endfacet
  facet normal 0.999036 0.0438921 0
    outer loop
      vertex 34.2567 62.2013 2.4
      vertex 34.25 62.3538 0
      vertex 34.25 62.3538 2.4
    endloop
  endfacet
  facet normal 0.999036 0.0438921 0
    outer loop
      vertex 34.25 62.3538 0
      vertex 34.2567 62.2013 2.4
      vertex 34.2567 62.2013 0
    endloop
  endfacet
  facet normal -0.382429 0.923985 0
    outer loop
      vertex 36.7396 60.7678 0
      vertex 36.5985 60.7094 2.4
      vertex 36.7396 60.7678 2.4
    endloop
  endfacet
  facet normal -0.382429 0.923985 0
    outer loop
      vertex 36.5985 60.7094 2.4
      vertex 36.7396 60.7678 0
      vertex 36.5985 60.7094 0
    endloop
  endfacet
  facet normal 0.923753 0.382988 0
    outer loop
      vertex 34.414 61.6142 2.4
      vertex 34.3555 61.7553 0
      vertex 34.3555 61.7553 2.4
    endloop
  endfacet
  facet normal 0.923753 0.382988 0
    outer loop
      vertex 34.3555 61.7553 0
      vertex 34.414 61.6142 2.4
      vertex 34.414 61.6142 0
    endloop
  endfacet
  facet normal -0.991472 0.130319 0
    outer loop
      vertex 37.7234 62.0499 0
      vertex 37.7433 62.2013 2.4
      vertex 37.7433 62.2013 0
    endloop
  endfacet
  facet normal -0.991472 0.130319 0
    outer loop
      vertex 37.7433 62.2013 2.4
      vertex 37.7234 62.0499 0
      vertex 37.7234 62.0499 2.4
    endloop
  endfacet
  facet normal -0.999036 0.0438921 0
    outer loop
      vertex 37.7433 62.2013 0
      vertex 37.75 62.3538 2.4
      vertex 37.75 62.3538 0
    endloop
  endfacet
  facet normal -0.999036 0.0438921 0
    outer loop
      vertex 37.75 62.3538 2.4
      vertex 37.7433 62.2013 0
      vertex 37.7433 62.2013 2.4
    endloop
  endfacet
  facet normal -0.300661 -0.953731 0
    outer loop
      vertex 36.4529 64.0442 0
      vertex 36.5985 63.9983 2.4
      vertex 36.4529 64.0442 2.4
    endloop
  endfacet
  facet normal -0.300661 -0.953731 -0
    outer loop
      vertex 36.5985 63.9983 2.4
      vertex 36.4529 64.0442 0
      vertex 36.5985 63.9983 0
    endloop
  endfacet
  facet normal -0.0438921 0.999036 0
    outer loop
      vertex 36.1525 60.6105 0
      vertex 36 60.6038 2.4
      vertex 36.1525 60.6105 2.4
    endloop
  endfacet
  facet normal -0.0438921 0.999036 0
    outer loop
      vertex 36 60.6038 2.4
      vertex 36.1525 60.6105 0
      vertex 36 60.6038 0
    endloop
  endfacet
  facet normal 0.953731 -0.300661 0
    outer loop
      vertex 34.3096 62.8068 2.4
      vertex 34.3555 62.9524 0
      vertex 34.3555 62.9524 2.4
    endloop
  endfacet
  facet normal 0.953731 -0.300661 0
    outer loop
      vertex 34.3555 62.9524 0
      vertex 34.3096 62.8068 2.4
      vertex 34.3096 62.8068 0
    endloop
  endfacet
  facet normal -0.675636 -0.737236 0
    outer loop
      vertex 37.1249 63.6944 0
      vertex 37.2374 63.5913 2.4
      vertex 37.1249 63.6944 2.4
    endloop
  endfacet
  facet normal -0.675636 -0.737236 -0
    outer loop
      vertex 37.2374 63.5913 2.4
      vertex 37.1249 63.6944 0
      vertex 37.2374 63.5913 0
    endloop
  endfacet
  facet normal -0.88697 -0.461827 0
    outer loop
      vertex 37.586 63.0934 0
      vertex 37.5155 63.2288 2.4
      vertex 37.5155 63.2288 0
    endloop
  endfacet
  facet normal -0.88697 -0.461827 0
    outer loop
      vertex 37.5155 63.2288 2.4
      vertex 37.586 63.0934 0
      vertex 37.586 63.0934 2.4
    endloop
  endfacet
  facet normal 0.88697 -0.461827 0
    outer loop
      vertex 34.414 63.0934 2.4
      vertex 34.4845 63.2288 0
      vertex 34.4845 63.2288 2.4
    endloop
  endfacet
  facet normal 0.88697 -0.461827 0
    outer loop
      vertex 34.4845 63.2288 0
      vertex 34.414 63.0934 2.4
      vertex 34.414 63.0934 0
    endloop
  endfacet
  facet normal -0.461827 0.88697 0
    outer loop
      vertex 36.875 60.8383 0
      vertex 36.7396 60.7678 2.4
      vertex 36.875 60.8383 2.4
    endloop
  endfacet
  facet normal -0.461827 0.88697 0
    outer loop
      vertex 36.7396 60.7678 2.4
      vertex 36.875 60.8383 0
      vertex 36.7396 60.7678 0
    endloop
  endfacet
  facet normal 0.130963 -0.991387 0
    outer loop
      vertex 35.6961 64.0772 0
      vertex 35.8475 64.0972 2.4
      vertex 35.6961 64.0772 2.4
    endloop
  endfacet
  facet normal 0.130963 -0.991387 0
    outer loop
      vertex 35.8475 64.0972 2.4
      vertex 35.6961 64.0772 0
      vertex 35.8475 64.0972 0
    endloop
  endfacet
  facet normal -0.953731 0.300661 0
    outer loop
      vertex 37.6445 61.7553 0
      vertex 37.6904 61.9009 2.4
      vertex 37.6904 61.9009 0
    endloop
  endfacet
  facet normal -0.953731 0.300661 0
    outer loop
      vertex 37.6904 61.9009 2.4
      vertex 37.6445 61.7553 0
      vertex 37.6445 61.7553 2.4
    endloop
  endfacet
  facet normal 0.923657 -0.38322 0
    outer loop
      vertex 34.3555 62.9524 2.4
      vertex 34.414 63.0934 0
      vertex 34.414 63.0934 2.4
    endloop
  endfacet
  facet normal 0.923657 -0.38322 0
    outer loop
      vertex 34.414 63.0934 0
      vertex 34.3555 62.9524 2.4
      vertex 34.3555 62.9524 0
    endloop
  endfacet
  facet normal 0.216237 -0.976341 0
    outer loop
      vertex 35.5471 64.0442 0
      vertex 35.6961 64.0772 2.4
      vertex 35.5471 64.0442 2.4
    endloop
  endfacet
  facet normal 0.216237 -0.976341 0
    outer loop
      vertex 35.6961 64.0772 2.4
      vertex 35.5471 64.0442 0
      vertex 35.6961 64.0772 0
    endloop
  endfacet
  facet normal -0.843365 0.537342 0
    outer loop
      vertex 37.4335 61.3501 0
      vertex 37.5155 61.4788 2.4
      vertex 37.5155 61.4788 0
    endloop
  endfacet
  facet normal -0.843365 0.537342 0
    outer loop
      vertex 37.5155 61.4788 2.4
      vertex 37.4335 61.3501 0
      vertex 37.4335 61.3501 2.4
    endloop
  endfacet
  facet normal 0.793427 0.608665 0
    outer loop
      vertex 34.6594 61.229 2.4
      vertex 34.5665 61.3501 0
      vertex 34.5665 61.3501 2.4
    endloop
  endfacet
  facet normal 0.793427 0.608665 0
    outer loop
      vertex 34.5665 61.3501 0
      vertex 34.6594 61.229 2.4
      vertex 34.6594 61.229 0
    endloop
  endfacet
  facet normal 0.991472 0.130319 0
    outer loop
      vertex 34.2766 62.0499 2.4
      vertex 34.2567 62.2013 0
      vertex 34.2567 62.2013 2.4
    endloop
  endfacet
  facet normal 0.991472 0.130319 0
    outer loop
      vertex 34.2567 62.2013 0
      vertex 34.2766 62.0499 2.4
      vertex 34.2766 62.0499 0
    endloop
  endfacet
  facet normal 0.461827 -0.88697 0
    outer loop
      vertex 35.125 63.8694 0
      vertex 35.2604 63.9399 2.4
      vertex 35.125 63.8694 2.4
    endloop
  endfacet
  facet normal 0.461827 -0.88697 0
    outer loop
      vertex 35.2604 63.9399 2.4
      vertex 35.125 63.8694 0
      vertex 35.2604 63.9399 0
    endloop
  endfacet
  facet normal -0.300661 0.953731 0
    outer loop
      vertex 36.5985 60.7094 0
      vertex 36.4529 60.6635 2.4
      vertex 36.5985 60.7094 2.4
    endloop
  endfacet
  facet normal -0.300661 0.953731 0
    outer loop
      vertex 36.4529 60.6635 2.4
      vertex 36.5985 60.7094 0
      vertex 36.4529 60.6635 0
    endloop
  endfacet
  facet normal 0.0432382 -0.999065 0
    outer loop
      vertex 35.8475 64.0972 0
      vertex 36 64.1038 2.4
      vertex 35.8475 64.0972 2.4
    endloop
  endfacet
  facet normal 0.0432382 -0.999065 0
    outer loop
      vertex 36 64.1038 2.4
      vertex 35.8475 64.0972 0
      vertex 36 64.1038 0
    endloop
  endfacet
  facet normal -0.216237 -0.976341 0
    outer loop
      vertex 36.3039 64.0772 0
      vertex 36.4529 64.0442 2.4
      vertex 36.3039 64.0772 2.4
    endloop
  endfacet
  facet normal -0.216237 -0.976341 -0
    outer loop
      vertex 36.4529 64.0442 2.4
      vertex 36.3039 64.0772 0
      vertex 36.4529 64.0442 0
    endloop
  endfacet
  facet normal -0.609078 0.793111 0
    outer loop
      vertex 37.1249 61.0133 0
      vertex 37.0038 60.9203 2.4
      vertex 37.1249 61.0133 2.4
    endloop
  endfacet
  facet normal -0.609078 0.793111 0
    outer loop
      vertex 37.0038 60.9203 2.4
      vertex 37.1249 61.0133 0
      vertex 37.0038 60.9203 0
    endloop
  endfacet
  facet normal 0.0438921 0.999036 -0
    outer loop
      vertex 36 60.6038 0
      vertex 35.8475 60.6105 2.4
      vertex 36 60.6038 2.4
    endloop
  endfacet
  facet normal 0.0438921 0.999036 0
    outer loop
      vertex 35.8475 60.6105 2.4
      vertex 36 60.6038 0
      vertex 35.8475 60.6105 0
    endloop
  endfacet
  facet normal 0.737208 0.675665 0
    outer loop
      vertex 34.7626 61.1164 2.4
      vertex 34.6594 61.229 0
      vertex 34.6594 61.229 2.4
    endloop
  endfacet
  facet normal 0.737208 0.675665 0
    outer loop
      vertex 34.6594 61.229 0
      vertex 34.7626 61.1164 2.4
      vertex 34.7626 61.1164 0
    endloop
  endfacet
  facet normal 0.675636 0.737236 -0
    outer loop
      vertex 34.8751 61.0133 0
      vertex 34.7626 61.1164 2.4
      vertex 34.8751 61.0133 2.4
    endloop
  endfacet
  facet normal 0.675636 0.737236 0
    outer loop
      vertex 34.7626 61.1164 2.4
      vertex 34.8751 61.0133 0
      vertex 34.7626 61.1164 0
    endloop
  endfacet
  facet normal 0.793427 -0.608665 0
    outer loop
      vertex 34.5665 63.3576 2.4
      vertex 34.6594 63.4787 0
      vertex 34.6594 63.4787 2.4
    endloop
  endfacet
  facet normal 0.793427 -0.608665 0
    outer loop
      vertex 34.6594 63.4787 0
      vertex 34.5665 63.3576 2.4
      vertex 34.5665 63.3576 0
    endloop
  endfacet
  facet normal 0.843365 0.537342 0
    outer loop
      vertex 34.5665 61.3501 2.4
      vertex 34.4845 61.4788 0
      vertex 34.4845 61.4788 2.4
    endloop
  endfacet
  facet normal 0.843365 0.537342 0
    outer loop
      vertex 34.4845 61.4788 0
      vertex 34.5665 61.3501 2.4
      vertex 34.5665 61.3501 0
    endloop
  endfacet
  facet normal -0.737208 -0.675665 0
    outer loop
      vertex 37.3406 63.4787 0
      vertex 37.2374 63.5913 2.4
      vertex 37.2374 63.5913 0
    endloop
  endfacet
  facet normal -0.737208 -0.675665 0
    outer loop
      vertex 37.2374 63.5913 2.4
      vertex 37.3406 63.4787 0
      vertex 37.3406 63.4787 2.4
    endloop
  endfacet
  facet normal 0.130319 0.991472 -0
    outer loop
      vertex 35.8475 60.6105 0
      vertex 35.6961 60.6304 2.4
      vertex 35.8475 60.6105 2.4
    endloop
  endfacet
  facet normal 0.130319 0.991472 0
    outer loop
      vertex 35.6961 60.6304 2.4
      vertex 35.8475 60.6105 0
      vertex 35.6961 60.6304 0
    endloop
  endfacet
  facet normal 0.843554 -0.537045 0
    outer loop
      vertex 34.4845 63.2288 2.4
      vertex 34.5665 63.3576 0
      vertex 34.5665 63.3576 2.4
    endloop
  endfacet
  facet normal 0.843554 -0.537045 0
    outer loop
      vertex 34.5665 63.3576 0
      vertex 34.4845 63.2288 2.4
      vertex 34.4845 63.2288 0
    endloop
  endfacet
  facet normal 0.999038 -0.0438634 0
    outer loop
      vertex 34.25 62.3538 2.4
      vertex 34.2567 62.5064 0
      vertex 34.2567 62.5064 2.4
    endloop
  endfacet
  facet normal 0.999038 -0.0438634 0
    outer loop
      vertex 34.2567 62.5064 0
      vertex 34.25 62.3538 2.4
      vertex 34.25 62.3538 0
    endloop
  endfacet
  facet normal -0.382429 -0.923985 0
    outer loop
      vertex 36.5985 63.9983 0
      vertex 36.7396 63.9399 2.4
      vertex 36.5985 63.9983 2.4
    endloop
  endfacet
  facet normal -0.382429 -0.923985 -0
    outer loop
      vertex 36.7396 63.9399 2.4
      vertex 36.5985 63.9983 0
      vertex 36.7396 63.9399 0
    endloop
  endfacet
  facet normal -0.991461 -0.130404 0
    outer loop
      vertex -34.2567 62.5064 0
      vertex -34.2766 62.6577 2.4
      vertex -34.2766 62.6577 0
    endloop
  endfacet
  facet normal -0.991461 -0.130404 0
    outer loop
      vertex -34.2766 62.6577 2.4
      vertex -34.2567 62.5064 0
      vertex -34.2567 62.5064 2.4
    endloop
  endfacet
  facet normal -0.999038 -0.0438634 0
    outer loop
      vertex -34.25 62.3538 0
      vertex -34.2567 62.5064 2.4
      vertex -34.2567 62.5064 0
    endloop
  endfacet
  facet normal -0.999038 -0.0438634 0
    outer loop
      vertex -34.2567 62.5064 2.4
      vertex -34.25 62.3538 0
      vertex -34.25 62.3538 2.4
    endloop
  endfacet
  facet normal -0.976372 -0.216098 0
    outer loop
      vertex -34.2766 62.6577 0
      vertex -34.3096 62.8068 2.4
      vertex -34.3096 62.8068 0
    endloop
  endfacet
  facet normal -0.976372 -0.216098 0
    outer loop
      vertex -34.3096 62.8068 2.4
      vertex -34.2766 62.6577 0
      vertex -34.2766 62.6577 2.4
    endloop
  endfacet
  facet normal 0.923753 0.382988 0
    outer loop
      vertex -37.586 61.6142 2.4
      vertex -37.6445 61.7553 0
      vertex -37.6445 61.7553 2.4
    endloop
  endfacet
  facet normal 0.923753 0.382988 0
    outer loop
      vertex -37.6445 61.7553 0
      vertex -37.586 61.6142 2.4
      vertex -37.586 61.6142 0
    endloop
  endfacet
  facet normal 0.216861 0.976202 -0
    outer loop
      vertex -36.3039 60.6304 0
      vertex -36.4529 60.6635 2.4
      vertex -36.3039 60.6304 2.4
    endloop
  endfacet
  facet normal 0.216861 0.976202 0
    outer loop
      vertex -36.4529 60.6635 2.4
      vertex -36.3039 60.6304 0
      vertex -36.4529 60.6635 0
    endloop
  endfacet
  facet normal -0.216237 -0.976341 0
    outer loop
      vertex -35.6961 64.0772 0
      vertex -35.5471 64.0442 2.4
      vertex -35.6961 64.0772 2.4
    endloop
  endfacet
  facet normal -0.216237 -0.976341 -0
    outer loop
      vertex -35.5471 64.0442 2.4
      vertex -35.6961 64.0772 0
      vertex -35.5471 64.0442 0
    endloop
  endfacet
  facet normal 0.382429 -0.923985 0
    outer loop
      vertex -36.7396 63.9399 0
      vertex -36.5985 63.9983 2.4
      vertex -36.7396 63.9399 2.4
    endloop
  endfacet
  facet normal 0.382429 -0.923985 0
    outer loop
      vertex -36.5985 63.9983 2.4
      vertex -36.7396 63.9399 0
      vertex -36.5985 63.9983 0
    endloop
  endfacet
  facet normal 0.461827 0.88697 -0
    outer loop
      vertex -36.7396 60.7678 0
      vertex -36.875 60.8383 2.4
      vertex -36.7396 60.7678 2.4
    endloop
  endfacet
  facet normal 0.461827 0.88697 0
    outer loop
      vertex -36.875 60.8383 2.4
      vertex -36.7396 60.7678 0
      vertex -36.875 60.8383 0
    endloop
  endfacet
  facet normal -0.130319 0.991472 0
    outer loop
      vertex -35.6961 60.6304 0
      vertex -35.8475 60.6105 2.4
      vertex -35.6961 60.6304 2.4
    endloop
  endfacet
  facet normal -0.130319 0.991472 0
    outer loop
      vertex -35.8475 60.6105 2.4
      vertex -35.6961 60.6304 0
      vertex -35.8475 60.6105 0
    endloop
  endfacet
  facet normal -0.793427 -0.608665 0
    outer loop
      vertex -34.5665 63.3576 0
      vertex -34.6594 63.4787 2.4
      vertex -34.6594 63.4787 0
    endloop
  endfacet
  facet normal -0.793427 -0.608665 0
    outer loop
      vertex -34.6594 63.4787 2.4
      vertex -34.5665 63.3576 0
      vertex -34.5665 63.3576 2.4
    endloop
  endfacet
  facet normal 0.0438921 0.999036 -0
    outer loop
      vertex -36 60.6038 0
      vertex -36.1525 60.6105 2.4
      vertex -36 60.6038 2.4
    endloop
  endfacet
  facet normal 0.0438921 0.999036 0
    outer loop
      vertex -36.1525 60.6105 2.4
      vertex -36 60.6038 0
      vertex -36.1525 60.6105 0
    endloop
  endfacet
  facet normal -0.999036 0.0438921 0
    outer loop
      vertex -34.2567 62.2013 0
      vertex -34.25 62.3538 2.4
      vertex -34.25 62.3538 0
    endloop
  endfacet
  facet normal -0.999036 0.0438921 0
    outer loop
      vertex -34.25 62.3538 2.4
      vertex -34.2567 62.2013 0
      vertex -34.2567 62.2013 2.4
    endloop
  endfacet
  facet normal -0.382429 -0.923985 0
    outer loop
      vertex -35.4015 63.9983 0
      vertex -35.2604 63.9399 2.4
      vertex -35.4015 63.9983 2.4
    endloop
  endfacet
  facet normal -0.382429 -0.923985 -0
    outer loop
      vertex -35.2604 63.9399 2.4
      vertex -35.4015 63.9983 0
      vertex -35.2604 63.9399 0
    endloop
  endfacet
  facet normal -0.793427 0.608665 0
    outer loop
      vertex -34.6594 61.229 0
      vertex -34.5665 61.3501 2.4
      vertex -34.5665 61.3501 0
    endloop
  endfacet
  facet normal -0.793427 0.608665 0
    outer loop
      vertex -34.5665 61.3501 2.4
      vertex -34.6594 61.229 0
      vertex -34.6594 61.229 2.4
    endloop
  endfacet
  facet normal 0.130963 -0.991387 0
    outer loop
      vertex -36.3039 64.0772 0
      vertex -36.1525 64.0972 2.4
      vertex -36.3039 64.0772 2.4
    endloop
  endfacet
  facet normal 0.130963 -0.991387 0
    outer loop
      vertex -36.1525 64.0972 2.4
      vertex -36.3039 64.0772 0
      vertex -36.1525 64.0972 0
    endloop
  endfacet
  facet normal -0.923657 -0.38322 0
    outer loop
      vertex -34.3555 62.9524 0
      vertex -34.414 63.0934 2.4
      vertex -34.414 63.0934 0
    endloop
  endfacet
  facet normal -0.923657 -0.38322 0
    outer loop
      vertex -34.414 63.0934 2.4
      vertex -34.3555 62.9524 0
      vertex -34.3555 62.9524 2.4
    endloop
  endfacet
  facet normal -0.0432382 -0.999065 0
    outer loop
      vertex -36 64.1038 0
      vertex -35.8475 64.0972 2.4
      vertex -36 64.1038 2.4
    endloop
  endfacet
  facet normal -0.0432382 -0.999065 -0
    outer loop
      vertex -35.8475 64.0972 2.4
      vertex -36 64.1038 0
      vertex -35.8475 64.0972 0
    endloop
  endfacet
  facet normal -0.953731 -0.300661 0
    outer loop
      vertex -34.3096 62.8068 0
      vertex -34.3555 62.9524 2.4
      vertex -34.3555 62.9524 0
    endloop
  endfacet
  facet normal -0.953731 -0.300661 0
    outer loop
      vertex -34.3555 62.9524 2.4
      vertex -34.3096 62.8068 0
      vertex -34.3096 62.8068 2.4
    endloop
  endfacet
  facet normal -0.130963 -0.991387 0
    outer loop
      vertex -35.8475 64.0972 0
      vertex -35.6961 64.0772 2.4
      vertex -35.8475 64.0972 2.4
    endloop
  endfacet
  facet normal -0.130963 -0.991387 -0
    outer loop
      vertex -35.6961 64.0772 2.4
      vertex -35.8475 64.0972 0
      vertex -35.6961 64.0772 0
    endloop
  endfacet
  facet normal 0.923657 -0.38322 0
    outer loop
      vertex -37.6445 62.9524 2.4
      vertex -37.586 63.0934 0
      vertex -37.586 63.0934 2.4
    endloop
  endfacet
  facet normal 0.923657 -0.38322 0
    outer loop
      vertex -37.586 63.0934 0
      vertex -37.6445 62.9524 2.4
      vertex -37.6445 62.9524 0
    endloop
  endfacet
  facet normal 0.843365 0.537342 0
    outer loop
      vertex -37.4335 61.3501 2.4
      vertex -37.5155 61.4788 0
      vertex -37.5155 61.4788 2.4
    endloop
  endfacet
  facet normal 0.843365 0.537342 0
    outer loop
      vertex -37.5155 61.4788 0
      vertex -37.4335 61.3501 2.4
      vertex -37.4335 61.3501 0
    endloop
  endfacet
  facet normal 0.216237 -0.976341 0
    outer loop
      vertex -36.4529 64.0442 0
      vertex -36.3039 64.0772 2.4
      vertex -36.4529 64.0442 2.4
    endloop
  endfacet
  facet normal 0.216237 -0.976341 0
    outer loop
      vertex -36.3039 64.0772 2.4
      vertex -36.4529 64.0442 0
      vertex -36.3039 64.0772 0
    endloop
  endfacet
  facet normal -0.675636 0.737236 0
    outer loop
      vertex -34.7626 61.1164 0
      vertex -34.8751 61.0133 2.4
      vertex -34.7626 61.1164 2.4
    endloop
  endfacet
  facet normal -0.675636 0.737236 0
    outer loop
      vertex -34.8751 61.0133 2.4
      vertex -34.7626 61.1164 0
      vertex -34.8751 61.0133 0
    endloop
  endfacet
  facet normal -0.923753 0.382988 0
    outer loop
      vertex -34.414 61.6142 0
      vertex -34.3555 61.7553 2.4
      vertex -34.3555 61.7553 0
    endloop
  endfacet
  facet normal -0.923753 0.382988 0
    outer loop
      vertex -34.3555 61.7553 2.4
      vertex -34.414 61.6142 0
      vertex -34.414 61.6142 2.4
    endloop
  endfacet
  facet normal -0.537511 -0.843257 0
    outer loop
      vertex -35.125 63.8694 0
      vertex -34.9962 63.7873 2.4
      vertex -35.125 63.8694 2.4
    endloop
  endfacet
  facet normal -0.537511 -0.843257 -0
    outer loop
      vertex -34.9962 63.7873 2.4
      vertex -35.125 63.8694 0
      vertex -34.9962 63.7873 0
    endloop
  endfacet
  facet normal -0.537045 0.843554 0
    outer loop
      vertex -34.9962 60.9203 0
      vertex -35.125 60.8383 2.4
      vertex -34.9962 60.9203 2.4
    endloop
  endfacet
  facet normal -0.537045 0.843554 0
    outer loop
      vertex -35.125 60.8383 2.4
      vertex -34.9962 60.9203 0
      vertex -35.125 60.8383 0
    endloop
  endfacet
  facet normal 0.976372 -0.216098 0
    outer loop
      vertex -37.7234 62.6577 2.4
      vertex -37.6904 62.8068 0
      vertex -37.6904 62.8068 2.4
    endloop
  endfacet
  facet normal 0.976372 -0.216098 0
    outer loop
      vertex -37.6904 62.8068 0
      vertex -37.7234 62.6577 2.4
      vertex -37.7234 62.6577 0
    endloop
  endfacet
  facet normal -0.461827 0.88697 0
    outer loop
      vertex -35.125 60.8383 0
      vertex -35.2604 60.7678 2.4
      vertex -35.125 60.8383 2.4
    endloop
  endfacet
  facet normal -0.461827 0.88697 0
    outer loop
      vertex -35.2604 60.7678 2.4
      vertex -35.125 60.8383 0
      vertex -35.2604 60.7678 0
    endloop
  endfacet
  facet normal -0.675636 -0.737236 0
    outer loop
      vertex -34.8751 63.6944 0
      vertex -34.7626 63.5913 2.4
      vertex -34.8751 63.6944 2.4
    endloop
  endfacet
  facet normal -0.675636 -0.737236 -0
    outer loop
      vertex -34.7626 63.5913 2.4
      vertex -34.8751 63.6944 0
      vertex -34.7626 63.5913 0
    endloop
  endfacet
  facet normal -0.843554 -0.537045 0
    outer loop
      vertex -34.4845 63.2288 0
      vertex -34.5665 63.3576 2.4
      vertex -34.5665 63.3576 0
    endloop
  endfacet
  facet normal -0.843554 -0.537045 0
    outer loop
      vertex -34.5665 63.3576 2.4
      vertex -34.4845 63.2288 0
      vertex -34.4845 63.2288 2.4
    endloop
  endfacet
  facet normal 0.793427 0.608665 0
    outer loop
      vertex -37.3406 61.229 2.4
      vertex -37.4335 61.3501 0
      vertex -37.4335 61.3501 2.4
    endloop
  endfacet
  facet normal 0.793427 0.608665 0
    outer loop
      vertex -37.4335 61.3501 0
      vertex -37.3406 61.229 2.4
      vertex -37.3406 61.229 0
    endloop
  endfacet
  facet normal 0.88697 0.461827 0
    outer loop
      vertex -37.5155 61.4788 2.4
      vertex -37.586 61.6142 0
      vertex -37.586 61.6142 2.4
    endloop
  endfacet
  facet normal 0.88697 0.461827 0
    outer loop
      vertex -37.586 61.6142 0
      vertex -37.5155 61.4788 2.4
      vertex -37.5155 61.4788 0
    endloop
  endfacet
  facet normal -0.953731 0.300661 0
    outer loop
      vertex -34.3555 61.7553 0
      vertex -34.3096 61.9009 2.4
      vertex -34.3096 61.9009 0
    endloop
  endfacet
  facet normal -0.953731 0.300661 0
    outer loop
      vertex -34.3096 61.9009 2.4
      vertex -34.3555 61.7553 0
      vertex -34.3555 61.7553 2.4
    endloop
  endfacet
  facet normal -0.976341 0.216237 0
    outer loop
      vertex -34.3096 61.9009 0
      vertex -34.2766 62.0499 2.4
      vertex -34.2766 62.0499 0
    endloop
  endfacet
  facet normal -0.976341 0.216237 0
    outer loop
      vertex -34.2766 62.0499 2.4
      vertex -34.3096 61.9009 0
      vertex -34.3096 61.9009 2.4
    endloop
  endfacet
  facet normal 0.953731 0.300661 0
    outer loop
      vertex -37.6445 61.7553 2.4
      vertex -37.6904 61.9009 0
      vertex -37.6904 61.9009 2.4
    endloop
  endfacet
  facet normal 0.953731 0.300661 0
    outer loop
      vertex -37.6904 61.9009 0
      vertex -37.6445 61.7553 2.4
      vertex -37.6445 61.7553 0
    endloop
  endfacet
  facet normal -0.608665 -0.793427 0
    outer loop
      vertex -34.9962 63.7873 0
      vertex -34.8751 63.6944 2.4
      vertex -34.9962 63.7873 2.4
    endloop
  endfacet
  facet normal -0.608665 -0.793427 -0
    outer loop
      vertex -34.8751 63.6944 2.4
      vertex -34.9962 63.7873 0
      vertex -34.8751 63.6944 0
    endloop
  endfacet
  facet normal -0.0438921 0.999036 0
    outer loop
      vertex -35.8475 60.6105 0
      vertex -36 60.6038 2.4
      vertex -35.8475 60.6105 2.4
    endloop
  endfacet
  facet normal -0.0438921 0.999036 0
    outer loop
      vertex -36 60.6038 2.4
      vertex -35.8475 60.6105 0
      vertex -36 60.6038 0
    endloop
  endfacet
  facet normal -0.843365 0.537342 0
    outer loop
      vertex -34.5665 61.3501 0
      vertex -34.4845 61.4788 2.4
      vertex -34.4845 61.4788 0
    endloop
  endfacet
  facet normal -0.843365 0.537342 0
    outer loop
      vertex -34.4845 61.4788 2.4
      vertex -34.5665 61.3501 0
      vertex -34.5665 61.3501 2.4
    endloop
  endfacet
  facet normal -0.609078 0.793111 0
    outer loop
      vertex -34.8751 61.0133 0
      vertex -34.9962 60.9203 2.4
      vertex -34.8751 61.0133 2.4
    endloop
  endfacet
  facet normal -0.609078 0.793111 0
    outer loop
      vertex -34.9962 60.9203 2.4
      vertex -34.8751 61.0133 0
      vertex -34.9962 60.9203 0
    endloop
  endfacet
  facet normal -0.461827 -0.88697 0
    outer loop
      vertex -35.2604 63.9399 0
      vertex -35.125 63.8694 2.4
      vertex -35.2604 63.9399 2.4
    endloop
  endfacet
  facet normal -0.461827 -0.88697 -0
    outer loop
      vertex -35.125 63.8694 2.4
      vertex -35.2604 63.9399 0
      vertex -35.125 63.8694 0
    endloop
  endfacet
  facet normal -0.991472 0.130319 0
    outer loop
      vertex -34.2766 62.0499 0
      vertex -34.2567 62.2013 2.4
      vertex -34.2567 62.2013 0
    endloop
  endfacet
  facet normal -0.991472 0.130319 0
    outer loop
      vertex -34.2567 62.2013 2.4
      vertex -34.2766 62.0499 0
      vertex -34.2766 62.0499 2.4
    endloop
  endfacet
  facet normal 0.130319 0.991472 -0
    outer loop
      vertex -36.1525 60.6105 0
      vertex -36.3039 60.6304 2.4
      vertex -36.1525 60.6105 2.4
    endloop
  endfacet
  facet normal 0.130319 0.991472 0
    outer loop
      vertex -36.3039 60.6304 2.4
      vertex -36.1525 60.6105 0
      vertex -36.3039 60.6304 0
    endloop
  endfacet
  facet normal 0.991461 -0.130404 0
    outer loop
      vertex -37.7433 62.5064 2.4
      vertex -37.7234 62.6577 0
      vertex -37.7234 62.6577 2.4
    endloop
  endfacet
  facet normal 0.991461 -0.130404 0
    outer loop
      vertex -37.7234 62.6577 0
      vertex -37.7433 62.5064 2.4
      vertex -37.7433 62.5064 0
    endloop
  endfacet
  facet normal -0.88697 -0.461827 0
    outer loop
      vertex -34.414 63.0934 0
      vertex -34.4845 63.2288 2.4
      vertex -34.4845 63.2288 0
    endloop
  endfacet
  facet normal -0.88697 -0.461827 0
    outer loop
      vertex -34.4845 63.2288 2.4
      vertex -34.414 63.0934 0
      vertex -34.414 63.0934 2.4
    endloop
  endfacet
  facet normal 0.537511 -0.843257 0
    outer loop
      vertex -37.0038 63.7873 0
      vertex -36.875 63.8694 2.4
      vertex -37.0038 63.7873 2.4
    endloop
  endfacet
  facet normal 0.537511 -0.843257 0
    outer loop
      vertex -36.875 63.8694 2.4
      vertex -37.0038 63.7873 0
      vertex -36.875 63.8694 0
    endloop
  endfacet
  facet normal 0.88697 -0.461827 0
    outer loop
      vertex -37.586 63.0934 2.4
      vertex -37.5155 63.2288 0
      vertex -37.5155 63.2288 2.4
    endloop
  endfacet
  facet normal 0.88697 -0.461827 0
    outer loop
      vertex -37.5155 63.2288 0
      vertex -37.586 63.0934 2.4
      vertex -37.586 63.0934 0
    endloop
  endfacet
  facet normal 0.461827 -0.88697 0
    outer loop
      vertex -36.875 63.8694 0
      vertex -36.7396 63.9399 2.4
      vertex -36.875 63.8694 2.4
    endloop
  endfacet
  facet normal 0.461827 -0.88697 0
    outer loop
      vertex -36.7396 63.9399 2.4
      vertex -36.875 63.8694 0
      vertex -36.7396 63.9399 0
    endloop
  endfacet
  facet normal -0.382429 0.923985 0
    outer loop
      vertex -35.2604 60.7678 0
      vertex -35.4015 60.7094 2.4
      vertex -35.2604 60.7678 2.4
    endloop
  endfacet
  facet normal -0.382429 0.923985 0
    outer loop
      vertex -35.4015 60.7094 2.4
      vertex -35.2604 60.7678 0
      vertex -35.4015 60.7094 0
    endloop
  endfacet
  facet normal 0.675636 -0.737236 0
    outer loop
      vertex -37.2374 63.5913 0
      vertex -37.1249 63.6944 2.4
      vertex -37.2374 63.5913 2.4
    endloop
  endfacet
  facet normal 0.675636 -0.737236 0
    outer loop
      vertex -37.1249 63.6944 2.4
      vertex -37.2374 63.5913 0
      vertex -37.1249 63.6944 0
    endloop
  endfacet
  facet normal 0.300661 -0.953731 0
    outer loop
      vertex -36.5985 63.9983 0
      vertex -36.4529 64.0442 2.4
      vertex -36.5985 63.9983 2.4
    endloop
  endfacet
  facet normal 0.300661 -0.953731 0
    outer loop
      vertex -36.4529 64.0442 2.4
      vertex -36.5985 63.9983 0
      vertex -36.4529 64.0442 0
    endloop
  endfacet
  facet normal 0.999036 0.0438921 0
    outer loop
      vertex -37.7433 62.2013 2.4
      vertex -37.75 62.3538 0
      vertex -37.75 62.3538 2.4
    endloop
  endfacet
  facet normal 0.999036 0.0438921 0
    outer loop
      vertex -37.75 62.3538 0
      vertex -37.7433 62.2013 2.4
      vertex -37.7433 62.2013 0
    endloop
  endfacet
  facet normal 0.976341 0.216237 0
    outer loop
      vertex -37.6904 61.9009 2.4
      vertex -37.7234 62.0499 0
      vertex -37.7234 62.0499 2.4
    endloop
  endfacet
  facet normal 0.976341 0.216237 0
    outer loop
      vertex -37.7234 62.0499 0
      vertex -37.6904 61.9009 2.4
      vertex -37.6904 61.9009 0
    endloop
  endfacet
  facet normal 0.953731 -0.300661 0
    outer loop
      vertex -37.6904 62.8068 2.4
      vertex -37.6445 62.9524 0
      vertex -37.6445 62.9524 2.4
    endloop
  endfacet
  facet normal 0.953731 -0.300661 0
    outer loop
      vertex -37.6445 62.9524 0
      vertex -37.6904 62.8068 2.4
      vertex -37.6904 62.8068 0
    endloop
  endfacet
  facet normal 0.0432382 -0.999065 0
    outer loop
      vertex -36.1525 64.0972 0
      vertex -36 64.1038 2.4
      vertex -36.1525 64.0972 2.4
    endloop
  endfacet
  facet normal 0.0432382 -0.999065 0
    outer loop
      vertex -36 64.1038 2.4
      vertex -36.1525 64.0972 0
      vertex -36 64.1038 0
    endloop
  endfacet
  facet normal -0.300661 0.953731 0
    outer loop
      vertex -35.4015 60.7094 0
      vertex -35.5471 60.6635 2.4
      vertex -35.4015 60.7094 2.4
    endloop
  endfacet
  facet normal -0.300661 0.953731 0
    outer loop
      vertex -35.5471 60.6635 2.4
      vertex -35.4015 60.7094 0
      vertex -35.5471 60.6635 0
    endloop
  endfacet
  facet normal 0.793427 -0.608665 0
    outer loop
      vertex -37.4335 63.3576 2.4
      vertex -37.3406 63.4787 0
      vertex -37.3406 63.4787 2.4
    endloop
  endfacet
  facet normal 0.793427 -0.608665 0
    outer loop
      vertex -37.3406 63.4787 0
      vertex -37.4335 63.3576 2.4
      vertex -37.4335 63.3576 0
    endloop
  endfacet
  facet normal -0.216861 0.976202 0
    outer loop
      vertex -35.5471 60.6635 0
      vertex -35.6961 60.6304 2.4
      vertex -35.5471 60.6635 2.4
    endloop
  endfacet
  facet normal -0.216861 0.976202 0
    outer loop
      vertex -35.6961 60.6304 2.4
      vertex -35.5471 60.6635 0
      vertex -35.6961 60.6304 0
    endloop
  endfacet
  facet normal 0.300661 0.953731 -0
    outer loop
      vertex -36.4529 60.6635 0
      vertex -36.5985 60.7094 2.4
      vertex -36.4529 60.6635 2.4
    endloop
  endfacet
  facet normal 0.300661 0.953731 0
    outer loop
      vertex -36.5985 60.7094 2.4
      vertex -36.4529 60.6635 0
      vertex -36.5985 60.7094 0
    endloop
  endfacet
  facet normal 0.537045 0.843554 -0
    outer loop
      vertex -36.875 60.8383 0
      vertex -37.0038 60.9203 2.4
      vertex -36.875 60.8383 2.4
    endloop
  endfacet
  facet normal 0.537045 0.843554 0
    outer loop
      vertex -37.0038 60.9203 2.4
      vertex -36.875 60.8383 0
      vertex -37.0038 60.9203 0
    endloop
  endfacet
  facet normal 0.737208 0.675665 0
    outer loop
      vertex -37.2374 61.1164 2.4
      vertex -37.3406 61.229 0
      vertex -37.3406 61.229 2.4
    endloop
  endfacet
  facet normal 0.737208 0.675665 0
    outer loop
      vertex -37.3406 61.229 0
      vertex -37.2374 61.1164 2.4
      vertex -37.2374 61.1164 0
    endloop
  endfacet
  facet normal 0.991472 0.130319 0
    outer loop
      vertex -37.7234 62.0499 2.4
      vertex -37.7433 62.2013 0
      vertex -37.7433 62.2013 2.4
    endloop
  endfacet
  facet normal 0.991472 0.130319 0
    outer loop
      vertex -37.7433 62.2013 0
      vertex -37.7234 62.0499 2.4
      vertex -37.7234 62.0499 0
    endloop
  endfacet
  facet normal -0.88697 0.461827 0
    outer loop
      vertex -34.4845 61.4788 0
      vertex -34.414 61.6142 2.4
      vertex -34.414 61.6142 0
    endloop
  endfacet
  facet normal -0.88697 0.461827 0
    outer loop
      vertex -34.414 61.6142 2.4
      vertex -34.4845 61.4788 0
      vertex -34.4845 61.4788 2.4
    endloop
  endfacet
  facet normal 0.609078 0.793111 -0
    outer loop
      vertex -37.0038 60.9203 0
      vertex -37.1249 61.0133 2.4
      vertex -37.0038 60.9203 2.4
    endloop
  endfacet
  facet normal 0.609078 0.793111 0
    outer loop
      vertex -37.1249 61.0133 2.4
      vertex -37.0038 60.9203 0
      vertex -37.1249 61.0133 0
    endloop
  endfacet
  facet normal 0.382429 0.923985 -0
    outer loop
      vertex -36.5985 60.7094 0
      vertex -36.7396 60.7678 2.4
      vertex -36.5985 60.7094 2.4
    endloop
  endfacet
  facet normal 0.382429 0.923985 0
    outer loop
      vertex -36.7396 60.7678 2.4
      vertex -36.5985 60.7094 0
      vertex -36.7396 60.7678 0
    endloop
  endfacet
  facet normal -0.737208 -0.675665 0
    outer loop
      vertex -34.6594 63.4787 0
      vertex -34.7626 63.5913 2.4
      vertex -34.7626 63.5913 0
    endloop
  endfacet
  facet normal -0.737208 -0.675665 0
    outer loop
      vertex -34.7626 63.5913 2.4
      vertex -34.6594 63.4787 0
      vertex -34.6594 63.4787 2.4
    endloop
  endfacet
  facet normal 0.675636 0.737236 -0
    outer loop
      vertex -37.1249 61.0133 0
      vertex -37.2374 61.1164 2.4
      vertex -37.1249 61.0133 2.4
    endloop
  endfacet
  facet normal 0.675636 0.737236 0
    outer loop
      vertex -37.2374 61.1164 2.4
      vertex -37.1249 61.0133 0
      vertex -37.2374 61.1164 0
    endloop
  endfacet
  facet normal 0.737208 -0.675665 0
    outer loop
      vertex -37.3406 63.4787 2.4
      vertex -37.2374 63.5913 0
      vertex -37.2374 63.5913 2.4
    endloop
  endfacet
  facet normal 0.737208 -0.675665 0
    outer loop
      vertex -37.2374 63.5913 0
      vertex -37.3406 63.4787 2.4
      vertex -37.3406 63.4787 0
    endloop
  endfacet
  facet normal 0.608665 -0.793427 0
    outer loop
      vertex -37.1249 63.6944 0
      vertex -37.0038 63.7873 2.4
      vertex -37.1249 63.6944 2.4
    endloop
  endfacet
  facet normal 0.608665 -0.793427 0
    outer loop
      vertex -37.0038 63.7873 2.4
      vertex -37.1249 63.6944 0
      vertex -37.0038 63.7873 0
    endloop
  endfacet
  facet normal 0.999038 -0.0438634 0
    outer loop
      vertex -37.75 62.3538 2.4
      vertex -37.7433 62.5064 0
      vertex -37.7433 62.5064 2.4
    endloop
  endfacet
  facet normal 0.999038 -0.0438634 0
    outer loop
      vertex -37.7433 62.5064 0
      vertex -37.75 62.3538 2.4
      vertex -37.75 62.3538 0
    endloop
  endfacet
  facet normal 0.843554 -0.537045 0
    outer loop
      vertex -37.5155 63.2288 2.4
      vertex -37.4335 63.3576 0
      vertex -37.4335 63.3576 2.4
    endloop
  endfacet
  facet normal 0.843554 -0.537045 0
    outer loop
      vertex -37.4335 63.3576 0
      vertex -37.5155 63.2288 2.4
      vertex -37.5155 63.2288 0
    endloop
  endfacet
  facet normal -0.300661 -0.953731 0
    outer loop
      vertex -35.5471 64.0442 0
      vertex -35.4015 63.9983 2.4
      vertex -35.5471 64.0442 2.4
    endloop
  endfacet
  facet normal -0.300661 -0.953731 -0
    outer loop
      vertex -35.4015 63.9983 2.4
      vertex -35.5471 64.0442 0
      vertex -35.4015 63.9983 0
    endloop
  endfacet
  facet normal -0.737208 0.675665 0
    outer loop
      vertex -34.7626 61.1164 0
      vertex -34.6594 61.229 2.4
      vertex -34.6594 61.229 0
    endloop
  endfacet
  facet normal -0.737208 0.675665 0
    outer loop
      vertex -34.6594 61.229 2.4
      vertex -34.7626 61.1164 0
      vertex -34.7626 61.1164 2.4
    endloop
  endfacet
  facet normal -0.991468 -0.130351 0
    outer loop
      vertex -70.2567 0.152522 0
      vertex -70.2766 0.303884 2.4
      vertex -70.2766 0.303884 0
    endloop
  endfacet
  facet normal -0.991468 -0.130351 0
    outer loop
      vertex -70.2766 0.303884 2.4
      vertex -70.2567 0.152522 0
      vertex -70.2567 0.152522 2.4
    endloop
  endfacet
  facet normal -0.999037 -0.0438858 0
    outer loop
      vertex -70.25 0 0
      vertex -70.2567 0.152522 2.4
      vertex -70.2567 0.152522 0
    endloop
  endfacet
  facet normal -0.999037 -0.0438858 0
    outer loop
      vertex -70.2567 0.152522 2.4
      vertex -70.25 0 0
      vertex -70.25 0 2.4
    endloop
  endfacet
  facet normal -0.976356 -0.216169 0
    outer loop
      vertex -70.2766 0.303884 0
      vertex -70.3096 0.452933 2.4
      vertex -70.3096 0.452933 0
    endloop
  endfacet
  facet normal -0.976356 -0.216169 0
    outer loop
      vertex -70.3096 0.452933 2.4
      vertex -70.2766 0.303884 0
      vertex -70.2766 0.303884 2.4
    endloop
  endfacet
  facet normal -0.216486 -0.976286 0
    outer loop
      vertex -71.6961 1.72341 0
      vertex -71.5471 1.69037 2.4
      vertex -71.6961 1.72341 2.4
    endloop
  endfacet
  facet normal -0.216486 -0.976286 -0
    outer loop
      vertex -71.5471 1.69037 2.4
      vertex -71.6961 1.72341 0
      vertex -71.5471 1.69037 0
    endloop
  endfacet
  facet normal -0.675778 0.737105 0
    outer loop
      vertex -70.7626 -1.23744 0
      vertex -70.8751 -1.34058 2.4
      vertex -70.7626 -1.23744 2.4
    endloop
  endfacet
  facet normal -0.675778 0.737105 0
    outer loop
      vertex -70.8751 -1.34058 2.4
      vertex -70.7626 -1.23744 0
      vertex -70.8751 -1.34058 0
    endloop
  endfacet
  facet normal 0.216486 0.976286 -0
    outer loop
      vertex -72.3039 -1.72341 0
      vertex -72.4529 -1.69037 2.4
      vertex -72.3039 -1.72341 2.4
    endloop
  endfacet
  facet normal 0.216486 0.976286 0
    outer loop
      vertex -72.4529 -1.69037 2.4
      vertex -72.3039 -1.72341 0
      vertex -72.4529 -1.69037 0
    endloop
  endfacet
  facet normal -0.793476 -0.608602 0
    outer loop
      vertex -70.5665 1.00376 0
      vertex -70.6594 1.12488 2.4
      vertex -70.6594 1.12488 0
    endloop
  endfacet
  facet normal -0.793476 -0.608602 0
    outer loop
      vertex -70.6594 1.12488 2.4
      vertex -70.5665 1.00376 0
      vertex -70.5665 1.00376 2.4
    endloop
  endfacet
  facet normal 0.843478 0.537164 0
    outer loop
      vertex -73.4335 -1.00376 2.4
      vertex -73.5155 -0.875 0
      vertex -73.5155 -0.875 2.4
    endloop
  endfacet
  facet normal 0.843478 0.537164 0
    outer loop
      vertex -73.5155 -0.875 0
      vertex -73.4335 -1.00376 2.4
      vertex -73.4335 -1.00376 0
    endloop
  endfacet
  facet normal 0.300721 -0.953712 0
    outer loop
      vertex -72.5985 1.64446 0
      vertex -72.4529 1.69037 2.4
      vertex -72.5985 1.64446 2.4
    endloop
  endfacet
  facet normal 0.300721 -0.953712 0
    outer loop
      vertex -72.4529 1.69037 2.4
      vertex -72.5985 1.64446 0
      vertex -72.4529 1.69037 0
    endloop
  endfacet
  facet normal -0.130512 -0.991447 0
    outer loop
      vertex -71.8475 1.74334 0
      vertex -71.6961 1.72341 2.4
      vertex -71.8475 1.74334 2.4
    endloop
  endfacet
  facet normal -0.130512 -0.991447 -0
    outer loop
      vertex -71.6961 1.72341 2.4
      vertex -71.8475 1.74334 0
      vertex -71.6961 1.72341 0
    endloop
  endfacet
  facet normal -0.675778 -0.737105 0
    outer loop
      vertex -70.8751 1.34058 0
      vertex -70.7626 1.23744 2.4
      vertex -70.8751 1.34058 2.4
    endloop
  endfacet
  facet normal -0.675778 -0.737105 -0
    outer loop
      vertex -70.7626 1.23744 2.4
      vertex -70.8751 1.34058 0
      vertex -70.7626 1.23744 0
    endloop
  endfacet
  facet normal -0.737089 -0.675796 0
    outer loop
      vertex -70.6594 1.12488 0
      vertex -70.7626 1.23744 2.4
      vertex -70.7626 1.23744 0
    endloop
  endfacet
  facet normal -0.737089 -0.675796 0
    outer loop
      vertex -70.7626 1.23744 2.4
      vertex -70.6594 1.12488 0
      vertex -70.6594 1.12488 2.4
    endloop
  endfacet
  facet normal -0.130512 0.991447 0
    outer loop
      vertex -71.6961 -1.72341 0
      vertex -71.8475 -1.74334 2.4
      vertex -71.6961 -1.72341 2.4
    endloop
  endfacet
  facet normal -0.130512 0.991447 0
    outer loop
      vertex -71.8475 -1.74334 2.4
      vertex -71.6961 -1.72341 0
      vertex -71.8475 -1.74334 0
    endloop
  endfacet
  facet normal -0.999037 0.0438858 0
    outer loop
      vertex -70.2567 -0.152522 0
      vertex -70.25 0 2.4
      vertex -70.25 0 0
    endloop
  endfacet
  facet normal -0.999037 0.0438858 0
    outer loop
      vertex -70.25 0 2.4
      vertex -70.2567 -0.152522 0
      vertex -70.2567 -0.152522 2.4
    endloop
  endfacet
  facet normal -0.382541 -0.923939 0
    outer loop
      vertex -71.4015 1.64446 0
      vertex -71.2604 1.58604 2.4
      vertex -71.4015 1.64446 2.4
    endloop
  endfacet
  facet normal -0.382541 -0.923939 -0
    outer loop
      vertex -71.2604 1.58604 2.4
      vertex -71.4015 1.64446 0
      vertex -71.2604 1.58604 0
    endloop
  endfacet
  facet normal -0.793476 0.608602 0
    outer loop
      vertex -70.6594 -1.12488 0
      vertex -70.5665 -1.00376 2.4
      vertex -70.5665 -1.00376 0
    endloop
  endfacet
  facet normal -0.793476 0.608602 0
    outer loop
      vertex -70.5665 -1.00376 2.4
      vertex -70.6594 -1.12488 0
      vertex -70.6594 -1.12488 2.4
    endloop
  endfacet
  facet normal 0.130512 -0.991447 0
    outer loop
      vertex -72.3039 1.72341 0
      vertex -72.1525 1.74334 2.4
      vertex -72.3039 1.72341 2.4
    endloop
  endfacet
  facet normal 0.130512 -0.991447 0
    outer loop
      vertex -72.1525 1.74334 2.4
      vertex -72.3039 1.72341 0
      vertex -72.1525 1.74334 0
    endloop
  endfacet
  facet normal -0.537138 0.843494 0
    outer loop
      vertex -70.9962 -1.43352 0
      vertex -71.125 -1.51554 2.4
      vertex -70.9962 -1.43352 2.4
    endloop
  endfacet
  facet normal -0.537138 0.843494 0
    outer loop
      vertex -71.125 -1.51554 2.4
      vertex -70.9962 -1.43352 0
      vertex -71.125 -1.51554 0
    endloop
  endfacet
  facet normal -0.923702 -0.383113 0
    outer loop
      vertex -70.3555 0.598535 0
      vertex -70.414 0.739581 2.4
      vertex -70.414 0.739581 0
    endloop
  endfacet
  facet normal -0.923702 -0.383113 0
    outer loop
      vertex -70.414 0.739581 2.4
      vertex -70.3555 0.598535 0
      vertex -70.3555 0.598535 2.4
    endloop
  endfacet
  facet normal 0.976356 0.216169 0
    outer loop
      vertex -73.6904 -0.452933 2.4
      vertex -73.7234 -0.303884 0
      vertex -73.7234 -0.303884 2.4
    endloop
  endfacet
  facet normal 0.976356 0.216169 0
    outer loop
      vertex -73.7234 -0.303884 0
      vertex -73.6904 -0.452933 2.4
      vertex -73.6904 -0.452933 0
    endloop
  endfacet
  facet normal -0.953732 -0.300657 0
    outer loop
      vertex -70.3096 0.452933 0
      vertex -70.3555 0.598535 2.4
      vertex -70.3555 0.598535 0
    endloop
  endfacet
  facet normal -0.953732 -0.300657 0
    outer loop
      vertex -70.3555 0.598535 2.4
      vertex -70.3096 0.452933 0
      vertex -70.3096 0.452933 2.4
    endloop
  endfacet
  facet normal -0.382541 0.923939 0
    outer loop
      vertex -71.2604 -1.58604 0
      vertex -71.4015 -1.64446 2.4
      vertex -71.2604 -1.58604 2.4
    endloop
  endfacet
  facet normal -0.382541 0.923939 0
    outer loop
      vertex -71.4015 -1.64446 2.4
      vertex -71.2604 -1.58604 0
      vertex -71.4015 -1.64446 0
    endloop
  endfacet
  facet normal 0.976356 -0.216169 0
    outer loop
      vertex -73.7234 0.303884 2.4
      vertex -73.6904 0.452933 0
      vertex -73.6904 0.452933 2.4
    endloop
  endfacet
  facet normal 0.976356 -0.216169 0
    outer loop
      vertex -73.6904 0.452933 0
      vertex -73.7234 0.303884 2.4
      vertex -73.7234 0.303884 0
    endloop
  endfacet
  facet normal 0.216486 -0.976286 0
    outer loop
      vertex -72.4529 1.69037 0
      vertex -72.3039 1.72341 2.4
      vertex -72.4529 1.69037 2.4
    endloop
  endfacet
  facet normal 0.216486 -0.976286 0
    outer loop
      vertex -72.3039 1.72341 2.4
      vertex -72.4529 1.69037 0
      vertex -72.3039 1.72341 0
    endloop
  endfacet
  facet normal -0.300721 -0.953712 0
    outer loop
      vertex -71.5471 1.69037 0
      vertex -71.4015 1.64446 2.4
      vertex -71.5471 1.69037 2.4
    endloop
  endfacet
  facet normal -0.300721 -0.953712 -0
    outer loop
      vertex -71.4015 1.64446 2.4
      vertex -71.5471 1.69037 0
      vertex -71.4015 1.64446 0
    endloop
  endfacet
  facet normal -0.923702 0.383113 0
    outer loop
      vertex -70.414 -0.739581 0
      vertex -70.3555 -0.598535 2.4
      vertex -70.3555 -0.598535 0
    endloop
  endfacet
  facet normal -0.923702 0.383113 0
    outer loop
      vertex -70.3555 -0.598535 2.4
      vertex -70.414 -0.739581 0
      vertex -70.414 -0.739581 2.4
    endloop
  endfacet
  facet normal -0.60883 0.7933 0
    outer loop
      vertex -70.8751 -1.34058 0
      vertex -70.9962 -1.43352 2.4
      vertex -70.8751 -1.34058 2.4
    endloop
  endfacet
  facet normal -0.60883 0.7933 0
    outer loop
      vertex -70.9962 -1.43352 2.4
      vertex -70.8751 -1.34058 0
      vertex -70.9962 -1.43352 0
    endloop
  endfacet
  facet normal -0.537138 -0.843494 0
    outer loop
      vertex -71.125 1.51554 0
      vertex -70.9962 1.43352 2.4
      vertex -71.125 1.51554 2.4
    endloop
  endfacet
  facet normal -0.537138 -0.843494 -0
    outer loop
      vertex -70.9962 1.43352 2.4
      vertex -71.125 1.51554 0
      vertex -70.9962 1.43352 0
    endloop
  endfacet
  facet normal 0.0436305 0.999048 -0
    outer loop
      vertex -72 -1.75 0
      vertex -72.1525 -1.74334 2.4
      vertex -72 -1.75 2.4
    endloop
  endfacet
  facet normal 0.0436305 0.999048 0
    outer loop
      vertex -72.1525 -1.74334 2.4
      vertex -72 -1.75 0
      vertex -72.1525 -1.74334 0
    endloop
  endfacet
  facet normal 0.793476 -0.608602 0
    outer loop
      vertex -73.4335 1.00376 2.4
      vertex -73.3406 1.12488 0
      vertex -73.3406 1.12488 2.4
    endloop
  endfacet
  facet normal 0.793476 -0.608602 0
    outer loop
      vertex -73.3406 1.12488 0
      vertex -73.4335 1.00376 2.4
      vertex -73.4335 1.00376 0
    endloop
  endfacet
  facet normal 0.953732 0.300657 0
    outer loop
      vertex -73.6445 -0.598535 2.4
      vertex -73.6904 -0.452933 0
      vertex -73.6904 -0.452933 2.4
    endloop
  endfacet
  facet normal 0.953732 0.300657 0
    outer loop
      vertex -73.6904 -0.452933 0
      vertex -73.6445 -0.598535 2.4
      vertex -73.6445 -0.598535 0
    endloop
  endfacet
  facet normal -0.60883 -0.7933 0
    outer loop
      vertex -70.9962 1.43352 0
      vertex -70.8751 1.34058 2.4
      vertex -70.9962 1.43352 2.4
    endloop
  endfacet
  facet normal -0.60883 -0.7933 -0
    outer loop
      vertex -70.8751 1.34058 2.4
      vertex -70.9962 1.43352 0
      vertex -70.8751 1.34058 0
    endloop
  endfacet
  facet normal 0.953732 -0.300657 0
    outer loop
      vertex -73.6904 0.452933 2.4
      vertex -73.6445 0.598535 0
      vertex -73.6445 0.598535 2.4
    endloop
  endfacet
  facet normal 0.953732 -0.300657 0
    outer loop
      vertex -73.6445 0.598535 0
      vertex -73.6904 0.452933 2.4
      vertex -73.6904 0.452933 0
    endloop
  endfacet
  facet normal -0.300721 0.953712 0
    outer loop
      vertex -71.4015 -1.64446 0
      vertex -71.5471 -1.69037 2.4
      vertex -71.4015 -1.64446 2.4
    endloop
  endfacet
  facet normal -0.300721 0.953712 0
    outer loop
      vertex -71.5471 -1.69037 2.4
      vertex -71.4015 -1.64446 0
      vertex -71.5471 -1.69037 0
    endloop
  endfacet
  facet normal -0.843478 -0.537164 0
    outer loop
      vertex -70.4845 0.875 0
      vertex -70.5665 1.00376 2.4
      vertex -70.5665 1.00376 0
    endloop
  endfacet
  facet normal -0.843478 -0.537164 0
    outer loop
      vertex -70.5665 1.00376 2.4
      vertex -70.4845 0.875 0
      vertex -70.4845 0.875 2.4
    endloop
  endfacet
  facet normal 0.793476 0.608602 0
    outer loop
      vertex -73.3406 -1.12488 2.4
      vertex -73.4335 -1.00376 0
      vertex -73.4335 -1.00376 2.4
    endloop
  endfacet
  facet normal 0.793476 0.608602 0
    outer loop
      vertex -73.4335 -1.00376 0
      vertex -73.3406 -1.12488 2.4
      vertex -73.3406 -1.12488 0
    endloop
  endfacet
  facet normal -0.953732 0.300657 0
    outer loop
      vertex -70.3555 -0.598535 0
      vertex -70.3096 -0.452933 2.4
      vertex -70.3096 -0.452933 0
    endloop
  endfacet
  facet normal -0.953732 0.300657 0
    outer loop
      vertex -70.3096 -0.452933 2.4
      vertex -70.3555 -0.598535 0
      vertex -70.3555 -0.598535 2.4
    endloop
  endfacet
  facet normal -0.976356 0.216169 0
    outer loop
      vertex -70.3096 -0.452933 0
      vertex -70.2766 -0.303884 2.4
      vertex -70.2766 -0.303884 0
    endloop
  endfacet
  facet normal -0.976356 0.216169 0
    outer loop
      vertex -70.2766 -0.303884 2.4
      vertex -70.3096 -0.452933 0
      vertex -70.3096 -0.452933 2.4
    endloop
  endfacet
  facet normal -0.0436305 -0.999048 0
    outer loop
      vertex -72 1.75 0
      vertex -71.8475 1.74334 2.4
      vertex -72 1.75 2.4
    endloop
  endfacet
  facet normal -0.0436305 -0.999048 -0
    outer loop
      vertex -71.8475 1.74334 2.4
      vertex -72 1.75 0
      vertex -71.8475 1.74334 0
    endloop
  endfacet
  facet normal 0.60883 -0.7933 0
    outer loop
      vertex -73.1249 1.34058 0
      vertex -73.0038 1.43352 2.4
      vertex -73.1249 1.34058 2.4
    endloop
  endfacet
  facet normal 0.60883 -0.7933 0
    outer loop
      vertex -73.0038 1.43352 2.4
      vertex -73.1249 1.34058 0
      vertex -73.0038 1.43352 0
    endloop
  endfacet
  facet normal -0.0436305 0.999048 0
    outer loop
      vertex -71.8475 -1.74334 0
      vertex -72 -1.75 2.4
      vertex -71.8475 -1.74334 2.4
    endloop
  endfacet
  facet normal -0.0436305 0.999048 0
    outer loop
      vertex -72 -1.75 2.4
      vertex -71.8475 -1.74334 0
      vertex -72 -1.75 0
    endloop
  endfacet
  facet normal 0.382541 -0.923939 0
    outer loop
      vertex -72.7396 1.58604 0
      vertex -72.5985 1.64446 2.4
      vertex -72.7396 1.58604 2.4
    endloop
  endfacet
  facet normal 0.382541 -0.923939 0
    outer loop
      vertex -72.5985 1.64446 2.4
      vertex -72.7396 1.58604 0
      vertex -72.5985 1.64446 0
    endloop
  endfacet
  facet normal -0.843478 0.537164 0
    outer loop
      vertex -70.5665 -1.00376 0
      vertex -70.4845 -0.875 2.4
      vertex -70.4845 -0.875 0
    endloop
  endfacet
  facet normal -0.843478 0.537164 0
    outer loop
      vertex -70.4845 -0.875 2.4
      vertex -70.5665 -1.00376 0
      vertex -70.5665 -1.00376 2.4
    endloop
  endfacet
  facet normal 0.886997 0.461776 0
    outer loop
      vertex -73.5155 -0.875 2.4
      vertex -73.586 -0.739581 0
      vertex -73.586 -0.739581 2.4
    endloop
  endfacet
  facet normal 0.886997 0.461776 0
    outer loop
      vertex -73.586 -0.739581 0
      vertex -73.5155 -0.875 2.4
      vertex -73.5155 -0.875 0
    endloop
  endfacet
  facet normal -0.461827 -0.88697 0
    outer loop
      vertex -71.2604 1.58604 0
      vertex -71.125 1.51554 2.4
      vertex -71.2604 1.58604 2.4
    endloop
  endfacet
  facet normal -0.461827 -0.88697 -0
    outer loop
      vertex -71.125 1.51554 2.4
      vertex -71.2604 1.58604 0
      vertex -71.125 1.51554 0
    endloop
  endfacet
  facet normal -0.991468 0.130351 0
    outer loop
      vertex -70.2766 -0.303884 0
      vertex -70.2567 -0.152522 2.4
      vertex -70.2567 -0.152522 0
    endloop
  endfacet
  facet normal -0.991468 0.130351 0
    outer loop
      vertex -70.2567 -0.152522 2.4
      vertex -70.2766 -0.303884 0
      vertex -70.2766 -0.303884 2.4
    endloop
  endfacet
  facet normal 0.461827 -0.88697 0
    outer loop
      vertex -72.875 1.51554 0
      vertex -72.7396 1.58604 2.4
      vertex -72.875 1.51554 2.4
    endloop
  endfacet
  facet normal 0.461827 -0.88697 0
    outer loop
      vertex -72.7396 1.58604 2.4
      vertex -72.875 1.51554 0
      vertex -72.7396 1.58604 0
    endloop
  endfacet
  facet normal 0.923702 0.383113 0
    outer loop
      vertex -73.586 -0.739581 2.4
      vertex -73.6445 -0.598535 0
      vertex -73.6445 -0.598535 2.4
    endloop
  endfacet
  facet normal 0.923702 0.383113 0
    outer loop
      vertex -73.6445 -0.598535 0
      vertex -73.586 -0.739581 2.4
      vertex -73.586 -0.739581 0
    endloop
  endfacet
  facet normal -0.886997 -0.461776 0
    outer loop
      vertex -70.414 0.739581 0
      vertex -70.4845 0.875 2.4
      vertex -70.4845 0.875 0
    endloop
  endfacet
  facet normal -0.886997 -0.461776 0
    outer loop
      vertex -70.4845 0.875 2.4
      vertex -70.414 0.739581 0
      vertex -70.414 0.739581 2.4
    endloop
  endfacet
  facet normal 0.923702 -0.383113 0
    outer loop
      vertex -73.6445 0.598535 2.4
      vertex -73.586 0.739581 0
      vertex -73.586 0.739581 2.4
    endloop
  endfacet
  facet normal 0.923702 -0.383113 0
    outer loop
      vertex -73.586 0.739581 0
      vertex -73.6445 0.598535 2.4
      vertex -73.6445 0.598535 0
    endloop
  endfacet
  facet normal 0.130512 0.991447 -0
    outer loop
      vertex -72.1525 -1.74334 0
      vertex -72.3039 -1.72341 2.4
      vertex -72.1525 -1.74334 2.4
    endloop
  endfacet
  facet normal 0.130512 0.991447 0
    outer loop
      vertex -72.3039 -1.72341 2.4
      vertex -72.1525 -1.74334 0
      vertex -72.3039 -1.72341 0
    endloop
  endfacet
  facet normal -0.461827 0.88697 0
    outer loop
      vertex -71.125 -1.51554 0
      vertex -71.2604 -1.58604 2.4
      vertex -71.125 -1.51554 2.4
    endloop
  endfacet
  facet normal -0.461827 0.88697 0
    outer loop
      vertex -71.2604 -1.58604 2.4
      vertex -71.125 -1.51554 0
      vertex -71.2604 -1.58604 0
    endloop
  endfacet
  facet normal 0.675778 -0.737105 0
    outer loop
      vertex -73.2374 1.23744 0
      vertex -73.1249 1.34058 2.4
      vertex -73.2374 1.23744 2.4
    endloop
  endfacet
  facet normal 0.675778 -0.737105 0
    outer loop
      vertex -73.1249 1.34058 2.4
      vertex -73.2374 1.23744 0
      vertex -73.1249 1.34058 0
    endloop
  endfacet
  facet normal 0.461827 0.88697 -0
    outer loop
      vertex -72.7396 -1.58604 0
      vertex -72.875 -1.51554 2.4
      vertex -72.7396 -1.58604 2.4
    endloop
  endfacet
  facet normal 0.461827 0.88697 0
    outer loop
      vertex -72.875 -1.51554 2.4
      vertex -72.7396 -1.58604 0
      vertex -72.875 -1.51554 0
    endloop
  endfacet
  facet normal 0.999037 0.0438858 0
    outer loop
      vertex -73.7433 -0.152522 2.4
      vertex -73.75 0 0
      vertex -73.75 0 2.4
    endloop
  endfacet
  facet normal 0.999037 0.0438858 0
    outer loop
      vertex -73.75 0 0
      vertex -73.7433 -0.152522 2.4
      vertex -73.7433 -0.152522 0
    endloop
  endfacet
  facet normal 0.0436305 -0.999048 0
    outer loop
      vertex -72.1525 1.74334 0
      vertex -72 1.75 2.4
      vertex -72.1525 1.74334 2.4
    endloop
  endfacet
  facet normal 0.0436305 -0.999048 0
    outer loop
      vertex -72 1.75 2.4
      vertex -72.1525 1.74334 0
      vertex -72 1.75 0
    endloop
  endfacet
  facet normal 0.60883 0.7933 -0
    outer loop
      vertex -73.0038 -1.43352 0
      vertex -73.1249 -1.34058 2.4
      vertex -73.0038 -1.43352 2.4
    endloop
  endfacet
  facet normal 0.60883 0.7933 0
    outer loop
      vertex -73.1249 -1.34058 2.4
      vertex -73.0038 -1.43352 0
      vertex -73.1249 -1.34058 0
    endloop
  endfacet
  facet normal -0.216486 0.976286 0
    outer loop
      vertex -71.5471 -1.69037 0
      vertex -71.6961 -1.72341 2.4
      vertex -71.5471 -1.69037 2.4
    endloop
  endfacet
  facet normal -0.216486 0.976286 0
    outer loop
      vertex -71.6961 -1.72341 2.4
      vertex -71.5471 -1.69037 0
      vertex -71.6961 -1.72341 0
    endloop
  endfacet
  facet normal 0.886997 -0.461776 0
    outer loop
      vertex -73.586 0.739581 2.4
      vertex -73.5155 0.875 0
      vertex -73.5155 0.875 2.4
    endloop
  endfacet
  facet normal 0.886997 -0.461776 0
    outer loop
      vertex -73.5155 0.875 0
      vertex -73.586 0.739581 2.4
      vertex -73.586 0.739581 0
    endloop
  endfacet
  facet normal 0.737089 0.675796 0
    outer loop
      vertex -73.2374 -1.23744 2.4
      vertex -73.3406 -1.12488 0
      vertex -73.3406 -1.12488 2.4
    endloop
  endfacet
  facet normal 0.737089 0.675796 0
    outer loop
      vertex -73.3406 -1.12488 0
      vertex -73.2374 -1.23744 2.4
      vertex -73.2374 -1.23744 0
    endloop
  endfacet
  facet normal 0.991468 0.130351 0
    outer loop
      vertex -73.7234 -0.303884 2.4
      vertex -73.7433 -0.152522 0
      vertex -73.7433 -0.152522 2.4
    endloop
  endfacet
  facet normal 0.991468 0.130351 0
    outer loop
      vertex -73.7433 -0.152522 0
      vertex -73.7234 -0.303884 2.4
      vertex -73.7234 -0.303884 0
    endloop
  endfacet
  facet normal 0.537138 -0.843494 0
    outer loop
      vertex -73.0038 1.43352 0
      vertex -72.875 1.51554 2.4
      vertex -73.0038 1.43352 2.4
    endloop
  endfacet
  facet normal 0.537138 -0.843494 0
    outer loop
      vertex -72.875 1.51554 2.4
      vertex -73.0038 1.43352 0
      vertex -72.875 1.51554 0
    endloop
  endfacet
  facet normal -0.886997 0.461776 0
    outer loop
      vertex -70.4845 -0.875 0
      vertex -70.414 -0.739581 2.4
      vertex -70.414 -0.739581 0
    endloop
  endfacet
  facet normal -0.886997 0.461776 0
    outer loop
      vertex -70.414 -0.739581 2.4
      vertex -70.4845 -0.875 0
      vertex -70.4845 -0.875 2.4
    endloop
  endfacet
  facet normal 0.737089 -0.675796 0
    outer loop
      vertex -73.3406 1.12488 2.4
      vertex -73.2374 1.23744 0
      vertex -73.2374 1.23744 2.4
    endloop
  endfacet
  facet normal 0.737089 -0.675796 0
    outer loop
      vertex -73.2374 1.23744 0
      vertex -73.3406 1.12488 2.4
      vertex -73.3406 1.12488 0
    endloop
  endfacet
  facet normal 0.675778 0.737105 -0
    outer loop
      vertex -73.1249 -1.34058 0
      vertex -73.2374 -1.23744 2.4
      vertex -73.1249 -1.34058 2.4
    endloop
  endfacet
  facet normal 0.675778 0.737105 0
    outer loop
      vertex -73.2374 -1.23744 2.4
      vertex -73.1249 -1.34058 0
      vertex -73.2374 -1.23744 0
    endloop
  endfacet
  facet normal 0.991468 -0.130351 0
    outer loop
      vertex -73.7433 0.152522 2.4
      vertex -73.7234 0.303884 0
      vertex -73.7234 0.303884 2.4
    endloop
  endfacet
  facet normal 0.991468 -0.130351 0
    outer loop
      vertex -73.7234 0.303884 0
      vertex -73.7433 0.152522 2.4
      vertex -73.7433 0.152522 0
    endloop
  endfacet
  facet normal 0.999037 -0.0438858 0
    outer loop
      vertex -73.75 0 2.4
      vertex -73.7433 0.152522 0
      vertex -73.7433 0.152522 2.4
    endloop
  endfacet
  facet normal 0.999037 -0.0438858 0
    outer loop
      vertex -73.7433 0.152522 0
      vertex -73.75 0 2.4
      vertex -73.75 0 0
    endloop
  endfacet
  facet normal 0.382541 0.923939 -0
    outer loop
      vertex -72.5985 -1.64446 0
      vertex -72.7396 -1.58604 2.4
      vertex -72.5985 -1.64446 2.4
    endloop
  endfacet
  facet normal 0.382541 0.923939 0
    outer loop
      vertex -72.7396 -1.58604 2.4
      vertex -72.5985 -1.64446 0
      vertex -72.7396 -1.58604 0
    endloop
  endfacet
  facet normal 0.537138 0.843494 -0
    outer loop
      vertex -72.875 -1.51554 0
      vertex -73.0038 -1.43352 2.4
      vertex -72.875 -1.51554 2.4
    endloop
  endfacet
  facet normal 0.537138 0.843494 0
    outer loop
      vertex -73.0038 -1.43352 2.4
      vertex -72.875 -1.51554 0
      vertex -73.0038 -1.43352 0
    endloop
  endfacet
  facet normal 0.300721 0.953712 -0
    outer loop
      vertex -72.4529 -1.69037 0
      vertex -72.5985 -1.64446 2.4
      vertex -72.4529 -1.69037 2.4
    endloop
  endfacet
  facet normal 0.300721 0.953712 0
    outer loop
      vertex -72.5985 -1.64446 2.4
      vertex -72.4529 -1.69037 0
      vertex -72.5985 -1.64446 0
    endloop
  endfacet
  facet normal -0.737089 0.675796 0
    outer loop
      vertex -70.7626 -1.23744 0
      vertex -70.6594 -1.12488 2.4
      vertex -70.6594 -1.12488 0
    endloop
  endfacet
  facet normal -0.737089 0.675796 0
    outer loop
      vertex -70.6594 -1.12488 2.4
      vertex -70.7626 -1.23744 0
      vertex -70.7626 -1.23744 2.4
    endloop
  endfacet
  facet normal 0.843478 -0.537164 0
    outer loop
      vertex -73.5155 0.875 2.4
      vertex -73.4335 1.00376 0
      vertex -73.4335 1.00376 2.4
    endloop
  endfacet
  facet normal 0.843478 -0.537164 0
    outer loop
      vertex -73.4335 1.00376 0
      vertex -73.5155 0.875 2.4
      vertex -73.5155 0.875 0
    endloop
  endfacet
  facet normal -0.991472 -0.130319 0
    outer loop
      vertex -34.2567 -62.2013 0
      vertex -34.2766 -62.0499 2.4
      vertex -34.2766 -62.0499 0
    endloop
  endfacet
  facet normal -0.991472 -0.130319 0
    outer loop
      vertex -34.2766 -62.0499 2.4
      vertex -34.2567 -62.2013 0
      vertex -34.2567 -62.2013 2.4
    endloop
  endfacet
  facet normal -0.999036 -0.0438921 0
    outer loop
      vertex -34.25 -62.3538 0
      vertex -34.2567 -62.2013 2.4
      vertex -34.2567 -62.2013 0
    endloop
  endfacet
  facet normal -0.999036 -0.0438921 0
    outer loop
      vertex -34.2567 -62.2013 2.4
      vertex -34.25 -62.3538 0
      vertex -34.25 -62.3538 2.4
    endloop
  endfacet
  facet normal -0.976341 -0.216237 0
    outer loop
      vertex -34.2766 -62.0499 0
      vertex -34.3096 -61.9009 2.4
      vertex -34.3096 -61.9009 0
    endloop
  endfacet
  facet normal -0.976341 -0.216237 0
    outer loop
      vertex -34.3096 -61.9009 2.4
      vertex -34.2766 -62.0499 0
      vertex -34.2766 -62.0499 2.4
    endloop
  endfacet
  facet normal 0.923657 0.38322 0
    outer loop
      vertex -37.586 -63.0934 2.4
      vertex -37.6445 -62.9524 0
      vertex -37.6445 -62.9524 2.4
    endloop
  endfacet
  facet normal 0.923657 0.38322 0
    outer loop
      vertex -37.6445 -62.9524 0
      vertex -37.586 -63.0934 2.4
      vertex -37.586 -63.0934 0
    endloop
  endfacet
  facet normal 0.216237 0.976341 -0
    outer loop
      vertex -36.3039 -64.0772 0
      vertex -36.4529 -64.0442 2.4
      vertex -36.3039 -64.0772 2.4
    endloop
  endfacet
  facet normal 0.216237 0.976341 0
    outer loop
      vertex -36.4529 -64.0442 2.4
      vertex -36.3039 -64.0772 0
      vertex -36.4529 -64.0442 0
    endloop
  endfacet
  facet normal 0.461827 -0.88697 0
    outer loop
      vertex -36.875 -60.8383 0
      vertex -36.7396 -60.7678 2.4
      vertex -36.875 -60.8383 2.4
    endloop
  endfacet
  facet normal 0.461827 -0.88697 0
    outer loop
      vertex -36.7396 -60.7678 2.4
      vertex -36.875 -60.8383 0
      vertex -36.7396 -60.7678 0
    endloop
  endfacet
  facet normal -0.675636 -0.737236 0
    outer loop
      vertex -34.8751 -61.0133 0
      vertex -34.7626 -61.1164 2.4
      vertex -34.8751 -61.0133 2.4
    endloop
  endfacet
  facet normal -0.675636 -0.737236 -0
    outer loop
      vertex -34.7626 -61.1164 2.4
      vertex -34.8751 -61.0133 0
      vertex -34.7626 -61.1164 0
    endloop
  endfacet
  facet normal -0.675636 0.737236 0
    outer loop
      vertex -34.7626 -63.5913 0
      vertex -34.8751 -63.6944 2.4
      vertex -34.7626 -63.5913 2.4
    endloop
  endfacet
  facet normal -0.675636 0.737236 0
    outer loop
      vertex -34.8751 -63.6944 2.4
      vertex -34.7626 -63.5913 0
      vertex -34.8751 -63.6944 0
    endloop
  endfacet
  facet normal 0.0432382 0.999065 -0
    outer loop
      vertex -36 -64.1038 0
      vertex -36.1525 -64.0972 2.4
      vertex -36 -64.1038 2.4
    endloop
  endfacet
  facet normal 0.0432382 0.999065 0
    outer loop
      vertex -36.1525 -64.0972 2.4
      vertex -36 -64.1038 0
      vertex -36.1525 -64.0972 0
    endloop
  endfacet
  facet normal -0.999038 0.0438634 0
    outer loop
      vertex -34.2567 -62.5064 0
      vertex -34.25 -62.3538 2.4
      vertex -34.25 -62.3538 0
    endloop
  endfacet
  facet normal -0.999038 0.0438634 0
    outer loop
      vertex -34.25 -62.3538 2.4
      vertex -34.2567 -62.5064 0
      vertex -34.2567 -62.5064 2.4
    endloop
  endfacet
  facet normal -0.382429 -0.923985 0
    outer loop
      vertex -35.4015 -60.7094 0
      vertex -35.2604 -60.7678 2.4
      vertex -35.4015 -60.7094 2.4
    endloop
  endfacet
  facet normal -0.382429 -0.923985 -0
    outer loop
      vertex -35.2604 -60.7678 2.4
      vertex -35.4015 -60.7094 0
      vertex -35.2604 -60.7678 0
    endloop
  endfacet
  facet normal -0.793427 0.608665 0
    outer loop
      vertex -34.6594 -63.4787 0
      vertex -34.5665 -63.3576 2.4
      vertex -34.5665 -63.3576 0
    endloop
  endfacet
  facet normal -0.793427 0.608665 0
    outer loop
      vertex -34.5665 -63.3576 2.4
      vertex -34.6594 -63.4787 0
      vertex -34.6594 -63.4787 2.4
    endloop
  endfacet
  facet normal 0.130319 -0.991472 0
    outer loop
      vertex -36.3039 -60.6304 0
      vertex -36.1525 -60.6105 2.4
      vertex -36.3039 -60.6304 2.4
    endloop
  endfacet
  facet normal 0.130319 -0.991472 0
    outer loop
      vertex -36.1525 -60.6105 2.4
      vertex -36.3039 -60.6304 0
      vertex -36.1525 -60.6105 0
    endloop
  endfacet
  facet normal -0.923753 -0.382988 0
    outer loop
      vertex -34.3555 -61.7553 0
      vertex -34.414 -61.6142 2.4
      vertex -34.414 -61.6142 0
    endloop
  endfacet
  facet normal -0.923753 -0.382988 0
    outer loop
      vertex -34.414 -61.6142 2.4
      vertex -34.3555 -61.7553 0
      vertex -34.3555 -61.7553 2.4
    endloop
  endfacet
  facet normal -0.130319 -0.991472 0
    outer loop
      vertex -35.8475 -60.6105 0
      vertex -35.6961 -60.6304 2.4
      vertex -35.8475 -60.6105 2.4
    endloop
  endfacet
  facet normal -0.130319 -0.991472 -0
    outer loop
      vertex -35.6961 -60.6304 2.4
      vertex -35.8475 -60.6105 0
      vertex -35.6961 -60.6304 0
    endloop
  endfacet
  facet normal -0.953731 -0.300661 0
    outer loop
      vertex -34.3096 -61.9009 0
      vertex -34.3555 -61.7553 2.4
      vertex -34.3555 -61.7553 0
    endloop
  endfacet
  facet normal -0.953731 -0.300661 0
    outer loop
      vertex -34.3555 -61.7553 2.4
      vertex -34.3096 -61.9009 0
      vertex -34.3096 -61.9009 2.4
    endloop
  endfacet
  facet normal 0.953731 -0.300661 0
    outer loop
      vertex -37.6904 -61.9009 2.4
      vertex -37.6445 -61.7553 0
      vertex -37.6445 -61.7553 2.4
    endloop
  endfacet
  facet normal 0.953731 -0.300661 0
    outer loop
      vertex -37.6445 -61.7553 0
      vertex -37.6904 -61.9009 2.4
      vertex -37.6904 -61.9009 0
    endloop
  endfacet
  facet normal 0.216861 -0.976202 0
    outer loop
      vertex -36.4529 -60.6635 0
      vertex -36.3039 -60.6304 2.4
      vertex -36.4529 -60.6635 2.4
    endloop
  endfacet
  facet normal 0.216861 -0.976202 0
    outer loop
      vertex -36.3039 -60.6304 2.4
      vertex -36.4529 -60.6635 0
      vertex -36.3039 -60.6304 0
    endloop
  endfacet
  facet normal -0.923657 0.38322 0
    outer loop
      vertex -34.414 -63.0934 0
      vertex -34.3555 -62.9524 2.4
      vertex -34.3555 -62.9524 0
    endloop
  endfacet
  facet normal -0.923657 0.38322 0
    outer loop
      vertex -34.3555 -62.9524 2.4
      vertex -34.414 -63.0934 0
      vertex -34.414 -63.0934 2.4
    endloop
  endfacet
  facet normal -0.537045 -0.843554 0
    outer loop
      vertex -35.125 -60.8383 0
      vertex -34.9962 -60.9203 2.4
      vertex -35.125 -60.8383 2.4
    endloop
  endfacet
  facet normal -0.537045 -0.843554 -0
    outer loop
      vertex -34.9962 -60.9203 2.4
      vertex -35.125 -60.8383 0
      vertex -34.9962 -60.9203 0
    endloop
  endfacet
  facet normal -0.300661 -0.953731 0
    outer loop
      vertex -35.5471 -60.6635 0
      vertex -35.4015 -60.7094 2.4
      vertex -35.5471 -60.6635 2.4
    endloop
  endfacet
  facet normal -0.300661 -0.953731 -0
    outer loop
      vertex -35.4015 -60.7094 2.4
      vertex -35.5471 -60.6635 0
      vertex -35.4015 -60.7094 0
    endloop
  endfacet
  facet normal 0.737208 -0.675665 0
    outer loop
      vertex -37.3406 -61.229 2.4
      vertex -37.2374 -61.1164 0
      vertex -37.2374 -61.1164 2.4
    endloop
  endfacet
  facet normal 0.737208 -0.675665 0
    outer loop
      vertex -37.2374 -61.1164 0
      vertex -37.3406 -61.229 2.4
      vertex -37.3406 -61.229 0
    endloop
  endfacet
  facet normal -0.843365 -0.537342 0
    outer loop
      vertex -34.4845 -61.4788 0
      vertex -34.5665 -61.3501 2.4
      vertex -34.5665 -61.3501 0
    endloop
  endfacet
  facet normal -0.843365 -0.537342 0
    outer loop
      vertex -34.5665 -61.3501 2.4
      vertex -34.4845 -61.4788 0
      vertex -34.4845 -61.4788 2.4
    endloop
  endfacet
  facet normal 0.793427 0.608665 0
    outer loop
      vertex -37.3406 -63.4787 2.4
      vertex -37.4335 -63.3576 0
      vertex -37.4335 -63.3576 2.4
    endloop
  endfacet
  facet normal 0.793427 0.608665 0
    outer loop
      vertex -37.4335 -63.3576 0
      vertex -37.3406 -63.4787 2.4
      vertex -37.3406 -63.4787 0
    endloop
  endfacet
  facet normal -0.953731 0.300661 0
    outer loop
      vertex -34.3555 -62.9524 0
      vertex -34.3096 -62.8068 2.4
      vertex -34.3096 -62.8068 0
    endloop
  endfacet
  facet normal -0.953731 0.300661 0
    outer loop
      vertex -34.3096 -62.8068 2.4
      vertex -34.3555 -62.9524 0
      vertex -34.3555 -62.9524 2.4
    endloop
  endfacet
  facet normal -0.976372 0.216098 0
    outer loop
      vertex -34.3096 -62.8068 0
      vertex -34.2766 -62.6577 2.4
      vertex -34.2766 -62.6577 0
    endloop
  endfacet
  facet normal -0.976372 0.216098 0
    outer loop
      vertex -34.2766 -62.6577 2.4
      vertex -34.3096 -62.8068 0
      vertex -34.3096 -62.8068 2.4
    endloop
  endfacet
  facet normal -0.461827 0.88697 0
    outer loop
      vertex -35.125 -63.8694 0
      vertex -35.2604 -63.9399 2.4
      vertex -35.125 -63.8694 2.4
    endloop
  endfacet
  facet normal -0.461827 0.88697 0
    outer loop
      vertex -35.2604 -63.9399 2.4
      vertex -35.125 -63.8694 0
      vertex -35.2604 -63.9399 0
    endloop
  endfacet
  facet normal -0.609078 -0.793111 0
    outer loop
      vertex -34.9962 -60.9203 0
      vertex -34.8751 -61.0133 2.4
      vertex -34.9962 -60.9203 2.4
    endloop
  endfacet
  facet normal -0.609078 -0.793111 -0
    outer loop
      vertex -34.8751 -61.0133 2.4
      vertex -34.9962 -60.9203 0
      vertex -34.8751 -61.0133 0
    endloop
  endfacet
  facet normal 0.675636 0.737236 -0
    outer loop
      vertex -37.1249 -63.6944 0
      vertex -37.2374 -63.5913 2.4
      vertex -37.1249 -63.6944 2.4
    endloop
  endfacet
  facet normal 0.675636 0.737236 0
    outer loop
      vertex -37.2374 -63.5913 2.4
      vertex -37.1249 -63.6944 0
      vertex -37.2374 -63.5913 0
    endloop
  endfacet
  facet normal 0.609078 -0.793111 0
    outer loop
      vertex -37.1249 -61.0133 0
      vertex -37.0038 -60.9203 2.4
      vertex -37.1249 -61.0133 2.4
    endloop
  endfacet
  facet normal 0.609078 -0.793111 0
    outer loop
      vertex -37.0038 -60.9203 2.4
      vertex -37.1249 -61.0133 0
      vertex -37.0038 -60.9203 0
    endloop
  endfacet
  facet normal -0.0432382 0.999065 0
    outer loop
      vertex -35.8475 -64.0972 0
      vertex -36 -64.1038 2.4
      vertex -35.8475 -64.0972 2.4
    endloop
  endfacet
  facet normal -0.0432382 0.999065 0
    outer loop
      vertex -36 -64.1038 2.4
      vertex -35.8475 -64.0972 0
      vertex -36 -64.1038 0
    endloop
  endfacet
  facet normal -0.843554 0.537045 0
    outer loop
      vertex -34.5665 -63.3576 0
      vertex -34.4845 -63.2288 2.4
      vertex -34.4845 -63.2288 0
    endloop
  endfacet
  facet normal -0.843554 0.537045 0
    outer loop
      vertex -34.4845 -63.2288 2.4
      vertex -34.5665 -63.3576 0
      vertex -34.5665 -63.3576 2.4
    endloop
  endfacet
  facet normal -0.537511 0.843257 0
    outer loop
      vertex -34.9962 -63.7873 0
      vertex -35.125 -63.8694 2.4
      vertex -34.9962 -63.7873 2.4
    endloop
  endfacet
  facet normal -0.537511 0.843257 0
    outer loop
      vertex -35.125 -63.8694 2.4
      vertex -34.9962 -63.7873 0
      vertex -35.125 -63.8694 0
    endloop
  endfacet
  facet normal -0.461827 -0.88697 0
    outer loop
      vertex -35.2604 -60.7678 0
      vertex -35.125 -60.8383 2.4
      vertex -35.2604 -60.7678 2.4
    endloop
  endfacet
  facet normal -0.461827 -0.88697 -0
    outer loop
      vertex -35.125 -60.8383 2.4
      vertex -35.2604 -60.7678 0
      vertex -35.125 -60.8383 0
    endloop
  endfacet
  facet normal -0.991461 0.130404 0
    outer loop
      vertex -34.2766 -62.6577 0
      vertex -34.2567 -62.5064 2.4
      vertex -34.2567 -62.5064 0
    endloop
  endfacet
  facet normal -0.991461 0.130404 0
    outer loop
      vertex -34.2567 -62.5064 2.4
      vertex -34.2766 -62.6577 0
      vertex -34.2766 -62.6577 2.4
    endloop
  endfacet
  facet normal 0.461827 0.88697 -0
    outer loop
      vertex -36.7396 -63.9399 0
      vertex -36.875 -63.8694 2.4
      vertex -36.7396 -63.9399 2.4
    endloop
  endfacet
  facet normal 0.461827 0.88697 0
    outer loop
      vertex -36.875 -63.8694 2.4
      vertex -36.7396 -63.9399 0
      vertex -36.875 -63.8694 0
    endloop
  endfacet
  facet normal -0.88697 -0.461827 0
    outer loop
      vertex -34.414 -61.6142 0
      vertex -34.4845 -61.4788 2.4
      vertex -34.4845 -61.4788 0
    endloop
  endfacet
  facet normal -0.88697 -0.461827 0
    outer loop
      vertex -34.4845 -61.4788 2.4
      vertex -34.414 -61.6142 0
      vertex -34.414 -61.6142 2.4
    endloop
  endfacet
  facet normal 0.88697 0.461827 0
    outer loop
      vertex -37.5155 -63.2288 2.4
      vertex -37.586 -63.0934 0
      vertex -37.586 -63.0934 2.4
    endloop
  endfacet
  facet normal 0.88697 0.461827 0
    outer loop
      vertex -37.586 -63.0934 0
      vertex -37.5155 -63.2288 2.4
      vertex -37.5155 -63.2288 0
    endloop
  endfacet
  facet normal 0.537045 -0.843554 0
    outer loop
      vertex -37.0038 -60.9203 0
      vertex -36.875 -60.8383 2.4
      vertex -37.0038 -60.9203 2.4
    endloop
  endfacet
  facet normal 0.537045 -0.843554 0
    outer loop
      vertex -36.875 -60.8383 2.4
      vertex -37.0038 -60.9203 0
      vertex -36.875 -60.8383 0
    endloop
  endfacet
  facet normal 0.953731 0.300661 0
    outer loop
      vertex -37.6445 -62.9524 2.4
      vertex -37.6904 -62.8068 0
      vertex -37.6904 -62.8068 2.4
    endloop
  endfacet
  facet normal 0.953731 0.300661 0
    outer loop
      vertex -37.6904 -62.8068 0
      vertex -37.6445 -62.9524 2.4
      vertex -37.6445 -62.9524 0
    endloop
  endfacet
  facet normal 0.675636 -0.737236 0
    outer loop
      vertex -37.2374 -61.1164 0
      vertex -37.1249 -61.0133 2.4
      vertex -37.2374 -61.1164 2.4
    endloop
  endfacet
  facet normal 0.675636 -0.737236 0
    outer loop
      vertex -37.1249 -61.0133 2.4
      vertex -37.2374 -61.1164 0
      vertex -37.1249 -61.0133 0
    endloop
  endfacet
  facet normal -0.0438921 -0.999036 0
    outer loop
      vertex -36 -60.6038 0
      vertex -35.8475 -60.6105 2.4
      vertex -36 -60.6038 2.4
    endloop
  endfacet
  facet normal -0.0438921 -0.999036 -0
    outer loop
      vertex -35.8475 -60.6105 2.4
      vertex -36 -60.6038 0
      vertex -35.8475 -60.6105 0
    endloop
  endfacet
  facet normal 0.793427 -0.608665 0
    outer loop
      vertex -37.4335 -61.3501 2.4
      vertex -37.3406 -61.229 0
      vertex -37.3406 -61.229 2.4
    endloop
  endfacet
  facet normal 0.793427 -0.608665 0
    outer loop
      vertex -37.3406 -61.229 0
      vertex -37.4335 -61.3501 2.4
      vertex -37.4335 -61.3501 0
    endloop
  endfacet
  facet normal 0.976341 -0.216237 0
    outer loop
      vertex -37.7234 -62.0499 2.4
      vertex -37.6904 -61.9009 0
      vertex -37.6904 -61.9009 2.4
    endloop
  endfacet
  facet normal 0.976341 -0.216237 0
    outer loop
      vertex -37.6904 -61.9009 0
      vertex -37.7234 -62.0499 2.4
      vertex -37.7234 -62.0499 0
    endloop
  endfacet
  facet normal 0.999038 0.0438634 0
    outer loop
      vertex -37.7433 -62.5064 2.4
      vertex -37.75 -62.3538 0
      vertex -37.75 -62.3538 2.4
    endloop
  endfacet
  facet normal 0.999038 0.0438634 0
    outer loop
      vertex -37.75 -62.3538 0
      vertex -37.7433 -62.5064 2.4
      vertex -37.7433 -62.5064 0
    endloop
  endfacet
  facet normal 0.843365 -0.537342 0
    outer loop
      vertex -37.5155 -61.4788 2.4
      vertex -37.4335 -61.3501 0
      vertex -37.4335 -61.3501 2.4
    endloop
  endfacet
  facet normal 0.843365 -0.537342 0
    outer loop
      vertex -37.4335 -61.3501 0
      vertex -37.5155 -61.4788 2.4
      vertex -37.5155 -61.4788 0
    endloop
  endfacet
  facet normal 0.0438921 -0.999036 0
    outer loop
      vertex -36.1525 -60.6105 0
      vertex -36 -60.6038 2.4
      vertex -36.1525 -60.6105 2.4
    endloop
  endfacet
  facet normal 0.0438921 -0.999036 0
    outer loop
      vertex -36 -60.6038 2.4
      vertex -36.1525 -60.6105 0
      vertex -36 -60.6038 0
    endloop
  endfacet
  facet normal -0.793427 -0.608665 0
    outer loop
      vertex -34.5665 -61.3501 0
      vertex -34.6594 -61.229 2.4
      vertex -34.6594 -61.229 0
    endloop
  endfacet
  facet normal -0.793427 -0.608665 0
    outer loop
      vertex -34.6594 -61.229 2.4
      vertex -34.5665 -61.3501 0
      vertex -34.5665 -61.3501 2.4
    endloop
  endfacet
  facet normal -0.382429 0.923985 0
    outer loop
      vertex -35.2604 -63.9399 0
      vertex -35.4015 -63.9983 2.4
      vertex -35.2604 -63.9399 2.4
    endloop
  endfacet
  facet normal -0.382429 0.923985 0
    outer loop
      vertex -35.4015 -63.9983 2.4
      vertex -35.2604 -63.9399 0
      vertex -35.4015 -63.9983 0
    endloop
  endfacet
  facet normal -0.300661 0.953731 0
    outer loop
      vertex -35.4015 -63.9983 0
      vertex -35.5471 -64.0442 2.4
      vertex -35.4015 -63.9983 2.4
    endloop
  endfacet
  facet normal -0.300661 0.953731 0
    outer loop
      vertex -35.5471 -64.0442 2.4
      vertex -35.4015 -63.9983 0
      vertex -35.5471 -64.0442 0
    endloop
  endfacet
  facet normal 0.130963 0.991387 -0
    outer loop
      vertex -36.1525 -64.0972 0
      vertex -36.3039 -64.0772 2.4
      vertex -36.1525 -64.0972 2.4
    endloop
  endfacet
  facet normal 0.130963 0.991387 0
    outer loop
      vertex -36.3039 -64.0772 2.4
      vertex -36.1525 -64.0972 0
      vertex -36.3039 -64.0772 0
    endloop
  endfacet
  facet normal -0.216237 0.976341 0
    outer loop
      vertex -35.5471 -64.0442 0
      vertex -35.6961 -64.0772 2.4
      vertex -35.5471 -64.0442 2.4
    endloop
  endfacet
  facet normal -0.216237 0.976341 0
    outer loop
      vertex -35.6961 -64.0772 2.4
      vertex -35.5471 -64.0442 0
      vertex -35.6961 -64.0772 0
    endloop
  endfacet
  facet normal 0.923753 -0.382988 0
    outer loop
      vertex -37.6445 -61.7553 2.4
      vertex -37.586 -61.6142 0
      vertex -37.586 -61.6142 2.4
    endloop
  endfacet
  facet normal 0.923753 -0.382988 0
    outer loop
      vertex -37.586 -61.6142 0
      vertex -37.6445 -61.7553 2.4
      vertex -37.6445 -61.7553 0
    endloop
  endfacet
  facet normal 0.737208 0.675665 0
    outer loop
      vertex -37.2374 -63.5913 2.4
      vertex -37.3406 -63.4787 0
      vertex -37.3406 -63.4787 2.4
    endloop
  endfacet
  facet normal 0.737208 0.675665 0
    outer loop
      vertex -37.3406 -63.4787 0
      vertex -37.2374 -63.5913 2.4
      vertex -37.2374 -63.5913 0
    endloop
  endfacet
  facet normal -0.737208 0.675665 0
    outer loop
      vertex -34.7626 -63.5913 0
      vertex -34.6594 -63.4787 2.4
      vertex -34.6594 -63.4787 0
    endloop
  endfacet
  facet normal -0.737208 0.675665 0
    outer loop
      vertex -34.6594 -63.4787 2.4
      vertex -34.7626 -63.5913 0
      vertex -34.7626 -63.5913 2.4
    endloop
  endfacet
  facet normal 0.991461 0.130404 0
    outer loop
      vertex -37.7234 -62.6577 2.4
      vertex -37.7433 -62.5064 0
      vertex -37.7433 -62.5064 2.4
    endloop
  endfacet
  facet normal 0.991461 0.130404 0
    outer loop
      vertex -37.7433 -62.5064 0
      vertex -37.7234 -62.6577 2.4
      vertex -37.7234 -62.6577 0
    endloop
  endfacet
  facet normal -0.737208 -0.675665 0
    outer loop
      vertex -34.6594 -61.229 0
      vertex -34.7626 -61.1164 2.4
      vertex -34.7626 -61.1164 0
    endloop
  endfacet
  facet normal -0.737208 -0.675665 0
    outer loop
      vertex -34.7626 -61.1164 2.4
      vertex -34.6594 -61.229 0
      vertex -34.6594 -61.229 2.4
    endloop
  endfacet
  facet normal -0.130963 0.991387 0
    outer loop
      vertex -35.6961 -64.0772 0
      vertex -35.8475 -64.0972 2.4
      vertex -35.6961 -64.0772 2.4
    endloop
  endfacet
  facet normal -0.130963 0.991387 0
    outer loop
      vertex -35.8475 -64.0972 2.4
      vertex -35.6961 -64.0772 0
      vertex -35.8475 -64.0972 0
    endloop
  endfacet
  facet normal -0.88697 0.461827 0
    outer loop
      vertex -34.4845 -63.2288 0
      vertex -34.414 -63.0934 2.4
      vertex -34.414 -63.0934 0
    endloop
  endfacet
  facet normal -0.88697 0.461827 0
    outer loop
      vertex -34.414 -63.0934 2.4
      vertex -34.4845 -63.2288 0
      vertex -34.4845 -63.2288 2.4
    endloop
  endfacet
  facet normal -0.216861 -0.976202 0
    outer loop
      vertex -35.6961 -60.6304 0
      vertex -35.5471 -60.6635 2.4
      vertex -35.6961 -60.6304 2.4
    endloop
  endfacet
  facet normal -0.216861 -0.976202 -0
    outer loop
      vertex -35.5471 -60.6635 2.4
      vertex -35.6961 -60.6304 0
      vertex -35.5471 -60.6635 0
    endloop
  endfacet
  facet normal 0.382429 -0.923985 0
    outer loop
      vertex -36.7396 -60.7678 0
      vertex -36.5985 -60.7094 2.4
      vertex -36.7396 -60.7678 2.4
    endloop
  endfacet
  facet normal 0.382429 -0.923985 0
    outer loop
      vertex -36.5985 -60.7094 2.4
      vertex -36.7396 -60.7678 0
      vertex -36.5985 -60.7094 0
    endloop
  endfacet
  facet normal 0.300661 -0.953731 0
    outer loop
      vertex -36.5985 -60.7094 0
      vertex -36.4529 -60.6635 2.4
      vertex -36.5985 -60.7094 2.4
    endloop
  endfacet
  facet normal 0.300661 -0.953731 0
    outer loop
      vertex -36.4529 -60.6635 2.4
      vertex -36.5985 -60.7094 0
      vertex -36.4529 -60.6635 0
    endloop
  endfacet
  facet normal 0.843554 0.537045 0
    outer loop
      vertex -37.4335 -63.3576 2.4
      vertex -37.5155 -63.2288 0
      vertex -37.5155 -63.2288 2.4
    endloop
  endfacet
  facet normal 0.843554 0.537045 0
    outer loop
      vertex -37.5155 -63.2288 0
      vertex -37.4335 -63.3576 2.4
      vertex -37.4335 -63.3576 0
    endloop
  endfacet
  facet normal 0.991472 -0.130319 0
    outer loop
      vertex -37.7433 -62.2013 2.4
      vertex -37.7234 -62.0499 0
      vertex -37.7234 -62.0499 2.4
    endloop
  endfacet
  facet normal 0.991472 -0.130319 0
    outer loop
      vertex -37.7234 -62.0499 0
      vertex -37.7433 -62.2013 2.4
      vertex -37.7433 -62.2013 0
    endloop
  endfacet
  facet normal 0.999036 -0.0438921 0
    outer loop
      vertex -37.75 -62.3538 2.4
      vertex -37.7433 -62.2013 0
      vertex -37.7433 -62.2013 2.4
    endloop
  endfacet
  facet normal 0.999036 -0.0438921 0
    outer loop
      vertex -37.7433 -62.2013 0
      vertex -37.75 -62.3538 2.4
      vertex -37.75 -62.3538 0
    endloop
  endfacet
  facet normal 0.300661 0.953731 -0
    outer loop
      vertex -36.4529 -64.0442 0
      vertex -36.5985 -63.9983 2.4
      vertex -36.4529 -64.0442 2.4
    endloop
  endfacet
  facet normal 0.300661 0.953731 0
    outer loop
      vertex -36.5985 -63.9983 2.4
      vertex -36.4529 -64.0442 0
      vertex -36.5985 -63.9983 0
    endloop
  endfacet
  facet normal 0.976372 0.216098 0
    outer loop
      vertex -37.6904 -62.8068 2.4
      vertex -37.7234 -62.6577 0
      vertex -37.7234 -62.6577 2.4
    endloop
  endfacet
  facet normal 0.976372 0.216098 0
    outer loop
      vertex -37.7234 -62.6577 0
      vertex -37.6904 -62.8068 2.4
      vertex -37.6904 -62.8068 0
    endloop
  endfacet
  facet normal -0.608665 0.793427 0
    outer loop
      vertex -34.8751 -63.6944 0
      vertex -34.9962 -63.7873 2.4
      vertex -34.8751 -63.6944 2.4
    endloop
  endfacet
  facet normal -0.608665 0.793427 0
    outer loop
      vertex -34.9962 -63.7873 2.4
      vertex -34.8751 -63.6944 0
      vertex -34.9962 -63.7873 0
    endloop
  endfacet
  facet normal 0.88697 -0.461827 0
    outer loop
      vertex -37.586 -61.6142 2.4
      vertex -37.5155 -61.4788 0
      vertex -37.5155 -61.4788 2.4
    endloop
  endfacet
  facet normal 0.88697 -0.461827 0
    outer loop
      vertex -37.5155 -61.4788 0
      vertex -37.586 -61.6142 2.4
      vertex -37.586 -61.6142 0
    endloop
  endfacet
  facet normal 0.382429 0.923985 -0
    outer loop
      vertex -36.5985 -63.9983 0
      vertex -36.7396 -63.9399 2.4
      vertex -36.5985 -63.9983 2.4
    endloop
  endfacet
  facet normal 0.382429 0.923985 0
    outer loop
      vertex -36.7396 -63.9399 2.4
      vertex -36.5985 -63.9983 0
      vertex -36.7396 -63.9399 0
    endloop
  endfacet
  facet normal 0.537511 0.843257 -0
    outer loop
      vertex -36.875 -63.8694 0
      vertex -37.0038 -63.7873 2.4
      vertex -36.875 -63.8694 2.4
    endloop
  endfacet
  facet normal 0.537511 0.843257 0
    outer loop
      vertex -37.0038 -63.7873 2.4
      vertex -36.875 -63.8694 0
      vertex -37.0038 -63.7873 0
    endloop
  endfacet
  facet normal 0.608665 0.793427 -0
    outer loop
      vertex -37.0038 -63.7873 0
      vertex -37.1249 -63.6944 2.4
      vertex -37.0038 -63.7873 2.4
    endloop
  endfacet
  facet normal 0.608665 0.793427 0
    outer loop
      vertex -37.1249 -63.6944 2.4
      vertex -37.0038 -63.7873 0
      vertex -37.1249 -63.6944 0
    endloop
  endfacet
  facet normal -0.461827 -0.88697 0
    outer loop
      vertex 36.7396 -60.7678 0
      vertex 36.875 -60.8383 2.4
      vertex 36.7396 -60.7678 2.4
    endloop
  endfacet
  facet normal -0.461827 -0.88697 -0
    outer loop
      vertex 36.875 -60.8383 2.4
      vertex 36.7396 -60.7678 0
      vertex 36.875 -60.8383 0
    endloop
  endfacet
  facet normal -0.609078 -0.793111 0
    outer loop
      vertex 37.0038 -60.9203 0
      vertex 37.1249 -61.0133 2.4
      vertex 37.0038 -60.9203 2.4
    endloop
  endfacet
  facet normal -0.609078 -0.793111 -0
    outer loop
      vertex 37.1249 -61.0133 2.4
      vertex 37.0038 -60.9203 0
      vertex 37.1249 -61.0133 0
    endloop
  endfacet
  facet normal -0.991472 -0.130319 0
    outer loop
      vertex 37.7433 -62.2013 0
      vertex 37.7234 -62.0499 2.4
      vertex 37.7234 -62.0499 0
    endloop
  endfacet
  facet normal -0.991472 -0.130319 0
    outer loop
      vertex 37.7234 -62.0499 2.4
      vertex 37.7433 -62.2013 0
      vertex 37.7433 -62.2013 2.4
    endloop
  endfacet
  facet normal -0.999036 -0.0438921 0
    outer loop
      vertex 37.75 -62.3538 0
      vertex 37.7433 -62.2013 2.4
      vertex 37.7433 -62.2013 0
    endloop
  endfacet
  facet normal -0.999036 -0.0438921 0
    outer loop
      vertex 37.7433 -62.2013 2.4
      vertex 37.75 -62.3538 0
      vertex 37.75 -62.3538 2.4
    endloop
  endfacet
  facet normal -0.976341 -0.216237 0
    outer loop
      vertex 37.7234 -62.0499 0
      vertex 37.6904 -61.9009 2.4
      vertex 37.6904 -61.9009 0
    endloop
  endfacet
  facet normal -0.976341 -0.216237 0
    outer loop
      vertex 37.6904 -61.9009 2.4
      vertex 37.7234 -62.0499 0
      vertex 37.7234 -62.0499 2.4
    endloop
  endfacet
  facet normal 0.999038 0.0438634 0
    outer loop
      vertex 34.2567 -62.5064 2.4
      vertex 34.25 -62.3538 0
      vertex 34.25 -62.3538 2.4
    endloop
  endfacet
  facet normal 0.999038 0.0438634 0
    outer loop
      vertex 34.25 -62.3538 0
      vertex 34.2567 -62.5064 2.4
      vertex 34.2567 -62.5064 0
    endloop
  endfacet
  facet normal -0.793427 0.608665 0
    outer loop
      vertex 37.3406 -63.4787 0
      vertex 37.4335 -63.3576 2.4
      vertex 37.4335 -63.3576 0
    endloop
  endfacet
  facet normal -0.793427 0.608665 0
    outer loop
      vertex 37.4335 -63.3576 2.4
      vertex 37.3406 -63.4787 0
      vertex 37.3406 -63.4787 2.4
    endloop
  endfacet
  facet normal 0.300661 -0.953731 0
    outer loop
      vertex 35.4015 -60.7094 0
      vertex 35.5471 -60.6635 2.4
      vertex 35.4015 -60.7094 2.4
    endloop
  endfacet
  facet normal 0.300661 -0.953731 0
    outer loop
      vertex 35.5471 -60.6635 2.4
      vertex 35.4015 -60.7094 0
      vertex 35.5471 -60.6635 0
    endloop
  endfacet
  facet normal 0.991461 0.130404 0
    outer loop
      vertex 34.2766 -62.6577 2.4
      vertex 34.2567 -62.5064 0
      vertex 34.2567 -62.5064 2.4
    endloop
  endfacet
  facet normal 0.991461 0.130404 0
    outer loop
      vertex 34.2567 -62.5064 0
      vertex 34.2766 -62.6577 2.4
      vertex 34.2766 -62.6577 0
    endloop
  endfacet
  facet normal 0.843365 -0.537342 0
    outer loop
      vertex 34.4845 -61.4788 2.4
      vertex 34.5665 -61.3501 0
      vertex 34.5665 -61.3501 2.4
    endloop
  endfacet
  facet normal 0.843365 -0.537342 0
    outer loop
      vertex 34.5665 -61.3501 0
      vertex 34.4845 -61.4788 2.4
      vertex 34.4845 -61.4788 0
    endloop
  endfacet
  facet normal 0.675636 0.737236 -0
    outer loop
      vertex 34.8751 -63.6944 0
      vertex 34.7626 -63.5913 2.4
      vertex 34.8751 -63.6944 2.4
    endloop
  endfacet
  facet normal 0.675636 0.737236 0
    outer loop
      vertex 34.7626 -63.5913 2.4
      vertex 34.8751 -63.6944 0
      vertex 34.7626 -63.5913 0
    endloop
  endfacet
  facet normal -0.88697 0.461827 0
    outer loop
      vertex 37.5155 -63.2288 0
      vertex 37.586 -63.0934 2.4
      vertex 37.586 -63.0934 0
    endloop
  endfacet
  facet normal -0.88697 0.461827 0
    outer loop
      vertex 37.586 -63.0934 2.4
      vertex 37.5155 -63.2288 0
      vertex 37.5155 -63.2288 2.4
    endloop
  endfacet
  facet normal 0.843554 0.537045 0
    outer loop
      vertex 34.5665 -63.3576 2.4
      vertex 34.4845 -63.2288 0
      vertex 34.4845 -63.2288 2.4
    endloop
  endfacet
  facet normal 0.843554 0.537045 0
    outer loop
      vertex 34.4845 -63.2288 0
      vertex 34.5665 -63.3576 2.4
      vertex 34.5665 -63.3576 0
    endloop
  endfacet
  facet normal 0.923657 0.38322 0
    outer loop
      vertex 34.414 -63.0934 2.4
      vertex 34.3555 -62.9524 0
      vertex 34.3555 -62.9524 2.4
    endloop
  endfacet
  facet normal 0.923657 0.38322 0
    outer loop
      vertex 34.3555 -62.9524 0
      vertex 34.414 -63.0934 2.4
      vertex 34.414 -63.0934 0
    endloop
  endfacet
  facet normal 0.0438921 -0.999036 0
    outer loop
      vertex 35.8475 -60.6105 0
      vertex 36 -60.6038 2.4
      vertex 35.8475 -60.6105 2.4
    endloop
  endfacet
  facet normal 0.0438921 -0.999036 0
    outer loop
      vertex 36 -60.6038 2.4
      vertex 35.8475 -60.6105 0
      vertex 36 -60.6038 0
    endloop
  endfacet
  facet normal 0.737208 0.675665 0
    outer loop
      vertex 34.7626 -63.5913 2.4
      vertex 34.6594 -63.4787 0
      vertex 34.6594 -63.4787 2.4
    endloop
  endfacet
  facet normal 0.737208 0.675665 0
    outer loop
      vertex 34.6594 -63.4787 0
      vertex 34.7626 -63.5913 2.4
      vertex 34.7626 -63.5913 0
    endloop
  endfacet
  facet normal -0.999038 0.0438634 0
    outer loop
      vertex 37.7433 -62.5064 0
      vertex 37.75 -62.3538 2.4
      vertex 37.75 -62.3538 0
    endloop
  endfacet
  facet normal -0.999038 0.0438634 0
    outer loop
      vertex 37.75 -62.3538 2.4
      vertex 37.7433 -62.5064 0
      vertex 37.7433 -62.5064 2.4
    endloop
  endfacet
  facet normal 0.953731 -0.300661 0
    outer loop
      vertex 34.3096 -61.9009 2.4
      vertex 34.3555 -61.7553 0
      vertex 34.3555 -61.7553 2.4
    endloop
  endfacet
  facet normal 0.953731 -0.300661 0
    outer loop
      vertex 34.3555 -61.7553 0
      vertex 34.3096 -61.9009 2.4
      vertex 34.3096 -61.9009 0
    endloop
  endfacet
  facet normal -0.843554 0.537045 0
    outer loop
      vertex 37.4335 -63.3576 0
      vertex 37.5155 -63.2288 2.4
      vertex 37.5155 -63.2288 0
    endloop
  endfacet
  facet normal -0.843554 0.537045 0
    outer loop
      vertex 37.5155 -63.2288 2.4
      vertex 37.4335 -63.3576 0
      vertex 37.4335 -63.3576 2.4
    endloop
  endfacet
  facet normal 0.382429 0.923985 -0
    outer loop
      vertex 35.4015 -63.9983 0
      vertex 35.2604 -63.9399 2.4
      vertex 35.4015 -63.9983 2.4
    endloop
  endfacet
  facet normal 0.382429 0.923985 0
    outer loop
      vertex 35.2604 -63.9399 2.4
      vertex 35.4015 -63.9983 0
      vertex 35.2604 -63.9399 0
    endloop
  endfacet
  facet normal -0.675636 0.737236 0
    outer loop
      vertex 37.2374 -63.5913 0
      vertex 37.1249 -63.6944 2.4
      vertex 37.2374 -63.5913 2.4
    endloop
  endfacet
  facet normal -0.675636 0.737236 0
    outer loop
      vertex 37.1249 -63.6944 2.4
      vertex 37.2374 -63.5913 0
      vertex 37.1249 -63.6944 0
    endloop
  endfacet
  facet normal 0.976372 0.216098 0
    outer loop
      vertex 34.3096 -62.8068 2.4
      vertex 34.2766 -62.6577 0
      vertex 34.2766 -62.6577 2.4
    endloop
  endfacet
  facet normal 0.976372 0.216098 0
    outer loop
      vertex 34.2766 -62.6577 0
      vertex 34.3096 -62.8068 2.4
      vertex 34.3096 -62.8068 0
    endloop
  endfacet
  facet normal -0.976372 0.216098 0
    outer loop
      vertex 37.6904 -62.8068 0
      vertex 37.7234 -62.6577 2.4
      vertex 37.7234 -62.6577 0
    endloop
  endfacet
  facet normal -0.976372 0.216098 0
    outer loop
      vertex 37.7234 -62.6577 2.4
      vertex 37.6904 -62.8068 0
      vertex 37.6904 -62.8068 2.4
    endloop
  endfacet
  facet normal -0.461827 0.88697 0
    outer loop
      vertex 36.875 -63.8694 0
      vertex 36.7396 -63.9399 2.4
      vertex 36.875 -63.8694 2.4
    endloop
  endfacet
  facet normal -0.461827 0.88697 0
    outer loop
      vertex 36.7396 -63.9399 2.4
      vertex 36.875 -63.8694 0
      vertex 36.7396 -63.9399 0
    endloop
  endfacet
  facet normal -0.608665 0.793427 0
    outer loop
      vertex 37.1249 -63.6944 0
      vertex 37.0038 -63.7873 2.4
      vertex 37.1249 -63.6944 2.4
    endloop
  endfacet
  facet normal -0.608665 0.793427 0
    outer loop
      vertex 37.0038 -63.7873 2.4
      vertex 37.1249 -63.6944 0
      vertex 37.0038 -63.7873 0
    endloop
  endfacet
  facet normal 0.737208 -0.675665 0
    outer loop
      vertex 34.6594 -61.229 2.4
      vertex 34.7626 -61.1164 0
      vertex 34.7626 -61.1164 2.4
    endloop
  endfacet
  facet normal 0.737208 -0.675665 0
    outer loop
      vertex 34.7626 -61.1164 0
      vertex 34.6594 -61.229 2.4
      vertex 34.6594 -61.229 0
    endloop
  endfacet
  facet normal -0.300661 0.953731 0
    outer loop
      vertex 36.5985 -63.9983 0
      vertex 36.4529 -64.0442 2.4
      vertex 36.5985 -63.9983 2.4
    endloop
  endfacet
  facet normal -0.300661 0.953731 0
    outer loop
      vertex 36.4529 -64.0442 2.4
      vertex 36.5985 -63.9983 0
      vertex 36.4529 -64.0442 0
    endloop
  endfacet
  facet normal -0.216861 -0.976202 0
    outer loop
      vertex 36.3039 -60.6304 0
      vertex 36.4529 -60.6635 2.4
      vertex 36.3039 -60.6304 2.4
    endloop
  endfacet
  facet normal -0.216861 -0.976202 -0
    outer loop
      vertex 36.4529 -60.6635 2.4
      vertex 36.3039 -60.6304 0
      vertex 36.4529 -60.6635 0
    endloop
  endfacet
  facet normal -0.130963 0.991387 0
    outer loop
      vertex 36.3039 -64.0772 0
      vertex 36.1525 -64.0972 2.4
      vertex 36.3039 -64.0772 2.4
    endloop
  endfacet
  facet normal -0.130963 0.991387 0
    outer loop
      vertex 36.1525 -64.0972 2.4
      vertex 36.3039 -64.0772 0
      vertex 36.1525 -64.0972 0
    endloop
  endfacet
  facet normal -0.216237 0.976341 0
    outer loop
      vertex 36.4529 -64.0442 0
      vertex 36.3039 -64.0772 2.4
      vertex 36.4529 -64.0442 2.4
    endloop
  endfacet
  facet normal -0.216237 0.976341 0
    outer loop
      vertex 36.3039 -64.0772 2.4
      vertex 36.4529 -64.0442 0
      vertex 36.3039 -64.0772 0
    endloop
  endfacet
  facet normal -0.0432382 0.999065 0
    outer loop
      vertex 36.1525 -64.0972 0
      vertex 36 -64.1038 2.4
      vertex 36.1525 -64.0972 2.4
    endloop
  endfacet
  facet normal -0.0432382 0.999065 0
    outer loop
      vertex 36 -64.1038 2.4
      vertex 36.1525 -64.0972 0
      vertex 36 -64.1038 0
    endloop
  endfacet
  facet normal 0.88697 -0.461827 0
    outer loop
      vertex 34.414 -61.6142 2.4
      vertex 34.4845 -61.4788 0
      vertex 34.4845 -61.4788 2.4
    endloop
  endfacet
  facet normal 0.88697 -0.461827 0
    outer loop
      vertex 34.4845 -61.4788 0
      vertex 34.414 -61.6142 2.4
      vertex 34.414 -61.6142 0
    endloop
  endfacet
  facet normal -0.537045 -0.843554 0
    outer loop
      vertex 36.875 -60.8383 0
      vertex 37.0038 -60.9203 2.4
      vertex 36.875 -60.8383 2.4
    endloop
  endfacet
  facet normal -0.537045 -0.843554 -0
    outer loop
      vertex 37.0038 -60.9203 2.4
      vertex 36.875 -60.8383 0
      vertex 37.0038 -60.9203 0
    endloop
  endfacet
  facet normal -0.130319 -0.991472 0
    outer loop
      vertex 36.1525 -60.6105 0
      vertex 36.3039 -60.6304 2.4
      vertex 36.1525 -60.6105 2.4
    endloop
  endfacet
  facet normal -0.130319 -0.991472 -0
    outer loop
      vertex 36.3039 -60.6304 2.4
      vertex 36.1525 -60.6105 0
      vertex 36.3039 -60.6304 0
    endloop
  endfacet
  facet normal 0.991472 -0.130319 0
    outer loop
      vertex 34.2567 -62.2013 2.4
      vertex 34.2766 -62.0499 0
      vertex 34.2766 -62.0499 2.4
    endloop
  endfacet
  facet normal 0.991472 -0.130319 0
    outer loop
      vertex 34.2766 -62.0499 0
      vertex 34.2567 -62.2013 2.4
      vertex 34.2567 -62.2013 0
    endloop
  endfacet
  facet normal 0.793427 0.608665 0
    outer loop
      vertex 34.6594 -63.4787 2.4
      vertex 34.5665 -63.3576 0
      vertex 34.5665 -63.3576 2.4
    endloop
  endfacet
  facet normal 0.793427 0.608665 0
    outer loop
      vertex 34.5665 -63.3576 0
      vertex 34.6594 -63.4787 2.4
      vertex 34.6594 -63.4787 0
    endloop
  endfacet
  facet normal -0.537511 0.843257 0
    outer loop
      vertex 37.0038 -63.7873 0
      vertex 36.875 -63.8694 2.4
      vertex 37.0038 -63.7873 2.4
    endloop
  endfacet
  facet normal -0.537511 0.843257 0
    outer loop
      vertex 36.875 -63.8694 2.4
      vertex 37.0038 -63.7873 0
      vertex 36.875 -63.8694 0
    endloop
  endfacet
  facet normal -0.737208 0.675665 0
    outer loop
      vertex 37.2374 -63.5913 0
      vertex 37.3406 -63.4787 2.4
      vertex 37.3406 -63.4787 0
    endloop
  endfacet
  facet normal -0.737208 0.675665 0
    outer loop
      vertex 37.3406 -63.4787 2.4
      vertex 37.2374 -63.5913 0
      vertex 37.2374 -63.5913 2.4
    endloop
  endfacet
  facet normal -0.300661 -0.953731 0
    outer loop
      vertex 36.4529 -60.6635 0
      vertex 36.5985 -60.7094 2.4
      vertex 36.4529 -60.6635 2.4
    endloop
  endfacet
  facet normal -0.300661 -0.953731 -0
    outer loop
      vertex 36.5985 -60.7094 2.4
      vertex 36.4529 -60.6635 0
      vertex 36.5985 -60.7094 0
    endloop
  endfacet
  facet normal -0.923753 -0.382988 0
    outer loop
      vertex 37.6445 -61.7553 0
      vertex 37.586 -61.6142 2.4
      vertex 37.586 -61.6142 0
    endloop
  endfacet
  facet normal -0.923753 -0.382988 0
    outer loop
      vertex 37.586 -61.6142 2.4
      vertex 37.6445 -61.7553 0
      vertex 37.6445 -61.7553 2.4
    endloop
  endfacet
  facet normal 0.923753 -0.382988 0
    outer loop
      vertex 34.3555 -61.7553 2.4
      vertex 34.414 -61.6142 0
      vertex 34.414 -61.6142 2.4
    endloop
  endfacet
  facet normal 0.923753 -0.382988 0
    outer loop
      vertex 34.414 -61.6142 0
      vertex 34.3555 -61.7553 2.4
      vertex 34.3555 -61.7553 0
    endloop
  endfacet
  facet normal 0.300661 0.953731 -0
    outer loop
      vertex 35.5471 -64.0442 0
      vertex 35.4015 -63.9983 2.4
      vertex 35.5471 -64.0442 2.4
    endloop
  endfacet
  facet normal 0.300661 0.953731 0
    outer loop
      vertex 35.4015 -63.9983 2.4
      vertex 35.5471 -64.0442 0
      vertex 35.4015 -63.9983 0
    endloop
  endfacet
  facet normal -0.843365 -0.537342 0
    outer loop
      vertex 37.5155 -61.4788 0
      vertex 37.4335 -61.3501 2.4
      vertex 37.4335 -61.3501 0
    endloop
  endfacet
  facet normal -0.843365 -0.537342 0
    outer loop
      vertex 37.4335 -61.3501 2.4
      vertex 37.5155 -61.4788 0
      vertex 37.5155 -61.4788 2.4
    endloop
  endfacet
  facet normal -0.382429 -0.923985 0
    outer loop
      vertex 36.5985 -60.7094 0
      vertex 36.7396 -60.7678 2.4
      vertex 36.5985 -60.7094 2.4
    endloop
  endfacet
  facet normal -0.382429 -0.923985 -0
    outer loop
      vertex 36.7396 -60.7678 2.4
      vertex 36.5985 -60.7094 0
      vertex 36.7396 -60.7678 0
    endloop
  endfacet
  facet normal 0.130963 0.991387 -0
    outer loop
      vertex 35.8475 -64.0972 0
      vertex 35.6961 -64.0772 2.4
      vertex 35.8475 -64.0972 2.4
    endloop
  endfacet
  facet normal 0.130963 0.991387 0
    outer loop
      vertex 35.6961 -64.0772 2.4
      vertex 35.8475 -64.0972 0
      vertex 35.6961 -64.0772 0
    endloop
  endfacet
  facet normal 0.382429 -0.923985 0
    outer loop
      vertex 35.2604 -60.7678 0
      vertex 35.4015 -60.7094 2.4
      vertex 35.2604 -60.7678 2.4
    endloop
  endfacet
  facet normal 0.382429 -0.923985 0
    outer loop
      vertex 35.4015 -60.7094 2.4
      vertex 35.2604 -60.7678 0
      vertex 35.4015 -60.7094 0
    endloop
  endfacet
  facet normal 0.675636 -0.737236 0
    outer loop
      vertex 34.7626 -61.1164 0
      vertex 34.8751 -61.0133 2.4
      vertex 34.7626 -61.1164 2.4
    endloop
  endfacet
  facet normal 0.675636 -0.737236 0
    outer loop
      vertex 34.8751 -61.0133 2.4
      vertex 34.7626 -61.1164 0
      vertex 34.8751 -61.0133 0
    endloop
  endfacet
  facet normal 0.953731 0.300661 0
    outer loop
      vertex 34.3555 -62.9524 2.4
      vertex 34.3096 -62.8068 0
      vertex 34.3096 -62.8068 2.4
    endloop
  endfacet
  facet normal 0.953731 0.300661 0
    outer loop
      vertex 34.3096 -62.8068 0
      vertex 34.3555 -62.9524 2.4
      vertex 34.3555 -62.9524 0
    endloop
  endfacet
  facet normal -0.953731 -0.300661 0
    outer loop
      vertex 37.6904 -61.9009 0
      vertex 37.6445 -61.7553 2.4
      vertex 37.6445 -61.7553 0
    endloop
  endfacet
  facet normal -0.953731 -0.300661 0
    outer loop
      vertex 37.6445 -61.7553 2.4
      vertex 37.6904 -61.9009 0
      vertex 37.6904 -61.9009 2.4
    endloop
  endfacet
  facet normal -0.88697 -0.461827 0
    outer loop
      vertex 37.586 -61.6142 0
      vertex 37.5155 -61.4788 2.4
      vertex 37.5155 -61.4788 0
    endloop
  endfacet
  facet normal -0.88697 -0.461827 0
    outer loop
      vertex 37.5155 -61.4788 2.4
      vertex 37.586 -61.6142 0
      vertex 37.586 -61.6142 2.4
    endloop
  endfacet
  facet normal 0.216861 -0.976202 0
    outer loop
      vertex 35.5471 -60.6635 0
      vertex 35.6961 -60.6304 2.4
      vertex 35.5471 -60.6635 2.4
    endloop
  endfacet
  facet normal 0.216861 -0.976202 0
    outer loop
      vertex 35.6961 -60.6304 2.4
      vertex 35.5471 -60.6635 0
      vertex 35.6961 -60.6304 0
    endloop
  endfacet
  facet normal 0.461827 -0.88697 0
    outer loop
      vertex 35.125 -60.8383 0
      vertex 35.2604 -60.7678 2.4
      vertex 35.125 -60.8383 2.4
    endloop
  endfacet
  facet normal 0.461827 -0.88697 0
    outer loop
      vertex 35.2604 -60.7678 2.4
      vertex 35.125 -60.8383 0
      vertex 35.2604 -60.7678 0
    endloop
  endfacet
  facet normal 0.0432382 0.999065 -0
    outer loop
      vertex 36 -64.1038 0
      vertex 35.8475 -64.0972 2.4
      vertex 36 -64.1038 2.4
    endloop
  endfacet
  facet normal 0.0432382 0.999065 0
    outer loop
      vertex 35.8475 -64.0972 2.4
      vertex 36 -64.1038 0
      vertex 35.8475 -64.0972 0
    endloop
  endfacet
  facet normal 0.976341 -0.216237 0
    outer loop
      vertex 34.2766 -62.0499 2.4
      vertex 34.3096 -61.9009 0
      vertex 34.3096 -61.9009 2.4
    endloop
  endfacet
  facet normal 0.976341 -0.216237 0
    outer loop
      vertex 34.3096 -61.9009 0
      vertex 34.2766 -62.0499 2.4
      vertex 34.2766 -62.0499 0
    endloop
  endfacet
  facet normal -0.923657 0.38322 0
    outer loop
      vertex 37.586 -63.0934 0
      vertex 37.6445 -62.9524 2.4
      vertex 37.6445 -62.9524 0
    endloop
  endfacet
  facet normal -0.923657 0.38322 0
    outer loop
      vertex 37.6445 -62.9524 2.4
      vertex 37.586 -63.0934 0
      vertex 37.586 -63.0934 2.4
    endloop
  endfacet
  facet normal -0.953731 0.300661 0
    outer loop
      vertex 37.6445 -62.9524 0
      vertex 37.6904 -62.8068 2.4
      vertex 37.6904 -62.8068 0
    endloop
  endfacet
  facet normal -0.953731 0.300661 0
    outer loop
      vertex 37.6904 -62.8068 2.4
      vertex 37.6445 -62.9524 0
      vertex 37.6445 -62.9524 2.4
    endloop
  endfacet
  facet normal -0.382429 0.923985 0
    outer loop
      vertex 36.7396 -63.9399 0
      vertex 36.5985 -63.9983 2.4
      vertex 36.7396 -63.9399 2.4
    endloop
  endfacet
  facet normal -0.382429 0.923985 0
    outer loop
      vertex 36.5985 -63.9983 2.4
      vertex 36.7396 -63.9399 0
      vertex 36.5985 -63.9983 0
    endloop
  endfacet
  facet normal 0.130319 -0.991472 0
    outer loop
      vertex 35.6961 -60.6304 0
      vertex 35.8475 -60.6105 2.4
      vertex 35.6961 -60.6304 2.4
    endloop
  endfacet
  facet normal 0.130319 -0.991472 0
    outer loop
      vertex 35.8475 -60.6105 2.4
      vertex 35.6961 -60.6304 0
      vertex 35.8475 -60.6105 0
    endloop
  endfacet
  facet normal 0.793427 -0.608665 0
    outer loop
      vertex 34.5665 -61.3501 2.4
      vertex 34.6594 -61.229 0
      vertex 34.6594 -61.229 2.4
    endloop
  endfacet
  facet normal 0.793427 -0.608665 0
    outer loop
      vertex 34.6594 -61.229 0
      vertex 34.5665 -61.3501 2.4
      vertex 34.5665 -61.3501 0
    endloop
  endfacet
  facet normal -0.991461 0.130404 0
    outer loop
      vertex 37.7234 -62.6577 0
      vertex 37.7433 -62.5064 2.4
      vertex 37.7433 -62.5064 0
    endloop
  endfacet
  facet normal -0.991461 0.130404 0
    outer loop
      vertex 37.7433 -62.5064 2.4
      vertex 37.7234 -62.6577 0
      vertex 37.7234 -62.6577 2.4
    endloop
  endfacet
  facet normal 0.537511 0.843257 -0
    outer loop
      vertex 35.125 -63.8694 0
      vertex 34.9962 -63.7873 2.4
      vertex 35.125 -63.8694 2.4
    endloop
  endfacet
  facet normal 0.537511 0.843257 0
    outer loop
      vertex 34.9962 -63.7873 2.4
      vertex 35.125 -63.8694 0
      vertex 34.9962 -63.7873 0
    endloop
  endfacet
  facet normal -0.0438921 -0.999036 0
    outer loop
      vertex 36 -60.6038 0
      vertex 36.1525 -60.6105 2.4
      vertex 36 -60.6038 2.4
    endloop
  endfacet
  facet normal -0.0438921 -0.999036 -0
    outer loop
      vertex 36.1525 -60.6105 2.4
      vertex 36 -60.6038 0
      vertex 36.1525 -60.6105 0
    endloop
  endfacet
  facet normal -0.793427 -0.608665 0
    outer loop
      vertex 37.4335 -61.3501 0
      vertex 37.3406 -61.229 2.4
      vertex 37.3406 -61.229 0
    endloop
  endfacet
  facet normal -0.793427 -0.608665 0
    outer loop
      vertex 37.3406 -61.229 2.4
      vertex 37.4335 -61.3501 0
      vertex 37.4335 -61.3501 2.4
    endloop
  endfacet
  facet normal 0.608665 0.793427 -0
    outer loop
      vertex 34.9962 -63.7873 0
      vertex 34.8751 -63.6944 2.4
      vertex 34.9962 -63.7873 2.4
    endloop
  endfacet
  facet normal 0.608665 0.793427 0
    outer loop
      vertex 34.8751 -63.6944 2.4
      vertex 34.9962 -63.7873 0
      vertex 34.8751 -63.6944 0
    endloop
  endfacet
  facet normal 0.609078 -0.793111 0
    outer loop
      vertex 34.8751 -61.0133 0
      vertex 34.9962 -60.9203 2.4
      vertex 34.8751 -61.0133 2.4
    endloop
  endfacet
  facet normal 0.609078 -0.793111 0
    outer loop
      vertex 34.9962 -60.9203 2.4
      vertex 34.8751 -61.0133 0
      vertex 34.9962 -60.9203 0
    endloop
  endfacet
  facet normal 0.216237 0.976341 -0
    outer loop
      vertex 35.6961 -64.0772 0
      vertex 35.5471 -64.0442 2.4
      vertex 35.6961 -64.0772 2.4
    endloop
  endfacet
  facet normal 0.216237 0.976341 0
    outer loop
      vertex 35.5471 -64.0442 2.4
      vertex 35.6961 -64.0772 0
      vertex 35.5471 -64.0442 0
    endloop
  endfacet
  facet normal 0.88697 0.461827 0
    outer loop
      vertex 34.4845 -63.2288 2.4
      vertex 34.414 -63.0934 0
      vertex 34.414 -63.0934 2.4
    endloop
  endfacet
  facet normal 0.88697 0.461827 0
    outer loop
      vertex 34.414 -63.0934 0
      vertex 34.4845 -63.2288 2.4
      vertex 34.4845 -63.2288 0
    endloop
  endfacet
  facet normal -0.675636 -0.737236 0
    outer loop
      vertex 37.1249 -61.0133 0
      vertex 37.2374 -61.1164 2.4
      vertex 37.1249 -61.0133 2.4
    endloop
  endfacet
  facet normal -0.675636 -0.737236 -0
    outer loop
      vertex 37.2374 -61.1164 2.4
      vertex 37.1249 -61.0133 0
      vertex 37.2374 -61.1164 0
    endloop
  endfacet
  facet normal -0.737208 -0.675665 0
    outer loop
      vertex 37.3406 -61.229 0
      vertex 37.2374 -61.1164 2.4
      vertex 37.2374 -61.1164 0
    endloop
  endfacet
  facet normal -0.737208 -0.675665 0
    outer loop
      vertex 37.2374 -61.1164 2.4
      vertex 37.3406 -61.229 0
      vertex 37.3406 -61.229 2.4
    endloop
  endfacet
  facet normal 0.999036 -0.0438921 0
    outer loop
      vertex 34.25 -62.3538 2.4
      vertex 34.2567 -62.2013 0
      vertex 34.2567 -62.2013 2.4
    endloop
  endfacet
  facet normal 0.999036 -0.0438921 0
    outer loop
      vertex 34.2567 -62.2013 0
      vertex 34.25 -62.3538 2.4
      vertex 34.25 -62.3538 0
    endloop
  endfacet
  facet normal 0.461827 0.88697 -0
    outer loop
      vertex 35.2604 -63.9399 0
      vertex 35.125 -63.8694 2.4
      vertex 35.2604 -63.9399 2.4
    endloop
  endfacet
  facet normal 0.461827 0.88697 0
    outer loop
      vertex 35.125 -63.8694 2.4
      vertex 35.2604 -63.9399 0
      vertex 35.125 -63.8694 0
    endloop
  endfacet
  facet normal 0.537045 -0.843554 0
    outer loop
      vertex 34.9962 -60.9203 0
      vertex 35.125 -60.8383 2.4
      vertex 34.9962 -60.9203 2.4
    endloop
  endfacet
  facet normal 0.537045 -0.843554 0
    outer loop
      vertex 35.125 -60.8383 2.4
      vertex 34.9962 -60.9203 0
      vertex 35.125 -60.8383 0
    endloop
  endfacet
  facet normal -0.737269 0.675599 0
    outer loop
      vertex -61.2836 51.423 0
      vertex -56.5685 56.5685 2.4
      vertex -56.5685 56.5685 0
    endloop
  endfacet
  facet normal -0.737269 0.675599 0
    outer loop
      vertex -56.5685 56.5685 2.4
      vertex -61.2836 51.423 0
      vertex -61.2836 51.423 2.4
    endloop
  endfacet
  facet normal 0.991444 0.130532 0
    outer loop
      vertex 79.6956 6.97246 2.4
      vertex 78.7846 13.8919 0
      vertex 78.7846 13.8919 2.4
    endloop
  endfacet
  facet normal 0.991444 0.130532 0
    outer loop
      vertex 78.7846 13.8919 0
      vertex 79.6956 6.97246 2.4
      vertex 79.6956 6.97246 0
    endloop
  endfacet
  facet normal 0.999048 0.0436159 0
    outer loop
      vertex 80 0 2.4
      vertex 79.6956 6.97246 0
      vertex 79.6956 6.97246 2.4
    endloop
  endfacet
  facet normal 0.999048 0.0436159 0
    outer loop
      vertex 79.6956 6.97246 0
      vertex 80 0 2.4
      vertex 80 0 0
    endloop
  endfacet
  facet normal 0.976297 0.216434 0
    outer loop
      vertex 78.7846 13.8919 2.4
      vertex 77.2741 20.7055 0
      vertex 77.2741 20.7055 2.4
    endloop
  endfacet
  facet normal 0.976297 0.216434 0
    outer loop
      vertex 77.2741 20.7055 0
      vertex 78.7846 13.8919 2.4
      vertex 78.7846 13.8919 0
    endloop
  endfacet
  facet normal -0.130532 0.991444 0
    outer loop
      vertex -6.97246 79.6956 0
      vertex -13.8919 78.7846 2.4
      vertex -6.97246 79.6956 2.4
    endloop
  endfacet
  facet normal -0.130532 0.991444 0
    outer loop
      vertex -13.8919 78.7846 2.4
      vertex -6.97246 79.6956 0
      vertex -13.8919 78.7846 0
    endloop
  endfacet
  facet normal -0.953715 -0.300711 0
    outer loop
      vertex -75.1754 -27.3616 0
      vertex -77.2741 -20.7055 2.4
      vertex -77.2741 -20.7055 0
    endloop
  endfacet
  facet normal -0.953715 -0.300711 0
    outer loop
      vertex -77.2741 -20.7055 2.4
      vertex -75.1754 -27.3616 0
      vertex -75.1754 -27.3616 2.4
    endloop
  endfacet
  facet normal -0.537294 -0.843395 0
    outer loop
      vertex -45.8861 -65.5322 0
      vertex -40 -69.282 2.4
      vertex -45.8861 -65.5322 2.4
    endloop
  endfacet
  facet normal -0.537294 -0.843395 -0
    outer loop
      vertex -40 -69.282 2.4
      vertex -45.8861 -65.5322 0
      vertex -40 -69.282 0
    endloop
  endfacet
  facet normal 0.382682 -0.92388 0
    outer loop
      vertex 27.3616 -75.1754 0
      vertex 33.8095 -72.5046 2.4
      vertex 27.3616 -75.1754 2.4
    endloop
  endfacet
  facet normal 0.382682 -0.92388 0
    outer loop
      vertex 33.8095 -72.5046 2.4
      vertex 27.3616 -75.1754 0
      vertex 33.8095 -72.5046 0
    endloop
  endfacet
  facet normal 0.216434 -0.976297 0
    outer loop
      vertex 13.8919 -78.7846 0
      vertex 20.7055 -77.2741 2.4
      vertex 13.8919 -78.7846 2.4
    endloop
  endfacet
  facet normal 0.216434 -0.976297 0
    outer loop
      vertex 20.7055 -77.2741 2.4
      vertex 13.8919 -78.7846 0
      vertex 20.7055 -77.2741 0
    endloop
  endfacet
  facet normal 0.130532 0.991444 -0
    outer loop
      vertex 13.8919 78.7846 0
      vertex 6.97246 79.6956 2.4
      vertex 13.8919 78.7846 2.4
    endloop
  endfacet
  facet normal 0.130532 0.991444 0
    outer loop
      vertex 6.97246 79.6956 2.4
      vertex 13.8919 78.7846 0
      vertex 6.97246 79.6956 0
    endloop
  endfacet
  facet normal -0.953715 0.300711 0
    outer loop
      vertex -77.2741 20.7055 0
      vertex -75.1754 27.3616 2.4
      vertex -75.1754 27.3616 0
    endloop
  endfacet
  facet normal -0.953715 0.300711 0
    outer loop
      vertex -75.1754 27.3616 2.4
      vertex -77.2741 20.7055 0
      vertex -77.2741 20.7055 2.4
    endloop
  endfacet
  facet normal -0.843395 -0.537294 0
    outer loop
      vertex -65.5322 -45.8861 0
      vertex -69.282 -40 2.4
      vertex -69.282 -40 0
    endloop
  endfacet
  facet normal -0.843395 -0.537294 0
    outer loop
      vertex -69.282 -40 2.4
      vertex -65.5322 -45.8861 0
      vertex -65.5322 -45.8861 2.4
    endloop
  endfacet
  facet normal 0.0436159 -0.999048 0
    outer loop
      vertex 0 -80 0
      vertex 6.97246 -79.6956 2.4
      vertex 0 -80 2.4
    endloop
  endfacet
  facet normal 0.0436159 -0.999048 0
    outer loop
      vertex 6.97246 -79.6956 2.4
      vertex 0 -80 0
      vertex 6.97246 -79.6956 0
    endloop
  endfacet
  facet normal -0.60876 -0.793354 0
    outer loop
      vertex -51.423 -61.2836 0
      vertex -45.8861 -65.5322 2.4
      vertex -51.423 -61.2836 2.4
    endloop
  endfacet
  facet normal -0.60876 -0.793354 -0
    outer loop
      vertex -45.8861 -65.5322 2.4
      vertex -51.423 -61.2836 0
      vertex -45.8861 -65.5322 0
    endloop
  endfacet
  facet normal 0.216434 0.976297 -0
    outer loop
      vertex 20.7055 77.2741 0
      vertex 13.8919 78.7846 2.4
      vertex 20.7055 77.2741 2.4
    endloop
  endfacet
  facet normal 0.216434 0.976297 0
    outer loop
      vertex 13.8919 78.7846 2.4
      vertex 20.7055 77.2741 0
      vertex 13.8919 78.7846 0
    endloop
  endfacet
  facet normal 0.92388 0.382682 0
    outer loop
      vertex 75.1754 27.3616 2.4
      vertex 72.5046 33.8095 0
      vertex 72.5046 33.8095 2.4
    endloop
  endfacet
  facet normal 0.92388 0.382682 0
    outer loop
      vertex 72.5046 33.8095 0
      vertex 75.1754 27.3616 2.4
      vertex 75.1754 27.3616 0
    endloop
  endfacet
  facet normal 0.675599 0.737269 -0
    outer loop
      vertex 56.5685 56.5685 0
      vertex 51.423 61.2836 2.4
      vertex 56.5685 56.5685 2.4
    endloop
  endfacet
  facet normal 0.675599 0.737269 0
    outer loop
      vertex 51.423 61.2836 2.4
      vertex 56.5685 56.5685 0
      vertex 51.423 61.2836 0
    endloop
  endfacet
  facet normal 0.737269 -0.675599 0
    outer loop
      vertex 56.5685 -56.5685 2.4
      vertex 61.2836 -51.423 0
      vertex 61.2836 -51.423 2.4
    endloop
  endfacet
  facet normal 0.737269 -0.675599 0
    outer loop
      vertex 61.2836 -51.423 0
      vertex 56.5685 -56.5685 2.4
      vertex 56.5685 -56.5685 0
    endloop
  endfacet
  facet normal -0.0436159 -0.999048 0
    outer loop
      vertex -6.97246 -79.6956 0
      vertex 0 -80 2.4
      vertex -6.97246 -79.6956 2.4
    endloop
  endfacet
  facet normal -0.0436159 -0.999048 -0
    outer loop
      vertex 0 -80 2.4
      vertex -6.97246 -79.6956 0
      vertex 0 -80 0
    endloop
  endfacet
  facet normal -0 0 1
    outer loop
      vertex -71.2604 -1.58604 2.4
      vertex -66.3505 -3.52971 2.4
      vertex -71.125 -1.51554 2.4
    endloop
  endfacet
  facet normal -0 0 1
    outer loop
      vertex -71.4015 -1.64446 2.4
      vertex -66.3505 -3.52971 2.4
      vertex -71.2604 -1.58604 2.4
    endloop
  endfacet
  facet normal 0 0 1
    outer loop
      vertex -66.3505 -3.52971 2.4
      vertex -71.4015 -1.64446 2.4
      vertex -66.0858 -6.89325 2.4
    endloop
  endfacet
  facet normal -0 0 1
    outer loop
      vertex -71.5471 -1.69037 2.4
      vertex -66.0858 -6.89325 2.4
      vertex -71.4015 -1.64446 2.4
    endloop
  endfacet
  facet normal -0 0 1
    outer loop
      vertex -71.6961 -1.72341 2.4
      vertex -66.0858 -6.89325 2.4
      vertex -71.5471 -1.69037 2.4
    endloop
  endfacet
  facet normal -0 0 1
    outer loop
      vertex -71.8475 -1.74334 2.4
      vertex -66.0858 -6.89325 2.4
      vertex -71.6961 -1.72341 2.4
    endloop
  endfacet
  facet normal -0 0 1
    outer loop
      vertex -72 -1.75 2.4
      vertex -66.0858 -6.89325 2.4
      vertex -71.8475 -1.74334 2.4
    endloop
  endfacet
  facet normal 0 0 1
    outer loop
      vertex -66.0858 -6.89325 2.4
      vertex -72 -1.75 2.4
      vertex -66.0748 -6.99738 2.4
    endloop
  endfacet
  facet normal 0 0 1
    outer loop
      vertex -72.1525 -1.74334 2.4
      vertex -66.0748 -6.99738 2.4
      vertex -72 -1.75 2.4
    endloop
  endfacet
  facet normal -0 0 1
    outer loop
      vertex -79.6956 -6.97246 2.4
      vertex -66.0748 -6.99738 2.4
      vertex -72.1525 -1.74334 2.4
    endloop
  endfacet
  facet normal 0 0 1
    outer loop
      vertex -65.6345 -10.3425 2.4
      vertex -78.7846 -13.8919 2.4
      vertex -67.4441 -16.3665 2.4
    endloop
  endfacet
  facet normal 0 0 1
    outer loop
      vertex -67.4441 -16.3665 2.4
      vertex -78.7846 -13.8919 2.4
      vertex -67.5449 -16.5247 2.4
    endloop
  endfacet
  facet normal 0 0 1
    outer loop
      vertex -67.5449 -16.5247 2.4
      vertex -78.7846 -13.8919 2.4
      vertex -67.6315 -16.6911 2.4
    endloop
  endfacet
  facet normal 0 0 1
    outer loop
      vertex -67.6315 -16.6911 2.4
      vertex -78.7846 -13.8919 2.4
      vertex -67.7033 -16.8644 2.4
    endloop
  endfacet
  facet normal 0 0 1
    outer loop
      vertex -67.7597 -17.0432 2.4
      vertex -78.7846 -13.8919 2.4
      vertex -67.8003 -17.2264 2.4
    endloop
  endfacet
  facet normal 0 -0 1
    outer loop
      vertex -77.2741 -20.7055 2.4
      vertex -67.8003 -17.2264 2.4
      vertex -78.7846 -13.8919 2.4
    endloop
  endfacet
  facet normal 0 0 1
    outer loop
      vertex -67.8003 -17.2264 2.4
      vertex -77.2741 -20.7055 2.4
      vertex -67.8248 -17.4123 2.4
    endloop
  endfacet
  facet normal 0 0 1
    outer loop
      vertex -67.7033 -16.8644 2.4
      vertex -78.7846 -13.8919 2.4
      vertex -67.7597 -17.0432 2.4
    endloop
  endfacet
  facet normal 0 0 1
    outer loop
      vertex -66.0748 -6.99738 2.4
      vertex -79.6956 -6.97246 2.4
      vertex -65.6345 -10.3425 2.4
    endloop
  endfacet
  facet normal 0 0 1
    outer loop
      vertex -79.6956 -6.97246 2.4
      vertex -72.1525 -1.74334 2.4
      vertex -72.3039 -1.72341 2.4
    endloop
  endfacet
  facet normal 0 0 1
    outer loop
      vertex -79.6956 -6.97246 2.4
      vertex -72.3039 -1.72341 2.4
      vertex -72.4529 -1.69037 2.4
    endloop
  endfacet
  facet normal 0 0 1
    outer loop
      vertex -67.833 -17.5997 2.4
      vertex -72.5046 -33.8095 2.4
      vertex -69.282 -40 2.4
    endloop
  endfacet
  facet normal 0 0 1
    outer loop
      vertex -79.6956 -6.97246 2.4
      vertex -72.4529 -1.69037 2.4
      vertex -72.5985 -1.64446 2.4
    endloop
  endfacet
  facet normal 0 0 1
    outer loop
      vertex -79.6956 -6.97246 2.4
      vertex -72.5985 -1.64446 2.4
      vertex -72.7396 -1.58604 2.4
    endloop
  endfacet
  facet normal 0 0 1
    outer loop
      vertex -79.6956 -6.97246 2.4
      vertex -72.7396 -1.58604 2.4
      vertex -72.875 -1.51554 2.4
    endloop
  endfacet
  facet normal 0 0 1
    outer loop
      vertex -79.6956 -6.97246 2.4
      vertex -72.875 -1.51554 2.4
      vertex -73.0038 -1.43352 2.4
    endloop
  endfacet
  facet normal 0 0 1
    outer loop
      vertex -79.6956 -6.97246 2.4
      vertex -73.0038 -1.43352 2.4
      vertex -73.1249 -1.34058 2.4
    endloop
  endfacet
  facet normal 0 0 1
    outer loop
      vertex -79.6956 -6.97246 2.4
      vertex -73.1249 -1.34058 2.4
      vertex -73.2374 -1.23744 2.4
    endloop
  endfacet
  facet normal 0 0 1
    outer loop
      vertex -79.6956 -6.97246 2.4
      vertex -73.2374 -1.23744 2.4
      vertex -73.3406 -1.12488 2.4
    endloop
  endfacet
  facet normal 0 0 1
    outer loop
      vertex -79.6956 -6.97246 2.4
      vertex -73.3406 -1.12488 2.4
      vertex -73.4335 -1.00376 2.4
    endloop
  endfacet
  facet normal 0 0 1
    outer loop
      vertex -80 0 2.4
      vertex -73.4335 -1.00376 2.4
      vertex -73.5155 -0.875 2.4
    endloop
  endfacet
  facet normal 0 0 1
    outer loop
      vertex -80 0 2.4
      vertex -73.5155 -0.875 2.4
      vertex -73.586 -0.739581 2.4
    endloop
  endfacet
  facet normal 0 0 1
    outer loop
      vertex -80 0 2.4
      vertex -73.586 -0.739581 2.4
      vertex -73.6445 -0.598535 2.4
    endloop
  endfacet
  facet normal 0 0 1
    outer loop
      vertex -80 0 2.4
      vertex -73.6445 -0.598535 2.4
      vertex -73.6904 -0.452933 2.4
    endloop
  endfacet
  facet normal 0 0 1
    outer loop
      vertex -80 0 2.4
      vertex -73.6904 -0.452933 2.4
      vertex -73.7234 -0.303884 2.4
    endloop
  endfacet
  facet normal 0 0 1
    outer loop
      vertex -80 0 2.4
      vertex -73.7234 -0.303884 2.4
      vertex -73.7433 -0.152522 2.4
    endloop
  endfacet
  facet normal -0 0 1
    outer loop
      vertex -80 0 2.4
      vertex -73.7433 -0.152522 2.4
      vertex -73.75 0 2.4
    endloop
  endfacet
  facet normal 0 0 1
    outer loop
      vertex -73.6445 0.598535 2.4
      vertex -80 0 2.4
      vertex -73.6904 0.452933 2.4
    endloop
  endfacet
  facet normal 0 0 1
    outer loop
      vertex -67.833 -17.5997 2.4
      vertex -75.1754 -27.3616 2.4
      vertex -72.5046 -33.8095 2.4
    endloop
  endfacet
  facet normal 0 0 1
    outer loop
      vertex -73.6904 0.452933 2.4
      vertex -80 0 2.4
      vertex -73.7234 0.303884 2.4
    endloop
  endfacet
  facet normal 0 0 1
    outer loop
      vertex -67.833 -17.5997 2.4
      vertex -77.2741 -20.7055 2.4
      vertex -75.1754 -27.3616 2.4
    endloop
  endfacet
  facet normal 0 0 1
    outer loop
      vertex -73.7234 0.303884 2.4
      vertex -80 0 2.4
      vertex -73.7433 0.152522 2.4
    endloop
  endfacet
  facet normal 0 0 1
    outer loop
      vertex -67.8248 -17.4123 2.4
      vertex -77.2741 -20.7055 2.4
      vertex -67.833 -17.5997 2.4
    endloop
  endfacet
  facet normal 0 0 1
    outer loop
      vertex -73.7433 0.152522 2.4
      vertex -80 0 2.4
      vertex -73.75 0 2.4
    endloop
  endfacet
  facet normal 0 0 1
    outer loop
      vertex -65.6345 -10.3425 2.4
      vertex -79.6956 -6.97246 2.4
      vertex -78.7846 -13.8919 2.4
    endloop
  endfacet
  facet normal 0 0 1
    outer loop
      vertex -73.4335 -1.00376 2.4
      vertex -80 0 2.4
      vertex -79.6956 -6.97246 2.4
    endloop
  endfacet
  facet normal 0 0 1
    outer loop
      vertex -64.9814 -13.8658 2.4
      vertex -64.608 -15.7377 2.4
      vertex -64.5183 -15.7948 2.4
    endloop
  endfacet
  facet normal 0 0 1
    outer loop
      vertex -64.9814 -13.8658 2.4
      vertex -64.7743 -15.6511 2.4
      vertex -64.608 -15.7377 2.4
    endloop
  endfacet
  facet normal 0 0 1
    outer loop
      vertex -64.9814 -13.8658 2.4
      vertex -64.9476 -15.5794 2.4
      vertex -64.7743 -15.6511 2.4
    endloop
  endfacet
  facet normal 0 0 1
    outer loop
      vertex -66.0563 -15.4824 2.4
      vertex -64.9814 -13.8658 2.4
      vertex -65.0032 -13.7633 2.4
    endloop
  endfacet
  facet normal 0 0 1
    outer loop
      vertex -64.9814 -13.8658 2.4
      vertex -65.1265 -15.523 2.4
      vertex -64.9476 -15.5794 2.4
    endloop
  endfacet
  facet normal 0 0 1
    outer loop
      vertex -64.9814 -13.8658 2.4
      vertex -65.3096 -15.4824 2.4
      vertex -65.1265 -15.523 2.4
    endloop
  endfacet
  facet normal 0 0 1
    outer loop
      vertex -64.9814 -13.8658 2.4
      vertex -65.4956 -15.4579 2.4
      vertex -65.3096 -15.4824 2.4
    endloop
  endfacet
  facet normal 0 0 1
    outer loop
      vertex -66.5916 -15.6511 2.4
      vertex -65.0032 -13.7633 2.4
      vertex -65.6181 -10.4459 2.4
    endloop
  endfacet
  facet normal 0 0 1
    outer loop
      vertex -67.3299 -16.2177 2.4
      vertex -65.6181 -10.4459 2.4
      vertex -65.6345 -10.3425 2.4
    endloop
  endfacet
  facet normal 0 0 1
    outer loop
      vertex -64.9814 -13.8658 2.4
      vertex -65.683 -15.4497 2.4
      vertex -65.4956 -15.4579 2.4
    endloop
  endfacet
  facet normal 0 0 1
    outer loop
      vertex -64.9814 -13.8658 2.4
      vertex -65.8703 -15.4579 2.4
      vertex -65.683 -15.4497 2.4
    endloop
  endfacet
  facet normal 0 0 1
    outer loop
      vertex -64.9814 -13.8658 2.4
      vertex -66.0563 -15.4824 2.4
      vertex -65.8703 -15.4579 2.4
    endloop
  endfacet
  facet normal 0 0 1
    outer loop
      vertex -66.356 -3.42514 2.4
      vertex -70.8751 -1.34058 2.4
      vertex -66.3505 -3.52971 2.4
    endloop
  endfacet
  facet normal 0 0 1
    outer loop
      vertex -70.3555 -0.598535 2.4
      vertex -66.4443 -0.0523529 2.4
      vertex -70.3096 -0.452933 2.4
    endloop
  endfacet
  facet normal 0 0 1
    outer loop
      vertex -65.0032 -13.7633 2.4
      vertex -66.2394 -15.523 2.4
      vertex -66.0563 -15.4824 2.4
    endloop
  endfacet
  facet normal 0 0 1
    outer loop
      vertex -70.3096 -0.452933 2.4
      vertex -66.4443 -0.0523529 2.4
      vertex -70.2766 -0.303884 2.4
    endloop
  endfacet
  facet normal 0 0 1
    outer loop
      vertex -70.2766 -0.303884 2.4
      vertex -66.4443 -0.0523529 2.4
      vertex -70.2567 -0.152522 2.4
    endloop
  endfacet
  facet normal 0 0 1
    outer loop
      vertex -65.0032 -13.7633 2.4
      vertex -66.4183 -15.5794 2.4
      vertex -66.2394 -15.523 2.4
    endloop
  endfacet
  facet normal 0 0 1
    outer loop
      vertex -70.2567 -0.152522 2.4
      vertex -66.4443 -0.0523529 2.4
      vertex -70.25 0 2.4
    endloop
  endfacet
  facet normal 0 0 1
    outer loop
      vertex -70.414 -0.739581 2.4
      vertex -66.4443 -0.0523529 2.4
      vertex -70.3555 -0.598535 2.4
    endloop
  endfacet
  facet normal 0 0 1
    outer loop
      vertex -30.1184 59.2261 2.4
      vertex -34.2567 62.5064 2.4
      vertex -34.25 62.3538 2.4
    endloop
  endfacet
  facet normal 0 0 1
    outer loop
      vertex -26.9775 60.7212 2.4
      vertex -34.2766 62.6577 2.4
      vertex -34.2567 62.5064 2.4
    endloop
  endfacet
  facet normal 0 0 1
    outer loop
      vertex -26.9775 60.7212 2.4
      vertex -34.3096 62.8068 2.4
      vertex -34.2766 62.6577 2.4
    endloop
  endfacet
  facet normal 0 0 1
    outer loop
      vertex -26.9775 60.7212 2.4
      vertex -34.3555 62.9524 2.4
      vertex -34.3096 62.8068 2.4
    endloop
  endfacet
  facet normal 0 0 1
    outer loop
      vertex -26.9775 60.7212 2.4
      vertex -34.414 63.0934 2.4
      vertex -34.3555 62.9524 2.4
    endloop
  endfacet
  facet normal 0 0 1
    outer loop
      vertex -26.9775 60.7212 2.4
      vertex -34.4845 63.2288 2.4
      vertex -34.414 63.0934 2.4
    endloop
  endfacet
  facet normal 0 0 1
    outer loop
      vertex -26.9775 60.7212 2.4
      vertex -34.5665 63.3576 2.4
      vertex -34.4845 63.2288 2.4
    endloop
  endfacet
  facet normal 0 0 1
    outer loop
      vertex -33.8095 72.5046 2.4
      vertex -34.6594 63.4787 2.4
      vertex -34.5665 63.3576 2.4
    endloop
  endfacet
  facet normal 0 0 1
    outer loop
      vertex -33.8095 72.5046 2.4
      vertex -34.7626 63.5913 2.4
      vertex -34.6594 63.4787 2.4
    endloop
  endfacet
  facet normal 0 0 1
    outer loop
      vertex -33.8095 72.5046 2.4
      vertex -34.8751 63.6944 2.4
      vertex -34.7626 63.5913 2.4
    endloop
  endfacet
  facet normal 0 0 1
    outer loop
      vertex -33.8095 72.5046 2.4
      vertex -34.9962 63.7873 2.4
      vertex -34.8751 63.6944 2.4
    endloop
  endfacet
  facet normal 0 0 1
    outer loop
      vertex -33.8095 72.5046 2.4
      vertex -35.125 63.8694 2.4
      vertex -34.9962 63.7873 2.4
    endloop
  endfacet
  facet normal 0 0 1
    outer loop
      vertex -33.8095 72.5046 2.4
      vertex -35.2604 63.9399 2.4
      vertex -35.125 63.8694 2.4
    endloop
  endfacet
  facet normal 0 0 1
    outer loop
      vertex -33.8095 72.5046 2.4
      vertex -35.4015 63.9983 2.4
      vertex -35.2604 63.9399 2.4
    endloop
  endfacet
  facet normal 0 0 1
    outer loop
      vertex -33.8095 72.5046 2.4
      vertex -35.5471 64.0442 2.4
      vertex -35.4015 63.9983 2.4
    endloop
  endfacet
  facet normal 0 0 1
    outer loop
      vertex -33.8095 72.5046 2.4
      vertex -35.6961 64.0772 2.4
      vertex -35.5471 64.0442 2.4
    endloop
  endfacet
  facet normal 0 0 1
    outer loop
      vertex -33.8095 72.5046 2.4
      vertex -35.8475 64.0972 2.4
      vertex -35.6961 64.0772 2.4
    endloop
  endfacet
  facet normal -0 0 1
    outer loop
      vertex -40 69.282 2.4
      vertex -35.8475 64.0972 2.4
      vertex -33.8095 72.5046 2.4
    endloop
  endfacet
  facet normal 0 0 1
    outer loop
      vertex -35.8475 64.0972 2.4
      vertex -40 69.282 2.4
      vertex -36 64.1038 2.4
    endloop
  endfacet
  facet normal 0 0 1
    outer loop
      vertex -36 64.1038 2.4
      vertex -40 69.282 2.4
      vertex -36.1525 64.0972 2.4
    endloop
  endfacet
  facet normal 0 0 1
    outer loop
      vertex -36.1525 64.0972 2.4
      vertex -40 69.282 2.4
      vertex -36.3039 64.0772 2.4
    endloop
  endfacet
  facet normal 0 0 1
    outer loop
      vertex -36.3039 64.0772 2.4
      vertex -40 69.282 2.4
      vertex -36.4529 64.0442 2.4
    endloop
  endfacet
  facet normal 0 0 1
    outer loop
      vertex -36.4529 64.0442 2.4
      vertex -40 69.282 2.4
      vertex -36.5985 63.9983 2.4
    endloop
  endfacet
  facet normal 0 0 1
    outer loop
      vertex -36.5985 63.9983 2.4
      vertex -40 69.282 2.4
      vertex -36.7396 63.9399 2.4
    endloop
  endfacet
  facet normal 0 0 1
    outer loop
      vertex -36.7396 63.9399 2.4
      vertex -40 69.282 2.4
      vertex -36.875 63.8694 2.4
    endloop
  endfacet
  facet normal 0 0 1
    outer loop
      vertex -36.875 63.8694 2.4
      vertex -40 69.282 2.4
      vertex -37.0038 63.7873 2.4
    endloop
  endfacet
  facet normal 0 0 1
    outer loop
      vertex -37.0038 63.7873 2.4
      vertex -40 69.282 2.4
      vertex -37.1249 63.6944 2.4
    endloop
  endfacet
  facet normal 0 0 1
    outer loop
      vertex -37.1249 63.6944 2.4
      vertex -40 69.282 2.4
      vertex -37.2374 63.5913 2.4
    endloop
  endfacet
  facet normal 0 0 1
    outer loop
      vertex -37.2374 63.5913 2.4
      vertex -40 69.282 2.4
      vertex -37.3406 63.4787 2.4
    endloop
  endfacet
  facet normal 0 0 1
    outer loop
      vertex -37.3406 63.4787 2.4
      vertex -40 69.282 2.4
      vertex -37.4335 63.3576 2.4
    endloop
  endfacet
  facet normal 0 0 1
    outer loop
      vertex -37.4335 63.3576 2.4
      vertex -40 69.282 2.4
      vertex -37.5155 63.2288 2.4
    endloop
  endfacet
  facet normal 0 0 1
    outer loop
      vertex -37.5155 63.2288 2.4
      vertex -40 69.282 2.4
      vertex -37.586 63.0934 2.4
    endloop
  endfacet
  facet normal 0 0 1
    outer loop
      vertex -45.8861 65.5322 2.4
      vertex -37.75 62.3538 2.4
      vertex -37.7433 62.5064 2.4
    endloop
  endfacet
  facet normal 0 0 1
    outer loop
      vertex -45.8861 65.5322 2.4
      vertex -37.7433 62.5064 2.4
      vertex -37.7234 62.6577 2.4
    endloop
  endfacet
  facet normal 0 0 1
    outer loop
      vertex -37.75 62.3538 2.4
      vertex -39.0973 53.7238 2.4
      vertex -39.0126 53.7853 2.4
    endloop
  endfacet
  facet normal -0 0 1
    outer loop
      vertex -45.8861 65.5322 2.4
      vertex -37.586 63.0934 2.4
      vertex -40 69.282 2.4
    endloop
  endfacet
  facet normal 0 0 1
    outer loop
      vertex -37.586 63.0934 2.4
      vertex -45.8861 65.5322 2.4
      vertex -37.6445 62.9524 2.4
    endloop
  endfacet
  facet normal 0 0 1
    outer loop
      vertex -37.6445 62.9524 2.4
      vertex -45.8861 65.5322 2.4
      vertex -37.6904 62.8068 2.4
    endloop
  endfacet
  facet normal 0 0 1
    outer loop
      vertex -37.6904 62.8068 2.4
      vertex -45.8861 65.5322 2.4
      vertex -37.7234 62.6577 2.4
    endloop
  endfacet
  facet normal 0 0 1
    outer loop
      vertex -37.75 62.3538 2.4
      vertex -45.8861 65.5322 2.4
      vertex -39.0973 53.7238 2.4
    endloop
  endfacet
  facet normal 0 0 1
    outer loop
      vertex -39.0973 53.7238 2.4
      vertex -45.8861 65.5322 2.4
      vertex -41.7741 51.6699 2.4
    endloop
  endfacet
  facet normal -0 0 1
    outer loop
      vertex -51.423 61.2836 2.4
      vertex -41.7741 51.6699 2.4
      vertex -45.8861 65.5322 2.4
    endloop
  endfacet
  facet normal 0 0 1
    outer loop
      vertex -41.7741 51.6699 2.4
      vertex -51.423 61.2836 2.4
      vertex -41.8554 51.604 2.4
    endloop
  endfacet
  facet normal 0 0 1
    outer loop
      vertex -41.8554 51.604 2.4
      vertex -51.423 61.2836 2.4
      vertex -44.421 49.4128 2.4
    endloop
  endfacet
  facet normal 0 0 1
    outer loop
      vertex -44.421 49.4128 2.4
      vertex -51.423 61.2836 2.4
      vertex -44.4988 49.3427 2.4
    endloop
  endfacet
  facet normal -0 0 1
    outer loop
      vertex -56.5685 56.5685 2.4
      vertex -44.4988 49.3427 2.4
      vertex -51.423 61.2836 2.4
    endloop
  endfacet
  facet normal 0 0 1
    outer loop
      vertex -44.4988 49.3427 2.4
      vertex -56.5685 56.5685 2.4
      vertex -46.9462 47.0202 2.4
    endloop
  endfacet
  facet normal 0 -0 1
    outer loop
      vertex -47.0202 46.9462 2.4
      vertex -46.9462 47.0202 2.4
      vertex -56.5685 56.5685 2.4
    endloop
  endfacet
  facet normal 0 0 1
    outer loop
      vertex -46.9462 47.0202 2.4
      vertex -47.0202 46.9462 2.4
      vertex -46.9926 46.9722 2.4
    endloop
  endfacet
  facet normal 0 0 1
    outer loop
      vertex -47.0202 46.9462 2.4
      vertex -56.5685 56.5685 2.4
      vertex -49.3427 44.4988 2.4
    endloop
  endfacet
  facet normal -0 0 1
    outer loop
      vertex -61.2836 51.423 2.4
      vertex -49.3427 44.4988 2.4
      vertex -56.5685 56.5685 2.4
    endloop
  endfacet
  facet normal 0 0 1
    outer loop
      vertex -49.3427 44.4988 2.4
      vertex -61.2836 51.423 2.4
      vertex -49.4128 44.421 2.4
    endloop
  endfacet
  facet normal 0 0 1
    outer loop
      vertex -49.4128 44.421 2.4
      vertex -61.2836 51.423 2.4
      vertex -51.604 41.8554 2.4
    endloop
  endfacet
  facet normal 0 0 1
    outer loop
      vertex -51.604 41.8554 2.4
      vertex -61.2836 51.423 2.4
      vertex -51.6699 41.7741 2.4
    endloop
  endfacet
  facet normal 0 0 1
    outer loop
      vertex -51.6699 41.7741 2.4
      vertex -61.2836 51.423 2.4
      vertex -53.7238 39.0973 2.4
    endloop
  endfacet
  facet normal -0 0 1
    outer loop
      vertex -65.5322 45.8861 2.4
      vertex -53.7238 39.0973 2.4
      vertex -61.2836 51.423 2.4
    endloop
  endfacet
  facet normal 0 0 1
    outer loop
      vertex -53.7238 39.0973 2.4
      vertex -65.5322 45.8861 2.4
      vertex -53.7853 39.0126 2.4
    endloop
  endfacet
  facet normal 0 0 1
    outer loop
      vertex -53.7853 39.0126 2.4
      vertex -65.5322 45.8861 2.4
      vertex -55.6964 36.2321 2.4
    endloop
  endfacet
  facet normal 0 0 1
    outer loop
      vertex -55.6964 36.2321 2.4
      vertex -65.5322 45.8861 2.4
      vertex -55.7534 36.1443 2.4
    endloop
  endfacet
  facet normal -0 0 1
    outer loop
      vertex -69.282 40 2.4
      vertex -55.7534 36.1443 2.4
      vertex -65.5322 45.8861 2.4
    endloop
  endfacet
  facet normal 0 0 1
    outer loop
      vertex -55.7534 36.1443 2.4
      vertex -69.282 40 2.4
      vertex -57.5163 33.2675 2.4
    endloop
  endfacet
  facet normal 0 0 1
    outer loop
      vertex -57.5163 33.2675 2.4
      vertex -69.282 40 2.4
      vertex -57.5686 33.1768 2.4
    endloop
  endfacet
  facet normal 0 0 1
    outer loop
      vertex -57.5686 33.1768 2.4
      vertex -69.282 40 2.4
      vertex -59.1785 30.2117 2.4
    endloop
  endfacet
  facet normal -0 0 1
    outer loop
      vertex -72.5046 33.8095 2.4
      vertex -59.1785 30.2117 2.4
      vertex -69.282 40 2.4
    endloop
  endfacet
  facet normal 0 0 1
    outer loop
      vertex -59.1785 30.2117 2.4
      vertex -72.5046 33.8095 2.4
      vertex -59.2261 30.1184 2.4
    endloop
  endfacet
  facet normal 0 0 1
    outer loop
      vertex -59.2261 30.1184 2.4
      vertex -72.5046 33.8095 2.4
      vertex -60.6786 27.0732 2.4
    endloop
  endfacet
  facet normal 0 0 1
    outer loop
      vertex -60.6786 27.0732 2.4
      vertex -72.5046 33.8095 2.4
      vertex -60.7212 26.9775 2.4
    endloop
  endfacet
  facet normal 0 0 1
    outer loop
      vertex -60.7212 26.9775 2.4
      vertex -72.5046 33.8095 2.4
      vertex -62.0123 23.8604 2.4
    endloop
  endfacet
  facet normal -0 0 1
    outer loop
      vertex -75.1754 27.3616 2.4
      vertex -62.0123 23.8604 2.4
      vertex -72.5046 33.8095 2.4
    endloop
  endfacet
  facet normal 0 0 1
    outer loop
      vertex -62.0123 23.8604 2.4
      vertex -75.1754 27.3616 2.4
      vertex -62.0499 23.7626 2.4
    endloop
  endfacet
  facet normal 0 0 1
    outer loop
      vertex -62.0499 23.7626 2.4
      vertex -75.1754 27.3616 2.4
      vertex -63.1761 20.5822 2.4
    endloop
  endfacet
  facet normal 0 0 1
    outer loop
      vertex -63.1761 20.5822 2.4
      vertex -75.1754 27.3616 2.4
      vertex -63.2085 20.4826 2.4
    endloop
  endfacet
  facet normal -0 0 1
    outer loop
      vertex -77.2741 20.7055 2.4
      vertex -63.2085 20.4826 2.4
      vertex -75.1754 27.3616 2.4
    endloop
  endfacet
  facet normal 0 0 1
    outer loop
      vertex -63.2085 20.4826 2.4
      vertex -77.2741 20.7055 2.4
      vertex -64.1667 17.2476 2.4
    endloop
  endfacet
  facet normal 0 0 1
    outer loop
      vertex -64.1667 17.2476 2.4
      vertex -64.1938 17.1465 2.4
      vertex -64.1829 17.1829 2.4
    endloop
  endfacet
  facet normal 0 0 1
    outer loop
      vertex -64.1667 17.2476 2.4
      vertex -77.2741 20.7055 2.4
      vertex -64.1938 17.1465 2.4
    endloop
  endfacet
  facet normal 0 0 1
    outer loop
      vertex -64.1938 17.1465 2.4
      vertex -77.2741 20.7055 2.4
      vertex -64.9814 13.8658 2.4
    endloop
  endfacet
  facet normal -0 0 1
    outer loop
      vertex -78.7846 13.8919 2.4
      vertex -64.9814 13.8658 2.4
      vertex -77.2741 20.7055 2.4
    endloop
  endfacet
  facet normal 0 0 1
    outer loop
      vertex -64.9814 13.8658 2.4
      vertex -78.7846 13.8919 2.4
      vertex -65.0032 13.7633 2.4
    endloop
  endfacet
  facet normal 0 0 1
    outer loop
      vertex -65.6181 10.4459 2.4
      vertex -78.7846 13.8919 2.4
      vertex -65.6345 10.3425 2.4
    endloop
  endfacet
  facet normal 0 0 1
    outer loop
      vertex -72.1525 1.74334 2.4
      vertex -79.6956 6.97246 2.4
      vertex -72.3039 1.72341 2.4
    endloop
  endfacet
  facet normal -0 0 1
    outer loop
      vertex -70.25 0 2.4
      vertex -66.4443 -0.0523529 2.4
      vertex -66.4443 0.0523529 2.4
    endloop
  endfacet
  facet normal 0 0 1
    outer loop
      vertex -65.0032 -13.7633 2.4
      vertex -66.5916 -15.6511 2.4
      vertex -66.4183 -15.5794 2.4
    endloop
  endfacet
  facet normal 0 0 1
    outer loop
      vertex -65.6181 -10.4459 2.4
      vertex -66.758 -15.7377 2.4
      vertex -66.5916 -15.6511 2.4
    endloop
  endfacet
  facet normal 0 0 1
    outer loop
      vertex -79.6956 6.97246 2.4
      vertex -66.0748 6.99738 2.4
      vertex -78.7846 13.8919 2.4
    endloop
  endfacet
  facet normal 0 -0 1
    outer loop
      vertex -70.25 0 2.4
      vertex -66.4443 0.0523529 2.4
      vertex -70.2567 0.152522 2.4
    endloop
  endfacet
  facet normal 0 0 1
    outer loop
      vertex -65.6181 -10.4459 2.4
      vertex -66.9161 -15.8385 2.4
      vertex -66.758 -15.7377 2.4
    endloop
  endfacet
  facet normal 0 0 1
    outer loop
      vertex -65.6181 -10.4459 2.4
      vertex -67.0649 -15.9527 2.4
      vertex -66.9161 -15.8385 2.4
    endloop
  endfacet
  facet normal 0 0 1
    outer loop
      vertex -65.6181 -10.4459 2.4
      vertex -67.2032 -16.0794 2.4
      vertex -67.0649 -15.9527 2.4
    endloop
  endfacet
  facet normal 0 0 1
    outer loop
      vertex -65.6181 -10.4459 2.4
      vertex -67.3299 -16.2177 2.4
      vertex -67.2032 -16.0794 2.4
    endloop
  endfacet
  facet normal 0 0 1
    outer loop
      vertex -65.6345 -10.3425 2.4
      vertex -67.4441 -16.3665 2.4
      vertex -67.3299 -16.2177 2.4
    endloop
  endfacet
  facet normal -0 0 1
    outer loop
      vertex -70.8751 -1.34058 2.4
      vertex -66.356 -3.42514 2.4
      vertex -70.7626 -1.23744 2.4
    endloop
  endfacet
  facet normal 0 0 1
    outer loop
      vertex -66.4443 -0.0523529 2.4
      vertex -70.414 -0.739581 2.4
      vertex -66.356 -3.42514 2.4
    endloop
  endfacet
  facet normal -0 0 1
    outer loop
      vertex -70.4845 -0.875 2.4
      vertex -66.356 -3.42514 2.4
      vertex -70.414 -0.739581 2.4
    endloop
  endfacet
  facet normal -0 0 1
    outer loop
      vertex -70.5665 -1.00376 2.4
      vertex -66.356 -3.42514 2.4
      vertex -70.4845 -0.875 2.4
    endloop
  endfacet
  facet normal -0 0 1
    outer loop
      vertex -70.6594 -1.12488 2.4
      vertex -66.356 -3.42514 2.4
      vertex -70.5665 -1.00376 2.4
    endloop
  endfacet
  facet normal 0 0 1
    outer loop
      vertex -66.0748 6.99738 2.4
      vertex -72 1.75 2.4
      vertex -66.0858 6.89325 2.4
    endloop
  endfacet
  facet normal 0 0 1
    outer loop
      vertex -13.8658 64.9814 2.4
      vertex -15.4579 65.8703 2.4
      vertex -15.4497 65.683 2.4
    endloop
  endfacet
  facet normal 0 0 1
    outer loop
      vertex -10.4459 65.6181 2.4
      vertex -15.4824 66.0563 2.4
      vertex -15.4579 65.8703 2.4
    endloop
  endfacet
  facet normal 0 0 1
    outer loop
      vertex -10.4459 65.6181 2.4
      vertex -15.523 66.2394 2.4
      vertex -15.4824 66.0563 2.4
    endloop
  endfacet
  facet normal 0 0 1
    outer loop
      vertex -10.4459 65.6181 2.4
      vertex -15.5794 66.4183 2.4
      vertex -15.523 66.2394 2.4
    endloop
  endfacet
  facet normal 0 0 1
    outer loop
      vertex -10.4459 65.6181 2.4
      vertex -15.6511 66.5916 2.4
      vertex -15.5794 66.4183 2.4
    endloop
  endfacet
  facet normal 0 0 1
    outer loop
      vertex -10.4459 65.6181 2.4
      vertex -15.7377 66.758 2.4
      vertex -15.6511 66.5916 2.4
    endloop
  endfacet
  facet normal 0 0 1
    outer loop
      vertex -10.4459 65.6181 2.4
      vertex -15.8385 66.9161 2.4
      vertex -15.7377 66.758 2.4
    endloop
  endfacet
  facet normal 0 0 1
    outer loop
      vertex -10.4459 65.6181 2.4
      vertex -15.9527 67.0649 2.4
      vertex -15.8385 66.9161 2.4
    endloop
  endfacet
  facet normal 0 0 1
    outer loop
      vertex -10.4459 65.6181 2.4
      vertex -16.0794 67.2032 2.4
      vertex -15.9527 67.0649 2.4
    endloop
  endfacet
  facet normal 0 0 1
    outer loop
      vertex -10.4459 65.6181 2.4
      vertex -16.2177 67.3299 2.4
      vertex -16.0794 67.2032 2.4
    endloop
  endfacet
  facet normal 0 0 1
    outer loop
      vertex -13.8919 78.7846 2.4
      vertex -16.3665 67.4441 2.4
      vertex -16.2177 67.3299 2.4
    endloop
  endfacet
  facet normal 0 0 1
    outer loop
      vertex -13.8919 78.7846 2.4
      vertex -16.5247 67.5449 2.4
      vertex -16.3665 67.4441 2.4
    endloop
  endfacet
  facet normal 0 0 1
    outer loop
      vertex -13.8919 78.7846 2.4
      vertex -16.6911 67.6315 2.4
      vertex -16.5247 67.5449 2.4
    endloop
  endfacet
  facet normal 0 0 1
    outer loop
      vertex -13.8919 78.7846 2.4
      vertex -16.8644 67.7033 2.4
      vertex -16.6911 67.6315 2.4
    endloop
  endfacet
  facet normal 0 0 1
    outer loop
      vertex -13.8919 78.7846 2.4
      vertex -17.0432 67.7597 2.4
      vertex -16.8644 67.7033 2.4
    endloop
  endfacet
  facet normal 0 0 1
    outer loop
      vertex -13.8919 78.7846 2.4
      vertex -17.2264 67.8003 2.4
      vertex -17.0432 67.7597 2.4
    endloop
  endfacet
  facet normal -0 0 1
    outer loop
      vertex -20.7055 77.2741 2.4
      vertex -17.2264 67.8003 2.4
      vertex -13.8919 78.7846 2.4
    endloop
  endfacet
  facet normal 0 0 1
    outer loop
      vertex -17.2264 67.8003 2.4
      vertex -20.7055 77.2741 2.4
      vertex -17.4123 67.8248 2.4
    endloop
  endfacet
  facet normal 0 0 1
    outer loop
      vertex -17.4123 67.8248 2.4
      vertex -20.7055 77.2741 2.4
      vertex -17.5997 67.833 2.4
    endloop
  endfacet
  facet normal 0 0 1
    outer loop
      vertex -17.5997 67.833 2.4
      vertex -20.7055 77.2741 2.4
      vertex -17.7871 67.8248 2.4
    endloop
  endfacet
  facet normal 0 0 1
    outer loop
      vertex -17.7871 67.8248 2.4
      vertex -20.7055 77.2741 2.4
      vertex -17.973 67.8003 2.4
    endloop
  endfacet
  facet normal 0 0 1
    outer loop
      vertex -17.973 67.8003 2.4
      vertex -20.7055 77.2741 2.4
      vertex -18.1562 67.7597 2.4
    endloop
  endfacet
  facet normal 0 0 1
    outer loop
      vertex -18.1562 67.7597 2.4
      vertex -20.7055 77.2741 2.4
      vertex -18.335 67.7033 2.4
    endloop
  endfacet
  facet normal 0 0 1
    outer loop
      vertex -18.335 67.7033 2.4
      vertex -20.7055 77.2741 2.4
      vertex -18.5083 67.6315 2.4
    endloop
  endfacet
  facet normal 0 0 1
    outer loop
      vertex -18.5083 67.6315 2.4
      vertex -20.7055 77.2741 2.4
      vertex -18.6747 67.5449 2.4
    endloop
  endfacet
  facet normal 0 0 1
    outer loop
      vertex -18.6747 67.5449 2.4
      vertex -20.7055 77.2741 2.4
      vertex -18.8329 67.4441 2.4
    endloop
  endfacet
  facet normal 0 0 1
    outer loop
      vertex -18.8329 67.4441 2.4
      vertex -20.7055 77.2741 2.4
      vertex -18.9817 67.3299 2.4
    endloop
  endfacet
  facet normal -0 0 1
    outer loop
      vertex -27.3616 75.1754 2.4
      vertex -18.9817 67.3299 2.4
      vertex -20.7055 77.2741 2.4
    endloop
  endfacet
  facet normal 0 0 1
    outer loop
      vertex -18.9817 67.3299 2.4
      vertex -27.3616 75.1754 2.4
      vertex -19.12 67.2032 2.4
    endloop
  endfacet
  facet normal 0 0 1
    outer loop
      vertex -19.12 67.2032 2.4
      vertex -27.3616 75.1754 2.4
      vertex -19.2467 67.0649 2.4
    endloop
  endfacet
  facet normal 0 0 1
    outer loop
      vertex -19.2467 67.0649 2.4
      vertex -27.3616 75.1754 2.4
      vertex -19.3609 66.9161 2.4
    endloop
  endfacet
  facet normal 0 0 1
    outer loop
      vertex -23.7626 62.0499 2.4
      vertex -19.7497 65.683 2.4
      vertex -19.7415 65.8703 2.4
    endloop
  endfacet
  facet normal 0 0 1
    outer loop
      vertex -23.7626 62.0499 2.4
      vertex -19.7415 65.8703 2.4
      vertex -19.717 66.0563 2.4
    endloop
  endfacet
  facet normal 0 0 1
    outer loop
      vertex -23.7626 62.0499 2.4
      vertex -19.717 66.0563 2.4
      vertex -19.6764 66.2394 2.4
    endloop
  endfacet
  facet normal 0 0 1
    outer loop
      vertex -19.7497 65.683 2.4
      vertex -20.5822 63.1761 2.4
      vertex -20.4826 63.2085 2.4
    endloop
  endfacet
  facet normal 0 0 1
    outer loop
      vertex -19.3609 66.9161 2.4
      vertex -27.3616 75.1754 2.4
      vertex -19.4616 66.758 2.4
    endloop
  endfacet
  facet normal 0 0 1
    outer loop
      vertex -19.4616 66.758 2.4
      vertex -27.3616 75.1754 2.4
      vertex -19.5483 66.5916 2.4
    endloop
  endfacet
  facet normal 0 0 1
    outer loop
      vertex -19.5483 66.5916 2.4
      vertex -27.3616 75.1754 2.4
      vertex -19.62 66.4183 2.4
    endloop
  endfacet
  facet normal 0 -0 1
    outer loop
      vertex -23.7626 62.0499 2.4
      vertex -19.62 66.4183 2.4
      vertex -27.3616 75.1754 2.4
    endloop
  endfacet
  facet normal 0 0 1
    outer loop
      vertex -19.62 66.4183 2.4
      vertex -23.7626 62.0499 2.4
      vertex -19.6764 66.2394 2.4
    endloop
  endfacet
  facet normal 0 0 1
    outer loop
      vertex -19.7497 65.683 2.4
      vertex -23.7626 62.0499 2.4
      vertex -20.5822 63.1761 2.4
    endloop
  endfacet
  facet normal 0 0 1
    outer loop
      vertex -23.7626 62.0499 2.4
      vertex -27.3616 75.1754 2.4
      vertex -23.8604 62.0123 2.4
    endloop
  endfacet
  facet normal 0 0 1
    outer loop
      vertex -23.8604 62.0123 2.4
      vertex -27.3616 75.1754 2.4
      vertex -26.9775 60.7212 2.4
    endloop
  endfacet
  facet normal -0 0 1
    outer loop
      vertex -33.8095 72.5046 2.4
      vertex -26.9775 60.7212 2.4
      vertex -27.3616 75.1754 2.4
    endloop
  endfacet
  facet normal -0 0 1
    outer loop
      vertex -34.5665 63.3576 2.4
      vertex -26.9775 60.7212 2.4
      vertex -33.8095 72.5046 2.4
    endloop
  endfacet
  facet normal 0 0 1
    outer loop
      vertex -34.2567 62.5064 2.4
      vertex -30.1184 59.2261 2.4
      vertex -27.0732 60.6786 2.4
    endloop
  endfacet
  facet normal -0 0 1
    outer loop
      vertex -34.2567 62.2013 2.4
      vertex -30.1184 59.2261 2.4
      vertex -34.25 62.3538 2.4
    endloop
  endfacet
  facet normal 0 0 1
    outer loop
      vertex -30.1184 59.2261 2.4
      vertex -34.2567 62.2013 2.4
      vertex -30.2117 59.1785 2.4
    endloop
  endfacet
  facet normal 0 0 1
    outer loop
      vertex -34.2567 62.5064 2.4
      vertex -27.0732 60.6786 2.4
      vertex -26.9775 60.7212 2.4
    endloop
  endfacet
  facet normal -0 0 1
    outer loop
      vertex -34.2766 62.0499 2.4
      vertex -30.2117 59.1785 2.4
      vertex -34.2567 62.2013 2.4
    endloop
  endfacet
  facet normal -0 0 1
    outer loop
      vertex -34.3096 61.9009 2.4
      vertex -30.2117 59.1785 2.4
      vertex -34.2766 62.0499 2.4
    endloop
  endfacet
  facet normal -0 0 1
    outer loop
      vertex -34.3555 61.7553 2.4
      vertex -30.2117 59.1785 2.4
      vertex -34.3096 61.9009 2.4
    endloop
  endfacet
  facet normal -0 0 1
    outer loop
      vertex -34.414 61.6142 2.4
      vertex -30.2117 59.1785 2.4
      vertex -34.3555 61.7553 2.4
    endloop
  endfacet
  facet normal -0 0 1
    outer loop
      vertex -34.4845 61.4788 2.4
      vertex -30.2117 59.1785 2.4
      vertex -34.414 61.6142 2.4
    endloop
  endfacet
  facet normal -0 0 1
    outer loop
      vertex -34.5665 61.3501 2.4
      vertex -30.2117 59.1785 2.4
      vertex -34.4845 61.4788 2.4
    endloop
  endfacet
  facet normal 0 0 1
    outer loop
      vertex -30.2117 59.1785 2.4
      vertex -34.5665 61.3501 2.4
      vertex -33.1768 57.5686 2.4
    endloop
  endfacet
  facet normal -0 0 1
    outer loop
      vertex -34.6594 61.229 2.4
      vertex -33.1768 57.5686 2.4
      vertex -34.5665 61.3501 2.4
    endloop
  endfacet
  facet normal -0 0 1
    outer loop
      vertex -34.7626 61.1164 2.4
      vertex -33.1768 57.5686 2.4
      vertex -34.6594 61.229 2.4
    endloop
  endfacet
  facet normal -0 0 1
    outer loop
      vertex -34.8751 61.0133 2.4
      vertex -33.1768 57.5686 2.4
      vertex -34.7626 61.1164 2.4
    endloop
  endfacet
  facet normal -0 0 1
    outer loop
      vertex -34.9962 60.9203 2.4
      vertex -33.1768 57.5686 2.4
      vertex -34.8751 61.0133 2.4
    endloop
  endfacet
  facet normal -0 0 1
    outer loop
      vertex -35.125 60.8383 2.4
      vertex -33.1768 57.5686 2.4
      vertex -34.9962 60.9203 2.4
    endloop
  endfacet
  facet normal 0 0 1
    outer loop
      vertex -33.1768 57.5686 2.4
      vertex -35.125 60.8383 2.4
      vertex -33.2675 57.5163 2.4
    endloop
  endfacet
  facet normal -0 0 1
    outer loop
      vertex -35.2604 60.7678 2.4
      vertex -33.2675 57.5163 2.4
      vertex -35.125 60.8383 2.4
    endloop
  endfacet
  facet normal -0 0 1
    outer loop
      vertex -35.4015 60.7094 2.4
      vertex -33.2675 57.5163 2.4
      vertex -35.2604 60.7678 2.4
    endloop
  endfacet
  facet normal -0 0 1
    outer loop
      vertex -35.5471 60.6635 2.4
      vertex -33.2675 57.5163 2.4
      vertex -35.4015 60.7094 2.4
    endloop
  endfacet
  facet normal -0 0 1
    outer loop
      vertex -35.6961 60.6304 2.4
      vertex -33.2675 57.5163 2.4
      vertex -35.5471 60.6635 2.4
    endloop
  endfacet
  facet normal -0 0 1
    outer loop
      vertex -35.8475 60.6105 2.4
      vertex -33.2675 57.5163 2.4
      vertex -35.6961 60.6304 2.4
    endloop
  endfacet
  facet normal 0 0 1
    outer loop
      vertex -36.1443 55.7534 2.4
      vertex -35.8475 60.6105 2.4
      vertex -36 60.6038 2.4
    endloop
  endfacet
  facet normal 0 0 1
    outer loop
      vertex -35.8475 60.6105 2.4
      vertex -36.1443 55.7534 2.4
      vertex -33.2675 57.5163 2.4
    endloop
  endfacet
  facet normal 0 0 1
    outer loop
      vertex -36.1525 60.6105 2.4
      vertex -36.1443 55.7534 2.4
      vertex -36 60.6038 2.4
    endloop
  endfacet
  facet normal 0 0 1
    outer loop
      vertex -36.3039 60.6304 2.4
      vertex -36.1443 55.7534 2.4
      vertex -36.1525 60.6105 2.4
    endloop
  endfacet
  facet normal 0 0 1
    outer loop
      vertex -36.4529 60.6635 2.4
      vertex -36.1443 55.7534 2.4
      vertex -36.3039 60.6304 2.4
    endloop
  endfacet
  facet normal 0 0 1
    outer loop
      vertex -36.5985 60.7094 2.4
      vertex -36.1443 55.7534 2.4
      vertex -36.4529 60.6635 2.4
    endloop
  endfacet
  facet normal 0 0 1
    outer loop
      vertex -36.1443 55.7534 2.4
      vertex -36.5985 60.7094 2.4
      vertex -36.2321 55.6964 2.4
    endloop
  endfacet
  facet normal 0 0 1
    outer loop
      vertex -36.7396 60.7678 2.4
      vertex -36.2321 55.6964 2.4
      vertex -36.5985 60.7094 2.4
    endloop
  endfacet
  facet normal 0 0 1
    outer loop
      vertex -36.875 60.8383 2.4
      vertex -36.2321 55.6964 2.4
      vertex -36.7396 60.7678 2.4
    endloop
  endfacet
  facet normal 0 0 1
    outer loop
      vertex -37.0038 60.9203 2.4
      vertex -36.2321 55.6964 2.4
      vertex -36.875 60.8383 2.4
    endloop
  endfacet
  facet normal 0 0 1
    outer loop
      vertex -37.1249 61.0133 2.4
      vertex -36.2321 55.6964 2.4
      vertex -37.0038 60.9203 2.4
    endloop
  endfacet
  facet normal 0 0 1
    outer loop
      vertex -39.0126 53.7853 2.4
      vertex -37.1249 61.0133 2.4
      vertex -37.2374 61.1164 2.4
    endloop
  endfacet
  facet normal 0 0 1
    outer loop
      vertex -39.0126 53.7853 2.4
      vertex -37.2374 61.1164 2.4
      vertex -37.3406 61.229 2.4
    endloop
  endfacet
  facet normal 0 0 1
    outer loop
      vertex -39.0126 53.7853 2.4
      vertex -37.3406 61.229 2.4
      vertex -37.4335 61.3501 2.4
    endloop
  endfacet
  facet normal 0 0 1
    outer loop
      vertex -39.0126 53.7853 2.4
      vertex -37.4335 61.3501 2.4
      vertex -37.5155 61.4788 2.4
    endloop
  endfacet
  facet normal 0 0 1
    outer loop
      vertex -39.0126 53.7853 2.4
      vertex -37.5155 61.4788 2.4
      vertex -37.586 61.6142 2.4
    endloop
  endfacet
  facet normal 0 0 1
    outer loop
      vertex -39.0126 53.7853 2.4
      vertex -37.586 61.6142 2.4
      vertex -37.6445 61.7553 2.4
    endloop
  endfacet
  facet normal 0 0 1
    outer loop
      vertex -39.0126 53.7853 2.4
      vertex -37.6445 61.7553 2.4
      vertex -37.6904 61.9009 2.4
    endloop
  endfacet
  facet normal 0 0 1
    outer loop
      vertex -37.1249 61.0133 2.4
      vertex -39.0126 53.7853 2.4
      vertex -36.2321 55.6964 2.4
    endloop
  endfacet
  facet normal 0 0 1
    outer loop
      vertex -37.7234 62.0499 2.4
      vertex -39.0126 53.7853 2.4
      vertex -37.6904 61.9009 2.4
    endloop
  endfacet
  facet normal 0 0 1
    outer loop
      vertex -37.7433 62.2013 2.4
      vertex -39.0126 53.7853 2.4
      vertex -37.7234 62.0499 2.4
    endloop
  endfacet
  facet normal 0 0 1
    outer loop
      vertex -39.0126 53.7853 2.4
      vertex -37.7433 62.2013 2.4
      vertex -37.75 62.3538 2.4
    endloop
  endfacet
  facet normal 0 0 1
    outer loop
      vertex 13.8658 -64.9814 2.4
      vertex 15.4497 -65.683 2.4
      vertex 15.4579 -65.4956 2.4
    endloop
  endfacet
  facet normal 0 0 1
    outer loop
      vertex 13.8658 -64.9814 2.4
      vertex 15.7377 -64.608 2.4
      vertex 15.7948 -64.5183 2.4
    endloop
  endfacet
  facet normal 0 0 1
    outer loop
      vertex 13.8658 -64.9814 2.4
      vertex 15.6511 -64.7743 2.4
      vertex 15.7377 -64.608 2.4
    endloop
  endfacet
  facet normal 0 0 1
    outer loop
      vertex 13.8658 -64.9814 2.4
      vertex 15.5794 -64.9476 2.4
      vertex 15.6511 -64.7743 2.4
    endloop
  endfacet
  facet normal -0 0 1
    outer loop
      vertex 13.8658 -64.9814 2.4
      vertex 15.523 -65.1265 2.4
      vertex 15.5794 -64.9476 2.4
    endloop
  endfacet
  facet normal 0 0 1
    outer loop
      vertex 13.8658 -64.9814 2.4
      vertex 15.4824 -65.3096 2.4
      vertex 15.523 -65.1265 2.4
    endloop
  endfacet
  facet normal 0 0 1
    outer loop
      vertex 13.8658 -64.9814 2.4
      vertex 15.4579 -65.4956 2.4
      vertex 15.4824 -65.3096 2.4
    endloop
  endfacet
  facet normal 0 0 1
    outer loop
      vertex 15.4497 -65.683 2.4
      vertex 13.8658 -64.9814 2.4
      vertex 13.7633 -65.0032 2.4
    endloop
  endfacet
  facet normal 0 0 1
    outer loop
      vertex 15.4497 -65.683 2.4
      vertex 13.7633 -65.0032 2.4
      vertex 10.4459 -65.6181 2.4
    endloop
  endfacet
  facet normal 0 0 1
    outer loop
      vertex 15.4497 -65.683 2.4
      vertex 10.4459 -65.6181 2.4
      vertex 13.8919 -78.7846 2.4
    endloop
  endfacet
  facet normal -0 0 1
    outer loop
      vertex 10.3425 -65.6345 2.4
      vertex 13.8919 -78.7846 2.4
      vertex 10.4459 -65.6181 2.4
    endloop
  endfacet
  facet normal -0 0 1
    outer loop
      vertex 6.99738 -66.0748 2.4
      vertex 13.8919 -78.7846 2.4
      vertex 10.3425 -65.6345 2.4
    endloop
  endfacet
  facet normal 0 0 1
    outer loop
      vertex 6.99738 -66.0748 2.4
      vertex 6.97246 -79.6956 2.4
      vertex 13.8919 -78.7846 2.4
    endloop
  endfacet
  facet normal -0 0 1
    outer loop
      vertex 6.89325 -66.0858 2.4
      vertex 6.97246 -79.6956 2.4
      vertex 6.99738 -66.0748 2.4
    endloop
  endfacet
  facet normal -0 0 1
    outer loop
      vertex 3.52971 -66.3505 2.4
      vertex 6.97246 -79.6956 2.4
      vertex 6.89325 -66.0858 2.4
    endloop
  endfacet
  facet normal -0 0 1
    outer loop
      vertex 3.42514 -66.356 2.4
      vertex 6.97246 -79.6956 2.4
      vertex 3.52971 -66.3505 2.4
    endloop
  endfacet
  facet normal 0 0 1
    outer loop
      vertex 0 -80 2.4
      vertex 3.42514 -66.356 2.4
      vertex 0.0523529 -66.4443 2.4
    endloop
  endfacet
  facet normal 0 0 1
    outer loop
      vertex 3.42514 -66.356 2.4
      vertex 0 -80 2.4
      vertex 6.97246 -79.6956 2.4
    endloop
  endfacet
  facet normal -0 0 1
    outer loop
      vertex -0.0523529 -66.4443 2.4
      vertex 0 -80 2.4
      vertex 0.0523529 -66.4443 2.4
    endloop
  endfacet
  facet normal 0 0 1
    outer loop
      vertex -3.42514 -66.356 2.4
      vertex 0 -80 2.4
      vertex -0.0523529 -66.4443 2.4
    endloop
  endfacet
  facet normal 0 0 1
    outer loop
      vertex -6.97246 -79.6956 2.4
      vertex -3.42514 -66.356 2.4
      vertex -3.52971 -66.3505 2.4
    endloop
  endfacet
  facet normal 0 0 1
    outer loop
      vertex -6.97246 -79.6956 2.4
      vertex -3.52971 -66.3505 2.4
      vertex -6.89325 -66.0858 2.4
    endloop
  endfacet
  facet normal 0 0 1
    outer loop
      vertex -3.42514 -66.356 2.4
      vertex -6.97246 -79.6956 2.4
      vertex 0 -80 2.4
    endloop
  endfacet
  facet normal 0 0 1
    outer loop
      vertex -6.99738 -66.0748 2.4
      vertex -6.97246 -79.6956 2.4
      vertex -6.89325 -66.0858 2.4
    endloop
  endfacet
  facet normal 0 0 1
    outer loop
      vertex -10.3425 -65.6345 2.4
      vertex -6.97246 -79.6956 2.4
      vertex -6.99738 -66.0748 2.4
    endloop
  endfacet
  facet normal 0 0 1
    outer loop
      vertex -13.8919 -78.7846 2.4
      vertex -10.3425 -65.6345 2.4
      vertex -10.4459 -65.6181 2.4
    endloop
  endfacet
  facet normal 0 0 1
    outer loop
      vertex -13.8919 -78.7846 2.4
      vertex -10.4459 -65.6181 2.4
      vertex -13.7633 -65.0032 2.4
    endloop
  endfacet
  facet normal 0 0 1
    outer loop
      vertex -13.8919 -78.7846 2.4
      vertex -13.7633 -65.0032 2.4
      vertex -13.8658 -64.9814 2.4
    endloop
  endfacet
  facet normal 0 0 1
    outer loop
      vertex -10.3425 -65.6345 2.4
      vertex -13.8919 -78.7846 2.4
      vertex -6.97246 -79.6956 2.4
    endloop
  endfacet
  facet normal 0 0 1
    outer loop
      vertex -20.7055 -77.2741 2.4
      vertex -13.8658 -64.9814 2.4
      vertex -17.1465 -64.1938 2.4
    endloop
  endfacet
  facet normal 0 0 1
    outer loop
      vertex -17.2476 -64.1667 2.4
      vertex -17.1465 -64.1938 2.4
      vertex -17.1829 -64.1829 2.4
    endloop
  endfacet
  facet normal 0 0 1
    outer loop
      vertex -17.1465 -64.1938 2.4
      vertex -17.2476 -64.1667 2.4
      vertex -20.7055 -77.2741 2.4
    endloop
  endfacet
  facet normal 0 0 1
    outer loop
      vertex -20.7055 -77.2741 2.4
      vertex -17.2476 -64.1667 2.4
      vertex -20.4826 -63.2085 2.4
    endloop
  endfacet
  facet normal 0 0 1
    outer loop
      vertex -27.3616 -75.1754 2.4
      vertex -20.4826 -63.2085 2.4
      vertex -20.5822 -63.1761 2.4
    endloop
  endfacet
  facet normal 0 0 1
    outer loop
      vertex -13.8658 -64.9814 2.4
      vertex -20.7055 -77.2741 2.4
      vertex -13.8919 -78.7846 2.4
    endloop
  endfacet
  facet normal 0 0 1
    outer loop
      vertex -27.3616 -75.1754 2.4
      vertex -20.5822 -63.1761 2.4
      vertex -23.7626 -62.0499 2.4
    endloop
  endfacet
  facet normal 0 0 1
    outer loop
      vertex -27.3616 -75.1754 2.4
      vertex -23.7626 -62.0499 2.4
      vertex -23.8604 -62.0123 2.4
    endloop
  endfacet
  facet normal 0 0 1
    outer loop
      vertex -27.3616 -75.1754 2.4
      vertex -23.8604 -62.0123 2.4
      vertex -26.9775 -60.7212 2.4
    endloop
  endfacet
  facet normal 0 0 1
    outer loop
      vertex -34.4845 -63.2288 2.4
      vertex -26.9775 -60.7212 2.4
      vertex -27.0732 -60.6786 2.4
    endloop
  endfacet
  facet normal 0 0 1
    outer loop
      vertex -20.4826 -63.2085 2.4
      vertex -27.3616 -75.1754 2.4
      vertex -20.7055 -77.2741 2.4
    endloop
  endfacet
  facet normal 0 0 1
    outer loop
      vertex -34.2766 -62.6577 2.4
      vertex -27.0732 -60.6786 2.4
      vertex -30.1184 -59.2261 2.4
    endloop
  endfacet
  facet normal 0 0 1
    outer loop
      vertex -34.2567 -62.2013 2.4
      vertex -30.1184 -59.2261 2.4
      vertex -30.2117 -59.1785 2.4
    endloop
  endfacet
  facet normal 0 0 1
    outer loop
      vertex -34.5665 -61.3501 2.4
      vertex -30.2117 -59.1785 2.4
      vertex -33.1768 -57.5686 2.4
    endloop
  endfacet
  facet normal 0 0 1
    outer loop
      vertex -35.125 -60.8383 2.4
      vertex -33.1768 -57.5686 2.4
      vertex -33.2675 -57.5163 2.4
    endloop
  endfacet
  facet normal 0 0 1
    outer loop
      vertex -30.1184 -59.2261 2.4
      vertex -34.25 -62.3538 2.4
      vertex -34.2567 -62.5064 2.4
    endloop
  endfacet
  facet normal 0 0 1
    outer loop
      vertex -30.1184 -59.2261 2.4
      vertex -34.2567 -62.5064 2.4
      vertex -34.2766 -62.6577 2.4
    endloop
  endfacet
  facet normal 0 0 1
    outer loop
      vertex -30.1184 -59.2261 2.4
      vertex -34.2567 -62.2013 2.4
      vertex -34.25 -62.3538 2.4
    endloop
  endfacet
  facet normal 0 0 1
    outer loop
      vertex -30.2117 -59.1785 2.4
      vertex -34.2766 -62.0499 2.4
      vertex -34.2567 -62.2013 2.4
    endloop
  endfacet
  facet normal 0 0 1
    outer loop
      vertex -30.2117 -59.1785 2.4
      vertex -34.3096 -61.9009 2.4
      vertex -34.2766 -62.0499 2.4
    endloop
  endfacet
  facet normal 0 0 1
    outer loop
      vertex -30.2117 -59.1785 2.4
      vertex -34.3555 -61.7553 2.4
      vertex -34.3096 -61.9009 2.4
    endloop
  endfacet
  facet normal 0 0 1
    outer loop
      vertex -30.2117 -59.1785 2.4
      vertex -34.414 -61.6142 2.4
      vertex -34.3555 -61.7553 2.4
    endloop
  endfacet
  facet normal 0 0 1
    outer loop
      vertex -30.2117 -59.1785 2.4
      vertex -34.4845 -61.4788 2.4
      vertex -34.414 -61.6142 2.4
    endloop
  endfacet
  facet normal 0 0 1
    outer loop
      vertex -30.2117 -59.1785 2.4
      vertex -34.5665 -61.3501 2.4
      vertex -34.4845 -61.4788 2.4
    endloop
  endfacet
  facet normal 0 0 1
    outer loop
      vertex -33.1768 -57.5686 2.4
      vertex -34.6594 -61.229 2.4
      vertex -34.5665 -61.3501 2.4
    endloop
  endfacet
  facet normal 0 0 1
    outer loop
      vertex -33.1768 -57.5686 2.4
      vertex -34.7626 -61.1164 2.4
      vertex -34.6594 -61.229 2.4
    endloop
  endfacet
  facet normal 0 0 1
    outer loop
      vertex -33.1768 -57.5686 2.4
      vertex -34.8751 -61.0133 2.4
      vertex -34.7626 -61.1164 2.4
    endloop
  endfacet
  facet normal 0 0 1
    outer loop
      vertex -33.1768 -57.5686 2.4
      vertex -34.9962 -60.9203 2.4
      vertex -34.8751 -61.0133 2.4
    endloop
  endfacet
  facet normal 0 0 1
    outer loop
      vertex -33.1768 -57.5686 2.4
      vertex -35.125 -60.8383 2.4
      vertex -34.9962 -60.9203 2.4
    endloop
  endfacet
  facet normal 0 0 1
    outer loop
      vertex -33.2675 -57.5163 2.4
      vertex -35.2604 -60.7678 2.4
      vertex -35.125 -60.8383 2.4
    endloop
  endfacet
  facet normal 0 0 1
    outer loop
      vertex -33.2675 -57.5163 2.4
      vertex -35.4015 -60.7094 2.4
      vertex -35.2604 -60.7678 2.4
    endloop
  endfacet
  facet normal 0 0 1
    outer loop
      vertex -33.2675 -57.5163 2.4
      vertex -35.5471 -60.6635 2.4
      vertex -35.4015 -60.7094 2.4
    endloop
  endfacet
  facet normal 0 0 1
    outer loop
      vertex -33.2675 -57.5163 2.4
      vertex -35.6961 -60.6304 2.4
      vertex -35.5471 -60.6635 2.4
    endloop
  endfacet
  facet normal 0 0 1
    outer loop
      vertex -33.2675 -57.5163 2.4
      vertex -35.8475 -60.6105 2.4
      vertex -35.6961 -60.6304 2.4
    endloop
  endfacet
  facet normal 0 0 1
    outer loop
      vertex -36.1443 -55.7534 2.4
      vertex -35.8475 -60.6105 2.4
      vertex -33.2675 -57.5163 2.4
    endloop
  endfacet
  facet normal 0 0 1
    outer loop
      vertex -35.8475 -60.6105 2.4
      vertex -36.1443 -55.7534 2.4
      vertex -36 -60.6038 2.4
    endloop
  endfacet
  facet normal 0 0 1
    outer loop
      vertex -36.1443 -55.7534 2.4
      vertex -36.1525 -60.6105 2.4
      vertex -36 -60.6038 2.4
    endloop
  endfacet
  facet normal 0 0 1
    outer loop
      vertex -36.5985 -60.7094 2.4
      vertex -36.1443 -55.7534 2.4
      vertex -36.2321 -55.6964 2.4
    endloop
  endfacet
  facet normal 0 0 1
    outer loop
      vertex -36.1443 -55.7534 2.4
      vertex -36.3039 -60.6304 2.4
      vertex -36.1525 -60.6105 2.4
    endloop
  endfacet
  facet normal 0 0 1
    outer loop
      vertex -36.1443 -55.7534 2.4
      vertex -36.4529 -60.6635 2.4
      vertex -36.3039 -60.6304 2.4
    endloop
  endfacet
  facet normal 0 0 1
    outer loop
      vertex -36.1443 -55.7534 2.4
      vertex -36.5985 -60.7094 2.4
      vertex -36.4529 -60.6635 2.4
    endloop
  endfacet
  facet normal 0 0 1
    outer loop
      vertex -36.2321 -55.6964 2.4
      vertex -36.7396 -60.7678 2.4
      vertex -36.5985 -60.7094 2.4
    endloop
  endfacet
  facet normal 0 0 1
    outer loop
      vertex -36.2321 -55.6964 2.4
      vertex -36.875 -60.8383 2.4
      vertex -36.7396 -60.7678 2.4
    endloop
  endfacet
  facet normal 0 0 1
    outer loop
      vertex -36.2321 -55.6964 2.4
      vertex -37.0038 -60.9203 2.4
      vertex -36.875 -60.8383 2.4
    endloop
  endfacet
  facet normal 0 0 1
    outer loop
      vertex -36.2321 -55.6964 2.4
      vertex -37.1249 -61.0133 2.4
      vertex -37.0038 -60.9203 2.4
    endloop
  endfacet
  facet normal 0 0 1
    outer loop
      vertex -39.0126 -53.7853 2.4
      vertex -37.1249 -61.0133 2.4
      vertex -36.2321 -55.6964 2.4
    endloop
  endfacet
  facet normal 0 0 1
    outer loop
      vertex -37.1249 -61.0133 2.4
      vertex -39.0126 -53.7853 2.4
      vertex -37.2374 -61.1164 2.4
    endloop
  endfacet
  facet normal 0 0 1
    outer loop
      vertex -37.2374 -61.1164 2.4
      vertex -39.0126 -53.7853 2.4
      vertex -37.3406 -61.229 2.4
    endloop
  endfacet
  facet normal 0 0 1
    outer loop
      vertex -37.3406 -61.229 2.4
      vertex -39.0126 -53.7853 2.4
      vertex -37.4335 -61.3501 2.4
    endloop
  endfacet
  facet normal 0 0 1
    outer loop
      vertex -37.4335 -61.3501 2.4
      vertex -39.0126 -53.7853 2.4
      vertex -37.5155 -61.4788 2.4
    endloop
  endfacet
  facet normal 0 0 1
    outer loop
      vertex -39.0973 -53.7238 2.4
      vertex -37.5155 -61.4788 2.4
      vertex -39.0126 -53.7853 2.4
    endloop
  endfacet
  facet normal 0 0 1
    outer loop
      vertex -37.5155 -61.4788 2.4
      vertex -39.0973 -53.7238 2.4
      vertex -37.586 -61.6142 2.4
    endloop
  endfacet
  facet normal 0 0 1
    outer loop
      vertex -37.6904 -61.9009 2.4
      vertex -45.8861 -65.5322 2.4
      vertex -37.7234 -62.0499 2.4
    endloop
  endfacet
  facet normal 0 0 1
    outer loop
      vertex -37.6445 -61.7553 2.4
      vertex -45.8861 -65.5322 2.4
      vertex -37.6904 -61.9009 2.4
    endloop
  endfacet
  facet normal 0 0 1
    outer loop
      vertex -37.586 -61.6142 2.4
      vertex -45.8861 -65.5322 2.4
      vertex -37.6445 -61.7553 2.4
    endloop
  endfacet
  facet normal 0 0 1
    outer loop
      vertex -45.8861 -65.5322 2.4
      vertex -37.586 -61.6142 2.4
      vertex -39.0973 -53.7238 2.4
    endloop
  endfacet
  facet normal 0 0 1
    outer loop
      vertex 20.5822 -63.1761 2.4
      vertex 19.7415 -65.4956 2.4
      vertex 19.7497 -65.683 2.4
    endloop
  endfacet
  facet normal 0 0 1
    outer loop
      vertex 20.5822 -63.1761 2.4
      vertex 19.717 -65.3096 2.4
      vertex 19.7415 -65.4956 2.4
    endloop
  endfacet
  facet normal 0 0 1
    outer loop
      vertex 20.5822 -63.1761 2.4
      vertex 19.6764 -65.1265 2.4
      vertex 19.717 -65.3096 2.4
    endloop
  endfacet
  facet normal 0 0 1
    outer loop
      vertex 20.5822 -63.1761 2.4
      vertex 19.62 -64.9476 2.4
      vertex 19.6764 -65.1265 2.4
    endloop
  endfacet
  facet normal 0 0 1
    outer loop
      vertex 20.4826 -63.2085 2.4
      vertex 19.5483 -64.7743 2.4
      vertex 19.62 -64.9476 2.4
    endloop
  endfacet
  facet normal 0 0 1
    outer loop
      vertex 20.4826 -63.2085 2.4
      vertex 19.4616 -64.608 2.4
      vertex 19.5483 -64.7743 2.4
    endloop
  endfacet
  facet normal 0 0 1
    outer loop
      vertex 20.4826 -63.2085 2.4
      vertex 19.3609 -64.4498 2.4
      vertex 19.4616 -64.608 2.4
    endloop
  endfacet
  facet normal 0 0 1
    outer loop
      vertex 20.4826 -63.2085 2.4
      vertex 19.2467 -64.301 2.4
      vertex 19.3609 -64.4498 2.4
    endloop
  endfacet
  facet normal 0 0 1
    outer loop
      vertex 20.4826 -63.2085 2.4
      vertex 19.12 -64.1627 2.4
      vertex 19.2467 -64.301 2.4
    endloop
  endfacet
  facet normal 0 0 1
    outer loop
      vertex 20.4826 -63.2085 2.4
      vertex 18.9817 -64.036 2.4
      vertex 19.12 -64.1627 2.4
    endloop
  endfacet
  facet normal 0 0 1
    outer loop
      vertex 20.4826 -63.2085 2.4
      vertex 18.8329 -63.9218 2.4
      vertex 18.9817 -64.036 2.4
    endloop
  endfacet
  facet normal 0 0 1
    outer loop
      vertex 20.4826 -63.2085 2.4
      vertex 18.6747 -63.821 2.4
      vertex 18.8329 -63.9218 2.4
    endloop
  endfacet
  facet normal 0 -0 1
    outer loop
      vertex 18.6747 -63.821 2.4
      vertex 20.4826 -63.2085 2.4
      vertex 18.5804 -63.7719 2.4
    endloop
  endfacet
  facet normal 0 0 1
    outer loop
      vertex -18.6747 63.821 2.4
      vertex -20.4826 63.2085 2.4
      vertex -18.5804 63.7719 2.4
    endloop
  endfacet
  facet normal 0 0 1
    outer loop
      vertex -18.8329 63.9218 2.4
      vertex -20.4826 63.2085 2.4
      vertex -18.6747 63.821 2.4
    endloop
  endfacet
  facet normal 0 0 1
    outer loop
      vertex -18.9817 64.036 2.4
      vertex -20.4826 63.2085 2.4
      vertex -18.8329 63.9218 2.4
    endloop
  endfacet
  facet normal 0 0 1
    outer loop
      vertex -19.12 64.1627 2.4
      vertex -20.4826 63.2085 2.4
      vertex -18.9817 64.036 2.4
    endloop
  endfacet
  facet normal 0 0 1
    outer loop
      vertex -19.2467 64.301 2.4
      vertex -20.4826 63.2085 2.4
      vertex -19.12 64.1627 2.4
    endloop
  endfacet
  facet normal 0 0 1
    outer loop
      vertex -19.3609 64.4498 2.4
      vertex -20.4826 63.2085 2.4
      vertex -19.2467 64.301 2.4
    endloop
  endfacet
  facet normal 0 0 1
    outer loop
      vertex -19.4616 64.608 2.4
      vertex -20.4826 63.2085 2.4
      vertex -19.3609 64.4498 2.4
    endloop
  endfacet
  facet normal 0 0 1
    outer loop
      vertex -19.5483 64.7743 2.4
      vertex -20.4826 63.2085 2.4
      vertex -19.4616 64.608 2.4
    endloop
  endfacet
  facet normal 0 0 1
    outer loop
      vertex -19.62 64.9476 2.4
      vertex -20.4826 63.2085 2.4
      vertex -19.5483 64.7743 2.4
    endloop
  endfacet
  facet normal 0 0 1
    outer loop
      vertex -19.6764 65.1265 2.4
      vertex -20.4826 63.2085 2.4
      vertex -19.62 64.9476 2.4
    endloop
  endfacet
  facet normal 0 0 1
    outer loop
      vertex -19.717 65.3096 2.4
      vertex -20.4826 63.2085 2.4
      vertex -19.6764 65.1265 2.4
    endloop
  endfacet
  facet normal 0 0 1
    outer loop
      vertex -19.7415 65.4956 2.4
      vertex -20.4826 63.2085 2.4
      vertex -19.717 65.3096 2.4
    endloop
  endfacet
  facet normal 0 0 1
    outer loop
      vertex -20.4826 63.2085 2.4
      vertex -19.7415 65.4956 2.4
      vertex -19.7497 65.683 2.4
    endloop
  endfacet
  facet normal 0 0 1
    outer loop
      vertex -27.0732 -60.6786 2.4
      vertex -34.2766 -62.6577 2.4
      vertex -34.3096 -62.8068 2.4
    endloop
  endfacet
  facet normal 0 0 1
    outer loop
      vertex -27.0732 -60.6786 2.4
      vertex -34.3096 -62.8068 2.4
      vertex -34.3555 -62.9524 2.4
    endloop
  endfacet
  facet normal 0 0 1
    outer loop
      vertex -27.0732 -60.6786 2.4
      vertex -34.3555 -62.9524 2.4
      vertex -34.414 -63.0934 2.4
    endloop
  endfacet
  facet normal 0 0 1
    outer loop
      vertex -34.4845 -63.2288 2.4
      vertex -27.0732 -60.6786 2.4
      vertex -34.414 -63.0934 2.4
    endloop
  endfacet
  facet normal 0 0 1
    outer loop
      vertex -26.9775 -60.7212 2.4
      vertex -34.4845 -63.2288 2.4
      vertex -34.5665 -63.3576 2.4
    endloop
  endfacet
  facet normal 0 0 1
    outer loop
      vertex -26.9775 -60.7212 2.4
      vertex -33.8095 -72.5046 2.4
      vertex -27.3616 -75.1754 2.4
    endloop
  endfacet
  facet normal 0 0 1
    outer loop
      vertex -26.9775 -60.7212 2.4
      vertex -34.5665 -63.3576 2.4
      vertex -33.8095 -72.5046 2.4
    endloop
  endfacet
  facet normal -0 0 1
    outer loop
      vertex -34.6594 -63.4787 2.4
      vertex -33.8095 -72.5046 2.4
      vertex -34.5665 -63.3576 2.4
    endloop
  endfacet
  facet normal -0 0 1
    outer loop
      vertex -34.7626 -63.5913 2.4
      vertex -33.8095 -72.5046 2.4
      vertex -34.6594 -63.4787 2.4
    endloop
  endfacet
  facet normal -0 0 1
    outer loop
      vertex -34.8751 -63.6944 2.4
      vertex -33.8095 -72.5046 2.4
      vertex -34.7626 -63.5913 2.4
    endloop
  endfacet
  facet normal -0 0 1
    outer loop
      vertex -34.9962 -63.7873 2.4
      vertex -33.8095 -72.5046 2.4
      vertex -34.8751 -63.6944 2.4
    endloop
  endfacet
  facet normal -0 0 1
    outer loop
      vertex -35.125 -63.8694 2.4
      vertex -33.8095 -72.5046 2.4
      vertex -34.9962 -63.7873 2.4
    endloop
  endfacet
  facet normal -0 0 1
    outer loop
      vertex -35.2604 -63.9399 2.4
      vertex -33.8095 -72.5046 2.4
      vertex -35.125 -63.8694 2.4
    endloop
  endfacet
  facet normal -0 0 1
    outer loop
      vertex -35.4015 -63.9983 2.4
      vertex -33.8095 -72.5046 2.4
      vertex -35.2604 -63.9399 2.4
    endloop
  endfacet
  facet normal -0 0 1
    outer loop
      vertex -35.5471 -64.0442 2.4
      vertex -33.8095 -72.5046 2.4
      vertex -35.4015 -63.9983 2.4
    endloop
  endfacet
  facet normal -0 0 1
    outer loop
      vertex -35.6961 -64.0772 2.4
      vertex -33.8095 -72.5046 2.4
      vertex -35.5471 -64.0442 2.4
    endloop
  endfacet
  facet normal -0 0 1
    outer loop
      vertex -35.8475 -64.0972 2.4
      vertex -33.8095 -72.5046 2.4
      vertex -35.6961 -64.0772 2.4
    endloop
  endfacet
  facet normal 0 0 1
    outer loop
      vertex -40 -69.282 2.4
      vertex -35.8475 -64.0972 2.4
      vertex -36 -64.1038 2.4
    endloop
  endfacet
  facet normal 0 0 1
    outer loop
      vertex -40 -69.282 2.4
      vertex -36 -64.1038 2.4
      vertex -36.1525 -64.0972 2.4
    endloop
  endfacet
  facet normal 0 0 1
    outer loop
      vertex -40 -69.282 2.4
      vertex -36.1525 -64.0972 2.4
      vertex -36.3039 -64.0772 2.4
    endloop
  endfacet
  facet normal 0 0 1
    outer loop
      vertex -40 -69.282 2.4
      vertex -36.3039 -64.0772 2.4
      vertex -36.4529 -64.0442 2.4
    endloop
  endfacet
  facet normal 0 0 1
    outer loop
      vertex -40 -69.282 2.4
      vertex -36.4529 -64.0442 2.4
      vertex -36.5985 -63.9983 2.4
    endloop
  endfacet
  facet normal 0 0 1
    outer loop
      vertex -40 -69.282 2.4
      vertex -36.5985 -63.9983 2.4
      vertex -36.7396 -63.9399 2.4
    endloop
  endfacet
  facet normal 0 0 1
    outer loop
      vertex -40 -69.282 2.4
      vertex -36.7396 -63.9399 2.4
      vertex -36.875 -63.8694 2.4
    endloop
  endfacet
  facet normal 0 0 1
    outer loop
      vertex -40 -69.282 2.4
      vertex -36.875 -63.8694 2.4
      vertex -37.0038 -63.7873 2.4
    endloop
  endfacet
  facet normal 0 0 1
    outer loop
      vertex -40 -69.282 2.4
      vertex -37.0038 -63.7873 2.4
      vertex -37.1249 -63.6944 2.4
    endloop
  endfacet
  facet normal 0 0 1
    outer loop
      vertex -40 -69.282 2.4
      vertex -37.1249 -63.6944 2.4
      vertex -37.2374 -63.5913 2.4
    endloop
  endfacet
  facet normal 0 0 1
    outer loop
      vertex -40 -69.282 2.4
      vertex -37.2374 -63.5913 2.4
      vertex -37.3406 -63.4787 2.4
    endloop
  endfacet
  facet normal 0 0 1
    outer loop
      vertex -40 -69.282 2.4
      vertex -37.3406 -63.4787 2.4
      vertex -37.4335 -63.3576 2.4
    endloop
  endfacet
  facet normal 0 0 1
    outer loop
      vertex -40 -69.282 2.4
      vertex -37.4335 -63.3576 2.4
      vertex -37.5155 -63.2288 2.4
    endloop
  endfacet
  facet normal 0 0 1
    outer loop
      vertex -40 -69.282 2.4
      vertex -37.5155 -63.2288 2.4
      vertex -37.586 -63.0934 2.4
    endloop
  endfacet
  facet normal 0 0 1
    outer loop
      vertex -45.8861 -65.5322 2.4
      vertex -37.586 -63.0934 2.4
      vertex -37.6445 -62.9524 2.4
    endloop
  endfacet
  facet normal 0 0 1
    outer loop
      vertex -37.7234 -62.0499 2.4
      vertex -45.8861 -65.5322 2.4
      vertex -37.7433 -62.2013 2.4
    endloop
  endfacet
  facet normal 0 0 1
    outer loop
      vertex -37.7433 -62.2013 2.4
      vertex -45.8861 -65.5322 2.4
      vertex -37.75 -62.3538 2.4
    endloop
  endfacet
  facet normal 0 0 1
    outer loop
      vertex -37.75 -62.3538 2.4
      vertex -45.8861 -65.5322 2.4
      vertex -37.7433 -62.5064 2.4
    endloop
  endfacet
  facet normal 0 0 1
    outer loop
      vertex -35.8475 -64.0972 2.4
      vertex -40 -69.282 2.4
      vertex -33.8095 -72.5046 2.4
    endloop
  endfacet
  facet normal 0 0 1
    outer loop
      vertex -45.8861 -65.5322 2.4
      vertex -37.6445 -62.9524 2.4
      vertex -37.6904 -62.8068 2.4
    endloop
  endfacet
  facet normal 0 0 1
    outer loop
      vertex -45.8861 -65.5322 2.4
      vertex -37.6904 -62.8068 2.4
      vertex -37.7234 -62.6577 2.4
    endloop
  endfacet
  facet normal 0 0 1
    outer loop
      vertex -37.7433 -62.5064 2.4
      vertex -45.8861 -65.5322 2.4
      vertex -37.7234 -62.6577 2.4
    endloop
  endfacet
  facet normal 0 0 1
    outer loop
      vertex -45.8861 -65.5322 2.4
      vertex -39.0973 -53.7238 2.4
      vertex -41.7741 -51.6699 2.4
    endloop
  endfacet
  facet normal 0 0 1
    outer loop
      vertex -51.423 -61.2836 2.4
      vertex -41.7741 -51.6699 2.4
      vertex -41.8554 -51.604 2.4
    endloop
  endfacet
  facet normal 0 0 1
    outer loop
      vertex -51.423 -61.2836 2.4
      vertex -41.8554 -51.604 2.4
      vertex -44.421 -49.4128 2.4
    endloop
  endfacet
  facet normal 0 0 1
    outer loop
      vertex -51.423 -61.2836 2.4
      vertex -44.421 -49.4128 2.4
      vertex -44.4988 -49.3427 2.4
    endloop
  endfacet
  facet normal 0 0 1
    outer loop
      vertex -37.586 -63.0934 2.4
      vertex -45.8861 -65.5322 2.4
      vertex -40 -69.282 2.4
    endloop
  endfacet
  facet normal 0 0 1
    outer loop
      vertex -56.5685 -56.5685 2.4
      vertex -44.4988 -49.3427 2.4
      vertex -46.9462 -47.0202 2.4
    endloop
  endfacet
  facet normal 0 0 1
    outer loop
      vertex -47.0202 -46.9462 2.4
      vertex -46.9462 -47.0202 2.4
      vertex -46.9722 -46.9926 2.4
    endloop
  endfacet
  facet normal 0 0 1
    outer loop
      vertex -46.9462 -47.0202 2.4
      vertex -47.0202 -46.9462 2.4
      vertex -56.5685 -56.5685 2.4
    endloop
  endfacet
  facet normal 0 0 1
    outer loop
      vertex -56.5685 -56.5685 2.4
      vertex -47.0202 -46.9462 2.4
      vertex -49.3427 -44.4988 2.4
    endloop
  endfacet
  facet normal 0 0 1
    outer loop
      vertex -61.2836 -51.423 2.4
      vertex -49.3427 -44.4988 2.4
      vertex -49.4128 -44.421 2.4
    endloop
  endfacet
  facet normal 0 0 1
    outer loop
      vertex -41.7741 -51.6699 2.4
      vertex -51.423 -61.2836 2.4
      vertex -45.8861 -65.5322 2.4
    endloop
  endfacet
  facet normal 0 0 1
    outer loop
      vertex -61.2836 -51.423 2.4
      vertex -49.4128 -44.421 2.4
      vertex -51.604 -41.8554 2.4
    endloop
  endfacet
  facet normal 0 0 1
    outer loop
      vertex -61.2836 -51.423 2.4
      vertex -51.604 -41.8554 2.4
      vertex -51.6699 -41.7741 2.4
    endloop
  endfacet
  facet normal 0 0 1
    outer loop
      vertex -61.2836 -51.423 2.4
      vertex -51.6699 -41.7741 2.4
      vertex -53.7238 -39.0973 2.4
    endloop
  endfacet
  facet normal 0 0 1
    outer loop
      vertex -65.5322 -45.8861 2.4
      vertex -53.7238 -39.0973 2.4
      vertex -53.7853 -39.0126 2.4
    endloop
  endfacet
  facet normal 0 0 1
    outer loop
      vertex -65.5322 -45.8861 2.4
      vertex -53.7853 -39.0126 2.4
      vertex -55.6964 -36.2321 2.4
    endloop
  endfacet
  facet normal 0 0 1
    outer loop
      vertex -65.5322 -45.8861 2.4
      vertex -55.6964 -36.2321 2.4
      vertex -55.7534 -36.1443 2.4
    endloop
  endfacet
  facet normal 0 0 1
    outer loop
      vertex -44.4988 -49.3427 2.4
      vertex -56.5685 -56.5685 2.4
      vertex -51.423 -61.2836 2.4
    endloop
  endfacet
  facet normal 0 0 1
    outer loop
      vertex -69.282 -40 2.4
      vertex -55.7534 -36.1443 2.4
      vertex -57.5163 -33.2675 2.4
    endloop
  endfacet
  facet normal 0 0 1
    outer loop
      vertex -69.282 -40 2.4
      vertex -57.5163 -33.2675 2.4
      vertex -57.5686 -33.1768 2.4
    endloop
  endfacet
  facet normal 0 0 1
    outer loop
      vertex -69.282 -40 2.4
      vertex -57.5686 -33.1768 2.4
      vertex -59.1785 -30.2117 2.4
    endloop
  endfacet
  facet normal 0 0 1
    outer loop
      vertex -69.282 -40 2.4
      vertex -59.1785 -30.2117 2.4
      vertex -59.2261 -30.1184 2.4
    endloop
  endfacet
  facet normal 0 0 1
    outer loop
      vertex -69.282 -40 2.4
      vertex -59.2261 -30.1184 2.4
      vertex -60.6786 -27.0732 2.4
    endloop
  endfacet
  facet normal 0 0 1
    outer loop
      vertex -69.282 -40 2.4
      vertex -60.6786 -27.0732 2.4
      vertex -60.7212 -26.9775 2.4
    endloop
  endfacet
  facet normal 0 0 1
    outer loop
      vertex -49.3427 -44.4988 2.4
      vertex -61.2836 -51.423 2.4
      vertex -56.5685 -56.5685 2.4
    endloop
  endfacet
  facet normal 0 0 1
    outer loop
      vertex -69.282 -40 2.4
      vertex -60.7212 -26.9775 2.4
      vertex -62.0123 -23.8604 2.4
    endloop
  endfacet
  facet normal 0 0 1
    outer loop
      vertex -66.4183 -19.62 2.4
      vertex -62.0123 -23.8604 2.4
      vertex -62.0499 -23.7626 2.4
    endloop
  endfacet
  facet normal 0 0 1
    outer loop
      vertex -65.683 -19.7497 2.4
      vertex -62.0499 -23.7626 2.4
      vertex -63.1761 -20.5822 2.4
    endloop
  endfacet
  facet normal 0 0 1
    outer loop
      vertex -64.9476 -19.62 2.4
      vertex -63.1761 -20.5822 2.4
      vertex -63.2085 -20.4826 2.4
    endloop
  endfacet
  facet normal -0 0 1
    outer loop
      vertex -63.821 -18.6747 2.4
      vertex -63.2085 -20.4826 2.4
      vertex -63.7719 -18.5804 2.4
    endloop
  endfacet
  facet normal -0 0 1
    outer loop
      vertex -63.9218 -18.8329 2.4
      vertex -63.2085 -20.4826 2.4
      vertex -63.821 -18.6747 2.4
    endloop
  endfacet
  facet normal -0 0 1
    outer loop
      vertex -64.036 -18.9817 2.4
      vertex -63.2085 -20.4826 2.4
      vertex -63.9218 -18.8329 2.4
    endloop
  endfacet
  facet normal -0 0 1
    outer loop
      vertex -64.1627 -19.12 2.4
      vertex -63.2085 -20.4826 2.4
      vertex -64.036 -18.9817 2.4
    endloop
  endfacet
  facet normal -0 0 1
    outer loop
      vertex -64.301 -19.2467 2.4
      vertex -63.2085 -20.4826 2.4
      vertex -64.1627 -19.12 2.4
    endloop
  endfacet
  facet normal -0 0 1
    outer loop
      vertex -64.4498 -19.3609 2.4
      vertex -63.2085 -20.4826 2.4
      vertex -64.301 -19.2467 2.4
    endloop
  endfacet
  facet normal -0 0 1
    outer loop
      vertex -64.608 -19.4616 2.4
      vertex -63.2085 -20.4826 2.4
      vertex -64.4498 -19.3609 2.4
    endloop
  endfacet
  facet normal -0 0 1
    outer loop
      vertex -64.7743 -19.5483 2.4
      vertex -63.2085 -20.4826 2.4
      vertex -64.608 -19.4616 2.4
    endloop
  endfacet
  facet normal -0 0 1
    outer loop
      vertex -64.9476 -19.62 2.4
      vertex -63.2085 -20.4826 2.4
      vertex -64.7743 -19.5483 2.4
    endloop
  endfacet
  facet normal 0 0 1
    outer loop
      vertex -63.1761 -20.5822 2.4
      vertex -64.9476 -19.62 2.4
      vertex -65.1265 -19.6764 2.4
    endloop
  endfacet
  facet normal 0 0 1
    outer loop
      vertex -63.1761 -20.5822 2.4
      vertex -65.1265 -19.6764 2.4
      vertex -65.3096 -19.717 2.4
    endloop
  endfacet
  facet normal 0 0 1
    outer loop
      vertex -63.1761 -20.5822 2.4
      vertex -65.3096 -19.717 2.4
      vertex -65.4956 -19.7415 2.4
    endloop
  endfacet
  facet normal 0 0 1
    outer loop
      vertex -63.1761 -20.5822 2.4
      vertex -65.4956 -19.7415 2.4
      vertex -65.683 -19.7497 2.4
    endloop
  endfacet
  facet normal 0 0 1
    outer loop
      vertex -53.7238 -39.0973 2.4
      vertex -65.5322 -45.8861 2.4
      vertex -61.2836 -51.423 2.4
    endloop
  endfacet
  facet normal 0 0 1
    outer loop
      vertex -62.0499 -23.7626 2.4
      vertex -65.683 -19.7497 2.4
      vertex -65.8703 -19.7415 2.4
    endloop
  endfacet
  facet normal 0 0 1
    outer loop
      vertex -62.0499 -23.7626 2.4
      vertex -65.8703 -19.7415 2.4
      vertex -66.0563 -19.717 2.4
    endloop
  endfacet
  facet normal 0 0 1
    outer loop
      vertex -66.2394 -19.6764 2.4
      vertex -62.0499 -23.7626 2.4
      vertex -66.0563 -19.717 2.4
    endloop
  endfacet
  facet normal 0 0 1
    outer loop
      vertex -66.4183 -19.62 2.4
      vertex -62.0499 -23.7626 2.4
      vertex -66.2394 -19.6764 2.4
    endloop
  endfacet
  facet normal 0 0 1
    outer loop
      vertex -62.0123 -23.8604 2.4
      vertex -66.4183 -19.62 2.4
      vertex -66.5916 -19.5483 2.4
    endloop
  endfacet
  facet normal 0 0 1
    outer loop
      vertex -62.0123 -23.8604 2.4
      vertex -66.5916 -19.5483 2.4
      vertex -69.282 -40 2.4
    endloop
  endfacet
  facet normal 0 0 1
    outer loop
      vertex -69.282 -40 2.4
      vertex -66.5916 -19.5483 2.4
      vertex -66.758 -19.4616 2.4
    endloop
  endfacet
  facet normal 0 0 1
    outer loop
      vertex -69.282 -40 2.4
      vertex -66.758 -19.4616 2.4
      vertex -66.9161 -19.3609 2.4
    endloop
  endfacet
  facet normal 0 0 1
    outer loop
      vertex -69.282 -40 2.4
      vertex -66.9161 -19.3609 2.4
      vertex -67.0649 -19.2467 2.4
    endloop
  endfacet
  facet normal 0 0 1
    outer loop
      vertex -69.282 -40 2.4
      vertex -67.0649 -19.2467 2.4
      vertex -67.2032 -19.12 2.4
    endloop
  endfacet
  facet normal 0 0 1
    outer loop
      vertex -69.282 -40 2.4
      vertex -67.2032 -19.12 2.4
      vertex -67.3299 -18.9817 2.4
    endloop
  endfacet
  facet normal 0 0 1
    outer loop
      vertex -69.282 -40 2.4
      vertex -67.3299 -18.9817 2.4
      vertex -67.4441 -18.8329 2.4
    endloop
  endfacet
  facet normal 0 0 1
    outer loop
      vertex -69.282 -40 2.4
      vertex -67.4441 -18.8329 2.4
      vertex -67.5449 -18.6747 2.4
    endloop
  endfacet
  facet normal 0 0 1
    outer loop
      vertex -69.282 -40 2.4
      vertex -67.5449 -18.6747 2.4
      vertex -67.6315 -18.5083 2.4
    endloop
  endfacet
  facet normal 0 0 1
    outer loop
      vertex -69.282 -40 2.4
      vertex -67.6315 -18.5083 2.4
      vertex -67.7033 -18.335 2.4
    endloop
  endfacet
  facet normal 0 0 1
    outer loop
      vertex -69.282 -40 2.4
      vertex -67.7033 -18.335 2.4
      vertex -67.7597 -18.1562 2.4
    endloop
  endfacet
  facet normal 0 0 1
    outer loop
      vertex -69.282 -40 2.4
      vertex -67.7597 -18.1562 2.4
      vertex -67.8003 -17.973 2.4
    endloop
  endfacet
  facet normal 0 0 1
    outer loop
      vertex -69.282 -40 2.4
      vertex -67.8003 -17.973 2.4
      vertex -67.8248 -17.7871 2.4
    endloop
  endfacet
  facet normal 0 0 1
    outer loop
      vertex -55.7534 -36.1443 2.4
      vertex -69.282 -40 2.4
      vertex -65.5322 -45.8861 2.4
    endloop
  endfacet
  facet normal 0 0 1
    outer loop
      vertex -67.833 -17.5997 2.4
      vertex -69.282 -40 2.4
      vertex -67.8248 -17.7871 2.4
    endloop
  endfacet
  facet normal -0 0 1
    outer loop
      vertex -70.7626 -1.23744 2.4
      vertex -66.356 -3.42514 2.4
      vertex -70.6594 -1.12488 2.4
    endloop
  endfacet
  facet normal -0 0 1
    outer loop
      vertex -71.125 -1.51554 2.4
      vertex -66.3505 -3.52971 2.4
      vertex -70.9962 -1.43352 2.4
    endloop
  endfacet
  facet normal -0 0 1
    outer loop
      vertex -70.9962 -1.43352 2.4
      vertex -66.3505 -3.52971 2.4
      vertex -70.8751 -1.34058 2.4
    endloop
  endfacet
  facet normal 0 0 1
    outer loop
      vertex -66.4443 0.0523529 2.4
      vertex -70.2766 0.303884 2.4
      vertex -70.2567 0.152522 2.4
    endloop
  endfacet
  facet normal 0 0 1
    outer loop
      vertex -66.4443 0.0523529 2.4
      vertex -70.3096 0.452933 2.4
      vertex -70.2766 0.303884 2.4
    endloop
  endfacet
  facet normal 0 0 1
    outer loop
      vertex -66.4443 0.0523529 2.4
      vertex -70.3555 0.598535 2.4
      vertex -70.3096 0.452933 2.4
    endloop
  endfacet
  facet normal 0 0 1
    outer loop
      vertex -66.4443 0.0523529 2.4
      vertex -70.414 0.739581 2.4
      vertex -70.3555 0.598535 2.4
    endloop
  endfacet
  facet normal 0 0 1
    outer loop
      vertex -66.356 3.42514 2.4
      vertex -70.414 0.739581 2.4
      vertex -66.4443 0.0523529 2.4
    endloop
  endfacet
  facet normal 0 -0 1
    outer loop
      vertex -71.6961 1.72341 2.4
      vertex -66.0858 6.89325 2.4
      vertex -71.8475 1.74334 2.4
    endloop
  endfacet
  facet normal 0 -0 1
    outer loop
      vertex -70.414 0.739581 2.4
      vertex -66.356 3.42514 2.4
      vertex -70.4845 0.875 2.4
    endloop
  endfacet
  facet normal 0 -0 1
    outer loop
      vertex -70.9962 1.43352 2.4
      vertex -66.3505 3.52971 2.4
      vertex -71.125 1.51554 2.4
    endloop
  endfacet
  facet normal 0 -0 1
    outer loop
      vertex -70.4845 0.875 2.4
      vertex -66.356 3.42514 2.4
      vertex -70.5665 1.00376 2.4
    endloop
  endfacet
  facet normal 0 -0 1
    outer loop
      vertex -70.5665 1.00376 2.4
      vertex -66.356 3.42514 2.4
      vertex -70.6594 1.12488 2.4
    endloop
  endfacet
  facet normal 0 -0 1
    outer loop
      vertex -70.6594 1.12488 2.4
      vertex -66.356 3.42514 2.4
      vertex -70.7626 1.23744 2.4
    endloop
  endfacet
  facet normal 0 -0 1
    outer loop
      vertex -70.7626 1.23744 2.4
      vertex -66.356 3.42514 2.4
      vertex -70.8751 1.34058 2.4
    endloop
  endfacet
  facet normal 0 -0 1
    outer loop
      vertex -70.8751 1.34058 2.4
      vertex -66.356 3.42514 2.4
      vertex -70.9962 1.43352 2.4
    endloop
  endfacet
  facet normal 0 0 1
    outer loop
      vertex -66.3505 3.52971 2.4
      vertex -70.9962 1.43352 2.4
      vertex -66.356 3.42514 2.4
    endloop
  endfacet
  facet normal 0 -0 1
    outer loop
      vertex -71.125 1.51554 2.4
      vertex -66.3505 3.52971 2.4
      vertex -71.2604 1.58604 2.4
    endloop
  endfacet
  facet normal 0 -0 1
    outer loop
      vertex -71.2604 1.58604 2.4
      vertex -66.3505 3.52971 2.4
      vertex -71.4015 1.64446 2.4
    endloop
  endfacet
  facet normal 0 0 1
    outer loop
      vertex -66.0858 6.89325 2.4
      vertex -71.4015 1.64446 2.4
      vertex -66.3505 3.52971 2.4
    endloop
  endfacet
  facet normal 0 -0 1
    outer loop
      vertex -71.4015 1.64446 2.4
      vertex -66.0858 6.89325 2.4
      vertex -71.5471 1.69037 2.4
    endloop
  endfacet
  facet normal 0 -0 1
    outer loop
      vertex -71.5471 1.69037 2.4
      vertex -66.0858 6.89325 2.4
      vertex -71.6961 1.72341 2.4
    endloop
  endfacet
  facet normal 0 -0 1
    outer loop
      vertex -71.8475 1.74334 2.4
      vertex -66.0858 6.89325 2.4
      vertex -72 1.75 2.4
    endloop
  endfacet
  facet normal 0 -0 1
    outer loop
      vertex -72 1.75 2.4
      vertex -66.0748 6.99738 2.4
      vertex -72.1525 1.74334 2.4
    endloop
  endfacet
  facet normal -0 0 1
    outer loop
      vertex -79.6956 6.97246 2.4
      vertex -72.1525 1.74334 2.4
      vertex -66.0748 6.99738 2.4
    endloop
  endfacet
  facet normal 0 0 1
    outer loop
      vertex -78.7846 13.8919 2.4
      vertex -66.0748 6.99738 2.4
      vertex -65.6345 10.3425 2.4
    endloop
  endfacet
  facet normal 0 0 1
    outer loop
      vertex -65.0032 13.7633 2.4
      vertex -78.7846 13.8919 2.4
      vertex -65.6181 10.4459 2.4
    endloop
  endfacet
  facet normal 0 0 1
    outer loop
      vertex -72.3039 1.72341 2.4
      vertex -79.6956 6.97246 2.4
      vertex -72.4529 1.69037 2.4
    endloop
  endfacet
  facet normal 0 0 1
    outer loop
      vertex -72.4529 1.69037 2.4
      vertex -79.6956 6.97246 2.4
      vertex -72.5985 1.64446 2.4
    endloop
  endfacet
  facet normal 0 0 1
    outer loop
      vertex -72.5985 1.64446 2.4
      vertex -79.6956 6.97246 2.4
      vertex -72.7396 1.58604 2.4
    endloop
  endfacet
  facet normal 0 0 1
    outer loop
      vertex -72.7396 1.58604 2.4
      vertex -79.6956 6.97246 2.4
      vertex -72.875 1.51554 2.4
    endloop
  endfacet
  facet normal 0 0 1
    outer loop
      vertex -72.875 1.51554 2.4
      vertex -79.6956 6.97246 2.4
      vertex -73.0038 1.43352 2.4
    endloop
  endfacet
  facet normal 0 0 1
    outer loop
      vertex -73.0038 1.43352 2.4
      vertex -79.6956 6.97246 2.4
      vertex -73.1249 1.34058 2.4
    endloop
  endfacet
  facet normal 0 0 1
    outer loop
      vertex -73.1249 1.34058 2.4
      vertex -79.6956 6.97246 2.4
      vertex -73.2374 1.23744 2.4
    endloop
  endfacet
  facet normal 0 0 1
    outer loop
      vertex -73.2374 1.23744 2.4
      vertex -79.6956 6.97246 2.4
      vertex -73.3406 1.12488 2.4
    endloop
  endfacet
  facet normal 0 0 1
    outer loop
      vertex -73.3406 1.12488 2.4
      vertex -79.6956 6.97246 2.4
      vertex -73.4335 1.00376 2.4
    endloop
  endfacet
  facet normal 0 0 1
    outer loop
      vertex -80 0 2.4
      vertex -73.4335 1.00376 2.4
      vertex -79.6956 6.97246 2.4
    endloop
  endfacet
  facet normal 0 0 1
    outer loop
      vertex -73.4335 1.00376 2.4
      vertex -80 0 2.4
      vertex -73.5155 0.875 2.4
    endloop
  endfacet
  facet normal 0 0 1
    outer loop
      vertex -73.5155 0.875 2.4
      vertex -80 0 2.4
      vertex -73.586 0.739581 2.4
    endloop
  endfacet
  facet normal 0 0 1
    outer loop
      vertex -73.586 0.739581 2.4
      vertex -80 0 2.4
      vertex -73.6445 0.598535 2.4
    endloop
  endfacet
  facet normal 0 0 1
    outer loop
      vertex 45.8861 -65.5322 2.4
      vertex 37.7433 -62.2013 2.4
      vertex 37.75 -62.3538 2.4
    endloop
  endfacet
  facet normal 0 0 1
    outer loop
      vertex 39.0973 -53.7238 2.4
      vertex 37.7234 -62.0499 2.4
      vertex 37.7433 -62.2013 2.4
    endloop
  endfacet
  facet normal 0 0 1
    outer loop
      vertex 39.0973 -53.7238 2.4
      vertex 37.6904 -61.9009 2.4
      vertex 37.7234 -62.0499 2.4
    endloop
  endfacet
  facet normal 0 0 1
    outer loop
      vertex 39.0973 -53.7238 2.4
      vertex 37.6445 -61.7553 2.4
      vertex 37.6904 -61.9009 2.4
    endloop
  endfacet
  facet normal 0 0 1
    outer loop
      vertex 39.0973 -53.7238 2.4
      vertex 37.586 -61.6142 2.4
      vertex 37.6445 -61.7553 2.4
    endloop
  endfacet
  facet normal 0 0 1
    outer loop
      vertex 39.0973 -53.7238 2.4
      vertex 37.5155 -61.4788 2.4
      vertex 37.586 -61.6142 2.4
    endloop
  endfacet
  facet normal 0 0 1
    outer loop
      vertex 39.0126 -53.7853 2.4
      vertex 37.4335 -61.3501 2.4
      vertex 37.5155 -61.4788 2.4
    endloop
  endfacet
  facet normal 0 0 1
    outer loop
      vertex 39.0126 -53.7853 2.4
      vertex 37.3406 -61.229 2.4
      vertex 37.4335 -61.3501 2.4
    endloop
  endfacet
  facet normal 0 0 1
    outer loop
      vertex 39.0126 -53.7853 2.4
      vertex 37.2374 -61.1164 2.4
      vertex 37.3406 -61.229 2.4
    endloop
  endfacet
  facet normal 0 0 1
    outer loop
      vertex 39.0126 -53.7853 2.4
      vertex 37.1249 -61.0133 2.4
      vertex 37.2374 -61.1164 2.4
    endloop
  endfacet
  facet normal -0 0 1
    outer loop
      vertex 36.2321 -55.6964 2.4
      vertex 37.1249 -61.0133 2.4
      vertex 39.0126 -53.7853 2.4
    endloop
  endfacet
  facet normal 0 0 1
    outer loop
      vertex 37.1249 -61.0133 2.4
      vertex 36.2321 -55.6964 2.4
      vertex 37.0038 -60.9203 2.4
    endloop
  endfacet
  facet normal 0 0 1
    outer loop
      vertex 37.0038 -60.9203 2.4
      vertex 36.2321 -55.6964 2.4
      vertex 36.875 -60.8383 2.4
    endloop
  endfacet
  facet normal 0 0 1
    outer loop
      vertex 36.875 -60.8383 2.4
      vertex 36.2321 -55.6964 2.4
      vertex 36.7396 -60.7678 2.4
    endloop
  endfacet
  facet normal 0 0 1
    outer loop
      vertex 36.7396 -60.7678 2.4
      vertex 36.2321 -55.6964 2.4
      vertex 36.5985 -60.7094 2.4
    endloop
  endfacet
  facet normal -0 0 1
    outer loop
      vertex 36.1443 -55.7534 2.4
      vertex 36.5985 -60.7094 2.4
      vertex 36.2321 -55.6964 2.4
    endloop
  endfacet
  facet normal 0 0 1
    outer loop
      vertex 36.5985 -60.7094 2.4
      vertex 36.1443 -55.7534 2.4
      vertex 36.4529 -60.6635 2.4
    endloop
  endfacet
  facet normal 0 0 1
    outer loop
      vertex 36.4529 -60.6635 2.4
      vertex 36.1443 -55.7534 2.4
      vertex 36.3039 -60.6304 2.4
    endloop
  endfacet
  facet normal 0 0 1
    outer loop
      vertex 36.3039 -60.6304 2.4
      vertex 36.1443 -55.7534 2.4
      vertex 36.1525 -60.6105 2.4
    endloop
  endfacet
  facet normal 0 0 1
    outer loop
      vertex 36.1443 -55.7534 2.4
      vertex 36 -60.6038 2.4
      vertex 36.1525 -60.6105 2.4
    endloop
  endfacet
  facet normal 0 0 1
    outer loop
      vertex 36.1443 -55.7534 2.4
      vertex 35.8475 -60.6105 2.4
      vertex 36 -60.6038 2.4
    endloop
  endfacet
  facet normal -0 0 1
    outer loop
      vertex 33.2675 -57.5163 2.4
      vertex 35.8475 -60.6105 2.4
      vertex 36.1443 -55.7534 2.4
    endloop
  endfacet
  facet normal 0 0 1
    outer loop
      vertex 35.8475 -60.6105 2.4
      vertex 33.2675 -57.5163 2.4
      vertex 35.6961 -60.6304 2.4
    endloop
  endfacet
  facet normal 0 0 1
    outer loop
      vertex 35.6961 -60.6304 2.4
      vertex 33.2675 -57.5163 2.4
      vertex 35.5471 -60.6635 2.4
    endloop
  endfacet
  facet normal 0 0 1
    outer loop
      vertex 35.5471 -60.6635 2.4
      vertex 33.2675 -57.5163 2.4
      vertex 35.4015 -60.7094 2.4
    endloop
  endfacet
  facet normal 0 0 1
    outer loop
      vertex 35.4015 -60.7094 2.4
      vertex 33.2675 -57.5163 2.4
      vertex 35.2604 -60.7678 2.4
    endloop
  endfacet
  facet normal 0 0 1
    outer loop
      vertex 35.2604 -60.7678 2.4
      vertex 33.2675 -57.5163 2.4
      vertex 35.125 -60.8383 2.4
    endloop
  endfacet
  facet normal -0 0 1
    outer loop
      vertex 33.1768 -57.5686 2.4
      vertex 35.125 -60.8383 2.4
      vertex 33.2675 -57.5163 2.4
    endloop
  endfacet
  facet normal 0 0 1
    outer loop
      vertex 35.125 -60.8383 2.4
      vertex 33.1768 -57.5686 2.4
      vertex 34.9962 -60.9203 2.4
    endloop
  endfacet
  facet normal 0 0 1
    outer loop
      vertex 34.9962 -60.9203 2.4
      vertex 33.1768 -57.5686 2.4
      vertex 34.8751 -61.0133 2.4
    endloop
  endfacet
  facet normal 0 0 1
    outer loop
      vertex 34.8751 -61.0133 2.4
      vertex 33.1768 -57.5686 2.4
      vertex 34.7626 -61.1164 2.4
    endloop
  endfacet
  facet normal 0 0 1
    outer loop
      vertex 34.7626 -61.1164 2.4
      vertex 33.1768 -57.5686 2.4
      vertex 34.6594 -61.229 2.4
    endloop
  endfacet
  facet normal 0 0 1
    outer loop
      vertex 34.6594 -61.229 2.4
      vertex 33.1768 -57.5686 2.4
      vertex 34.5665 -61.3501 2.4
    endloop
  endfacet
  facet normal -0 0 1
    outer loop
      vertex 30.2117 -59.1785 2.4
      vertex 34.5665 -61.3501 2.4
      vertex 33.1768 -57.5686 2.4
    endloop
  endfacet
  facet normal 0 0 1
    outer loop
      vertex 34.5665 -61.3501 2.4
      vertex 30.2117 -59.1785 2.4
      vertex 34.4845 -61.4788 2.4
    endloop
  endfacet
  facet normal 0 0 1
    outer loop
      vertex 34.4845 -61.4788 2.4
      vertex 30.2117 -59.1785 2.4
      vertex 34.414 -61.6142 2.4
    endloop
  endfacet
  facet normal 0 0 1
    outer loop
      vertex 34.414 -61.6142 2.4
      vertex 30.2117 -59.1785 2.4
      vertex 34.3555 -61.7553 2.4
    endloop
  endfacet
  facet normal 0 0 1
    outer loop
      vertex 34.3555 -61.7553 2.4
      vertex 30.2117 -59.1785 2.4
      vertex 34.3096 -61.9009 2.4
    endloop
  endfacet
  facet normal 0 0 1
    outer loop
      vertex 34.3096 -61.9009 2.4
      vertex 30.2117 -59.1785 2.4
      vertex 34.2766 -62.0499 2.4
    endloop
  endfacet
  facet normal -0 0 1
    outer loop
      vertex 30.1184 -59.2261 2.4
      vertex 34.2567 -62.2013 2.4
      vertex 30.2117 -59.1785 2.4
    endloop
  endfacet
  facet normal 0 0 1
    outer loop
      vertex 34.2567 -62.2013 2.4
      vertex 30.1184 -59.2261 2.4
      vertex 34.25 -62.3538 2.4
    endloop
  endfacet
  facet normal 0 0 1
    outer loop
      vertex 34.25 -62.3538 2.4
      vertex 30.1184 -59.2261 2.4
      vertex 34.2567 -62.5064 2.4
    endloop
  endfacet
  facet normal -0 0 1
    outer loop
      vertex 27.0732 -60.6786 2.4
      vertex 34.2567 -62.5064 2.4
      vertex 30.1184 -59.2261 2.4
    endloop
  endfacet
  facet normal -0 0 1
    outer loop
      vertex 26.9775 -60.7212 2.4
      vertex 34.2567 -62.5064 2.4
      vertex 27.0732 -60.6786 2.4
    endloop
  endfacet
  facet normal 0 0 1
    outer loop
      vertex 34.2567 -62.5064 2.4
      vertex 26.9775 -60.7212 2.4
      vertex 33.8095 -72.5046 2.4
    endloop
  endfacet
  facet normal 0 0 1
    outer loop
      vertex 33.8095 -72.5046 2.4
      vertex 26.9775 -60.7212 2.4
      vertex 27.3616 -75.1754 2.4
    endloop
  endfacet
  facet normal -0 0 1
    outer loop
      vertex 23.8604 -62.0123 2.4
      vertex 27.3616 -75.1754 2.4
      vertex 26.9775 -60.7212 2.4
    endloop
  endfacet
  facet normal -0 0 1
    outer loop
      vertex 23.7626 -62.0499 2.4
      vertex 27.3616 -75.1754 2.4
      vertex 23.8604 -62.0123 2.4
    endloop
  endfacet
  facet normal -0 0 1
    outer loop
      vertex 19.62 -66.4183 2.4
      vertex 27.3616 -75.1754 2.4
      vertex 23.7626 -62.0499 2.4
    endloop
  endfacet
  facet normal 0 0 1
    outer loop
      vertex 19.7497 -65.683 2.4
      vertex 23.7626 -62.0499 2.4
      vertex 20.5822 -63.1761 2.4
    endloop
  endfacet
  facet normal 0 0 1
    outer loop
      vertex 19.62 -64.9476 2.4
      vertex 20.5822 -63.1761 2.4
      vertex 20.4826 -63.2085 2.4
    endloop
  endfacet
  facet normal 0 0 1
    outer loop
      vertex 23.7626 -62.0499 2.4
      vertex 19.7497 -65.683 2.4
      vertex 19.7415 -65.8703 2.4
    endloop
  endfacet
  facet normal 0 0 1
    outer loop
      vertex 23.7626 -62.0499 2.4
      vertex 19.7415 -65.8703 2.4
      vertex 19.717 -66.0563 2.4
    endloop
  endfacet
  facet normal 0 0 1
    outer loop
      vertex 19.6764 -66.2394 2.4
      vertex 23.7626 -62.0499 2.4
      vertex 19.717 -66.0563 2.4
    endloop
  endfacet
  facet normal 0 0 1
    outer loop
      vertex 19.62 -66.4183 2.4
      vertex 23.7626 -62.0499 2.4
      vertex 19.6764 -66.2394 2.4
    endloop
  endfacet
  facet normal 0 0 1
    outer loop
      vertex 27.3616 -75.1754 2.4
      vertex 19.62 -66.4183 2.4
      vertex 19.5483 -66.5916 2.4
    endloop
  endfacet
  facet normal -0 0 1
    outer loop
      vertex 19.4616 -66.758 2.4
      vertex 27.3616 -75.1754 2.4
      vertex 19.5483 -66.5916 2.4
    endloop
  endfacet
  facet normal -0 0 1
    outer loop
      vertex 19.3609 -66.9161 2.4
      vertex 27.3616 -75.1754 2.4
      vertex 19.4616 -66.758 2.4
    endloop
  endfacet
  facet normal -0 0 1
    outer loop
      vertex 19.2467 -67.0649 2.4
      vertex 27.3616 -75.1754 2.4
      vertex 19.3609 -66.9161 2.4
    endloop
  endfacet
  facet normal -0 0 1
    outer loop
      vertex 19.12 -67.2032 2.4
      vertex 27.3616 -75.1754 2.4
      vertex 19.2467 -67.0649 2.4
    endloop
  endfacet
  facet normal -0 0 1
    outer loop
      vertex 18.9817 -67.3299 2.4
      vertex 27.3616 -75.1754 2.4
      vertex 19.12 -67.2032 2.4
    endloop
  endfacet
  facet normal 0 0 1
    outer loop
      vertex 27.3616 -75.1754 2.4
      vertex 18.9817 -67.3299 2.4
      vertex 20.7055 -77.2741 2.4
    endloop
  endfacet
  facet normal -0 0 1
    outer loop
      vertex 18.8329 -67.4441 2.4
      vertex 20.7055 -77.2741 2.4
      vertex 18.9817 -67.3299 2.4
    endloop
  endfacet
  facet normal -0 0 1
    outer loop
      vertex 18.6747 -67.5449 2.4
      vertex 20.7055 -77.2741 2.4
      vertex 18.8329 -67.4441 2.4
    endloop
  endfacet
  facet normal -0 0 1
    outer loop
      vertex 18.5083 -67.6315 2.4
      vertex 20.7055 -77.2741 2.4
      vertex 18.6747 -67.5449 2.4
    endloop
  endfacet
  facet normal -0 0 1
    outer loop
      vertex 18.335 -67.7033 2.4
      vertex 20.7055 -77.2741 2.4
      vertex 18.5083 -67.6315 2.4
    endloop
  endfacet
  facet normal -0 0 1
    outer loop
      vertex 18.1562 -67.7597 2.4
      vertex 20.7055 -77.2741 2.4
      vertex 18.335 -67.7033 2.4
    endloop
  endfacet
  facet normal -0 0 1
    outer loop
      vertex 17.973 -67.8003 2.4
      vertex 20.7055 -77.2741 2.4
      vertex 18.1562 -67.7597 2.4
    endloop
  endfacet
  facet normal -0 0 1
    outer loop
      vertex 17.7871 -67.8248 2.4
      vertex 20.7055 -77.2741 2.4
      vertex 17.973 -67.8003 2.4
    endloop
  endfacet
  facet normal -0 0 1
    outer loop
      vertex 17.5997 -67.833 2.4
      vertex 20.7055 -77.2741 2.4
      vertex 17.7871 -67.8248 2.4
    endloop
  endfacet
  facet normal 0 0 1
    outer loop
      vertex 17.4123 -67.8248 2.4
      vertex 20.7055 -77.2741 2.4
      vertex 17.5997 -67.833 2.4
    endloop
  endfacet
  facet normal 0 0 1
    outer loop
      vertex 17.2264 -67.8003 2.4
      vertex 20.7055 -77.2741 2.4
      vertex 17.4123 -67.8248 2.4
    endloop
  endfacet
  facet normal 0 0 1
    outer loop
      vertex 13.8919 -78.7846 2.4
      vertex 17.2264 -67.8003 2.4
      vertex 17.0432 -67.7597 2.4
    endloop
  endfacet
  facet normal 0 0 1
    outer loop
      vertex 13.8919 -78.7846 2.4
      vertex 17.0432 -67.7597 2.4
      vertex 16.8644 -67.7033 2.4
    endloop
  endfacet
  facet normal 0 0 1
    outer loop
      vertex 13.8919 -78.7846 2.4
      vertex 16.8644 -67.7033 2.4
      vertex 16.6911 -67.6315 2.4
    endloop
  endfacet
  facet normal 0 0 1
    outer loop
      vertex 13.8919 -78.7846 2.4
      vertex 16.6911 -67.6315 2.4
      vertex 16.5247 -67.5449 2.4
    endloop
  endfacet
  facet normal 0 0 1
    outer loop
      vertex 13.8919 -78.7846 2.4
      vertex 16.5247 -67.5449 2.4
      vertex 16.3665 -67.4441 2.4
    endloop
  endfacet
  facet normal 0 0 1
    outer loop
      vertex 13.8919 -78.7846 2.4
      vertex 16.3665 -67.4441 2.4
      vertex 16.2177 -67.3299 2.4
    endloop
  endfacet
  facet normal 0 0 1
    outer loop
      vertex 13.8919 -78.7846 2.4
      vertex 16.2177 -67.3299 2.4
      vertex 16.0794 -67.2032 2.4
    endloop
  endfacet
  facet normal 0 0 1
    outer loop
      vertex 13.8919 -78.7846 2.4
      vertex 16.0794 -67.2032 2.4
      vertex 15.9527 -67.0649 2.4
    endloop
  endfacet
  facet normal 0 0 1
    outer loop
      vertex 13.8919 -78.7846 2.4
      vertex 15.9527 -67.0649 2.4
      vertex 15.8385 -66.9161 2.4
    endloop
  endfacet
  facet normal 0 0 1
    outer loop
      vertex 13.8919 -78.7846 2.4
      vertex 15.8385 -66.9161 2.4
      vertex 15.7377 -66.758 2.4
    endloop
  endfacet
  facet normal 0 0 1
    outer loop
      vertex 13.8919 -78.7846 2.4
      vertex 15.7377 -66.758 2.4
      vertex 15.6511 -66.5916 2.4
    endloop
  endfacet
  facet normal 0 0 1
    outer loop
      vertex 17.2264 -67.8003 2.4
      vertex 13.8919 -78.7846 2.4
      vertex 20.7055 -77.2741 2.4
    endloop
  endfacet
  facet normal 0 0 1
    outer loop
      vertex 15.5794 -66.4183 2.4
      vertex 13.8919 -78.7846 2.4
      vertex 15.6511 -66.5916 2.4
    endloop
  endfacet
  facet normal 0 0 1
    outer loop
      vertex 15.523 -66.2394 2.4
      vertex 13.8919 -78.7846 2.4
      vertex 15.5794 -66.4183 2.4
    endloop
  endfacet
  facet normal 0 0 1
    outer loop
      vertex 15.4824 -66.0563 2.4
      vertex 13.8919 -78.7846 2.4
      vertex 15.523 -66.2394 2.4
    endloop
  endfacet
  facet normal 0 0 1
    outer loop
      vertex 15.4579 -65.8703 2.4
      vertex 13.8919 -78.7846 2.4
      vertex 15.4824 -66.0563 2.4
    endloop
  endfacet
  facet normal 0 0 1
    outer loop
      vertex 13.8919 -78.7846 2.4
      vertex 15.4579 -65.8703 2.4
      vertex 15.4497 -65.683 2.4
    endloop
  endfacet
  facet normal -0 -0 1
    outer loop
      vertex 66.3505 3.52971 2.4
      vertex 71.4015 1.64446 2.4
      vertex 66.0858 6.89325 2.4
    endloop
  endfacet
  facet normal 0 0 1
    outer loop
      vertex 70.9962 1.43352 2.4
      vertex 66.356 3.42514 2.4
      vertex 66.4443 0.0523529 2.4
    endloop
  endfacet
  facet normal 0 0 1
    outer loop
      vertex 70.9962 1.43352 2.4
      vertex 66.3505 3.52971 2.4
      vertex 66.356 3.42514 2.4
    endloop
  endfacet
  facet normal 0 0 1
    outer loop
      vertex 65.0032 13.7633 2.4
      vertex 66.4183 15.5794 2.4
      vertex 66.2394 15.523 2.4
    endloop
  endfacet
  facet normal 0 0 1
    outer loop
      vertex 71.125 1.51554 2.4
      vertex 66.3505 3.52971 2.4
      vertex 70.9962 1.43352 2.4
    endloop
  endfacet
  facet normal 0 0 1
    outer loop
      vertex 71.2604 1.58604 2.4
      vertex 66.3505 3.52971 2.4
      vertex 71.125 1.51554 2.4
    endloop
  endfacet
  facet normal 0 0 1
    outer loop
      vertex 65.0032 13.7633 2.4
      vertex 66.2394 15.523 2.4
      vertex 66.0563 15.4824 2.4
    endloop
  endfacet
  facet normal 0 0 1
    outer loop
      vertex 64.9814 13.8658 2.4
      vertex 66.0563 15.4824 2.4
      vertex 65.8703 15.4579 2.4
    endloop
  endfacet
  facet normal 0 0 1
    outer loop
      vertex 64.9814 13.8658 2.4
      vertex 65.8703 15.4579 2.4
      vertex 65.683 15.4497 2.4
    endloop
  endfacet
  facet normal 0 0 1
    outer loop
      vertex 71.4015 1.64446 2.4
      vertex 66.3505 3.52971 2.4
      vertex 71.2604 1.58604 2.4
    endloop
  endfacet
  facet normal 0 0 1
    outer loop
      vertex 66.4183 15.5794 2.4
      vertex 65.6181 10.4459 2.4
      vertex 65.6345 10.3425 2.4
    endloop
  endfacet
  facet normal 0 0 1
    outer loop
      vertex 64.9814 13.8658 2.4
      vertex 65.683 15.4497 2.4
      vertex 65.4956 15.4579 2.4
    endloop
  endfacet
  facet normal 0 0 1
    outer loop
      vertex 64.9814 13.8658 2.4
      vertex 65.4956 15.4579 2.4
      vertex 65.3096 15.4824 2.4
    endloop
  endfacet
  facet normal 0 0 1
    outer loop
      vertex 64.9814 13.8658 2.4
      vertex 65.3096 15.4824 2.4
      vertex 65.1265 15.523 2.4
    endloop
  endfacet
  facet normal 0 0 1
    outer loop
      vertex 66.4183 15.5794 2.4
      vertex 65.0032 13.7633 2.4
      vertex 65.6181 10.4459 2.4
    endloop
  endfacet
  facet normal 0 0 1
    outer loop
      vertex 66.0563 15.4824 2.4
      vertex 64.9814 13.8658 2.4
      vertex 65.0032 13.7633 2.4
    endloop
  endfacet
  facet normal 0 0 1
    outer loop
      vertex 64.9476 15.5794 2.4
      vertex 64.9814 13.8658 2.4
      vertex 65.1265 15.523 2.4
    endloop
  endfacet
  facet normal 0 0 1
    outer loop
      vertex 64.7743 15.6511 2.4
      vertex 64.9814 13.8658 2.4
      vertex 64.9476 15.5794 2.4
    endloop
  endfacet
  facet normal 0 0 1
    outer loop
      vertex 64.608 15.7377 2.4
      vertex 64.9814 13.8658 2.4
      vertex 64.7743 15.6511 2.4
    endloop
  endfacet
  facet normal 0 0 1
    outer loop
      vertex 64.9814 13.8658 2.4
      vertex 64.608 15.7377 2.4
      vertex 64.5183 15.7948 2.4
    endloop
  endfacet
  facet normal 0 0 1
    outer loop
      vertex 71.5471 1.69037 2.4
      vertex 66.0858 6.89325 2.4
      vertex 71.4015 1.64446 2.4
    endloop
  endfacet
  facet normal 0 0 1
    outer loop
      vertex 70.9962 1.43352 2.4
      vertex 66.4443 0.0523529 2.4
      vertex 70.8751 1.34058 2.4
    endloop
  endfacet
  facet normal 0 0 1
    outer loop
      vertex 70.8751 1.34058 2.4
      vertex 66.4443 0.0523529 2.4
      vertex 70.7626 1.23744 2.4
    endloop
  endfacet
  facet normal 0 0 1
    outer loop
      vertex 70.7626 1.23744 2.4
      vertex 66.4443 0.0523529 2.4
      vertex 70.6594 1.12488 2.4
    endloop
  endfacet
  facet normal 0 0 1
    outer loop
      vertex 70.6594 1.12488 2.4
      vertex 66.4443 0.0523529 2.4
      vertex 70.5665 1.00376 2.4
    endloop
  endfacet
  facet normal 0 0 1
    outer loop
      vertex 70.5665 1.00376 2.4
      vertex 66.4443 0.0523529 2.4
      vertex 70.4845 0.875 2.4
    endloop
  endfacet
  facet normal 0 0 1
    outer loop
      vertex 70.4845 0.875 2.4
      vertex 66.4443 0.0523529 2.4
      vertex 70.414 0.739581 2.4
    endloop
  endfacet
  facet normal 0 0 1
    outer loop
      vertex 70.414 0.739581 2.4
      vertex 66.4443 0.0523529 2.4
      vertex 70.3555 0.598535 2.4
    endloop
  endfacet
  facet normal 0 0 1
    outer loop
      vertex 70.3555 0.598535 2.4
      vertex 66.4443 0.0523529 2.4
      vertex 70.3096 0.452933 2.4
    endloop
  endfacet
  facet normal 0 0 1
    outer loop
      vertex 70.3096 0.452933 2.4
      vertex 66.4443 0.0523529 2.4
      vertex 70.2766 0.303884 2.4
    endloop
  endfacet
  facet normal 0 0 1
    outer loop
      vertex 70.2766 0.303884 2.4
      vertex 66.4443 0.0523529 2.4
      vertex 70.2567 0.152522 2.4
    endloop
  endfacet
  facet normal 0 0 1
    outer loop
      vertex 70.2567 0.152522 2.4
      vertex 66.4443 0.0523529 2.4
      vertex 70.25 0 2.4
    endloop
  endfacet
  facet normal 0 0 1
    outer loop
      vertex 66.4443 -0.0523529 2.4
      vertex 70.25 0 2.4
      vertex 66.4443 0.0523529 2.4
    endloop
  endfacet
  facet normal 0 0 1
    outer loop
      vertex 70.25 0 2.4
      vertex 66.4443 -0.0523529 2.4
      vertex 70.2567 -0.152522 2.4
    endloop
  endfacet
  facet normal 0 0 1
    outer loop
      vertex 66.356 -3.42514 2.4
      vertex 70.2567 -0.152522 2.4
      vertex 66.4443 -0.0523529 2.4
    endloop
  endfacet
  facet normal 0 0 1
    outer loop
      vertex 66.3505 -3.52971 2.4
      vertex 70.2567 -0.152522 2.4
      vertex 66.356 -3.42514 2.4
    endloop
  endfacet
  facet normal 0 0 1
    outer loop
      vertex 66.0858 -6.89325 2.4
      vertex 70.2567 -0.152522 2.4
      vertex 66.3505 -3.52971 2.4
    endloop
  endfacet
  facet normal 0 0 1
    outer loop
      vertex 66.0748 -6.99738 2.4
      vertex 70.2567 -0.152522 2.4
      vertex 66.0858 -6.89325 2.4
    endloop
  endfacet
  facet normal 0 0 1
    outer loop
      vertex 65.6345 -10.3425 2.4
      vertex 70.2567 -0.152522 2.4
      vertex 66.0748 -6.99738 2.4
    endloop
  endfacet
  facet normal 0 0 1
    outer loop
      vertex 65.6181 -10.4459 2.4
      vertex 70.2567 -0.152522 2.4
      vertex 65.6345 -10.3425 2.4
    endloop
  endfacet
  facet normal 0 0 1
    outer loop
      vertex 65.0032 -13.7633 2.4
      vertex 70.2567 -0.152522 2.4
      vertex 65.6181 -10.4459 2.4
    endloop
  endfacet
  facet normal 0 0 1
    outer loop
      vertex 70.2567 -0.152522 2.4
      vertex 65.0032 -13.7633 2.4
      vertex 69.282 -40 2.4
    endloop
  endfacet
  facet normal -0 0 1
    outer loop
      vertex 64.9814 -13.8658 2.4
      vertex 69.282 -40 2.4
      vertex 65.0032 -13.7633 2.4
    endloop
  endfacet
  facet normal -0 0 1
    outer loop
      vertex 64.1938 -17.1465 2.4
      vertex 69.282 -40 2.4
      vertex 64.9814 -13.8658 2.4
    endloop
  endfacet
  facet normal -0 0 1
    outer loop
      vertex 64.1667 -17.2476 2.4
      vertex 69.282 -40 2.4
      vertex 64.1938 -17.1465 2.4
    endloop
  endfacet
  facet normal 0 0 1
    outer loop
      vertex 64.1667 -17.2476 2.4
      vertex 64.1938 -17.1465 2.4
      vertex 64.1829 -17.1829 2.4
    endloop
  endfacet
  facet normal -0 0 1
    outer loop
      vertex 63.2085 -20.4826 2.4
      vertex 69.282 -40 2.4
      vertex 64.1667 -17.2476 2.4
    endloop
  endfacet
  facet normal -0 0 1
    outer loop
      vertex 63.1761 -20.5822 2.4
      vertex 69.282 -40 2.4
      vertex 63.2085 -20.4826 2.4
    endloop
  endfacet
  facet normal -0 0 1
    outer loop
      vertex 62.0499 -23.7626 2.4
      vertex 69.282 -40 2.4
      vertex 63.1761 -20.5822 2.4
    endloop
  endfacet
  facet normal -0 0 1
    outer loop
      vertex 62.0123 -23.8604 2.4
      vertex 69.282 -40 2.4
      vertex 62.0499 -23.7626 2.4
    endloop
  endfacet
  facet normal -0 0 1
    outer loop
      vertex 60.7212 -26.9775 2.4
      vertex 69.282 -40 2.4
      vertex 62.0123 -23.8604 2.4
    endloop
  endfacet
  facet normal -0 0 1
    outer loop
      vertex 60.6786 -27.0732 2.4
      vertex 69.282 -40 2.4
      vertex 60.7212 -26.9775 2.4
    endloop
  endfacet
  facet normal -0 0 1
    outer loop
      vertex 59.2261 -30.1184 2.4
      vertex 69.282 -40 2.4
      vertex 60.6786 -27.0732 2.4
    endloop
  endfacet
  facet normal -0 0 1
    outer loop
      vertex 59.1785 -30.2117 2.4
      vertex 69.282 -40 2.4
      vertex 59.2261 -30.1184 2.4
    endloop
  endfacet
  facet normal -0 0 1
    outer loop
      vertex 57.5686 -33.1768 2.4
      vertex 69.282 -40 2.4
      vertex 59.1785 -30.2117 2.4
    endloop
  endfacet
  facet normal -0 0 1
    outer loop
      vertex 57.5163 -33.2675 2.4
      vertex 69.282 -40 2.4
      vertex 57.5686 -33.1768 2.4
    endloop
  endfacet
  facet normal -0 0 1
    outer loop
      vertex 55.7534 -36.1443 2.4
      vertex 69.282 -40 2.4
      vertex 57.5163 -33.2675 2.4
    endloop
  endfacet
  facet normal 0 0 1
    outer loop
      vertex 69.282 -40 2.4
      vertex 55.7534 -36.1443 2.4
      vertex 65.5322 -45.8861 2.4
    endloop
  endfacet
  facet normal -0 0 1
    outer loop
      vertex 55.6964 -36.2321 2.4
      vertex 65.5322 -45.8861 2.4
      vertex 55.7534 -36.1443 2.4
    endloop
  endfacet
  facet normal -0 0 1
    outer loop
      vertex 53.7853 -39.0126 2.4
      vertex 65.5322 -45.8861 2.4
      vertex 55.6964 -36.2321 2.4
    endloop
  endfacet
  facet normal -0 0 1
    outer loop
      vertex 53.7238 -39.0973 2.4
      vertex 65.5322 -45.8861 2.4
      vertex 53.7853 -39.0126 2.4
    endloop
  endfacet
  facet normal 0 0 1
    outer loop
      vertex 65.5322 -45.8861 2.4
      vertex 53.7238 -39.0973 2.4
      vertex 61.2836 -51.423 2.4
    endloop
  endfacet
  facet normal -0 0 1
    outer loop
      vertex 51.6699 -41.7741 2.4
      vertex 61.2836 -51.423 2.4
      vertex 53.7238 -39.0973 2.4
    endloop
  endfacet
  facet normal -0 0 1
    outer loop
      vertex 51.604 -41.8554 2.4
      vertex 61.2836 -51.423 2.4
      vertex 51.6699 -41.7741 2.4
    endloop
  endfacet
  facet normal -0 0 1
    outer loop
      vertex 49.4128 -44.421 2.4
      vertex 61.2836 -51.423 2.4
      vertex 51.604 -41.8554 2.4
    endloop
  endfacet
  facet normal -0 0 1
    outer loop
      vertex 49.3427 -44.4988 2.4
      vertex 61.2836 -51.423 2.4
      vertex 49.4128 -44.421 2.4
    endloop
  endfacet
  facet normal 0 0 1
    outer loop
      vertex 61.2836 -51.423 2.4
      vertex 49.3427 -44.4988 2.4
      vertex 56.5685 -56.5685 2.4
    endloop
  endfacet
  facet normal -0 0 1
    outer loop
      vertex 47.0202 -46.9462 2.4
      vertex 56.5685 -56.5685 2.4
      vertex 49.3427 -44.4988 2.4
    endloop
  endfacet
  facet normal -0 0 1
    outer loop
      vertex 46.9462 -47.0202 2.4
      vertex 56.5685 -56.5685 2.4
      vertex 47.0202 -46.9462 2.4
    endloop
  endfacet
  facet normal 0 0 1
    outer loop
      vertex 46.9462 -47.0202 2.4
      vertex 47.0202 -46.9462 2.4
      vertex 46.9926 -46.9722 2.4
    endloop
  endfacet
  facet normal -0 0 1
    outer loop
      vertex 44.4988 -49.3427 2.4
      vertex 56.5685 -56.5685 2.4
      vertex 46.9462 -47.0202 2.4
    endloop
  endfacet
  facet normal 0 0 1
    outer loop
      vertex 56.5685 -56.5685 2.4
      vertex 44.4988 -49.3427 2.4
      vertex 51.423 -61.2836 2.4
    endloop
  endfacet
  facet normal -0 0 1
    outer loop
      vertex 44.421 -49.4128 2.4
      vertex 51.423 -61.2836 2.4
      vertex 44.4988 -49.3427 2.4
    endloop
  endfacet
  facet normal -0 0 1
    outer loop
      vertex 41.8554 -51.604 2.4
      vertex 51.423 -61.2836 2.4
      vertex 44.421 -49.4128 2.4
    endloop
  endfacet
  facet normal -0 0 1
    outer loop
      vertex 41.7741 -51.6699 2.4
      vertex 51.423 -61.2836 2.4
      vertex 41.8554 -51.604 2.4
    endloop
  endfacet
  facet normal 0 0 1
    outer loop
      vertex 51.423 -61.2836 2.4
      vertex 41.7741 -51.6699 2.4
      vertex 45.8861 -65.5322 2.4
    endloop
  endfacet
  facet normal -0 0 1
    outer loop
      vertex 39.0973 -53.7238 2.4
      vertex 45.8861 -65.5322 2.4
      vertex 41.7741 -51.6699 2.4
    endloop
  endfacet
  facet normal -0 0 1
    outer loop
      vertex 37.7433 -62.2013 2.4
      vertex 45.8861 -65.5322 2.4
      vertex 39.0973 -53.7238 2.4
    endloop
  endfacet
  facet normal 0 0 1
    outer loop
      vertex 37.5155 -61.4788 2.4
      vertex 39.0973 -53.7238 2.4
      vertex 39.0126 -53.7853 2.4
    endloop
  endfacet
  facet normal -0 0 1
    outer loop
      vertex 37.7433 -62.5064 2.4
      vertex 45.8861 -65.5322 2.4
      vertex 37.75 -62.3538 2.4
    endloop
  endfacet
  facet normal -0 0 1
    outer loop
      vertex 37.7234 -62.6577 2.4
      vertex 45.8861 -65.5322 2.4
      vertex 37.7433 -62.5064 2.4
    endloop
  endfacet
  facet normal -0 0 1
    outer loop
      vertex 37.6904 -62.8068 2.4
      vertex 45.8861 -65.5322 2.4
      vertex 37.7234 -62.6577 2.4
    endloop
  endfacet
  facet normal -0 0 1
    outer loop
      vertex 37.6445 -62.9524 2.4
      vertex 45.8861 -65.5322 2.4
      vertex 37.6904 -62.8068 2.4
    endloop
  endfacet
  facet normal -0 0 1
    outer loop
      vertex 37.586 -63.0934 2.4
      vertex 45.8861 -65.5322 2.4
      vertex 37.6445 -62.9524 2.4
    endloop
  endfacet
  facet normal 0 0 1
    outer loop
      vertex 45.8861 -65.5322 2.4
      vertex 37.586 -63.0934 2.4
      vertex 40 -69.282 2.4
    endloop
  endfacet
  facet normal -0 0 1
    outer loop
      vertex 37.5155 -63.2288 2.4
      vertex 40 -69.282 2.4
      vertex 37.586 -63.0934 2.4
    endloop
  endfacet
  facet normal -0 0 1
    outer loop
      vertex 37.4335 -63.3576 2.4
      vertex 40 -69.282 2.4
      vertex 37.5155 -63.2288 2.4
    endloop
  endfacet
  facet normal -0 0 1
    outer loop
      vertex 37.3406 -63.4787 2.4
      vertex 40 -69.282 2.4
      vertex 37.4335 -63.3576 2.4
    endloop
  endfacet
  facet normal -0 0 1
    outer loop
      vertex 37.2374 -63.5913 2.4
      vertex 40 -69.282 2.4
      vertex 37.3406 -63.4787 2.4
    endloop
  endfacet
  facet normal -0 0 1
    outer loop
      vertex 37.1249 -63.6944 2.4
      vertex 40 -69.282 2.4
      vertex 37.2374 -63.5913 2.4
    endloop
  endfacet
  facet normal -0 0 1
    outer loop
      vertex 37.0038 -63.7873 2.4
      vertex 40 -69.282 2.4
      vertex 37.1249 -63.6944 2.4
    endloop
  endfacet
  facet normal -0 0 1
    outer loop
      vertex 36.875 -63.8694 2.4
      vertex 40 -69.282 2.4
      vertex 37.0038 -63.7873 2.4
    endloop
  endfacet
  facet normal -0 0 1
    outer loop
      vertex 36.7396 -63.9399 2.4
      vertex 40 -69.282 2.4
      vertex 36.875 -63.8694 2.4
    endloop
  endfacet
  facet normal -0 0 1
    outer loop
      vertex 36.5985 -63.9983 2.4
      vertex 40 -69.282 2.4
      vertex 36.7396 -63.9399 2.4
    endloop
  endfacet
  facet normal -0 0 1
    outer loop
      vertex 36.4529 -64.0442 2.4
      vertex 40 -69.282 2.4
      vertex 36.5985 -63.9983 2.4
    endloop
  endfacet
  facet normal -0 0 1
    outer loop
      vertex 36.3039 -64.0772 2.4
      vertex 40 -69.282 2.4
      vertex 36.4529 -64.0442 2.4
    endloop
  endfacet
  facet normal -0 0 1
    outer loop
      vertex 36.1525 -64.0972 2.4
      vertex 40 -69.282 2.4
      vertex 36.3039 -64.0772 2.4
    endloop
  endfacet
  facet normal -0 0 1
    outer loop
      vertex 36 -64.1038 2.4
      vertex 40 -69.282 2.4
      vertex 36.1525 -64.0972 2.4
    endloop
  endfacet
  facet normal 0 0 1
    outer loop
      vertex 35.8475 -64.0972 2.4
      vertex 40 -69.282 2.4
      vertex 36 -64.1038 2.4
    endloop
  endfacet
  facet normal 0 0 1
    outer loop
      vertex 33.8095 -72.5046 2.4
      vertex 35.8475 -64.0972 2.4
      vertex 35.6961 -64.0772 2.4
    endloop
  endfacet
  facet normal 0 0 1
    outer loop
      vertex 33.8095 -72.5046 2.4
      vertex 35.6961 -64.0772 2.4
      vertex 35.5471 -64.0442 2.4
    endloop
  endfacet
  facet normal 0 0 1
    outer loop
      vertex 33.8095 -72.5046 2.4
      vertex 35.5471 -64.0442 2.4
      vertex 35.4015 -63.9983 2.4
    endloop
  endfacet
  facet normal 0 0 1
    outer loop
      vertex 33.8095 -72.5046 2.4
      vertex 35.4015 -63.9983 2.4
      vertex 35.2604 -63.9399 2.4
    endloop
  endfacet
  facet normal 0 0 1
    outer loop
      vertex 33.8095 -72.5046 2.4
      vertex 35.2604 -63.9399 2.4
      vertex 35.125 -63.8694 2.4
    endloop
  endfacet
  facet normal 0 0 1
    outer loop
      vertex 33.8095 -72.5046 2.4
      vertex 35.125 -63.8694 2.4
      vertex 34.9962 -63.7873 2.4
    endloop
  endfacet
  facet normal 0 0 1
    outer loop
      vertex 33.8095 -72.5046 2.4
      vertex 34.9962 -63.7873 2.4
      vertex 34.8751 -63.6944 2.4
    endloop
  endfacet
  facet normal 0 0 1
    outer loop
      vertex 33.8095 -72.5046 2.4
      vertex 34.8751 -63.6944 2.4
      vertex 34.7626 -63.5913 2.4
    endloop
  endfacet
  facet normal 0 0 1
    outer loop
      vertex 35.8475 -64.0972 2.4
      vertex 33.8095 -72.5046 2.4
      vertex 40 -69.282 2.4
    endloop
  endfacet
  facet normal 0 0 1
    outer loop
      vertex 34.6594 -63.4787 2.4
      vertex 33.8095 -72.5046 2.4
      vertex 34.7626 -63.5913 2.4
    endloop
  endfacet
  facet normal 0 0 1
    outer loop
      vertex 34.5665 -63.3576 2.4
      vertex 33.8095 -72.5046 2.4
      vertex 34.6594 -63.4787 2.4
    endloop
  endfacet
  facet normal 0 0 1
    outer loop
      vertex 34.4845 -63.2288 2.4
      vertex 33.8095 -72.5046 2.4
      vertex 34.5665 -63.3576 2.4
    endloop
  endfacet
  facet normal 0 0 1
    outer loop
      vertex 34.414 -63.0934 2.4
      vertex 33.8095 -72.5046 2.4
      vertex 34.4845 -63.2288 2.4
    endloop
  endfacet
  facet normal 0 0 1
    outer loop
      vertex 34.3555 -62.9524 2.4
      vertex 33.8095 -72.5046 2.4
      vertex 34.414 -63.0934 2.4
    endloop
  endfacet
  facet normal 0 0 1
    outer loop
      vertex 34.3096 -62.8068 2.4
      vertex 33.8095 -72.5046 2.4
      vertex 34.3555 -62.9524 2.4
    endloop
  endfacet
  facet normal 0 0 1
    outer loop
      vertex 34.2766 -62.6577 2.4
      vertex 33.8095 -72.5046 2.4
      vertex 34.3096 -62.8068 2.4
    endloop
  endfacet
  facet normal 0 0 1
    outer loop
      vertex 34.2567 -62.5064 2.4
      vertex 33.8095 -72.5046 2.4
      vertex 34.2766 -62.6577 2.4
    endloop
  endfacet
  facet normal 0 0 1
    outer loop
      vertex 34.2766 -62.0499 2.4
      vertex 30.2117 -59.1785 2.4
      vertex 34.2567 -62.2013 2.4
    endloop
  endfacet
  facet normal 0 0 1
    outer loop
      vertex 37.6904 61.9009 2.4
      vertex 45.8861 65.5322 2.4
      vertex 37.7234 62.0499 2.4
    endloop
  endfacet
  facet normal 0 0 1
    outer loop
      vertex 37.6445 61.7553 2.4
      vertex 45.8861 65.5322 2.4
      vertex 37.6904 61.9009 2.4
    endloop
  endfacet
  facet normal 0 0 1
    outer loop
      vertex 37.586 61.6142 2.4
      vertex 45.8861 65.5322 2.4
      vertex 37.6445 61.7553 2.4
    endloop
  endfacet
  facet normal 0 0 1
    outer loop
      vertex 45.8861 65.5322 2.4
      vertex 37.586 61.6142 2.4
      vertex 39.0973 53.7238 2.4
    endloop
  endfacet
  facet normal -0 0 1
    outer loop
      vertex 37.5155 61.4788 2.4
      vertex 39.0973 53.7238 2.4
      vertex 37.586 61.6142 2.4
    endloop
  endfacet
  facet normal 0 0 1
    outer loop
      vertex 39.0973 53.7238 2.4
      vertex 37.5155 61.4788 2.4
      vertex 39.0126 53.7853 2.4
    endloop
  endfacet
  facet normal -0 0 1
    outer loop
      vertex 37.4335 61.3501 2.4
      vertex 39.0126 53.7853 2.4
      vertex 37.5155 61.4788 2.4
    endloop
  endfacet
  facet normal -0 0 1
    outer loop
      vertex 37.3406 61.229 2.4
      vertex 39.0126 53.7853 2.4
      vertex 37.4335 61.3501 2.4
    endloop
  endfacet
  facet normal -0 0 1
    outer loop
      vertex 37.2374 61.1164 2.4
      vertex 39.0126 53.7853 2.4
      vertex 37.3406 61.229 2.4
    endloop
  endfacet
  facet normal -0 0 1
    outer loop
      vertex 37.1249 61.0133 2.4
      vertex 39.0126 53.7853 2.4
      vertex 37.2374 61.1164 2.4
    endloop
  endfacet
  facet normal 0 0 1
    outer loop
      vertex 36.2321 55.6964 2.4
      vertex 37.1249 61.0133 2.4
      vertex 37.0038 60.9203 2.4
    endloop
  endfacet
  facet normal 0 0 1
    outer loop
      vertex 36.2321 55.6964 2.4
      vertex 37.0038 60.9203 2.4
      vertex 36.875 60.8383 2.4
    endloop
  endfacet
  facet normal 0 0 1
    outer loop
      vertex 36.2321 55.6964 2.4
      vertex 36.875 60.8383 2.4
      vertex 36.7396 60.7678 2.4
    endloop
  endfacet
  facet normal 0 0 1
    outer loop
      vertex 36.2321 55.6964 2.4
      vertex 36.7396 60.7678 2.4
      vertex 36.5985 60.7094 2.4
    endloop
  endfacet
  facet normal 0 0 1
    outer loop
      vertex 36.1443 55.7534 2.4
      vertex 36.5985 60.7094 2.4
      vertex 36.4529 60.6635 2.4
    endloop
  endfacet
  facet normal 0 0 1
    outer loop
      vertex 36.1443 55.7534 2.4
      vertex 36.4529 60.6635 2.4
      vertex 36.3039 60.6304 2.4
    endloop
  endfacet
  facet normal 0 0 1
    outer loop
      vertex 37.1249 61.0133 2.4
      vertex 36.2321 55.6964 2.4
      vertex 39.0126 53.7853 2.4
    endloop
  endfacet
  facet normal 0 0 1
    outer loop
      vertex 36.1443 55.7534 2.4
      vertex 36.3039 60.6304 2.4
      vertex 36.1525 60.6105 2.4
    endloop
  endfacet
  facet normal 0 0 1
    outer loop
      vertex 36.5985 60.7094 2.4
      vertex 36.1443 55.7534 2.4
      vertex 36.2321 55.6964 2.4
    endloop
  endfacet
  facet normal -0 0 1
    outer loop
      vertex 36 60.6038 2.4
      vertex 36.1443 55.7534 2.4
      vertex 36.1525 60.6105 2.4
    endloop
  endfacet
  facet normal 0 0 1
    outer loop
      vertex 35.8475 60.6105 2.4
      vertex 36.1443 55.7534 2.4
      vertex 36 60.6038 2.4
    endloop
  endfacet
  facet normal 0 0 1
    outer loop
      vertex 33.2675 57.5163 2.4
      vertex 35.8475 60.6105 2.4
      vertex 35.6961 60.6304 2.4
    endloop
  endfacet
  facet normal 0 0 1
    outer loop
      vertex 33.2675 57.5163 2.4
      vertex 35.6961 60.6304 2.4
      vertex 35.5471 60.6635 2.4
    endloop
  endfacet
  facet normal 0 0 1
    outer loop
      vertex 33.2675 57.5163 2.4
      vertex 35.5471 60.6635 2.4
      vertex 35.4015 60.7094 2.4
    endloop
  endfacet
  facet normal 0 0 1
    outer loop
      vertex 33.2675 57.5163 2.4
      vertex 35.4015 60.7094 2.4
      vertex 35.2604 60.7678 2.4
    endloop
  endfacet
  facet normal 0 0 1
    outer loop
      vertex 33.2675 57.5163 2.4
      vertex 35.2604 60.7678 2.4
      vertex 35.125 60.8383 2.4
    endloop
  endfacet
  facet normal 0 0 1
    outer loop
      vertex 33.2675 57.5163 2.4
      vertex 35.125 60.8383 2.4
      vertex 34.9962 60.9203 2.4
    endloop
  endfacet
  facet normal 0 0 1
    outer loop
      vertex 33.2675 57.5163 2.4
      vertex 34.9962 60.9203 2.4
      vertex 34.8751 61.0133 2.4
    endloop
  endfacet
  facet normal 0 0 1
    outer loop
      vertex 33.2675 57.5163 2.4
      vertex 34.8751 61.0133 2.4
      vertex 34.7626 61.1164 2.4
    endloop
  endfacet
  facet normal 0 0 1
    outer loop
      vertex 33.2675 57.5163 2.4
      vertex 34.7626 61.1164 2.4
      vertex 34.6594 61.229 2.4
    endloop
  endfacet
  facet normal 0 0 1
    outer loop
      vertex 33.2675 57.5163 2.4
      vertex 34.6594 61.229 2.4
      vertex 34.5665 61.3501 2.4
    endloop
  endfacet
  facet normal 0 0 1
    outer loop
      vertex 33.2675 57.5163 2.4
      vertex 34.5665 61.3501 2.4
      vertex 34.4845 61.4788 2.4
    endloop
  endfacet
  facet normal 0 0 1
    outer loop
      vertex 33.2675 57.5163 2.4
      vertex 34.4845 61.4788 2.4
      vertex 34.414 61.6142 2.4
    endloop
  endfacet
  facet normal 0 0 1
    outer loop
      vertex 33.2675 57.5163 2.4
      vertex 34.414 61.6142 2.4
      vertex 34.3555 61.7553 2.4
    endloop
  endfacet
  facet normal 0 0 1
    outer loop
      vertex 33.2675 57.5163 2.4
      vertex 34.3555 61.7553 2.4
      vertex 34.3096 61.9009 2.4
    endloop
  endfacet
  facet normal 0 0 1
    outer loop
      vertex 35.8475 60.6105 2.4
      vertex 33.2675 57.5163 2.4
      vertex 36.1443 55.7534 2.4
    endloop
  endfacet
  facet normal 0 0 1
    outer loop
      vertex 34.2766 62.0499 2.4
      vertex 33.2675 57.5163 2.4
      vertex 34.3096 61.9009 2.4
    endloop
  endfacet
  facet normal 0 0 1
    outer loop
      vertex 34.2567 62.2013 2.4
      vertex 33.2675 57.5163 2.4
      vertex 34.2766 62.0499 2.4
    endloop
  endfacet
  facet normal 0 0 1
    outer loop
      vertex 34.25 62.3538 2.4
      vertex 33.2675 57.5163 2.4
      vertex 34.2567 62.2013 2.4
    endloop
  endfacet
  facet normal 0 0 1
    outer loop
      vertex 34.2567 62.5064 2.4
      vertex 33.2675 57.5163 2.4
      vertex 34.25 62.3538 2.4
    endloop
  endfacet
  facet normal 0 0 1
    outer loop
      vertex 34.2567 62.5064 2.4
      vertex 33.1768 57.5686 2.4
      vertex 33.2675 57.5163 2.4
    endloop
  endfacet
  facet normal 0 0 1
    outer loop
      vertex 34.2567 62.5064 2.4
      vertex 30.2117 59.1785 2.4
      vertex 33.1768 57.5686 2.4
    endloop
  endfacet
  facet normal 0 0 1
    outer loop
      vertex 34.2567 62.5064 2.4
      vertex 30.1184 59.2261 2.4
      vertex 30.2117 59.1785 2.4
    endloop
  endfacet
  facet normal 0 0 1
    outer loop
      vertex 26.9775 60.7212 2.4
      vertex 33.8095 72.5046 2.4
      vertex 27.3616 75.1754 2.4
    endloop
  endfacet
  facet normal 0 0 1
    outer loop
      vertex 34.2766 62.6577 2.4
      vertex 30.1184 59.2261 2.4
      vertex 34.2567 62.5064 2.4
    endloop
  endfacet
  facet normal 0 -0 1
    outer loop
      vertex 30.1184 59.2261 2.4
      vertex 34.2766 62.6577 2.4
      vertex 27.0732 60.6786 2.4
    endloop
  endfacet
  facet normal 0 0 1
    outer loop
      vertex 27.3616 75.1754 2.4
      vertex 23.8604 62.0123 2.4
      vertex 26.9775 60.7212 2.4
    endloop
  endfacet
  facet normal 0 0 1
    outer loop
      vertex 27.3616 75.1754 2.4
      vertex 23.7626 62.0499 2.4
      vertex 23.8604 62.0123 2.4
    endloop
  endfacet
  facet normal 0 0 1
    outer loop
      vertex 20.4826 63.2085 2.4
      vertex 27.3616 75.1754 2.4
      vertex 20.7055 77.2741 2.4
    endloop
  endfacet
  facet normal 0 0 1
    outer loop
      vertex 27.3616 75.1754 2.4
      vertex 20.5822 63.1761 2.4
      vertex 23.7626 62.0499 2.4
    endloop
  endfacet
  facet normal 0 0 1
    outer loop
      vertex 27.3616 75.1754 2.4
      vertex 20.4826 63.2085 2.4
      vertex 20.5822 63.1761 2.4
    endloop
  endfacet
  facet normal 0 0 1
    outer loop
      vertex 20.7055 77.2741 2.4
      vertex 17.2476 64.1667 2.4
      vertex 20.4826 63.2085 2.4
    endloop
  endfacet
  facet normal -0 0 1
    outer loop
      vertex 17.1465 64.1938 2.4
      vertex 17.2476 64.1667 2.4
      vertex 20.7055 77.2741 2.4
    endloop
  endfacet
  facet normal 0 0 1
    outer loop
      vertex 17.2476 64.1667 2.4
      vertex 17.1465 64.1938 2.4
      vertex 17.1829 64.1829 2.4
    endloop
  endfacet
  facet normal 0 0 1
    outer loop
      vertex 13.8658 64.9814 2.4
      vertex 20.7055 77.2741 2.4
      vertex 13.8919 78.7846 2.4
    endloop
  endfacet
  facet normal 0 0 1
    outer loop
      vertex 20.7055 77.2741 2.4
      vertex 13.8658 64.9814 2.4
      vertex 17.1465 64.1938 2.4
    endloop
  endfacet
  facet normal 0 0 1
    outer loop
      vertex 13.8919 78.7846 2.4
      vertex 13.7633 65.0032 2.4
      vertex 13.8658 64.9814 2.4
    endloop
  endfacet
  facet normal 0 0 1
    outer loop
      vertex 13.8919 78.7846 2.4
      vertex 10.4459 65.6181 2.4
      vertex 13.7633 65.0032 2.4
    endloop
  endfacet
  facet normal 0 0 1
    outer loop
      vertex 13.8919 78.7846 2.4
      vertex 10.3425 65.6345 2.4
      vertex 10.4459 65.6181 2.4
    endloop
  endfacet
  facet normal 0 0 1
    outer loop
      vertex 13.8919 78.7846 2.4
      vertex 6.99738 66.0748 2.4
      vertex 10.3425 65.6345 2.4
    endloop
  endfacet
  facet normal 0 0 1
    outer loop
      vertex 6.97246 79.6956 2.4
      vertex 6.99738 66.0748 2.4
      vertex 13.8919 78.7846 2.4
    endloop
  endfacet
  facet normal 0 0 1
    outer loop
      vertex 6.97246 79.6956 2.4
      vertex 6.89325 66.0858 2.4
      vertex 6.99738 66.0748 2.4
    endloop
  endfacet
  facet normal 0 0 1
    outer loop
      vertex 6.97246 79.6956 2.4
      vertex 3.52971 66.3505 2.4
      vertex 6.89325 66.0858 2.4
    endloop
  endfacet
  facet normal 0 0 1
    outer loop
      vertex 6.97246 79.6956 2.4
      vertex 3.42514 66.356 2.4
      vertex 3.52971 66.3505 2.4
    endloop
  endfacet
  facet normal 0 0 1
    outer loop
      vertex 0 80 2.4
      vertex 3.42514 66.356 2.4
      vertex 6.97246 79.6956 2.4
    endloop
  endfacet
  facet normal 0 0 1
    outer loop
      vertex 3.42514 66.356 2.4
      vertex 0 80 2.4
      vertex 0.0523529 66.4443 2.4
    endloop
  endfacet
  facet normal 0 0 1
    outer loop
      vertex 0 80 2.4
      vertex -0.0523529 66.4443 2.4
      vertex 0.0523529 66.4443 2.4
    endloop
  endfacet
  facet normal 0 0 1
    outer loop
      vertex 0 80 2.4
      vertex -3.42514 66.356 2.4
      vertex -0.0523529 66.4443 2.4
    endloop
  endfacet
  facet normal -0 0 1
    outer loop
      vertex -6.97246 79.6956 2.4
      vertex -3.42514 66.356 2.4
      vertex 0 80 2.4
    endloop
  endfacet
  facet normal 0 0 1
    outer loop
      vertex -3.42514 66.356 2.4
      vertex -6.97246 79.6956 2.4
      vertex -3.52971 66.3505 2.4
    endloop
  endfacet
  facet normal 0 0 1
    outer loop
      vertex -3.52971 66.3505 2.4
      vertex -6.97246 79.6956 2.4
      vertex -6.89325 66.0858 2.4
    endloop
  endfacet
  facet normal 0 0 1
    outer loop
      vertex -6.97246 79.6956 2.4
      vertex -6.99738 66.0748 2.4
      vertex -6.89325 66.0858 2.4
    endloop
  endfacet
  facet normal 0 0 1
    outer loop
      vertex -6.97246 79.6956 2.4
      vertex -10.3425 65.6345 2.4
      vertex -6.99738 66.0748 2.4
    endloop
  endfacet
  facet normal -0 0 1
    outer loop
      vertex -13.8919 78.7846 2.4
      vertex -10.3425 65.6345 2.4
      vertex -6.97246 79.6956 2.4
    endloop
  endfacet
  facet normal 0 0 1
    outer loop
      vertex -10.3425 65.6345 2.4
      vertex -13.8919 78.7846 2.4
      vertex -10.4459 65.6181 2.4
    endloop
  endfacet
  facet normal -0 0 1
    outer loop
      vertex -16.2177 67.3299 2.4
      vertex -10.4459 65.6181 2.4
      vertex -13.8919 78.7846 2.4
    endloop
  endfacet
  facet normal 0 0 1
    outer loop
      vertex -15.4579 65.8703 2.4
      vertex -13.7633 65.0032 2.4
      vertex -10.4459 65.6181 2.4
    endloop
  endfacet
  facet normal 0 0 1
    outer loop
      vertex -15.4579 65.8703 2.4
      vertex -13.8658 64.9814 2.4
      vertex -13.7633 65.0032 2.4
    endloop
  endfacet
  facet normal -0 0 1
    outer loop
      vertex -15.4579 65.4956 2.4
      vertex -13.8658 64.9814 2.4
      vertex -15.4497 65.683 2.4
    endloop
  endfacet
  facet normal -0 0 1
    outer loop
      vertex -15.4824 65.3096 2.4
      vertex -13.8658 64.9814 2.4
      vertex -15.4579 65.4956 2.4
    endloop
  endfacet
  facet normal -0 0 1
    outer loop
      vertex -15.523 65.1265 2.4
      vertex -13.8658 64.9814 2.4
      vertex -15.4824 65.3096 2.4
    endloop
  endfacet
  facet normal 0 0 1
    outer loop
      vertex -15.5794 64.9476 2.4
      vertex -13.8658 64.9814 2.4
      vertex -15.523 65.1265 2.4
    endloop
  endfacet
  facet normal 0 0 1
    outer loop
      vertex -15.6511 64.7743 2.4
      vertex -13.8658 64.9814 2.4
      vertex -15.5794 64.9476 2.4
    endloop
  endfacet
  facet normal 0 0 1
    outer loop
      vertex -15.7377 64.608 2.4
      vertex -13.8658 64.9814 2.4
      vertex -15.6511 64.7743 2.4
    endloop
  endfacet
  facet normal 0 0 1
    outer loop
      vertex -13.8658 64.9814 2.4
      vertex -15.7377 64.608 2.4
      vertex -15.7948 64.5183 2.4
    endloop
  endfacet
  facet normal -0 0 1
    outer loop
      vertex 73.4335 1.00376 2.4
      vertex 80 0 2.4
      vertex 79.6956 6.97246 2.4
    endloop
  endfacet
  facet normal -0 0 1
    outer loop
      vertex 65.6345 10.3425 2.4
      vertex 79.6956 6.97246 2.4
      vertex 78.7846 13.8919 2.4
    endloop
  endfacet
  facet normal 0 0 1
    outer loop
      vertex 80 0 2.4
      vertex 73.6904 0.452933 2.4
      vertex 73.7234 0.303884 2.4
    endloop
  endfacet
  facet normal 0 0 1
    outer loop
      vertex 67.8248 17.4123 2.4
      vertex 77.2741 20.7055 2.4
      vertex 67.833 17.5997 2.4
    endloop
  endfacet
  facet normal 0 0 1
    outer loop
      vertex 73.7433 -0.152522 2.4
      vertex 80 0 2.4
      vertex 73.75 0 2.4
    endloop
  endfacet
  facet normal 0 0 1
    outer loop
      vertex 67.833 17.5997 2.4
      vertex 77.2741 20.7055 2.4
      vertex 75.1754 27.3616 2.4
    endloop
  endfacet
  facet normal 0 0 1
    outer loop
      vertex 73.7234 -0.303884 2.4
      vertex 80 0 2.4
      vertex 73.7433 -0.152522 2.4
    endloop
  endfacet
  facet normal 0 0 1
    outer loop
      vertex 73.6445 -0.598535 2.4
      vertex 80 0 2.4
      vertex 73.6904 -0.452933 2.4
    endloop
  endfacet
  facet normal 0 0 1
    outer loop
      vertex 73.6904 -0.452933 2.4
      vertex 80 0 2.4
      vertex 73.7234 -0.303884 2.4
    endloop
  endfacet
  facet normal 0 0 1
    outer loop
      vertex 80 0 2.4
      vertex 73.7433 0.152522 2.4
      vertex 73.75 0 2.4
    endloop
  endfacet
  facet normal 0 0 1
    outer loop
      vertex 80 0 2.4
      vertex 73.7234 0.303884 2.4
      vertex 73.7433 0.152522 2.4
    endloop
  endfacet
  facet normal 0 0 1
    outer loop
      vertex 80 0 2.4
      vertex 73.6445 0.598535 2.4
      vertex 73.6904 0.452933 2.4
    endloop
  endfacet
  facet normal 0 0 1
    outer loop
      vertex 80 0 2.4
      vertex 73.586 0.739581 2.4
      vertex 73.6445 0.598535 2.4
    endloop
  endfacet
  facet normal 0 0 1
    outer loop
      vertex 80 0 2.4
      vertex 73.5155 0.875 2.4
      vertex 73.586 0.739581 2.4
    endloop
  endfacet
  facet normal 0 0 1
    outer loop
      vertex 80 0 2.4
      vertex 73.4335 1.00376 2.4
      vertex 73.5155 0.875 2.4
    endloop
  endfacet
  facet normal 0 0 1
    outer loop
      vertex 79.6956 6.97246 2.4
      vertex 73.3406 1.12488 2.4
      vertex 73.4335 1.00376 2.4
    endloop
  endfacet
  facet normal 0 0 1
    outer loop
      vertex 79.6956 6.97246 2.4
      vertex 73.2374 1.23744 2.4
      vertex 73.3406 1.12488 2.4
    endloop
  endfacet
  facet normal 0 0 1
    outer loop
      vertex 79.6956 6.97246 2.4
      vertex 73.1249 1.34058 2.4
      vertex 73.2374 1.23744 2.4
    endloop
  endfacet
  facet normal 0 0 1
    outer loop
      vertex 67.8003 17.2264 2.4
      vertex 77.2741 20.7055 2.4
      vertex 67.8248 17.4123 2.4
    endloop
  endfacet
  facet normal 0 0 1
    outer loop
      vertex 79.6956 6.97246 2.4
      vertex 73.0038 1.43352 2.4
      vertex 73.1249 1.34058 2.4
    endloop
  endfacet
  facet normal 0 0 1
    outer loop
      vertex 79.6956 6.97246 2.4
      vertex 72.875 1.51554 2.4
      vertex 73.0038 1.43352 2.4
    endloop
  endfacet
  facet normal 0 0 1
    outer loop
      vertex 79.6956 6.97246 2.4
      vertex 72.7396 1.58604 2.4
      vertex 72.875 1.51554 2.4
    endloop
  endfacet
  facet normal 0 0 1
    outer loop
      vertex 67.833 17.5997 2.4
      vertex 75.1754 27.3616 2.4
      vertex 72.5046 33.8095 2.4
    endloop
  endfacet
  facet normal 0 0 1
    outer loop
      vertex 79.6956 6.97246 2.4
      vertex 72.5985 1.64446 2.4
      vertex 72.7396 1.58604 2.4
    endloop
  endfacet
  facet normal 0 0 1
    outer loop
      vertex 79.6956 6.97246 2.4
      vertex 72.4529 1.69037 2.4
      vertex 72.5985 1.64446 2.4
    endloop
  endfacet
  facet normal 0 0 1
    outer loop
      vertex 79.6956 6.97246 2.4
      vertex 72.3039 1.72341 2.4
      vertex 72.4529 1.69037 2.4
    endloop
  endfacet
  facet normal 0 0 1
    outer loop
      vertex 79.6956 6.97246 2.4
      vertex 72.1525 1.74334 2.4
      vertex 72.3039 1.72341 2.4
    endloop
  endfacet
  facet normal -0 -0 1
    outer loop
      vertex 66.0748 6.99738 2.4
      vertex 79.6956 6.97246 2.4
      vertex 65.6345 10.3425 2.4
    endloop
  endfacet
  facet normal -0 0 1
    outer loop
      vertex 67.7033 16.8644 2.4
      vertex 78.7846 13.8919 2.4
      vertex 67.7597 17.0432 2.4
    endloop
  endfacet
  facet normal 0 0 1
    outer loop
      vertex 77.2741 20.7055 2.4
      vertex 67.8003 17.2264 2.4
      vertex 78.7846 13.8919 2.4
    endloop
  endfacet
  facet normal -0 0 1
    outer loop
      vertex 67.7597 17.0432 2.4
      vertex 78.7846 13.8919 2.4
      vertex 67.8003 17.2264 2.4
    endloop
  endfacet
  facet normal -0 0 1
    outer loop
      vertex 67.6315 16.6911 2.4
      vertex 78.7846 13.8919 2.4
      vertex 67.7033 16.8644 2.4
    endloop
  endfacet
  facet normal -0 0 1
    outer loop
      vertex 67.5449 16.5247 2.4
      vertex 78.7846 13.8919 2.4
      vertex 67.6315 16.6911 2.4
    endloop
  endfacet
  facet normal -0 0 1
    outer loop
      vertex 67.4441 16.3665 2.4
      vertex 78.7846 13.8919 2.4
      vertex 67.5449 16.5247 2.4
    endloop
  endfacet
  facet normal -0 0 1
    outer loop
      vertex 67.3299 16.2177 2.4
      vertex 78.7846 13.8919 2.4
      vertex 67.4441 16.3665 2.4
    endloop
  endfacet
  facet normal 0 0 1
    outer loop
      vertex 65.6345 10.3425 2.4
      vertex 67.3299 16.2177 2.4
      vertex 67.2032 16.0794 2.4
    endloop
  endfacet
  facet normal 0 0 1
    outer loop
      vertex 65.6345 10.3425 2.4
      vertex 67.2032 16.0794 2.4
      vertex 67.0649 15.9527 2.4
    endloop
  endfacet
  facet normal 0 0 1
    outer loop
      vertex 67.3299 16.2177 2.4
      vertex 65.6345 10.3425 2.4
      vertex 78.7846 13.8919 2.4
    endloop
  endfacet
  facet normal 0 0 1
    outer loop
      vertex 65.6345 10.3425 2.4
      vertex 67.0649 15.9527 2.4
      vertex 66.9161 15.8385 2.4
    endloop
  endfacet
  facet normal 0 0 1
    outer loop
      vertex 79.6956 6.97246 2.4
      vertex 66.0748 6.99738 2.4
      vertex 72.1525 1.74334 2.4
    endloop
  endfacet
  facet normal 0 0 1
    outer loop
      vertex 65.6345 10.3425 2.4
      vertex 66.9161 15.8385 2.4
      vertex 66.758 15.7377 2.4
    endloop
  endfacet
  facet normal 0 0 1
    outer loop
      vertex 72.1525 1.74334 2.4
      vertex 66.0748 6.99738 2.4
      vertex 72 1.75 2.4
    endloop
  endfacet
  facet normal 0 0 1
    outer loop
      vertex 65.6345 10.3425 2.4
      vertex 66.758 15.7377 2.4
      vertex 66.5916 15.6511 2.4
    endloop
  endfacet
  facet normal -0 -0 1
    outer loop
      vertex 66.0858 6.89325 2.4
      vertex 72 1.75 2.4
      vertex 66.0748 6.99738 2.4
    endloop
  endfacet
  facet normal 0 0 1
    outer loop
      vertex 65.6345 10.3425 2.4
      vertex 66.5916 15.6511 2.4
      vertex 66.4183 15.5794 2.4
    endloop
  endfacet
  facet normal 0 0 1
    outer loop
      vertex 67.833 17.5997 2.4
      vertex 72.5046 33.8095 2.4
      vertex 69.282 40 2.4
    endloop
  endfacet
  facet normal 0 0 1
    outer loop
      vertex 73.586 -0.739581 2.4
      vertex 80 0 2.4
      vertex 73.6445 -0.598535 2.4
    endloop
  endfacet
  facet normal 0 0 1
    outer loop
      vertex 73.5155 -0.875 2.4
      vertex 80 0 2.4
      vertex 73.586 -0.739581 2.4
    endloop
  endfacet
  facet normal 0 0 1
    outer loop
      vertex 73.4335 -1.00376 2.4
      vertex 80 0 2.4
      vertex 73.5155 -0.875 2.4
    endloop
  endfacet
  facet normal 0 0 1
    outer loop
      vertex 80 0 2.4
      vertex 73.4335 -1.00376 2.4
      vertex 79.6956 -6.97246 2.4
    endloop
  endfacet
  facet normal -0 0 1
    outer loop
      vertex 73.3406 -1.12488 2.4
      vertex 79.6956 -6.97246 2.4
      vertex 73.4335 -1.00376 2.4
    endloop
  endfacet
  facet normal -0 0 1
    outer loop
      vertex 73.2374 -1.23744 2.4
      vertex 79.6956 -6.97246 2.4
      vertex 73.3406 -1.12488 2.4
    endloop
  endfacet
  facet normal -0 0 1
    outer loop
      vertex 73.1249 -1.34058 2.4
      vertex 79.6956 -6.97246 2.4
      vertex 73.2374 -1.23744 2.4
    endloop
  endfacet
  facet normal -0 0 1
    outer loop
      vertex 73.0038 -1.43352 2.4
      vertex 79.6956 -6.97246 2.4
      vertex 73.1249 -1.34058 2.4
    endloop
  endfacet
  facet normal -0 0 1
    outer loop
      vertex 72.875 -1.51554 2.4
      vertex 79.6956 -6.97246 2.4
      vertex 73.0038 -1.43352 2.4
    endloop
  endfacet
  facet normal -0 0 1
    outer loop
      vertex 72.7396 -1.58604 2.4
      vertex 79.6956 -6.97246 2.4
      vertex 72.875 -1.51554 2.4
    endloop
  endfacet
  facet normal -0 0 1
    outer loop
      vertex 72.5985 -1.64446 2.4
      vertex 79.6956 -6.97246 2.4
      vertex 72.7396 -1.58604 2.4
    endloop
  endfacet
  facet normal -0 0 1
    outer loop
      vertex 72.4529 -1.69037 2.4
      vertex 79.6956 -6.97246 2.4
      vertex 72.5985 -1.64446 2.4
    endloop
  endfacet
  facet normal -0 0 1
    outer loop
      vertex 72.3039 -1.72341 2.4
      vertex 79.6956 -6.97246 2.4
      vertex 72.4529 -1.69037 2.4
    endloop
  endfacet
  facet normal -0 0 1
    outer loop
      vertex 72.1525 -1.74334 2.4
      vertex 79.6956 -6.97246 2.4
      vertex 72.3039 -1.72341 2.4
    endloop
  endfacet
  facet normal 0 0 1
    outer loop
      vertex 79.6956 -6.97246 2.4
      vertex 72.1525 -1.74334 2.4
      vertex 78.7846 -13.8919 2.4
    endloop
  endfacet
  facet normal -0 0 1
    outer loop
      vertex 72 -1.75 2.4
      vertex 78.7846 -13.8919 2.4
      vertex 72.1525 -1.74334 2.4
    endloop
  endfacet
  facet normal 0 0 1
    outer loop
      vertex 71.8475 -1.74334 2.4
      vertex 78.7846 -13.8919 2.4
      vertex 72 -1.75 2.4
    endloop
  endfacet
  facet normal 0 0 1
    outer loop
      vertex 71.6961 -1.72341 2.4
      vertex 78.7846 -13.8919 2.4
      vertex 71.8475 -1.74334 2.4
    endloop
  endfacet
  facet normal 0 0 1
    outer loop
      vertex 71.5471 -1.69037 2.4
      vertex 78.7846 -13.8919 2.4
      vertex 71.6961 -1.72341 2.4
    endloop
  endfacet
  facet normal 0 0 1
    outer loop
      vertex 71.4015 -1.64446 2.4
      vertex 78.7846 -13.8919 2.4
      vertex 71.5471 -1.69037 2.4
    endloop
  endfacet
  facet normal 0 0 1
    outer loop
      vertex 71.2604 -1.58604 2.4
      vertex 78.7846 -13.8919 2.4
      vertex 71.4015 -1.64446 2.4
    endloop
  endfacet
  facet normal 0 0 1
    outer loop
      vertex 71.125 -1.51554 2.4
      vertex 78.7846 -13.8919 2.4
      vertex 71.2604 -1.58604 2.4
    endloop
  endfacet
  facet normal 0 0 1
    outer loop
      vertex 78.7846 -13.8919 2.4
      vertex 71.125 -1.51554 2.4
      vertex 77.2741 -20.7055 2.4
    endloop
  endfacet
  facet normal 0 0 1
    outer loop
      vertex 70.9962 -1.43352 2.4
      vertex 77.2741 -20.7055 2.4
      vertex 71.125 -1.51554 2.4
    endloop
  endfacet
  facet normal 0 0 1
    outer loop
      vertex 70.8751 -1.34058 2.4
      vertex 77.2741 -20.7055 2.4
      vertex 70.9962 -1.43352 2.4
    endloop
  endfacet
  facet normal 0 0 1
    outer loop
      vertex 70.7626 -1.23744 2.4
      vertex 77.2741 -20.7055 2.4
      vertex 70.8751 -1.34058 2.4
    endloop
  endfacet
  facet normal 0 0 1
    outer loop
      vertex 77.2741 -20.7055 2.4
      vertex 70.7626 -1.23744 2.4
      vertex 75.1754 -27.3616 2.4
    endloop
  endfacet
  facet normal 0 0 1
    outer loop
      vertex 70.6594 -1.12488 2.4
      vertex 75.1754 -27.3616 2.4
      vertex 70.7626 -1.23744 2.4
    endloop
  endfacet
  facet normal 0 0 1
    outer loop
      vertex 70.5665 -1.00376 2.4
      vertex 75.1754 -27.3616 2.4
      vertex 70.6594 -1.12488 2.4
    endloop
  endfacet
  facet normal 0 0 1
    outer loop
      vertex 75.1754 -27.3616 2.4
      vertex 70.5665 -1.00376 2.4
      vertex 72.5046 -33.8095 2.4
    endloop
  endfacet
  facet normal 0 0 1
    outer loop
      vertex 70.4845 -0.875 2.4
      vertex 72.5046 -33.8095 2.4
      vertex 70.5665 -1.00376 2.4
    endloop
  endfacet
  facet normal 0 0 1
    outer loop
      vertex 69.282 -40 2.4
      vertex 70.4845 -0.875 2.4
      vertex 70.414 -0.739581 2.4
    endloop
  endfacet
  facet normal 0 0 1
    outer loop
      vertex 69.282 -40 2.4
      vertex 70.414 -0.739581 2.4
      vertex 70.3555 -0.598535 2.4
    endloop
  endfacet
  facet normal 0 0 1
    outer loop
      vertex 69.282 -40 2.4
      vertex 70.3555 -0.598535 2.4
      vertex 70.3096 -0.452933 2.4
    endloop
  endfacet
  facet normal 0 0 1
    outer loop
      vertex 69.282 -40 2.4
      vertex 70.3096 -0.452933 2.4
      vertex 70.2766 -0.303884 2.4
    endloop
  endfacet
  facet normal 0 0 1
    outer loop
      vertex 69.282 -40 2.4
      vertex 70.2766 -0.303884 2.4
      vertex 70.2567 -0.152522 2.4
    endloop
  endfacet
  facet normal 0 0 1
    outer loop
      vertex 70.4845 -0.875 2.4
      vertex 69.282 -40 2.4
      vertex 72.5046 -33.8095 2.4
    endloop
  endfacet
  facet normal 0 0 1
    outer loop
      vertex 71.8475 1.74334 2.4
      vertex 66.0858 6.89325 2.4
      vertex 71.6961 1.72341 2.4
    endloop
  endfacet
  facet normal 0 0 1
    outer loop
      vertex 72 1.75 2.4
      vertex 66.0858 6.89325 2.4
      vertex 71.8475 1.74334 2.4
    endloop
  endfacet
  facet normal 0 0 1
    outer loop
      vertex 71.6961 1.72341 2.4
      vertex 66.0858 6.89325 2.4
      vertex 71.5471 1.69037 2.4
    endloop
  endfacet
  facet normal 0 0 1
    outer loop
      vertex 69.282 40 2.4
      vertex 67.8248 17.7871 2.4
      vertex 67.833 17.5997 2.4
    endloop
  endfacet
  facet normal 0 0 1
    outer loop
      vertex 69.282 40 2.4
      vertex 67.8003 17.973 2.4
      vertex 67.8248 17.7871 2.4
    endloop
  endfacet
  facet normal 0 0 1
    outer loop
      vertex 69.282 40 2.4
      vertex 67.7597 18.1562 2.4
      vertex 67.8003 17.973 2.4
    endloop
  endfacet
  facet normal 0 0 1
    outer loop
      vertex 69.282 40 2.4
      vertex 67.7033 18.335 2.4
      vertex 67.7597 18.1562 2.4
    endloop
  endfacet
  facet normal 0 0 1
    outer loop
      vertex 69.282 40 2.4
      vertex 67.6315 18.5083 2.4
      vertex 67.7033 18.335 2.4
    endloop
  endfacet
  facet normal 0 0 1
    outer loop
      vertex 69.282 40 2.4
      vertex 67.5449 18.6747 2.4
      vertex 67.6315 18.5083 2.4
    endloop
  endfacet
  facet normal 0 0 1
    outer loop
      vertex 69.282 40 2.4
      vertex 67.4441 18.8329 2.4
      vertex 67.5449 18.6747 2.4
    endloop
  endfacet
  facet normal 0 0 1
    outer loop
      vertex 69.282 40 2.4
      vertex 67.3299 18.9817 2.4
      vertex 67.4441 18.8329 2.4
    endloop
  endfacet
  facet normal 0 0 1
    outer loop
      vertex 69.282 40 2.4
      vertex 67.2032 19.12 2.4
      vertex 67.3299 18.9817 2.4
    endloop
  endfacet
  facet normal 0 0 1
    outer loop
      vertex 69.282 40 2.4
      vertex 67.0649 19.2467 2.4
      vertex 67.2032 19.12 2.4
    endloop
  endfacet
  facet normal 0 0 1
    outer loop
      vertex 69.282 40 2.4
      vertex 66.9161 19.3609 2.4
      vertex 67.0649 19.2467 2.4
    endloop
  endfacet
  facet normal 0 0 1
    outer loop
      vertex 69.282 40 2.4
      vertex 66.758 19.4616 2.4
      vertex 66.9161 19.3609 2.4
    endloop
  endfacet
  facet normal 0 0 1
    outer loop
      vertex 69.282 40 2.4
      vertex 66.5916 19.5483 2.4
      vertex 66.758 19.4616 2.4
    endloop
  endfacet
  facet normal -0 0 1
    outer loop
      vertex 62.0123 23.8604 2.4
      vertex 66.5916 19.5483 2.4
      vertex 69.282 40 2.4
    endloop
  endfacet
  facet normal 0 0 1
    outer loop
      vertex 66.5916 19.5483 2.4
      vertex 62.0123 23.8604 2.4
      vertex 66.4183 19.62 2.4
    endloop
  endfacet
  facet normal -0 -0 1
    outer loop
      vertex 62.0499 23.7626 2.4
      vertex 66.4183 19.62 2.4
      vertex 62.0123 23.8604 2.4
    endloop
  endfacet
  facet normal 0 0 1
    outer loop
      vertex 66.4183 19.62 2.4
      vertex 62.0499 23.7626 2.4
      vertex 66.2394 19.6764 2.4
    endloop
  endfacet
  facet normal 0 0 1
    outer loop
      vertex 66.2394 19.6764 2.4
      vertex 62.0499 23.7626 2.4
      vertex 66.0563 19.717 2.4
    endloop
  endfacet
  facet normal 0 0 1
    outer loop
      vertex 55.7534 36.1443 2.4
      vertex 69.282 40 2.4
      vertex 65.5322 45.8861 2.4
    endloop
  endfacet
  facet normal 0 -0 1
    outer loop
      vertex 62.0123 23.8604 2.4
      vertex 69.282 40 2.4
      vertex 60.7212 26.9775 2.4
    endloop
  endfacet
  facet normal 0 0 1
    outer loop
      vertex 66.0563 19.717 2.4
      vertex 62.0499 23.7626 2.4
      vertex 65.8703 19.7415 2.4
    endloop
  endfacet
  facet normal 0 0 1
    outer loop
      vertex 65.8703 19.7415 2.4
      vertex 62.0499 23.7626 2.4
      vertex 65.683 19.7497 2.4
    endloop
  endfacet
  facet normal 0 0 1
    outer loop
      vertex 65.683 19.7497 2.4
      vertex 62.0499 23.7626 2.4
      vertex 65.4956 19.7415 2.4
    endloop
  endfacet
  facet normal 0 0 1
    outer loop
      vertex 65.4956 19.7415 2.4
      vertex 63.1761 20.5822 2.4
      vertex 65.3096 19.717 2.4
    endloop
  endfacet
  facet normal 0 0 1
    outer loop
      vertex 65.3096 19.717 2.4
      vertex 63.1761 20.5822 2.4
      vertex 65.1265 19.6764 2.4
    endloop
  endfacet
  facet normal 0 0 1
    outer loop
      vertex 65.1265 19.6764 2.4
      vertex 63.1761 20.5822 2.4
      vertex 64.9476 19.62 2.4
    endloop
  endfacet
  facet normal -0 -0 1
    outer loop
      vertex 63.2085 20.4826 2.4
      vertex 64.9476 19.62 2.4
      vertex 63.1761 20.5822 2.4
    endloop
  endfacet
  facet normal 0 0 1
    outer loop
      vertex 64.7743 19.5483 2.4
      vertex 63.2085 20.4826 2.4
      vertex 64.608 19.4616 2.4
    endloop
  endfacet
  facet normal 0 0 1
    outer loop
      vertex 64.608 19.4616 2.4
      vertex 63.2085 20.4826 2.4
      vertex 64.4498 19.3609 2.4
    endloop
  endfacet
  facet normal 0 0 1
    outer loop
      vertex 64.4498 19.3609 2.4
      vertex 63.2085 20.4826 2.4
      vertex 64.301 19.2467 2.4
    endloop
  endfacet
  facet normal 0 0 1
    outer loop
      vertex 64.1627 19.12 2.4
      vertex 63.2085 20.4826 2.4
      vertex 64.036 18.9817 2.4
    endloop
  endfacet
  facet normal 0 0 1
    outer loop
      vertex 63.9218 18.8329 2.4
      vertex 63.2085 20.4826 2.4
      vertex 63.821 18.6747 2.4
    endloop
  endfacet
  facet normal 0 0 1
    outer loop
      vertex 63.821 18.6747 2.4
      vertex 63.2085 20.4826 2.4
      vertex 63.7719 18.5804 2.4
    endloop
  endfacet
  facet normal 0 0 1
    outer loop
      vertex 64.036 18.9817 2.4
      vertex 63.2085 20.4826 2.4
      vertex 63.9218 18.8329 2.4
    endloop
  endfacet
  facet normal 0 0 1
    outer loop
      vertex 64.301 19.2467 2.4
      vertex 63.2085 20.4826 2.4
      vertex 64.1627 19.12 2.4
    endloop
  endfacet
  facet normal 0 0 1
    outer loop
      vertex 64.9476 19.62 2.4
      vertex 63.2085 20.4826 2.4
      vertex 64.7743 19.5483 2.4
    endloop
  endfacet
  facet normal 0 0 1
    outer loop
      vertex 53.7238 39.0973 2.4
      vertex 65.5322 45.8861 2.4
      vertex 61.2836 51.423 2.4
    endloop
  endfacet
  facet normal -0 -0 1
    outer loop
      vertex 63.1761 20.5822 2.4
      vertex 65.4956 19.7415 2.4
      vertex 62.0499 23.7626 2.4
    endloop
  endfacet
  facet normal 0 0 1
    outer loop
      vertex 69.282 40 2.4
      vertex 60.6786 27.0732 2.4
      vertex 60.7212 26.9775 2.4
    endloop
  endfacet
  facet normal 0 0 1
    outer loop
      vertex 69.282 40 2.4
      vertex 59.2261 30.1184 2.4
      vertex 60.6786 27.0732 2.4
    endloop
  endfacet
  facet normal 0 0 1
    outer loop
      vertex 69.282 40 2.4
      vertex 59.1785 30.2117 2.4
      vertex 59.2261 30.1184 2.4
    endloop
  endfacet
  facet normal 0 0 1
    outer loop
      vertex 69.282 40 2.4
      vertex 57.5686 33.1768 2.4
      vertex 59.1785 30.2117 2.4
    endloop
  endfacet
  facet normal 0 0 1
    outer loop
      vertex 69.282 40 2.4
      vertex 57.5163 33.2675 2.4
      vertex 57.5686 33.1768 2.4
    endloop
  endfacet
  facet normal 0 0 1
    outer loop
      vertex 49.3427 44.4988 2.4
      vertex 61.2836 51.423 2.4
      vertex 56.5685 56.5685 2.4
    endloop
  endfacet
  facet normal 0 0 1
    outer loop
      vertex 69.282 40 2.4
      vertex 55.7534 36.1443 2.4
      vertex 57.5163 33.2675 2.4
    endloop
  endfacet
  facet normal 0 0 1
    outer loop
      vertex 65.5322 45.8861 2.4
      vertex 55.6964 36.2321 2.4
      vertex 55.7534 36.1443 2.4
    endloop
  endfacet
  facet normal 0 0 1
    outer loop
      vertex 65.5322 45.8861 2.4
      vertex 53.7853 39.0126 2.4
      vertex 55.6964 36.2321 2.4
    endloop
  endfacet
  facet normal 0 0 1
    outer loop
      vertex 65.5322 45.8861 2.4
      vertex 53.7238 39.0973 2.4
      vertex 53.7853 39.0126 2.4
    endloop
  endfacet
  facet normal 0 0 1
    outer loop
      vertex 61.2836 51.423 2.4
      vertex 51.6699 41.7741 2.4
      vertex 53.7238 39.0973 2.4
    endloop
  endfacet
  facet normal 0 0 1
    outer loop
      vertex 61.2836 51.423 2.4
      vertex 51.604 41.8554 2.4
      vertex 51.6699 41.7741 2.4
    endloop
  endfacet
  facet normal 0 0 1
    outer loop
      vertex 44.4988 49.3427 2.4
      vertex 56.5685 56.5685 2.4
      vertex 51.423 61.2836 2.4
    endloop
  endfacet
  facet normal 0 0 1
    outer loop
      vertex 61.2836 51.423 2.4
      vertex 49.4128 44.421 2.4
      vertex 51.604 41.8554 2.4
    endloop
  endfacet
  facet normal 0 0 1
    outer loop
      vertex 61.2836 51.423 2.4
      vertex 49.3427 44.4988 2.4
      vertex 49.4128 44.421 2.4
    endloop
  endfacet
  facet normal 0 0 1
    outer loop
      vertex 56.5685 56.5685 2.4
      vertex 47.0202 46.9462 2.4
      vertex 49.3427 44.4988 2.4
    endloop
  endfacet
  facet normal 0 0 1
    outer loop
      vertex 56.5685 56.5685 2.4
      vertex 46.9462 47.0202 2.4
      vertex 47.0202 46.9462 2.4
    endloop
  endfacet
  facet normal 0 0 1
    outer loop
      vertex 47.0202 46.9462 2.4
      vertex 46.9462 47.0202 2.4
      vertex 46.9722 46.9926 2.4
    endloop
  endfacet
  facet normal 0 0 1
    outer loop
      vertex 41.7741 51.6699 2.4
      vertex 51.423 61.2836 2.4
      vertex 45.8861 65.5322 2.4
    endloop
  endfacet
  facet normal 0 0 1
    outer loop
      vertex 56.5685 56.5685 2.4
      vertex 44.4988 49.3427 2.4
      vertex 46.9462 47.0202 2.4
    endloop
  endfacet
  facet normal 0 0 1
    outer loop
      vertex 51.423 61.2836 2.4
      vertex 44.421 49.4128 2.4
      vertex 44.4988 49.3427 2.4
    endloop
  endfacet
  facet normal 0 0 1
    outer loop
      vertex 51.423 61.2836 2.4
      vertex 41.8554 51.604 2.4
      vertex 44.421 49.4128 2.4
    endloop
  endfacet
  facet normal 0 0 1
    outer loop
      vertex 51.423 61.2836 2.4
      vertex 41.7741 51.6699 2.4
      vertex 41.8554 51.604 2.4
    endloop
  endfacet
  facet normal 0 0 1
    outer loop
      vertex 37.586 63.0934 2.4
      vertex 45.8861 65.5322 2.4
      vertex 40 69.282 2.4
    endloop
  endfacet
  facet normal 0 0 1
    outer loop
      vertex 37.7433 62.2013 2.4
      vertex 45.8861 65.5322 2.4
      vertex 37.75 62.3538 2.4
    endloop
  endfacet
  facet normal 0 0 1
    outer loop
      vertex 45.8861 65.5322 2.4
      vertex 39.0973 53.7238 2.4
      vertex 41.7741 51.6699 2.4
    endloop
  endfacet
  facet normal 0 0 1
    outer loop
      vertex 37.7234 62.0499 2.4
      vertex 45.8861 65.5322 2.4
      vertex 37.7433 62.2013 2.4
    endloop
  endfacet
  facet normal 0 0 1
    outer loop
      vertex 45.8861 65.5322 2.4
      vertex 37.7433 62.5064 2.4
      vertex 37.75 62.3538 2.4
    endloop
  endfacet
  facet normal 0 0 1
    outer loop
      vertex 45.8861 65.5322 2.4
      vertex 37.7234 62.6577 2.4
      vertex 37.7433 62.5064 2.4
    endloop
  endfacet
  facet normal 0 0 1
    outer loop
      vertex 45.8861 65.5322 2.4
      vertex 37.6904 62.8068 2.4
      vertex 37.7234 62.6577 2.4
    endloop
  endfacet
  facet normal 0 0 1
    outer loop
      vertex 45.8861 65.5322 2.4
      vertex 37.6445 62.9524 2.4
      vertex 37.6904 62.8068 2.4
    endloop
  endfacet
  facet normal 0 0 1
    outer loop
      vertex 45.8861 65.5322 2.4
      vertex 37.586 63.0934 2.4
      vertex 37.6445 62.9524 2.4
    endloop
  endfacet
  facet normal 0 0 1
    outer loop
      vertex 40 69.282 2.4
      vertex 37.5155 63.2288 2.4
      vertex 37.586 63.0934 2.4
    endloop
  endfacet
  facet normal 0 0 1
    outer loop
      vertex 40 69.282 2.4
      vertex 37.4335 63.3576 2.4
      vertex 37.5155 63.2288 2.4
    endloop
  endfacet
  facet normal 0 0 1
    outer loop
      vertex 40 69.282 2.4
      vertex 37.3406 63.4787 2.4
      vertex 37.4335 63.3576 2.4
    endloop
  endfacet
  facet normal 0 0 1
    outer loop
      vertex 40 69.282 2.4
      vertex 37.2374 63.5913 2.4
      vertex 37.3406 63.4787 2.4
    endloop
  endfacet
  facet normal 0 0 1
    outer loop
      vertex 40 69.282 2.4
      vertex 37.1249 63.6944 2.4
      vertex 37.2374 63.5913 2.4
    endloop
  endfacet
  facet normal 0 0 1
    outer loop
      vertex 40 69.282 2.4
      vertex 37.0038 63.7873 2.4
      vertex 37.1249 63.6944 2.4
    endloop
  endfacet
  facet normal 0 0 1
    outer loop
      vertex 40 69.282 2.4
      vertex 36.875 63.8694 2.4
      vertex 37.0038 63.7873 2.4
    endloop
  endfacet
  facet normal 0 0 1
    outer loop
      vertex 40 69.282 2.4
      vertex 36.7396 63.9399 2.4
      vertex 36.875 63.8694 2.4
    endloop
  endfacet
  facet normal 0 0 1
    outer loop
      vertex 40 69.282 2.4
      vertex 36.5985 63.9983 2.4
      vertex 36.7396 63.9399 2.4
    endloop
  endfacet
  facet normal 0 0 1
    outer loop
      vertex 40 69.282 2.4
      vertex 36.4529 64.0442 2.4
      vertex 36.5985 63.9983 2.4
    endloop
  endfacet
  facet normal 0 0 1
    outer loop
      vertex 40 69.282 2.4
      vertex 36.3039 64.0772 2.4
      vertex 36.4529 64.0442 2.4
    endloop
  endfacet
  facet normal 0 0 1
    outer loop
      vertex 40 69.282 2.4
      vertex 36.1525 64.0972 2.4
      vertex 36.3039 64.0772 2.4
    endloop
  endfacet
  facet normal 0 0 1
    outer loop
      vertex 40 69.282 2.4
      vertex 36 64.1038 2.4
      vertex 36.1525 64.0972 2.4
    endloop
  endfacet
  facet normal 0 0 1
    outer loop
      vertex 40 69.282 2.4
      vertex 35.8475 64.0972 2.4
      vertex 36 64.1038 2.4
    endloop
  endfacet
  facet normal 0 0 1
    outer loop
      vertex 33.8095 72.5046 2.4
      vertex 35.8475 64.0972 2.4
      vertex 40 69.282 2.4
    endloop
  endfacet
  facet normal 0 0 1
    outer loop
      vertex 35.8475 64.0972 2.4
      vertex 33.8095 72.5046 2.4
      vertex 35.6961 64.0772 2.4
    endloop
  endfacet
  facet normal 0 0 1
    outer loop
      vertex 35.6961 64.0772 2.4
      vertex 33.8095 72.5046 2.4
      vertex 35.5471 64.0442 2.4
    endloop
  endfacet
  facet normal 0 0 1
    outer loop
      vertex 35.5471 64.0442 2.4
      vertex 33.8095 72.5046 2.4
      vertex 35.4015 63.9983 2.4
    endloop
  endfacet
  facet normal 0 0 1
    outer loop
      vertex 35.4015 63.9983 2.4
      vertex 33.8095 72.5046 2.4
      vertex 35.2604 63.9399 2.4
    endloop
  endfacet
  facet normal 0 0 1
    outer loop
      vertex 35.2604 63.9399 2.4
      vertex 33.8095 72.5046 2.4
      vertex 35.125 63.8694 2.4
    endloop
  endfacet
  facet normal 0 0 1
    outer loop
      vertex 35.125 63.8694 2.4
      vertex 33.8095 72.5046 2.4
      vertex 34.9962 63.7873 2.4
    endloop
  endfacet
  facet normal 0 0 1
    outer loop
      vertex 34.9962 63.7873 2.4
      vertex 33.8095 72.5046 2.4
      vertex 34.8751 63.6944 2.4
    endloop
  endfacet
  facet normal 0 0 1
    outer loop
      vertex 34.3096 62.8068 2.4
      vertex 27.0732 60.6786 2.4
      vertex 34.2766 62.6577 2.4
    endloop
  endfacet
  facet normal 0 0 1
    outer loop
      vertex 34.3555 62.9524 2.4
      vertex 27.0732 60.6786 2.4
      vertex 34.3096 62.8068 2.4
    endloop
  endfacet
  facet normal 0 0 1
    outer loop
      vertex 34.414 63.0934 2.4
      vertex 27.0732 60.6786 2.4
      vertex 34.3555 62.9524 2.4
    endloop
  endfacet
  facet normal 0 0 1
    outer loop
      vertex 34.4845 63.2288 2.4
      vertex 27.0732 60.6786 2.4
      vertex 34.414 63.0934 2.4
    endloop
  endfacet
  facet normal 0 -0 1
    outer loop
      vertex 27.0732 60.6786 2.4
      vertex 34.4845 63.2288 2.4
      vertex 26.9775 60.7212 2.4
    endloop
  endfacet
  facet normal 0 0 1
    outer loop
      vertex 34.5665 63.3576 2.4
      vertex 26.9775 60.7212 2.4
      vertex 34.4845 63.2288 2.4
    endloop
  endfacet
  facet normal 0 0 1
    outer loop
      vertex 26.9775 60.7212 2.4
      vertex 34.5665 63.3576 2.4
      vertex 33.8095 72.5046 2.4
    endloop
  endfacet
  facet normal 0 0 1
    outer loop
      vertex 34.6594 63.4787 2.4
      vertex 33.8095 72.5046 2.4
      vertex 34.5665 63.3576 2.4
    endloop
  endfacet
  facet normal 0 0 1
    outer loop
      vertex 34.7626 63.5913 2.4
      vertex 33.8095 72.5046 2.4
      vertex 34.6594 63.4787 2.4
    endloop
  endfacet
  facet normal 0 0 1
    outer loop
      vertex 34.8751 63.6944 2.4
      vertex 33.8095 72.5046 2.4
      vertex 34.7626 63.5913 2.4
    endloop
  endfacet
  facet normal 0.843395 0.537294 0
    outer loop
      vertex 69.282 40 2.4
      vertex 65.5322 45.8861 0
      vertex 65.5322 45.8861 2.4
    endloop
  endfacet
  facet normal 0.843395 0.537294 0
    outer loop
      vertex 65.5322 45.8861 0
      vertex 69.282 40 2.4
      vertex 69.282 40 0
    endloop
  endfacet
  facet normal 0.0436159 0.999048 -0
    outer loop
      vertex 6.97246 79.6956 0
      vertex 0 80 2.4
      vertex 6.97246 79.6956 2.4
    endloop
  endfacet
  facet normal 0.0436159 0.999048 0
    outer loop
      vertex 0 80 2.4
      vertex 6.97246 79.6956 0
      vertex 0 80 0
    endloop
  endfacet
  facet normal -0.0436159 0.999048 0
    outer loop
      vertex 0 80 0
      vertex -6.97246 79.6956 2.4
      vertex 0 80 2.4
    endloop
  endfacet
  facet normal -0.0436159 0.999048 0
    outer loop
      vertex -6.97246 79.6956 2.4
      vertex 0 80 0
      vertex -6.97246 79.6956 0
    endloop
  endfacet
  facet normal -0.92388 -0.382682 0
    outer loop
      vertex -72.5046 -33.8095 0
      vertex -75.1754 -27.3616 2.4
      vertex -75.1754 -27.3616 0
    endloop
  endfacet
  facet normal -0.92388 -0.382682 0
    outer loop
      vertex -75.1754 -27.3616 2.4
      vertex -72.5046 -33.8095 0
      vertex -72.5046 -33.8095 2.4
    endloop
  endfacet
  facet normal -0.976297 -0.216434 0
    outer loop
      vertex -77.2741 -20.7055 0
      vertex -78.7846 -13.8919 2.4
      vertex -78.7846 -13.8919 0
    endloop
  endfacet
  facet normal -0.976297 -0.216434 0
    outer loop
      vertex -78.7846 -13.8919 2.4
      vertex -77.2741 -20.7055 0
      vertex -77.2741 -20.7055 2.4
    endloop
  endfacet
  facet normal -0.675599 -0.737269 0
    outer loop
      vertex -56.5685 -56.5685 0
      vertex -51.423 -61.2836 2.4
      vertex -56.5685 -56.5685 2.4
    endloop
  endfacet
  facet normal -0.675599 -0.737269 -0
    outer loop
      vertex -51.423 -61.2836 2.4
      vertex -56.5685 -56.5685 0
      vertex -51.423 -61.2836 0
    endloop
  endfacet
  facet normal -0.300711 0.953715 0
    outer loop
      vertex -20.7055 77.2741 0
      vertex -27.3616 75.1754 2.4
      vertex -20.7055 77.2741 2.4
    endloop
  endfacet
  facet normal -0.300711 0.953715 0
    outer loop
      vertex -27.3616 75.1754 2.4
      vertex -20.7055 77.2741 0
      vertex -27.3616 75.1754 0
    endloop
  endfacet
  facet normal 0.887009 -0.461752 0
    outer loop
      vertex 69.282 -40 2.4
      vertex 72.5046 -33.8095 0
      vertex 72.5046 -33.8095 2.4
    endloop
  endfacet
  facet normal 0.887009 -0.461752 0
    outer loop
      vertex 72.5046 -33.8095 0
      vertex 69.282 -40 2.4
      vertex 69.282 -40 0
    endloop
  endfacet
  facet normal -0.793354 -0.60876 0
    outer loop
      vertex -61.2836 -51.423 0
      vertex -65.5322 -45.8861 2.4
      vertex -65.5322 -45.8861 0
    endloop
  endfacet
  facet normal -0.793354 -0.60876 0
    outer loop
      vertex -65.5322 -45.8861 2.4
      vertex -61.2836 -51.423 0
      vertex -61.2836 -51.423 2.4
    endloop
  endfacet
  facet normal -0.382682 -0.92388 0
    outer loop
      vertex -33.8095 -72.5046 0
      vertex -27.3616 -75.1754 2.4
      vertex -33.8095 -72.5046 2.4
    endloop
  endfacet
  facet normal -0.382682 -0.92388 -0
    outer loop
      vertex -27.3616 -75.1754 2.4
      vertex -33.8095 -72.5046 0
      vertex -27.3616 -75.1754 0
    endloop
  endfacet
  facet normal 0.92388 -0.382682 0
    outer loop
      vertex 72.5046 -33.8095 2.4
      vertex 75.1754 -27.3616 0
      vertex 75.1754 -27.3616 2.4
    endloop
  endfacet
  facet normal 0.92388 -0.382682 0
    outer loop
      vertex 75.1754 -27.3616 0
      vertex 72.5046 -33.8095 2.4
      vertex 72.5046 -33.8095 0
    endloop
  endfacet
  facet normal 0.537294 0.843395 -0
    outer loop
      vertex 45.8861 65.5322 0
      vertex 40 69.282 2.4
      vertex 45.8861 65.5322 2.4
    endloop
  endfacet
  facet normal 0.537294 0.843395 0
    outer loop
      vertex 40 69.282 2.4
      vertex 45.8861 65.5322 0
      vertex 40 69.282 0
    endloop
  endfacet
  facet normal 0.130532 -0.991444 0
    outer loop
      vertex 6.97246 -79.6956 0
      vertex 13.8919 -78.7846 2.4
      vertex 6.97246 -79.6956 2.4
    endloop
  endfacet
  facet normal 0.130532 -0.991444 0
    outer loop
      vertex 13.8919 -78.7846 2.4
      vertex 6.97246 -79.6956 0
      vertex 13.8919 -78.7846 0
    endloop
  endfacet
  facet normal 0.953715 0.300711 0
    outer loop
      vertex 77.2741 20.7055 2.4
      vertex 75.1754 27.3616 0
      vertex 75.1754 27.3616 2.4
    endloop
  endfacet
  facet normal 0.953715 0.300711 0
    outer loop
      vertex 75.1754 27.3616 0
      vertex 77.2741 20.7055 2.4
      vertex 77.2741 20.7055 0
    endloop
  endfacet
  facet normal 0.60876 0.793354 -0
    outer loop
      vertex 51.423 61.2836 0
      vertex 45.8861 65.5322 2.4
      vertex 51.423 61.2836 2.4
    endloop
  endfacet
  facet normal 0.60876 0.793354 0
    outer loop
      vertex 45.8861 65.5322 2.4
      vertex 51.423 61.2836 0
      vertex 45.8861 65.5322 0
    endloop
  endfacet
  facet normal 0.737269 0.675599 0
    outer loop
      vertex 61.2836 51.423 2.4
      vertex 56.5685 56.5685 0
      vertex 56.5685 56.5685 2.4
    endloop
  endfacet
  facet normal 0.737269 0.675599 0
    outer loop
      vertex 56.5685 56.5685 0
      vertex 61.2836 51.423 2.4
      vertex 61.2836 51.423 0
    endloop
  endfacet
  facet normal -0.737269 -0.675599 0
    outer loop
      vertex -56.5685 -56.5685 0
      vertex -61.2836 -51.423 2.4
      vertex -61.2836 -51.423 0
    endloop
  endfacet
  facet normal -0.737269 -0.675599 0
    outer loop
      vertex -61.2836 -51.423 2.4
      vertex -56.5685 -56.5685 0
      vertex -56.5685 -56.5685 2.4
    endloop
  endfacet
  facet normal -0.60876 0.793354 0
    outer loop
      vertex -45.8861 65.5322 0
      vertex -51.423 61.2836 2.4
      vertex -45.8861 65.5322 2.4
    endloop
  endfacet
  facet normal -0.60876 0.793354 0
    outer loop
      vertex -51.423 61.2836 2.4
      vertex -45.8861 65.5322 0
      vertex -51.423 61.2836 0
    endloop
  endfacet
  facet normal -0.537294 0.843395 0
    outer loop
      vertex -40 69.282 0
      vertex -45.8861 65.5322 2.4
      vertex -40 69.282 2.4
    endloop
  endfacet
  facet normal -0.537294 0.843395 0
    outer loop
      vertex -45.8861 65.5322 2.4
      vertex -40 69.282 0
      vertex -45.8861 65.5322 0
    endloop
  endfacet
  facet normal 0.991444 -0.130532 0
    outer loop
      vertex 78.7846 -13.8919 2.4
      vertex 79.6956 -6.97246 0
      vertex 79.6956 -6.97246 2.4
    endloop
  endfacet
  facet normal 0.991444 -0.130532 0
    outer loop
      vertex 79.6956 -6.97246 0
      vertex 78.7846 -13.8919 2.4
      vertex 78.7846 -13.8919 0
    endloop
  endfacet
  facet normal 0.953715 -0.300711 0
    outer loop
      vertex 75.1754 -27.3616 2.4
      vertex 77.2741 -20.7055 0
      vertex 77.2741 -20.7055 2.4
    endloop
  endfacet
  facet normal 0.953715 -0.300711 0
    outer loop
      vertex 77.2741 -20.7055 0
      vertex 75.1754 -27.3616 2.4
      vertex 75.1754 -27.3616 0
    endloop
  endfacet
  facet normal 0.382682 0.92388 -0
    outer loop
      vertex 33.8095 72.5046 0
      vertex 27.3616 75.1754 2.4
      vertex 33.8095 72.5046 2.4
    endloop
  endfacet
  facet normal 0.382682 0.92388 0
    outer loop
      vertex 27.3616 75.1754 2.4
      vertex 33.8095 72.5046 0
      vertex 27.3616 75.1754 0
    endloop
  endfacet
  facet normal -0.216434 0.976297 0
    outer loop
      vertex -13.8919 78.7846 0
      vertex -20.7055 77.2741 2.4
      vertex -13.8919 78.7846 2.4
    endloop
  endfacet
  facet normal -0.216434 0.976297 0
    outer loop
      vertex -20.7055 77.2741 2.4
      vertex -13.8919 78.7846 0
      vertex -20.7055 77.2741 0
    endloop
  endfacet
  facet normal -0.130532 -0.991444 0
    outer loop
      vertex -13.8919 -78.7846 0
      vertex -6.97246 -79.6956 2.4
      vertex -13.8919 -78.7846 2.4
    endloop
  endfacet
  facet normal -0.130532 -0.991444 -0
    outer loop
      vertex -6.97246 -79.6956 2.4
      vertex -13.8919 -78.7846 0
      vertex -6.97246 -79.6956 0
    endloop
  endfacet
  facet normal 0.976297 -0.216434 0
    outer loop
      vertex 77.2741 -20.7055 2.4
      vertex 78.7846 -13.8919 0
      vertex 78.7846 -13.8919 2.4
    endloop
  endfacet
  facet normal 0.976297 -0.216434 0
    outer loop
      vertex 78.7846 -13.8919 0
      vertex 77.2741 -20.7055 2.4
      vertex 77.2741 -20.7055 0
    endloop
  endfacet
  facet normal 0.461752 0.887009 -0
    outer loop
      vertex 40 69.282 0
      vertex 33.8095 72.5046 2.4
      vertex 40 69.282 2.4
    endloop
  endfacet
  facet normal 0.461752 0.887009 0
    outer loop
      vertex 33.8095 72.5046 2.4
      vertex 40 69.282 0
      vertex 33.8095 72.5046 0
    endloop
  endfacet
  facet normal 0.999048 -0.0436159 0
    outer loop
      vertex 79.6956 -6.97246 2.4
      vertex 80 0 0
      vertex 80 0 2.4
    endloop
  endfacet
  facet normal 0.999048 -0.0436159 0
    outer loop
      vertex 80 0 0
      vertex 79.6956 -6.97246 2.4
      vertex 79.6956 -6.97246 0
    endloop
  endfacet
  facet normal -0.382682 0.92388 0
    outer loop
      vertex -27.3616 75.1754 0
      vertex -33.8095 72.5046 2.4
      vertex -27.3616 75.1754 2.4
    endloop
  endfacet
  facet normal -0.382682 0.92388 0
    outer loop
      vertex -33.8095 72.5046 2.4
      vertex -27.3616 75.1754 0
      vertex -33.8095 72.5046 0
    endloop
  endfacet
  facet normal -0.887009 -0.461752 0
    outer loop
      vertex -69.282 -40 0
      vertex -72.5046 -33.8095 2.4
      vertex -72.5046 -33.8095 0
    endloop
  endfacet
  facet normal -0.887009 -0.461752 0
    outer loop
      vertex -72.5046 -33.8095 2.4
      vertex -69.282 -40 0
      vertex -69.282 -40 2.4
    endloop
  endfacet
  facet normal 0.887009 0.461752 0
    outer loop
      vertex 72.5046 33.8095 2.4
      vertex 69.282 40 0
      vertex 69.282 40 2.4
    endloop
  endfacet
  facet normal 0.887009 0.461752 0
    outer loop
      vertex 69.282 40 0
      vertex 72.5046 33.8095 2.4
      vertex 72.5046 33.8095 0
    endloop
  endfacet
  facet normal -0.461752 -0.887009 0
    outer loop
      vertex -40 -69.282 0
      vertex -33.8095 -72.5046 2.4
      vertex -40 -69.282 2.4
    endloop
  endfacet
  facet normal -0.461752 -0.887009 -0
    outer loop
      vertex -33.8095 -72.5046 2.4
      vertex -40 -69.282 0
      vertex -33.8095 -72.5046 0
    endloop
  endfacet
  facet normal -0.675599 0.737269 0
    outer loop
      vertex -51.423 61.2836 0
      vertex -56.5685 56.5685 2.4
      vertex -51.423 61.2836 2.4
    endloop
  endfacet
  facet normal -0.675599 0.737269 0
    outer loop
      vertex -56.5685 56.5685 2.4
      vertex -51.423 61.2836 0
      vertex -56.5685 56.5685 0
    endloop
  endfacet
  facet normal 0 0 -1
    outer loop
      vertex -70.6594 1.12488 0
      vertex -66.356 3.42514 0
      vertex -70.5665 1.00376 0
    endloop
  endfacet
  facet normal 0 0 -1
    outer loop
      vertex -70.7626 1.23744 0
      vertex -66.356 3.42514 0
      vertex -70.6594 1.12488 0
    endloop
  endfacet
  facet normal 0 0 -1
    outer loop
      vertex -70.8751 1.34058 0
      vertex -66.356 3.42514 0
      vertex -70.7626 1.23744 0
    endloop
  endfacet
  facet normal -0 0 -1
    outer loop
      vertex -66.356 3.42514 0
      vertex -70.8751 1.34058 0
      vertex -66.3505 3.52971 0
    endloop
  endfacet
  facet normal 0 0 -1
    outer loop
      vertex -70.9962 1.43352 0
      vertex -66.3505 3.52971 0
      vertex -70.8751 1.34058 0
    endloop
  endfacet
  facet normal 0 0 -1
    outer loop
      vertex -71.125 1.51554 0
      vertex -66.3505 3.52971 0
      vertex -70.9962 1.43352 0
    endloop
  endfacet
  facet normal 0 0 -1
    outer loop
      vertex -71.2604 1.58604 0
      vertex -66.3505 3.52971 0
      vertex -71.125 1.51554 0
    endloop
  endfacet
  facet normal 0 0 -1
    outer loop
      vertex -71.4015 1.64446 0
      vertex -66.3505 3.52971 0
      vertex -71.2604 1.58604 0
    endloop
  endfacet
  facet normal -0 0 -1
    outer loop
      vertex -66.3505 3.52971 0
      vertex -71.4015 1.64446 0
      vertex -66.0858 6.89325 0
    endloop
  endfacet
  facet normal 0 0 -1
    outer loop
      vertex -71.5471 1.69037 0
      vertex -66.0858 6.89325 0
      vertex -71.4015 1.64446 0
    endloop
  endfacet
  facet normal 0 0 -1
    outer loop
      vertex -71.6961 1.72341 0
      vertex -66.0858 6.89325 0
      vertex -71.5471 1.69037 0
    endloop
  endfacet
  facet normal 0 0 -1
    outer loop
      vertex -71.8475 1.74334 0
      vertex -66.0858 6.89325 0
      vertex -71.6961 1.72341 0
    endloop
  endfacet
  facet normal 0 0 -1
    outer loop
      vertex -72 1.75 0
      vertex -66.0858 6.89325 0
      vertex -71.8475 1.74334 0
    endloop
  endfacet
  facet normal -0 0 -1
    outer loop
      vertex -66.0858 6.89325 0
      vertex -72 1.75 0
      vertex -66.0748 6.99738 0
    endloop
  endfacet
  facet normal 0 0 -1
    outer loop
      vertex -72.1525 1.74334 0
      vertex -66.0748 6.99738 0
      vertex -72 1.75 0
    endloop
  endfacet
  facet normal 0 0 -1
    outer loop
      vertex -79.6956 6.97246 0
      vertex -66.0748 6.99738 0
      vertex -72.1525 1.74334 0
    endloop
  endfacet
  facet normal -0 0 -1
    outer loop
      vertex -66.0748 6.99738 0
      vertex -79.6956 6.97246 0
      vertex -65.6345 10.3425 0
    endloop
  endfacet
  facet normal 0 0 -1
    outer loop
      vertex -65.6181 10.4459 0
      vertex -78.7846 13.8919 0
      vertex -65.0032 13.7633 0
    endloop
  endfacet
  facet normal 0 -0 -1
    outer loop
      vertex -78.7846 13.8919 0
      vertex -65.6345 10.3425 0
      vertex -79.6956 6.97246 0
    endloop
  endfacet
  facet normal 0 0 -1
    outer loop
      vertex -79.6956 6.97246 0
      vertex -72.1525 1.74334 0
      vertex -72.3039 1.72341 0
    endloop
  endfacet
  facet normal 0 0 -1
    outer loop
      vertex -79.6956 6.97246 0
      vertex -72.3039 1.72341 0
      vertex -72.4529 1.69037 0
    endloop
  endfacet
  facet normal 0 0 -1
    outer loop
      vertex -65.0032 13.7633 0
      vertex -72.5046 33.8095 0
      vertex -69.282 40 0
    endloop
  endfacet
  facet normal 0 0 -1
    outer loop
      vertex -79.6956 6.97246 0
      vertex -72.4529 1.69037 0
      vertex -72.5985 1.64446 0
    endloop
  endfacet
  facet normal 0 0 -1
    outer loop
      vertex -79.6956 6.97246 0
      vertex -72.5985 1.64446 0
      vertex -72.7396 1.58604 0
    endloop
  endfacet
  facet normal 0 0 -1
    outer loop
      vertex -79.6956 6.97246 0
      vertex -72.7396 1.58604 0
      vertex -72.875 1.51554 0
    endloop
  endfacet
  facet normal 0 0 -1
    outer loop
      vertex -79.6956 6.97246 0
      vertex -72.875 1.51554 0
      vertex -73.0038 1.43352 0
    endloop
  endfacet
  facet normal 0 0 -1
    outer loop
      vertex -79.6956 6.97246 0
      vertex -73.0038 1.43352 0
      vertex -73.1249 1.34058 0
    endloop
  endfacet
  facet normal 0 0 -1
    outer loop
      vertex -79.6956 6.97246 0
      vertex -73.1249 1.34058 0
      vertex -73.2374 1.23744 0
    endloop
  endfacet
  facet normal 0 0 -1
    outer loop
      vertex -79.6956 6.97246 0
      vertex -73.2374 1.23744 0
      vertex -73.3406 1.12488 0
    endloop
  endfacet
  facet normal 0 0 -1
    outer loop
      vertex -79.6956 6.97246 0
      vertex -73.3406 1.12488 0
      vertex -73.4335 1.00376 0
    endloop
  endfacet
  facet normal 0 0 -1
    outer loop
      vertex -80 0 0
      vertex -73.4335 1.00376 0
      vertex -73.5155 0.875 0
    endloop
  endfacet
  facet normal 0 0 -1
    outer loop
      vertex -80 0 0
      vertex -73.5155 0.875 0
      vertex -73.586 0.739581 0
    endloop
  endfacet
  facet normal 0 0 -1
    outer loop
      vertex -80 0 0
      vertex -73.586 0.739581 0
      vertex -73.6445 0.598535 0
    endloop
  endfacet
  facet normal 0 0 -1
    outer loop
      vertex -80 0 0
      vertex -73.6445 0.598535 0
      vertex -73.6904 0.452933 0
    endloop
  endfacet
  facet normal 0 0 -1
    outer loop
      vertex -80 0 0
      vertex -73.6904 0.452933 0
      vertex -73.7234 0.303884 0
    endloop
  endfacet
  facet normal 0 0 -1
    outer loop
      vertex -80 0 0
      vertex -73.7234 0.303884 0
      vertex -73.7433 0.152522 0
    endloop
  endfacet
  facet normal 0 0 -1
    outer loop
      vertex -80 0 0
      vertex -73.7433 0.152522 0
      vertex -73.75 0 0
    endloop
  endfacet
  facet normal 0 0 -1
    outer loop
      vertex -73.6445 -0.598535 0
      vertex -80 0 0
      vertex -73.6904 -0.452933 0
    endloop
  endfacet
  facet normal 0 0 -1
    outer loop
      vertex -65.0032 13.7633 0
      vertex -75.1754 27.3616 0
      vertex -72.5046 33.8095 0
    endloop
  endfacet
  facet normal 0 0 -1
    outer loop
      vertex -73.6904 -0.452933 0
      vertex -80 0 0
      vertex -73.7234 -0.303884 0
    endloop
  endfacet
  facet normal 0 0 -1
    outer loop
      vertex -65.0032 13.7633 0
      vertex -77.2741 20.7055 0
      vertex -75.1754 27.3616 0
    endloop
  endfacet
  facet normal 0 0 -1
    outer loop
      vertex -73.7234 -0.303884 0
      vertex -80 0 0
      vertex -73.7433 -0.152522 0
    endloop
  endfacet
  facet normal 0 0 -1
    outer loop
      vertex -65.0032 13.7633 0
      vertex -78.7846 13.8919 0
      vertex -77.2741 20.7055 0
    endloop
  endfacet
  facet normal 0 0 -1
    outer loop
      vertex -73.7433 -0.152522 0
      vertex -80 0 0
      vertex -73.75 0 0
    endloop
  endfacet
  facet normal 0 0 -1
    outer loop
      vertex -65.6345 10.3425 0
      vertex -78.7846 13.8919 0
      vertex -65.6181 10.4459 0
    endloop
  endfacet
  facet normal -0 0 -1
    outer loop
      vertex -73.4335 1.00376 0
      vertex -80 0 0
      vertex -79.6956 6.97246 0
    endloop
  endfacet
  facet normal 0 0 -1
    outer loop
      vertex -64.608 -15.7377 0
      vertex -64.9814 -13.8658 0
      vertex -64.5183 -15.7948 0
    endloop
  endfacet
  facet normal 0 0 -1
    outer loop
      vertex -64.7743 -15.6511 0
      vertex -64.9814 -13.8658 0
      vertex -64.608 -15.7377 0
    endloop
  endfacet
  facet normal 0 0 -1
    outer loop
      vertex -64.9476 -15.5794 0
      vertex -64.9814 -13.8658 0
      vertex -64.7743 -15.6511 0
    endloop
  endfacet
  facet normal 0 0 -1
    outer loop
      vertex -65.1265 -15.523 0
      vertex -64.9814 -13.8658 0
      vertex -64.9476 -15.5794 0
    endloop
  endfacet
  facet normal 0 0 -1
    outer loop
      vertex -65.3096 -15.4824 0
      vertex -64.9814 -13.8658 0
      vertex -65.1265 -15.523 0
    endloop
  endfacet
  facet normal 0 0 -1
    outer loop
      vertex -65.4956 -15.4579 0
      vertex -64.9814 -13.8658 0
      vertex -65.3096 -15.4824 0
    endloop
  endfacet
  facet normal 0 0 -1
    outer loop
      vertex -65.683 -15.4497 0
      vertex -64.9814 -13.8658 0
      vertex -65.4956 -15.4579 0
    endloop
  endfacet
  facet normal 0 0 -1
    outer loop
      vertex -65.8703 -15.4579 0
      vertex -64.9814 -13.8658 0
      vertex -65.683 -15.4497 0
    endloop
  endfacet
  facet normal 0 0 -1
    outer loop
      vertex -66.0563 -15.4824 0
      vertex -64.9814 -13.8658 0
      vertex -65.8703 -15.4579 0
    endloop
  endfacet
  facet normal -0 0 -1
    outer loop
      vertex -64.9814 -13.8658 0
      vertex -66.0563 -15.4824 0
      vertex -65.0032 -13.7633 0
    endloop
  endfacet
  facet normal 0 0 -1
    outer loop
      vertex -66.2394 -15.523 0
      vertex -65.0032 -13.7633 0
      vertex -66.0563 -15.4824 0
    endloop
  endfacet
  facet normal 0 0 -1
    outer loop
      vertex -66.4183 -15.5794 0
      vertex -65.0032 -13.7633 0
      vertex -66.2394 -15.523 0
    endloop
  endfacet
  facet normal 0 0 -1
    outer loop
      vertex -66.5916 -15.6511 0
      vertex -65.0032 -13.7633 0
      vertex -66.4183 -15.5794 0
    endloop
  endfacet
  facet normal -0 0 -1
    outer loop
      vertex -65.0032 -13.7633 0
      vertex -66.5916 -15.6511 0
      vertex -65.6181 -10.4459 0
    endloop
  endfacet
  facet normal 0 0 -1
    outer loop
      vertex -66.758 -15.7377 0
      vertex -65.6181 -10.4459 0
      vertex -66.5916 -15.6511 0
    endloop
  endfacet
  facet normal 0 0 -1
    outer loop
      vertex -66.9161 -15.8385 0
      vertex -65.6181 -10.4459 0
      vertex -66.758 -15.7377 0
    endloop
  endfacet
  facet normal 0 0 -1
    outer loop
      vertex -67.0649 -15.9527 0
      vertex -65.6181 -10.4459 0
      vertex -66.9161 -15.8385 0
    endloop
  endfacet
  facet normal 0 0 -1
    outer loop
      vertex -67.2032 -16.0794 0
      vertex -65.6181 -10.4459 0
      vertex -67.0649 -15.9527 0
    endloop
  endfacet
  facet normal 0 0 -1
    outer loop
      vertex -67.3299 -16.2177 0
      vertex -65.6181 -10.4459 0
      vertex -67.2032 -16.0794 0
    endloop
  endfacet
  facet normal 0 -0 -1
    outer loop
      vertex -70.8751 -1.34058 0
      vertex -66.356 -3.42514 0
      vertex -70.9962 -1.43352 0
    endloop
  endfacet
  facet normal 0 0 -1
    outer loop
      vertex -78.7846 -13.8919 0
      vertex -65.6181 -10.4459 0
      vertex -67.3299 -16.2177 0
    endloop
  endfacet
  facet normal -0 0 -1
    outer loop
      vertex -19.717 65.3096 0
      vertex -20.5822 63.1761 0
      vertex -19.7415 65.4956 0
    endloop
  endfacet
  facet normal -0 0 -1
    outer loop
      vertex -19.6764 65.1265 0
      vertex -20.5822 63.1761 0
      vertex -19.717 65.3096 0
    endloop
  endfacet
  facet normal -0 0 -1
    outer loop
      vertex -19.62 64.9476 0
      vertex -20.5822 63.1761 0
      vertex -19.6764 65.1265 0
    endloop
  endfacet
  facet normal 0 0 -1
    outer loop
      vertex -20.5822 63.1761 0
      vertex -19.62 64.9476 0
      vertex -20.4826 63.2085 0
    endloop
  endfacet
  facet normal -0 0 -1
    outer loop
      vertex -19.5483 64.7743 0
      vertex -20.4826 63.2085 0
      vertex -19.62 64.9476 0
    endloop
  endfacet
  facet normal -0 0 -1
    outer loop
      vertex -19.4616 64.608 0
      vertex -20.4826 63.2085 0
      vertex -19.5483 64.7743 0
    endloop
  endfacet
  facet normal -0 0 -1
    outer loop
      vertex -19.3609 64.4498 0
      vertex -20.4826 63.2085 0
      vertex -19.4616 64.608 0
    endloop
  endfacet
  facet normal -0 0 -1
    outer loop
      vertex -19.2467 64.301 0
      vertex -20.4826 63.2085 0
      vertex -19.3609 64.4498 0
    endloop
  endfacet
  facet normal -0 0 -1
    outer loop
      vertex -19.12 64.1627 0
      vertex -20.4826 63.2085 0
      vertex -19.2467 64.301 0
    endloop
  endfacet
  facet normal -0 0 -1
    outer loop
      vertex -18.9817 64.036 0
      vertex -20.4826 63.2085 0
      vertex -19.12 64.1627 0
    endloop
  endfacet
  facet normal -0 0 -1
    outer loop
      vertex -18.8329 63.9218 0
      vertex -20.4826 63.2085 0
      vertex -18.9817 64.036 0
    endloop
  endfacet
  facet normal -0 0 -1
    outer loop
      vertex -18.6747 63.821 0
      vertex -20.4826 63.2085 0
      vertex -18.8329 63.9218 0
    endloop
  endfacet
  facet normal 0 0 -1
    outer loop
      vertex -20.4826 63.2085 0
      vertex -18.6747 63.821 0
      vertex -18.5804 63.7719 0
    endloop
  endfacet
  facet normal 0 0 -1
    outer loop
      vertex 19.717 -65.3096 0
      vertex 20.5822 -63.1761 0
      vertex 19.7415 -65.4956 0
    endloop
  endfacet
  facet normal 0 0 -1
    outer loop
      vertex 19.6764 -65.1265 0
      vertex 20.5822 -63.1761 0
      vertex 19.717 -65.3096 0
    endloop
  endfacet
  facet normal 0 0 -1
    outer loop
      vertex 19.62 -64.9476 0
      vertex 20.5822 -63.1761 0
      vertex 19.6764 -65.1265 0
    endloop
  endfacet
  facet normal 0 0 -1
    outer loop
      vertex 20.5822 -63.1761 0
      vertex 19.62 -64.9476 0
      vertex 20.4826 -63.2085 0
    endloop
  endfacet
  facet normal 0 0 -1
    outer loop
      vertex 19.5483 -64.7743 0
      vertex 20.4826 -63.2085 0
      vertex 19.62 -64.9476 0
    endloop
  endfacet
  facet normal 0 0 -1
    outer loop
      vertex 19.4616 -64.608 0
      vertex 20.4826 -63.2085 0
      vertex 19.5483 -64.7743 0
    endloop
  endfacet
  facet normal 0 0 -1
    outer loop
      vertex 19.3609 -64.4498 0
      vertex 20.4826 -63.2085 0
      vertex 19.4616 -64.608 0
    endloop
  endfacet
  facet normal 0 0 -1
    outer loop
      vertex 19.2467 -64.301 0
      vertex 20.4826 -63.2085 0
      vertex 19.3609 -64.4498 0
    endloop
  endfacet
  facet normal 0 0 -1
    outer loop
      vertex 19.12 -64.1627 0
      vertex 20.4826 -63.2085 0
      vertex 19.2467 -64.301 0
    endloop
  endfacet
  facet normal 0 0 -1
    outer loop
      vertex 18.9817 -64.036 0
      vertex 20.4826 -63.2085 0
      vertex 19.12 -64.1627 0
    endloop
  endfacet
  facet normal 0 0 -1
    outer loop
      vertex 18.8329 -63.9218 0
      vertex 20.4826 -63.2085 0
      vertex 18.9817 -64.036 0
    endloop
  endfacet
  facet normal 0 0 -1
    outer loop
      vertex 18.6747 -63.821 0
      vertex 20.4826 -63.2085 0
      vertex 18.8329 -63.9218 0
    endloop
  endfacet
  facet normal 0 0 -1
    outer loop
      vertex 20.4826 -63.2085 0
      vertex 18.6747 -63.821 0
      vertex 18.5804 -63.7719 0
    endloop
  endfacet
  facet normal 0 -0 -1
    outer loop
      vertex 13.8658 -64.9814 0
      vertex 15.4824 -66.0563 0
      vertex 13.7633 -65.0032 0
    endloop
  endfacet
  facet normal -0 0 -1
    outer loop
      vertex 15.7377 -64.608 0
      vertex 13.8658 -64.9814 0
      vertex 15.7948 -64.5183 0
    endloop
  endfacet
  facet normal -0 0 -1
    outer loop
      vertex 15.6511 -64.7743 0
      vertex 13.8658 -64.9814 0
      vertex 15.7377 -64.608 0
    endloop
  endfacet
  facet normal -0 0 -1
    outer loop
      vertex 15.5794 -64.9476 0
      vertex 13.8658 -64.9814 0
      vertex 15.6511 -64.7743 0
    endloop
  endfacet
  facet normal 0 0 -1
    outer loop
      vertex 15.523 -65.1265 0
      vertex 13.8658 -64.9814 0
      vertex 15.5794 -64.9476 0
    endloop
  endfacet
  facet normal 0 0 -1
    outer loop
      vertex 15.4824 -65.3096 0
      vertex 13.8658 -64.9814 0
      vertex 15.523 -65.1265 0
    endloop
  endfacet
  facet normal 0 0 -1
    outer loop
      vertex 15.4579 -65.4956 0
      vertex 13.8658 -64.9814 0
      vertex 15.4824 -65.3096 0
    endloop
  endfacet
  facet normal 0 0 -1
    outer loop
      vertex 15.4824 -66.0563 0
      vertex 13.8658 -64.9814 0
      vertex 15.4579 -65.8703 0
    endloop
  endfacet
  facet normal 0 0 -1
    outer loop
      vertex 15.4497 -65.683 0
      vertex 13.8658 -64.9814 0
      vertex 15.4579 -65.4956 0
    endloop
  endfacet
  facet normal 0 0 -1
    outer loop
      vertex 15.4579 -65.8703 0
      vertex 13.8658 -64.9814 0
      vertex 15.4497 -65.683 0
    endloop
  endfacet
  facet normal 0 0 -1
    outer loop
      vertex 13.8919 -78.7846 0
      vertex 10.3425 -65.6345 0
      vertex 10.4459 -65.6181 0
    endloop
  endfacet
  facet normal 0 0 -1
    outer loop
      vertex 13.8919 -78.7846 0
      vertex 6.99738 -66.0748 0
      vertex 10.3425 -65.6345 0
    endloop
  endfacet
  facet normal 0 0 -1
    outer loop
      vertex 6.97246 -79.6956 0
      vertex 6.99738 -66.0748 0
      vertex 13.8919 -78.7846 0
    endloop
  endfacet
  facet normal 0 0 -1
    outer loop
      vertex 6.97246 -79.6956 0
      vertex 6.89325 -66.0858 0
      vertex 6.99738 -66.0748 0
    endloop
  endfacet
  facet normal 0 0 -1
    outer loop
      vertex 6.97246 -79.6956 0
      vertex 3.52971 -66.3505 0
      vertex 6.89325 -66.0858 0
    endloop
  endfacet
  facet normal 0 0 -1
    outer loop
      vertex 6.97246 -79.6956 0
      vertex 3.42514 -66.356 0
      vertex 3.52971 -66.3505 0
    endloop
  endfacet
  facet normal 0 0 -1
    outer loop
      vertex 0 -80 0
      vertex 3.42514 -66.356 0
      vertex 6.97246 -79.6956 0
    endloop
  endfacet
  facet normal 0 0 -1
    outer loop
      vertex 3.42514 -66.356 0
      vertex 0 -80 0
      vertex 0.0523529 -66.4443 0
    endloop
  endfacet
  facet normal 0 0 -1
    outer loop
      vertex 0 -80 0
      vertex -0.0523529 -66.4443 0
      vertex 0.0523529 -66.4443 0
    endloop
  endfacet
  facet normal 0 0 -1
    outer loop
      vertex 0 -80 0
      vertex -3.42514 -66.356 0
      vertex -0.0523529 -66.4443 0
    endloop
  endfacet
  facet normal 0 0 -1
    outer loop
      vertex -6.97246 -79.6956 0
      vertex -3.42514 -66.356 0
      vertex 0 -80 0
    endloop
  endfacet
  facet normal -0 0 -1
    outer loop
      vertex -3.42514 -66.356 0
      vertex -6.97246 -79.6956 0
      vertex -3.52971 -66.3505 0
    endloop
  endfacet
  facet normal -0 0 -1
    outer loop
      vertex -3.52971 -66.3505 0
      vertex -6.97246 -79.6956 0
      vertex -6.89325 -66.0858 0
    endloop
  endfacet
  facet normal 0 0 -1
    outer loop
      vertex -6.97246 -79.6956 0
      vertex -6.99738 -66.0748 0
      vertex -6.89325 -66.0858 0
    endloop
  endfacet
  facet normal 0 0 -1
    outer loop
      vertex -6.97246 -79.6956 0
      vertex -10.3425 -65.6345 0
      vertex -6.99738 -66.0748 0
    endloop
  endfacet
  facet normal 0 0 -1
    outer loop
      vertex -13.8919 -78.7846 0
      vertex -10.3425 -65.6345 0
      vertex -6.97246 -79.6956 0
    endloop
  endfacet
  facet normal -0 0 -1
    outer loop
      vertex -10.3425 -65.6345 0
      vertex -13.8919 -78.7846 0
      vertex -10.4459 -65.6181 0
    endloop
  endfacet
  facet normal -0 0 -1
    outer loop
      vertex -10.4459 -65.6181 0
      vertex -13.8919 -78.7846 0
      vertex -13.7633 -65.0032 0
    endloop
  endfacet
  facet normal -0 0 -1
    outer loop
      vertex -13.7633 -65.0032 0
      vertex -13.8919 -78.7846 0
      vertex -13.8658 -64.9814 0
    endloop
  endfacet
  facet normal 0 0 -1
    outer loop
      vertex -20.7055 -77.2741 0
      vertex -13.8658 -64.9814 0
      vertex -13.8919 -78.7846 0
    endloop
  endfacet
  facet normal -0 0 -1
    outer loop
      vertex -13.8658 -64.9814 0
      vertex -20.7055 -77.2741 0
      vertex -17.1465 -64.1938 0
    endloop
  endfacet
  facet normal 0 -0 -1
    outer loop
      vertex -17.2476 -64.1667 0
      vertex -17.1465 -64.1938 0
      vertex -20.7055 -77.2741 0
    endloop
  endfacet
  facet normal 0 0 -1
    outer loop
      vertex -17.1465 -64.1938 0
      vertex -17.2476 -64.1667 0
      vertex -17.1829 -64.1829 0
    endloop
  endfacet
  facet normal -0 0 -1
    outer loop
      vertex -17.2476 -64.1667 0
      vertex -20.7055 -77.2741 0
      vertex -20.4826 -63.2085 0
    endloop
  endfacet
  facet normal 0 0 -1
    outer loop
      vertex -27.3616 -75.1754 0
      vertex -20.4826 -63.2085 0
      vertex -20.7055 -77.2741 0
    endloop
  endfacet
  facet normal -0 0 -1
    outer loop
      vertex -20.4826 -63.2085 0
      vertex -27.3616 -75.1754 0
      vertex -20.5822 -63.1761 0
    endloop
  endfacet
  facet normal -0 0 -1
    outer loop
      vertex -20.5822 -63.1761 0
      vertex -27.3616 -75.1754 0
      vertex -23.7626 -62.0499 0
    endloop
  endfacet
  facet normal -0 0 -1
    outer loop
      vertex -23.7626 -62.0499 0
      vertex -27.3616 -75.1754 0
      vertex -23.8604 -62.0123 0
    endloop
  endfacet
  facet normal -0 0 -1
    outer loop
      vertex -23.8604 -62.0123 0
      vertex -27.3616 -75.1754 0
      vertex -26.9775 -60.7212 0
    endloop
  endfacet
  facet normal 0 0 -1
    outer loop
      vertex -33.8095 -72.5046 0
      vertex -26.9775 -60.7212 0
      vertex -27.3616 -75.1754 0
    endloop
  endfacet
  facet normal 0 0 -1
    outer loop
      vertex -34.5665 -63.3576 0
      vertex -26.9775 -60.7212 0
      vertex -33.8095 -72.5046 0
    endloop
  endfacet
  facet normal 0 -0 -1
    outer loop
      vertex -34.3555 -62.9524 0
      vertex -27.0732 -60.6786 0
      vertex -34.414 -63.0934 0
    endloop
  endfacet
  facet normal 0 -0 -1
    outer loop
      vertex -34.3096 -62.8068 0
      vertex -27.0732 -60.6786 0
      vertex -34.3555 -62.9524 0
    endloop
  endfacet
  facet normal -0 0 -1
    outer loop
      vertex -30.1184 -59.2261 0
      vertex -34.2567 -62.2013 0
      vertex -30.2117 -59.1785 0
    endloop
  endfacet
  facet normal 0 -0 -1
    outer loop
      vertex -34.4845 -63.2288 0
      vertex -26.9775 -60.7212 0
      vertex -34.5665 -63.3576 0
    endloop
  endfacet
  facet normal 0 0 -1
    outer loop
      vertex -34.2567 -62.2013 0
      vertex -30.1184 -59.2261 0
      vertex -34.25 -62.3538 0
    endloop
  endfacet
  facet normal 0 0 -1
    outer loop
      vertex -34.3096 -61.9009 0
      vertex -30.2117 -59.1785 0
      vertex -34.2766 -62.0499 0
    endloop
  endfacet
  facet normal 0 0 -1
    outer loop
      vertex -34.3555 -61.7553 0
      vertex -30.2117 -59.1785 0
      vertex -34.3096 -61.9009 0
    endloop
  endfacet
  facet normal 0 0 -1
    outer loop
      vertex -34.414 -61.6142 0
      vertex -30.2117 -59.1785 0
      vertex -34.3555 -61.7553 0
    endloop
  endfacet
  facet normal 0 0 -1
    outer loop
      vertex -34.4845 -61.4788 0
      vertex -30.2117 -59.1785 0
      vertex -34.414 -61.6142 0
    endloop
  endfacet
  facet normal 0 0 -1
    outer loop
      vertex -34.5665 -61.3501 0
      vertex -30.2117 -59.1785 0
      vertex -34.4845 -61.4788 0
    endloop
  endfacet
  facet normal -0 0 -1
    outer loop
      vertex -30.2117 -59.1785 0
      vertex -34.5665 -61.3501 0
      vertex -33.1768 -57.5686 0
    endloop
  endfacet
  facet normal 0 0 -1
    outer loop
      vertex -34.6594 -61.229 0
      vertex -33.1768 -57.5686 0
      vertex -34.5665 -61.3501 0
    endloop
  endfacet
  facet normal 0 0 -1
    outer loop
      vertex -34.7626 -61.1164 0
      vertex -33.1768 -57.5686 0
      vertex -34.6594 -61.229 0
    endloop
  endfacet
  facet normal 0 0 -1
    outer loop
      vertex -34.8751 -61.0133 0
      vertex -33.1768 -57.5686 0
      vertex -34.7626 -61.1164 0
    endloop
  endfacet
  facet normal 0 0 -1
    outer loop
      vertex -34.9962 -60.9203 0
      vertex -33.1768 -57.5686 0
      vertex -34.8751 -61.0133 0
    endloop
  endfacet
  facet normal 0 0 -1
    outer loop
      vertex -35.125 -60.8383 0
      vertex -33.1768 -57.5686 0
      vertex -34.9962 -60.9203 0
    endloop
  endfacet
  facet normal -0 0 -1
    outer loop
      vertex -33.1768 -57.5686 0
      vertex -35.125 -60.8383 0
      vertex -33.2675 -57.5163 0
    endloop
  endfacet
  facet normal 0 0 -1
    outer loop
      vertex -35.2604 -60.7678 0
      vertex -33.2675 -57.5163 0
      vertex -35.125 -60.8383 0
    endloop
  endfacet
  facet normal 0 0 -1
    outer loop
      vertex -35.4015 -60.7094 0
      vertex -33.2675 -57.5163 0
      vertex -35.2604 -60.7678 0
    endloop
  endfacet
  facet normal 0 0 -1
    outer loop
      vertex -35.5471 -60.6635 0
      vertex -33.2675 -57.5163 0
      vertex -35.4015 -60.7094 0
    endloop
  endfacet
  facet normal 0 0 -1
    outer loop
      vertex -35.6961 -60.6304 0
      vertex -33.2675 -57.5163 0
      vertex -35.5471 -60.6635 0
    endloop
  endfacet
  facet normal 0 0 -1
    outer loop
      vertex -35.8475 -60.6105 0
      vertex -33.2675 -57.5163 0
      vertex -35.6961 -60.6304 0
    endloop
  endfacet
  facet normal 0 0 -1
    outer loop
      vertex -36.1443 -55.7534 0
      vertex -35.8475 -60.6105 0
      vertex -36 -60.6038 0
    endloop
  endfacet
  facet normal 0 0 -1
    outer loop
      vertex -35.8475 -60.6105 0
      vertex -36.1443 -55.7534 0
      vertex -33.2675 -57.5163 0
    endloop
  endfacet
  facet normal 0 0 -1
    outer loop
      vertex -36.1525 -60.6105 0
      vertex -36.1443 -55.7534 0
      vertex -36 -60.6038 0
    endloop
  endfacet
  facet normal 0 0 -1
    outer loop
      vertex -36.3039 -60.6304 0
      vertex -36.1443 -55.7534 0
      vertex -36.1525 -60.6105 0
    endloop
  endfacet
  facet normal 0 0 -1
    outer loop
      vertex -36.4529 -60.6635 0
      vertex -36.1443 -55.7534 0
      vertex -36.3039 -60.6304 0
    endloop
  endfacet
  facet normal 0 0 -1
    outer loop
      vertex -36.5985 -60.7094 0
      vertex -36.1443 -55.7534 0
      vertex -36.4529 -60.6635 0
    endloop
  endfacet
  facet normal -0 0 -1
    outer loop
      vertex -36.1443 -55.7534 0
      vertex -36.5985 -60.7094 0
      vertex -36.2321 -55.6964 0
    endloop
  endfacet
  facet normal 0 0 -1
    outer loop
      vertex -36.7396 -60.7678 0
      vertex -36.2321 -55.6964 0
      vertex -36.5985 -60.7094 0
    endloop
  endfacet
  facet normal 0 0 -1
    outer loop
      vertex -36.875 -60.8383 0
      vertex -36.2321 -55.6964 0
      vertex -36.7396 -60.7678 0
    endloop
  endfacet
  facet normal 0 0 -1
    outer loop
      vertex -37.0038 -60.9203 0
      vertex -36.2321 -55.6964 0
      vertex -36.875 -60.8383 0
    endloop
  endfacet
  facet normal 0 0 -1
    outer loop
      vertex -37.1249 -61.0133 0
      vertex -36.2321 -55.6964 0
      vertex -37.0038 -60.9203 0
    endloop
  endfacet
  facet normal 0 0 -1
    outer loop
      vertex -39.0126 -53.7853 0
      vertex -37.1249 -61.0133 0
      vertex -37.2374 -61.1164 0
    endloop
  endfacet
  facet normal 0 0 -1
    outer loop
      vertex -39.0126 -53.7853 0
      vertex -37.2374 -61.1164 0
      vertex -37.3406 -61.229 0
    endloop
  endfacet
  facet normal 0 0 -1
    outer loop
      vertex -39.0126 -53.7853 0
      vertex -37.3406 -61.229 0
      vertex -37.4335 -61.3501 0
    endloop
  endfacet
  facet normal 0 0 -1
    outer loop
      vertex -39.0126 -53.7853 0
      vertex -37.4335 -61.3501 0
      vertex -37.5155 -61.4788 0
    endloop
  endfacet
  facet normal 0 0 -1
    outer loop
      vertex -39.0973 -53.7238 0
      vertex -37.5155 -61.4788 0
      vertex -37.586 -61.6142 0
    endloop
  endfacet
  facet normal 0 0 -1
    outer loop
      vertex -45.8861 -65.5322 0
      vertex -37.586 -61.6142 0
      vertex -37.6445 -61.7553 0
    endloop
  endfacet
  facet normal 0 0 -1
    outer loop
      vertex -45.8861 -65.5322 0
      vertex -37.6445 -61.7553 0
      vertex -37.6904 -61.9009 0
    endloop
  endfacet
  facet normal 0 0 -1
    outer loop
      vertex -37.1249 -61.0133 0
      vertex -39.0126 -53.7853 0
      vertex -36.2321 -55.6964 0
    endloop
  endfacet
  facet normal 0 0 -1
    outer loop
      vertex -45.8861 -65.5322 0
      vertex -37.6904 -61.9009 0
      vertex -37.7234 -62.0499 0
    endloop
  endfacet
  facet normal 0 0 -1
    outer loop
      vertex -45.8861 -65.5322 0
      vertex -37.7234 -62.0499 0
      vertex -37.7433 -62.2013 0
    endloop
  endfacet
  facet normal 0 0 -1
    outer loop
      vertex -45.8861 -65.5322 0
      vertex -37.7433 -62.2013 0
      vertex -37.75 -62.3538 0
    endloop
  endfacet
  facet normal 0 0 -1
    outer loop
      vertex -15.523 66.2394 0
      vertex -13.7633 65.0032 0
      vertex -15.4824 66.0563 0
    endloop
  endfacet
  facet normal 0 0 -1
    outer loop
      vertex -15.5794 66.4183 0
      vertex -13.7633 65.0032 0
      vertex -15.523 66.2394 0
    endloop
  endfacet
  facet normal 0 0 -1
    outer loop
      vertex -15.6511 66.5916 0
      vertex -13.7633 65.0032 0
      vertex -15.5794 66.4183 0
    endloop
  endfacet
  facet normal 0 0 -1
    outer loop
      vertex -13.7633 65.0032 0
      vertex -15.6511 66.5916 0
      vertex -10.4459 65.6181 0
    endloop
  endfacet
  facet normal 0 0 -1
    outer loop
      vertex -15.7377 66.758 0
      vertex -10.4459 65.6181 0
      vertex -15.6511 66.5916 0
    endloop
  endfacet
  facet normal 0 0 -1
    outer loop
      vertex -15.8385 66.9161 0
      vertex -10.4459 65.6181 0
      vertex -15.7377 66.758 0
    endloop
  endfacet
  facet normal 0 0 -1
    outer loop
      vertex -15.9527 67.0649 0
      vertex -10.4459 65.6181 0
      vertex -15.8385 66.9161 0
    endloop
  endfacet
  facet normal 0 0 -1
    outer loop
      vertex -16.0794 67.2032 0
      vertex -10.4459 65.6181 0
      vertex -15.9527 67.0649 0
    endloop
  endfacet
  facet normal 0 0 -1
    outer loop
      vertex -16.2177 67.3299 0
      vertex -10.4459 65.6181 0
      vertex -16.0794 67.2032 0
    endloop
  endfacet
  facet normal 0 0 -1
    outer loop
      vertex -10.4459 65.6181 0
      vertex -16.2177 67.3299 0
      vertex -13.8919 78.7846 0
    endloop
  endfacet
  facet normal 0 0 -1
    outer loop
      vertex -16.3665 67.4441 0
      vertex -13.8919 78.7846 0
      vertex -16.2177 67.3299 0
    endloop
  endfacet
  facet normal 0 0 -1
    outer loop
      vertex -16.5247 67.5449 0
      vertex -13.8919 78.7846 0
      vertex -16.3665 67.4441 0
    endloop
  endfacet
  facet normal 0 0 -1
    outer loop
      vertex -16.6911 67.6315 0
      vertex -13.8919 78.7846 0
      vertex -16.5247 67.5449 0
    endloop
  endfacet
  facet normal 0 0 -1
    outer loop
      vertex -16.8644 67.7033 0
      vertex -13.8919 78.7846 0
      vertex -16.6911 67.6315 0
    endloop
  endfacet
  facet normal 0 0 -1
    outer loop
      vertex -17.0432 67.7597 0
      vertex -13.8919 78.7846 0
      vertex -16.8644 67.7033 0
    endloop
  endfacet
  facet normal 0 0 -1
    outer loop
      vertex -17.2264 67.8003 0
      vertex -13.8919 78.7846 0
      vertex -17.0432 67.7597 0
    endloop
  endfacet
  facet normal 0 0 -1
    outer loop
      vertex -20.7055 77.2741 0
      vertex -17.2264 67.8003 0
      vertex -17.4123 67.8248 0
    endloop
  endfacet
  facet normal 0 0 -1
    outer loop
      vertex -20.7055 77.2741 0
      vertex -17.4123 67.8248 0
      vertex -17.5997 67.833 0
    endloop
  endfacet
  facet normal 0 0 -1
    outer loop
      vertex -20.7055 77.2741 0
      vertex -17.5997 67.833 0
      vertex -17.7871 67.8248 0
    endloop
  endfacet
  facet normal 0 0 -1
    outer loop
      vertex -20.7055 77.2741 0
      vertex -17.7871 67.8248 0
      vertex -17.973 67.8003 0
    endloop
  endfacet
  facet normal 0 0 -1
    outer loop
      vertex -20.7055 77.2741 0
      vertex -17.973 67.8003 0
      vertex -18.1562 67.7597 0
    endloop
  endfacet
  facet normal 0 0 -1
    outer loop
      vertex -20.7055 77.2741 0
      vertex -18.1562 67.7597 0
      vertex -18.335 67.7033 0
    endloop
  endfacet
  facet normal 0 0 -1
    outer loop
      vertex -20.7055 77.2741 0
      vertex -18.335 67.7033 0
      vertex -18.5083 67.6315 0
    endloop
  endfacet
  facet normal 0 0 -1
    outer loop
      vertex -20.7055 77.2741 0
      vertex -18.5083 67.6315 0
      vertex -18.6747 67.5449 0
    endloop
  endfacet
  facet normal 0 0 -1
    outer loop
      vertex -20.7055 77.2741 0
      vertex -18.6747 67.5449 0
      vertex -18.8329 67.4441 0
    endloop
  endfacet
  facet normal 0 0 -1
    outer loop
      vertex -20.7055 77.2741 0
      vertex -18.8329 67.4441 0
      vertex -18.9817 67.3299 0
    endloop
  endfacet
  facet normal 0 0 -1
    outer loop
      vertex -27.3616 75.1754 0
      vertex -18.9817 67.3299 0
      vertex -19.12 67.2032 0
    endloop
  endfacet
  facet normal 0 0 -1
    outer loop
      vertex -27.3616 75.1754 0
      vertex -19.12 67.2032 0
      vertex -19.2467 67.0649 0
    endloop
  endfacet
  facet normal 0 0 -1
    outer loop
      vertex -27.3616 75.1754 0
      vertex -19.2467 67.0649 0
      vertex -19.3609 66.9161 0
    endloop
  endfacet
  facet normal 0 0 -1
    outer loop
      vertex -27.3616 75.1754 0
      vertex -19.3609 66.9161 0
      vertex -19.4616 66.758 0
    endloop
  endfacet
  facet normal 0 0 -1
    outer loop
      vertex -27.3616 75.1754 0
      vertex -19.4616 66.758 0
      vertex -19.5483 66.5916 0
    endloop
  endfacet
  facet normal -0 0 -1
    outer loop
      vertex -19.7415 65.4956 0
      vertex -20.5822 63.1761 0
      vertex -19.7497 65.683 0
    endloop
  endfacet
  facet normal 0 0 -1
    outer loop
      vertex -23.7626 62.0499 0
      vertex -19.7497 65.683 0
      vertex -20.5822 63.1761 0
    endloop
  endfacet
  facet normal -0 0 -1
    outer loop
      vertex -19.7497 65.683 0
      vertex -23.7626 62.0499 0
      vertex -19.7415 65.8703 0
    endloop
  endfacet
  facet normal -0 0 -1
    outer loop
      vertex -19.7415 65.8703 0
      vertex -23.7626 62.0499 0
      vertex -19.717 66.0563 0
    endloop
  endfacet
  facet normal 0 0 -1
    outer loop
      vertex -17.2264 67.8003 0
      vertex -20.7055 77.2741 0
      vertex -13.8919 78.7846 0
    endloop
  endfacet
  facet normal 0 0 -1
    outer loop
      vertex -27.3616 75.1754 0
      vertex -19.5483 66.5916 0
      vertex -19.62 66.4183 0
    endloop
  endfacet
  facet normal 0 0 -1
    outer loop
      vertex -23.7626 62.0499 0
      vertex -19.62 66.4183 0
      vertex -19.6764 66.2394 0
    endloop
  endfacet
  facet normal -0 0 -1
    outer loop
      vertex -19.717 66.0563 0
      vertex -23.7626 62.0499 0
      vertex -19.6764 66.2394 0
    endloop
  endfacet
  facet normal -0 0 -1
    outer loop
      vertex -19.62 66.4183 0
      vertex -23.7626 62.0499 0
      vertex -27.3616 75.1754 0
    endloop
  endfacet
  facet normal 0 0 -1
    outer loop
      vertex -27.3616 75.1754 0
      vertex -23.7626 62.0499 0
      vertex -23.8604 62.0123 0
    endloop
  endfacet
  facet normal 0 0 -1
    outer loop
      vertex -27.3616 75.1754 0
      vertex -23.8604 62.0123 0
      vertex -26.9775 60.7212 0
    endloop
  endfacet
  facet normal 0 0 -1
    outer loop
      vertex -34.4845 63.2288 0
      vertex -26.9775 60.7212 0
      vertex -27.0732 60.6786 0
    endloop
  endfacet
  facet normal 0 0 -1
    outer loop
      vertex -18.9817 67.3299 0
      vertex -27.3616 75.1754 0
      vertex -20.7055 77.2741 0
    endloop
  endfacet
  facet normal 0 0 -1
    outer loop
      vertex -34.2766 62.6577 0
      vertex -27.0732 60.6786 0
      vertex -30.1184 59.2261 0
    endloop
  endfacet
  facet normal 0 0 -1
    outer loop
      vertex -34.2567 62.2013 0
      vertex -30.1184 59.2261 0
      vertex -30.2117 59.1785 0
    endloop
  endfacet
  facet normal 0 0 -1
    outer loop
      vertex -34.5665 61.3501 0
      vertex -30.2117 59.1785 0
      vertex -33.1768 57.5686 0
    endloop
  endfacet
  facet normal 0 0 -1
    outer loop
      vertex -35.125 60.8383 0
      vertex -33.1768 57.5686 0
      vertex -33.2675 57.5163 0
    endloop
  endfacet
  facet normal 0 0 -1
    outer loop
      vertex -30.1184 59.2261 0
      vertex -34.25 62.3538 0
      vertex -34.2567 62.5064 0
    endloop
  endfacet
  facet normal 0 0 -1
    outer loop
      vertex -30.1184 59.2261 0
      vertex -34.2567 62.5064 0
      vertex -34.2766 62.6577 0
    endloop
  endfacet
  facet normal 0 0 -1
    outer loop
      vertex -30.1184 59.2261 0
      vertex -34.2567 62.2013 0
      vertex -34.25 62.3538 0
    endloop
  endfacet
  facet normal 0 0 -1
    outer loop
      vertex -30.2117 59.1785 0
      vertex -34.2766 62.0499 0
      vertex -34.2567 62.2013 0
    endloop
  endfacet
  facet normal 0 0 -1
    outer loop
      vertex -30.2117 59.1785 0
      vertex -34.3096 61.9009 0
      vertex -34.2766 62.0499 0
    endloop
  endfacet
  facet normal 0 0 -1
    outer loop
      vertex -30.2117 59.1785 0
      vertex -34.3555 61.7553 0
      vertex -34.3096 61.9009 0
    endloop
  endfacet
  facet normal 0 0 -1
    outer loop
      vertex -30.2117 59.1785 0
      vertex -34.414 61.6142 0
      vertex -34.3555 61.7553 0
    endloop
  endfacet
  facet normal 0 0 -1
    outer loop
      vertex -30.2117 59.1785 0
      vertex -34.4845 61.4788 0
      vertex -34.414 61.6142 0
    endloop
  endfacet
  facet normal 0 0 -1
    outer loop
      vertex -30.2117 59.1785 0
      vertex -34.5665 61.3501 0
      vertex -34.4845 61.4788 0
    endloop
  endfacet
  facet normal 0 0 -1
    outer loop
      vertex -33.1768 57.5686 0
      vertex -34.6594 61.229 0
      vertex -34.5665 61.3501 0
    endloop
  endfacet
  facet normal 0 0 -1
    outer loop
      vertex -33.1768 57.5686 0
      vertex -34.7626 61.1164 0
      vertex -34.6594 61.229 0
    endloop
  endfacet
  facet normal 0 0 -1
    outer loop
      vertex -33.1768 57.5686 0
      vertex -34.8751 61.0133 0
      vertex -34.7626 61.1164 0
    endloop
  endfacet
  facet normal 0 0 -1
    outer loop
      vertex -33.1768 57.5686 0
      vertex -34.9962 60.9203 0
      vertex -34.8751 61.0133 0
    endloop
  endfacet
  facet normal 0 0 -1
    outer loop
      vertex -33.1768 57.5686 0
      vertex -35.125 60.8383 0
      vertex -34.9962 60.9203 0
    endloop
  endfacet
  facet normal 0 0 -1
    outer loop
      vertex -33.2675 57.5163 0
      vertex -35.2604 60.7678 0
      vertex -35.125 60.8383 0
    endloop
  endfacet
  facet normal 0 0 -1
    outer loop
      vertex -33.2675 57.5163 0
      vertex -35.4015 60.7094 0
      vertex -35.2604 60.7678 0
    endloop
  endfacet
  facet normal 0 0 -1
    outer loop
      vertex -33.2675 57.5163 0
      vertex -35.5471 60.6635 0
      vertex -35.4015 60.7094 0
    endloop
  endfacet
  facet normal 0 0 -1
    outer loop
      vertex -33.2675 57.5163 0
      vertex -35.6961 60.6304 0
      vertex -35.5471 60.6635 0
    endloop
  endfacet
  facet normal 0 0 -1
    outer loop
      vertex -33.2675 57.5163 0
      vertex -35.8475 60.6105 0
      vertex -35.6961 60.6304 0
    endloop
  endfacet
  facet normal 0 0 -1
    outer loop
      vertex -36.1443 55.7534 0
      vertex -35.8475 60.6105 0
      vertex -33.2675 57.5163 0
    endloop
  endfacet
  facet normal 0 0 -1
    outer loop
      vertex -35.8475 60.6105 0
      vertex -36.1443 55.7534 0
      vertex -36 60.6038 0
    endloop
  endfacet
  facet normal 0 0 -1
    outer loop
      vertex -36.1443 55.7534 0
      vertex -36.1525 60.6105 0
      vertex -36 60.6038 0
    endloop
  endfacet
  facet normal 0 0 -1
    outer loop
      vertex -36.5985 60.7094 0
      vertex -36.1443 55.7534 0
      vertex -36.2321 55.6964 0
    endloop
  endfacet
  facet normal 0 0 -1
    outer loop
      vertex -36.1443 55.7534 0
      vertex -36.3039 60.6304 0
      vertex -36.1525 60.6105 0
    endloop
  endfacet
  facet normal 0 0 -1
    outer loop
      vertex -36.1443 55.7534 0
      vertex -36.4529 60.6635 0
      vertex -36.3039 60.6304 0
    endloop
  endfacet
  facet normal 0 0 -1
    outer loop
      vertex -36.1443 55.7534 0
      vertex -36.5985 60.7094 0
      vertex -36.4529 60.6635 0
    endloop
  endfacet
  facet normal 0 0 -1
    outer loop
      vertex -36.2321 55.6964 0
      vertex -36.7396 60.7678 0
      vertex -36.5985 60.7094 0
    endloop
  endfacet
  facet normal 0 0 -1
    outer loop
      vertex -36.2321 55.6964 0
      vertex -36.875 60.8383 0
      vertex -36.7396 60.7678 0
    endloop
  endfacet
  facet normal 0 0 -1
    outer loop
      vertex -36.2321 55.6964 0
      vertex -37.0038 60.9203 0
      vertex -36.875 60.8383 0
    endloop
  endfacet
  facet normal 0 0 -1
    outer loop
      vertex -36.2321 55.6964 0
      vertex -37.1249 61.0133 0
      vertex -37.0038 60.9203 0
    endloop
  endfacet
  facet normal 0 0 -1
    outer loop
      vertex -39.0126 53.7853 0
      vertex -37.1249 61.0133 0
      vertex -36.2321 55.6964 0
    endloop
  endfacet
  facet normal -0 0 -1
    outer loop
      vertex -37.1249 61.0133 0
      vertex -39.0126 53.7853 0
      vertex -37.2374 61.1164 0
    endloop
  endfacet
  facet normal -0 0 -1
    outer loop
      vertex -37.2374 61.1164 0
      vertex -39.0126 53.7853 0
      vertex -37.3406 61.229 0
    endloop
  endfacet
  facet normal -0 0 -1
    outer loop
      vertex -37.3406 61.229 0
      vertex -39.0126 53.7853 0
      vertex -37.4335 61.3501 0
    endloop
  endfacet
  facet normal -0 0 -1
    outer loop
      vertex -37.4335 61.3501 0
      vertex -39.0126 53.7853 0
      vertex -37.5155 61.4788 0
    endloop
  endfacet
  facet normal 0 0 -1
    outer loop
      vertex -39.0973 53.7238 0
      vertex -37.5155 61.4788 0
      vertex -39.0126 53.7853 0
    endloop
  endfacet
  facet normal -0 0 -1
    outer loop
      vertex -37.5155 61.4788 0
      vertex -39.0973 53.7238 0
      vertex -37.586 61.6142 0
    endloop
  endfacet
  facet normal 0 0 -1
    outer loop
      vertex -37.6904 61.9009 0
      vertex -45.8861 65.5322 0
      vertex -37.7234 62.0499 0
    endloop
  endfacet
  facet normal 0 0 -1
    outer loop
      vertex -37.6445 61.7553 0
      vertex -45.8861 65.5322 0
      vertex -37.6904 61.9009 0
    endloop
  endfacet
  facet normal 0 0 -1
    outer loop
      vertex -37.586 61.6142 0
      vertex -45.8861 65.5322 0
      vertex -37.6445 61.7553 0
    endloop
  endfacet
  facet normal 0 0 -1
    outer loop
      vertex -45.8861 65.5322 0
      vertex -37.586 61.6142 0
      vertex -39.0973 53.7238 0
    endloop
  endfacet
  facet normal 0 0 -1
    outer loop
      vertex -34.2766 -62.0499 0
      vertex -30.2117 -59.1785 0
      vertex -34.2567 -62.2013 0
    endloop
  endfacet
  facet normal 0 -0 -1
    outer loop
      vertex -34.25 -62.3538 0
      vertex -30.1184 -59.2261 0
      vertex -34.2567 -62.5064 0
    endloop
  endfacet
  facet normal 0 -0 -1
    outer loop
      vertex -34.2567 -62.5064 0
      vertex -30.1184 -59.2261 0
      vertex -34.2766 -62.6577 0
    endloop
  endfacet
  facet normal -0 0 -1
    outer loop
      vertex -27.0732 -60.6786 0
      vertex -34.2766 -62.6577 0
      vertex -30.1184 -59.2261 0
    endloop
  endfacet
  facet normal 0 -0 -1
    outer loop
      vertex -34.2766 -62.6577 0
      vertex -27.0732 -60.6786 0
      vertex -34.3096 -62.8068 0
    endloop
  endfacet
  facet normal 0 0 -1
    outer loop
      vertex -27.0732 -60.6786 0
      vertex -34.4845 -63.2288 0
      vertex -34.414 -63.0934 0
    endloop
  endfacet
  facet normal -0 0 -1
    outer loop
      vertex -26.9775 -60.7212 0
      vertex -34.4845 -63.2288 0
      vertex -27.0732 -60.6786 0
    endloop
  endfacet
  facet normal 0 0 -1
    outer loop
      vertex -33.8095 -72.5046 0
      vertex -34.6594 -63.4787 0
      vertex -34.5665 -63.3576 0
    endloop
  endfacet
  facet normal 0 0 -1
    outer loop
      vertex -33.8095 -72.5046 0
      vertex -34.7626 -63.5913 0
      vertex -34.6594 -63.4787 0
    endloop
  endfacet
  facet normal 0 0 -1
    outer loop
      vertex -33.8095 -72.5046 0
      vertex -34.8751 -63.6944 0
      vertex -34.7626 -63.5913 0
    endloop
  endfacet
  facet normal 0 0 -1
    outer loop
      vertex -33.8095 -72.5046 0
      vertex -34.9962 -63.7873 0
      vertex -34.8751 -63.6944 0
    endloop
  endfacet
  facet normal 0 0 -1
    outer loop
      vertex -33.8095 -72.5046 0
      vertex -35.125 -63.8694 0
      vertex -34.9962 -63.7873 0
    endloop
  endfacet
  facet normal 0 0 -1
    outer loop
      vertex -33.8095 -72.5046 0
      vertex -35.2604 -63.9399 0
      vertex -35.125 -63.8694 0
    endloop
  endfacet
  facet normal 0 0 -1
    outer loop
      vertex -33.8095 -72.5046 0
      vertex -35.4015 -63.9983 0
      vertex -35.2604 -63.9399 0
    endloop
  endfacet
  facet normal 0 0 -1
    outer loop
      vertex -33.8095 -72.5046 0
      vertex -35.5471 -64.0442 0
      vertex -35.4015 -63.9983 0
    endloop
  endfacet
  facet normal 0 0 -1
    outer loop
      vertex -33.8095 -72.5046 0
      vertex -35.6961 -64.0772 0
      vertex -35.5471 -64.0442 0
    endloop
  endfacet
  facet normal 0 0 -1
    outer loop
      vertex -33.8095 -72.5046 0
      vertex -35.8475 -64.0972 0
      vertex -35.6961 -64.0772 0
    endloop
  endfacet
  facet normal 0 0 -1
    outer loop
      vertex -40 -69.282 0
      vertex -35.8475 -64.0972 0
      vertex -33.8095 -72.5046 0
    endloop
  endfacet
  facet normal 0 0 -1
    outer loop
      vertex -35.8475 -64.0972 0
      vertex -40 -69.282 0
      vertex -36 -64.1038 0
    endloop
  endfacet
  facet normal -0 0 -1
    outer loop
      vertex -36 -64.1038 0
      vertex -40 -69.282 0
      vertex -36.1525 -64.0972 0
    endloop
  endfacet
  facet normal -0 0 -1
    outer loop
      vertex -36.1525 -64.0972 0
      vertex -40 -69.282 0
      vertex -36.3039 -64.0772 0
    endloop
  endfacet
  facet normal -0 0 -1
    outer loop
      vertex -36.3039 -64.0772 0
      vertex -40 -69.282 0
      vertex -36.4529 -64.0442 0
    endloop
  endfacet
  facet normal -0 0 -1
    outer loop
      vertex -36.4529 -64.0442 0
      vertex -40 -69.282 0
      vertex -36.5985 -63.9983 0
    endloop
  endfacet
  facet normal -0 0 -1
    outer loop
      vertex -36.5985 -63.9983 0
      vertex -40 -69.282 0
      vertex -36.7396 -63.9399 0
    endloop
  endfacet
  facet normal -0 0 -1
    outer loop
      vertex -36.7396 -63.9399 0
      vertex -40 -69.282 0
      vertex -36.875 -63.8694 0
    endloop
  endfacet
  facet normal -0 0 -1
    outer loop
      vertex -36.875 -63.8694 0
      vertex -40 -69.282 0
      vertex -37.0038 -63.7873 0
    endloop
  endfacet
  facet normal -0 0 -1
    outer loop
      vertex -37.0038 -63.7873 0
      vertex -40 -69.282 0
      vertex -37.1249 -63.6944 0
    endloop
  endfacet
  facet normal -0 0 -1
    outer loop
      vertex -37.1249 -63.6944 0
      vertex -40 -69.282 0
      vertex -37.2374 -63.5913 0
    endloop
  endfacet
  facet normal -0 0 -1
    outer loop
      vertex -37.2374 -63.5913 0
      vertex -40 -69.282 0
      vertex -37.3406 -63.4787 0
    endloop
  endfacet
  facet normal -0 0 -1
    outer loop
      vertex -37.3406 -63.4787 0
      vertex -40 -69.282 0
      vertex -37.4335 -63.3576 0
    endloop
  endfacet
  facet normal -0 0 -1
    outer loop
      vertex -37.4335 -63.3576 0
      vertex -40 -69.282 0
      vertex -37.5155 -63.2288 0
    endloop
  endfacet
  facet normal -0 0 -1
    outer loop
      vertex -37.5155 -63.2288 0
      vertex -40 -69.282 0
      vertex -37.586 -63.0934 0
    endloop
  endfacet
  facet normal 0 0 -1
    outer loop
      vertex -45.8861 -65.5322 0
      vertex -37.75 -62.3538 0
      vertex -37.7433 -62.5064 0
    endloop
  endfacet
  facet normal 0 0 -1
    outer loop
      vertex -45.8861 -65.5322 0
      vertex -37.7433 -62.5064 0
      vertex -37.7234 -62.6577 0
    endloop
  endfacet
  facet normal 0 0 -1
    outer loop
      vertex -37.5155 -61.4788 0
      vertex -39.0973 -53.7238 0
      vertex -39.0126 -53.7853 0
    endloop
  endfacet
  facet normal 0 0 -1
    outer loop
      vertex -45.8861 -65.5322 0
      vertex -37.586 -63.0934 0
      vertex -40 -69.282 0
    endloop
  endfacet
  facet normal -0 0 -1
    outer loop
      vertex -37.586 -63.0934 0
      vertex -45.8861 -65.5322 0
      vertex -37.6445 -62.9524 0
    endloop
  endfacet
  facet normal -0 0 -1
    outer loop
      vertex -37.6445 -62.9524 0
      vertex -45.8861 -65.5322 0
      vertex -37.6904 -62.8068 0
    endloop
  endfacet
  facet normal -0 0 -1
    outer loop
      vertex -37.6904 -62.8068 0
      vertex -45.8861 -65.5322 0
      vertex -37.7234 -62.6577 0
    endloop
  endfacet
  facet normal -0 0 -1
    outer loop
      vertex -37.586 -61.6142 0
      vertex -45.8861 -65.5322 0
      vertex -39.0973 -53.7238 0
    endloop
  endfacet
  facet normal -0 0 -1
    outer loop
      vertex -39.0973 -53.7238 0
      vertex -45.8861 -65.5322 0
      vertex -41.7741 -51.6699 0
    endloop
  endfacet
  facet normal 0 0 -1
    outer loop
      vertex -51.423 -61.2836 0
      vertex -41.7741 -51.6699 0
      vertex -45.8861 -65.5322 0
    endloop
  endfacet
  facet normal -0 0 -1
    outer loop
      vertex -41.7741 -51.6699 0
      vertex -51.423 -61.2836 0
      vertex -41.8554 -51.604 0
    endloop
  endfacet
  facet normal -0 0 -1
    outer loop
      vertex -41.8554 -51.604 0
      vertex -51.423 -61.2836 0
      vertex -44.421 -49.4128 0
    endloop
  endfacet
  facet normal -0 0 -1
    outer loop
      vertex -44.421 -49.4128 0
      vertex -51.423 -61.2836 0
      vertex -44.4988 -49.3427 0
    endloop
  endfacet
  facet normal 0 0 -1
    outer loop
      vertex -56.5685 -56.5685 0
      vertex -44.4988 -49.3427 0
      vertex -51.423 -61.2836 0
    endloop
  endfacet
  facet normal -0 0 -1
    outer loop
      vertex -44.4988 -49.3427 0
      vertex -56.5685 -56.5685 0
      vertex -46.9462 -47.0202 0
    endloop
  endfacet
  facet normal 0 -0 -1
    outer loop
      vertex -47.0202 -46.9462 0
      vertex -46.9462 -47.0202 0
      vertex -56.5685 -56.5685 0
    endloop
  endfacet
  facet normal 0 0 -1
    outer loop
      vertex -46.9462 -47.0202 0
      vertex -47.0202 -46.9462 0
      vertex -46.9722 -46.9926 0
    endloop
  endfacet
  facet normal -0 0 -1
    outer loop
      vertex -47.0202 -46.9462 0
      vertex -56.5685 -56.5685 0
      vertex -49.3427 -44.4988 0
    endloop
  endfacet
  facet normal 0 0 -1
    outer loop
      vertex -61.2836 -51.423 0
      vertex -49.3427 -44.4988 0
      vertex -56.5685 -56.5685 0
    endloop
  endfacet
  facet normal -0 0 -1
    outer loop
      vertex -49.3427 -44.4988 0
      vertex -61.2836 -51.423 0
      vertex -49.4128 -44.421 0
    endloop
  endfacet
  facet normal -0 0 -1
    outer loop
      vertex -49.4128 -44.421 0
      vertex -61.2836 -51.423 0
      vertex -51.604 -41.8554 0
    endloop
  endfacet
  facet normal -0 0 -1
    outer loop
      vertex -51.604 -41.8554 0
      vertex -61.2836 -51.423 0
      vertex -51.6699 -41.7741 0
    endloop
  endfacet
  facet normal -0 0 -1
    outer loop
      vertex -51.6699 -41.7741 0
      vertex -61.2836 -51.423 0
      vertex -53.7238 -39.0973 0
    endloop
  endfacet
  facet normal 0 0 -1
    outer loop
      vertex -65.5322 -45.8861 0
      vertex -53.7238 -39.0973 0
      vertex -61.2836 -51.423 0
    endloop
  endfacet
  facet normal -0 0 -1
    outer loop
      vertex -53.7238 -39.0973 0
      vertex -65.5322 -45.8861 0
      vertex -53.7853 -39.0126 0
    endloop
  endfacet
  facet normal -0 0 -1
    outer loop
      vertex -53.7853 -39.0126 0
      vertex -65.5322 -45.8861 0
      vertex -55.6964 -36.2321 0
    endloop
  endfacet
  facet normal -0 0 -1
    outer loop
      vertex -55.6964 -36.2321 0
      vertex -65.5322 -45.8861 0
      vertex -55.7534 -36.1443 0
    endloop
  endfacet
  facet normal 0 0 -1
    outer loop
      vertex -69.282 -40 0
      vertex -55.7534 -36.1443 0
      vertex -65.5322 -45.8861 0
    endloop
  endfacet
  facet normal -0 0 -1
    outer loop
      vertex -55.7534 -36.1443 0
      vertex -69.282 -40 0
      vertex -57.5163 -33.2675 0
    endloop
  endfacet
  facet normal -0 0 -1
    outer loop
      vertex -57.5163 -33.2675 0
      vertex -69.282 -40 0
      vertex -57.5686 -33.1768 0
    endloop
  endfacet
  facet normal -0 0 -1
    outer loop
      vertex -57.5686 -33.1768 0
      vertex -69.282 -40 0
      vertex -59.1785 -30.2117 0
    endloop
  endfacet
  facet normal 0 0 -1
    outer loop
      vertex -72.5046 -33.8095 0
      vertex -59.1785 -30.2117 0
      vertex -69.282 -40 0
    endloop
  endfacet
  facet normal -0 0 -1
    outer loop
      vertex -59.1785 -30.2117 0
      vertex -72.5046 -33.8095 0
      vertex -59.2261 -30.1184 0
    endloop
  endfacet
  facet normal -0 0 -1
    outer loop
      vertex -59.2261 -30.1184 0
      vertex -72.5046 -33.8095 0
      vertex -60.6786 -27.0732 0
    endloop
  endfacet
  facet normal -0 0 -1
    outer loop
      vertex -60.6786 -27.0732 0
      vertex -72.5046 -33.8095 0
      vertex -60.7212 -26.9775 0
    endloop
  endfacet
  facet normal -0 0 -1
    outer loop
      vertex -60.7212 -26.9775 0
      vertex -72.5046 -33.8095 0
      vertex -62.0123 -23.8604 0
    endloop
  endfacet
  facet normal 0 0 -1
    outer loop
      vertex -75.1754 -27.3616 0
      vertex -62.0123 -23.8604 0
      vertex -72.5046 -33.8095 0
    endloop
  endfacet
  facet normal 0 0 -1
    outer loop
      vertex -63.2085 -20.4826 0
      vertex -63.821 -18.6747 0
      vertex -63.7719 -18.5804 0
    endloop
  endfacet
  facet normal 0 0 -1
    outer loop
      vertex -63.2085 -20.4826 0
      vertex -63.9218 -18.8329 0
      vertex -63.821 -18.6747 0
    endloop
  endfacet
  facet normal -0 0 -1
    outer loop
      vertex -62.0123 -23.8604 0
      vertex -75.1754 -27.3616 0
      vertex -62.0499 -23.7626 0
    endloop
  endfacet
  facet normal 0 0 -1
    outer loop
      vertex -63.2085 -20.4826 0
      vertex -64.036 -18.9817 0
      vertex -63.9218 -18.8329 0
    endloop
  endfacet
  facet normal 0 0 -1
    outer loop
      vertex -63.2085 -20.4826 0
      vertex -64.1627 -19.12 0
      vertex -64.036 -18.9817 0
    endloop
  endfacet
  facet normal 0 0 -1
    outer loop
      vertex -63.2085 -20.4826 0
      vertex -64.301 -19.2467 0
      vertex -64.1627 -19.12 0
    endloop
  endfacet
  facet normal -0 -0 -1
    outer loop
      vertex -65.683 -19.7497 0
      vertex -62.0499 -23.7626 0
      vertex -65.8703 -19.7415 0
    endloop
  endfacet
  facet normal 0 0 -1
    outer loop
      vertex -63.2085 -20.4826 0
      vertex -64.4498 -19.3609 0
      vertex -64.301 -19.2467 0
    endloop
  endfacet
  facet normal 0 0 -1
    outer loop
      vertex -63.2085 -20.4826 0
      vertex -64.608 -19.4616 0
      vertex -64.4498 -19.3609 0
    endloop
  endfacet
  facet normal 0 0 -1
    outer loop
      vertex -63.2085 -20.4826 0
      vertex -64.7743 -19.5483 0
      vertex -64.608 -19.4616 0
    endloop
  endfacet
  facet normal 0 0 -1
    outer loop
      vertex -63.2085 -20.4826 0
      vertex -64.9476 -19.62 0
      vertex -64.7743 -19.5483 0
    endloop
  endfacet
  facet normal 0 0 -1
    outer loop
      vertex -62.0499 -23.7626 0
      vertex -65.683 -19.7497 0
      vertex -63.1761 -20.5822 0
    endloop
  endfacet
  facet normal 0 0 -1
    outer loop
      vertex -63.1761 -20.5822 0
      vertex -64.9476 -19.62 0
      vertex -63.2085 -20.4826 0
    endloop
  endfacet
  facet normal 0 -0 -1
    outer loop
      vertex -64.9476 -19.62 0
      vertex -63.1761 -20.5822 0
      vertex -65.1265 -19.6764 0
    endloop
  endfacet
  facet normal 0 -0 -1
    outer loop
      vertex -65.1265 -19.6764 0
      vertex -63.1761 -20.5822 0
      vertex -65.3096 -19.717 0
    endloop
  endfacet
  facet normal 0 -0 -1
    outer loop
      vertex -65.3096 -19.717 0
      vertex -63.1761 -20.5822 0
      vertex -65.4956 -19.7415 0
    endloop
  endfacet
  facet normal 0 -0 -1
    outer loop
      vertex -65.4956 -19.7415 0
      vertex -63.1761 -20.5822 0
      vertex -65.683 -19.7497 0
    endloop
  endfacet
  facet normal 0 0 -1
    outer loop
      vertex -62.0499 -23.7626 0
      vertex -66.0563 -19.717 0
      vertex -65.8703 -19.7415 0
    endloop
  endfacet
  facet normal 0 -0 -1
    outer loop
      vertex -66.4183 -19.62 0
      vertex -62.0499 -23.7626 0
      vertex -75.1754 -27.3616 0
    endloop
  endfacet
  facet normal 0 0 -1
    outer loop
      vertex -62.0499 -23.7626 0
      vertex -66.2394 -19.6764 0
      vertex -66.0563 -19.717 0
    endloop
  endfacet
  facet normal 0 0 -1
    outer loop
      vertex -62.0499 -23.7626 0
      vertex -66.4183 -19.62 0
      vertex -66.2394 -19.6764 0
    endloop
  endfacet
  facet normal -0 0 -1
    outer loop
      vertex -66.4183 -19.62 0
      vertex -75.1754 -27.3616 0
      vertex -66.5916 -19.5483 0
    endloop
  endfacet
  facet normal -0 0 -1
    outer loop
      vertex -66.5916 -19.5483 0
      vertex -75.1754 -27.3616 0
      vertex -66.758 -19.4616 0
    endloop
  endfacet
  facet normal -0 0 -1
    outer loop
      vertex -66.758 -19.4616 0
      vertex -75.1754 -27.3616 0
      vertex -66.9161 -19.3609 0
    endloop
  endfacet
  facet normal -0 0 -1
    outer loop
      vertex -66.9161 -19.3609 0
      vertex -75.1754 -27.3616 0
      vertex -67.0649 -19.2467 0
    endloop
  endfacet
  facet normal -0 0 -1
    outer loop
      vertex -67.0649 -19.2467 0
      vertex -75.1754 -27.3616 0
      vertex -67.2032 -19.12 0
    endloop
  endfacet
  facet normal -0 0 -1
    outer loop
      vertex -67.2032 -19.12 0
      vertex -75.1754 -27.3616 0
      vertex -67.3299 -18.9817 0
    endloop
  endfacet
  facet normal 0 0 -1
    outer loop
      vertex -77.2741 -20.7055 0
      vertex -67.3299 -18.9817 0
      vertex -75.1754 -27.3616 0
    endloop
  endfacet
  facet normal -0 0 -1
    outer loop
      vertex -67.3299 -18.9817 0
      vertex -77.2741 -20.7055 0
      vertex -67.4441 -18.8329 0
    endloop
  endfacet
  facet normal -0 0 -1
    outer loop
      vertex -67.4441 -18.8329 0
      vertex -77.2741 -20.7055 0
      vertex -67.5449 -18.6747 0
    endloop
  endfacet
  facet normal -0 0 -1
    outer loop
      vertex -67.5449 -18.6747 0
      vertex -77.2741 -20.7055 0
      vertex -67.6315 -18.5083 0
    endloop
  endfacet
  facet normal -0 0 -1
    outer loop
      vertex -67.7033 -18.335 0
      vertex -77.2741 -20.7055 0
      vertex -67.7597 -18.1562 0
    endloop
  endfacet
  facet normal -0 0 -1
    outer loop
      vertex -67.6315 -18.5083 0
      vertex -77.2741 -20.7055 0
      vertex -67.7033 -18.335 0
    endloop
  endfacet
  facet normal 0 0 -1
    outer loop
      vertex -27.0732 60.6786 0
      vertex -34.2766 62.6577 0
      vertex -34.3096 62.8068 0
    endloop
  endfacet
  facet normal 0 0 -1
    outer loop
      vertex -27.0732 60.6786 0
      vertex -34.3096 62.8068 0
      vertex -34.3555 62.9524 0
    endloop
  endfacet
  facet normal 0 0 -1
    outer loop
      vertex -27.0732 60.6786 0
      vertex -34.3555 62.9524 0
      vertex -34.414 63.0934 0
    endloop
  endfacet
  facet normal 0 0 -1
    outer loop
      vertex -34.4845 63.2288 0
      vertex -27.0732 60.6786 0
      vertex -34.414 63.0934 0
    endloop
  endfacet
  facet normal 0 0 -1
    outer loop
      vertex -26.9775 60.7212 0
      vertex -34.4845 63.2288 0
      vertex -34.5665 63.3576 0
    endloop
  endfacet
  facet normal 0 0 -1
    outer loop
      vertex -26.9775 60.7212 0
      vertex -33.8095 72.5046 0
      vertex -27.3616 75.1754 0
    endloop
  endfacet
  facet normal 0 0 -1
    outer loop
      vertex -26.9775 60.7212 0
      vertex -34.5665 63.3576 0
      vertex -33.8095 72.5046 0
    endloop
  endfacet
  facet normal 0 0 -1
    outer loop
      vertex -34.6594 63.4787 0
      vertex -33.8095 72.5046 0
      vertex -34.5665 63.3576 0
    endloop
  endfacet
  facet normal 0 0 -1
    outer loop
      vertex -34.7626 63.5913 0
      vertex -33.8095 72.5046 0
      vertex -34.6594 63.4787 0
    endloop
  endfacet
  facet normal 0 0 -1
    outer loop
      vertex -34.8751 63.6944 0
      vertex -33.8095 72.5046 0
      vertex -34.7626 63.5913 0
    endloop
  endfacet
  facet normal 0 0 -1
    outer loop
      vertex -34.9962 63.7873 0
      vertex -33.8095 72.5046 0
      vertex -34.8751 63.6944 0
    endloop
  endfacet
  facet normal 0 0 -1
    outer loop
      vertex -35.125 63.8694 0
      vertex -33.8095 72.5046 0
      vertex -34.9962 63.7873 0
    endloop
  endfacet
  facet normal 0 0 -1
    outer loop
      vertex -35.2604 63.9399 0
      vertex -33.8095 72.5046 0
      vertex -35.125 63.8694 0
    endloop
  endfacet
  facet normal 0 0 -1
    outer loop
      vertex -35.4015 63.9983 0
      vertex -33.8095 72.5046 0
      vertex -35.2604 63.9399 0
    endloop
  endfacet
  facet normal 0 0 -1
    outer loop
      vertex -35.5471 64.0442 0
      vertex -33.8095 72.5046 0
      vertex -35.4015 63.9983 0
    endloop
  endfacet
  facet normal 0 0 -1
    outer loop
      vertex -35.6961 64.0772 0
      vertex -33.8095 72.5046 0
      vertex -35.5471 64.0442 0
    endloop
  endfacet
  facet normal 0 0 -1
    outer loop
      vertex -35.8475 64.0972 0
      vertex -33.8095 72.5046 0
      vertex -35.6961 64.0772 0
    endloop
  endfacet
  facet normal 0 0 -1
    outer loop
      vertex -40 69.282 0
      vertex -35.8475 64.0972 0
      vertex -36 64.1038 0
    endloop
  endfacet
  facet normal 0 0 -1
    outer loop
      vertex -40 69.282 0
      vertex -36 64.1038 0
      vertex -36.1525 64.0972 0
    endloop
  endfacet
  facet normal 0 0 -1
    outer loop
      vertex -40 69.282 0
      vertex -36.1525 64.0972 0
      vertex -36.3039 64.0772 0
    endloop
  endfacet
  facet normal 0 0 -1
    outer loop
      vertex -40 69.282 0
      vertex -36.3039 64.0772 0
      vertex -36.4529 64.0442 0
    endloop
  endfacet
  facet normal 0 0 -1
    outer loop
      vertex -40 69.282 0
      vertex -36.4529 64.0442 0
      vertex -36.5985 63.9983 0
    endloop
  endfacet
  facet normal 0 0 -1
    outer loop
      vertex -40 69.282 0
      vertex -36.5985 63.9983 0
      vertex -36.7396 63.9399 0
    endloop
  endfacet
  facet normal 0 0 -1
    outer loop
      vertex -40 69.282 0
      vertex -36.7396 63.9399 0
      vertex -36.875 63.8694 0
    endloop
  endfacet
  facet normal 0 0 -1
    outer loop
      vertex -40 69.282 0
      vertex -36.875 63.8694 0
      vertex -37.0038 63.7873 0
    endloop
  endfacet
  facet normal 0 0 -1
    outer loop
      vertex -40 69.282 0
      vertex -37.0038 63.7873 0
      vertex -37.1249 63.6944 0
    endloop
  endfacet
  facet normal 0 0 -1
    outer loop
      vertex -40 69.282 0
      vertex -37.1249 63.6944 0
      vertex -37.2374 63.5913 0
    endloop
  endfacet
  facet normal 0 0 -1
    outer loop
      vertex -40 69.282 0
      vertex -37.2374 63.5913 0
      vertex -37.3406 63.4787 0
    endloop
  endfacet
  facet normal 0 0 -1
    outer loop
      vertex -40 69.282 0
      vertex -37.3406 63.4787 0
      vertex -37.4335 63.3576 0
    endloop
  endfacet
  facet normal 0 0 -1
    outer loop
      vertex -40 69.282 0
      vertex -37.4335 63.3576 0
      vertex -37.5155 63.2288 0
    endloop
  endfacet
  facet normal 0 0 -1
    outer loop
      vertex -40 69.282 0
      vertex -37.5155 63.2288 0
      vertex -37.586 63.0934 0
    endloop
  endfacet
  facet normal 0 0 -1
    outer loop
      vertex -45.8861 65.5322 0
      vertex -37.586 63.0934 0
      vertex -37.6445 62.9524 0
    endloop
  endfacet
  facet normal 0 0 -1
    outer loop
      vertex -37.7234 62.0499 0
      vertex -45.8861 65.5322 0
      vertex -37.7433 62.2013 0
    endloop
  endfacet
  facet normal 0 0 -1
    outer loop
      vertex -37.7433 62.2013 0
      vertex -45.8861 65.5322 0
      vertex -37.75 62.3538 0
    endloop
  endfacet
  facet normal 0 0 -1
    outer loop
      vertex -37.75 62.3538 0
      vertex -45.8861 65.5322 0
      vertex -37.7433 62.5064 0
    endloop
  endfacet
  facet normal 0 0 -1
    outer loop
      vertex -35.8475 64.0972 0
      vertex -40 69.282 0
      vertex -33.8095 72.5046 0
    endloop
  endfacet
  facet normal 0 0 -1
    outer loop
      vertex -45.8861 65.5322 0
      vertex -37.6445 62.9524 0
      vertex -37.6904 62.8068 0
    endloop
  endfacet
  facet normal 0 0 -1
    outer loop
      vertex -45.8861 65.5322 0
      vertex -37.6904 62.8068 0
      vertex -37.7234 62.6577 0
    endloop
  endfacet
  facet normal 0 0 -1
    outer loop
      vertex -37.7433 62.5064 0
      vertex -45.8861 65.5322 0
      vertex -37.7234 62.6577 0
    endloop
  endfacet
  facet normal 0 0 -1
    outer loop
      vertex -45.8861 65.5322 0
      vertex -39.0973 53.7238 0
      vertex -41.7741 51.6699 0
    endloop
  endfacet
  facet normal 0 0 -1
    outer loop
      vertex -51.423 61.2836 0
      vertex -41.7741 51.6699 0
      vertex -41.8554 51.604 0
    endloop
  endfacet
  facet normal 0 0 -1
    outer loop
      vertex -51.423 61.2836 0
      vertex -41.8554 51.604 0
      vertex -44.421 49.4128 0
    endloop
  endfacet
  facet normal 0 0 -1
    outer loop
      vertex -51.423 61.2836 0
      vertex -44.421 49.4128 0
      vertex -44.4988 49.3427 0
    endloop
  endfacet
  facet normal 0 0 -1
    outer loop
      vertex -37.586 63.0934 0
      vertex -45.8861 65.5322 0
      vertex -40 69.282 0
    endloop
  endfacet
  facet normal 0 0 -1
    outer loop
      vertex -56.5685 56.5685 0
      vertex -44.4988 49.3427 0
      vertex -46.9462 47.0202 0
    endloop
  endfacet
  facet normal 0 0 -1
    outer loop
      vertex -47.0202 46.9462 0
      vertex -46.9462 47.0202 0
      vertex -46.9926 46.9722 0
    endloop
  endfacet
  facet normal -0 0 -1
    outer loop
      vertex -46.9462 47.0202 0
      vertex -47.0202 46.9462 0
      vertex -56.5685 56.5685 0
    endloop
  endfacet
  facet normal 0 0 -1
    outer loop
      vertex -56.5685 56.5685 0
      vertex -47.0202 46.9462 0
      vertex -49.3427 44.4988 0
    endloop
  endfacet
  facet normal 0 0 -1
    outer loop
      vertex -61.2836 51.423 0
      vertex -49.3427 44.4988 0
      vertex -49.4128 44.421 0
    endloop
  endfacet
  facet normal 0 0 -1
    outer loop
      vertex -41.7741 51.6699 0
      vertex -51.423 61.2836 0
      vertex -45.8861 65.5322 0
    endloop
  endfacet
  facet normal 0 0 -1
    outer loop
      vertex -61.2836 51.423 0
      vertex -49.4128 44.421 0
      vertex -51.604 41.8554 0
    endloop
  endfacet
  facet normal 0 0 -1
    outer loop
      vertex -61.2836 51.423 0
      vertex -51.604 41.8554 0
      vertex -51.6699 41.7741 0
    endloop
  endfacet
  facet normal 0 0 -1
    outer loop
      vertex -61.2836 51.423 0
      vertex -51.6699 41.7741 0
      vertex -53.7238 39.0973 0
    endloop
  endfacet
  facet normal 0 0 -1
    outer loop
      vertex -65.5322 45.8861 0
      vertex -53.7238 39.0973 0
      vertex -53.7853 39.0126 0
    endloop
  endfacet
  facet normal 0 0 -1
    outer loop
      vertex -65.5322 45.8861 0
      vertex -53.7853 39.0126 0
      vertex -55.6964 36.2321 0
    endloop
  endfacet
  facet normal 0 0 -1
    outer loop
      vertex -65.5322 45.8861 0
      vertex -55.6964 36.2321 0
      vertex -55.7534 36.1443 0
    endloop
  endfacet
  facet normal 0 0 -1
    outer loop
      vertex -44.4988 49.3427 0
      vertex -56.5685 56.5685 0
      vertex -51.423 61.2836 0
    endloop
  endfacet
  facet normal 0 0 -1
    outer loop
      vertex -69.282 40 0
      vertex -55.7534 36.1443 0
      vertex -57.5163 33.2675 0
    endloop
  endfacet
  facet normal 0 0 -1
    outer loop
      vertex -69.282 40 0
      vertex -57.5163 33.2675 0
      vertex -57.5686 33.1768 0
    endloop
  endfacet
  facet normal 0 0 -1
    outer loop
      vertex -69.282 40 0
      vertex -57.5686 33.1768 0
      vertex -59.1785 30.2117 0
    endloop
  endfacet
  facet normal 0 0 -1
    outer loop
      vertex -69.282 40 0
      vertex -59.1785 30.2117 0
      vertex -59.2261 30.1184 0
    endloop
  endfacet
  facet normal 0 0 -1
    outer loop
      vertex -69.282 40 0
      vertex -59.2261 30.1184 0
      vertex -60.6786 27.0732 0
    endloop
  endfacet
  facet normal 0 0 -1
    outer loop
      vertex -69.282 40 0
      vertex -60.6786 27.0732 0
      vertex -60.7212 26.9775 0
    endloop
  endfacet
  facet normal 0 0 -1
    outer loop
      vertex -49.3427 44.4988 0
      vertex -61.2836 51.423 0
      vertex -56.5685 56.5685 0
    endloop
  endfacet
  facet normal 0 0 -1
    outer loop
      vertex -69.282 40 0
      vertex -60.7212 26.9775 0
      vertex -62.0123 23.8604 0
    endloop
  endfacet
  facet normal 0 0 -1
    outer loop
      vertex -69.282 40 0
      vertex -62.0123 23.8604 0
      vertex -62.0499 23.7626 0
    endloop
  endfacet
  facet normal 0 0 -1
    outer loop
      vertex -69.282 40 0
      vertex -62.0499 23.7626 0
      vertex -63.1761 20.5822 0
    endloop
  endfacet
  facet normal 0 0 -1
    outer loop
      vertex -69.282 40 0
      vertex -63.1761 20.5822 0
      vertex -63.2085 20.4826 0
    endloop
  endfacet
  facet normal 0 0 -1
    outer loop
      vertex -69.282 40 0
      vertex -63.2085 20.4826 0
      vertex -64.1667 17.2476 0
    endloop
  endfacet
  facet normal 0 0 -1
    outer loop
      vertex -64.1938 17.1465 0
      vertex -64.1667 17.2476 0
      vertex -64.1829 17.1829 0
    endloop
  endfacet
  facet normal -0 0 -1
    outer loop
      vertex -64.1667 17.2476 0
      vertex -64.1938 17.1465 0
      vertex -69.282 40 0
    endloop
  endfacet
  facet normal 0 0 -1
    outer loop
      vertex -69.282 40 0
      vertex -64.1938 17.1465 0
      vertex -64.9814 13.8658 0
    endloop
  endfacet
  facet normal 0 0 -1
    outer loop
      vertex -69.282 40 0
      vertex -64.9814 13.8658 0
      vertex -65.0032 13.7633 0
    endloop
  endfacet
  facet normal 0 0 -1
    outer loop
      vertex -53.7238 39.0973 0
      vertex -65.5322 45.8861 0
      vertex -61.2836 51.423 0
    endloop
  endfacet
  facet normal 0 0 -1
    outer loop
      vertex -70.4845 0.875 0
      vertex -66.356 3.42514 0
      vertex -70.414 0.739581 0
    endloop
  endfacet
  facet normal 0 0 -1
    outer loop
      vertex -66.4443 0.0523529 0
      vertex -70.414 0.739581 0
      vertex -66.356 3.42514 0
    endloop
  endfacet
  facet normal 0 0 -1
    outer loop
      vertex -70.414 0.739581 0
      vertex -66.4443 0.0523529 0
      vertex -70.3555 0.598535 0
    endloop
  endfacet
  facet normal 0 0 -1
    outer loop
      vertex -70.3555 0.598535 0
      vertex -66.4443 0.0523529 0
      vertex -70.3096 0.452933 0
    endloop
  endfacet
  facet normal 0 0 -1
    outer loop
      vertex -70.3096 0.452933 0
      vertex -66.4443 0.0523529 0
      vertex -70.2766 0.303884 0
    endloop
  endfacet
  facet normal 0 0 -1
    outer loop
      vertex -70.2766 0.303884 0
      vertex -66.4443 0.0523529 0
      vertex -70.2567 0.152522 0
    endloop
  endfacet
  facet normal 0 0 -1
    outer loop
      vertex -70.2567 0.152522 0
      vertex -66.4443 0.0523529 0
      vertex -70.25 0 0
    endloop
  endfacet
  facet normal 0 -0 -1
    outer loop
      vertex -71.6961 -1.72341 0
      vertex -66.0858 -6.89325 0
      vertex -71.8475 -1.74334 0
    endloop
  endfacet
  facet normal 0 -0 -1
    outer loop
      vertex -71.5471 -1.69037 0
      vertex -66.0858 -6.89325 0
      vertex -71.6961 -1.72341 0
    endloop
  endfacet
  facet normal 0 -0 -1
    outer loop
      vertex -70.7626 -1.23744 0
      vertex -66.356 -3.42514 0
      vertex -70.8751 -1.34058 0
    endloop
  endfacet
  facet normal 0 0 -1
    outer loop
      vertex -78.7846 -13.8919 0
      vertex -67.3299 -16.2177 0
      vertex -67.4441 -16.3665 0
    endloop
  endfacet
  facet normal 0 0 -1
    outer loop
      vertex -79.6956 -6.97246 0
      vertex -66.0748 -6.99738 0
      vertex -78.7846 -13.8919 0
    endloop
  endfacet
  facet normal 0 0 -1
    outer loop
      vertex -79.6956 -6.97246 0
      vertex -72.1525 -1.74334 0
      vertex -66.0748 -6.99738 0
    endloop
  endfacet
  facet normal -0 0 -1
    outer loop
      vertex -65.6181 -10.4459 0
      vertex -78.7846 -13.8919 0
      vertex -65.6345 -10.3425 0
    endloop
  endfacet
  facet normal 0 0 -1
    outer loop
      vertex -67.6315 -16.6911 0
      vertex -78.7846 -13.8919 0
      vertex -67.5449 -16.5247 0
    endloop
  endfacet
  facet normal 0 0 -1
    outer loop
      vertex -67.7033 -16.8644 0
      vertex -78.7846 -13.8919 0
      vertex -67.6315 -16.6911 0
    endloop
  endfacet
  facet normal 0 0 -1
    outer loop
      vertex -67.7597 -17.0432 0
      vertex -78.7846 -13.8919 0
      vertex -67.7033 -16.8644 0
    endloop
  endfacet
  facet normal 0 0 -1
    outer loop
      vertex -67.8003 -17.2264 0
      vertex -78.7846 -13.8919 0
      vertex -67.7597 -17.0432 0
    endloop
  endfacet
  facet normal 0 0 -1
    outer loop
      vertex -78.7846 -13.8919 0
      vertex -67.8003 -17.2264 0
      vertex -77.2741 -20.7055 0
    endloop
  endfacet
  facet normal -0 0 -1
    outer loop
      vertex -67.833 -17.5997 0
      vertex -77.2741 -20.7055 0
      vertex -67.8248 -17.4123 0
    endloop
  endfacet
  facet normal -0 0 -1
    outer loop
      vertex -67.8248 -17.7871 0
      vertex -77.2741 -20.7055 0
      vertex -67.833 -17.5997 0
    endloop
  endfacet
  facet normal -0 0 -1
    outer loop
      vertex -67.7597 -18.1562 0
      vertex -77.2741 -20.7055 0
      vertex -67.8003 -17.973 0
    endloop
  endfacet
  facet normal 0 0 -1
    outer loop
      vertex -70.5665 1.00376 0
      vertex -66.356 3.42514 0
      vertex -70.4845 0.875 0
    endloop
  endfacet
  facet normal 0 0 -1
    outer loop
      vertex -55.7534 36.1443 0
      vertex -69.282 40 0
      vertex -65.5322 45.8861 0
    endloop
  endfacet
  facet normal 0 0 -1
    outer loop
      vertex -66.4443 -0.0523529 0
      vertex -70.25 0 0
      vertex -66.4443 0.0523529 0
    endloop
  endfacet
  facet normal 0 -0 -1
    outer loop
      vertex -70.25 0 0
      vertex -66.4443 -0.0523529 0
      vertex -70.2567 -0.152522 0
    endloop
  endfacet
  facet normal 0 -0 -1
    outer loop
      vertex -70.2567 -0.152522 0
      vertex -66.4443 -0.0523529 0
      vertex -70.2766 -0.303884 0
    endloop
  endfacet
  facet normal 0 -0 -1
    outer loop
      vertex -70.2766 -0.303884 0
      vertex -66.4443 -0.0523529 0
      vertex -70.3096 -0.452933 0
    endloop
  endfacet
  facet normal 0 -0 -1
    outer loop
      vertex -70.3096 -0.452933 0
      vertex -66.4443 -0.0523529 0
      vertex -70.3555 -0.598535 0
    endloop
  endfacet
  facet normal 0 -0 -1
    outer loop
      vertex -70.3555 -0.598535 0
      vertex -66.4443 -0.0523529 0
      vertex -70.414 -0.739581 0
    endloop
  endfacet
  facet normal -0 0 -1
    outer loop
      vertex -67.8003 -17.973 0
      vertex -77.2741 -20.7055 0
      vertex -67.8248 -17.7871 0
    endloop
  endfacet
  facet normal 0 0 -1
    outer loop
      vertex -66.356 -3.42514 0
      vertex -70.414 -0.739581 0
      vertex -66.4443 -0.0523529 0
    endloop
  endfacet
  facet normal -0 0 -1
    outer loop
      vertex -67.8248 -17.4123 0
      vertex -77.2741 -20.7055 0
      vertex -67.8003 -17.2264 0
    endloop
  endfacet
  facet normal 0 -0 -1
    outer loop
      vertex -70.414 -0.739581 0
      vertex -66.356 -3.42514 0
      vertex -70.4845 -0.875 0
    endloop
  endfacet
  facet normal 0 -0 -1
    outer loop
      vertex -70.4845 -0.875 0
      vertex -66.356 -3.42514 0
      vertex -70.5665 -1.00376 0
    endloop
  endfacet
  facet normal 0 -0 -1
    outer loop
      vertex -70.5665 -1.00376 0
      vertex -66.356 -3.42514 0
      vertex -70.6594 -1.12488 0
    endloop
  endfacet
  facet normal 0 -0 -1
    outer loop
      vertex -70.6594 -1.12488 0
      vertex -66.356 -3.42514 0
      vertex -70.7626 -1.23744 0
    endloop
  endfacet
  facet normal 0 0 -1
    outer loop
      vertex -66.3505 -3.52971 0
      vertex -70.9962 -1.43352 0
      vertex -66.356 -3.42514 0
    endloop
  endfacet
  facet normal 0 -0 -1
    outer loop
      vertex -70.9962 -1.43352 0
      vertex -66.3505 -3.52971 0
      vertex -71.125 -1.51554 0
    endloop
  endfacet
  facet normal 0 -0 -1
    outer loop
      vertex -71.125 -1.51554 0
      vertex -66.3505 -3.52971 0
      vertex -71.2604 -1.58604 0
    endloop
  endfacet
  facet normal 0 -0 -1
    outer loop
      vertex -71.2604 -1.58604 0
      vertex -66.3505 -3.52971 0
      vertex -71.4015 -1.64446 0
    endloop
  endfacet
  facet normal 0 0 -1
    outer loop
      vertex -66.0858 -6.89325 0
      vertex -71.4015 -1.64446 0
      vertex -66.3505 -3.52971 0
    endloop
  endfacet
  facet normal 0 -0 -1
    outer loop
      vertex -71.4015 -1.64446 0
      vertex -66.0858 -6.89325 0
      vertex -71.5471 -1.69037 0
    endloop
  endfacet
  facet normal 0 0 -1
    outer loop
      vertex -66.0858 -6.89325 0
      vertex -72 -1.75 0
      vertex -71.8475 -1.74334 0
    endloop
  endfacet
  facet normal 0 0 -1
    outer loop
      vertex -66.0748 -6.99738 0
      vertex -72 -1.75 0
      vertex -66.0858 -6.89325 0
    endloop
  endfacet
  facet normal -0 -0 -1
    outer loop
      vertex -72 -1.75 0
      vertex -66.0748 -6.99738 0
      vertex -72.1525 -1.74334 0
    endloop
  endfacet
  facet normal 0 0 -1
    outer loop
      vertex -78.7846 -13.8919 0
      vertex -66.0748 -6.99738 0
      vertex -65.6345 -10.3425 0
    endloop
  endfacet
  facet normal -0 0 -1
    outer loop
      vertex -72.1525 -1.74334 0
      vertex -79.6956 -6.97246 0
      vertex -72.3039 -1.72341 0
    endloop
  endfacet
  facet normal 0 0 -1
    outer loop
      vertex -67.5449 -16.5247 0
      vertex -78.7846 -13.8919 0
      vertex -67.4441 -16.3665 0
    endloop
  endfacet
  facet normal -0 0 -1
    outer loop
      vertex -72.3039 -1.72341 0
      vertex -79.6956 -6.97246 0
      vertex -72.4529 -1.69037 0
    endloop
  endfacet
  facet normal -0 0 -1
    outer loop
      vertex -72.4529 -1.69037 0
      vertex -79.6956 -6.97246 0
      vertex -72.5985 -1.64446 0
    endloop
  endfacet
  facet normal -0 0 -1
    outer loop
      vertex -72.5985 -1.64446 0
      vertex -79.6956 -6.97246 0
      vertex -72.7396 -1.58604 0
    endloop
  endfacet
  facet normal -0 0 -1
    outer loop
      vertex -72.7396 -1.58604 0
      vertex -79.6956 -6.97246 0
      vertex -72.875 -1.51554 0
    endloop
  endfacet
  facet normal -0 0 -1
    outer loop
      vertex -72.875 -1.51554 0
      vertex -79.6956 -6.97246 0
      vertex -73.0038 -1.43352 0
    endloop
  endfacet
  facet normal -0 0 -1
    outer loop
      vertex -73.0038 -1.43352 0
      vertex -79.6956 -6.97246 0
      vertex -73.1249 -1.34058 0
    endloop
  endfacet
  facet normal -0 0 -1
    outer loop
      vertex -73.1249 -1.34058 0
      vertex -79.6956 -6.97246 0
      vertex -73.2374 -1.23744 0
    endloop
  endfacet
  facet normal -0 0 -1
    outer loop
      vertex -73.2374 -1.23744 0
      vertex -79.6956 -6.97246 0
      vertex -73.3406 -1.12488 0
    endloop
  endfacet
  facet normal -0 0 -1
    outer loop
      vertex -73.3406 -1.12488 0
      vertex -79.6956 -6.97246 0
      vertex -73.4335 -1.00376 0
    endloop
  endfacet
  facet normal 0 0 -1
    outer loop
      vertex -80 0 0
      vertex -73.4335 -1.00376 0
      vertex -79.6956 -6.97246 0
    endloop
  endfacet
  facet normal 0 0 -1
    outer loop
      vertex -73.4335 -1.00376 0
      vertex -80 0 0
      vertex -73.5155 -0.875 0
    endloop
  endfacet
  facet normal 0 0 -1
    outer loop
      vertex -73.5155 -0.875 0
      vertex -80 0 0
      vertex -73.586 -0.739581 0
    endloop
  endfacet
  facet normal 0 0 -1
    outer loop
      vertex -73.586 -0.739581 0
      vertex -80 0 0
      vertex -73.6445 -0.598535 0
    endloop
  endfacet
  facet normal 0 0 -1
    outer loop
      vertex 45.8861 65.5322 0
      vertex 37.7433 62.2013 0
      vertex 37.75 62.3538 0
    endloop
  endfacet
  facet normal 0 0 -1
    outer loop
      vertex 39.0973 53.7238 0
      vertex 37.7234 62.0499 0
      vertex 37.7433 62.2013 0
    endloop
  endfacet
  facet normal 0 0 -1
    outer loop
      vertex 39.0973 53.7238 0
      vertex 37.6904 61.9009 0
      vertex 37.7234 62.0499 0
    endloop
  endfacet
  facet normal 0 0 -1
    outer loop
      vertex 39.0973 53.7238 0
      vertex 37.6445 61.7553 0
      vertex 37.6904 61.9009 0
    endloop
  endfacet
  facet normal 0 0 -1
    outer loop
      vertex 39.0973 53.7238 0
      vertex 37.586 61.6142 0
      vertex 37.6445 61.7553 0
    endloop
  endfacet
  facet normal 0 0 -1
    outer loop
      vertex 39.0973 53.7238 0
      vertex 37.5155 61.4788 0
      vertex 37.586 61.6142 0
    endloop
  endfacet
  facet normal 0 0 -1
    outer loop
      vertex 39.0126 53.7853 0
      vertex 37.4335 61.3501 0
      vertex 37.5155 61.4788 0
    endloop
  endfacet
  facet normal 0 0 -1
    outer loop
      vertex 39.0126 53.7853 0
      vertex 37.3406 61.229 0
      vertex 37.4335 61.3501 0
    endloop
  endfacet
  facet normal 0 0 -1
    outer loop
      vertex 39.0126 53.7853 0
      vertex 37.2374 61.1164 0
      vertex 37.3406 61.229 0
    endloop
  endfacet
  facet normal 0 0 -1
    outer loop
      vertex 39.0126 53.7853 0
      vertex 37.1249 61.0133 0
      vertex 37.2374 61.1164 0
    endloop
  endfacet
  facet normal 0 0 -1
    outer loop
      vertex 36.2321 55.6964 0
      vertex 37.1249 61.0133 0
      vertex 39.0126 53.7853 0
    endloop
  endfacet
  facet normal 0 0 -1
    outer loop
      vertex 37.1249 61.0133 0
      vertex 36.2321 55.6964 0
      vertex 37.0038 60.9203 0
    endloop
  endfacet
  facet normal 0 0 -1
    outer loop
      vertex 37.0038 60.9203 0
      vertex 36.2321 55.6964 0
      vertex 36.875 60.8383 0
    endloop
  endfacet
  facet normal 0 0 -1
    outer loop
      vertex 36.875 60.8383 0
      vertex 36.2321 55.6964 0
      vertex 36.7396 60.7678 0
    endloop
  endfacet
  facet normal 0 0 -1
    outer loop
      vertex 36.7396 60.7678 0
      vertex 36.2321 55.6964 0
      vertex 36.5985 60.7094 0
    endloop
  endfacet
  facet normal 0 0 -1
    outer loop
      vertex 36.1443 55.7534 0
      vertex 36.5985 60.7094 0
      vertex 36.2321 55.6964 0
    endloop
  endfacet
  facet normal 0 0 -1
    outer loop
      vertex 36.5985 60.7094 0
      vertex 36.1443 55.7534 0
      vertex 36.4529 60.6635 0
    endloop
  endfacet
  facet normal 0 0 -1
    outer loop
      vertex 36.4529 60.6635 0
      vertex 36.1443 55.7534 0
      vertex 36.3039 60.6304 0
    endloop
  endfacet
  facet normal 0 0 -1
    outer loop
      vertex 36.3039 60.6304 0
      vertex 36.1443 55.7534 0
      vertex 36.1525 60.6105 0
    endloop
  endfacet
  facet normal 0 0 -1
    outer loop
      vertex 36.1443 55.7534 0
      vertex 36 60.6038 0
      vertex 36.1525 60.6105 0
    endloop
  endfacet
  facet normal 0 0 -1
    outer loop
      vertex 36.1443 55.7534 0
      vertex 35.8475 60.6105 0
      vertex 36 60.6038 0
    endloop
  endfacet
  facet normal 0 0 -1
    outer loop
      vertex 33.2675 57.5163 0
      vertex 35.8475 60.6105 0
      vertex 36.1443 55.7534 0
    endloop
  endfacet
  facet normal -0 0 -1
    outer loop
      vertex 35.8475 60.6105 0
      vertex 33.2675 57.5163 0
      vertex 35.6961 60.6304 0
    endloop
  endfacet
  facet normal -0 0 -1
    outer loop
      vertex 35.6961 60.6304 0
      vertex 33.2675 57.5163 0
      vertex 35.5471 60.6635 0
    endloop
  endfacet
  facet normal -0 0 -1
    outer loop
      vertex 35.5471 60.6635 0
      vertex 33.2675 57.5163 0
      vertex 35.4015 60.7094 0
    endloop
  endfacet
  facet normal -0 0 -1
    outer loop
      vertex 35.4015 60.7094 0
      vertex 33.2675 57.5163 0
      vertex 35.2604 60.7678 0
    endloop
  endfacet
  facet normal -0 0 -1
    outer loop
      vertex 35.2604 60.7678 0
      vertex 33.2675 57.5163 0
      vertex 35.125 60.8383 0
    endloop
  endfacet
  facet normal 0 0 -1
    outer loop
      vertex 33.1768 57.5686 0
      vertex 35.125 60.8383 0
      vertex 33.2675 57.5163 0
    endloop
  endfacet
  facet normal -0 0 -1
    outer loop
      vertex 35.125 60.8383 0
      vertex 33.1768 57.5686 0
      vertex 34.9962 60.9203 0
    endloop
  endfacet
  facet normal -0 0 -1
    outer loop
      vertex 34.9962 60.9203 0
      vertex 33.1768 57.5686 0
      vertex 34.8751 61.0133 0
    endloop
  endfacet
  facet normal -0 0 -1
    outer loop
      vertex 34.8751 61.0133 0
      vertex 33.1768 57.5686 0
      vertex 34.7626 61.1164 0
    endloop
  endfacet
  facet normal -0 0 -1
    outer loop
      vertex 34.7626 61.1164 0
      vertex 33.1768 57.5686 0
      vertex 34.6594 61.229 0
    endloop
  endfacet
  facet normal -0 0 -1
    outer loop
      vertex 34.6594 61.229 0
      vertex 33.1768 57.5686 0
      vertex 34.5665 61.3501 0
    endloop
  endfacet
  facet normal 0 0 -1
    outer loop
      vertex 30.2117 59.1785 0
      vertex 34.5665 61.3501 0
      vertex 33.1768 57.5686 0
    endloop
  endfacet
  facet normal -0 0 -1
    outer loop
      vertex 34.5665 61.3501 0
      vertex 30.2117 59.1785 0
      vertex 34.4845 61.4788 0
    endloop
  endfacet
  facet normal -0 0 -1
    outer loop
      vertex 34.4845 61.4788 0
      vertex 30.2117 59.1785 0
      vertex 34.414 61.6142 0
    endloop
  endfacet
  facet normal -0 0 -1
    outer loop
      vertex 34.414 61.6142 0
      vertex 30.2117 59.1785 0
      vertex 34.3555 61.7553 0
    endloop
  endfacet
  facet normal -0 0 -1
    outer loop
      vertex 34.3555 61.7553 0
      vertex 30.2117 59.1785 0
      vertex 34.3096 61.9009 0
    endloop
  endfacet
  facet normal -0 0 -1
    outer loop
      vertex 34.3096 61.9009 0
      vertex 30.2117 59.1785 0
      vertex 34.2766 62.0499 0
    endloop
  endfacet
  facet normal 0 0 -1
    outer loop
      vertex 30.1184 59.2261 0
      vertex 34.2567 62.2013 0
      vertex 30.2117 59.1785 0
    endloop
  endfacet
  facet normal -0 0 -1
    outer loop
      vertex 34.2567 62.2013 0
      vertex 30.1184 59.2261 0
      vertex 34.25 62.3538 0
    endloop
  endfacet
  facet normal -0 0 -1
    outer loop
      vertex 34.25 62.3538 0
      vertex 30.1184 59.2261 0
      vertex 34.2567 62.5064 0
    endloop
  endfacet
  facet normal 0 0 -1
    outer loop
      vertex 27.0732 60.6786 0
      vertex 34.2567 62.5064 0
      vertex 30.1184 59.2261 0
    endloop
  endfacet
  facet normal 0 0 -1
    outer loop
      vertex 26.9775 60.7212 0
      vertex 34.2567 62.5064 0
      vertex 27.0732 60.6786 0
    endloop
  endfacet
  facet normal -0 0 -1
    outer loop
      vertex 34.2567 62.5064 0
      vertex 26.9775 60.7212 0
      vertex 33.8095 72.5046 0
    endloop
  endfacet
  facet normal -0 0 -1
    outer loop
      vertex 33.8095 72.5046 0
      vertex 26.9775 60.7212 0
      vertex 27.3616 75.1754 0
    endloop
  endfacet
  facet normal 0 0 -1
    outer loop
      vertex 23.8604 62.0123 0
      vertex 27.3616 75.1754 0
      vertex 26.9775 60.7212 0
    endloop
  endfacet
  facet normal 0 0 -1
    outer loop
      vertex 23.7626 62.0499 0
      vertex 27.3616 75.1754 0
      vertex 23.8604 62.0123 0
    endloop
  endfacet
  facet normal 0 0 -1
    outer loop
      vertex 20.5822 63.1761 0
      vertex 27.3616 75.1754 0
      vertex 23.7626 62.0499 0
    endloop
  endfacet
  facet normal 0 0 -1
    outer loop
      vertex 20.4826 63.2085 0
      vertex 27.3616 75.1754 0
      vertex 20.5822 63.1761 0
    endloop
  endfacet
  facet normal -0 0 -1
    outer loop
      vertex 27.3616 75.1754 0
      vertex 20.4826 63.2085 0
      vertex 20.7055 77.2741 0
    endloop
  endfacet
  facet normal 0 0 -1
    outer loop
      vertex 17.2476 64.1667 0
      vertex 20.7055 77.2741 0
      vertex 20.4826 63.2085 0
    endloop
  endfacet
  facet normal 0 0 -1
    outer loop
      vertex 17.1465 64.1938 0
      vertex 17.2476 64.1667 0
      vertex 17.1829 64.1829 0
    endloop
  endfacet
  facet normal 0 0 -1
    outer loop
      vertex 17.2476 64.1667 0
      vertex 17.1465 64.1938 0
      vertex 20.7055 77.2741 0
    endloop
  endfacet
  facet normal 0 0 -1
    outer loop
      vertex 13.8658 64.9814 0
      vertex 20.7055 77.2741 0
      vertex 17.1465 64.1938 0
    endloop
  endfacet
  facet normal -0 0 -1
    outer loop
      vertex 20.7055 77.2741 0
      vertex 13.8658 64.9814 0
      vertex 13.8919 78.7846 0
    endloop
  endfacet
  facet normal 0 0 -1
    outer loop
      vertex 13.7633 65.0032 0
      vertex 13.8919 78.7846 0
      vertex 13.8658 64.9814 0
    endloop
  endfacet
  facet normal 0 0 -1
    outer loop
      vertex 10.4459 65.6181 0
      vertex 13.8919 78.7846 0
      vertex 13.7633 65.0032 0
    endloop
  endfacet
  facet normal 0 0 -1
    outer loop
      vertex 10.3425 65.6345 0
      vertex 13.8919 78.7846 0
      vertex 10.4459 65.6181 0
    endloop
  endfacet
  facet normal 0 0 -1
    outer loop
      vertex 6.99738 66.0748 0
      vertex 13.8919 78.7846 0
      vertex 10.3425 65.6345 0
    endloop
  endfacet
  facet normal 0 0 -1
    outer loop
      vertex 6.99738 66.0748 0
      vertex 6.97246 79.6956 0
      vertex 13.8919 78.7846 0
    endloop
  endfacet
  facet normal 0 0 -1
    outer loop
      vertex 6.89325 66.0858 0
      vertex 6.97246 79.6956 0
      vertex 6.99738 66.0748 0
    endloop
  endfacet
  facet normal 0 0 -1
    outer loop
      vertex 3.52971 66.3505 0
      vertex 6.97246 79.6956 0
      vertex 6.89325 66.0858 0
    endloop
  endfacet
  facet normal 0 0 -1
    outer loop
      vertex 3.42514 66.356 0
      vertex 6.97246 79.6956 0
      vertex 3.52971 66.3505 0
    endloop
  endfacet
  facet normal 0 0 -1
    outer loop
      vertex 0 80 0
      vertex 3.42514 66.356 0
      vertex 0.0523529 66.4443 0
    endloop
  endfacet
  facet normal 0 0 -1
    outer loop
      vertex 3.42514 66.356 0
      vertex 0 80 0
      vertex 6.97246 79.6956 0
    endloop
  endfacet
  facet normal 0 0 -1
    outer loop
      vertex -0.0523529 66.4443 0
      vertex 0 80 0
      vertex 0.0523529 66.4443 0
    endloop
  endfacet
  facet normal 0 0 -1
    outer loop
      vertex -3.42514 66.356 0
      vertex 0 80 0
      vertex -0.0523529 66.4443 0
    endloop
  endfacet
  facet normal 0 0 -1
    outer loop
      vertex -6.97246 79.6956 0
      vertex -3.42514 66.356 0
      vertex -3.52971 66.3505 0
    endloop
  endfacet
  facet normal 0 0 -1
    outer loop
      vertex -6.97246 79.6956 0
      vertex -3.52971 66.3505 0
      vertex -6.89325 66.0858 0
    endloop
  endfacet
  facet normal 0 0 -1
    outer loop
      vertex -3.42514 66.356 0
      vertex -6.97246 79.6956 0
      vertex 0 80 0
    endloop
  endfacet
  facet normal 0 0 -1
    outer loop
      vertex -6.99738 66.0748 0
      vertex -6.97246 79.6956 0
      vertex -6.89325 66.0858 0
    endloop
  endfacet
  facet normal 0 0 -1
    outer loop
      vertex -10.3425 65.6345 0
      vertex -6.97246 79.6956 0
      vertex -6.99738 66.0748 0
    endloop
  endfacet
  facet normal 0 0 -1
    outer loop
      vertex -13.8919 78.7846 0
      vertex -10.3425 65.6345 0
      vertex -10.4459 65.6181 0
    endloop
  endfacet
  facet normal 0 0 -1
    outer loop
      vertex -15.4824 66.0563 0
      vertex -13.8658 64.9814 0
      vertex -15.4579 65.8703 0
    endloop
  endfacet
  facet normal 0 0 -1
    outer loop
      vertex -15.4579 65.8703 0
      vertex -13.8658 64.9814 0
      vertex -15.4497 65.683 0
    endloop
  endfacet
  facet normal 0 0 -1
    outer loop
      vertex -10.3425 65.6345 0
      vertex -13.8919 78.7846 0
      vertex -6.97246 79.6956 0
    endloop
  endfacet
  facet normal 0 0 -1
    outer loop
      vertex -13.8658 64.9814 0
      vertex -15.4824 66.0563 0
      vertex -13.7633 65.0032 0
    endloop
  endfacet
  facet normal 0 0 -1
    outer loop
      vertex -13.8658 64.9814 0
      vertex -15.4579 65.4956 0
      vertex -15.4497 65.683 0
    endloop
  endfacet
  facet normal 0 0 -1
    outer loop
      vertex -13.8658 64.9814 0
      vertex -15.4824 65.3096 0
      vertex -15.4579 65.4956 0
    endloop
  endfacet
  facet normal 0 0 -1
    outer loop
      vertex -13.8658 64.9814 0
      vertex -15.523 65.1265 0
      vertex -15.4824 65.3096 0
    endloop
  endfacet
  facet normal -0 0 -1
    outer loop
      vertex -13.8658 64.9814 0
      vertex -15.5794 64.9476 0
      vertex -15.523 65.1265 0
    endloop
  endfacet
  facet normal 0 0 -1
    outer loop
      vertex -13.8658 64.9814 0
      vertex -15.6511 64.7743 0
      vertex -15.5794 64.9476 0
    endloop
  endfacet
  facet normal 0 0 -1
    outer loop
      vertex -13.8658 64.9814 0
      vertex -15.7377 64.608 0
      vertex -15.6511 64.7743 0
    endloop
  endfacet
  facet normal 0 -0 -1
    outer loop
      vertex -15.7377 64.608 0
      vertex -13.8658 64.9814 0
      vertex -15.7948 64.5183 0
    endloop
  endfacet
  facet normal 0 0 -1
    outer loop
      vertex 67.7033 18.335 0
      vertex 77.2741 20.7055 0
      vertex 67.7597 18.1562 0
    endloop
  endfacet
  facet normal 0 0 -1
    outer loop
      vertex 67.6315 18.5083 0
      vertex 77.2741 20.7055 0
      vertex 67.7033 18.335 0
    endloop
  endfacet
  facet normal 0 0 -1
    outer loop
      vertex 67.5449 18.6747 0
      vertex 77.2741 20.7055 0
      vertex 67.6315 18.5083 0
    endloop
  endfacet
  facet normal 0 0 -1
    outer loop
      vertex 67.4441 18.8329 0
      vertex 77.2741 20.7055 0
      vertex 67.5449 18.6747 0
    endloop
  endfacet
  facet normal 0 0 -1
    outer loop
      vertex 67.3299 18.9817 0
      vertex 77.2741 20.7055 0
      vertex 67.4441 18.8329 0
    endloop
  endfacet
  facet normal -0 0 -1
    outer loop
      vertex 77.2741 20.7055 0
      vertex 67.3299 18.9817 0
      vertex 75.1754 27.3616 0
    endloop
  endfacet
  facet normal 0 0 -1
    outer loop
      vertex 67.2032 19.12 0
      vertex 75.1754 27.3616 0
      vertex 67.3299 18.9817 0
    endloop
  endfacet
  facet normal 0 0 -1
    outer loop
      vertex 67.0649 19.2467 0
      vertex 75.1754 27.3616 0
      vertex 67.2032 19.12 0
    endloop
  endfacet
  facet normal 0 0 -1
    outer loop
      vertex 66.9161 19.3609 0
      vertex 75.1754 27.3616 0
      vertex 67.0649 19.2467 0
    endloop
  endfacet
  facet normal 0 0 -1
    outer loop
      vertex 66.758 19.4616 0
      vertex 75.1754 27.3616 0
      vertex 66.9161 19.3609 0
    endloop
  endfacet
  facet normal 0 0 -1
    outer loop
      vertex 66.5916 19.5483 0
      vertex 75.1754 27.3616 0
      vertex 66.758 19.4616 0
    endloop
  endfacet
  facet normal 0 0 -1
    outer loop
      vertex 66.4183 19.62 0
      vertex 75.1754 27.3616 0
      vertex 66.5916 19.5483 0
    endloop
  endfacet
  facet normal 0 0 -1
    outer loop
      vertex 62.0499 23.7626 0
      vertex 75.1754 27.3616 0
      vertex 66.4183 19.62 0
    endloop
  endfacet
  facet normal -0 0 -1
    outer loop
      vertex 75.1754 27.3616 0
      vertex 62.0123 23.8604 0
      vertex 72.5046 33.8095 0
    endloop
  endfacet
  facet normal 0 0 -1
    outer loop
      vertex 62.0499 23.7626 0
      vertex 66.4183 19.62 0
      vertex 66.2394 19.6764 0
    endloop
  endfacet
  facet normal 0 0 -1
    outer loop
      vertex 62.0499 23.7626 0
      vertex 66.2394 19.6764 0
      vertex 66.0563 19.717 0
    endloop
  endfacet
  facet normal 0 0 -1
    outer loop
      vertex 62.0499 23.7626 0
      vertex 66.0563 19.717 0
      vertex 65.8703 19.7415 0
    endloop
  endfacet
  facet normal 0 0 -1
    outer loop
      vertex 62.0499 23.7626 0
      vertex 65.8703 19.7415 0
      vertex 65.683 19.7497 0
    endloop
  endfacet
  facet normal 0 0 -1
    outer loop
      vertex 60.7212 26.9775 0
      vertex 72.5046 33.8095 0
      vertex 62.0123 23.8604 0
    endloop
  endfacet
  facet normal 0 0 -1
    outer loop
      vertex 62.0499 23.7626 0
      vertex 65.683 19.7497 0
      vertex 65.4956 19.7415 0
    endloop
  endfacet
  facet normal 0 0 -1
    outer loop
      vertex 63.1761 20.5822 0
      vertex 65.4956 19.7415 0
      vertex 65.3096 19.717 0
    endloop
  endfacet
  facet normal 0 0 -1
    outer loop
      vertex 63.1761 20.5822 0
      vertex 65.3096 19.717 0
      vertex 65.1265 19.6764 0
    endloop
  endfacet
  facet normal 0 0 -1
    outer loop
      vertex 63.1761 20.5822 0
      vertex 65.1265 19.6764 0
      vertex 64.9476 19.62 0
    endloop
  endfacet
  facet normal 0 0 -1
    outer loop
      vertex 63.2085 20.4826 0
      vertex 64.9476 19.62 0
      vertex 64.7743 19.5483 0
    endloop
  endfacet
  facet normal 0 0 -1
    outer loop
      vertex 63.2085 20.4826 0
      vertex 64.7743 19.5483 0
      vertex 64.608 19.4616 0
    endloop
  endfacet
  facet normal 0 0 -1
    outer loop
      vertex 63.2085 20.4826 0
      vertex 64.608 19.4616 0
      vertex 64.4498 19.3609 0
    endloop
  endfacet
  facet normal 0 0 -1
    outer loop
      vertex 63.2085 20.4826 0
      vertex 64.4498 19.3609 0
      vertex 64.301 19.2467 0
    endloop
  endfacet
  facet normal 0 0 -1
    outer loop
      vertex 63.2085 20.4826 0
      vertex 64.301 19.2467 0
      vertex 64.1627 19.12 0
    endloop
  endfacet
  facet normal 0 0 -1
    outer loop
      vertex 63.2085 20.4826 0
      vertex 64.1627 19.12 0
      vertex 64.036 18.9817 0
    endloop
  endfacet
  facet normal 0 0 -1
    outer loop
      vertex 63.2085 20.4826 0
      vertex 64.036 18.9817 0
      vertex 63.9218 18.8329 0
    endloop
  endfacet
  facet normal 0 0 -1
    outer loop
      vertex 63.2085 20.4826 0
      vertex 63.9218 18.8329 0
      vertex 63.821 18.6747 0
    endloop
  endfacet
  facet normal 0 0 -1
    outer loop
      vertex 63.2085 20.4826 0
      vertex 63.821 18.6747 0
      vertex 63.7719 18.5804 0
    endloop
  endfacet
  facet normal 0 0 -1
    outer loop
      vertex 64.9476 19.62 0
      vertex 63.2085 20.4826 0
      vertex 63.1761 20.5822 0
    endloop
  endfacet
  facet normal 0 0 -1
    outer loop
      vertex 65.4956 19.7415 0
      vertex 63.1761 20.5822 0
      vertex 62.0499 23.7626 0
    endloop
  endfacet
  facet normal 0 0 -1
    outer loop
      vertex 75.1754 27.3616 0
      vertex 62.0499 23.7626 0
      vertex 62.0123 23.8604 0
    endloop
  endfacet
  facet normal 0 0 -1
    outer loop
      vertex 60.6786 27.0732 0
      vertex 72.5046 33.8095 0
      vertex 60.7212 26.9775 0
    endloop
  endfacet
  facet normal 0 0 -1
    outer loop
      vertex 59.2261 30.1184 0
      vertex 72.5046 33.8095 0
      vertex 60.6786 27.0732 0
    endloop
  endfacet
  facet normal 0 0 -1
    outer loop
      vertex 59.1785 30.2117 0
      vertex 72.5046 33.8095 0
      vertex 59.2261 30.1184 0
    endloop
  endfacet
  facet normal -0 0 -1
    outer loop
      vertex 72.5046 33.8095 0
      vertex 59.1785 30.2117 0
      vertex 69.282 40 0
    endloop
  endfacet
  facet normal 0 0 -1
    outer loop
      vertex 57.5686 33.1768 0
      vertex 69.282 40 0
      vertex 59.1785 30.2117 0
    endloop
  endfacet
  facet normal 0 0 -1
    outer loop
      vertex 57.5163 33.2675 0
      vertex 69.282 40 0
      vertex 57.5686 33.1768 0
    endloop
  endfacet
  facet normal 0 0 -1
    outer loop
      vertex 55.7534 36.1443 0
      vertex 69.282 40 0
      vertex 57.5163 33.2675 0
    endloop
  endfacet
  facet normal -0 0 -1
    outer loop
      vertex 69.282 40 0
      vertex 55.7534 36.1443 0
      vertex 65.5322 45.8861 0
    endloop
  endfacet
  facet normal 0 0 -1
    outer loop
      vertex 55.6964 36.2321 0
      vertex 65.5322 45.8861 0
      vertex 55.7534 36.1443 0
    endloop
  endfacet
  facet normal 0 0 -1
    outer loop
      vertex 53.7853 39.0126 0
      vertex 65.5322 45.8861 0
      vertex 55.6964 36.2321 0
    endloop
  endfacet
  facet normal 0 0 -1
    outer loop
      vertex 53.7238 39.0973 0
      vertex 65.5322 45.8861 0
      vertex 53.7853 39.0126 0
    endloop
  endfacet
  facet normal -0 0 -1
    outer loop
      vertex 65.5322 45.8861 0
      vertex 53.7238 39.0973 0
      vertex 61.2836 51.423 0
    endloop
  endfacet
  facet normal 0 0 -1
    outer loop
      vertex 51.6699 41.7741 0
      vertex 61.2836 51.423 0
      vertex 53.7238 39.0973 0
    endloop
  endfacet
  facet normal 0 0 -1
    outer loop
      vertex 51.604 41.8554 0
      vertex 61.2836 51.423 0
      vertex 51.6699 41.7741 0
    endloop
  endfacet
  facet normal 0 0 -1
    outer loop
      vertex 49.4128 44.421 0
      vertex 61.2836 51.423 0
      vertex 51.604 41.8554 0
    endloop
  endfacet
  facet normal 0 0 -1
    outer loop
      vertex 49.3427 44.4988 0
      vertex 61.2836 51.423 0
      vertex 49.4128 44.421 0
    endloop
  endfacet
  facet normal -0 0 -1
    outer loop
      vertex 61.2836 51.423 0
      vertex 49.3427 44.4988 0
      vertex 56.5685 56.5685 0
    endloop
  endfacet
  facet normal 0 0 -1
    outer loop
      vertex 47.0202 46.9462 0
      vertex 56.5685 56.5685 0
      vertex 49.3427 44.4988 0
    endloop
  endfacet
  facet normal 0 0 -1
    outer loop
      vertex 46.9462 47.0202 0
      vertex 56.5685 56.5685 0
      vertex 47.0202 46.9462 0
    endloop
  endfacet
  facet normal 0 0 -1
    outer loop
      vertex 46.9462 47.0202 0
      vertex 47.0202 46.9462 0
      vertex 46.9722 46.9926 0
    endloop
  endfacet
  facet normal 0 0 -1
    outer loop
      vertex 44.4988 49.3427 0
      vertex 56.5685 56.5685 0
      vertex 46.9462 47.0202 0
    endloop
  endfacet
  facet normal -0 0 -1
    outer loop
      vertex 56.5685 56.5685 0
      vertex 44.4988 49.3427 0
      vertex 51.423 61.2836 0
    endloop
  endfacet
  facet normal 0 0 -1
    outer loop
      vertex 44.421 49.4128 0
      vertex 51.423 61.2836 0
      vertex 44.4988 49.3427 0
    endloop
  endfacet
  facet normal 0 0 -1
    outer loop
      vertex 41.8554 51.604 0
      vertex 51.423 61.2836 0
      vertex 44.421 49.4128 0
    endloop
  endfacet
  facet normal 0 0 -1
    outer loop
      vertex 41.7741 51.6699 0
      vertex 51.423 61.2836 0
      vertex 41.8554 51.604 0
    endloop
  endfacet
  facet normal -0 0 -1
    outer loop
      vertex 51.423 61.2836 0
      vertex 41.7741 51.6699 0
      vertex 45.8861 65.5322 0
    endloop
  endfacet
  facet normal 0 0 -1
    outer loop
      vertex 39.0973 53.7238 0
      vertex 45.8861 65.5322 0
      vertex 41.7741 51.6699 0
    endloop
  endfacet
  facet normal 0 0 -1
    outer loop
      vertex 37.7433 62.2013 0
      vertex 45.8861 65.5322 0
      vertex 39.0973 53.7238 0
    endloop
  endfacet
  facet normal 0 0 -1
    outer loop
      vertex 37.5155 61.4788 0
      vertex 39.0973 53.7238 0
      vertex 39.0126 53.7853 0
    endloop
  endfacet
  facet normal 0 0 -1
    outer loop
      vertex 37.7433 62.5064 0
      vertex 45.8861 65.5322 0
      vertex 37.75 62.3538 0
    endloop
  endfacet
  facet normal 0 0 -1
    outer loop
      vertex 37.7234 62.6577 0
      vertex 45.8861 65.5322 0
      vertex 37.7433 62.5064 0
    endloop
  endfacet
  facet normal 0 0 -1
    outer loop
      vertex 37.6904 62.8068 0
      vertex 45.8861 65.5322 0
      vertex 37.7234 62.6577 0
    endloop
  endfacet
  facet normal 0 0 -1
    outer loop
      vertex 37.6445 62.9524 0
      vertex 45.8861 65.5322 0
      vertex 37.6904 62.8068 0
    endloop
  endfacet
  facet normal 0 0 -1
    outer loop
      vertex 37.586 63.0934 0
      vertex 45.8861 65.5322 0
      vertex 37.6445 62.9524 0
    endloop
  endfacet
  facet normal -0 0 -1
    outer loop
      vertex 45.8861 65.5322 0
      vertex 37.586 63.0934 0
      vertex 40 69.282 0
    endloop
  endfacet
  facet normal 0 0 -1
    outer loop
      vertex 37.5155 63.2288 0
      vertex 40 69.282 0
      vertex 37.586 63.0934 0
    endloop
  endfacet
  facet normal 0 0 -1
    outer loop
      vertex 37.4335 63.3576 0
      vertex 40 69.282 0
      vertex 37.5155 63.2288 0
    endloop
  endfacet
  facet normal 0 0 -1
    outer loop
      vertex 37.3406 63.4787 0
      vertex 40 69.282 0
      vertex 37.4335 63.3576 0
    endloop
  endfacet
  facet normal 0 0 -1
    outer loop
      vertex 37.2374 63.5913 0
      vertex 40 69.282 0
      vertex 37.3406 63.4787 0
    endloop
  endfacet
  facet normal 0 0 -1
    outer loop
      vertex 37.1249 63.6944 0
      vertex 40 69.282 0
      vertex 37.2374 63.5913 0
    endloop
  endfacet
  facet normal 0 0 -1
    outer loop
      vertex 37.0038 63.7873 0
      vertex 40 69.282 0
      vertex 37.1249 63.6944 0
    endloop
  endfacet
  facet normal 0 0 -1
    outer loop
      vertex 36.875 63.8694 0
      vertex 40 69.282 0
      vertex 37.0038 63.7873 0
    endloop
  endfacet
  facet normal 0 0 -1
    outer loop
      vertex 36.7396 63.9399 0
      vertex 40 69.282 0
      vertex 36.875 63.8694 0
    endloop
  endfacet
  facet normal 0 0 -1
    outer loop
      vertex 36.5985 63.9983 0
      vertex 40 69.282 0
      vertex 36.7396 63.9399 0
    endloop
  endfacet
  facet normal 0 0 -1
    outer loop
      vertex 36.4529 64.0442 0
      vertex 40 69.282 0
      vertex 36.5985 63.9983 0
    endloop
  endfacet
  facet normal 0 0 -1
    outer loop
      vertex 36.3039 64.0772 0
      vertex 40 69.282 0
      vertex 36.4529 64.0442 0
    endloop
  endfacet
  facet normal 0 0 -1
    outer loop
      vertex 36.1525 64.0972 0
      vertex 40 69.282 0
      vertex 36.3039 64.0772 0
    endloop
  endfacet
  facet normal 0 0 -1
    outer loop
      vertex 36 64.1038 0
      vertex 40 69.282 0
      vertex 36.1525 64.0972 0
    endloop
  endfacet
  facet normal 0 0 -1
    outer loop
      vertex 35.8475 64.0972 0
      vertex 40 69.282 0
      vertex 36 64.1038 0
    endloop
  endfacet
  facet normal 0 0 -1
    outer loop
      vertex 33.8095 72.5046 0
      vertex 35.8475 64.0972 0
      vertex 35.6961 64.0772 0
    endloop
  endfacet
  facet normal 0 0 -1
    outer loop
      vertex 33.8095 72.5046 0
      vertex 35.6961 64.0772 0
      vertex 35.5471 64.0442 0
    endloop
  endfacet
  facet normal 0 0 -1
    outer loop
      vertex 33.8095 72.5046 0
      vertex 35.5471 64.0442 0
      vertex 35.4015 63.9983 0
    endloop
  endfacet
  facet normal 0 0 -1
    outer loop
      vertex 33.8095 72.5046 0
      vertex 35.4015 63.9983 0
      vertex 35.2604 63.9399 0
    endloop
  endfacet
  facet normal 0 0 -1
    outer loop
      vertex 33.8095 72.5046 0
      vertex 35.2604 63.9399 0
      vertex 35.125 63.8694 0
    endloop
  endfacet
  facet normal 0 0 -1
    outer loop
      vertex 33.8095 72.5046 0
      vertex 35.125 63.8694 0
      vertex 34.9962 63.7873 0
    endloop
  endfacet
  facet normal 0 0 -1
    outer loop
      vertex 33.8095 72.5046 0
      vertex 34.9962 63.7873 0
      vertex 34.8751 63.6944 0
    endloop
  endfacet
  facet normal 0 0 -1
    outer loop
      vertex 33.8095 72.5046 0
      vertex 34.8751 63.6944 0
      vertex 34.7626 63.5913 0
    endloop
  endfacet
  facet normal 0 0 -1
    outer loop
      vertex 35.8475 64.0972 0
      vertex 33.8095 72.5046 0
      vertex 40 69.282 0
    endloop
  endfacet
  facet normal 0 0 -1
    outer loop
      vertex 34.6594 63.4787 0
      vertex 33.8095 72.5046 0
      vertex 34.7626 63.5913 0
    endloop
  endfacet
  facet normal 0 0 -1
    outer loop
      vertex 34.5665 63.3576 0
      vertex 33.8095 72.5046 0
      vertex 34.6594 63.4787 0
    endloop
  endfacet
  facet normal 0 0 -1
    outer loop
      vertex 34.4845 63.2288 0
      vertex 33.8095 72.5046 0
      vertex 34.5665 63.3576 0
    endloop
  endfacet
  facet normal 0 0 -1
    outer loop
      vertex 34.414 63.0934 0
      vertex 33.8095 72.5046 0
      vertex 34.4845 63.2288 0
    endloop
  endfacet
  facet normal 0 0 -1
    outer loop
      vertex 34.3555 62.9524 0
      vertex 33.8095 72.5046 0
      vertex 34.414 63.0934 0
    endloop
  endfacet
  facet normal 0 0 -1
    outer loop
      vertex 34.3096 62.8068 0
      vertex 33.8095 72.5046 0
      vertex 34.3555 62.9524 0
    endloop
  endfacet
  facet normal 0 0 -1
    outer loop
      vertex 34.2766 62.6577 0
      vertex 33.8095 72.5046 0
      vertex 34.3096 62.8068 0
    endloop
  endfacet
  facet normal 0 0 -1
    outer loop
      vertex 34.2567 62.5064 0
      vertex 33.8095 72.5046 0
      vertex 34.2766 62.6577 0
    endloop
  endfacet
  facet normal -0 0 -1
    outer loop
      vertex 34.2766 62.0499 0
      vertex 30.2117 59.1785 0
      vertex 34.2567 62.2013 0
    endloop
  endfacet
  facet normal 0 0 -1
    outer loop
      vertex 70.8751 1.34058 0
      vertex 66.356 3.42514 0
      vertex 70.9962 1.43352 0
    endloop
  endfacet
  facet normal 0 0 -1
    outer loop
      vertex 66.3505 3.52971 0
      vertex 70.9962 1.43352 0
      vertex 66.356 3.42514 0
    endloop
  endfacet
  facet normal 0 0 -1
    outer loop
      vertex 66.0858 6.89325 0
      vertex 70.9962 1.43352 0
      vertex 66.3505 3.52971 0
    endloop
  endfacet
  facet normal 0 0 -1
    outer loop
      vertex 66.0748 6.99738 0
      vertex 70.9962 1.43352 0
      vertex 66.0858 6.89325 0
    endloop
  endfacet
  facet normal 0 0 -1
    outer loop
      vertex 65.6345 10.3425 0
      vertex 70.9962 1.43352 0
      vertex 66.0748 6.99738 0
    endloop
  endfacet
  facet normal 0 0 -1
    outer loop
      vertex 70.9962 1.43352 0
      vertex 65.6345 10.3425 0
      vertex 66.5916 15.6511 0
    endloop
  endfacet
  facet normal 0 0 -1
    outer loop
      vertex 65.6181 10.4459 0
      vertex 66.5916 15.6511 0
      vertex 65.6345 10.3425 0
    endloop
  endfacet
  facet normal 0 0 -1
    outer loop
      vertex 65.0032 13.7633 0
      vertex 66.5916 15.6511 0
      vertex 65.6181 10.4459 0
    endloop
  endfacet
  facet normal 0 0 -1
    outer loop
      vertex 66.5916 15.6511 0
      vertex 65.0032 13.7633 0
      vertex 66.4183 15.5794 0
    endloop
  endfacet
  facet normal 0 0 -1
    outer loop
      vertex 66.4183 15.5794 0
      vertex 65.0032 13.7633 0
      vertex 66.2394 15.523 0
    endloop
  endfacet
  facet normal 0 0 -1
    outer loop
      vertex 66.2394 15.523 0
      vertex 65.0032 13.7633 0
      vertex 66.0563 15.4824 0
    endloop
  endfacet
  facet normal 0 0 -1
    outer loop
      vertex 64.9814 13.8658 0
      vertex 66.0563 15.4824 0
      vertex 65.0032 13.7633 0
    endloop
  endfacet
  facet normal 0 0 -1
    outer loop
      vertex 66.0563 15.4824 0
      vertex 64.9814 13.8658 0
      vertex 65.8703 15.4579 0
    endloop
  endfacet
  facet normal 0 0 -1
    outer loop
      vertex 65.8703 15.4579 0
      vertex 64.9814 13.8658 0
      vertex 65.683 15.4497 0
    endloop
  endfacet
  facet normal -0 0 -1
    outer loop
      vertex 65.683 15.4497 0
      vertex 64.9814 13.8658 0
      vertex 65.4956 15.4579 0
    endloop
  endfacet
  facet normal -0 0 -1
    outer loop
      vertex 65.4956 15.4579 0
      vertex 64.9814 13.8658 0
      vertex 65.3096 15.4824 0
    endloop
  endfacet
  facet normal -0 0 -1
    outer loop
      vertex 65.3096 15.4824 0
      vertex 64.9814 13.8658 0
      vertex 65.1265 15.523 0
    endloop
  endfacet
  facet normal 0 0 -1
    outer loop
      vertex 64.9814 13.8658 0
      vertex 64.9476 15.5794 0
      vertex 65.1265 15.523 0
    endloop
  endfacet
  facet normal 0 0 -1
    outer loop
      vertex 64.9814 13.8658 0
      vertex 64.7743 15.6511 0
      vertex 64.9476 15.5794 0
    endloop
  endfacet
  facet normal 0 0 -1
    outer loop
      vertex 64.9814 13.8658 0
      vertex 64.608 15.7377 0
      vertex 64.7743 15.6511 0
    endloop
  endfacet
  facet normal -0 -0 -1
    outer loop
      vertex 64.608 15.7377 0
      vertex 64.9814 13.8658 0
      vertex 64.5183 15.7948 0
    endloop
  endfacet
  facet normal 0 0 -1
    outer loop
      vertex 37.6904 -61.9009 0
      vertex 45.8861 -65.5322 0
      vertex 37.7234 -62.0499 0
    endloop
  endfacet
  facet normal 0 0 -1
    outer loop
      vertex 37.6445 -61.7553 0
      vertex 45.8861 -65.5322 0
      vertex 37.6904 -61.9009 0
    endloop
  endfacet
  facet normal 0 0 -1
    outer loop
      vertex 37.586 -61.6142 0
      vertex 45.8861 -65.5322 0
      vertex 37.6445 -61.7553 0
    endloop
  endfacet
  facet normal 0 0 -1
    outer loop
      vertex 45.8861 -65.5322 0
      vertex 37.586 -61.6142 0
      vertex 39.0973 -53.7238 0
    endloop
  endfacet
  facet normal 0 0 -1
    outer loop
      vertex 37.5155 -61.4788 0
      vertex 39.0973 -53.7238 0
      vertex 37.586 -61.6142 0
    endloop
  endfacet
  facet normal 0 0 -1
    outer loop
      vertex 39.0973 -53.7238 0
      vertex 37.5155 -61.4788 0
      vertex 39.0126 -53.7853 0
    endloop
  endfacet
  facet normal 0 0 -1
    outer loop
      vertex 37.4335 -61.3501 0
      vertex 39.0126 -53.7853 0
      vertex 37.5155 -61.4788 0
    endloop
  endfacet
  facet normal 0 0 -1
    outer loop
      vertex 37.3406 -61.229 0
      vertex 39.0126 -53.7853 0
      vertex 37.4335 -61.3501 0
    endloop
  endfacet
  facet normal 0 0 -1
    outer loop
      vertex 37.2374 -61.1164 0
      vertex 39.0126 -53.7853 0
      vertex 37.3406 -61.229 0
    endloop
  endfacet
  facet normal 0 0 -1
    outer loop
      vertex 37.1249 -61.0133 0
      vertex 39.0126 -53.7853 0
      vertex 37.2374 -61.1164 0
    endloop
  endfacet
  facet normal 0 0 -1
    outer loop
      vertex 36.2321 -55.6964 0
      vertex 37.1249 -61.0133 0
      vertex 37.0038 -60.9203 0
    endloop
  endfacet
  facet normal 0 0 -1
    outer loop
      vertex 36.2321 -55.6964 0
      vertex 37.0038 -60.9203 0
      vertex 36.875 -60.8383 0
    endloop
  endfacet
  facet normal 0 0 -1
    outer loop
      vertex 36.2321 -55.6964 0
      vertex 36.875 -60.8383 0
      vertex 36.7396 -60.7678 0
    endloop
  endfacet
  facet normal 0 0 -1
    outer loop
      vertex 36.2321 -55.6964 0
      vertex 36.7396 -60.7678 0
      vertex 36.5985 -60.7094 0
    endloop
  endfacet
  facet normal 0 0 -1
    outer loop
      vertex 36.1443 -55.7534 0
      vertex 36.5985 -60.7094 0
      vertex 36.4529 -60.6635 0
    endloop
  endfacet
  facet normal 0 0 -1
    outer loop
      vertex 36.1443 -55.7534 0
      vertex 36.4529 -60.6635 0
      vertex 36.3039 -60.6304 0
    endloop
  endfacet
  facet normal 0 0 -1
    outer loop
      vertex 37.1249 -61.0133 0
      vertex 36.2321 -55.6964 0
      vertex 39.0126 -53.7853 0
    endloop
  endfacet
  facet normal 0 0 -1
    outer loop
      vertex 36.1443 -55.7534 0
      vertex 36.3039 -60.6304 0
      vertex 36.1525 -60.6105 0
    endloop
  endfacet
  facet normal 0 0 -1
    outer loop
      vertex 36.5985 -60.7094 0
      vertex 36.1443 -55.7534 0
      vertex 36.2321 -55.6964 0
    endloop
  endfacet
  facet normal 0 0 -1
    outer loop
      vertex 36 -60.6038 0
      vertex 36.1443 -55.7534 0
      vertex 36.1525 -60.6105 0
    endloop
  endfacet
  facet normal 0 0 -1
    outer loop
      vertex 35.8475 -60.6105 0
      vertex 36.1443 -55.7534 0
      vertex 36 -60.6038 0
    endloop
  endfacet
  facet normal 0 0 -1
    outer loop
      vertex 33.2675 -57.5163 0
      vertex 35.8475 -60.6105 0
      vertex 35.6961 -60.6304 0
    endloop
  endfacet
  facet normal 0 0 -1
    outer loop
      vertex 33.2675 -57.5163 0
      vertex 35.6961 -60.6304 0
      vertex 35.5471 -60.6635 0
    endloop
  endfacet
  facet normal 0 0 -1
    outer loop
      vertex 33.2675 -57.5163 0
      vertex 35.5471 -60.6635 0
      vertex 35.4015 -60.7094 0
    endloop
  endfacet
  facet normal 0 0 -1
    outer loop
      vertex 33.2675 -57.5163 0
      vertex 35.4015 -60.7094 0
      vertex 35.2604 -60.7678 0
    endloop
  endfacet
  facet normal 0 0 -1
    outer loop
      vertex 33.2675 -57.5163 0
      vertex 35.2604 -60.7678 0
      vertex 35.125 -60.8383 0
    endloop
  endfacet
  facet normal 0 0 -1
    outer loop
      vertex 33.2675 -57.5163 0
      vertex 35.125 -60.8383 0
      vertex 34.9962 -60.9203 0
    endloop
  endfacet
  facet normal 0 0 -1
    outer loop
      vertex 33.2675 -57.5163 0
      vertex 34.9962 -60.9203 0
      vertex 34.8751 -61.0133 0
    endloop
  endfacet
  facet normal 0 0 -1
    outer loop
      vertex 33.2675 -57.5163 0
      vertex 34.8751 -61.0133 0
      vertex 34.7626 -61.1164 0
    endloop
  endfacet
  facet normal 0 0 -1
    outer loop
      vertex 33.2675 -57.5163 0
      vertex 34.7626 -61.1164 0
      vertex 34.6594 -61.229 0
    endloop
  endfacet
  facet normal 0 0 -1
    outer loop
      vertex 33.2675 -57.5163 0
      vertex 34.6594 -61.229 0
      vertex 34.5665 -61.3501 0
    endloop
  endfacet
  facet normal 0 0 -1
    outer loop
      vertex 33.2675 -57.5163 0
      vertex 34.5665 -61.3501 0
      vertex 34.4845 -61.4788 0
    endloop
  endfacet
  facet normal 0 0 -1
    outer loop
      vertex 33.2675 -57.5163 0
      vertex 34.4845 -61.4788 0
      vertex 34.414 -61.6142 0
    endloop
  endfacet
  facet normal 0 0 -1
    outer loop
      vertex 33.2675 -57.5163 0
      vertex 34.414 -61.6142 0
      vertex 34.3555 -61.7553 0
    endloop
  endfacet
  facet normal 0 0 -1
    outer loop
      vertex 33.2675 -57.5163 0
      vertex 34.3555 -61.7553 0
      vertex 34.3096 -61.9009 0
    endloop
  endfacet
  facet normal 0 0 -1
    outer loop
      vertex 35.8475 -60.6105 0
      vertex 33.2675 -57.5163 0
      vertex 36.1443 -55.7534 0
    endloop
  endfacet
  facet normal 0 0 -1
    outer loop
      vertex 34.2766 -62.0499 0
      vertex 33.2675 -57.5163 0
      vertex 34.3096 -61.9009 0
    endloop
  endfacet
  facet normal 0 0 -1
    outer loop
      vertex 34.2567 -62.2013 0
      vertex 33.2675 -57.5163 0
      vertex 34.2766 -62.0499 0
    endloop
  endfacet
  facet normal 0 0 -1
    outer loop
      vertex 34.25 -62.3538 0
      vertex 33.2675 -57.5163 0
      vertex 34.2567 -62.2013 0
    endloop
  endfacet
  facet normal 0 0 -1
    outer loop
      vertex 34.2567 -62.5064 0
      vertex 33.2675 -57.5163 0
      vertex 34.25 -62.3538 0
    endloop
  endfacet
  facet normal 0 0 -1
    outer loop
      vertex 34.2567 -62.5064 0
      vertex 33.1768 -57.5686 0
      vertex 33.2675 -57.5163 0
    endloop
  endfacet
  facet normal 0 0 -1
    outer loop
      vertex 34.2567 -62.5064 0
      vertex 30.2117 -59.1785 0
      vertex 33.1768 -57.5686 0
    endloop
  endfacet
  facet normal 0 0 -1
    outer loop
      vertex 34.2567 -62.5064 0
      vertex 30.1184 -59.2261 0
      vertex 30.2117 -59.1785 0
    endloop
  endfacet
  facet normal 0 0 -1
    outer loop
      vertex 26.9775 -60.7212 0
      vertex 33.8095 -72.5046 0
      vertex 27.3616 -75.1754 0
    endloop
  endfacet
  facet normal 0 0 -1
    outer loop
      vertex 34.2766 -62.6577 0
      vertex 30.1184 -59.2261 0
      vertex 34.2567 -62.5064 0
    endloop
  endfacet
  facet normal 0 -0 -1
    outer loop
      vertex 30.1184 -59.2261 0
      vertex 34.2766 -62.6577 0
      vertex 27.0732 -60.6786 0
    endloop
  endfacet
  facet normal 0 0 -1
    outer loop
      vertex 27.3616 -75.1754 0
      vertex 23.8604 -62.0123 0
      vertex 26.9775 -60.7212 0
    endloop
  endfacet
  facet normal 0 0 -1
    outer loop
      vertex 27.3616 -75.1754 0
      vertex 23.7626 -62.0499 0
      vertex 23.8604 -62.0123 0
    endloop
  endfacet
  facet normal 0 0 -1
    outer loop
      vertex 18.9817 -67.3299 0
      vertex 27.3616 -75.1754 0
      vertex 20.7055 -77.2741 0
    endloop
  endfacet
  facet normal 0 -0 -1
    outer loop
      vertex 19.62 -66.4183 0
      vertex 27.3616 -75.1754 0
      vertex 19.5483 -66.5916 0
    endloop
  endfacet
  facet normal 0 -0 -1
    outer loop
      vertex 19.7415 -65.8703 0
      vertex 23.7626 -62.0499 0
      vertex 19.717 -66.0563 0
    endloop
  endfacet
  facet normal 0 -0 -1
    outer loop
      vertex 19.7497 -65.683 0
      vertex 23.7626 -62.0499 0
      vertex 19.7415 -65.8703 0
    endloop
  endfacet
  facet normal 0 0 -1
    outer loop
      vertex 19.7415 -65.4956 0
      vertex 20.5822 -63.1761 0
      vertex 19.7497 -65.683 0
    endloop
  endfacet
  facet normal 0 0 -1
    outer loop
      vertex 23.7626 -62.0499 0
      vertex 19.7497 -65.683 0
      vertex 20.5822 -63.1761 0
    endloop
  endfacet
  facet normal 0 0 -1
    outer loop
      vertex 23.7626 -62.0499 0
      vertex 19.6764 -66.2394 0
      vertex 19.717 -66.0563 0
    endloop
  endfacet
  facet normal 0 0 -1
    outer loop
      vertex 23.7626 -62.0499 0
      vertex 19.62 -66.4183 0
      vertex 19.6764 -66.2394 0
    endloop
  endfacet
  facet normal 0 0 -1
    outer loop
      vertex 27.3616 -75.1754 0
      vertex 19.62 -66.4183 0
      vertex 23.7626 -62.0499 0
    endloop
  endfacet
  facet normal 0 0 -1
    outer loop
      vertex 27.3616 -75.1754 0
      vertex 19.4616 -66.758 0
      vertex 19.5483 -66.5916 0
    endloop
  endfacet
  facet normal 0 0 -1
    outer loop
      vertex 27.3616 -75.1754 0
      vertex 19.3609 -66.9161 0
      vertex 19.4616 -66.758 0
    endloop
  endfacet
  facet normal 0 0 -1
    outer loop
      vertex 27.3616 -75.1754 0
      vertex 19.2467 -67.0649 0
      vertex 19.3609 -66.9161 0
    endloop
  endfacet
  facet normal 0 0 -1
    outer loop
      vertex 27.3616 -75.1754 0
      vertex 19.12 -67.2032 0
      vertex 19.2467 -67.0649 0
    endloop
  endfacet
  facet normal 0 0 -1
    outer loop
      vertex 27.3616 -75.1754 0
      vertex 18.9817 -67.3299 0
      vertex 19.12 -67.2032 0
    endloop
  endfacet
  facet normal 0 0 -1
    outer loop
      vertex 20.7055 -77.2741 0
      vertex 18.8329 -67.4441 0
      vertex 18.9817 -67.3299 0
    endloop
  endfacet
  facet normal 0 0 -1
    outer loop
      vertex 20.7055 -77.2741 0
      vertex 18.6747 -67.5449 0
      vertex 18.8329 -67.4441 0
    endloop
  endfacet
  facet normal 0 0 -1
    outer loop
      vertex 20.7055 -77.2741 0
      vertex 18.5083 -67.6315 0
      vertex 18.6747 -67.5449 0
    endloop
  endfacet
  facet normal 0 0 -1
    outer loop
      vertex 20.7055 -77.2741 0
      vertex 18.335 -67.7033 0
      vertex 18.5083 -67.6315 0
    endloop
  endfacet
  facet normal 0 0 -1
    outer loop
      vertex 20.7055 -77.2741 0
      vertex 18.1562 -67.7597 0
      vertex 18.335 -67.7033 0
    endloop
  endfacet
  facet normal 0 0 -1
    outer loop
      vertex 20.7055 -77.2741 0
      vertex 17.973 -67.8003 0
      vertex 18.1562 -67.7597 0
    endloop
  endfacet
  facet normal 0 0 -1
    outer loop
      vertex 20.7055 -77.2741 0
      vertex 17.7871 -67.8248 0
      vertex 17.973 -67.8003 0
    endloop
  endfacet
  facet normal 0 0 -1
    outer loop
      vertex 20.7055 -77.2741 0
      vertex 17.5997 -67.833 0
      vertex 17.7871 -67.8248 0
    endloop
  endfacet
  facet normal 0 0 -1
    outer loop
      vertex 20.7055 -77.2741 0
      vertex 17.4123 -67.8248 0
      vertex 17.5997 -67.833 0
    endloop
  endfacet
  facet normal 0 0 -1
    outer loop
      vertex 20.7055 -77.2741 0
      vertex 17.2264 -67.8003 0
      vertex 17.4123 -67.8248 0
    endloop
  endfacet
  facet normal 0 0 -1
    outer loop
      vertex 13.8919 -78.7846 0
      vertex 17.2264 -67.8003 0
      vertex 20.7055 -77.2741 0
    endloop
  endfacet
  facet normal -0 0 -1
    outer loop
      vertex 17.2264 -67.8003 0
      vertex 13.8919 -78.7846 0
      vertex 17.0432 -67.7597 0
    endloop
  endfacet
  facet normal -0 0 -1
    outer loop
      vertex 17.0432 -67.7597 0
      vertex 13.8919 -78.7846 0
      vertex 16.8644 -67.7033 0
    endloop
  endfacet
  facet normal -0 0 -1
    outer loop
      vertex 16.8644 -67.7033 0
      vertex 13.8919 -78.7846 0
      vertex 16.6911 -67.6315 0
    endloop
  endfacet
  facet normal -0 0 -1
    outer loop
      vertex 16.6911 -67.6315 0
      vertex 13.8919 -78.7846 0
      vertex 16.5247 -67.5449 0
    endloop
  endfacet
  facet normal -0 0 -1
    outer loop
      vertex 16.5247 -67.5449 0
      vertex 13.8919 -78.7846 0
      vertex 16.3665 -67.4441 0
    endloop
  endfacet
  facet normal -0 0 -1
    outer loop
      vertex 16.3665 -67.4441 0
      vertex 13.8919 -78.7846 0
      vertex 16.2177 -67.3299 0
    endloop
  endfacet
  facet normal 0 0 -1
    outer loop
      vertex 10.4459 -65.6181 0
      vertex 16.2177 -67.3299 0
      vertex 13.8919 -78.7846 0
    endloop
  endfacet
  facet normal 0 0 -1
    outer loop
      vertex 16.2177 -67.3299 0
      vertex 10.4459 -65.6181 0
      vertex 16.0794 -67.2032 0
    endloop
  endfacet
  facet normal 0 0 -1
    outer loop
      vertex 16.0794 -67.2032 0
      vertex 10.4459 -65.6181 0
      vertex 15.9527 -67.0649 0
    endloop
  endfacet
  facet normal 0 0 -1
    outer loop
      vertex 15.9527 -67.0649 0
      vertex 10.4459 -65.6181 0
      vertex 15.8385 -66.9161 0
    endloop
  endfacet
  facet normal 0 0 -1
    outer loop
      vertex 15.523 -66.2394 0
      vertex 13.7633 -65.0032 0
      vertex 15.4824 -66.0563 0
    endloop
  endfacet
  facet normal 0 0 -1
    outer loop
      vertex 15.5794 -66.4183 0
      vertex 13.7633 -65.0032 0
      vertex 15.523 -66.2394 0
    endloop
  endfacet
  facet normal 0 0 -1
    outer loop
      vertex 15.6511 -66.5916 0
      vertex 13.7633 -65.0032 0
      vertex 15.5794 -66.4183 0
    endloop
  endfacet
  facet normal 0 -0 -1
    outer loop
      vertex 13.7633 -65.0032 0
      vertex 15.6511 -66.5916 0
      vertex 10.4459 -65.6181 0
    endloop
  endfacet
  facet normal 0 0 -1
    outer loop
      vertex 15.7377 -66.758 0
      vertex 10.4459 -65.6181 0
      vertex 15.6511 -66.5916 0
    endloop
  endfacet
  facet normal 0 0 -1
    outer loop
      vertex 15.8385 -66.9161 0
      vertex 10.4459 -65.6181 0
      vertex 15.7377 -66.758 0
    endloop
  endfacet
  facet normal 0 0 -1
    outer loop
      vertex 73.4335 -1.00376 0
      vertex 80 0 0
      vertex 79.6956 -6.97246 0
    endloop
  endfacet
  facet normal 0 0 -1
    outer loop
      vertex 66.0748 -6.99738 0
      vertex 79.6956 -6.97246 0
      vertex 78.7846 -13.8919 0
    endloop
  endfacet
  facet normal 0 0 -1
    outer loop
      vertex 80 0 0
      vertex 73.6904 -0.452933 0
      vertex 73.7234 -0.303884 0
    endloop
  endfacet
  facet normal 0 0 -1
    outer loop
      vertex 65.0032 -13.7633 0
      vertex 78.7846 -13.8919 0
      vertex 77.2741 -20.7055 0
    endloop
  endfacet
  facet normal 0 0 -1
    outer loop
      vertex 73.7433 0.152522 0
      vertex 80 0 0
      vertex 73.75 0 0
    endloop
  endfacet
  facet normal 0 0 -1
    outer loop
      vertex 65.0032 -13.7633 0
      vertex 77.2741 -20.7055 0
      vertex 75.1754 -27.3616 0
    endloop
  endfacet
  facet normal 0 0 -1
    outer loop
      vertex 73.7234 0.303884 0
      vertex 80 0 0
      vertex 73.7433 0.152522 0
    endloop
  endfacet
  facet normal 0 0 -1
    outer loop
      vertex 73.6445 0.598535 0
      vertex 80 0 0
      vertex 73.6904 0.452933 0
    endloop
  endfacet
  facet normal 0 0 -1
    outer loop
      vertex 73.6904 0.452933 0
      vertex 80 0 0
      vertex 73.7234 0.303884 0
    endloop
  endfacet
  facet normal -0 0 -1
    outer loop
      vertex 80 0 0
      vertex 73.7433 -0.152522 0
      vertex 73.75 0 0
    endloop
  endfacet
  facet normal 0 0 -1
    outer loop
      vertex 80 0 0
      vertex 73.7234 -0.303884 0
      vertex 73.7433 -0.152522 0
    endloop
  endfacet
  facet normal 0 0 -1
    outer loop
      vertex 80 0 0
      vertex 73.6445 -0.598535 0
      vertex 73.6904 -0.452933 0
    endloop
  endfacet
  facet normal 0 0 -1
    outer loop
      vertex 80 0 0
      vertex 73.586 -0.739581 0
      vertex 73.6445 -0.598535 0
    endloop
  endfacet
  facet normal 0 0 -1
    outer loop
      vertex 80 0 0
      vertex 73.5155 -0.875 0
      vertex 73.586 -0.739581 0
    endloop
  endfacet
  facet normal 0 0 -1
    outer loop
      vertex 80 0 0
      vertex 73.4335 -1.00376 0
      vertex 73.5155 -0.875 0
    endloop
  endfacet
  facet normal 0 0 -1
    outer loop
      vertex 79.6956 -6.97246 0
      vertex 73.3406 -1.12488 0
      vertex 73.4335 -1.00376 0
    endloop
  endfacet
  facet normal 0 0 -1
    outer loop
      vertex 79.6956 -6.97246 0
      vertex 73.2374 -1.23744 0
      vertex 73.3406 -1.12488 0
    endloop
  endfacet
  facet normal 0 0 -1
    outer loop
      vertex 79.6956 -6.97246 0
      vertex 73.1249 -1.34058 0
      vertex 73.2374 -1.23744 0
    endloop
  endfacet
  facet normal 0 0 -1
    outer loop
      vertex 79.6956 -6.97246 0
      vertex 73.0038 -1.43352 0
      vertex 73.1249 -1.34058 0
    endloop
  endfacet
  facet normal 0 0 -1
    outer loop
      vertex 79.6956 -6.97246 0
      vertex 72.875 -1.51554 0
      vertex 73.0038 -1.43352 0
    endloop
  endfacet
  facet normal 0 0 -1
    outer loop
      vertex 79.6956 -6.97246 0
      vertex 72.7396 -1.58604 0
      vertex 72.875 -1.51554 0
    endloop
  endfacet
  facet normal 0 0 -1
    outer loop
      vertex 78.7846 -13.8919 0
      vertex 65.6181 -10.4459 0
      vertex 65.6345 -10.3425 0
    endloop
  endfacet
  facet normal 0 0 -1
    outer loop
      vertex 65.0032 -13.7633 0
      vertex 75.1754 -27.3616 0
      vertex 72.5046 -33.8095 0
    endloop
  endfacet
  facet normal 0 0 -1
    outer loop
      vertex 78.7846 -13.8919 0
      vertex 65.0032 -13.7633 0
      vertex 65.6181 -10.4459 0
    endloop
  endfacet
  facet normal 0 0 -1
    outer loop
      vertex 79.6956 -6.97246 0
      vertex 72.5985 -1.64446 0
      vertex 72.7396 -1.58604 0
    endloop
  endfacet
  facet normal 0 -0 -1
    outer loop
      vertex 66.0748 -6.99738 0
      vertex 78.7846 -13.8919 0
      vertex 65.6345 -10.3425 0
    endloop
  endfacet
  facet normal 0 0 -1
    outer loop
      vertex 79.6956 -6.97246 0
      vertex 72.4529 -1.69037 0
      vertex 72.5985 -1.64446 0
    endloop
  endfacet
  facet normal 0 0 -1
    outer loop
      vertex 79.6956 -6.97246 0
      vertex 72.3039 -1.72341 0
      vertex 72.4529 -1.69037 0
    endloop
  endfacet
  facet normal 0 -0 -1
    outer loop
      vertex 72.1525 -1.74334 0
      vertex 79.6956 -6.97246 0
      vertex 66.0748 -6.99738 0
    endloop
  endfacet
  facet normal 0 0 -1
    outer loop
      vertex 79.6956 -6.97246 0
      vertex 72.1525 -1.74334 0
      vertex 72.3039 -1.72341 0
    endloop
  endfacet
  facet normal 0 0 -1
    outer loop
      vertex 72.1525 -1.74334 0
      vertex 66.0748 -6.99738 0
      vertex 72 -1.75 0
    endloop
  endfacet
  facet normal 0 -0 -1
    outer loop
      vertex 66.0858 -6.89325 0
      vertex 72 -1.75 0
      vertex 66.0748 -6.99738 0
    endloop
  endfacet
  facet normal -0 0 -1
    outer loop
      vertex 72 -1.75 0
      vertex 66.0858 -6.89325 0
      vertex 71.8475 -1.74334 0
    endloop
  endfacet
  facet normal -0 0 -1
    outer loop
      vertex 71.8475 -1.74334 0
      vertex 66.0858 -6.89325 0
      vertex 71.6961 -1.72341 0
    endloop
  endfacet
  facet normal -0 0 -1
    outer loop
      vertex 71.6961 -1.72341 0
      vertex 66.0858 -6.89325 0
      vertex 71.5471 -1.69037 0
    endloop
  endfacet
  facet normal -0 0 -1
    outer loop
      vertex 71.5471 -1.69037 0
      vertex 66.0858 -6.89325 0
      vertex 71.4015 -1.64446 0
    endloop
  endfacet
  facet normal 0 -0 -1
    outer loop
      vertex 66.3505 -3.52971 0
      vertex 71.4015 -1.64446 0
      vertex 66.0858 -6.89325 0
    endloop
  endfacet
  facet normal -0 0 -1
    outer loop
      vertex 71.4015 -1.64446 0
      vertex 66.3505 -3.52971 0
      vertex 71.2604 -1.58604 0
    endloop
  endfacet
  facet normal -0 0 -1
    outer loop
      vertex 71.125 -1.51554 0
      vertex 66.3505 -3.52971 0
      vertex 70.9962 -1.43352 0
    endloop
  endfacet
  facet normal -0 0 -1
    outer loop
      vertex 70.9962 -1.43352 0
      vertex 66.3505 -3.52971 0
      vertex 70.8751 -1.34058 0
    endloop
  endfacet
  facet normal 0 -0 -1
    outer loop
      vertex 66.356 -3.42514 0
      vertex 70.8751 -1.34058 0
      vertex 66.3505 -3.52971 0
    endloop
  endfacet
  facet normal -0 0 -1
    outer loop
      vertex 70.8751 -1.34058 0
      vertex 66.356 -3.42514 0
      vertex 70.7626 -1.23744 0
    endloop
  endfacet
  facet normal -0 0 -1
    outer loop
      vertex 70.7626 -1.23744 0
      vertex 66.356 -3.42514 0
      vertex 70.6594 -1.12488 0
    endloop
  endfacet
  facet normal -0 0 -1
    outer loop
      vertex 70.6594 -1.12488 0
      vertex 66.356 -3.42514 0
      vertex 70.5665 -1.00376 0
    endloop
  endfacet
  facet normal -0 0 -1
    outer loop
      vertex 71.2604 -1.58604 0
      vertex 66.3505 -3.52971 0
      vertex 71.125 -1.51554 0
    endloop
  endfacet
  facet normal 0 0 -1
    outer loop
      vertex 65.0032 -13.7633 0
      vertex 72.5046 -33.8095 0
      vertex 69.282 -40 0
    endloop
  endfacet
  facet normal 0 0 -1
    outer loop
      vertex 73.586 0.739581 0
      vertex 80 0 0
      vertex 73.6445 0.598535 0
    endloop
  endfacet
  facet normal 0 0 -1
    outer loop
      vertex 73.5155 0.875 0
      vertex 80 0 0
      vertex 73.586 0.739581 0
    endloop
  endfacet
  facet normal 0 0 -1
    outer loop
      vertex 73.4335 1.00376 0
      vertex 80 0 0
      vertex 73.5155 0.875 0
    endloop
  endfacet
  facet normal 0 0 -1
    outer loop
      vertex 80 0 0
      vertex 73.4335 1.00376 0
      vertex 79.6956 6.97246 0
    endloop
  endfacet
  facet normal 0 0 -1
    outer loop
      vertex 73.3406 1.12488 0
      vertex 79.6956 6.97246 0
      vertex 73.4335 1.00376 0
    endloop
  endfacet
  facet normal 0 0 -1
    outer loop
      vertex 73.2374 1.23744 0
      vertex 79.6956 6.97246 0
      vertex 73.3406 1.12488 0
    endloop
  endfacet
  facet normal 0 0 -1
    outer loop
      vertex 73.1249 1.34058 0
      vertex 79.6956 6.97246 0
      vertex 73.2374 1.23744 0
    endloop
  endfacet
  facet normal 0 0 -1
    outer loop
      vertex 73.0038 1.43352 0
      vertex 79.6956 6.97246 0
      vertex 73.1249 1.34058 0
    endloop
  endfacet
  facet normal 0 0 -1
    outer loop
      vertex 72.875 1.51554 0
      vertex 79.6956 6.97246 0
      vertex 73.0038 1.43352 0
    endloop
  endfacet
  facet normal 0 0 -1
    outer loop
      vertex 72.7396 1.58604 0
      vertex 79.6956 6.97246 0
      vertex 72.875 1.51554 0
    endloop
  endfacet
  facet normal 0 0 -1
    outer loop
      vertex 72.5985 1.64446 0
      vertex 79.6956 6.97246 0
      vertex 72.7396 1.58604 0
    endloop
  endfacet
  facet normal 0 0 -1
    outer loop
      vertex 72.4529 1.69037 0
      vertex 79.6956 6.97246 0
      vertex 72.5985 1.64446 0
    endloop
  endfacet
  facet normal 0 0 -1
    outer loop
      vertex 72.3039 1.72341 0
      vertex 79.6956 6.97246 0
      vertex 72.4529 1.69037 0
    endloop
  endfacet
  facet normal 0 -0 -1
    outer loop
      vertex 67.5449 16.5247 0
      vertex 78.7846 13.8919 0
      vertex 67.4441 16.3665 0
    endloop
  endfacet
  facet normal 0 -0 -1
    outer loop
      vertex 67.8248 17.4123 0
      vertex 77.2741 20.7055 0
      vertex 67.8003 17.2264 0
    endloop
  endfacet
  facet normal 0 0 -1
    outer loop
      vertex 72.1525 1.74334 0
      vertex 79.6956 6.97246 0
      vertex 72.3039 1.72341 0
    endloop
  endfacet
  facet normal -0 0 -1
    outer loop
      vertex 79.6956 6.97246 0
      vertex 72.1525 1.74334 0
      vertex 78.7846 13.8919 0
    endloop
  endfacet
  facet normal 0 0 -1
    outer loop
      vertex 72 1.75 0
      vertex 78.7846 13.8919 0
      vertex 72.1525 1.74334 0
    endloop
  endfacet
  facet normal -0 0 -1
    outer loop
      vertex 78.7846 13.8919 0
      vertex 72 1.75 0
      vertex 67.0649 15.9527 0
    endloop
  endfacet
  facet normal 0 0 -1
    outer loop
      vertex 66.9161 15.8385 0
      vertex 72 1.75 0
      vertex 71.8475 1.74334 0
    endloop
  endfacet
  facet normal 0 0 -1
    outer loop
      vertex 66.758 15.7377 0
      vertex 71.8475 1.74334 0
      vertex 71.6961 1.72341 0
    endloop
  endfacet
  facet normal 0 0 -1
    outer loop
      vertex 66.5916 15.6511 0
      vertex 71.6961 1.72341 0
      vertex 71.5471 1.69037 0
    endloop
  endfacet
  facet normal 0 0 -1
    outer loop
      vertex 66.5916 15.6511 0
      vertex 71.5471 1.69037 0
      vertex 71.4015 1.64446 0
    endloop
  endfacet
  facet normal 0 0 -1
    outer loop
      vertex 66.5916 15.6511 0
      vertex 71.4015 1.64446 0
      vertex 71.2604 1.58604 0
    endloop
  endfacet
  facet normal 0 0 -1
    outer loop
      vertex 66.5916 15.6511 0
      vertex 71.2604 1.58604 0
      vertex 71.125 1.51554 0
    endloop
  endfacet
  facet normal 0 0 -1
    outer loop
      vertex 66.5916 15.6511 0
      vertex 71.125 1.51554 0
      vertex 70.9962 1.43352 0
    endloop
  endfacet
  facet normal 0 0 -1
    outer loop
      vertex 70.6594 1.12488 0
      vertex 66.356 3.42514 0
      vertex 70.7626 1.23744 0
    endloop
  endfacet
  facet normal 0 0 -1
    outer loop
      vertex 70.5665 1.00376 0
      vertex 66.356 3.42514 0
      vertex 70.6594 1.12488 0
    endloop
  endfacet
  facet normal 0 0 -1
    outer loop
      vertex 70.4845 0.875 0
      vertex 66.356 3.42514 0
      vertex 70.5665 1.00376 0
    endloop
  endfacet
  facet normal 0 0 -1
    outer loop
      vertex 70.414 0.739581 0
      vertex 66.356 3.42514 0
      vertex 70.4845 0.875 0
    endloop
  endfacet
  facet normal 0 0 -1
    outer loop
      vertex 66.356 3.42514 0
      vertex 70.414 0.739581 0
      vertex 66.4443 0.0523529 0
    endloop
  endfacet
  facet normal -0 0 -1
    outer loop
      vertex 70.3555 0.598535 0
      vertex 66.4443 0.0523529 0
      vertex 70.414 0.739581 0
    endloop
  endfacet
  facet normal -0 0 -1
    outer loop
      vertex 70.3096 0.452933 0
      vertex 66.4443 0.0523529 0
      vertex 70.3555 0.598535 0
    endloop
  endfacet
  facet normal -0 0 -1
    outer loop
      vertex 70.2766 0.303884 0
      vertex 66.4443 0.0523529 0
      vertex 70.3096 0.452933 0
    endloop
  endfacet
  facet normal -0 0 -1
    outer loop
      vertex 70.2567 0.152522 0
      vertex 66.4443 0.0523529 0
      vertex 70.2766 0.303884 0
    endloop
  endfacet
  facet normal 0 0 -1
    outer loop
      vertex 70.25 0 0
      vertex 66.4443 0.0523529 0
      vertex 70.2567 0.152522 0
    endloop
  endfacet
  facet normal 0 0 -1
    outer loop
      vertex 67.8248 17.7871 0
      vertex 77.2741 20.7055 0
      vertex 67.833 17.5997 0
    endloop
  endfacet
  facet normal 0 0 -1
    outer loop
      vertex 66.4443 0.0523529 0
      vertex 70.25 0 0
      vertex 66.4443 -0.0523529 0
    endloop
  endfacet
  facet normal -0 0 -1
    outer loop
      vertex 70.5665 -1.00376 0
      vertex 66.356 -3.42514 0
      vertex 70.4845 -0.875 0
    endloop
  endfacet
  facet normal 0 0 -1
    outer loop
      vertex 67.7597 18.1562 0
      vertex 77.2741 20.7055 0
      vertex 67.8003 17.973 0
    endloop
  endfacet
  facet normal 0 0 -1
    outer loop
      vertex 67.8003 17.973 0
      vertex 77.2741 20.7055 0
      vertex 67.8248 17.7871 0
    endloop
  endfacet
  facet normal 0 -0 -1
    outer loop
      vertex 67.833 17.5997 0
      vertex 77.2741 20.7055 0
      vertex 67.8248 17.4123 0
    endloop
  endfacet
  facet normal 0 0 -1
    outer loop
      vertex 70.7626 1.23744 0
      vertex 66.356 3.42514 0
      vertex 70.8751 1.34058 0
    endloop
  endfacet
  facet normal 0 0 -1
    outer loop
      vertex 78.7846 13.8919 0
      vertex 67.8003 17.2264 0
      vertex 77.2741 20.7055 0
    endloop
  endfacet
  facet normal 0 -0 -1
    outer loop
      vertex 67.8003 17.2264 0
      vertex 78.7846 13.8919 0
      vertex 67.7597 17.0432 0
    endloop
  endfacet
  facet normal 0 -0 -1
    outer loop
      vertex 67.7597 17.0432 0
      vertex 78.7846 13.8919 0
      vertex 67.7033 16.8644 0
    endloop
  endfacet
  facet normal 0 -0 -1
    outer loop
      vertex 67.7033 16.8644 0
      vertex 78.7846 13.8919 0
      vertex 67.6315 16.6911 0
    endloop
  endfacet
  facet normal 0 -0 -1
    outer loop
      vertex 67.6315 16.6911 0
      vertex 78.7846 13.8919 0
      vertex 67.5449 16.5247 0
    endloop
  endfacet
  facet normal 0 0 -1
    outer loop
      vertex 78.7846 13.8919 0
      vertex 67.3299 16.2177 0
      vertex 67.4441 16.3665 0
    endloop
  endfacet
  facet normal 0 0 -1
    outer loop
      vertex 78.7846 13.8919 0
      vertex 67.2032 16.0794 0
      vertex 67.3299 16.2177 0
    endloop
  endfacet
  facet normal 0 0 -1
    outer loop
      vertex 78.7846 13.8919 0
      vertex 67.0649 15.9527 0
      vertex 67.2032 16.0794 0
    endloop
  endfacet
  facet normal 0 0 -1
    outer loop
      vertex 72 1.75 0
      vertex 66.9161 15.8385 0
      vertex 67.0649 15.9527 0
    endloop
  endfacet
  facet normal 0 0 -1
    outer loop
      vertex 71.8475 1.74334 0
      vertex 66.758 15.7377 0
      vertex 66.9161 15.8385 0
    endloop
  endfacet
  facet normal 0 0 -1
    outer loop
      vertex 71.6961 1.72341 0
      vertex 66.5916 15.6511 0
      vertex 66.758 15.7377 0
    endloop
  endfacet
  facet normal 0 0 -1
    outer loop
      vertex 70.2567 -0.152522 0
      vertex 66.4443 -0.0523529 0
      vertex 70.25 0 0
    endloop
  endfacet
  facet normal 0 0 -1
    outer loop
      vertex 70.2766 -0.303884 0
      vertex 66.4443 -0.0523529 0
      vertex 70.2567 -0.152522 0
    endloop
  endfacet
  facet normal 0 0 -1
    outer loop
      vertex 70.3096 -0.452933 0
      vertex 66.4443 -0.0523529 0
      vertex 70.2766 -0.303884 0
    endloop
  endfacet
  facet normal 0 0 -1
    outer loop
      vertex 70.3555 -0.598535 0
      vertex 66.4443 -0.0523529 0
      vertex 70.3096 -0.452933 0
    endloop
  endfacet
  facet normal 0 0 -1
    outer loop
      vertex 70.414 -0.739581 0
      vertex 66.4443 -0.0523529 0
      vertex 70.3555 -0.598535 0
    endloop
  endfacet
  facet normal 0 -0 -1
    outer loop
      vertex 66.4443 -0.0523529 0
      vertex 70.414 -0.739581 0
      vertex 66.356 -3.42514 0
    endloop
  endfacet
  facet normal 0 0 -1
    outer loop
      vertex 55.7534 -36.1443 0
      vertex 69.282 -40 0
      vertex 65.5322 -45.8861 0
    endloop
  endfacet
  facet normal -0 0 -1
    outer loop
      vertex 70.4845 -0.875 0
      vertex 66.356 -3.42514 0
      vertex 70.414 -0.739581 0
    endloop
  endfacet
  facet normal 0 0 -1
    outer loop
      vertex 69.282 -40 0
      vertex 64.9814 -13.8658 0
      vertex 65.0032 -13.7633 0
    endloop
  endfacet
  facet normal 0 0 -1
    outer loop
      vertex 69.282 -40 0
      vertex 64.1938 -17.1465 0
      vertex 64.9814 -13.8658 0
    endloop
  endfacet
  facet normal 0 0 -1
    outer loop
      vertex 69.282 -40 0
      vertex 64.1667 -17.2476 0
      vertex 64.1938 -17.1465 0
    endloop
  endfacet
  facet normal 0 0 -1
    outer loop
      vertex 64.1938 -17.1465 0
      vertex 64.1667 -17.2476 0
      vertex 64.1829 -17.1829 0
    endloop
  endfacet
  facet normal 0 0 -1
    outer loop
      vertex 69.282 -40 0
      vertex 63.2085 -20.4826 0
      vertex 64.1667 -17.2476 0
    endloop
  endfacet
  facet normal 0 0 -1
    outer loop
      vertex 69.282 -40 0
      vertex 63.1761 -20.5822 0
      vertex 63.2085 -20.4826 0
    endloop
  endfacet
  facet normal 0 0 -1
    outer loop
      vertex 69.282 -40 0
      vertex 62.0499 -23.7626 0
      vertex 63.1761 -20.5822 0
    endloop
  endfacet
  facet normal 0 0 -1
    outer loop
      vertex 69.282 -40 0
      vertex 62.0123 -23.8604 0
      vertex 62.0499 -23.7626 0
    endloop
  endfacet
  facet normal 0 0 -1
    outer loop
      vertex 53.7238 -39.0973 0
      vertex 65.5322 -45.8861 0
      vertex 61.2836 -51.423 0
    endloop
  endfacet
  facet normal 0 0 -1
    outer loop
      vertex 69.282 -40 0
      vertex 60.7212 -26.9775 0
      vertex 62.0123 -23.8604 0
    endloop
  endfacet
  facet normal 0 0 -1
    outer loop
      vertex 69.282 -40 0
      vertex 60.6786 -27.0732 0
      vertex 60.7212 -26.9775 0
    endloop
  endfacet
  facet normal 0 0 -1
    outer loop
      vertex 69.282 -40 0
      vertex 59.2261 -30.1184 0
      vertex 60.6786 -27.0732 0
    endloop
  endfacet
  facet normal 0 0 -1
    outer loop
      vertex 69.282 -40 0
      vertex 59.1785 -30.2117 0
      vertex 59.2261 -30.1184 0
    endloop
  endfacet
  facet normal 0 0 -1
    outer loop
      vertex 69.282 -40 0
      vertex 57.5686 -33.1768 0
      vertex 59.1785 -30.2117 0
    endloop
  endfacet
  facet normal 0 0 -1
    outer loop
      vertex 69.282 -40 0
      vertex 57.5163 -33.2675 0
      vertex 57.5686 -33.1768 0
    endloop
  endfacet
  facet normal 0 0 -1
    outer loop
      vertex 49.3427 -44.4988 0
      vertex 61.2836 -51.423 0
      vertex 56.5685 -56.5685 0
    endloop
  endfacet
  facet normal 0 0 -1
    outer loop
      vertex 69.282 -40 0
      vertex 55.7534 -36.1443 0
      vertex 57.5163 -33.2675 0
    endloop
  endfacet
  facet normal 0 0 -1
    outer loop
      vertex 65.5322 -45.8861 0
      vertex 55.6964 -36.2321 0
      vertex 55.7534 -36.1443 0
    endloop
  endfacet
  facet normal 0 0 -1
    outer loop
      vertex 65.5322 -45.8861 0
      vertex 53.7853 -39.0126 0
      vertex 55.6964 -36.2321 0
    endloop
  endfacet
  facet normal 0 0 -1
    outer loop
      vertex 65.5322 -45.8861 0
      vertex 53.7238 -39.0973 0
      vertex 53.7853 -39.0126 0
    endloop
  endfacet
  facet normal 0 0 -1
    outer loop
      vertex 61.2836 -51.423 0
      vertex 51.6699 -41.7741 0
      vertex 53.7238 -39.0973 0
    endloop
  endfacet
  facet normal 0 0 -1
    outer loop
      vertex 61.2836 -51.423 0
      vertex 51.604 -41.8554 0
      vertex 51.6699 -41.7741 0
    endloop
  endfacet
  facet normal 0 0 -1
    outer loop
      vertex 44.4988 -49.3427 0
      vertex 56.5685 -56.5685 0
      vertex 51.423 -61.2836 0
    endloop
  endfacet
  facet normal 0 0 -1
    outer loop
      vertex 61.2836 -51.423 0
      vertex 49.4128 -44.421 0
      vertex 51.604 -41.8554 0
    endloop
  endfacet
  facet normal 0 0 -1
    outer loop
      vertex 61.2836 -51.423 0
      vertex 49.3427 -44.4988 0
      vertex 49.4128 -44.421 0
    endloop
  endfacet
  facet normal 0 0 -1
    outer loop
      vertex 56.5685 -56.5685 0
      vertex 47.0202 -46.9462 0
      vertex 49.3427 -44.4988 0
    endloop
  endfacet
  facet normal 0 0 -1
    outer loop
      vertex 56.5685 -56.5685 0
      vertex 46.9462 -47.0202 0
      vertex 47.0202 -46.9462 0
    endloop
  endfacet
  facet normal 0 0 -1
    outer loop
      vertex 47.0202 -46.9462 0
      vertex 46.9462 -47.0202 0
      vertex 46.9926 -46.9722 0
    endloop
  endfacet
  facet normal 0 0 -1
    outer loop
      vertex 41.7741 -51.6699 0
      vertex 51.423 -61.2836 0
      vertex 45.8861 -65.5322 0
    endloop
  endfacet
  facet normal 0 0 -1
    outer loop
      vertex 56.5685 -56.5685 0
      vertex 44.4988 -49.3427 0
      vertex 46.9462 -47.0202 0
    endloop
  endfacet
  facet normal 0 0 -1
    outer loop
      vertex 51.423 -61.2836 0
      vertex 44.421 -49.4128 0
      vertex 44.4988 -49.3427 0
    endloop
  endfacet
  facet normal 0 0 -1
    outer loop
      vertex 51.423 -61.2836 0
      vertex 41.8554 -51.604 0
      vertex 44.421 -49.4128 0
    endloop
  endfacet
  facet normal 0 0 -1
    outer loop
      vertex 51.423 -61.2836 0
      vertex 41.7741 -51.6699 0
      vertex 41.8554 -51.604 0
    endloop
  endfacet
  facet normal 0 0 -1
    outer loop
      vertex 37.586 -63.0934 0
      vertex 45.8861 -65.5322 0
      vertex 40 -69.282 0
    endloop
  endfacet
  facet normal 0 0 -1
    outer loop
      vertex 37.7433 -62.2013 0
      vertex 45.8861 -65.5322 0
      vertex 37.75 -62.3538 0
    endloop
  endfacet
  facet normal 0 0 -1
    outer loop
      vertex 45.8861 -65.5322 0
      vertex 39.0973 -53.7238 0
      vertex 41.7741 -51.6699 0
    endloop
  endfacet
  facet normal 0 0 -1
    outer loop
      vertex 37.7234 -62.0499 0
      vertex 45.8861 -65.5322 0
      vertex 37.7433 -62.2013 0
    endloop
  endfacet
  facet normal 0 0 -1
    outer loop
      vertex 45.8861 -65.5322 0
      vertex 37.7433 -62.5064 0
      vertex 37.75 -62.3538 0
    endloop
  endfacet
  facet normal 0 0 -1
    outer loop
      vertex 45.8861 -65.5322 0
      vertex 37.7234 -62.6577 0
      vertex 37.7433 -62.5064 0
    endloop
  endfacet
  facet normal 0 0 -1
    outer loop
      vertex 45.8861 -65.5322 0
      vertex 37.6904 -62.8068 0
      vertex 37.7234 -62.6577 0
    endloop
  endfacet
  facet normal 0 0 -1
    outer loop
      vertex 45.8861 -65.5322 0
      vertex 37.6445 -62.9524 0
      vertex 37.6904 -62.8068 0
    endloop
  endfacet
  facet normal 0 0 -1
    outer loop
      vertex 45.8861 -65.5322 0
      vertex 37.586 -63.0934 0
      vertex 37.6445 -62.9524 0
    endloop
  endfacet
  facet normal 0 0 -1
    outer loop
      vertex 40 -69.282 0
      vertex 37.5155 -63.2288 0
      vertex 37.586 -63.0934 0
    endloop
  endfacet
  facet normal 0 0 -1
    outer loop
      vertex 40 -69.282 0
      vertex 37.4335 -63.3576 0
      vertex 37.5155 -63.2288 0
    endloop
  endfacet
  facet normal 0 0 -1
    outer loop
      vertex 40 -69.282 0
      vertex 37.3406 -63.4787 0
      vertex 37.4335 -63.3576 0
    endloop
  endfacet
  facet normal 0 0 -1
    outer loop
      vertex 40 -69.282 0
      vertex 37.2374 -63.5913 0
      vertex 37.3406 -63.4787 0
    endloop
  endfacet
  facet normal 0 0 -1
    outer loop
      vertex 40 -69.282 0
      vertex 37.1249 -63.6944 0
      vertex 37.2374 -63.5913 0
    endloop
  endfacet
  facet normal 0 0 -1
    outer loop
      vertex 40 -69.282 0
      vertex 37.0038 -63.7873 0
      vertex 37.1249 -63.6944 0
    endloop
  endfacet
  facet normal 0 0 -1
    outer loop
      vertex 40 -69.282 0
      vertex 36.875 -63.8694 0
      vertex 37.0038 -63.7873 0
    endloop
  endfacet
  facet normal 0 0 -1
    outer loop
      vertex 40 -69.282 0
      vertex 36.7396 -63.9399 0
      vertex 36.875 -63.8694 0
    endloop
  endfacet
  facet normal 0 0 -1
    outer loop
      vertex 40 -69.282 0
      vertex 36.5985 -63.9983 0
      vertex 36.7396 -63.9399 0
    endloop
  endfacet
  facet normal 0 0 -1
    outer loop
      vertex 40 -69.282 0
      vertex 36.4529 -64.0442 0
      vertex 36.5985 -63.9983 0
    endloop
  endfacet
  facet normal 0 0 -1
    outer loop
      vertex 40 -69.282 0
      vertex 36.3039 -64.0772 0
      vertex 36.4529 -64.0442 0
    endloop
  endfacet
  facet normal 0 0 -1
    outer loop
      vertex 40 -69.282 0
      vertex 36.1525 -64.0972 0
      vertex 36.3039 -64.0772 0
    endloop
  endfacet
  facet normal 0 0 -1
    outer loop
      vertex 40 -69.282 0
      vertex 36 -64.1038 0
      vertex 36.1525 -64.0972 0
    endloop
  endfacet
  facet normal 0 0 -1
    outer loop
      vertex 40 -69.282 0
      vertex 35.8475 -64.0972 0
      vertex 36 -64.1038 0
    endloop
  endfacet
  facet normal 0 0 -1
    outer loop
      vertex 33.8095 -72.5046 0
      vertex 35.8475 -64.0972 0
      vertex 40 -69.282 0
    endloop
  endfacet
  facet normal -0 0 -1
    outer loop
      vertex 35.8475 -64.0972 0
      vertex 33.8095 -72.5046 0
      vertex 35.6961 -64.0772 0
    endloop
  endfacet
  facet normal -0 0 -1
    outer loop
      vertex 35.6961 -64.0772 0
      vertex 33.8095 -72.5046 0
      vertex 35.5471 -64.0442 0
    endloop
  endfacet
  facet normal -0 0 -1
    outer loop
      vertex 35.5471 -64.0442 0
      vertex 33.8095 -72.5046 0
      vertex 35.4015 -63.9983 0
    endloop
  endfacet
  facet normal -0 0 -1
    outer loop
      vertex 35.4015 -63.9983 0
      vertex 33.8095 -72.5046 0
      vertex 35.2604 -63.9399 0
    endloop
  endfacet
  facet normal -0 0 -1
    outer loop
      vertex 35.2604 -63.9399 0
      vertex 33.8095 -72.5046 0
      vertex 35.125 -63.8694 0
    endloop
  endfacet
  facet normal -0 0 -1
    outer loop
      vertex 35.125 -63.8694 0
      vertex 33.8095 -72.5046 0
      vertex 34.9962 -63.7873 0
    endloop
  endfacet
  facet normal -0 0 -1
    outer loop
      vertex 34.9962 -63.7873 0
      vertex 33.8095 -72.5046 0
      vertex 34.8751 -63.6944 0
    endloop
  endfacet
  facet normal 0 0 -1
    outer loop
      vertex 34.3096 -62.8068 0
      vertex 27.0732 -60.6786 0
      vertex 34.2766 -62.6577 0
    endloop
  endfacet
  facet normal 0 0 -1
    outer loop
      vertex 34.3555 -62.9524 0
      vertex 27.0732 -60.6786 0
      vertex 34.3096 -62.8068 0
    endloop
  endfacet
  facet normal 0 0 -1
    outer loop
      vertex 34.414 -63.0934 0
      vertex 27.0732 -60.6786 0
      vertex 34.3555 -62.9524 0
    endloop
  endfacet
  facet normal 0 0 -1
    outer loop
      vertex 34.4845 -63.2288 0
      vertex 27.0732 -60.6786 0
      vertex 34.414 -63.0934 0
    endloop
  endfacet
  facet normal 0 -0 -1
    outer loop
      vertex 27.0732 -60.6786 0
      vertex 34.4845 -63.2288 0
      vertex 26.9775 -60.7212 0
    endloop
  endfacet
  facet normal 0 0 -1
    outer loop
      vertex 34.5665 -63.3576 0
      vertex 26.9775 -60.7212 0
      vertex 34.4845 -63.2288 0
    endloop
  endfacet
  facet normal 0 0 -1
    outer loop
      vertex 26.9775 -60.7212 0
      vertex 34.5665 -63.3576 0
      vertex 33.8095 -72.5046 0
    endloop
  endfacet
  facet normal -0 0 -1
    outer loop
      vertex 34.6594 -63.4787 0
      vertex 33.8095 -72.5046 0
      vertex 34.5665 -63.3576 0
    endloop
  endfacet
  facet normal -0 0 -1
    outer loop
      vertex 34.7626 -63.5913 0
      vertex 33.8095 -72.5046 0
      vertex 34.6594 -63.4787 0
    endloop
  endfacet
  facet normal -0 0 -1
    outer loop
      vertex 34.8751 -63.6944 0
      vertex 33.8095 -72.5046 0
      vertex 34.7626 -63.5913 0
    endloop
  endfacet
  facet normal -0.976297 0.216434 0
    outer loop
      vertex -78.7846 13.8919 0
      vertex -77.2741 20.7055 2.4
      vertex -77.2741 20.7055 0
    endloop
  endfacet
  facet normal -0.976297 0.216434 0
    outer loop
      vertex -77.2741 20.7055 2.4
      vertex -78.7846 13.8919 0
      vertex -78.7846 13.8919 2.4
    endloop
  endfacet
  facet normal -0.216434 -0.976297 0
    outer loop
      vertex -20.7055 -77.2741 0
      vertex -13.8919 -78.7846 2.4
      vertex -20.7055 -77.2741 2.4
    endloop
  endfacet
  facet normal -0.216434 -0.976297 -0
    outer loop
      vertex -13.8919 -78.7846 2.4
      vertex -20.7055 -77.2741 0
      vertex -13.8919 -78.7846 0
    endloop
  endfacet
  facet normal 0.300711 0.953715 -0
    outer loop
      vertex 27.3616 75.1754 0
      vertex 20.7055 77.2741 2.4
      vertex 27.3616 75.1754 2.4
    endloop
  endfacet
  facet normal 0.300711 0.953715 0
    outer loop
      vertex 20.7055 77.2741 2.4
      vertex 27.3616 75.1754 0
      vertex 20.7055 77.2741 0
    endloop
  endfacet
  facet normal 0.793354 -0.60876 0
    outer loop
      vertex 61.2836 -51.423 2.4
      vertex 65.5322 -45.8861 0
      vertex 65.5322 -45.8861 2.4
    endloop
  endfacet
  facet normal 0.793354 -0.60876 0
    outer loop
      vertex 65.5322 -45.8861 0
      vertex 61.2836 -51.423 2.4
      vertex 61.2836 -51.423 0
    endloop
  endfacet
  facet normal -0.991444 -0.130532 0
    outer loop
      vertex -78.7846 -13.8919 0
      vertex -79.6956 -6.97246 2.4
      vertex -79.6956 -6.97246 0
    endloop
  endfacet
  facet normal -0.991444 -0.130532 0
    outer loop
      vertex -79.6956 -6.97246 2.4
      vertex -78.7846 -13.8919 0
      vertex -78.7846 -13.8919 2.4
    endloop
  endfacet
  facet normal 0.300711 -0.953715 0
    outer loop
      vertex 20.7055 -77.2741 0
      vertex 27.3616 -75.1754 2.4
      vertex 20.7055 -77.2741 2.4
    endloop
  endfacet
  facet normal 0.300711 -0.953715 0
    outer loop
      vertex 27.3616 -75.1754 2.4
      vertex 20.7055 -77.2741 0
      vertex 27.3616 -75.1754 0
    endloop
  endfacet
  facet normal -0.461752 0.887009 0
    outer loop
      vertex -33.8095 72.5046 0
      vertex -40 69.282 2.4
      vertex -33.8095 72.5046 2.4
    endloop
  endfacet
  facet normal -0.461752 0.887009 0
    outer loop
      vertex -40 69.282 2.4
      vertex -33.8095 72.5046 0
      vertex -40 69.282 0
    endloop
  endfacet
  facet normal -0.999048 -0.0436159 0
    outer loop
      vertex -79.6956 -6.97246 0
      vertex -80 0 2.4
      vertex -80 0 0
    endloop
  endfacet
  facet normal -0.999048 -0.0436159 0
    outer loop
      vertex -80 0 2.4
      vertex -79.6956 -6.97246 0
      vertex -79.6956 -6.97246 2.4
    endloop
  endfacet
  facet normal 0.461752 -0.887009 0
    outer loop
      vertex 33.8095 -72.5046 0
      vertex 40 -69.282 2.4
      vertex 33.8095 -72.5046 2.4
    endloop
  endfacet
  facet normal 0.461752 -0.887009 0
    outer loop
      vertex 40 -69.282 2.4
      vertex 33.8095 -72.5046 0
      vertex 40 -69.282 0
    endloop
  endfacet
  facet normal -0.843395 0.537294 0
    outer loop
      vertex -69.282 40 0
      vertex -65.5322 45.8861 2.4
      vertex -65.5322 45.8861 0
    endloop
  endfacet
  facet normal -0.843395 0.537294 0
    outer loop
      vertex -65.5322 45.8861 2.4
      vertex -69.282 40 0
      vertex -69.282 40 2.4
    endloop
  endfacet
  facet normal 0.843395 -0.537294 0
    outer loop
      vertex 65.5322 -45.8861 2.4
      vertex 69.282 -40 0
      vertex 69.282 -40 2.4
    endloop
  endfacet
  facet normal 0.843395 -0.537294 0
    outer loop
      vertex 69.282 -40 0
      vertex 65.5322 -45.8861 2.4
      vertex 65.5322 -45.8861 0
    endloop
  endfacet
  facet normal 0.60876 -0.793354 0
    outer loop
      vertex 45.8861 -65.5322 0
      vertex 51.423 -61.2836 2.4
      vertex 45.8861 -65.5322 2.4
    endloop
  endfacet
  facet normal 0.60876 -0.793354 0
    outer loop
      vertex 51.423 -61.2836 2.4
      vertex 45.8861 -65.5322 0
      vertex 51.423 -61.2836 0
    endloop
  endfacet
  facet normal 0.793354 0.60876 0
    outer loop
      vertex 65.5322 45.8861 2.4
      vertex 61.2836 51.423 0
      vertex 61.2836 51.423 2.4
    endloop
  endfacet
  facet normal 0.793354 0.60876 0
    outer loop
      vertex 61.2836 51.423 0
      vertex 65.5322 45.8861 2.4
      vertex 65.5322 45.8861 0
    endloop
  endfacet
  facet normal 0.537294 -0.843395 0
    outer loop
      vertex 40 -69.282 0
      vertex 45.8861 -65.5322 2.4
      vertex 40 -69.282 2.4
    endloop
  endfacet
  facet normal 0.537294 -0.843395 0
    outer loop
      vertex 45.8861 -65.5322 2.4
      vertex 40 -69.282 0
      vertex 45.8861 -65.5322 0
    endloop
  endfacet
  facet normal -0.991444 0.130532 0
    outer loop
      vertex -79.6956 6.97246 0
      vertex -78.7846 13.8919 2.4
      vertex -78.7846 13.8919 0
    endloop
  endfacet
  facet normal -0.991444 0.130532 0
    outer loop
      vertex -78.7846 13.8919 2.4
      vertex -79.6956 6.97246 0
      vertex -79.6956 6.97246 2.4
    endloop
  endfacet
  facet normal -0.999048 0.0436159 0
    outer loop
      vertex -80 0 0
      vertex -79.6956 6.97246 2.4
      vertex -79.6956 6.97246 0
    endloop
  endfacet
  facet normal -0.999048 0.0436159 0
    outer loop
      vertex -79.6956 6.97246 2.4
      vertex -80 0 0
      vertex -80 0 2.4
    endloop
  endfacet
  facet normal -0.300711 -0.953715 0
    outer loop
      vertex -27.3616 -75.1754 0
      vertex -20.7055 -77.2741 2.4
      vertex -27.3616 -75.1754 2.4
    endloop
  endfacet
  facet normal -0.300711 -0.953715 -0
    outer loop
      vertex -20.7055 -77.2741 2.4
      vertex -27.3616 -75.1754 0
      vertex -20.7055 -77.2741 0
    endloop
  endfacet
  facet normal -0.92388 0.382682 0
    outer loop
      vertex -75.1754 27.3616 0
      vertex -72.5046 33.8095 2.4
      vertex -72.5046 33.8095 0
    endloop
  endfacet
  facet normal -0.92388 0.382682 0
    outer loop
      vertex -72.5046 33.8095 2.4
      vertex -75.1754 27.3616 0
      vertex -75.1754 27.3616 2.4
    endloop
  endfacet
  facet normal 0.675599 -0.737269 0
    outer loop
      vertex 51.423 -61.2836 0
      vertex 56.5685 -56.5685 2.4
      vertex 51.423 -61.2836 2.4
    endloop
  endfacet
  facet normal 0.675599 -0.737269 0
    outer loop
      vertex 56.5685 -56.5685 2.4
      vertex 51.423 -61.2836 0
      vertex 56.5685 -56.5685 0
    endloop
  endfacet
  facet normal -0.887009 0.461752 0
    outer loop
      vertex -72.5046 33.8095 0
      vertex -69.282 40 2.4
      vertex -69.282 40 0
    endloop
  endfacet
  facet normal -0.887009 0.461752 0
    outer loop
      vertex -69.282 40 2.4
      vertex -72.5046 33.8095 0
      vertex -72.5046 33.8095 2.4
    endloop
  endfacet
  facet normal -0.793354 0.60876 0
    outer loop
      vertex -65.5322 45.8861 0
      vertex -61.2836 51.423 2.4
      vertex -61.2836 51.423 0
    endloop
  endfacet
  facet normal -0.793354 0.60876 0
    outer loop
      vertex -61.2836 51.423 2.4
      vertex -65.5322 45.8861 0
      vertex -65.5322 45.8861 2.4
    endloop
  endfacet
endsolid OpenSCAD_Model
